ISO-10303-21;
HEADER;
/* Generated by software containing ST-Developer
 * from STEP Tools, Inc. (www.steptools.com) 
 */

FILE_DESCRIPTION(
/* description */ (''),
/* implementation_level */ '2;1');

FILE_NAME(
/* name */ 'DPADBody.step',
/* time_stamp */ '2026-08-13T17:46:06+02:00',
/* author */ (''),
/* organization */ (''),
/* preprocessor_version */ 'ST-DEVELOPER v20.1',
/* originating_system */ 'Autodesk Translation Framework v15.8.0.0',
/* authorisation */ '');

FILE_SCHEMA (('AUTOMOTIVE_DESIGN { 1 0 10303 214 3 1 1 }'));
ENDSEC;

DATA;
#10=MECHANICAL_DESIGN_GEOMETRIC_PRESENTATION_REPRESENTATION('',(#13),#2704);
#11=SHAPE_REPRESENTATION_RELATIONSHIP('SRR','None',#2711,#12);
#12=ADVANCED_BREP_SHAPE_REPRESENTATION('',(#14),#2703);
#13=STYLED_ITEM('',(#2720),#14);
#14=MANIFOLD_SOLID_BREP('DPADBody',#1610);
#15=CONICAL_SURFACE('',#1681,1.34999996982515,0.106735670281486);
#16=TOROIDAL_SURFACE('',#1674,1.44400179845936,0.2);
#17=FACE_BOUND('',#194,.T.);
#18=FACE_BOUND('',#195,.T.);
#19=FACE_BOUND('',#196,.T.);
#20=FACE_BOUND('',#197,.T.);
#21=FACE_BOUND('',#198,.T.);
#22=FACE_BOUND('',#200,.T.);
#23=FACE_BOUND('',#203,.T.);
#24=FACE_BOUND('',#207,.T.);
#25=FACE_BOUND('',#237,.T.);
#26=FACE_BOUND('',#243,.T.);
#27=FACE_BOUND('',#250,.T.);
#28=FACE_BOUND('',#252,.T.);
#29=FACE_BOUND('',#258,.T.);
#30=FACE_BOUND('',#261,.T.);
#31=FACE_BOUND('',#264,.T.);
#32=FACE_BOUND('',#270,.T.);
#33=CYLINDRICAL_SURFACE('',#1650,13.5);
#34=CYLINDRICAL_SURFACE('',#1682,2.25);
#35=CYLINDRICAL_SURFACE('',#1695,0.9);
#36=CYLINDRICAL_SURFACE('',#1699,0.900000000000001);
#37=CYLINDRICAL_SURFACE('',#1702,0.900000000000001);
#38=CYLINDRICAL_SURFACE('',#1706,0.9);
#39=CYLINDRICAL_SURFACE('',#1711,0.900000000000001);
#40=CYLINDRICAL_SURFACE('',#1715,0.9);
#41=CYLINDRICAL_SURFACE('',#1719,0.9);
#42=CYLINDRICAL_SURFACE('',#1722,0.9);
#43=CYLINDRICAL_SURFACE('',#1749,2.);
#44=CYLINDRICAL_SURFACE('',#1753,2.);
#45=CYLINDRICAL_SURFACE('',#1757,2.);
#46=CYLINDRICAL_SURFACE('',#1761,1.);
#47=CYLINDRICAL_SURFACE('',#1762,1.);
#48=CYLINDRICAL_SURFACE('',#1763,1.);
#49=CYLINDRICAL_SURFACE('',#1764,2.);
#50=CYLINDRICAL_SURFACE('',#1768,1.);
#51=CIRCLE('',#1634,13.5);
#52=CIRCLE('',#1635,13.5);
#53=CIRCLE('',#1641,13.5);
#54=CIRCLE('',#1647,13.5);
#55=CIRCLE('',#1649,13.5);
#56=CIRCLE('',#1651,13.5);
#57=CIRCLE('',#1652,13.5);
#58=CIRCLE('',#1653,13.5);
#59=CIRCLE('',#1654,13.5);
#60=CIRCLE('',#1655,13.5);
#61=CIRCLE('',#1660,1.49999996647239);
#62=CIRCLE('',#1661,2.);
#63=CIRCLE('',#1662,2.);
#64=CIRCLE('',#1663,2.);
#65=CIRCLE('',#1664,2.);
#66=CIRCLE('',#1666,0.900000000000001);
#67=CIRCLE('',#1667,0.9);
#68=CIRCLE('',#1668,0.9);
#69=CIRCLE('',#1669,0.9);
#70=CIRCLE('',#1670,0.900000000000001);
#71=CIRCLE('',#1671,0.9);
#72=CIRCLE('',#1672,0.9);
#73=CIRCLE('',#1673,0.900000000000001);
#74=CIRCLE('',#1675,1.24513996762495);
#75=CIRCLE('',#1676,1.24513996762495);
#76=CIRCLE('',#1677,0.2);
#77=CIRCLE('',#1678,1.44400179845936);
#78=CIRCLE('',#1680,2.25);
#79=CIRCLE('',#1683,2.25);
#80=CIRCLE('',#1730,1.);
#81=CIRCLE('',#1736,1.);
#82=CIRCLE('',#1743,1.);
#83=CIRCLE('',#1745,1.);
#84=CIRCLE('',#1750,2.);
#85=CIRCLE('',#1752,1.);
#86=CIRCLE('',#1754,2.);
#87=CIRCLE('',#1756,1.);
#88=CIRCLE('',#1758,2.);
#89=CIRCLE('',#1760,1.);
#90=CIRCLE('',#1765,2.);
#91=CIRCLE('',#1767,1.);
#92=FACE_OUTER_BOUND('',#176,.T.);
#93=FACE_OUTER_BOUND('',#177,.T.);
#94=FACE_OUTER_BOUND('',#178,.T.);
#95=FACE_OUTER_BOUND('',#179,.T.);
#96=FACE_OUTER_BOUND('',#180,.T.);
#97=FACE_OUTER_BOUND('',#181,.T.);
#98=FACE_OUTER_BOUND('',#182,.T.);
#99=FACE_OUTER_BOUND('',#183,.T.);
#100=FACE_OUTER_BOUND('',#184,.T.);
#101=FACE_OUTER_BOUND('',#185,.T.);
#102=FACE_OUTER_BOUND('',#186,.T.);
#103=FACE_OUTER_BOUND('',#187,.T.);
#104=FACE_OUTER_BOUND('',#188,.T.);
#105=FACE_OUTER_BOUND('',#189,.T.);
#106=FACE_OUTER_BOUND('',#190,.T.);
#107=FACE_OUTER_BOUND('',#191,.T.);
#108=FACE_OUTER_BOUND('',#192,.T.);
#109=FACE_OUTER_BOUND('',#193,.T.);
#110=FACE_OUTER_BOUND('',#199,.T.);
#111=FACE_OUTER_BOUND('',#201,.T.);
#112=FACE_OUTER_BOUND('',#202,.T.);
#113=FACE_OUTER_BOUND('',#204,.T.);
#114=FACE_OUTER_BOUND('',#205,.T.);
#115=FACE_OUTER_BOUND('',#206,.T.);
#116=FACE_OUTER_BOUND('',#208,.T.);
#117=FACE_OUTER_BOUND('',#209,.T.);
#118=FACE_OUTER_BOUND('',#210,.T.);
#119=FACE_OUTER_BOUND('',#211,.T.);
#120=FACE_OUTER_BOUND('',#212,.T.);
#121=FACE_OUTER_BOUND('',#213,.T.);
#122=FACE_OUTER_BOUND('',#214,.T.);
#123=FACE_OUTER_BOUND('',#215,.T.);
#124=FACE_OUTER_BOUND('',#216,.T.);
#125=FACE_OUTER_BOUND('',#217,.T.);
#126=FACE_OUTER_BOUND('',#218,.T.);
#127=FACE_OUTER_BOUND('',#219,.T.);
#128=FACE_OUTER_BOUND('',#220,.T.);
#129=FACE_OUTER_BOUND('',#221,.T.);
#130=FACE_OUTER_BOUND('',#222,.T.);
#131=FACE_OUTER_BOUND('',#223,.T.);
#132=FACE_OUTER_BOUND('',#224,.T.);
#133=FACE_OUTER_BOUND('',#225,.T.);
#134=FACE_OUTER_BOUND('',#226,.T.);
#135=FACE_OUTER_BOUND('',#227,.T.);
#136=FACE_OUTER_BOUND('',#228,.T.);
#137=FACE_OUTER_BOUND('',#229,.T.);
#138=FACE_OUTER_BOUND('',#230,.T.);
#139=FACE_OUTER_BOUND('',#231,.T.);
#140=FACE_OUTER_BOUND('',#232,.T.);
#141=FACE_OUTER_BOUND('',#233,.T.);
#142=FACE_OUTER_BOUND('',#234,.T.);
#143=FACE_OUTER_BOUND('',#235,.T.);
#144=FACE_OUTER_BOUND('',#236,.T.);
#145=FACE_OUTER_BOUND('',#238,.T.);
#146=FACE_OUTER_BOUND('',#239,.T.);
#147=FACE_OUTER_BOUND('',#240,.T.);
#148=FACE_OUTER_BOUND('',#241,.T.);
#149=FACE_OUTER_BOUND('',#242,.T.);
#150=FACE_OUTER_BOUND('',#244,.T.);
#151=FACE_OUTER_BOUND('',#245,.T.);
#152=FACE_OUTER_BOUND('',#246,.T.);
#153=FACE_OUTER_BOUND('',#247,.T.);
#154=FACE_OUTER_BOUND('',#248,.T.);
#155=FACE_OUTER_BOUND('',#249,.T.);
#156=FACE_OUTER_BOUND('',#251,.T.);
#157=FACE_OUTER_BOUND('',#253,.T.);
#158=FACE_OUTER_BOUND('',#254,.T.);
#159=FACE_OUTER_BOUND('',#255,.T.);
#160=FACE_OUTER_BOUND('',#256,.T.);
#161=FACE_OUTER_BOUND('',#257,.T.);
#162=FACE_OUTER_BOUND('',#259,.T.);
#163=FACE_OUTER_BOUND('',#260,.T.);
#164=FACE_OUTER_BOUND('',#262,.T.);
#165=FACE_OUTER_BOUND('',#263,.T.);
#166=FACE_OUTER_BOUND('',#265,.T.);
#167=FACE_OUTER_BOUND('',#266,.T.);
#168=FACE_OUTER_BOUND('',#267,.T.);
#169=FACE_OUTER_BOUND('',#268,.T.);
#170=FACE_OUTER_BOUND('',#269,.T.);
#171=FACE_OUTER_BOUND('',#271,.T.);
#172=FACE_OUTER_BOUND('',#272,.T.);
#173=FACE_OUTER_BOUND('',#273,.T.);
#174=FACE_OUTER_BOUND('',#274,.T.);
#175=FACE_OUTER_BOUND('',#275,.T.);
#176=EDGE_LOOP('',(#1006,#1007,#1008,#1009));
#177=EDGE_LOOP('',(#1010,#1011,#1012,#1013));
#178=EDGE_LOOP('',(#1014,#1015,#1016,#1017));
#179=EDGE_LOOP('',(#1018,#1019,#1020,#1021));
#180=EDGE_LOOP('',(#1022,#1023,#1024,#1025));
#181=EDGE_LOOP('',(#1026,#1027,#1028,#1029,#1030));
#182=EDGE_LOOP('',(#1031,#1032,#1033,#1034));
#183=EDGE_LOOP('',(#1035,#1036,#1037,#1038));
#184=EDGE_LOOP('',(#1039,#1040,#1041,#1042));
#185=EDGE_LOOP('',(#1043,#1044,#1045,#1046));
#186=EDGE_LOOP('',(#1047,#1048,#1049,#1050));
#187=EDGE_LOOP('',(#1051,#1052,#1053,#1054));
#188=EDGE_LOOP('',(#1055,#1056,#1057,#1058));
#189=EDGE_LOOP('',(#1059,#1060,#1061,#1062,#1063,#1064,#1065,#1066,#1067,
#1068,#1069,#1070,#1071,#1072,#1073,#1074,#1075,#1076,#1077,#1078));
#190=EDGE_LOOP('',(#1079,#1080,#1081,#1082));
#191=EDGE_LOOP('',(#1083,#1084,#1085,#1086));
#192=EDGE_LOOP('',(#1087,#1088,#1089,#1090));
#193=EDGE_LOOP('',(#1091,#1092,#1093,#1094,#1095,#1096,#1097,#1098,#1099,
#1100,#1101,#1102,#1103,#1104,#1105,#1106));
#194=EDGE_LOOP('',(#1107));
#195=EDGE_LOOP('',(#1108));
#196=EDGE_LOOP('',(#1109));
#197=EDGE_LOOP('',(#1110));
#198=EDGE_LOOP('',(#1111));
#199=EDGE_LOOP('',(#1112));
#200=EDGE_LOOP('',(#1113,#1114,#1115,#1116,#1117,#1118,#1119,#1120,#1121,
#1122,#1123,#1124,#1125,#1126,#1127,#1128,#1129,#1130,#1131,#1132));
#201=EDGE_LOOP('',(#1133,#1134,#1135,#1136,#1137));
#202=EDGE_LOOP('',(#1138));
#203=EDGE_LOOP('',(#1139));
#204=EDGE_LOOP('',(#1140,#1141,#1142,#1143,#1144));
#205=EDGE_LOOP('',(#1145,#1146,#1147,#1148));
#206=EDGE_LOOP('',(#1149,#1150,#1151,#1152,#1153,#1154,#1155,#1156,#1157,
#1158,#1159,#1160));
#207=EDGE_LOOP('',(#1161));
#208=EDGE_LOOP('',(#1162,#1163,#1164,#1165));
#209=EDGE_LOOP('',(#1166,#1167,#1168,#1169,#1170,#1171,#1172,#1173));
#210=EDGE_LOOP('',(#1174,#1175,#1176,#1177));
#211=EDGE_LOOP('',(#1178,#1179,#1180,#1181,#1182,#1183,#1184,#1185));
#212=EDGE_LOOP('',(#1186,#1187,#1188,#1189));
#213=EDGE_LOOP('',(#1190,#1191,#1192,#1193,#1194,#1195,#1196,#1197));
#214=EDGE_LOOP('',(#1198,#1199,#1200,#1201));
#215=EDGE_LOOP('',(#1202,#1203,#1204,#1205,#1206,#1207,#1208,#1209));
#216=EDGE_LOOP('',(#1210,#1211,#1212,#1213,#1214,#1215,#1216,#1217));
#217=EDGE_LOOP('',(#1218,#1219,#1220,#1221,#1222,#1223,#1224,#1225));
#218=EDGE_LOOP('',(#1226,#1227,#1228,#1229,#1230));
#219=EDGE_LOOP('',(#1231,#1232,#1233,#1234));
#220=EDGE_LOOP('',(#1235,#1236,#1237,#1238,#1239));
#221=EDGE_LOOP('',(#1240,#1241,#1242,#1243,#1244));
#222=EDGE_LOOP('',(#1245,#1246,#1247,#1248));
#223=EDGE_LOOP('',(#1249,#1250,#1251,#1252,#1253));
#224=EDGE_LOOP('',(#1254,#1255,#1256,#1257,#1258,#1259,#1260,#1261));
#225=EDGE_LOOP('',(#1262,#1263,#1264,#1265));
#226=EDGE_LOOP('',(#1266,#1267,#1268,#1269,#1270));
#227=EDGE_LOOP('',(#1271,#1272,#1273,#1274,#1275,#1276,#1277,#1278));
#228=EDGE_LOOP('',(#1279,#1280,#1281,#1282,#1283));
#229=EDGE_LOOP('',(#1284,#1285,#1286,#1287));
#230=EDGE_LOOP('',(#1288,#1289,#1290,#1291,#1292));
#231=EDGE_LOOP('',(#1293,#1294,#1295,#1296,#1297));
#232=EDGE_LOOP('',(#1298,#1299,#1300,#1301,#1302));
#233=EDGE_LOOP('',(#1303,#1304,#1305,#1306,#1307,#1308));
#234=EDGE_LOOP('',(#1309,#1310,#1311,#1312,#1313));
#235=EDGE_LOOP('',(#1314,#1315,#1316,#1317,#1318,#1319));
#236=EDGE_LOOP('',(#1320,#1321,#1322,#1323));
#237=EDGE_LOOP('',(#1324));
#238=EDGE_LOOP('',(#1325,#1326,#1327,#1328,#1329));
#239=EDGE_LOOP('',(#1330,#1331,#1332,#1333,#1334,#1335));
#240=EDGE_LOOP('',(#1336,#1337,#1338,#1339,#1340));
#241=EDGE_LOOP('',(#1341,#1342,#1343,#1344,#1345,#1346));
#242=EDGE_LOOP('',(#1347,#1348,#1349,#1350));
#243=EDGE_LOOP('',(#1351));
#244=EDGE_LOOP('',(#1352,#1353,#1354,#1355,#1356,#1357));
#245=EDGE_LOOP('',(#1358,#1359,#1360,#1361,#1362));
#246=EDGE_LOOP('',(#1363,#1364,#1365,#1366,#1367,#1368));
#247=EDGE_LOOP('',(#1369,#1370,#1371,#1372,#1373));
#248=EDGE_LOOP('',(#1374,#1375,#1376,#1377));
#249=EDGE_LOOP('',(#1378,#1379,#1380,#1381));
#250=EDGE_LOOP('',(#1382));
#251=EDGE_LOOP('',(#1383,#1384,#1385,#1386));
#252=EDGE_LOOP('',(#1387));
#253=EDGE_LOOP('',(#1388,#1389,#1390,#1391));
#254=EDGE_LOOP('',(#1392,#1393,#1394,#1395));
#255=EDGE_LOOP('',(#1396,#1397,#1398,#1399));
#256=EDGE_LOOP('',(#1400,#1401,#1402,#1403));
#257=EDGE_LOOP('',(#1404));
#258=EDGE_LOOP('',(#1405));
#259=EDGE_LOOP('',(#1406,#1407,#1408,#1409));
#260=EDGE_LOOP('',(#1410));
#261=EDGE_LOOP('',(#1411));
#262=EDGE_LOOP('',(#1412,#1413,#1414,#1415));
#263=EDGE_LOOP('',(#1416));
#264=EDGE_LOOP('',(#1417));
#265=EDGE_LOOP('',(#1418,#1419,#1420,#1421));
#266=EDGE_LOOP('',(#1422,#1423,#1424,#1425));
#267=EDGE_LOOP('',(#1426,#1427,#1428,#1429));
#268=EDGE_LOOP('',(#1430,#1431,#1432,#1433));
#269=EDGE_LOOP('',(#1434));
#270=EDGE_LOOP('',(#1435));
#271=EDGE_LOOP('',(#1436,#1437,#1438,#1439));
#272=EDGE_LOOP('',(#1440,#1441,#1442,#1443,#1444,#1445));
#273=EDGE_LOOP('',(#1446,#1447,#1448,#1449,#1450,#1451));
#274=EDGE_LOOP('',(#1452,#1453,#1454,#1455,#1456));
#275=EDGE_LOOP('',(#1457,#1458,#1459,#1460,#1461));
#276=ELLIPSE('',#1625,19.0918830920368,13.5);
#277=ELLIPSE('',#1627,19.0918830920368,13.5);
#278=ELLIPSE('',#1630,19.0918830920368,13.5);
#279=ELLIPSE('',#1632,19.0918830920368,13.5);
#280=ELLIPSE('',#1637,19.0918830920368,13.5);
#281=ELLIPSE('',#1639,19.0918830920368,13.5);
#282=ELLIPSE('',#1643,19.0918830920368,13.5);
#283=ELLIPSE('',#1645,19.0918830920368,13.5);
#284=ELLIPSE('',#1696,1.27279220613579,0.9);
#285=ELLIPSE('',#1697,1.27279220613579,0.9);
#286=ELLIPSE('',#1700,1.27279220613579,0.900000000000001);
#287=ELLIPSE('',#1701,1.27279220613579,0.900000000000001);
#288=ELLIPSE('',#1703,1.27279220613579,0.900000000000001);
#289=ELLIPSE('',#1704,1.27279220613579,0.900000000000001);
#290=ELLIPSE('',#1707,1.27279220613579,0.9);
#291=ELLIPSE('',#1708,1.27279220613578,0.9);
#292=ELLIPSE('',#1712,1.27279220613579,0.900000000000001);
#293=ELLIPSE('',#1713,1.27279220613579,0.900000000000001);
#294=ELLIPSE('',#1716,1.27279220613579,0.9);
#295=ELLIPSE('',#1717,1.27279220613578,0.9);
#296=ELLIPSE('',#1720,1.27279220613579,0.9);
#297=ELLIPSE('',#1721,1.27279220613579,0.9);
#298=ELLIPSE('',#1723,1.27279220613579,0.9);
#299=ELLIPSE('',#1724,1.27279220613579,0.9);
#300=LINE('',#2240,#463);
#301=LINE('',#2242,#464);
#302=LINE('',#2245,#465);
#303=LINE('',#2249,#466);
#304=LINE('',#2251,#467);
#305=LINE('',#2254,#468);
#306=LINE('',#2256,#469);
#307=LINE('',#2257,#470);
#308=LINE('',#2261,#471);
#309=LINE('',#2263,#472);
#310=LINE('',#2266,#473);
#311=LINE('',#2270,#474);
#312=LINE('',#2272,#475);
#313=LINE('',#2275,#476);
#314=LINE('',#2277,#477);
#315=LINE('',#2284,#478);
#316=LINE('',#2286,#479);
#317=LINE('',#2289,#480);
#318=LINE('',#2293,#481);
#319=LINE('',#2295,#482);
#320=LINE('',#2298,#483);
#321=LINE('',#2300,#484);
#322=LINE('',#2305,#485);
#323=LINE('',#2307,#486);
#324=LINE('',#2310,#487);
#325=LINE('',#2314,#488);
#326=LINE('',#2316,#489);
#327=LINE('',#2319,#490);
#328=LINE('',#2321,#491);
#329=LINE('',#2328,#492);
#330=LINE('',#2334,#493);
#331=LINE('',#2336,#494);
#332=LINE('',#2338,#495);
#333=LINE('',#2353,#496);
#334=LINE('',#2355,#497);
#335=LINE('',#2359,#498);
#336=LINE('',#2363,#499);
#337=LINE('',#2365,#500);
#338=LINE('',#2369,#501);
#339=LINE('',#2373,#502);
#340=LINE('',#2375,#503);
#341=LINE('',#2379,#504);
#342=LINE('',#2383,#505);
#343=LINE('',#2385,#506);
#344=LINE('',#2389,#507);
#345=LINE('',#2403,#508);
#346=LINE('',#2407,#509);
#347=LINE('',#2411,#510);
#348=LINE('',#2413,#511);
#349=LINE('',#2415,#512);
#350=LINE('',#2417,#513);
#351=LINE('',#2419,#514);
#352=LINE('',#2421,#515);
#353=LINE('',#2423,#516);
#354=LINE('',#2425,#517);
#355=LINE('',#2427,#518);
#356=LINE('',#2429,#519);
#357=LINE('',#2431,#520);
#358=LINE('',#2432,#521);
#359=LINE('',#2435,#522);
#360=LINE('',#2437,#523);
#361=LINE('',#2438,#524);
#362=LINE('',#2440,#525);
#363=LINE('',#2442,#526);
#364=LINE('',#2444,#527);
#365=LINE('',#2446,#528);
#366=LINE('',#2447,#529);
#367=LINE('',#2450,#530);
#368=LINE('',#2452,#531);
#369=LINE('',#2453,#532);
#370=LINE('',#2455,#533);
#371=LINE('',#2457,#534);
#372=LINE('',#2459,#535);
#373=LINE('',#2461,#536);
#374=LINE('',#2462,#537);
#375=LINE('',#2465,#538);
#376=LINE('',#2467,#539);
#377=LINE('',#2468,#540);
#378=LINE('',#2470,#541);
#379=LINE('',#2472,#542);
#380=LINE('',#2474,#543);
#381=LINE('',#2476,#544);
#382=LINE('',#2477,#545);
#383=LINE('',#2480,#546);
#384=LINE('',#2482,#547);
#385=LINE('',#2483,#548);
#386=LINE('',#2485,#549);
#387=LINE('',#2487,#550);
#388=LINE('',#2489,#551);
#389=LINE('',#2491,#552);
#390=LINE('',#2492,#553);
#391=LINE('',#2495,#554);
#392=LINE('',#2497,#555);
#393=LINE('',#2499,#556);
#394=LINE('',#2500,#557);
#395=LINE('',#2503,#558);
#396=LINE('',#2505,#559);
#397=LINE('',#2507,#560);
#398=LINE('',#2508,#561);
#399=LINE('',#2513,#562);
#400=LINE('',#2517,#563);
#401=LINE('',#2518,#564);
#402=LINE('',#2527,#565);
#403=LINE('',#2531,#566);
#404=LINE('',#2532,#567);
#405=LINE('',#2537,#568);
#406=LINE('',#2541,#569);
#407=LINE('',#2543,#570);
#408=LINE('',#2544,#571);
#409=LINE('',#2548,#572);
#410=LINE('',#2549,#573);
#411=LINE('',#2550,#574);
#412=LINE('',#2556,#575);
#413=LINE('',#2559,#576);
#414=LINE('',#2561,#577);
#415=LINE('',#2562,#578);
#416=LINE('',#2568,#579);
#417=LINE('',#2571,#580);
#418=LINE('',#2572,#581);
#419=LINE('',#2583,#582);
#420=LINE('',#2585,#583);
#421=LINE('',#2586,#584);
#422=LINE('',#2589,#585);
#423=LINE('',#2590,#586);
#424=LINE('',#2593,#587);
#425=LINE('',#2594,#588);
#426=LINE('',#2596,#589);
#427=LINE('',#2597,#590);
#428=LINE('',#2603,#591);
#429=LINE('',#2605,#592);
#430=LINE('',#2606,#593);
#431=LINE('',#2609,#594);
#432=LINE('',#2610,#595);
#433=LINE('',#2613,#596);
#434=LINE('',#2614,#597);
#435=LINE('',#2616,#598);
#436=LINE('',#2617,#599);
#437=LINE('',#2622,#600);
#438=LINE('',#2624,#601);
#439=LINE('',#2626,#602);
#440=LINE('',#2627,#603);
#441=LINE('',#2630,#604);
#442=LINE('',#2631,#605);
#443=LINE('',#2633,#606);
#444=LINE('',#2635,#607);
#445=LINE('',#2637,#608);
#446=LINE('',#2638,#609);
#447=LINE('',#2641,#610);
#448=LINE('',#2642,#611);
#449=LINE('',#2652,#612);
#450=LINE('',#2653,#613);
#451=LINE('',#2656,#614);
#452=LINE('',#2657,#615);
#453=LINE('',#2661,#616);
#454=LINE('',#2668,#617);
#455=LINE('',#2675,#618);
#456=LINE('',#2681,#619);
#457=LINE('',#2683,#620);
#458=LINE('',#2685,#621);
#459=LINE('',#2688,#622);
#460=LINE('',#2694,#623);
#461=LINE('',#2696,#624);
#462=LINE('',#2698,#625);
#463=VECTOR('',#1777,10.);
#464=VECTOR('',#1778,10.);
#465=VECTOR('',#1781,10.);
#466=VECTOR('',#1784,10.);
#467=VECTOR('',#1785,10.);
#468=VECTOR('',#1788,10.);
#469=VECTOR('',#1791,10.);
#470=VECTOR('',#1792,10.);
#471=VECTOR('',#1795,10.);
#472=VECTOR('',#1796,10.);
#473=VECTOR('',#1799,10.);
#474=VECTOR('',#1802,10.);
#475=VECTOR('',#1803,10.);
#476=VECTOR('',#1806,10.);
#477=VECTOR('',#1809,10.);
#478=VECTOR('',#1816,10.);
#479=VECTOR('',#1817,10.);
#480=VECTOR('',#1820,10.);
#481=VECTOR('',#1823,10.);
#482=VECTOR('',#1824,10.);
#483=VECTOR('',#1827,10.);
#484=VECTOR('',#1830,10.);
#485=VECTOR('',#1835,10.);
#486=VECTOR('',#1836,10.);
#487=VECTOR('',#1839,10.);
#488=VECTOR('',#1842,10.);
#489=VECTOR('',#1843,10.);
#490=VECTOR('',#1846,10.);
#491=VECTOR('',#1849,10.);
#492=VECTOR('',#1860,13.5);
#493=VECTOR('',#1871,10.);
#494=VECTOR('',#1874,10.);
#495=VECTOR('',#1877,10.);
#496=VECTOR('',#1892,10.);
#497=VECTOR('',#1893,10.);
#498=VECTOR('',#1896,10.);
#499=VECTOR('',#1899,10.);
#500=VECTOR('',#1900,10.);
#501=VECTOR('',#1903,10.);
#502=VECTOR('',#1906,10.);
#503=VECTOR('',#1907,10.);
#504=VECTOR('',#1910,10.);
#505=VECTOR('',#1913,10.);
#506=VECTOR('',#1914,10.);
#507=VECTOR('',#1917,10.);
#508=VECTOR('',#1936,1.34999996982515);
#509=VECTOR('',#1941,2.25);
#510=VECTOR('',#1944,10.);
#511=VECTOR('',#1945,10.);
#512=VECTOR('',#1946,10.);
#513=VECTOR('',#1947,10.);
#514=VECTOR('',#1948,10.);
#515=VECTOR('',#1949,10.);
#516=VECTOR('',#1950,10.);
#517=VECTOR('',#1951,10.);
#518=VECTOR('',#1952,10.);
#519=VECTOR('',#1953,10.);
#520=VECTOR('',#1954,10.);
#521=VECTOR('',#1955,10.);
#522=VECTOR('',#1958,10.);
#523=VECTOR('',#1959,10.);
#524=VECTOR('',#1960,10.);
#525=VECTOR('',#1963,10.);
#526=VECTOR('',#1964,10.);
#527=VECTOR('',#1965,10.);
#528=VECTOR('',#1966,10.);
#529=VECTOR('',#1967,10.);
#530=VECTOR('',#1970,10.);
#531=VECTOR('',#1971,10.);
#532=VECTOR('',#1972,10.);
#533=VECTOR('',#1975,10.);
#534=VECTOR('',#1976,10.);
#535=VECTOR('',#1977,10.);
#536=VECTOR('',#1978,10.);
#537=VECTOR('',#1979,10.);
#538=VECTOR('',#1982,10.);
#539=VECTOR('',#1983,10.);
#540=VECTOR('',#1984,10.);
#541=VECTOR('',#1987,10.);
#542=VECTOR('',#1988,10.);
#543=VECTOR('',#1989,10.);
#544=VECTOR('',#1990,10.);
#545=VECTOR('',#1991,10.);
#546=VECTOR('',#1994,10.);
#547=VECTOR('',#1995,10.);
#548=VECTOR('',#1996,10.);
#549=VECTOR('',#1999,10.);
#550=VECTOR('',#2000,10.);
#551=VECTOR('',#2001,10.);
#552=VECTOR('',#2002,10.);
#553=VECTOR('',#2003,10.);
#554=VECTOR('',#2006,10.);
#555=VECTOR('',#2007,10.);
#556=VECTOR('',#2008,10.);
#557=VECTOR('',#2009,10.);
#558=VECTOR('',#2012,10.);
#559=VECTOR('',#2013,10.);
#560=VECTOR('',#2014,10.);
#561=VECTOR('',#2015,10.);
#562=VECTOR('',#2020,10.);
#563=VECTOR('',#2025,10.);
#564=VECTOR('',#2026,10.);
#565=VECTOR('',#2037,10.);
#566=VECTOR('',#2042,10.);
#567=VECTOR('',#2043,10.);
#568=VECTOR('',#2048,10.);
#569=VECTOR('',#2053,10.);
#570=VECTOR('',#2054,10.);
#571=VECTOR('',#2055,10.);
#572=VECTOR('',#2058,10.);
#573=VECTOR('',#2059,10.);
#574=VECTOR('',#2060,10.);
#575=VECTOR('',#2067,10.);
#576=VECTOR('',#2070,10.);
#577=VECTOR('',#2071,10.);
#578=VECTOR('',#2072,10.);
#579=VECTOR('',#2079,10.);
#580=VECTOR('',#2082,10.);
#581=VECTOR('',#2083,10.);
#582=VECTOR('',#2098,10.);
#583=VECTOR('',#2099,10.);
#584=VECTOR('',#2100,10.);
#585=VECTOR('',#2103,10.);
#586=VECTOR('',#2104,10.);
#587=VECTOR('',#2107,10.);
#588=VECTOR('',#2108,10.);
#589=VECTOR('',#2111,10.);
#590=VECTOR('',#2112,10.);
#591=VECTOR('',#2119,10.);
#592=VECTOR('',#2120,10.);
#593=VECTOR('',#2121,10.);
#594=VECTOR('',#2124,10.);
#595=VECTOR('',#2125,10.);
#596=VECTOR('',#2128,10.);
#597=VECTOR('',#2129,10.);
#598=VECTOR('',#2132,10.);
#599=VECTOR('',#2133,10.);
#600=VECTOR('',#2140,10.);
#601=VECTOR('',#2141,10.);
#602=VECTOR('',#2142,10.);
#603=VECTOR('',#2143,10.);
#604=VECTOR('',#2146,10.);
#605=VECTOR('',#2147,10.);
#606=VECTOR('',#2150,10.);
#607=VECTOR('',#2151,10.);
#608=VECTOR('',#2152,10.);
#609=VECTOR('',#2153,10.);
#610=VECTOR('',#2156,10.);
#611=VECTOR('',#2157,10.);
#612=VECTOR('',#2170,10.);
#613=VECTOR('',#2171,10.);
#614=VECTOR('',#2174,10.);
#615=VECTOR('',#2175,10.);
#616=VECTOR('',#2180,2.);
#617=VECTOR('',#2189,2.);
#618=VECTOR('',#2198,2.);
#619=VECTOR('',#2207,1.);
#620=VECTOR('',#2210,1.);
#621=VECTOR('',#2213,1.);
#622=VECTOR('',#2216,2.);
#623=VECTOR('',#2225,1.);
#624=VECTOR('',#2228,10.);
#625=VECTOR('',#2231,10.);
#626=VERTEX_POINT('',#2238);
#627=VERTEX_POINT('',#2239);
#628=VERTEX_POINT('',#2241);
#629=VERTEX_POINT('',#2243);
#630=VERTEX_POINT('',#2247);
#631=VERTEX_POINT('',#2248);
#632=VERTEX_POINT('',#2250);
#633=VERTEX_POINT('',#2252);
#634=VERTEX_POINT('',#2259);
#635=VERTEX_POINT('',#2260);
#636=VERTEX_POINT('',#2262);
#637=VERTEX_POINT('',#2264);
#638=VERTEX_POINT('',#2268);
#639=VERTEX_POINT('',#2269);
#640=VERTEX_POINT('',#2271);
#641=VERTEX_POINT('',#2273);
#642=VERTEX_POINT('',#2278);
#643=VERTEX_POINT('',#2282);
#644=VERTEX_POINT('',#2283);
#645=VERTEX_POINT('',#2285);
#646=VERTEX_POINT('',#2287);
#647=VERTEX_POINT('',#2291);
#648=VERTEX_POINT('',#2292);
#649=VERTEX_POINT('',#2294);
#650=VERTEX_POINT('',#2296);
#651=VERTEX_POINT('',#2303);
#652=VERTEX_POINT('',#2304);
#653=VERTEX_POINT('',#2306);
#654=VERTEX_POINT('',#2308);
#655=VERTEX_POINT('',#2312);
#656=VERTEX_POINT('',#2313);
#657=VERTEX_POINT('',#2315);
#658=VERTEX_POINT('',#2317);
#659=VERTEX_POINT('',#2326);
#660=VERTEX_POINT('',#2340);
#661=VERTEX_POINT('',#2342);
#662=VERTEX_POINT('',#2344);
#663=VERTEX_POINT('',#2346);
#664=VERTEX_POINT('',#2348);
#665=VERTEX_POINT('',#2351);
#666=VERTEX_POINT('',#2352);
#667=VERTEX_POINT('',#2354);
#668=VERTEX_POINT('',#2356);
#669=VERTEX_POINT('',#2358);
#670=VERTEX_POINT('',#2360);
#671=VERTEX_POINT('',#2362);
#672=VERTEX_POINT('',#2364);
#673=VERTEX_POINT('',#2366);
#674=VERTEX_POINT('',#2368);
#675=VERTEX_POINT('',#2370);
#676=VERTEX_POINT('',#2372);
#677=VERTEX_POINT('',#2374);
#678=VERTEX_POINT('',#2376);
#679=VERTEX_POINT('',#2378);
#680=VERTEX_POINT('',#2380);
#681=VERTEX_POINT('',#2382);
#682=VERTEX_POINT('',#2384);
#683=VERTEX_POINT('',#2386);
#684=VERTEX_POINT('',#2388);
#685=VERTEX_POINT('',#2392);
#686=VERTEX_POINT('',#2393);
#687=VERTEX_POINT('',#2396);
#688=VERTEX_POINT('',#2400);
#689=VERTEX_POINT('',#2405);
#690=VERTEX_POINT('',#2409);
#691=VERTEX_POINT('',#2410);
#692=VERTEX_POINT('',#2412);
#693=VERTEX_POINT('',#2414);
#694=VERTEX_POINT('',#2416);
#695=VERTEX_POINT('',#2418);
#696=VERTEX_POINT('',#2420);
#697=VERTEX_POINT('',#2422);
#698=VERTEX_POINT('',#2424);
#699=VERTEX_POINT('',#2426);
#700=VERTEX_POINT('',#2428);
#701=VERTEX_POINT('',#2430);
#702=VERTEX_POINT('',#2434);
#703=VERTEX_POINT('',#2436);
#704=VERTEX_POINT('',#2441);
#705=VERTEX_POINT('',#2443);
#706=VERTEX_POINT('',#2445);
#707=VERTEX_POINT('',#2449);
#708=VERTEX_POINT('',#2451);
#709=VERTEX_POINT('',#2456);
#710=VERTEX_POINT('',#2458);
#711=VERTEX_POINT('',#2460);
#712=VERTEX_POINT('',#2464);
#713=VERTEX_POINT('',#2466);
#714=VERTEX_POINT('',#2471);
#715=VERTEX_POINT('',#2473);
#716=VERTEX_POINT('',#2475);
#717=VERTEX_POINT('',#2479);
#718=VERTEX_POINT('',#2481);
#719=VERTEX_POINT('',#2486);
#720=VERTEX_POINT('',#2488);
#721=VERTEX_POINT('',#2490);
#722=VERTEX_POINT('',#2494);
#723=VERTEX_POINT('',#2496);
#724=VERTEX_POINT('',#2498);
#725=VERTEX_POINT('',#2502);
#726=VERTEX_POINT('',#2504);
#727=VERTEX_POINT('',#2506);
#728=VERTEX_POINT('',#2510);
#729=VERTEX_POINT('',#2512);
#730=VERTEX_POINT('',#2516);
#731=VERTEX_POINT('',#2520);
#732=VERTEX_POINT('',#2524);
#733=VERTEX_POINT('',#2526);
#734=VERTEX_POINT('',#2530);
#735=VERTEX_POINT('',#2534);
#736=VERTEX_POINT('',#2536);
#737=VERTEX_POINT('',#2540);
#738=VERTEX_POINT('',#2542);
#739=VERTEX_POINT('',#2546);
#740=VERTEX_POINT('',#2547);
#741=VERTEX_POINT('',#2552);
#742=VERTEX_POINT('',#2553);
#743=VERTEX_POINT('',#2558);
#744=VERTEX_POINT('',#2560);
#745=VERTEX_POINT('',#2564);
#746=VERTEX_POINT('',#2565);
#747=VERTEX_POINT('',#2570);
#748=VERTEX_POINT('',#2574);
#749=VERTEX_POINT('',#2578);
#750=VERTEX_POINT('',#2582);
#751=VERTEX_POINT('',#2584);
#752=VERTEX_POINT('',#2588);
#753=VERTEX_POINT('',#2592);
#754=VERTEX_POINT('',#2599);
#755=VERTEX_POINT('',#2602);
#756=VERTEX_POINT('',#2604);
#757=VERTEX_POINT('',#2608);
#758=VERTEX_POINT('',#2612);
#759=VERTEX_POINT('',#2619);
#760=VERTEX_POINT('',#2623);
#761=VERTEX_POINT('',#2625);
#762=VERTEX_POINT('',#2629);
#763=VERTEX_POINT('',#2634);
#764=VERTEX_POINT('',#2636);
#765=VERTEX_POINT('',#2640);
#766=VERTEX_POINT('',#2645);
#767=VERTEX_POINT('',#2648);
#768=VERTEX_POINT('',#2651);
#769=VERTEX_POINT('',#2655);
#770=VERTEX_POINT('',#2660);
#771=VERTEX_POINT('',#2664);
#772=VERTEX_POINT('',#2667);
#773=VERTEX_POINT('',#2671);
#774=VERTEX_POINT('',#2674);
#775=VERTEX_POINT('',#2678);
#776=VERTEX_POINT('',#2687);
#777=VERTEX_POINT('',#2691);
#778=EDGE_CURVE('',#626,#627,#300,.T.);
#779=EDGE_CURVE('',#628,#626,#301,.T.);
#780=EDGE_CURVE('',#628,#629,#276,.T.);
#781=EDGE_CURVE('',#629,#627,#302,.T.);
#782=EDGE_CURVE('',#630,#631,#303,.T.);
#783=EDGE_CURVE('',#630,#632,#304,.T.);
#784=EDGE_CURVE('',#632,#633,#277,.T.);
#785=EDGE_CURVE('',#631,#633,#305,.T.);
#786=EDGE_CURVE('',#627,#630,#306,.T.);
#787=EDGE_CURVE('',#626,#631,#307,.T.);
#788=EDGE_CURVE('',#634,#635,#308,.T.);
#789=EDGE_CURVE('',#634,#636,#309,.T.);
#790=EDGE_CURVE('',#636,#637,#278,.T.);
#791=EDGE_CURVE('',#635,#637,#310,.T.);
#792=EDGE_CURVE('',#638,#639,#311,.T.);
#793=EDGE_CURVE('',#640,#638,#312,.T.);
#794=EDGE_CURVE('',#640,#641,#279,.T.);
#795=EDGE_CURVE('',#641,#639,#313,.T.);
#796=EDGE_CURVE('',#639,#634,#314,.T.);
#797=EDGE_CURVE('',#642,#641,#51,.T.);
#798=EDGE_CURVE('',#636,#642,#52,.T.);
#799=EDGE_CURVE('',#643,#644,#315,.T.);
#800=EDGE_CURVE('',#643,#645,#316,.T.);
#801=EDGE_CURVE('',#645,#646,#280,.T.);
#802=EDGE_CURVE('',#644,#646,#317,.T.);
#803=EDGE_CURVE('',#647,#648,#318,.T.);
#804=EDGE_CURVE('',#649,#647,#319,.T.);
#805=EDGE_CURVE('',#649,#650,#281,.T.);
#806=EDGE_CURVE('',#650,#648,#320,.T.);
#807=EDGE_CURVE('',#648,#643,#321,.T.);
#808=EDGE_CURVE('',#645,#650,#53,.T.);
#809=EDGE_CURVE('',#651,#652,#322,.T.);
#810=EDGE_CURVE('',#651,#653,#323,.T.);
#811=EDGE_CURVE('',#653,#654,#282,.T.);
#812=EDGE_CURVE('',#652,#654,#324,.T.);
#813=EDGE_CURVE('',#655,#656,#325,.T.);
#814=EDGE_CURVE('',#657,#655,#326,.T.);
#815=EDGE_CURVE('',#657,#658,#283,.T.);
#816=EDGE_CURVE('',#658,#656,#327,.T.);
#817=EDGE_CURVE('',#656,#651,#328,.T.);
#818=EDGE_CURVE('',#653,#658,#54,.T.);
#819=EDGE_CURVE('',#632,#629,#55,.T.);
#820=EDGE_CURVE('',#659,#659,#56,.T.);
#821=EDGE_CURVE('',#659,#642,#329,.T.);
#822=EDGE_CURVE('',#633,#640,#57,.T.);
#823=EDGE_CURVE('',#654,#628,#58,.T.);
#824=EDGE_CURVE('',#646,#657,#59,.T.);
#825=EDGE_CURVE('',#637,#649,#60,.T.);
#826=EDGE_CURVE('',#655,#652,#330,.T.);
#827=EDGE_CURVE('',#647,#644,#331,.T.);
#828=EDGE_CURVE('',#638,#635,#332,.T.);
#829=EDGE_CURVE('',#660,#660,#61,.T.);
#830=EDGE_CURVE('',#661,#661,#62,.T.);
#831=EDGE_CURVE('',#662,#662,#63,.T.);
#832=EDGE_CURVE('',#663,#663,#64,.T.);
#833=EDGE_CURVE('',#664,#664,#65,.T.);
#834=EDGE_CURVE('',#665,#666,#333,.T.);
#835=EDGE_CURVE('',#666,#667,#334,.T.);
#836=EDGE_CURVE('',#667,#668,#66,.T.);
#837=EDGE_CURVE('',#668,#669,#335,.T.);
#838=EDGE_CURVE('',#669,#670,#67,.T.);
#839=EDGE_CURVE('',#670,#671,#336,.T.);
#840=EDGE_CURVE('',#671,#672,#337,.T.);
#841=EDGE_CURVE('',#672,#673,#68,.T.);
#842=EDGE_CURVE('',#673,#674,#338,.T.);
#843=EDGE_CURVE('',#674,#675,#69,.T.);
#844=EDGE_CURVE('',#675,#676,#339,.T.);
#845=EDGE_CURVE('',#676,#677,#340,.T.);
#846=EDGE_CURVE('',#677,#678,#70,.T.);
#847=EDGE_CURVE('',#678,#679,#341,.T.);
#848=EDGE_CURVE('',#679,#680,#71,.T.);
#849=EDGE_CURVE('',#680,#681,#342,.T.);
#850=EDGE_CURVE('',#681,#682,#343,.T.);
#851=EDGE_CURVE('',#682,#683,#72,.T.);
#852=EDGE_CURVE('',#683,#684,#344,.T.);
#853=EDGE_CURVE('',#684,#665,#73,.T.);
#854=EDGE_CURVE('',#685,#686,#74,.T.);
#855=EDGE_CURVE('',#686,#685,#75,.T.);
#856=EDGE_CURVE('',#685,#687,#76,.T.);
#857=EDGE_CURVE('',#687,#687,#77,.T.);
#858=EDGE_CURVE('',#688,#688,#78,.T.);
#859=EDGE_CURVE('',#660,#686,#345,.T.);
#860=EDGE_CURVE('',#689,#689,#79,.T.);
#861=EDGE_CURVE('',#689,#688,#346,.T.);
#862=EDGE_CURVE('',#690,#691,#347,.T.);
#863=EDGE_CURVE('',#692,#690,#348,.T.);
#864=EDGE_CURVE('',#693,#692,#349,.T.);
#865=EDGE_CURVE('',#694,#693,#350,.T.);
#866=EDGE_CURVE('',#695,#694,#351,.T.);
#867=EDGE_CURVE('',#696,#695,#352,.T.);
#868=EDGE_CURVE('',#697,#696,#353,.T.);
#869=EDGE_CURVE('',#698,#697,#354,.T.);
#870=EDGE_CURVE('',#699,#698,#355,.T.);
#871=EDGE_CURVE('',#700,#699,#356,.T.);
#872=EDGE_CURVE('',#701,#700,#357,.T.);
#873=EDGE_CURVE('',#691,#701,#358,.T.);
#874=EDGE_CURVE('',#691,#702,#359,.T.);
#875=EDGE_CURVE('',#702,#703,#360,.T.);
#876=EDGE_CURVE('',#703,#690,#361,.T.);
#877=EDGE_CURVE('',#681,#701,#362,.T.);
#878=EDGE_CURVE('',#680,#704,#363,.T.);
#879=EDGE_CURVE('',#705,#704,#364,.T.);
#880=EDGE_CURVE('',#706,#705,#365,.T.);
#881=EDGE_CURVE('',#702,#706,#366,.T.);
#882=EDGE_CURVE('',#699,#707,#367,.T.);
#883=EDGE_CURVE('',#707,#708,#368,.T.);
#884=EDGE_CURVE('',#708,#700,#369,.T.);
#885=EDGE_CURVE('',#666,#698,#370,.T.);
#886=EDGE_CURVE('',#665,#709,#371,.T.);
#887=EDGE_CURVE('',#710,#709,#372,.T.);
#888=EDGE_CURVE('',#711,#710,#373,.T.);
#889=EDGE_CURVE('',#707,#711,#374,.T.);
#890=EDGE_CURVE('',#693,#712,#375,.T.);
#891=EDGE_CURVE('',#712,#713,#376,.T.);
#892=EDGE_CURVE('',#713,#694,#377,.T.);
#893=EDGE_CURVE('',#676,#692,#378,.T.);
#894=EDGE_CURVE('',#675,#714,#379,.T.);
#895=EDGE_CURVE('',#715,#714,#380,.T.);
#896=EDGE_CURVE('',#716,#715,#381,.T.);
#897=EDGE_CURVE('',#712,#716,#382,.T.);
#898=EDGE_CURVE('',#696,#717,#383,.T.);
#899=EDGE_CURVE('',#717,#718,#384,.T.);
#900=EDGE_CURVE('',#718,#697,#385,.T.);
#901=EDGE_CURVE('',#671,#695,#386,.T.);
#902=EDGE_CURVE('',#670,#719,#387,.T.);
#903=EDGE_CURVE('',#720,#719,#388,.T.);
#904=EDGE_CURVE('',#721,#720,#389,.T.);
#905=EDGE_CURVE('',#717,#721,#390,.T.);
#906=EDGE_CURVE('',#722,#718,#391,.T.);
#907=EDGE_CURVE('',#723,#722,#392,.T.);
#908=EDGE_CURVE('',#724,#723,#393,.T.);
#909=EDGE_CURVE('',#667,#724,#394,.T.);
#910=EDGE_CURVE('',#725,#713,#395,.T.);
#911=EDGE_CURVE('',#726,#725,#396,.T.);
#912=EDGE_CURVE('',#727,#726,#397,.T.);
#913=EDGE_CURVE('',#672,#727,#398,.T.);
#914=EDGE_CURVE('',#719,#728,#284,.T.);
#915=EDGE_CURVE('',#669,#729,#399,.T.);
#916=EDGE_CURVE('',#728,#729,#285,.T.);
#917=EDGE_CURVE('',#729,#730,#400,.T.);
#918=EDGE_CURVE('',#668,#730,#401,.T.);
#919=EDGE_CURVE('',#730,#731,#286,.T.);
#920=EDGE_CURVE('',#731,#724,#287,.T.);
#921=EDGE_CURVE('',#709,#732,#288,.T.);
#922=EDGE_CURVE('',#684,#733,#402,.T.);
#923=EDGE_CURVE('',#732,#733,#289,.T.);
#924=EDGE_CURVE('',#733,#734,#403,.T.);
#925=EDGE_CURVE('',#683,#734,#404,.T.);
#926=EDGE_CURVE('',#734,#735,#290,.T.);
#927=EDGE_CURVE('',#682,#736,#405,.T.);
#928=EDGE_CURVE('',#735,#736,#291,.T.);
#929=EDGE_CURVE('',#737,#708,#406,.T.);
#930=EDGE_CURVE('',#738,#737,#407,.T.);
#931=EDGE_CURVE('',#736,#738,#408,.T.);
#932=EDGE_CURVE('',#739,#740,#409,.T.);
#933=EDGE_CURVE('',#679,#739,#410,.T.);
#934=EDGE_CURVE('',#678,#740,#411,.T.);
#935=EDGE_CURVE('',#741,#742,#292,.T.);
#936=EDGE_CURVE('',#740,#741,#293,.T.);
#937=EDGE_CURVE('',#677,#742,#412,.T.);
#938=EDGE_CURVE('',#743,#703,#413,.T.);
#939=EDGE_CURVE('',#744,#743,#414,.T.);
#940=EDGE_CURVE('',#742,#744,#415,.T.);
#941=EDGE_CURVE('',#745,#746,#294,.T.);
#942=EDGE_CURVE('',#714,#745,#295,.T.);
#943=EDGE_CURVE('',#674,#746,#416,.T.);
#944=EDGE_CURVE('',#746,#747,#417,.T.);
#945=EDGE_CURVE('',#673,#747,#418,.T.);
#946=EDGE_CURVE('',#748,#727,#296,.T.);
#947=EDGE_CURVE('',#747,#748,#297,.T.);
#948=EDGE_CURVE('',#749,#739,#298,.T.);
#949=EDGE_CURVE('',#704,#749,#299,.T.);
#950=EDGE_CURVE('',#750,#728,#419,.T.);
#951=EDGE_CURVE('',#750,#751,#420,.T.);
#952=EDGE_CURVE('',#720,#751,#421,.T.);
#953=EDGE_CURVE('',#752,#731,#422,.T.);
#954=EDGE_CURVE('',#752,#750,#423,.T.);
#955=EDGE_CURVE('',#753,#723,#424,.T.);
#956=EDGE_CURVE('',#753,#752,#425,.T.);
#957=EDGE_CURVE('',#751,#753,#426,.T.);
#958=EDGE_CURVE('',#722,#721,#427,.T.);
#959=EDGE_CURVE('',#754,#754,#80,.T.);
#960=EDGE_CURVE('',#755,#732,#428,.T.);
#961=EDGE_CURVE('',#755,#756,#429,.T.);
#962=EDGE_CURVE('',#710,#756,#430,.T.);
#963=EDGE_CURVE('',#757,#735,#431,.T.);
#964=EDGE_CURVE('',#757,#755,#432,.T.);
#965=EDGE_CURVE('',#758,#738,#433,.T.);
#966=EDGE_CURVE('',#758,#757,#434,.T.);
#967=EDGE_CURVE('',#756,#758,#435,.T.);
#968=EDGE_CURVE('',#737,#711,#436,.T.);
#969=EDGE_CURVE('',#759,#759,#81,.T.);
#970=EDGE_CURVE('',#725,#716,#437,.T.);
#971=EDGE_CURVE('',#715,#760,#438,.T.);
#972=EDGE_CURVE('',#760,#761,#439,.T.);
#973=EDGE_CURVE('',#761,#726,#440,.T.);
#974=EDGE_CURVE('',#761,#762,#441,.T.);
#975=EDGE_CURVE('',#762,#748,#442,.T.);
#976=EDGE_CURVE('',#743,#706,#443,.T.);
#977=EDGE_CURVE('',#705,#763,#444,.T.);
#978=EDGE_CURVE('',#763,#764,#445,.T.);
#979=EDGE_CURVE('',#764,#744,#446,.T.);
#980=EDGE_CURVE('',#764,#765,#447,.T.);
#981=EDGE_CURVE('',#765,#741,#448,.T.);
#982=EDGE_CURVE('',#766,#766,#82,.T.);
#983=EDGE_CURVE('',#767,#767,#83,.T.);
#984=EDGE_CURVE('',#768,#763,#449,.T.);
#985=EDGE_CURVE('',#765,#768,#450,.T.);
#986=EDGE_CURVE('',#769,#760,#451,.T.);
#987=EDGE_CURVE('',#762,#769,#452,.T.);
#988=EDGE_CURVE('',#661,#770,#453,.T.);
#989=EDGE_CURVE('',#770,#770,#84,.T.);
#990=EDGE_CURVE('',#771,#771,#85,.T.);
#991=EDGE_CURVE('',#662,#772,#454,.T.);
#992=EDGE_CURVE('',#772,#772,#86,.T.);
#993=EDGE_CURVE('',#773,#773,#87,.T.);
#994=EDGE_CURVE('',#663,#774,#455,.T.);
#995=EDGE_CURVE('',#774,#774,#88,.T.);
#996=EDGE_CURVE('',#775,#775,#89,.T.);
#997=EDGE_CURVE('',#771,#759,#456,.T.);
#998=EDGE_CURVE('',#773,#754,#457,.T.);
#999=EDGE_CURVE('',#775,#766,#458,.T.);
#1000=EDGE_CURVE('',#664,#776,#459,.T.);
#1001=EDGE_CURVE('',#776,#776,#90,.T.);
#1002=EDGE_CURVE('',#777,#777,#91,.T.);
#1003=EDGE_CURVE('',#777,#767,#460,.T.);
#1004=EDGE_CURVE('',#768,#749,#461,.T.);
#1005=EDGE_CURVE('',#769,#745,#462,.T.);
#1006=ORIENTED_EDGE('',*,*,#778,.F.);
#1007=ORIENTED_EDGE('',*,*,#779,.F.);
#1008=ORIENTED_EDGE('',*,*,#780,.T.);
#1009=ORIENTED_EDGE('',*,*,#781,.T.);
#1010=ORIENTED_EDGE('',*,*,#782,.F.);
#1011=ORIENTED_EDGE('',*,*,#783,.T.);
#1012=ORIENTED_EDGE('',*,*,#784,.T.);
#1013=ORIENTED_EDGE('',*,*,#785,.F.);
#1014=ORIENTED_EDGE('',*,*,#778,.T.);
#1015=ORIENTED_EDGE('',*,*,#786,.T.);
#1016=ORIENTED_EDGE('',*,*,#782,.T.);
#1017=ORIENTED_EDGE('',*,*,#787,.F.);
#1018=ORIENTED_EDGE('',*,*,#788,.F.);
#1019=ORIENTED_EDGE('',*,*,#789,.T.);
#1020=ORIENTED_EDGE('',*,*,#790,.T.);
#1021=ORIENTED_EDGE('',*,*,#791,.F.);
#1022=ORIENTED_EDGE('',*,*,#792,.F.);
#1023=ORIENTED_EDGE('',*,*,#793,.F.);
#1024=ORIENTED_EDGE('',*,*,#794,.T.);
#1025=ORIENTED_EDGE('',*,*,#795,.T.);
#1026=ORIENTED_EDGE('',*,*,#789,.F.);
#1027=ORIENTED_EDGE('',*,*,#796,.F.);
#1028=ORIENTED_EDGE('',*,*,#795,.F.);
#1029=ORIENTED_EDGE('',*,*,#797,.F.);
#1030=ORIENTED_EDGE('',*,*,#798,.F.);
#1031=ORIENTED_EDGE('',*,*,#799,.F.);
#1032=ORIENTED_EDGE('',*,*,#800,.T.);
#1033=ORIENTED_EDGE('',*,*,#801,.T.);
#1034=ORIENTED_EDGE('',*,*,#802,.F.);
#1035=ORIENTED_EDGE('',*,*,#803,.F.);
#1036=ORIENTED_EDGE('',*,*,#804,.F.);
#1037=ORIENTED_EDGE('',*,*,#805,.T.);
#1038=ORIENTED_EDGE('',*,*,#806,.T.);
#1039=ORIENTED_EDGE('',*,*,#800,.F.);
#1040=ORIENTED_EDGE('',*,*,#807,.F.);
#1041=ORIENTED_EDGE('',*,*,#806,.F.);
#1042=ORIENTED_EDGE('',*,*,#808,.F.);
#1043=ORIENTED_EDGE('',*,*,#809,.F.);
#1044=ORIENTED_EDGE('',*,*,#810,.T.);
#1045=ORIENTED_EDGE('',*,*,#811,.T.);
#1046=ORIENTED_EDGE('',*,*,#812,.F.);
#1047=ORIENTED_EDGE('',*,*,#813,.F.);
#1048=ORIENTED_EDGE('',*,*,#814,.F.);
#1049=ORIENTED_EDGE('',*,*,#815,.T.);
#1050=ORIENTED_EDGE('',*,*,#816,.T.);
#1051=ORIENTED_EDGE('',*,*,#810,.F.);
#1052=ORIENTED_EDGE('',*,*,#817,.F.);
#1053=ORIENTED_EDGE('',*,*,#816,.F.);
#1054=ORIENTED_EDGE('',*,*,#818,.F.);
#1055=ORIENTED_EDGE('',*,*,#781,.F.);
#1056=ORIENTED_EDGE('',*,*,#819,.F.);
#1057=ORIENTED_EDGE('',*,*,#783,.F.);
#1058=ORIENTED_EDGE('',*,*,#786,.F.);
#1059=ORIENTED_EDGE('',*,*,#820,.F.);
#1060=ORIENTED_EDGE('',*,*,#821,.T.);
#1061=ORIENTED_EDGE('',*,*,#797,.T.);
#1062=ORIENTED_EDGE('',*,*,#794,.F.);
#1063=ORIENTED_EDGE('',*,*,#822,.F.);
#1064=ORIENTED_EDGE('',*,*,#784,.F.);
#1065=ORIENTED_EDGE('',*,*,#819,.T.);
#1066=ORIENTED_EDGE('',*,*,#780,.F.);
#1067=ORIENTED_EDGE('',*,*,#823,.F.);
#1068=ORIENTED_EDGE('',*,*,#811,.F.);
#1069=ORIENTED_EDGE('',*,*,#818,.T.);
#1070=ORIENTED_EDGE('',*,*,#815,.F.);
#1071=ORIENTED_EDGE('',*,*,#824,.F.);
#1072=ORIENTED_EDGE('',*,*,#801,.F.);
#1073=ORIENTED_EDGE('',*,*,#808,.T.);
#1074=ORIENTED_EDGE('',*,*,#805,.F.);
#1075=ORIENTED_EDGE('',*,*,#825,.F.);
#1076=ORIENTED_EDGE('',*,*,#790,.F.);
#1077=ORIENTED_EDGE('',*,*,#798,.T.);
#1078=ORIENTED_EDGE('',*,*,#821,.F.);
#1079=ORIENTED_EDGE('',*,*,#809,.T.);
#1080=ORIENTED_EDGE('',*,*,#826,.F.);
#1081=ORIENTED_EDGE('',*,*,#813,.T.);
#1082=ORIENTED_EDGE('',*,*,#817,.T.);
#1083=ORIENTED_EDGE('',*,*,#799,.T.);
#1084=ORIENTED_EDGE('',*,*,#827,.F.);
#1085=ORIENTED_EDGE('',*,*,#803,.T.);
#1086=ORIENTED_EDGE('',*,*,#807,.T.);
#1087=ORIENTED_EDGE('',*,*,#788,.T.);
#1088=ORIENTED_EDGE('',*,*,#828,.F.);
#1089=ORIENTED_EDGE('',*,*,#792,.T.);
#1090=ORIENTED_EDGE('',*,*,#796,.T.);
#1091=ORIENTED_EDGE('',*,*,#785,.T.);
#1092=ORIENTED_EDGE('',*,*,#822,.T.);
#1093=ORIENTED_EDGE('',*,*,#793,.T.);
#1094=ORIENTED_EDGE('',*,*,#828,.T.);
#1095=ORIENTED_EDGE('',*,*,#791,.T.);
#1096=ORIENTED_EDGE('',*,*,#825,.T.);
#1097=ORIENTED_EDGE('',*,*,#804,.T.);
#1098=ORIENTED_EDGE('',*,*,#827,.T.);
#1099=ORIENTED_EDGE('',*,*,#802,.T.);
#1100=ORIENTED_EDGE('',*,*,#824,.T.);
#1101=ORIENTED_EDGE('',*,*,#814,.T.);
#1102=ORIENTED_EDGE('',*,*,#826,.T.);
#1103=ORIENTED_EDGE('',*,*,#812,.T.);
#1104=ORIENTED_EDGE('',*,*,#823,.T.);
#1105=ORIENTED_EDGE('',*,*,#779,.T.);
#1106=ORIENTED_EDGE('',*,*,#787,.T.);
#1107=ORIENTED_EDGE('',*,*,#829,.T.);
#1108=ORIENTED_EDGE('',*,*,#830,.T.);
#1109=ORIENTED_EDGE('',*,*,#831,.T.);
#1110=ORIENTED_EDGE('',*,*,#832,.T.);
#1111=ORIENTED_EDGE('',*,*,#833,.T.);
#1112=ORIENTED_EDGE('',*,*,#820,.T.);
#1113=ORIENTED_EDGE('',*,*,#834,.T.);
#1114=ORIENTED_EDGE('',*,*,#835,.T.);
#1115=ORIENTED_EDGE('',*,*,#836,.T.);
#1116=ORIENTED_EDGE('',*,*,#837,.T.);
#1117=ORIENTED_EDGE('',*,*,#838,.T.);
#1118=ORIENTED_EDGE('',*,*,#839,.T.);
#1119=ORIENTED_EDGE('',*,*,#840,.T.);
#1120=ORIENTED_EDGE('',*,*,#841,.T.);
#1121=ORIENTED_EDGE('',*,*,#842,.T.);
#1122=ORIENTED_EDGE('',*,*,#843,.T.);
#1123=ORIENTED_EDGE('',*,*,#844,.T.);
#1124=ORIENTED_EDGE('',*,*,#845,.T.);
#1125=ORIENTED_EDGE('',*,*,#846,.T.);
#1126=ORIENTED_EDGE('',*,*,#847,.T.);
#1127=ORIENTED_EDGE('',*,*,#848,.T.);
#1128=ORIENTED_EDGE('',*,*,#849,.T.);
#1129=ORIENTED_EDGE('',*,*,#850,.T.);
#1130=ORIENTED_EDGE('',*,*,#851,.T.);
#1131=ORIENTED_EDGE('',*,*,#852,.T.);
#1132=ORIENTED_EDGE('',*,*,#853,.T.);
#1133=ORIENTED_EDGE('',*,*,#854,.T.);
#1134=ORIENTED_EDGE('',*,*,#855,.T.);
#1135=ORIENTED_EDGE('',*,*,#856,.T.);
#1136=ORIENTED_EDGE('',*,*,#857,.T.);
#1137=ORIENTED_EDGE('',*,*,#856,.F.);
#1138=ORIENTED_EDGE('',*,*,#858,.F.);
#1139=ORIENTED_EDGE('',*,*,#857,.F.);
#1140=ORIENTED_EDGE('',*,*,#829,.F.);
#1141=ORIENTED_EDGE('',*,*,#859,.T.);
#1142=ORIENTED_EDGE('',*,*,#854,.F.);
#1143=ORIENTED_EDGE('',*,*,#855,.F.);
#1144=ORIENTED_EDGE('',*,*,#859,.F.);
#1145=ORIENTED_EDGE('',*,*,#860,.F.);
#1146=ORIENTED_EDGE('',*,*,#861,.T.);
#1147=ORIENTED_EDGE('',*,*,#858,.T.);
#1148=ORIENTED_EDGE('',*,*,#861,.F.);
#1149=ORIENTED_EDGE('',*,*,#862,.F.);
#1150=ORIENTED_EDGE('',*,*,#863,.F.);
#1151=ORIENTED_EDGE('',*,*,#864,.F.);
#1152=ORIENTED_EDGE('',*,*,#865,.F.);
#1153=ORIENTED_EDGE('',*,*,#866,.F.);
#1154=ORIENTED_EDGE('',*,*,#867,.F.);
#1155=ORIENTED_EDGE('',*,*,#868,.F.);
#1156=ORIENTED_EDGE('',*,*,#869,.F.);
#1157=ORIENTED_EDGE('',*,*,#870,.F.);
#1158=ORIENTED_EDGE('',*,*,#871,.F.);
#1159=ORIENTED_EDGE('',*,*,#872,.F.);
#1160=ORIENTED_EDGE('',*,*,#873,.F.);
#1161=ORIENTED_EDGE('',*,*,#860,.T.);
#1162=ORIENTED_EDGE('',*,*,#874,.T.);
#1163=ORIENTED_EDGE('',*,*,#875,.T.);
#1164=ORIENTED_EDGE('',*,*,#876,.T.);
#1165=ORIENTED_EDGE('',*,*,#862,.T.);
#1166=ORIENTED_EDGE('',*,*,#874,.F.);
#1167=ORIENTED_EDGE('',*,*,#873,.T.);
#1168=ORIENTED_EDGE('',*,*,#877,.F.);
#1169=ORIENTED_EDGE('',*,*,#849,.F.);
#1170=ORIENTED_EDGE('',*,*,#878,.T.);
#1171=ORIENTED_EDGE('',*,*,#879,.F.);
#1172=ORIENTED_EDGE('',*,*,#880,.F.);
#1173=ORIENTED_EDGE('',*,*,#881,.F.);
#1174=ORIENTED_EDGE('',*,*,#882,.T.);
#1175=ORIENTED_EDGE('',*,*,#883,.T.);
#1176=ORIENTED_EDGE('',*,*,#884,.T.);
#1177=ORIENTED_EDGE('',*,*,#871,.T.);
#1178=ORIENTED_EDGE('',*,*,#882,.F.);
#1179=ORIENTED_EDGE('',*,*,#870,.T.);
#1180=ORIENTED_EDGE('',*,*,#885,.F.);
#1181=ORIENTED_EDGE('',*,*,#834,.F.);
#1182=ORIENTED_EDGE('',*,*,#886,.T.);
#1183=ORIENTED_EDGE('',*,*,#887,.F.);
#1184=ORIENTED_EDGE('',*,*,#888,.F.);
#1185=ORIENTED_EDGE('',*,*,#889,.F.);
#1186=ORIENTED_EDGE('',*,*,#890,.T.);
#1187=ORIENTED_EDGE('',*,*,#891,.T.);
#1188=ORIENTED_EDGE('',*,*,#892,.T.);
#1189=ORIENTED_EDGE('',*,*,#865,.T.);
#1190=ORIENTED_EDGE('',*,*,#890,.F.);
#1191=ORIENTED_EDGE('',*,*,#864,.T.);
#1192=ORIENTED_EDGE('',*,*,#893,.F.);
#1193=ORIENTED_EDGE('',*,*,#844,.F.);
#1194=ORIENTED_EDGE('',*,*,#894,.T.);
#1195=ORIENTED_EDGE('',*,*,#895,.F.);
#1196=ORIENTED_EDGE('',*,*,#896,.F.);
#1197=ORIENTED_EDGE('',*,*,#897,.F.);
#1198=ORIENTED_EDGE('',*,*,#898,.T.);
#1199=ORIENTED_EDGE('',*,*,#899,.T.);
#1200=ORIENTED_EDGE('',*,*,#900,.T.);
#1201=ORIENTED_EDGE('',*,*,#868,.T.);
#1202=ORIENTED_EDGE('',*,*,#898,.F.);
#1203=ORIENTED_EDGE('',*,*,#867,.T.);
#1204=ORIENTED_EDGE('',*,*,#901,.F.);
#1205=ORIENTED_EDGE('',*,*,#839,.F.);
#1206=ORIENTED_EDGE('',*,*,#902,.T.);
#1207=ORIENTED_EDGE('',*,*,#903,.F.);
#1208=ORIENTED_EDGE('',*,*,#904,.F.);
#1209=ORIENTED_EDGE('',*,*,#905,.F.);
#1210=ORIENTED_EDGE('',*,*,#900,.F.);
#1211=ORIENTED_EDGE('',*,*,#906,.F.);
#1212=ORIENTED_EDGE('',*,*,#907,.F.);
#1213=ORIENTED_EDGE('',*,*,#908,.F.);
#1214=ORIENTED_EDGE('',*,*,#909,.F.);
#1215=ORIENTED_EDGE('',*,*,#835,.F.);
#1216=ORIENTED_EDGE('',*,*,#885,.T.);
#1217=ORIENTED_EDGE('',*,*,#869,.T.);
#1218=ORIENTED_EDGE('',*,*,#892,.F.);
#1219=ORIENTED_EDGE('',*,*,#910,.F.);
#1220=ORIENTED_EDGE('',*,*,#911,.F.);
#1221=ORIENTED_EDGE('',*,*,#912,.F.);
#1222=ORIENTED_EDGE('',*,*,#913,.F.);
#1223=ORIENTED_EDGE('',*,*,#840,.F.);
#1224=ORIENTED_EDGE('',*,*,#901,.T.);
#1225=ORIENTED_EDGE('',*,*,#866,.T.);
#1226=ORIENTED_EDGE('',*,*,#914,.F.);
#1227=ORIENTED_EDGE('',*,*,#902,.F.);
#1228=ORIENTED_EDGE('',*,*,#838,.F.);
#1229=ORIENTED_EDGE('',*,*,#915,.T.);
#1230=ORIENTED_EDGE('',*,*,#916,.F.);
#1231=ORIENTED_EDGE('',*,*,#917,.F.);
#1232=ORIENTED_EDGE('',*,*,#915,.F.);
#1233=ORIENTED_EDGE('',*,*,#837,.F.);
#1234=ORIENTED_EDGE('',*,*,#918,.T.);
#1235=ORIENTED_EDGE('',*,*,#919,.F.);
#1236=ORIENTED_EDGE('',*,*,#918,.F.);
#1237=ORIENTED_EDGE('',*,*,#836,.F.);
#1238=ORIENTED_EDGE('',*,*,#909,.T.);
#1239=ORIENTED_EDGE('',*,*,#920,.F.);
#1240=ORIENTED_EDGE('',*,*,#921,.F.);
#1241=ORIENTED_EDGE('',*,*,#886,.F.);
#1242=ORIENTED_EDGE('',*,*,#853,.F.);
#1243=ORIENTED_EDGE('',*,*,#922,.T.);
#1244=ORIENTED_EDGE('',*,*,#923,.F.);
#1245=ORIENTED_EDGE('',*,*,#924,.F.);
#1246=ORIENTED_EDGE('',*,*,#922,.F.);
#1247=ORIENTED_EDGE('',*,*,#852,.F.);
#1248=ORIENTED_EDGE('',*,*,#925,.T.);
#1249=ORIENTED_EDGE('',*,*,#926,.F.);
#1250=ORIENTED_EDGE('',*,*,#925,.F.);
#1251=ORIENTED_EDGE('',*,*,#851,.F.);
#1252=ORIENTED_EDGE('',*,*,#927,.T.);
#1253=ORIENTED_EDGE('',*,*,#928,.F.);
#1254=ORIENTED_EDGE('',*,*,#884,.F.);
#1255=ORIENTED_EDGE('',*,*,#929,.F.);
#1256=ORIENTED_EDGE('',*,*,#930,.F.);
#1257=ORIENTED_EDGE('',*,*,#931,.F.);
#1258=ORIENTED_EDGE('',*,*,#927,.F.);
#1259=ORIENTED_EDGE('',*,*,#850,.F.);
#1260=ORIENTED_EDGE('',*,*,#877,.T.);
#1261=ORIENTED_EDGE('',*,*,#872,.T.);
#1262=ORIENTED_EDGE('',*,*,#932,.F.);
#1263=ORIENTED_EDGE('',*,*,#933,.F.);
#1264=ORIENTED_EDGE('',*,*,#847,.F.);
#1265=ORIENTED_EDGE('',*,*,#934,.T.);
#1266=ORIENTED_EDGE('',*,*,#935,.F.);
#1267=ORIENTED_EDGE('',*,*,#936,.F.);
#1268=ORIENTED_EDGE('',*,*,#934,.F.);
#1269=ORIENTED_EDGE('',*,*,#846,.F.);
#1270=ORIENTED_EDGE('',*,*,#937,.T.);
#1271=ORIENTED_EDGE('',*,*,#876,.F.);
#1272=ORIENTED_EDGE('',*,*,#938,.F.);
#1273=ORIENTED_EDGE('',*,*,#939,.F.);
#1274=ORIENTED_EDGE('',*,*,#940,.F.);
#1275=ORIENTED_EDGE('',*,*,#937,.F.);
#1276=ORIENTED_EDGE('',*,*,#845,.F.);
#1277=ORIENTED_EDGE('',*,*,#893,.T.);
#1278=ORIENTED_EDGE('',*,*,#863,.T.);
#1279=ORIENTED_EDGE('',*,*,#941,.F.);
#1280=ORIENTED_EDGE('',*,*,#942,.F.);
#1281=ORIENTED_EDGE('',*,*,#894,.F.);
#1282=ORIENTED_EDGE('',*,*,#843,.F.);
#1283=ORIENTED_EDGE('',*,*,#943,.T.);
#1284=ORIENTED_EDGE('',*,*,#944,.F.);
#1285=ORIENTED_EDGE('',*,*,#943,.F.);
#1286=ORIENTED_EDGE('',*,*,#842,.F.);
#1287=ORIENTED_EDGE('',*,*,#945,.T.);
#1288=ORIENTED_EDGE('',*,*,#946,.F.);
#1289=ORIENTED_EDGE('',*,*,#947,.F.);
#1290=ORIENTED_EDGE('',*,*,#945,.F.);
#1291=ORIENTED_EDGE('',*,*,#841,.F.);
#1292=ORIENTED_EDGE('',*,*,#913,.T.);
#1293=ORIENTED_EDGE('',*,*,#948,.F.);
#1294=ORIENTED_EDGE('',*,*,#949,.F.);
#1295=ORIENTED_EDGE('',*,*,#878,.F.);
#1296=ORIENTED_EDGE('',*,*,#848,.F.);
#1297=ORIENTED_EDGE('',*,*,#933,.T.);
#1298=ORIENTED_EDGE('',*,*,#903,.T.);
#1299=ORIENTED_EDGE('',*,*,#914,.T.);
#1300=ORIENTED_EDGE('',*,*,#950,.F.);
#1301=ORIENTED_EDGE('',*,*,#951,.T.);
#1302=ORIENTED_EDGE('',*,*,#952,.F.);
#1303=ORIENTED_EDGE('',*,*,#916,.T.);
#1304=ORIENTED_EDGE('',*,*,#917,.T.);
#1305=ORIENTED_EDGE('',*,*,#919,.T.);
#1306=ORIENTED_EDGE('',*,*,#953,.F.);
#1307=ORIENTED_EDGE('',*,*,#954,.T.);
#1308=ORIENTED_EDGE('',*,*,#950,.T.);
#1309=ORIENTED_EDGE('',*,*,#920,.T.);
#1310=ORIENTED_EDGE('',*,*,#908,.T.);
#1311=ORIENTED_EDGE('',*,*,#955,.F.);
#1312=ORIENTED_EDGE('',*,*,#956,.T.);
#1313=ORIENTED_EDGE('',*,*,#953,.T.);
#1314=ORIENTED_EDGE('',*,*,#904,.T.);
#1315=ORIENTED_EDGE('',*,*,#952,.T.);
#1316=ORIENTED_EDGE('',*,*,#957,.T.);
#1317=ORIENTED_EDGE('',*,*,#955,.T.);
#1318=ORIENTED_EDGE('',*,*,#907,.T.);
#1319=ORIENTED_EDGE('',*,*,#958,.T.);
#1320=ORIENTED_EDGE('',*,*,#905,.T.);
#1321=ORIENTED_EDGE('',*,*,#958,.F.);
#1322=ORIENTED_EDGE('',*,*,#906,.T.);
#1323=ORIENTED_EDGE('',*,*,#899,.F.);
#1324=ORIENTED_EDGE('',*,*,#959,.F.);
#1325=ORIENTED_EDGE('',*,*,#887,.T.);
#1326=ORIENTED_EDGE('',*,*,#921,.T.);
#1327=ORIENTED_EDGE('',*,*,#960,.F.);
#1328=ORIENTED_EDGE('',*,*,#961,.T.);
#1329=ORIENTED_EDGE('',*,*,#962,.F.);
#1330=ORIENTED_EDGE('',*,*,#923,.T.);
#1331=ORIENTED_EDGE('',*,*,#924,.T.);
#1332=ORIENTED_EDGE('',*,*,#926,.T.);
#1333=ORIENTED_EDGE('',*,*,#963,.F.);
#1334=ORIENTED_EDGE('',*,*,#964,.T.);
#1335=ORIENTED_EDGE('',*,*,#960,.T.);
#1336=ORIENTED_EDGE('',*,*,#928,.T.);
#1337=ORIENTED_EDGE('',*,*,#931,.T.);
#1338=ORIENTED_EDGE('',*,*,#965,.F.);
#1339=ORIENTED_EDGE('',*,*,#966,.T.);
#1340=ORIENTED_EDGE('',*,*,#963,.T.);
#1341=ORIENTED_EDGE('',*,*,#888,.T.);
#1342=ORIENTED_EDGE('',*,*,#962,.T.);
#1343=ORIENTED_EDGE('',*,*,#967,.T.);
#1344=ORIENTED_EDGE('',*,*,#965,.T.);
#1345=ORIENTED_EDGE('',*,*,#930,.T.);
#1346=ORIENTED_EDGE('',*,*,#968,.T.);
#1347=ORIENTED_EDGE('',*,*,#889,.T.);
#1348=ORIENTED_EDGE('',*,*,#968,.F.);
#1349=ORIENTED_EDGE('',*,*,#929,.T.);
#1350=ORIENTED_EDGE('',*,*,#883,.F.);
#1351=ORIENTED_EDGE('',*,*,#969,.F.);
#1352=ORIENTED_EDGE('',*,*,#911,.T.);
#1353=ORIENTED_EDGE('',*,*,#970,.T.);
#1354=ORIENTED_EDGE('',*,*,#896,.T.);
#1355=ORIENTED_EDGE('',*,*,#971,.T.);
#1356=ORIENTED_EDGE('',*,*,#972,.T.);
#1357=ORIENTED_EDGE('',*,*,#973,.T.);
#1358=ORIENTED_EDGE('',*,*,#912,.T.);
#1359=ORIENTED_EDGE('',*,*,#973,.F.);
#1360=ORIENTED_EDGE('',*,*,#974,.T.);
#1361=ORIENTED_EDGE('',*,*,#975,.T.);
#1362=ORIENTED_EDGE('',*,*,#946,.T.);
#1363=ORIENTED_EDGE('',*,*,#939,.T.);
#1364=ORIENTED_EDGE('',*,*,#976,.T.);
#1365=ORIENTED_EDGE('',*,*,#880,.T.);
#1366=ORIENTED_EDGE('',*,*,#977,.T.);
#1367=ORIENTED_EDGE('',*,*,#978,.T.);
#1368=ORIENTED_EDGE('',*,*,#979,.T.);
#1369=ORIENTED_EDGE('',*,*,#940,.T.);
#1370=ORIENTED_EDGE('',*,*,#979,.F.);
#1371=ORIENTED_EDGE('',*,*,#980,.T.);
#1372=ORIENTED_EDGE('',*,*,#981,.T.);
#1373=ORIENTED_EDGE('',*,*,#935,.T.);
#1374=ORIENTED_EDGE('',*,*,#967,.F.);
#1375=ORIENTED_EDGE('',*,*,#961,.F.);
#1376=ORIENTED_EDGE('',*,*,#964,.F.);
#1377=ORIENTED_EDGE('',*,*,#966,.F.);
#1378=ORIENTED_EDGE('',*,*,#910,.T.);
#1379=ORIENTED_EDGE('',*,*,#891,.F.);
#1380=ORIENTED_EDGE('',*,*,#897,.T.);
#1381=ORIENTED_EDGE('',*,*,#970,.F.);
#1382=ORIENTED_EDGE('',*,*,#982,.F.);
#1383=ORIENTED_EDGE('',*,*,#938,.T.);
#1384=ORIENTED_EDGE('',*,*,#875,.F.);
#1385=ORIENTED_EDGE('',*,*,#881,.T.);
#1386=ORIENTED_EDGE('',*,*,#976,.F.);
#1387=ORIENTED_EDGE('',*,*,#983,.F.);
#1388=ORIENTED_EDGE('',*,*,#978,.F.);
#1389=ORIENTED_EDGE('',*,*,#984,.F.);
#1390=ORIENTED_EDGE('',*,*,#985,.F.);
#1391=ORIENTED_EDGE('',*,*,#980,.F.);
#1392=ORIENTED_EDGE('',*,*,#972,.F.);
#1393=ORIENTED_EDGE('',*,*,#986,.F.);
#1394=ORIENTED_EDGE('',*,*,#987,.F.);
#1395=ORIENTED_EDGE('',*,*,#974,.F.);
#1396=ORIENTED_EDGE('',*,*,#957,.F.);
#1397=ORIENTED_EDGE('',*,*,#951,.F.);
#1398=ORIENTED_EDGE('',*,*,#954,.F.);
#1399=ORIENTED_EDGE('',*,*,#956,.F.);
#1400=ORIENTED_EDGE('',*,*,#830,.F.);
#1401=ORIENTED_EDGE('',*,*,#988,.T.);
#1402=ORIENTED_EDGE('',*,*,#989,.T.);
#1403=ORIENTED_EDGE('',*,*,#988,.F.);
#1404=ORIENTED_EDGE('',*,*,#989,.F.);
#1405=ORIENTED_EDGE('',*,*,#990,.F.);
#1406=ORIENTED_EDGE('',*,*,#831,.F.);
#1407=ORIENTED_EDGE('',*,*,#991,.T.);
#1408=ORIENTED_EDGE('',*,*,#992,.T.);
#1409=ORIENTED_EDGE('',*,*,#991,.F.);
#1410=ORIENTED_EDGE('',*,*,#992,.F.);
#1411=ORIENTED_EDGE('',*,*,#993,.F.);
#1412=ORIENTED_EDGE('',*,*,#832,.F.);
#1413=ORIENTED_EDGE('',*,*,#994,.T.);
#1414=ORIENTED_EDGE('',*,*,#995,.T.);
#1415=ORIENTED_EDGE('',*,*,#994,.F.);
#1416=ORIENTED_EDGE('',*,*,#995,.F.);
#1417=ORIENTED_EDGE('',*,*,#996,.F.);
#1418=ORIENTED_EDGE('',*,*,#990,.T.);
#1419=ORIENTED_EDGE('',*,*,#997,.T.);
#1420=ORIENTED_EDGE('',*,*,#969,.T.);
#1421=ORIENTED_EDGE('',*,*,#997,.F.);
#1422=ORIENTED_EDGE('',*,*,#993,.T.);
#1423=ORIENTED_EDGE('',*,*,#998,.T.);
#1424=ORIENTED_EDGE('',*,*,#959,.T.);
#1425=ORIENTED_EDGE('',*,*,#998,.F.);
#1426=ORIENTED_EDGE('',*,*,#996,.T.);
#1427=ORIENTED_EDGE('',*,*,#999,.T.);
#1428=ORIENTED_EDGE('',*,*,#982,.T.);
#1429=ORIENTED_EDGE('',*,*,#999,.F.);
#1430=ORIENTED_EDGE('',*,*,#833,.F.);
#1431=ORIENTED_EDGE('',*,*,#1000,.T.);
#1432=ORIENTED_EDGE('',*,*,#1001,.T.);
#1433=ORIENTED_EDGE('',*,*,#1000,.F.);
#1434=ORIENTED_EDGE('',*,*,#1001,.F.);
#1435=ORIENTED_EDGE('',*,*,#1002,.F.);
#1436=ORIENTED_EDGE('',*,*,#1002,.T.);
#1437=ORIENTED_EDGE('',*,*,#1003,.T.);
#1438=ORIENTED_EDGE('',*,*,#983,.T.);
#1439=ORIENTED_EDGE('',*,*,#1003,.F.);
#1440=ORIENTED_EDGE('',*,*,#936,.T.);
#1441=ORIENTED_EDGE('',*,*,#981,.F.);
#1442=ORIENTED_EDGE('',*,*,#985,.T.);
#1443=ORIENTED_EDGE('',*,*,#1004,.T.);
#1444=ORIENTED_EDGE('',*,*,#948,.T.);
#1445=ORIENTED_EDGE('',*,*,#932,.T.);
#1446=ORIENTED_EDGE('',*,*,#947,.T.);
#1447=ORIENTED_EDGE('',*,*,#975,.F.);
#1448=ORIENTED_EDGE('',*,*,#987,.T.);
#1449=ORIENTED_EDGE('',*,*,#1005,.T.);
#1450=ORIENTED_EDGE('',*,*,#941,.T.);
#1451=ORIENTED_EDGE('',*,*,#944,.T.);
#1452=ORIENTED_EDGE('',*,*,#942,.T.);
#1453=ORIENTED_EDGE('',*,*,#1005,.F.);
#1454=ORIENTED_EDGE('',*,*,#986,.T.);
#1455=ORIENTED_EDGE('',*,*,#971,.F.);
#1456=ORIENTED_EDGE('',*,*,#895,.T.);
#1457=ORIENTED_EDGE('',*,*,#949,.T.);
#1458=ORIENTED_EDGE('',*,*,#1004,.F.);
#1459=ORIENTED_EDGE('',*,*,#984,.T.);
#1460=ORIENTED_EDGE('',*,*,#977,.F.);
#1461=ORIENTED_EDGE('',*,*,#879,.T.);
#1462=PLANE('',#1624);
#1463=PLANE('',#1626);
#1464=PLANE('',#1628);
#1465=PLANE('',#1629);
#1466=PLANE('',#1631);
#1467=PLANE('',#1633);
#1468=PLANE('',#1636);
#1469=PLANE('',#1638);
#1470=PLANE('',#1640);
#1471=PLANE('',#1642);
#1472=PLANE('',#1644);
#1473=PLANE('',#1646);
#1474=PLANE('',#1648);
#1475=PLANE('',#1656);
#1476=PLANE('',#1657);
#1477=PLANE('',#1658);
#1478=PLANE('',#1659);
#1479=PLANE('',#1665);
#1480=PLANE('',#1679);
#1481=PLANE('',#1684);
#1482=PLANE('',#1685);
#1483=PLANE('',#1686);
#1484=PLANE('',#1687);
#1485=PLANE('',#1688);
#1486=PLANE('',#1689);
#1487=PLANE('',#1690);
#1488=PLANE('',#1691);
#1489=PLANE('',#1692);
#1490=PLANE('',#1693);
#1491=PLANE('',#1694);
#1492=PLANE('',#1698);
#1493=PLANE('',#1705);
#1494=PLANE('',#1709);
#1495=PLANE('',#1710);
#1496=PLANE('',#1714);
#1497=PLANE('',#1718);
#1498=PLANE('',#1725);
#1499=PLANE('',#1726);
#1500=PLANE('',#1727);
#1501=PLANE('',#1728);
#1502=PLANE('',#1729);
#1503=PLANE('',#1731);
#1504=PLANE('',#1732);
#1505=PLANE('',#1733);
#1506=PLANE('',#1734);
#1507=PLANE('',#1735);
#1508=PLANE('',#1737);
#1509=PLANE('',#1738);
#1510=PLANE('',#1739);
#1511=PLANE('',#1740);
#1512=PLANE('',#1741);
#1513=PLANE('',#1742);
#1514=PLANE('',#1744);
#1515=PLANE('',#1746);
#1516=PLANE('',#1747);
#1517=PLANE('',#1748);
#1518=PLANE('',#1751);
#1519=PLANE('',#1755);
#1520=PLANE('',#1759);
#1521=PLANE('',#1766);
#1522=PLANE('',#1769);
#1523=PLANE('',#1770);
#1524=PLANE('',#1771);
#1525=PLANE('',#1772);
#1526=ADVANCED_FACE('',(#92),#1462,.T.);
#1527=ADVANCED_FACE('',(#93),#1463,.T.);
#1528=ADVANCED_FACE('',(#94),#1464,.F.);
#1529=ADVANCED_FACE('',(#95),#1465,.T.);
#1530=ADVANCED_FACE('',(#96),#1466,.T.);
#1531=ADVANCED_FACE('',(#97),#1467,.T.);
#1532=ADVANCED_FACE('',(#98),#1468,.T.);
#1533=ADVANCED_FACE('',(#99),#1469,.T.);
#1534=ADVANCED_FACE('',(#100),#1470,.T.);
#1535=ADVANCED_FACE('',(#101),#1471,.T.);
#1536=ADVANCED_FACE('',(#102),#1472,.T.);
#1537=ADVANCED_FACE('',(#103),#1473,.T.);
#1538=ADVANCED_FACE('',(#104),#1474,.T.);
#1539=ADVANCED_FACE('',(#105),#33,.T.);
#1540=ADVANCED_FACE('',(#106),#1475,.F.);
#1541=ADVANCED_FACE('',(#107),#1476,.F.);
#1542=ADVANCED_FACE('',(#108),#1477,.F.);
#1543=ADVANCED_FACE('',(#109,#17,#18,#19,#20,#21),#1478,.T.);
#1544=ADVANCED_FACE('',(#110,#22),#1479,.F.);
#1545=ADVANCED_FACE('',(#111),#16,.T.);
#1546=ADVANCED_FACE('',(#112,#23),#1480,.T.);
#1547=ADVANCED_FACE('',(#113),#15,.F.);
#1548=ADVANCED_FACE('',(#114),#34,.F.);
#1549=ADVANCED_FACE('',(#115,#24),#1481,.T.);
#1550=ADVANCED_FACE('',(#116),#1482,.T.);
#1551=ADVANCED_FACE('',(#117),#1483,.F.);
#1552=ADVANCED_FACE('',(#118),#1484,.T.);
#1553=ADVANCED_FACE('',(#119),#1485,.F.);
#1554=ADVANCED_FACE('',(#120),#1486,.T.);
#1555=ADVANCED_FACE('',(#121),#1487,.F.);
#1556=ADVANCED_FACE('',(#122),#1488,.T.);
#1557=ADVANCED_FACE('',(#123),#1489,.F.);
#1558=ADVANCED_FACE('',(#124),#1490,.F.);
#1559=ADVANCED_FACE('',(#125),#1491,.F.);
#1560=ADVANCED_FACE('',(#126),#35,.T.);
#1561=ADVANCED_FACE('',(#127),#1492,.F.);
#1562=ADVANCED_FACE('',(#128),#36,.T.);
#1563=ADVANCED_FACE('',(#129),#37,.T.);
#1564=ADVANCED_FACE('',(#130),#1493,.F.);
#1565=ADVANCED_FACE('',(#131),#38,.T.);
#1566=ADVANCED_FACE('',(#132),#1494,.F.);
#1567=ADVANCED_FACE('',(#133),#1495,.F.);
#1568=ADVANCED_FACE('',(#134),#39,.T.);
#1569=ADVANCED_FACE('',(#135),#1496,.F.);
#1570=ADVANCED_FACE('',(#136),#40,.T.);
#1571=ADVANCED_FACE('',(#137),#1497,.F.);
#1572=ADVANCED_FACE('',(#138),#41,.T.);
#1573=ADVANCED_FACE('',(#139),#42,.T.);
#1574=ADVANCED_FACE('',(#140),#1498,.T.);
#1575=ADVANCED_FACE('',(#141),#1499,.T.);
#1576=ADVANCED_FACE('',(#142),#1500,.T.);
#1577=ADVANCED_FACE('',(#143),#1501,.T.);
#1578=ADVANCED_FACE('',(#144,#25),#1502,.F.);
#1579=ADVANCED_FACE('',(#145),#1503,.T.);
#1580=ADVANCED_FACE('',(#146),#1504,.T.);
#1581=ADVANCED_FACE('',(#147),#1505,.T.);
#1582=ADVANCED_FACE('',(#148),#1506,.T.);
#1583=ADVANCED_FACE('',(#149,#26),#1507,.F.);
#1584=ADVANCED_FACE('',(#150),#1508,.T.);
#1585=ADVANCED_FACE('',(#151),#1509,.T.);
#1586=ADVANCED_FACE('',(#152),#1510,.T.);
#1587=ADVANCED_FACE('',(#153),#1511,.T.);
#1588=ADVANCED_FACE('',(#154),#1512,.T.);
#1589=ADVANCED_FACE('',(#155,#27),#1513,.F.);
#1590=ADVANCED_FACE('',(#156,#28),#1514,.F.);
#1591=ADVANCED_FACE('',(#157),#1515,.T.);
#1592=ADVANCED_FACE('',(#158),#1516,.T.);
#1593=ADVANCED_FACE('',(#159),#1517,.T.);
#1594=ADVANCED_FACE('',(#160),#43,.F.);
#1595=ADVANCED_FACE('',(#161,#29),#1518,.T.);
#1596=ADVANCED_FACE('',(#162),#44,.F.);
#1597=ADVANCED_FACE('',(#163,#30),#1519,.T.);
#1598=ADVANCED_FACE('',(#164),#45,.F.);
#1599=ADVANCED_FACE('',(#165,#31),#1520,.T.);
#1600=ADVANCED_FACE('',(#166),#46,.F.);
#1601=ADVANCED_FACE('',(#167),#47,.F.);
#1602=ADVANCED_FACE('',(#168),#48,.F.);
#1603=ADVANCED_FACE('',(#169),#49,.F.);
#1604=ADVANCED_FACE('',(#170,#32),#1521,.T.);
#1605=ADVANCED_FACE('',(#171),#50,.F.);
#1606=ADVANCED_FACE('',(#172),#1522,.T.);
#1607=ADVANCED_FACE('',(#173),#1523,.T.);
#1608=ADVANCED_FACE('',(#174),#1524,.T.);
#1609=ADVANCED_FACE('',(#175),#1525,.T.);
#1610=CLOSED_SHELL('',(#1526,#1527,#1528,#1529,#1530,#1531,#1532,#1533,
#1534,#1535,#1536,#1537,#1538,#1539,#1540,#1541,#1542,#1543,#1544,#1545,
#1546,#1547,#1548,#1549,#1550,#1551,#1552,#1553,#1554,#1555,#1556,#1557,
#1558,#1559,#1560,#1561,#1562,#1563,#1564,#1565,#1566,#1567,#1568,#1569,
#1570,#1571,#1572,#1573,#1574,#1575,#1576,#1577,#1578,#1579,#1580,#1581,
#1582,#1583,#1584,#1585,#1586,#1587,#1588,#1589,#1590,#1591,#1592,#1593,
#1594,#1595,#1596,#1597,#1598,#1599,#1600,#1601,#1602,#1603,#1604,#1605,
#1606,#1607,#1608,#1609));
#1611=DERIVED_UNIT_ELEMENT(#1613,1.);
#1612=DERIVED_UNIT_ELEMENT(#2706,-3.);
#1613=(
MASS_UNIT()
NAMED_UNIT(*)
SI_UNIT(.KILO.,.GRAM.)
);
#1614=DERIVED_UNIT((#1611,#1612));
#1615=MEASURE_REPRESENTATION_ITEM('density measure',
POSITIVE_RATIO_MEASURE(7850.),#1614);
#1616=PROPERTY_DEFINITION_REPRESENTATION(#1621,#1618);
#1617=PROPERTY_DEFINITION_REPRESENTATION(#1622,#1619);
#1618=REPRESENTATION('material name',(#1620),#2703);
#1619=REPRESENTATION('density',(#1615),#2703);
#1620=DESCRIPTIVE_REPRESENTATION_ITEM('Steel','Steel');
#1621=PROPERTY_DEFINITION('material property','material name',#2713);
#1622=PROPERTY_DEFINITION('material property','density of part',#2713);
#1623=AXIS2_PLACEMENT_3D('',#2236,#1773,#1774);
#1624=AXIS2_PLACEMENT_3D('',#2237,#1775,#1776);
#1625=AXIS2_PLACEMENT_3D('',#2244,#1779,#1780);
#1626=AXIS2_PLACEMENT_3D('',#2246,#1782,#1783);
#1627=AXIS2_PLACEMENT_3D('',#2253,#1786,#1787);
#1628=AXIS2_PLACEMENT_3D('',#2255,#1789,#1790);
#1629=AXIS2_PLACEMENT_3D('',#2258,#1793,#1794);
#1630=AXIS2_PLACEMENT_3D('',#2265,#1797,#1798);
#1631=AXIS2_PLACEMENT_3D('',#2267,#1800,#1801);
#1632=AXIS2_PLACEMENT_3D('',#2274,#1804,#1805);
#1633=AXIS2_PLACEMENT_3D('',#2276,#1807,#1808);
#1634=AXIS2_PLACEMENT_3D('',#2279,#1810,#1811);
#1635=AXIS2_PLACEMENT_3D('',#2280,#1812,#1813);
#1636=AXIS2_PLACEMENT_3D('',#2281,#1814,#1815);
#1637=AXIS2_PLACEMENT_3D('',#2288,#1818,#1819);
#1638=AXIS2_PLACEMENT_3D('',#2290,#1821,#1822);
#1639=AXIS2_PLACEMENT_3D('',#2297,#1825,#1826);
#1640=AXIS2_PLACEMENT_3D('',#2299,#1828,#1829);
#1641=AXIS2_PLACEMENT_3D('',#2301,#1831,#1832);
#1642=AXIS2_PLACEMENT_3D('',#2302,#1833,#1834);
#1643=AXIS2_PLACEMENT_3D('',#2309,#1837,#1838);
#1644=AXIS2_PLACEMENT_3D('',#2311,#1840,#1841);
#1645=AXIS2_PLACEMENT_3D('',#2318,#1844,#1845);
#1646=AXIS2_PLACEMENT_3D('',#2320,#1847,#1848);
#1647=AXIS2_PLACEMENT_3D('',#2322,#1850,#1851);
#1648=AXIS2_PLACEMENT_3D('',#2323,#1852,#1853);
#1649=AXIS2_PLACEMENT_3D('',#2324,#1854,#1855);
#1650=AXIS2_PLACEMENT_3D('',#2325,#1856,#1857);
#1651=AXIS2_PLACEMENT_3D('',#2327,#1858,#1859);
#1652=AXIS2_PLACEMENT_3D('',#2329,#1861,#1862);
#1653=AXIS2_PLACEMENT_3D('',#2330,#1863,#1864);
#1654=AXIS2_PLACEMENT_3D('',#2331,#1865,#1866);
#1655=AXIS2_PLACEMENT_3D('',#2332,#1867,#1868);
#1656=AXIS2_PLACEMENT_3D('',#2333,#1869,#1870);
#1657=AXIS2_PLACEMENT_3D('',#2335,#1872,#1873);
#1658=AXIS2_PLACEMENT_3D('',#2337,#1875,#1876);
#1659=AXIS2_PLACEMENT_3D('',#2339,#1878,#1879);
#1660=AXIS2_PLACEMENT_3D('',#2341,#1880,#1881);
#1661=AXIS2_PLACEMENT_3D('',#2343,#1882,#1883);
#1662=AXIS2_PLACEMENT_3D('',#2345,#1884,#1885);
#1663=AXIS2_PLACEMENT_3D('',#2347,#1886,#1887);
#1664=AXIS2_PLACEMENT_3D('',#2349,#1888,#1889);
#1665=AXIS2_PLACEMENT_3D('',#2350,#1890,#1891);
#1666=AXIS2_PLACEMENT_3D('',#2357,#1894,#1895);
#1667=AXIS2_PLACEMENT_3D('',#2361,#1897,#1898);
#1668=AXIS2_PLACEMENT_3D('',#2367,#1901,#1902);
#1669=AXIS2_PLACEMENT_3D('',#2371,#1904,#1905);
#1670=AXIS2_PLACEMENT_3D('',#2377,#1908,#1909);
#1671=AXIS2_PLACEMENT_3D('',#2381,#1911,#1912);
#1672=AXIS2_PLACEMENT_3D('',#2387,#1915,#1916);
#1673=AXIS2_PLACEMENT_3D('',#2390,#1918,#1919);
#1674=AXIS2_PLACEMENT_3D('',#2391,#1920,#1921);
#1675=AXIS2_PLACEMENT_3D('',#2394,#1922,#1923);
#1676=AXIS2_PLACEMENT_3D('',#2395,#1924,#1925);
#1677=AXIS2_PLACEMENT_3D('',#2397,#1926,#1927);
#1678=AXIS2_PLACEMENT_3D('',#2398,#1928,#1929);
#1679=AXIS2_PLACEMENT_3D('',#2399,#1930,#1931);
#1680=AXIS2_PLACEMENT_3D('',#2401,#1932,#1933);
#1681=AXIS2_PLACEMENT_3D('',#2402,#1934,#1935);
#1682=AXIS2_PLACEMENT_3D('',#2404,#1937,#1938);
#1683=AXIS2_PLACEMENT_3D('',#2406,#1939,#1940);
#1684=AXIS2_PLACEMENT_3D('',#2408,#1942,#1943);
#1685=AXIS2_PLACEMENT_3D('',#2433,#1956,#1957);
#1686=AXIS2_PLACEMENT_3D('',#2439,#1961,#1962);
#1687=AXIS2_PLACEMENT_3D('',#2448,#1968,#1969);
#1688=AXIS2_PLACEMENT_3D('',#2454,#1973,#1974);
#1689=AXIS2_PLACEMENT_3D('',#2463,#1980,#1981);
#1690=AXIS2_PLACEMENT_3D('',#2469,#1985,#1986);
#1691=AXIS2_PLACEMENT_3D('',#2478,#1992,#1993);
#1692=AXIS2_PLACEMENT_3D('',#2484,#1997,#1998);
#1693=AXIS2_PLACEMENT_3D('',#2493,#2004,#2005);
#1694=AXIS2_PLACEMENT_3D('',#2501,#2010,#2011);
#1695=AXIS2_PLACEMENT_3D('',#2509,#2016,#2017);
#1696=AXIS2_PLACEMENT_3D('',#2511,#2018,#2019);
#1697=AXIS2_PLACEMENT_3D('',#2514,#2021,#2022);
#1698=AXIS2_PLACEMENT_3D('',#2515,#2023,#2024);
#1699=AXIS2_PLACEMENT_3D('',#2519,#2027,#2028);
#1700=AXIS2_PLACEMENT_3D('',#2521,#2029,#2030);
#1701=AXIS2_PLACEMENT_3D('',#2522,#2031,#2032);
#1702=AXIS2_PLACEMENT_3D('',#2523,#2033,#2034);
#1703=AXIS2_PLACEMENT_3D('',#2525,#2035,#2036);
#1704=AXIS2_PLACEMENT_3D('',#2528,#2038,#2039);
#1705=AXIS2_PLACEMENT_3D('',#2529,#2040,#2041);
#1706=AXIS2_PLACEMENT_3D('',#2533,#2044,#2045);
#1707=AXIS2_PLACEMENT_3D('',#2535,#2046,#2047);
#1708=AXIS2_PLACEMENT_3D('',#2538,#2049,#2050);
#1709=AXIS2_PLACEMENT_3D('',#2539,#2051,#2052);
#1710=AXIS2_PLACEMENT_3D('',#2545,#2056,#2057);
#1711=AXIS2_PLACEMENT_3D('',#2551,#2061,#2062);
#1712=AXIS2_PLACEMENT_3D('',#2554,#2063,#2064);
#1713=AXIS2_PLACEMENT_3D('',#2555,#2065,#2066);
#1714=AXIS2_PLACEMENT_3D('',#2557,#2068,#2069);
#1715=AXIS2_PLACEMENT_3D('',#2563,#2073,#2074);
#1716=AXIS2_PLACEMENT_3D('',#2566,#2075,#2076);
#1717=AXIS2_PLACEMENT_3D('',#2567,#2077,#2078);
#1718=AXIS2_PLACEMENT_3D('',#2569,#2080,#2081);
#1719=AXIS2_PLACEMENT_3D('',#2573,#2084,#2085);
#1720=AXIS2_PLACEMENT_3D('',#2575,#2086,#2087);
#1721=AXIS2_PLACEMENT_3D('',#2576,#2088,#2089);
#1722=AXIS2_PLACEMENT_3D('',#2577,#2090,#2091);
#1723=AXIS2_PLACEMENT_3D('',#2579,#2092,#2093);
#1724=AXIS2_PLACEMENT_3D('',#2580,#2094,#2095);
#1725=AXIS2_PLACEMENT_3D('',#2581,#2096,#2097);
#1726=AXIS2_PLACEMENT_3D('',#2587,#2101,#2102);
#1727=AXIS2_PLACEMENT_3D('',#2591,#2105,#2106);
#1728=AXIS2_PLACEMENT_3D('',#2595,#2109,#2110);
#1729=AXIS2_PLACEMENT_3D('',#2598,#2113,#2114);
#1730=AXIS2_PLACEMENT_3D('',#2600,#2115,#2116);
#1731=AXIS2_PLACEMENT_3D('',#2601,#2117,#2118);
#1732=AXIS2_PLACEMENT_3D('',#2607,#2122,#2123);
#1733=AXIS2_PLACEMENT_3D('',#2611,#2126,#2127);
#1734=AXIS2_PLACEMENT_3D('',#2615,#2130,#2131);
#1735=AXIS2_PLACEMENT_3D('',#2618,#2134,#2135);
#1736=AXIS2_PLACEMENT_3D('',#2620,#2136,#2137);
#1737=AXIS2_PLACEMENT_3D('',#2621,#2138,#2139);
#1738=AXIS2_PLACEMENT_3D('',#2628,#2144,#2145);
#1739=AXIS2_PLACEMENT_3D('',#2632,#2148,#2149);
#1740=AXIS2_PLACEMENT_3D('',#2639,#2154,#2155);
#1741=AXIS2_PLACEMENT_3D('',#2643,#2158,#2159);
#1742=AXIS2_PLACEMENT_3D('',#2644,#2160,#2161);
#1743=AXIS2_PLACEMENT_3D('',#2646,#2162,#2163);
#1744=AXIS2_PLACEMENT_3D('',#2647,#2164,#2165);
#1745=AXIS2_PLACEMENT_3D('',#2649,#2166,#2167);
#1746=AXIS2_PLACEMENT_3D('',#2650,#2168,#2169);
#1747=AXIS2_PLACEMENT_3D('',#2654,#2172,#2173);
#1748=AXIS2_PLACEMENT_3D('',#2658,#2176,#2177);
#1749=AXIS2_PLACEMENT_3D('',#2659,#2178,#2179);
#1750=AXIS2_PLACEMENT_3D('',#2662,#2181,#2182);
#1751=AXIS2_PLACEMENT_3D('',#2663,#2183,#2184);
#1752=AXIS2_PLACEMENT_3D('',#2665,#2185,#2186);
#1753=AXIS2_PLACEMENT_3D('',#2666,#2187,#2188);
#1754=AXIS2_PLACEMENT_3D('',#2669,#2190,#2191);
#1755=AXIS2_PLACEMENT_3D('',#2670,#2192,#2193);
#1756=AXIS2_PLACEMENT_3D('',#2672,#2194,#2195);
#1757=AXIS2_PLACEMENT_3D('',#2673,#2196,#2197);
#1758=AXIS2_PLACEMENT_3D('',#2676,#2199,#2200);
#1759=AXIS2_PLACEMENT_3D('',#2677,#2201,#2202);
#1760=AXIS2_PLACEMENT_3D('',#2679,#2203,#2204);
#1761=AXIS2_PLACEMENT_3D('',#2680,#2205,#2206);
#1762=AXIS2_PLACEMENT_3D('',#2682,#2208,#2209);
#1763=AXIS2_PLACEMENT_3D('',#2684,#2211,#2212);
#1764=AXIS2_PLACEMENT_3D('',#2686,#2214,#2215);
#1765=AXIS2_PLACEMENT_3D('',#2689,#2217,#2218);
#1766=AXIS2_PLACEMENT_3D('',#2690,#2219,#2220);
#1767=AXIS2_PLACEMENT_3D('',#2692,#2221,#2222);
#1768=AXIS2_PLACEMENT_3D('',#2693,#2223,#2224);
#1769=AXIS2_PLACEMENT_3D('',#2695,#2226,#2227);
#1770=AXIS2_PLACEMENT_3D('',#2697,#2229,#2230);
#1771=AXIS2_PLACEMENT_3D('',#2699,#2232,#2233);
#1772=AXIS2_PLACEMENT_3D('',#2700,#2234,#2235);
#1773=DIRECTION('axis',(0.,0.,1.));
#1774=DIRECTION('refdir',(1.,0.,0.));
#1775=DIRECTION('center_axis',(0.707106781186547,-0.707106781186548,-1.79255795383712E-16));
#1776=DIRECTION('ref_axis',(-2.53505976965622E-16,0.,-1.));
#1777=DIRECTION('',(0.707106781186548,0.707106781186547,-1.29893408435324E-16));
#1778=DIRECTION('',(1.83697019872103E-16,0.,1.));
#1779=DIRECTION('center_axis',(0.707106781186547,-0.707106781186548,-1.79255795383712E-16));
#1780=DIRECTION('ref_axis',(-0.707106781186548,-0.707106781186547,-3.66186028618181E-18));
#1781=DIRECTION('',(1.83697019872103E-16,-6.98089570935189E-17,1.));
#1782=DIRECTION('center_axis',(-0.707106781186548,-0.707106781186548,8.0531021486936E-17));
#1783=DIRECTION('ref_axis',(1.13888062778584E-16,0.,1.));
#1784=DIRECTION('',(0.707106781186548,-0.707106781186548,-1.29893408435324E-16));
#1785=DIRECTION('',(-1.83697019872103E-16,6.98089570935189E-17,-1.));
#1786=DIRECTION('center_axis',(-0.707106781186548,-0.707106781186548,8.0531021486936E-17));
#1787=DIRECTION('ref_axis',(-0.707106781186547,0.707106781186547,3.66186028618182E-18));
#1788=DIRECTION('',(-1.83697019872103E-16,0.,-1.));
#1789=DIRECTION('center_axis',(1.83697019872103E-16,0.,1.));
#1790=DIRECTION('ref_axis',(1.,-5.17865248023375E-18,-1.83697019872103E-16));
#1791=DIRECTION('',(1.,-5.17865248023375E-18,-1.83697019872103E-16));
#1792=DIRECTION('',(1.,0.,-1.83697019872103E-16));
#1793=DIRECTION('center_axis',(4.9362386948388E-17,-0.707106781186548,-0.707106781186548));
#1794=DIRECTION('ref_axis',(-1.,0.,-6.98089570935189E-17));
#1795=DIRECTION('',(8.97139463970579E-33,-0.707106781186548,0.707106781186548));
#1796=DIRECTION('',(1.,6.98089570935189E-17,-1.23259516440783E-32));
#1797=DIRECTION('center_axis',(4.9362386948388E-17,-0.707106781186548,-0.707106781186548));
#1798=DIRECTION('ref_axis',(-8.9713946397058E-33,0.707106781186547,-0.707106781186547));
#1799=DIRECTION('',(1.,0.,-1.23259516440783E-32));
#1800=DIRECTION('center_axis',(4.9362386948388E-17,-0.707106781186548,0.707106781186547));
#1801=DIRECTION('ref_axis',(1.,0.,-6.9808957093519E-17));
#1802=DIRECTION('',(8.9713946397058E-33,0.707106781186547,0.707106781186548));
#1803=DIRECTION('',(-1.,0.,1.23259516440783E-32));
#1804=DIRECTION('center_axis',(4.9362386948388E-17,-0.707106781186548,0.707106781186547));
#1805=DIRECTION('ref_axis',(-8.9713946397058E-33,-0.707106781186547,-0.707106781186548));
#1806=DIRECTION('',(-1.,-6.98089570935189E-17,1.23259516440783E-32));
#1807=DIRECTION('center_axis',(6.98089570935189E-17,-1.,-5.17865248023375E-18));
#1808=DIRECTION('ref_axis',(1.,6.98089570935189E-17,-1.23259516440783E-32));
#1809=DIRECTION('',(1.26874679728732E-32,-5.17865248023375E-18,1.));
#1810=DIRECTION('center_axis',(-6.98089570935189E-17,1.,5.17865248023375E-18));
#1811=DIRECTION('ref_axis',(-1.,0.,1.26874679728732E-32));
#1812=DIRECTION('center_axis',(-6.98089570935189E-17,1.,5.17865248023375E-18));
#1813=DIRECTION('ref_axis',(-1.,0.,1.26874679728732E-32));
#1814=DIRECTION('center_axis',(0.707106781186547,-0.707106781186548,6.06458413661331E-18));
#1815=DIRECTION('ref_axis',(8.57661713615128E-18,0.,-1.));
#1816=DIRECTION('',(-0.707106781186548,-0.707106781186547,4.32978028117747E-17));
#1817=DIRECTION('',(6.12323399573677E-17,6.98089570935189E-17,1.));
#1818=DIRECTION('center_axis',(0.707106781186547,-0.707106781186548,6.06458413661331E-18));
#1819=DIRECTION('ref_axis',(-0.707106781186548,-0.707106781186547,-3.66186028618181E-18));
#1820=DIRECTION('',(6.12323399573677E-17,0.,1.));
#1821=DIRECTION('center_axis',(-0.707106781186547,-0.707106781186548,9.26601897601627E-17));
#1822=DIRECTION('ref_axis',(1.31041297050887E-16,0.,1.));
#1823=DIRECTION('',(-0.707106781186548,0.707106781186547,4.32978028117747E-17));
#1824=DIRECTION('',(-6.12323399573677E-17,0.,-1.));
#1825=DIRECTION('center_axis',(-0.707106781186547,-0.707106781186548,9.26601897601627E-17));
#1826=DIRECTION('ref_axis',(-0.707106781186548,0.707106781186547,3.66186028618182E-18));
#1827=DIRECTION('',(-6.12323399573677E-17,-6.98089570935189E-17,-1.));
#1828=DIRECTION('center_axis',(5.17865248023375E-18,-1.,6.98089570935189E-17));
#1829=DIRECTION('ref_axis',(6.12323399573677E-17,6.98089570935189E-17,1.));
#1830=DIRECTION('',(-1.,-5.17865248023375E-18,6.12323399573677E-17));
#1831=DIRECTION('center_axis',(-5.17865248023375E-18,1.,-6.98089570935189E-17));
#1832=DIRECTION('ref_axis',(-1.,0.,1.26874679728732E-32));
#1833=DIRECTION('center_axis',(3.72332186751614E-17,-0.707106781186547,
0.707106781186548));
#1834=DIRECTION('ref_axis',(1.,0.,-5.26557228212164E-17));
#1835=DIRECTION('',(-8.65956056235493E-17,-0.707106781186548,-0.707106781186547));
#1836=DIRECTION('',(-1.,6.98089570935189E-17,1.22464679914735E-16));
#1837=DIRECTION('center_axis',(3.72332186751614E-17,-0.707106781186547,
0.707106781186548));
#1838=DIRECTION('ref_axis',(-8.9713946397058E-33,-0.707106781186548,-0.707106781186547));
#1839=DIRECTION('',(-1.,0.,1.22464679914735E-16));
#1840=DIRECTION('center_axis',(-1.35957992571937E-16,-0.707106781186548,
-0.707106781186548));
#1841=DIRECTION('ref_axis',(-1.,0.,1.92273637008254E-16));
#1842=DIRECTION('',(-8.65956056235494E-17,0.707106781186548,-0.707106781186548));
#1843=DIRECTION('',(1.,0.,-1.22464679914735E-16));
#1844=DIRECTION('center_axis',(-1.35957992571937E-16,-0.707106781186548,
-0.707106781186548));
#1845=DIRECTION('ref_axis',(-8.9713946397058E-33,0.707106781186547,-0.707106781186547));
#1846=DIRECTION('',(1.,-6.98089570935189E-17,-1.22464679914735E-16));
#1847=DIRECTION('center_axis',(-6.98089570935189E-17,-1.,5.17865248023375E-18));
#1848=DIRECTION('ref_axis',(-1.,6.98089570935189E-17,1.22464679914735E-16));
#1849=DIRECTION('',(-1.22464679914735E-16,-5.17865248023375E-18,-1.));
#1850=DIRECTION('center_axis',(6.98089570935189E-17,1.,-5.17865248023375E-18));
#1851=DIRECTION('ref_axis',(-1.,0.,1.26874679728732E-32));
#1852=DIRECTION('center_axis',(-5.17865248023376E-18,-1.,-6.98089570935189E-17));
#1853=DIRECTION('ref_axis',(-1.83697019872103E-16,6.98089570935189E-17,
-1.));
#1854=DIRECTION('center_axis',(5.17865248023376E-18,1.,6.98089570935189E-17));
#1855=DIRECTION('ref_axis',(-1.,0.,1.26874679728732E-32));
#1856=DIRECTION('center_axis',(0.,-1.,-5.17865248023375E-18));
#1857=DIRECTION('ref_axis',(-1.,0.,1.26874679728732E-32));
#1858=DIRECTION('center_axis',(-6.98089570935189E-17,1.,5.17865248023375E-18));
#1859=DIRECTION('ref_axis',(-1.,-6.98089570935189E-17,1.23259516440783E-32));
#1860=DIRECTION('',(0.,-1.,-5.17865248023375E-18));
#1861=DIRECTION('center_axis',(6.98089570935189E-17,-1.,-5.17865248023375E-18));
#1862=DIRECTION('ref_axis',(-1.,-6.98089570935189E-17,1.23259516440783E-32));
#1863=DIRECTION('center_axis',(6.98089570935189E-17,-1.,-5.17865248023375E-18));
#1864=DIRECTION('ref_axis',(-1.,-6.98089570935189E-17,1.23259516440783E-32));
#1865=DIRECTION('center_axis',(6.98089570935189E-17,-1.,-5.17865248023375E-18));
#1866=DIRECTION('ref_axis',(-1.,-6.98089570935189E-17,1.23259516440783E-32));
#1867=DIRECTION('center_axis',(6.98089570935189E-17,-1.,-5.17865248023375E-18));
#1868=DIRECTION('ref_axis',(-1.,-6.98089570935189E-17,1.23259516440783E-32));
#1869=DIRECTION('center_axis',(1.,0.,-1.22464679914735E-16));
#1870=DIRECTION('ref_axis',(-1.22464679914735E-16,-5.17865248023375E-18,
-1.));
#1871=DIRECTION('',(-1.22464679914735E-16,0.,-1.));
#1872=DIRECTION('center_axis',(-6.12323399573677E-17,0.,-1.));
#1873=DIRECTION('ref_axis',(-1.,-5.17865248023375E-18,6.12323399573677E-17));
#1874=DIRECTION('',(-1.,0.,6.12323399573677E-17));
#1875=DIRECTION('center_axis',(-1.,0.,1.26874679728732E-32));
#1876=DIRECTION('ref_axis',(1.26874679728732E-32,-5.17865248023375E-18,
1.));
#1877=DIRECTION('',(1.26874679728732E-32,0.,1.));
#1878=DIRECTION('center_axis',(0.,-1.,0.));
#1879=DIRECTION('ref_axis',(1.,0.,0.));
#1880=DIRECTION('center_axis',(0.,1.,0.));
#1881=DIRECTION('ref_axis',(1.,0.,0.));
#1882=DIRECTION('center_axis',(0.,1.,0.));
#1883=DIRECTION('ref_axis',(-1.83697019872103E-16,0.,1.));
#1884=DIRECTION('center_axis',(0.,1.,0.));
#1885=DIRECTION('ref_axis',(-1.,0.,-1.22464679914735E-16));
#1886=DIRECTION('center_axis',(0.,1.,0.));
#1887=DIRECTION('ref_axis',(6.12323399573677E-17,0.,-1.));
#1888=DIRECTION('center_axis',(0.,1.,0.));
#1889=DIRECTION('ref_axis',(1.,0.,0.));
#1890=DIRECTION('center_axis',(0.,-1.,0.));
#1891=DIRECTION('ref_axis',(1.,0.,0.));
#1892=DIRECTION('',(0.,0.,-1.));
#1893=DIRECTION('',(-1.,0.,1.09561482693272E-16));
#1894=DIRECTION('center_axis',(0.,-1.,0.));
#1895=DIRECTION('ref_axis',(-1.,0.,-9.25185853854296E-16));
#1896=DIRECTION('',(-1.58603289232168E-15,0.,-1.));
#1897=DIRECTION('center_axis',(0.,-1.,0.));
#1898=DIRECTION('ref_axis',(0.,0.,-1.));
#1899=DIRECTION('',(1.,0.,-2.19122965386545E-16));
#1900=DIRECTION('',(1.46081976924362E-16,0.,-1.));
#1901=DIRECTION('center_axis',(0.,-1.,0.));
#1902=DIRECTION('ref_axis',(3.08395284618099E-16,0.,-1.));
#1903=DIRECTION('',(1.,0.,0.));
#1904=DIRECTION('center_axis',(0.,-1.,0.));
#1905=DIRECTION('ref_axis',(1.,0.,0.));
#1906=DIRECTION('',(1.46081976924362E-16,0.,1.));
#1907=DIRECTION('',(1.,0.,3.65204942310908E-17));
#1908=DIRECTION('center_axis',(0.,-1.,0.));
#1909=DIRECTION('ref_axis',(1.,0.,3.08395284618099E-16));
#1910=DIRECTION('',(0.,0.,1.));
#1911=DIRECTION('center_axis',(0.,-1.,0.));
#1912=DIRECTION('ref_axis',(0.,0.,1.));
#1913=DIRECTION('',(-1.,0.,7.30409884621816E-17));
#1914=DIRECTION('',(-1.46081976924362E-16,0.,1.));
#1915=DIRECTION('center_axis',(0.,-1.,0.));
#1916=DIRECTION('ref_axis',(-3.08395284618099E-16,0.,1.));
#1917=DIRECTION('',(-1.,0.,0.));
#1918=DIRECTION('center_axis',(0.,-1.,0.));
#1919=DIRECTION('ref_axis',(-1.,0.,0.));
#1920=DIRECTION('center_axis',(-6.98089570935032E-17,1.,5.17865231962352E-18));
#1921=DIRECTION('ref_axis',(0.000420072038869498,0.,0.999999911769737));
#1922=DIRECTION('center_axis',(6.98089570935032E-17,-1.,-5.17865231962352E-18));
#1923=DIRECTION('ref_axis',(0.000420072038869498,-3.48298890301809E-18,
0.999999911769737));
#1924=DIRECTION('center_axis',(6.98089570935032E-17,-1.,-5.17865231962352E-18));
#1925=DIRECTION('ref_axis',(0.000420072038869498,-3.48298890301809E-18,
0.999999911769737));
#1926=DIRECTION('center_axis',(-0.999999911769737,-6.98111263412791E-17,
0.000420072038869375));
#1927=DIRECTION('ref_axis',(-0.000420072038869375,0.,-0.999999911769737));
#1928=DIRECTION('center_axis',(-6.98089570935032E-17,1.,5.17865231962352E-18));
#1929=DIRECTION('ref_axis',(0.000420072038869498,0.,0.999999911769737));
#1930=DIRECTION('center_axis',(-6.98089570935032E-17,1.,5.17865231962352E-18));
#1931=DIRECTION('ref_axis',(-1.,-6.98089570935032E-17,-2.67189070771173E-24));
#1932=DIRECTION('center_axis',(6.98089570935032E-17,-1.,-5.17865231962352E-18));
#1933=DIRECTION('ref_axis',(-1.,-6.98089570935032E-17,-2.67189070771173E-24));
#1934=DIRECTION('center_axis',(0.,-1.,0.));
#1935=DIRECTION('ref_axis',(1.,0.,0.));
#1936=DIRECTION('',(0.106533121280089,0.994309154172042,1.30465445978838E-17));
#1937=DIRECTION('center_axis',(0.,-1.,-5.17865231962358E-18));
#1938=DIRECTION('ref_axis',(-1.,0.,-2.67189070735021E-24));
#1939=DIRECTION('center_axis',(0.,-1.,0.));
#1940=DIRECTION('ref_axis',(-1.,0.,-2.67189070735021E-24));
#1941=DIRECTION('',(0.,-1.,-5.17865231962358E-18));
#1942=DIRECTION('center_axis',(0.,1.,0.));
#1943=DIRECTION('ref_axis',(-1.,0.,0.));
#1944=DIRECTION('',(-6.12323399573677E-17,0.,1.));
#1945=DIRECTION('',(1.,0.,3.65204942310908E-17));
#1946=DIRECTION('',(1.46081976924362E-16,0.,1.));
#1947=DIRECTION('',(1.,0.,1.22464679914735E-16));
#1948=DIRECTION('',(1.46081976924362E-16,0.,-1.));
#1949=DIRECTION('',(1.,0.,-2.19122965386545E-16));
#1950=DIRECTION('',(1.83697019872103E-16,0.,-1.));
#1951=DIRECTION('',(-1.,0.,1.09561482693272E-16));
#1952=DIRECTION('',(0.,0.,-1.));
#1953=DIRECTION('',(-1.,0.,0.));
#1954=DIRECTION('',(-1.46081976924362E-16,0.,1.));
#1955=DIRECTION('',(-1.,0.,7.30409884621816E-17));
#1956=DIRECTION('center_axis',(0.707106781186548,0.707106781186547,4.32978028117747E-17));
#1957=DIRECTION('ref_axis',(6.12323399573676E-17,0.,-1.));
#1958=DIRECTION('',(0.707106781186547,-0.707106781186548,-5.1647778246177E-17));
#1959=DIRECTION('',(6.12323399573677E-17,0.,-1.));
#1960=DIRECTION('',(-0.707106781186547,0.707106781186548,-2.58238891230885E-17));
#1961=DIRECTION('center_axis',(-7.30409884621816E-17,0.,-1.));
#1962=DIRECTION('ref_axis',(-1.,0.,7.30409884621816E-17));
#1963=DIRECTION('',(0.,1.,0.));
#1964=DIRECTION('',(0.,1.,0.));
#1965=DIRECTION('',(1.,7.73375171952514E-18,-7.30409884621816E-17));
#1966=DIRECTION('',(0.707106781186548,0.707106781186548,-5.1647778246177E-17));
#1967=DIRECTION('',(1.,0.,-7.30409884621816E-17));
#1968=DIRECTION('center_axis',(0.,0.707106781186548,0.707106781186548));
#1969=DIRECTION('ref_axis',(1.,0.,0.));
#1970=DIRECTION('',(0.,-0.707106781186548,0.707106781186548));
#1971=DIRECTION('',(1.,0.,0.));
#1972=DIRECTION('',(1.03295556492353E-16,0.707106781186548,-0.707106781186548));
#1973=DIRECTION('center_axis',(1.,0.,0.));
#1974=DIRECTION('ref_axis',(0.,0.,-1.));
#1975=DIRECTION('',(0.,1.,0.));
#1976=DIRECTION('',(0.,1.,0.));
#1977=DIRECTION('',(0.,0.,1.));
#1978=DIRECTION('',(0.,0.707106781186548,0.707106781186548));
#1979=DIRECTION('',(0.,0.,1.));
#1980=DIRECTION('center_axis',(8.65956056235493E-17,0.707106781186548,-0.707106781186547));
#1981=DIRECTION('ref_axis',(-1.,0.,-1.22464679914735E-16));
#1982=DIRECTION('',(-1.03295556492353E-16,-0.707106781186547,-0.707106781186548));
#1983=DIRECTION('',(-1.,0.,-1.22464679914735E-16));
#1984=DIRECTION('',(-1.03295556492353E-16,0.707106781186547,0.707106781186548));
#1985=DIRECTION('center_axis',(-1.,0.,1.46081976924362E-16));
#1986=DIRECTION('ref_axis',(1.46081976924362E-16,0.,1.));
#1987=DIRECTION('',(0.,1.,0.));
#1988=DIRECTION('',(0.,1.,0.));
#1989=DIRECTION('',(-1.46081976924362E-16,1.46081976924362E-16,-1.));
#1990=DIRECTION('',(-1.03295556492353E-16,0.707106781186548,-0.707106781186548));
#1991=DIRECTION('',(-1.46081976924362E-16,0.,-1.));
#1992=DIRECTION('center_axis',(-0.707106781186547,0.707106781186548,-1.29893408435324E-16));
#1993=DIRECTION('ref_axis',(-1.83697019872103E-16,0.,1.));
#1994=DIRECTION('',(-0.707106781186548,-0.707106781186547,1.54943334738531E-16));
#1995=DIRECTION('',(-1.83697019872103E-16,0.,1.));
#1996=DIRECTION('',(0.707106781186548,0.707106781186547,-7.74716673692655E-17));
#1997=DIRECTION('center_axis',(2.19122965386545E-16,0.,1.));
#1998=DIRECTION('ref_axis',(1.,0.,-2.19122965386545E-16));
#1999=DIRECTION('',(0.,1.,0.));
#2000=DIRECTION('',(0.,1.,0.));
#2001=DIRECTION('',(-1.,1.53815728643888E-16,2.19122965386545E-16));
#2002=DIRECTION('',(-0.707106781186548,0.707106781186548,1.54943334738531E-16));
#2003=DIRECTION('',(-1.,0.,2.19122965386545E-16));
#2004=DIRECTION('center_axis',(-1.09561482693272E-16,0.,-1.));
#2005=DIRECTION('ref_axis',(-1.,0.,1.09561482693272E-16));
#2006=DIRECTION('',(1.,0.,-1.09561482693272E-16));
#2007=DIRECTION('',(0.707106781186548,-0.707106781186548,-7.74716673692654E-17));
#2008=DIRECTION('',(1.,1.09561482693272E-16,-1.09561482693272E-16));
#2009=DIRECTION('',(0.,1.,0.));
#2010=DIRECTION('center_axis',(1.,0.,1.46081976924362E-16));
#2011=DIRECTION('ref_axis',(1.46081976924362E-16,0.,-1.));
#2012=DIRECTION('',(-1.46081976924362E-16,0.,1.));
#2013=DIRECTION('',(-1.03295556492353E-16,-0.707106781186548,0.707106781186548));
#2014=DIRECTION('',(-1.46081976924362E-16,-1.46081976924363E-16,1.));
#2015=DIRECTION('',(0.,1.,0.));
#2016=DIRECTION('center_axis',(0.,1.,0.));
#2017=DIRECTION('ref_axis',(0.,0.,-1.));
#2018=DIRECTION('center_axis',(-4.61791899612877E-17,0.707106781186547,
-0.707106781186548));
#2019=DIRECTION('ref_axis',(0.,-0.707106781186548,-0.707106781186547));
#2020=DIRECTION('',(0.,1.,0.));
#2021=DIRECTION('center_axis',(-0.707106781186549,0.707106781186546,-3.27102595559124E-16));
#2022=DIRECTION('ref_axis',(-0.707106781186546,-0.707106781186549,0.));
#2023=DIRECTION('center_axis',(1.,0.,-1.58603289232168E-15));
#2024=DIRECTION('ref_axis',(-1.58603289232168E-15,0.,-1.));
#2025=DIRECTION('',(1.58603289232168E-15,2.04862581924884E-15,1.));
#2026=DIRECTION('',(0.,1.,0.));
#2027=DIRECTION('center_axis',(0.,1.,0.));
#2028=DIRECTION('ref_axis',(-1.,0.,-9.25185853854296E-16));
#2029=DIRECTION('center_axis',(-0.707106781186549,0.707106781186546,-3.27102595559124E-16));
#2030=DIRECTION('ref_axis',(-0.707106781186546,-0.707106781186549,-6.54205191118238E-16));
#2031=DIRECTION('center_axis',(0.,0.707106781186547,0.707106781186548));
#2032=DIRECTION('ref_axis',(-6.54205191118239E-16,-0.707106781186548,0.707106781186547));
#2033=DIRECTION('center_axis',(0.,1.,0.));
#2034=DIRECTION('ref_axis',(-1.,0.,0.));
#2035=DIRECTION('center_axis',(-0.707106781186549,0.707106781186546,0.));
#2036=DIRECTION('ref_axis',(-0.707106781186546,-0.707106781186549,0.));
#2037=DIRECTION('',(0.,1.,0.));
#2038=DIRECTION('center_axis',(0.,0.707106781186548,0.707106781186548));
#2039=DIRECTION('ref_axis',(0.,-0.707106781186548,0.707106781186548));
#2040=DIRECTION('center_axis',(0.,0.,-1.));
#2041=DIRECTION('ref_axis',(-1.,0.,0.));
#2042=DIRECTION('',(1.,0.,0.));
#2043=DIRECTION('',(0.,1.,0.));
#2044=DIRECTION('center_axis',(0.,1.,0.));
#2045=DIRECTION('ref_axis',(-3.08395284618099E-16,0.,1.));
#2046=DIRECTION('center_axis',(0.,0.707106781186548,0.707106781186548));
#2047=DIRECTION('ref_axis',(-2.18068397039413E-16,-0.707106781186548,0.707106781186548));
#2048=DIRECTION('',(0.,1.,0.));
#2049=DIRECTION('center_axis',(0.707106781186546,0.707106781186549,0.));
#2050=DIRECTION('ref_axis',(0.707106781186549,-0.707106781186546,2.18068397039414E-16));
#2051=DIRECTION('center_axis',(-1.,0.,-1.46081976924362E-16));
#2052=DIRECTION('ref_axis',(-1.46081976924362E-16,0.,1.));
#2053=DIRECTION('',(1.46081976924362E-16,0.,-1.));
#2054=DIRECTION('',(1.03295556492353E-16,-0.707106781186548,-0.707106781186548));
#2055=DIRECTION('',(1.46081976924362E-16,-1.46081976924362E-16,-1.));
#2056=DIRECTION('center_axis',(-1.,0.,0.));
#2057=DIRECTION('ref_axis',(0.,0.,1.));
#2058=DIRECTION('',(0.,0.,-1.));
#2059=DIRECTION('',(0.,1.,0.));
#2060=DIRECTION('',(0.,1.,0.));
#2061=DIRECTION('center_axis',(0.,1.,0.));
#2062=DIRECTION('ref_axis',(1.,0.,3.08395284618099E-16));
#2063=DIRECTION('center_axis',(4.61791899612877E-17,0.707106781186547,-0.707106781186548));
#2064=DIRECTION('ref_axis',(2.18068397039413E-16,-0.707106781186548,-0.707106781186547));
#2065=DIRECTION('center_axis',(0.707106781186549,0.707106781186546,0.));
#2066=DIRECTION('ref_axis',(0.707106781186546,-0.707106781186549,2.18068397039413E-16));
#2067=DIRECTION('',(0.,1.,0.));
#2068=DIRECTION('center_axis',(-3.65204942310908E-17,0.,1.));
#2069=DIRECTION('ref_axis',(1.,0.,3.65204942310908E-17));
#2070=DIRECTION('',(-1.,0.,-3.65204942310908E-17));
#2071=DIRECTION('',(-0.707106781186548,-0.707106781186548,-2.58238891230885E-17));
#2072=DIRECTION('',(-1.,2.87867425115657E-17,-3.65204942310908E-17));
#2073=DIRECTION('center_axis',(0.,1.,0.));
#2074=DIRECTION('ref_axis',(1.,0.,0.));
#2075=DIRECTION('center_axis',(0.,0.707106781186548,-0.707106781186548));
#2076=DIRECTION('ref_axis',(0.,-0.707106781186548,-0.707106781186548));
#2077=DIRECTION('center_axis',(0.707106781186546,0.707106781186549,0.));
#2078=DIRECTION('ref_axis',(0.707106781186549,-0.707106781186546,0.));
#2079=DIRECTION('',(0.,1.,0.));
#2080=DIRECTION('center_axis',(0.,0.,1.));
#2081=DIRECTION('ref_axis',(1.,0.,0.));
#2082=DIRECTION('',(-1.,0.,0.));
#2083=DIRECTION('',(0.,1.,0.));
#2084=DIRECTION('center_axis',(0.,1.,0.));
#2085=DIRECTION('ref_axis',(3.08395284618099E-16,0.,-1.));
#2086=DIRECTION('center_axis',(-0.707106781186549,0.707106781186546,0.));
#2087=DIRECTION('ref_axis',(-0.707106781186546,-0.707106781186549,-2.18068397039413E-16));
#2088=DIRECTION('center_axis',(0.,0.707106781186548,-0.707106781186548));
#2089=DIRECTION('ref_axis',(2.18068397039413E-16,-0.707106781186548,-0.707106781186548));
#2090=DIRECTION('center_axis',(0.,1.,0.));
#2091=DIRECTION('ref_axis',(0.,0.,1.));
#2092=DIRECTION('center_axis',(0.707106781186549,0.707106781186546,0.));
#2093=DIRECTION('ref_axis',(0.707106781186546,-0.707106781186549,0.));
#2094=DIRECTION('center_axis',(4.61791899612877E-17,0.707106781186547,0.707106781186548));
#2095=DIRECTION('ref_axis',(0.,-0.707106781186548,0.707106781186547));
#2096=DIRECTION('center_axis',(-4.61791899612877E-17,0.707106781186547,
-0.707106781186548));
#2097=DIRECTION('ref_axis',(-1.,0.,6.53072367426564E-17));
#2098=DIRECTION('',(-0.577350269189624,-0.577350269189627,-0.577350269189626));
#2099=DIRECTION('',(1.,0.,-6.53072367426564E-17));
#2100=DIRECTION('',(-0.577350269189626,0.577350269189626,0.577350269189625));
#2101=DIRECTION('center_axis',(-0.707106781186549,0.707106781186546,-3.27102595559124E-16));
#2102=DIRECTION('ref_axis',(-4.62592926927153E-16,0.,1.));
#2103=DIRECTION('',(-0.577350269189624,-0.577350269189627,0.577350269189626));
#2104=DIRECTION('',(4.62592926927153E-16,0.,-1.));
#2105=DIRECTION('center_axis',(0.,0.707106781186547,0.707106781186548));
#2106=DIRECTION('ref_axis',(1.,0.,0.));
#2107=DIRECTION('',(0.577350269189626,-0.577350269189626,0.577350269189625));
#2108=DIRECTION('',(-1.,0.,0.));
#2109=DIRECTION('center_axis',(0.707106781186548,0.707106781186548,1.29893408435324E-16));
#2110=DIRECTION('ref_axis',(1.83697019872103E-16,0.,-1.));
#2111=DIRECTION('',(-1.83697019872103E-16,0.,1.));
#2112=DIRECTION('',(1.83697019872103E-16,0.,-1.));
#2113=DIRECTION('center_axis',(0.,-1.,0.));
#2114=DIRECTION('ref_axis',(1.,0.,1.83697019872103E-16));
#2115=DIRECTION('center_axis',(0.,1.,0.));
#2116=DIRECTION('ref_axis',(-1.,0.,-1.22464679914735E-16));
#2117=DIRECTION('center_axis',(-0.707106781186549,0.707106781186546,0.));
#2118=DIRECTION('ref_axis',(0.,0.,1.));
#2119=DIRECTION('',(-0.577350269189624,-0.577350269189627,0.577350269189627));
#2120=DIRECTION('',(0.,0.,-1.));
#2121=DIRECTION('',(0.577350269189624,0.577350269189627,0.577350269189627));
#2122=DIRECTION('center_axis',(0.,0.707106781186548,0.707106781186548));
#2123=DIRECTION('ref_axis',(1.,0.,0.));
#2124=DIRECTION('',(0.577350269189628,-0.577350269189625,0.577350269189625));
#2125=DIRECTION('',(-1.,0.,0.));
#2126=DIRECTION('center_axis',(0.707106781186546,0.707106781186549,0.));
#2127=DIRECTION('ref_axis',(0.,0.,-1.));
#2128=DIRECTION('',(0.577350269189628,-0.577350269189625,-0.577350269189625));
#2129=DIRECTION('',(0.,0.,1.));
#2130=DIRECTION('center_axis',(0.,0.707106781186548,-0.707106781186548));
#2131=DIRECTION('ref_axis',(-1.,0.,0.));
#2132=DIRECTION('',(1.,0.,0.));
#2133=DIRECTION('',(-1.,0.,0.));
#2134=DIRECTION('center_axis',(0.,-1.,0.));
#2135=DIRECTION('ref_axis',(0.,0.,-1.));
#2136=DIRECTION('center_axis',(0.,1.,0.));
#2137=DIRECTION('ref_axis',(-1.83697019872103E-16,0.,1.));
#2138=DIRECTION('center_axis',(-8.65956056235493E-17,0.707106781186548,
0.707106781186548));
#2139=DIRECTION('ref_axis',(1.,0.,1.22464679914735E-16));
#2140=DIRECTION('',(1.,0.,1.22464679914735E-16));
#2141=DIRECTION('',(-0.577350269189628,0.577350269189625,-0.577350269189625));
#2142=DIRECTION('',(-1.,0.,-1.22464679914735E-16));
#2143=DIRECTION('',(-0.577350269189624,-0.577350269189627,0.577350269189627));
#2144=DIRECTION('center_axis',(-0.707106781186549,0.707106781186546,0.));
#2145=DIRECTION('ref_axis',(0.,0.,1.));
#2146=DIRECTION('',(0.,0.,-1.));
#2147=DIRECTION('',(-0.577350269189624,-0.577350269189627,-0.577350269189627));
#2148=DIRECTION('center_axis',(-0.707106781186548,0.707106781186548,-4.32978028117747E-17));
#2149=DIRECTION('ref_axis',(-6.12323399573677E-17,0.,1.));
#2150=DIRECTION('',(-6.12323399573677E-17,0.,1.));
#2151=DIRECTION('',(0.577350269189626,0.577350269189626,-0.577350269189625));
#2152=DIRECTION('',(6.12323399573677E-17,0.,-1.));
#2153=DIRECTION('',(-0.577350269189626,-0.577350269189626,-0.577350269189625));
#2154=DIRECTION('center_axis',(4.61791899612877E-17,0.707106781186547,-0.707106781186548));
#2155=DIRECTION('ref_axis',(-1.,0.,-6.53072367426565E-17));
#2156=DIRECTION('',(1.,0.,6.53072367426565E-17));
#2157=DIRECTION('',(0.577350269189624,-0.577350269189627,-0.577350269189626));
#2158=DIRECTION('center_axis',(0.,1.,0.));
#2159=DIRECTION('ref_axis',(0.,0.,1.));
#2160=DIRECTION('center_axis',(0.,-1.,0.));
#2161=DIRECTION('ref_axis',(-1.22464679914735E-16,0.,1.));
#2162=DIRECTION('center_axis',(0.,1.,0.));
#2163=DIRECTION('ref_axis',(6.12323399573677E-17,0.,-1.));
#2164=DIRECTION('center_axis',(0.,-1.,0.));
#2165=DIRECTION('ref_axis',(-1.,0.,-6.12323399573677E-17));
#2166=DIRECTION('center_axis',(0.,1.,0.));
#2167=DIRECTION('ref_axis',(1.,0.,0.));
#2168=DIRECTION('center_axis',(0.,1.,0.));
#2169=DIRECTION('ref_axis',(0.,0.,1.));
#2170=DIRECTION('',(-1.,0.,6.53072367426565E-17));
#2171=DIRECTION('',(0.,0.,1.));
#2172=DIRECTION('center_axis',(0.,1.,0.));
#2173=DIRECTION('ref_axis',(0.,0.,1.));
#2174=DIRECTION('',(0.,0.,1.));
#2175=DIRECTION('',(1.,0.,0.));
#2176=DIRECTION('center_axis',(0.,1.,0.));
#2177=DIRECTION('ref_axis',(0.,0.,1.));
#2178=DIRECTION('center_axis',(0.,1.,0.));
#2179=DIRECTION('ref_axis',(-1.83697019872103E-16,0.,1.));
#2180=DIRECTION('',(0.,1.,0.));
#2181=DIRECTION('center_axis',(0.,1.,0.));
#2182=DIRECTION('ref_axis',(-1.83697019872103E-16,0.,1.));
#2183=DIRECTION('center_axis',(0.,-1.,0.));
#2184=DIRECTION('ref_axis',(-1.83697019872103E-16,0.,1.));
#2185=DIRECTION('center_axis',(0.,-1.,0.));
#2186=DIRECTION('ref_axis',(-1.83697019872103E-16,0.,1.));
#2187=DIRECTION('center_axis',(0.,1.,0.));
#2188=DIRECTION('ref_axis',(-1.,0.,-1.22464679914735E-16));
#2189=DIRECTION('',(0.,1.,0.));
#2190=DIRECTION('center_axis',(0.,1.,0.));
#2191=DIRECTION('ref_axis',(-1.,0.,-1.22464679914735E-16));
#2192=DIRECTION('center_axis',(0.,-1.,0.));
#2193=DIRECTION('ref_axis',(-1.,0.,-1.22464679914735E-16));
#2194=DIRECTION('center_axis',(0.,-1.,0.));
#2195=DIRECTION('ref_axis',(-1.,0.,-1.22464679914735E-16));
#2196=DIRECTION('center_axis',(0.,1.,0.));
#2197=DIRECTION('ref_axis',(6.12323399573677E-17,0.,-1.));
#2198=DIRECTION('',(0.,1.,0.));
#2199=DIRECTION('center_axis',(0.,1.,0.));
#2200=DIRECTION('ref_axis',(6.12323399573677E-17,0.,-1.));
#2201=DIRECTION('center_axis',(0.,-1.,0.));
#2202=DIRECTION('ref_axis',(6.12323399573677E-17,0.,-1.));
#2203=DIRECTION('center_axis',(0.,-1.,0.));
#2204=DIRECTION('ref_axis',(6.12323399573677E-17,0.,-1.));
#2205=DIRECTION('center_axis',(0.,1.,0.));
#2206=DIRECTION('ref_axis',(-1.83697019872103E-16,0.,1.));
#2207=DIRECTION('',(0.,1.,0.));
#2208=DIRECTION('center_axis',(0.,1.,0.));
#2209=DIRECTION('ref_axis',(-1.,0.,-1.22464679914735E-16));
#2210=DIRECTION('',(0.,1.,0.));
#2211=DIRECTION('center_axis',(0.,1.,0.));
#2212=DIRECTION('ref_axis',(6.12323399573677E-17,0.,-1.));
#2213=DIRECTION('',(0.,1.,0.));
#2214=DIRECTION('center_axis',(0.,1.,0.));
#2215=DIRECTION('ref_axis',(1.,0.,0.));
#2216=DIRECTION('',(0.,1.,0.));
#2217=DIRECTION('center_axis',(0.,1.,0.));
#2218=DIRECTION('ref_axis',(1.,0.,0.));
#2219=DIRECTION('center_axis',(0.,-1.,0.));
#2220=DIRECTION('ref_axis',(1.,0.,0.));
#2221=DIRECTION('center_axis',(0.,-1.,0.));
#2222=DIRECTION('ref_axis',(1.,0.,0.));
#2223=DIRECTION('center_axis',(0.,1.,0.));
#2224=DIRECTION('ref_axis',(1.,0.,0.));
#2225=DIRECTION('',(0.,1.,0.));
#2226=DIRECTION('center_axis',(0.707106781186549,0.707106781186546,0.));
#2227=DIRECTION('ref_axis',(0.,0.,-1.));
#2228=DIRECTION('',(0.577350269189624,-0.577350269189627,0.577350269189626));
#2229=DIRECTION('center_axis',(0.,0.707106781186548,-0.707106781186548));
#2230=DIRECTION('ref_axis',(-1.,0.,0.));
#2231=DIRECTION('',(0.577350269189628,-0.577350269189625,-0.577350269189625));
#2232=DIRECTION('center_axis',(0.707106781186546,0.707106781186549,0.));
#2233=DIRECTION('ref_axis',(0.,0.,-1.));
#2234=DIRECTION('center_axis',(4.61791899612877E-17,0.707106781186547,0.707106781186548));
#2235=DIRECTION('ref_axis',(1.,0.,-6.53072367426565E-17));
#2236=CARTESIAN_POINT('',(0.,0.,0.));
#2237=CARTESIAN_POINT('Origin',(-0.650000014901163,-0.649999999999999,-11.8564560344417));
#2238=CARTESIAN_POINT('',(-1.00000001490116,-1.,-7.00000010430813));
#2239=CARTESIAN_POINT('',(-0.300000014901163,-0.3,-7.00000010430813));
#2240=CARTESIAN_POINT('',(-0.825000014901163,-0.825,-7.00000010430813));
#2241=CARTESIAN_POINT('',(-1.00000001490116,-0.999999999999999,-13.4629120167294));
#2242=CARTESIAN_POINT('',(-1.00000001490116,-1.,-6.73145600836471));
#2243=CARTESIAN_POINT('',(-0.300000014901164,-0.299999999999999,-13.4966662547112));
#2244=CARTESIAN_POINT('Origin',(2.64698017853719E-47,1.49011607060098E-8,
1.94289029317119E-15));
#2245=CARTESIAN_POINT('',(-0.300000014901163,-0.3,-11.8564560344417));
#2246=CARTESIAN_POINT('Origin',(0.65000001490116,-0.65,-8.6250000782311));
#2247=CARTESIAN_POINT('',(0.30000001490116,-0.3,-7.00000010430813));
#2248=CARTESIAN_POINT('',(1.00000001490116,-1.,-7.00000010430813));
#2249=CARTESIAN_POINT('',(0.325000007450579,-0.324999992549419,-7.00000010430813));
#2250=CARTESIAN_POINT('',(0.300000014901159,-0.299999999999999,-13.4966662547112));
#2251=CARTESIAN_POINT('',(0.30000001490116,-0.3,-8.6250000782311));
#2252=CARTESIAN_POINT('',(1.00000001490116,-0.999999999999999,-13.4629120167294));
#2253=CARTESIAN_POINT('Origin',(2.64698017853719E-47,1.49011609650072E-8,
1.94289029317119E-15));
#2254=CARTESIAN_POINT('',(1.00000001490116,-1.,-3.50000005215406));
#2255=CARTESIAN_POINT('Origin',(-1.00000001490116,-1.,-7.00000010430813));
#2256=CARTESIAN_POINT('',(1.00000001490116,-0.3,-7.00000010430813));
#2257=CARTESIAN_POINT('',(-0.500000007450582,-1.,-7.00000010430813));
#2258=CARTESIAN_POINT('Origin',(8.6250000782311,-0.65,0.650000014901161));
#2259=CARTESIAN_POINT('',(7.00000010430813,-0.3,0.300000014901161));
#2260=CARTESIAN_POINT('',(7.00000010430813,-1.,1.00000001490116));
#2261=CARTESIAN_POINT('',(7.00000010430813,-0.324999992549419,0.32500000745058));
#2262=CARTESIAN_POINT('',(13.4966662547112,-0.299999999999999,0.300000014901161));
#2263=CARTESIAN_POINT('',(8.6250000782311,-0.3,0.300000014901161));
#2264=CARTESIAN_POINT('',(13.4629120167294,-0.999999999999999,1.00000001490116));
#2265=CARTESIAN_POINT('Origin',(2.64698017853719E-47,1.49011589032841E-8,
1.94289029317119E-15));
#2266=CARTESIAN_POINT('',(3.50000005215406,-1.,1.00000001490116));
#2267=CARTESIAN_POINT('Origin',(11.8564560344417,-0.649999999999999,-0.650000014901161));
#2268=CARTESIAN_POINT('',(7.00000010430813,-1.,-1.00000001490116));
#2269=CARTESIAN_POINT('',(7.00000010430813,-0.3,-0.300000014901161));
#2270=CARTESIAN_POINT('',(7.00000010430813,-0.825,-0.825000014901161));
#2271=CARTESIAN_POINT('',(13.4629120167294,-0.999999999999999,-1.00000001490116));
#2272=CARTESIAN_POINT('',(6.73145600836471,-1.,-1.00000001490116));
#2273=CARTESIAN_POINT('',(13.4966662547112,-0.299999999999999,-0.300000014901161));
#2274=CARTESIAN_POINT('Origin',(2.64698017853719E-47,1.49011627303845E-8,
1.94289029317119E-15));
#2275=CARTESIAN_POINT('',(11.8564560344417,-0.3,-0.300000014901161));
#2276=CARTESIAN_POINT('Origin',(10.2500000521541,-0.3,-1.26341004994651E-31));
#2277=CARTESIAN_POINT('',(7.00000010430813,-0.3,1.00000001490116));
#2278=CARTESIAN_POINT('',(13.5,-0.299999999999999,3.59460987619888E-15));
#2279=CARTESIAN_POINT('Origin',(2.64698017853719E-47,-0.3,1.94133669734995E-15));
#2280=CARTESIAN_POINT('Origin',(2.64698017853719E-47,-0.3,1.94133669734995E-15));
#2281=CARTESIAN_POINT('Origin',(-0.650000014901161,-0.65,8.6250000782311));
#2282=CARTESIAN_POINT('',(-0.300000014901161,-0.3,7.00000010430813));
#2283=CARTESIAN_POINT('',(-1.00000001490116,-1.,7.00000010430813));
#2284=CARTESIAN_POINT('',(-0.32500000745058,-0.324999992549419,7.00000010430813));
#2285=CARTESIAN_POINT('',(-0.30000001490116,-0.299999999999999,13.4966662547112));
#2286=CARTESIAN_POINT('',(-0.300000014901161,-0.3,8.6250000782311));
#2287=CARTESIAN_POINT('',(-1.00000001490116,-0.999999999999999,13.4629120167294));
#2288=CARTESIAN_POINT('Origin',(2.64698017853719E-47,1.49011606937956E-8,
1.94289029317119E-15));
#2289=CARTESIAN_POINT('',(-1.00000001490116,-1.,3.50000005215407));
#2290=CARTESIAN_POINT('Origin',(0.650000014901162,-0.649999999999999,11.8564560344417));
#2291=CARTESIAN_POINT('',(1.00000001490116,-1.,7.00000010430813));
#2292=CARTESIAN_POINT('',(0.300000014901162,-0.3,7.00000010430813));
#2293=CARTESIAN_POINT('',(0.825000014901161,-0.825,7.00000010430813));
#2294=CARTESIAN_POINT('',(1.00000001490116,-0.999999999999999,13.4629120167294));
#2295=CARTESIAN_POINT('',(1.00000001490116,-1.,6.73145600836472));
#2296=CARTESIAN_POINT('',(0.300000014901162,-0.299999999999999,13.4966662547112));
#2297=CARTESIAN_POINT('Origin',(2.64698017853719E-47,1.49011606860452E-8,
1.94289029317119E-15));
#2298=CARTESIAN_POINT('',(0.300000014901162,-0.3,11.8564560344417));
#2299=CARTESIAN_POINT('Origin',(6.27631487756534E-16,-0.3,10.2500000521541));
#2300=CARTESIAN_POINT('',(-1.00000001490116,-0.3,7.00000010430813));
#2301=CARTESIAN_POINT('Origin',(2.64698017853719E-47,-0.3,1.94133669734995E-15));
#2302=CARTESIAN_POINT('Origin',(-8.6250000782311,-0.65,-0.65000001490116));
#2303=CARTESIAN_POINT('',(-7.00000010430813,-0.3,-0.30000001490116));
#2304=CARTESIAN_POINT('',(-7.00000010430813,-1.,-1.00000001490116));
#2305=CARTESIAN_POINT('',(-7.00000010430813,-0.324999992549419,-0.32500000745058));
#2306=CARTESIAN_POINT('',(-13.4966662547112,-0.299999999999999,-0.30000001490116));
#2307=CARTESIAN_POINT('',(-8.6250000782311,-0.3,-0.30000001490116));
#2308=CARTESIAN_POINT('',(-13.4629120167294,-0.999999999999999,-1.00000001490116));
#2309=CARTESIAN_POINT('Origin',(2.64698017853719E-47,1.4901162926646E-8,
1.94289029317119E-15));
#2310=CARTESIAN_POINT('',(-3.50000005215406,-1.,-1.00000001490116));
#2311=CARTESIAN_POINT('Origin',(-11.8564560344417,-0.649999999999999,0.650000014901163));
#2312=CARTESIAN_POINT('',(-7.00000010430813,-1.,1.00000001490116));
#2313=CARTESIAN_POINT('',(-7.00000010430813,-0.3,0.300000014901162));
#2314=CARTESIAN_POINT('',(-7.00000010430813,-0.825,0.825000014901162));
#2315=CARTESIAN_POINT('',(-13.4629120167294,-0.999999999999999,1.00000001490116));
#2316=CARTESIAN_POINT('',(-6.73145600836471,-1.,1.00000001490116));
#2317=CARTESIAN_POINT('',(-13.4966662547112,-0.299999999999999,0.300000014901163));
#2318=CARTESIAN_POINT('Origin',(2.64698017853719E-47,1.49011590014149E-8,
1.94289029317119E-15));
#2319=CARTESIAN_POINT('',(-11.8564560344417,-0.3,0.300000014901163));
#2320=CARTESIAN_POINT('Origin',(-10.2500000521541,-0.3,1.25526297551307E-15));
#2321=CARTESIAN_POINT('',(-7.00000010430813,-0.3,-1.00000001490116));
#2322=CARTESIAN_POINT('Origin',(2.64698017853719E-47,-0.3,1.94133669734995E-15));
#2323=CARTESIAN_POINT('Origin',(-1.8828944632696E-15,-0.3,-10.2500000521541));
#2324=CARTESIAN_POINT('Origin',(2.64698017853719E-47,-0.3,1.94133669734995E-15));
#2325=CARTESIAN_POINT('Origin',(2.64698017853719E-47,5.55111512312578E-16,
1.94289029309402E-15));
#2326=CARTESIAN_POINT('',(13.5,1.49753243307508E-15,2.87545653253003E-16));
#2327=CARTESIAN_POINT('Origin',(5.29113821307265E-47,5.55111512312578E-16,
1.94081883210193E-15));
#2328=CARTESIAN_POINT('',(13.5,5.55111512312578E-16,3.59616347194295E-15));
#2329=CARTESIAN_POINT('Origin',(5.29113821307265E-47,-1.,1.9356401796217E-15));
#2330=CARTESIAN_POINT('Origin',(5.29113821307265E-47,-1.,1.9356401796217E-15));
#2331=CARTESIAN_POINT('Origin',(5.29113821307265E-47,-1.,1.9356401796217E-15));
#2332=CARTESIAN_POINT('Origin',(5.29113821307265E-47,-1.,1.9356401796217E-15));
#2333=CARTESIAN_POINT('Origin',(-7.00000010430813,-1.,1.00000001490116));
#2334=CARTESIAN_POINT('',(-7.00000010430813,-1.,0.500000007450582));
#2335=CARTESIAN_POINT('Origin',(1.00000001490116,-1.,7.00000010430813));
#2336=CARTESIAN_POINT('',(0.500000007450581,-1.,7.00000010430813));
#2337=CARTESIAN_POINT('Origin',(7.00000010430813,-1.,-1.00000001490116));
#2338=CARTESIAN_POINT('',(7.00000010430813,-1.,-0.50000000745058));
#2339=CARTESIAN_POINT('Origin',(0.,-1.,1.94289029309402E-15));
#2340=CARTESIAN_POINT('',(-1.49999996647239,-1.,1.75919327732787E-15));
#2341=CARTESIAN_POINT('Origin',(0.,-1.,1.94289029309402E-15));
#2342=CARTESIAN_POINT('',(1.82042560223009E-15,-1.,2.00000005960465));
#2343=CARTESIAN_POINT('Origin',(1.20810220265642E-15,-1.,4.00000005960465));
#2344=CARTESIAN_POINT('',(-2.00000005960465,-1.,3.88578057888858E-15));
#2345=CARTESIAN_POINT('Origin',(-4.00000005960464,-1.,3.39592185922964E-15));
#2346=CARTESIAN_POINT('',(-2.06535496935903E-15,-1.,-2.00000005960464));
#2347=CARTESIAN_POINT('Origin',(-1.69796092961482E-15,-1.,-4.00000005960464));
#2348=CARTESIAN_POINT('',(2.00000005960465,-1.,-2.44929359829471E-16));
#2349=CARTESIAN_POINT('Origin',(4.00000005960464,-1.,0.));
#2350=CARTESIAN_POINT('Origin',(0.,0.,1.94289029309402E-15));
#2351=CARTESIAN_POINT('',(-2.29999999999998,0.,9.89999999999997));
#2352=CARTESIAN_POINT('',(-2.29999999999998,0.,2.29999999999995));
#2353=CARTESIAN_POINT('',(-2.29999999999998,0.,9.89999999999997));
#2354=CARTESIAN_POINT('',(-9.89999999999995,0.,2.29999999999995));
#2355=CARTESIAN_POINT('',(-2.29999999999998,0.,2.29999999999995));
#2356=CARTESIAN_POINT('',(-10.8,0.,1.39999999999995));
#2357=CARTESIAN_POINT('Origin',(-9.89999999999995,0.,1.39999999999995));
#2358=CARTESIAN_POINT('',(-10.8,0.,-1.4));
#2359=CARTESIAN_POINT('',(-10.8,0.,1.39999999999995));
#2360=CARTESIAN_POINT('',(-9.89999999999996,0.,-2.3));
#2361=CARTESIAN_POINT('Origin',(-9.89999999999996,0.,-1.4));
#2362=CARTESIAN_POINT('',(-2.29999999999998,0.,-2.3));
#2363=CARTESIAN_POINT('',(-9.89999999999996,0.,-2.3));
#2364=CARTESIAN_POINT('',(-2.29999999999997,0.,-9.90000000000002));
#2365=CARTESIAN_POINT('',(-2.29999999999998,0.,-2.3));
#2366=CARTESIAN_POINT('',(-1.39999999999997,0.,-10.8));
#2367=CARTESIAN_POINT('Origin',(-1.39999999999997,0.,-9.90000000000002));
#2368=CARTESIAN_POINT('',(1.40000000000002,0.,-10.8));
#2369=CARTESIAN_POINT('',(-1.39999999999997,0.,-10.8));
#2370=CARTESIAN_POINT('',(2.30000000000002,0.,-9.90000000000002));
#2371=CARTESIAN_POINT('Origin',(1.40000000000002,0.,-9.90000000000002));
#2372=CARTESIAN_POINT('',(2.30000000000002,0.,-2.3));
#2373=CARTESIAN_POINT('',(2.30000000000002,0.,-9.90000000000002));
#2374=CARTESIAN_POINT('',(9.9,0.,-2.3));
#2375=CARTESIAN_POINT('',(2.30000000000002,0.,-2.3));
#2376=CARTESIAN_POINT('',(10.8,0.,-1.4));
#2377=CARTESIAN_POINT('Origin',(9.9,0.,-1.4));
#2378=CARTESIAN_POINT('',(10.8,0.,1.39999999999995));
#2379=CARTESIAN_POINT('',(10.8,0.,-1.4));
#2380=CARTESIAN_POINT('',(9.9,0.,2.29999999999995));
#2381=CARTESIAN_POINT('Origin',(9.9,0.,1.39999999999995));
#2382=CARTESIAN_POINT('',(2.30000000000002,0.,2.29999999999995));
#2383=CARTESIAN_POINT('',(9.9,0.,2.29999999999995));
#2384=CARTESIAN_POINT('',(2.30000000000002,0.,9.89999999999997));
#2385=CARTESIAN_POINT('',(2.30000000000002,0.,2.29999999999995));
#2386=CARTESIAN_POINT('',(1.40000000000002,0.,10.8));
#2387=CARTESIAN_POINT('Origin',(1.40000000000002,0.,9.89999999999997));
#2388=CARTESIAN_POINT('',(-1.39999999999997,0.,10.8));
#2389=CARTESIAN_POINT('',(1.40000000000002,0.,10.8));
#2390=CARTESIAN_POINT('Origin',(-1.39999999999997,0.,9.89999999999997));
#2391=CARTESIAN_POINT('Origin',(-6.98089570935033E-17,1.4,5.17865231962352E-18));
#2392=CARTESIAN_POINT('',(-0.000523048484878031,1.37869337574398,-1.24513985776593));
#2393=CARTESIAN_POINT('',(-1.24513996762495,1.37869337574398,-1.52485667584234E-16));
#2394=CARTESIAN_POINT('Origin',(-6.83215638750075E-17,1.37869337574398,
5.06831272049675E-18));
#2395=CARTESIAN_POINT('Origin',(-6.83215638750075E-17,1.37869337574398,
5.06831272049675E-18));
#2396=CARTESIAN_POINT('',(-0.000606584779610306,1.6,-1.4440016710547));
#2397=CARTESIAN_POINT('Origin',(-0.000606584779609939,1.4,-1.4440016710547));
#2398=CARTESIAN_POINT('Origin',(-8.37707485122039E-17,1.6,6.21438278354823E-18));
#2399=CARTESIAN_POINT('Origin',(0.,1.6,-1.03573046392472E-18));
#2400=CARTESIAN_POINT('',(2.25,1.6,-2.76581239208363E-16));
#2401=CARTESIAN_POINT('Origin',(2.48154183765908E-22,1.6,-1.03573046392472E-18));
#2402=CARTESIAN_POINT('Origin',(0.,0.4,0.));
#2403=CARTESIAN_POINT('',(-1.34999996982515,0.4,-1.65327314189539E-16));
#2404=CARTESIAN_POINT('Origin',(2.48154183765908E-22,1.8,0.));
#2405=CARTESIAN_POINT('',(2.25,1.8,-2.75545508744438E-16));
#2406=CARTESIAN_POINT('Origin',(2.48154183765908E-22,1.8,4.46616741049E-50));
#2407=CARTESIAN_POINT('',(2.25,1.8,2.75545535819909E-16));
#2408=CARTESIAN_POINT('Origin',(0.,1.8,1.66533453693773E-15));
#2409=CARTESIAN_POINT('',(2.45000005960465,1.8,-2.3));
#2410=CARTESIAN_POINT('',(2.45000005960464,1.8,2.29999999999995));
#2411=CARTESIAN_POINT('',(2.45000005960464,1.8,1.20000000000001));
#2412=CARTESIAN_POINT('',(2.30000000000002,1.8,-2.3));
#2413=CARTESIAN_POINT('',(1.15000000000001,1.8,-2.3));
#2414=CARTESIAN_POINT('',(2.30000000000002,1.8,-2.45000005960464));
#2415=CARTESIAN_POINT('',(2.30000000000002,1.8,-4.95000000000001));
#2416=CARTESIAN_POINT('',(-2.29999999999997,1.8,-2.45000005960464));
#2417=CARTESIAN_POINT('',(1.20000000000001,1.8,-2.45000005960464));
#2418=CARTESIAN_POINT('',(-2.29999999999998,1.8,-2.3));
#2419=CARTESIAN_POINT('',(-2.29999999999998,1.8,-1.15));
#2420=CARTESIAN_POINT('',(-2.45000005960464,1.8,-2.3));
#2421=CARTESIAN_POINT('',(-4.94999999999998,1.8,-2.3));
#2422=CARTESIAN_POINT('',(-2.45000005960464,1.8,2.29999999999995));
#2423=CARTESIAN_POINT('',(-2.45000005960464,1.8,-1.20000000000001));
#2424=CARTESIAN_POINT('',(-2.29999999999998,1.8,2.29999999999995));
#2425=CARTESIAN_POINT('',(-1.14999999999999,1.8,2.29999999999995));
#2426=CARTESIAN_POINT('',(-2.29999999999998,1.8,2.45000005960465));
#2427=CARTESIAN_POINT('',(-2.29999999999998,1.8,4.94999999999999));
#2428=CARTESIAN_POINT('',(2.30000000000002,1.8,2.45000005960465));
#2429=CARTESIAN_POINT('',(-1.20000000000001,1.8,2.45000005960465));
#2430=CARTESIAN_POINT('',(2.30000000000002,1.8,2.29999999999995));
#2431=CARTESIAN_POINT('',(2.30000000000002,1.8,1.14999999999998));
#2432=CARTESIAN_POINT('',(4.95,1.8,2.29999999999995));
#2433=CARTESIAN_POINT('Origin',(2.60000005960464,1.65,1.20000000000001));
#2434=CARTESIAN_POINT('',(2.75000005960464,1.5,2.29999999999995));
#2435=CARTESIAN_POINT('',(4.83750004470348,-0.587499985098838,2.29999999999995));
#2436=CARTESIAN_POINT('',(2.75000005960465,1.5,-2.3));
#2437=CARTESIAN_POINT('',(2.75000005960464,1.5,2.40000000000002));
#2438=CARTESIAN_POINT('',(2.93750004470349,1.31250001490115,-2.3));
#2439=CARTESIAN_POINT('Origin',(9.9,0.,2.29999999999995));
#2440=CARTESIAN_POINT('',(2.30000000000002,0.,2.29999999999995));
#2441=CARTESIAN_POINT('',(9.9,2.6,2.29999999999995));
#2442=CARTESIAN_POINT('',(9.9,0.,2.29999999999995));
#2443=CARTESIAN_POINT('',(6.35000005960465,2.6,2.29999999999995));
#2444=CARTESIAN_POINT('',(5.55,2.6,2.29999999999995));
#2445=CARTESIAN_POINT('',(5.25000005960464,1.5,2.29999999999995));
#2446=CARTESIAN_POINT('',(6.41250004470348,2.66249998509884,2.29999999999995));
#2447=CARTESIAN_POINT('',(6.95000002980232,1.5,2.29999999999995));
#2448=CARTESIAN_POINT('Origin',(-1.20000000000001,1.65,2.60000005960465));
#2449=CARTESIAN_POINT('',(-2.29999999999998,1.5,2.75000005960465));
#2450=CARTESIAN_POINT('',(-2.29999999999998,-0.587499985098832,4.83750004470348));
#2451=CARTESIAN_POINT('',(2.30000000000002,1.5,2.75000005960465));
#2452=CARTESIAN_POINT('',(-2.40000000000002,1.5,2.75000005960465));
#2453=CARTESIAN_POINT('',(2.30000000000002,1.31250001490117,2.93750004470347));
#2454=CARTESIAN_POINT('Origin',(-2.29999999999998,0.,9.89999999999997));
#2455=CARTESIAN_POINT('',(-2.29999999999998,0.,2.29999999999995));
#2456=CARTESIAN_POINT('',(-2.29999999999998,2.6,9.89999999999997));
#2457=CARTESIAN_POINT('',(-2.29999999999998,0.,9.89999999999997));
#2458=CARTESIAN_POINT('',(-2.29999999999998,2.6,6.35000005960465));
#2459=CARTESIAN_POINT('',(-2.29999999999998,2.6,5.54999999999998));
#2460=CARTESIAN_POINT('',(-2.29999999999998,1.5,5.25000005960465));
#2461=CARTESIAN_POINT('',(-2.29999999999998,2.66249998509883,6.41250004470348));
#2462=CARTESIAN_POINT('',(-2.29999999999998,1.5,6.95000002980231));
#2463=CARTESIAN_POINT('Origin',(1.20000000000001,1.65,-2.60000005960464));
#2464=CARTESIAN_POINT('',(2.30000000000002,1.5,-2.75000005960464));
#2465=CARTESIAN_POINT('',(2.30000000000002,-0.587499985098844,-4.83750004470349));
#2466=CARTESIAN_POINT('',(-2.29999999999998,1.5,-2.75000005960464));
#2467=CARTESIAN_POINT('',(2.40000000000002,1.5,-2.75000005960464));
#2468=CARTESIAN_POINT('',(-2.29999999999997,1.31250001490116,-2.93750004470348));
#2469=CARTESIAN_POINT('Origin',(2.30000000000002,0.,-9.90000000000002));
#2470=CARTESIAN_POINT('',(2.30000000000002,0.,-2.3));
#2471=CARTESIAN_POINT('',(2.30000000000002,2.6,-9.90000000000002));
#2472=CARTESIAN_POINT('',(2.30000000000002,0.,-9.90000000000002));
#2473=CARTESIAN_POINT('',(2.30000000000002,2.6,-6.35000005960464));
#2474=CARTESIAN_POINT('',(2.30000000000002,2.6,-5.55000000000001));
#2475=CARTESIAN_POINT('',(2.30000000000002,1.5,-5.25000005960464));
#2476=CARTESIAN_POINT('',(2.30000000000002,2.66249998509885,-6.41250004470349));
#2477=CARTESIAN_POINT('',(2.30000000000002,1.5,-6.95000002980233));
#2478=CARTESIAN_POINT('Origin',(-2.60000005960464,1.65,-1.20000000000001));
#2479=CARTESIAN_POINT('',(-2.75000005960464,1.5,-2.3));
#2480=CARTESIAN_POINT('',(-4.83750004470347,-0.587499985098827,-2.3));
#2481=CARTESIAN_POINT('',(-2.75000005960465,1.5,2.29999999999995));
#2482=CARTESIAN_POINT('',(-2.75000005960464,1.5,-2.40000000000002));
#2483=CARTESIAN_POINT('',(-2.93750004470348,1.31250001490117,2.29999999999995));
#2484=CARTESIAN_POINT('Origin',(-9.89999999999996,0.,-2.3));
#2485=CARTESIAN_POINT('',(-2.29999999999998,0.,-2.3));
#2486=CARTESIAN_POINT('',(-9.89999999999996,2.6,-2.3));
#2487=CARTESIAN_POINT('',(-9.89999999999996,0.,-2.3));
#2488=CARTESIAN_POINT('',(-6.35000005960464,2.6,-2.3));
#2489=CARTESIAN_POINT('',(-5.54999999999997,2.6,-2.3));
#2490=CARTESIAN_POINT('',(-5.25000005960464,1.5,-2.3));
#2491=CARTESIAN_POINT('',(-6.41250004470347,2.66249998509883,-2.3));
#2492=CARTESIAN_POINT('',(-6.9500000298023,1.5,-2.3));
#2493=CARTESIAN_POINT('Origin',(-2.29999999999998,0.,2.29999999999995));
#2494=CARTESIAN_POINT('',(-5.25000005960464,1.5,2.29999999999995));
#2495=CARTESIAN_POINT('',(-3.15000002980231,1.5,2.29999999999995));
#2496=CARTESIAN_POINT('',(-6.35000005960464,2.6,2.29999999999995));
#2497=CARTESIAN_POINT('',(-4.51250004470348,0.762499985098833,2.29999999999995));
#2498=CARTESIAN_POINT('',(-9.89999999999995,2.6,2.29999999999995));
#2499=CARTESIAN_POINT('',(-3.87499999999998,2.6,2.29999999999995));
#2500=CARTESIAN_POINT('',(-9.89999999999995,0.,2.29999999999995));
#2501=CARTESIAN_POINT('Origin',(-2.29999999999998,0.,-2.3));
#2502=CARTESIAN_POINT('',(-2.29999999999997,1.5,-5.25000005960464));
#2503=CARTESIAN_POINT('',(-2.29999999999998,1.5,-3.15000002980232));
#2504=CARTESIAN_POINT('',(-2.29999999999997,2.6,-6.35000005960464));
#2505=CARTESIAN_POINT('',(-2.29999999999997,0.76249998509884,-4.51250004470348));
#2506=CARTESIAN_POINT('',(-2.29999999999997,2.6,-9.90000000000002));
#2507=CARTESIAN_POINT('',(-2.29999999999997,2.6,-3.87500000000001));
#2508=CARTESIAN_POINT('',(-2.29999999999997,0.,-9.90000000000002));
#2509=CARTESIAN_POINT('Origin',(-9.89999999999996,0.,-1.4));
#2510=CARTESIAN_POINT('',(-10.5363961030678,2.86360389693211,-2.03639610306789));
#2511=CARTESIAN_POINT('Origin',(-9.89999999999996,3.5,-1.4));
#2512=CARTESIAN_POINT('',(-10.8,2.6,-1.4));
#2513=CARTESIAN_POINT('',(-10.8,0.,-1.4));
#2514=CARTESIAN_POINT('Origin',(-9.89999999999996,3.5,-1.4));
#2515=CARTESIAN_POINT('Origin',(-10.8,0.,1.39999999999995));
#2516=CARTESIAN_POINT('',(-10.8,2.6,1.39999999999995));
#2517=CARTESIAN_POINT('',(-10.8,2.6,0.0999999999999729));
#2518=CARTESIAN_POINT('',(-10.8,0.,1.39999999999995));
#2519=CARTESIAN_POINT('Origin',(-9.89999999999995,0.,1.39999999999995));
#2520=CARTESIAN_POINT('',(-10.5363961030678,2.86360389693211,2.03639610306784));
#2521=CARTESIAN_POINT('Origin',(-9.89999999999995,3.50000000000001,1.39999999999995));
#2522=CARTESIAN_POINT('Origin',(-9.89999999999995,3.5,1.39999999999995));
#2523=CARTESIAN_POINT('Origin',(-1.39999999999997,0.,9.89999999999997));
#2524=CARTESIAN_POINT('',(-2.03639610306787,2.86360389693211,10.5363961030679));
#2525=CARTESIAN_POINT('Origin',(-1.39999999999997,3.50000000000001,9.89999999999997));
#2526=CARTESIAN_POINT('',(-1.39999999999997,2.6,10.8));
#2527=CARTESIAN_POINT('',(-1.39999999999997,0.,10.8));
#2528=CARTESIAN_POINT('Origin',(-1.39999999999997,3.5,9.89999999999997));
#2529=CARTESIAN_POINT('Origin',(1.40000000000002,0.,10.8));
#2530=CARTESIAN_POINT('',(1.40000000000002,2.6,10.8));
#2531=CARTESIAN_POINT('',(0.100000000000018,2.6,10.8));
#2532=CARTESIAN_POINT('',(1.40000000000002,0.,10.8));
#2533=CARTESIAN_POINT('Origin',(1.40000000000002,0.,9.89999999999997));
#2534=CARTESIAN_POINT('',(2.03639610306792,2.86360389693211,10.5363961030679));
#2535=CARTESIAN_POINT('Origin',(1.40000000000002,3.5,9.89999999999997));
#2536=CARTESIAN_POINT('',(2.30000000000002,2.6,9.89999999999997));
#2537=CARTESIAN_POINT('',(2.30000000000002,0.,9.89999999999997));
#2538=CARTESIAN_POINT('Origin',(1.40000000000002,3.5,9.89999999999997));
#2539=CARTESIAN_POINT('Origin',(2.30000000000002,0.,2.29999999999995));
#2540=CARTESIAN_POINT('',(2.30000000000002,1.5,5.25000005960465));
#2541=CARTESIAN_POINT('',(2.30000000000002,1.5,3.1500000298023));
#2542=CARTESIAN_POINT('',(2.30000000000002,2.6,6.35000005960465));
#2543=CARTESIAN_POINT('',(2.30000000000002,0.762499985098827,4.51250004470347));
#2544=CARTESIAN_POINT('',(2.30000000000002,2.6,3.87499999999997));
#2545=CARTESIAN_POINT('Origin',(10.8,0.,-1.4));
#2546=CARTESIAN_POINT('',(10.8,2.6,1.39999999999995));
#2547=CARTESIAN_POINT('',(10.8,2.6,-1.4));
#2548=CARTESIAN_POINT('',(10.8,2.59999999999999,-0.100000000000011));
#2549=CARTESIAN_POINT('',(10.8,0.,1.39999999999995));
#2550=CARTESIAN_POINT('',(10.8,0.,-1.4));
#2551=CARTESIAN_POINT('Origin',(9.9,0.,-1.4));
#2552=CARTESIAN_POINT('',(10.5363961030679,2.86360389693211,-2.03639610306789));
#2553=CARTESIAN_POINT('',(9.9,2.6,-2.3));
#2554=CARTESIAN_POINT('Origin',(9.9,3.5,-1.4));
#2555=CARTESIAN_POINT('Origin',(9.9,3.5,-1.4));
#2556=CARTESIAN_POINT('',(9.9,0.,-2.3));
#2557=CARTESIAN_POINT('Origin',(2.30000000000002,0.,-2.3));
#2558=CARTESIAN_POINT('',(5.25000005960464,1.5,-2.3));
#2559=CARTESIAN_POINT('',(3.15000002980233,1.5,-2.3));
#2560=CARTESIAN_POINT('',(6.35000005960464,2.6,-2.3));
#2561=CARTESIAN_POINT('',(4.51250004470349,0.762499985098845,-2.3));
#2562=CARTESIAN_POINT('',(3.87500000000001,2.6,-2.3));
#2563=CARTESIAN_POINT('Origin',(1.40000000000002,0.,-9.90000000000002));
#2564=CARTESIAN_POINT('',(2.03639610306792,2.86360389693211,-10.5363961030679));
#2565=CARTESIAN_POINT('',(1.40000000000002,2.6,-10.8));
#2566=CARTESIAN_POINT('Origin',(1.40000000000002,3.5,-9.90000000000002));
#2567=CARTESIAN_POINT('Origin',(1.40000000000002,3.5,-9.90000000000002));
#2568=CARTESIAN_POINT('',(1.40000000000002,0.,-10.8));
#2569=CARTESIAN_POINT('Origin',(-1.39999999999997,0.,-10.8));
#2570=CARTESIAN_POINT('',(-1.39999999999997,2.6,-10.8));
#2571=CARTESIAN_POINT('',(-0.0999999999999822,2.6,-10.8));
#2572=CARTESIAN_POINT('',(-1.39999999999997,0.,-10.8));
#2573=CARTESIAN_POINT('Origin',(-1.39999999999997,0.,-9.90000000000002));
#2574=CARTESIAN_POINT('',(-2.03639610306787,2.86360389693211,-10.5363961030679));
#2575=CARTESIAN_POINT('Origin',(-1.39999999999997,3.50000000000001,-9.90000000000002));
#2576=CARTESIAN_POINT('Origin',(-1.39999999999997,3.5,-9.90000000000002));
#2577=CARTESIAN_POINT('Origin',(9.9,0.,1.39999999999995));
#2578=CARTESIAN_POINT('',(10.5363961030679,2.86360389693211,2.03639610306784));
#2579=CARTESIAN_POINT('Origin',(9.9,3.5,1.39999999999995));
#2580=CARTESIAN_POINT('Origin',(9.9,3.5,1.39999999999995));
#2581=CARTESIAN_POINT('Origin',(-1.19999999999999,2.75,-2.15));
#2582=CARTESIAN_POINT('',(-10.4,3.,-1.9));
#2583=CARTESIAN_POINT('',(-10.4,3.,-1.9));
#2584=CARTESIAN_POINT('',(-6.75000005960464,3.,-1.9));
#2585=CARTESIAN_POINT('',(-1.19999999999999,3.,-1.9));
#2586=CARTESIAN_POINT('',(-6.00833338300387,2.25833332339923,-2.64166667660077));
#2587=CARTESIAN_POINT('Origin',(-10.65,2.75,-1.2));
#2588=CARTESIAN_POINT('',(-10.4,3.,1.89999999999995));
#2589=CARTESIAN_POINT('',(-10.4,3.,1.89999999999995));
#2590=CARTESIAN_POINT('',(-10.4,3.,-1.2));
#2591=CARTESIAN_POINT('Origin',(-5.44999999999998,2.75,2.14999999999995));
#2592=CARTESIAN_POINT('',(-6.75000005960464,3.,1.89999999999995));
#2593=CARTESIAN_POINT('',(-6.31666671633719,2.56666665673255,2.33333334326741));
#2594=CARTESIAN_POINT('',(-5.44999999999998,3.,1.89999999999995));
#2595=CARTESIAN_POINT('Origin',(-6.00000005960464,2.25,1.20000000000001));
#2596=CARTESIAN_POINT('',(-6.75000005960464,3.,1.20000000000001));
#2597=CARTESIAN_POINT('',(-5.25000005960464,1.5,2.40000000000002));
#2598=CARTESIAN_POINT('Origin',(-4.00000005960464,1.5,2.31832522728157E-15));
#2599=CARTESIAN_POINT('',(-3.00000005960464,1.5,3.39592185922964E-15));
#2600=CARTESIAN_POINT('Origin',(-4.00000005960464,1.5,3.39592185922964E-15));
#2601=CARTESIAN_POINT('Origin',(-2.14999999999998,2.75,1.19999999999998));
#2602=CARTESIAN_POINT('',(-1.89999999999998,3.,10.4));
#2603=CARTESIAN_POINT('',(-1.89999999999998,3.,10.4));
#2604=CARTESIAN_POINT('',(-1.89999999999998,3.,6.75000005960465));
#2605=CARTESIAN_POINT('',(-1.89999999999998,3.,1.19999999999998));
#2606=CARTESIAN_POINT('',(-2.64166667660076,2.25833332339922,6.00833338300386));
#2607=CARTESIAN_POINT('Origin',(-1.19999999999999,2.75,10.65));
#2608=CARTESIAN_POINT('',(1.90000000000002,3.,10.4));
#2609=CARTESIAN_POINT('',(1.90000000000002,3.,10.4));
#2610=CARTESIAN_POINT('',(-1.19999999999999,3.,10.4));
#2611=CARTESIAN_POINT('Origin',(2.15000000000003,2.75,5.44999999999999));
#2612=CARTESIAN_POINT('',(1.90000000000002,3.,6.75000005960465));
#2613=CARTESIAN_POINT('',(2.33333334326747,2.56666665673256,6.31666671633721));
#2614=CARTESIAN_POINT('',(1.90000000000002,3.,5.44999999999999));
#2615=CARTESIAN_POINT('Origin',(1.20000000000001,2.25,6.00000005960465));
#2616=CARTESIAN_POINT('',(1.20000000000001,3.,6.75000005960465));
#2617=CARTESIAN_POINT('',(2.40000000000002,1.5,5.25000005960465));
#2618=CARTESIAN_POINT('Origin',(1.11022302462516E-15,1.5,4.00000005960465));
#2619=CARTESIAN_POINT('',(1.26933454261378E-15,1.5,3.00000005960465));
#2620=CARTESIAN_POINT('Origin',(1.20810220265642E-15,1.5,4.00000005960465));
#2621=CARTESIAN_POINT('Origin',(-1.20000000000001,2.25,-6.00000005960464));
#2622=CARTESIAN_POINT('',(-2.40000000000002,1.5,-5.25000005960464));
#2623=CARTESIAN_POINT('',(1.90000000000002,3.,-6.75000005960464));
#2624=CARTESIAN_POINT('',(2.64166667660079,2.25833332339924,-6.00833338300388));
#2625=CARTESIAN_POINT('',(-1.89999999999998,3.,-6.75000005960464));
#2626=CARTESIAN_POINT('',(-1.20000000000001,3.,-6.75000005960464));
#2627=CARTESIAN_POINT('',(-2.33333334326742,2.56666665673255,-6.3166667163372));
#2628=CARTESIAN_POINT('Origin',(-2.14999999999998,2.75,-5.45000000000001));
#2629=CARTESIAN_POINT('',(-1.89999999999998,3.,-10.4));
#2630=CARTESIAN_POINT('',(-1.89999999999998,3.,-5.45000000000001));
#2631=CARTESIAN_POINT('',(-1.89999999999998,3.,-10.4));
#2632=CARTESIAN_POINT('Origin',(6.00000005960464,2.25,-1.20000000000001));
#2633=CARTESIAN_POINT('',(5.25000005960464,1.5,-2.40000000000002));
#2634=CARTESIAN_POINT('',(6.75000005960464,3.,1.89999999999995));
#2635=CARTESIAN_POINT('',(6.00833338300387,2.25833332339922,2.64166667660073));
#2636=CARTESIAN_POINT('',(6.75000005960464,3.,-1.9));
#2637=CARTESIAN_POINT('',(6.75000005960464,3.,-1.20000000000001));
#2638=CARTESIAN_POINT('',(6.3166667163372,2.56666665673256,-2.33333334326744));
#2639=CARTESIAN_POINT('Origin',(5.45,2.75,-2.15));
#2640=CARTESIAN_POINT('',(10.4,3.,-1.9));
#2641=CARTESIAN_POINT('',(5.45,3.,-1.9));
#2642=CARTESIAN_POINT('',(10.4,3.,-1.9));
#2643=CARTESIAN_POINT('Origin',(0.,3.,1.94289029309402E-15));
#2644=CARTESIAN_POINT('Origin',(-6.20364297666751E-16,1.5,-4.00000005960464));
#2645=CARTESIAN_POINT('',(-1.63672858965745E-15,1.5,-3.00000005960464));
#2646=CARTESIAN_POINT('Origin',(-1.69796092961482E-15,1.5,-4.00000005960464));
#2647=CARTESIAN_POINT('Origin',(4.00000005960464,1.5,1.07759663194807E-15));
#2648=CARTESIAN_POINT('',(3.00000005960464,1.5,1.22464679914735E-16));
#2649=CARTESIAN_POINT('Origin',(4.00000005960464,1.5,0.));
#2650=CARTESIAN_POINT('Origin',(0.,3.,1.94289029309402E-15));
#2651=CARTESIAN_POINT('',(10.4,3.,1.89999999999995));
#2652=CARTESIAN_POINT('',(1.20000000000001,3.,1.89999999999995));
#2653=CARTESIAN_POINT('',(10.4,3.,1.19999999999998));
#2654=CARTESIAN_POINT('Origin',(0.,3.,1.94289029309402E-15));
#2655=CARTESIAN_POINT('',(1.90000000000002,3.,-10.4));
#2656=CARTESIAN_POINT('',(1.90000000000002,3.,-1.2));
#2657=CARTESIAN_POINT('',(1.20000000000001,3.,-10.4));
#2658=CARTESIAN_POINT('Origin',(0.,3.,1.94289029309402E-15));
#2659=CARTESIAN_POINT('Origin',(1.20810220265642E-15,-1.,4.00000005960465));
#2660=CARTESIAN_POINT('',(1.82042560223009E-15,0.5,2.00000005960465));
#2661=CARTESIAN_POINT('',(1.33056688257115E-15,-1.,2.00000005960465));
#2662=CARTESIAN_POINT('Origin',(1.20810220265642E-15,0.5,4.00000005960465));
#2663=CARTESIAN_POINT('Origin',(1.20810220265642E-15,0.5,4.00000005960465));
#2664=CARTESIAN_POINT('',(1.51426390244325E-15,0.5,3.00000005960465));
#2665=CARTESIAN_POINT('Origin',(1.20810220265642E-15,0.5,4.00000005960465));
#2666=CARTESIAN_POINT('Origin',(-4.00000005960464,-1.,3.39592185922964E-15));
#2667=CARTESIAN_POINT('',(-2.00000005960465,0.5,3.88578057888858E-15));
#2668=CARTESIAN_POINT('',(-2.00000005960465,-1.,3.39592185922964E-15));
#2669=CARTESIAN_POINT('Origin',(-4.00000005960464,0.5,3.39592185922964E-15));
#2670=CARTESIAN_POINT('Origin',(-4.00000005960464,0.5,3.39592185922964E-15));
#2671=CARTESIAN_POINT('',(-3.00000005960464,0.5,3.64085121905911E-15));
#2672=CARTESIAN_POINT('Origin',(-4.00000005960464,0.5,3.39592185922964E-15));
#2673=CARTESIAN_POINT('Origin',(-1.69796092961482E-15,-1.,-4.00000005960464));
#2674=CARTESIAN_POINT('',(-2.06535496935903E-15,0.5,-2.00000005960464));
#2675=CARTESIAN_POINT('',(-1.57549624970009E-15,-1.,-2.00000005960464));
#2676=CARTESIAN_POINT('Origin',(-1.69796092961482E-15,0.5,-4.00000005960464));
#2677=CARTESIAN_POINT('Origin',(-1.69796092961482E-15,0.5,-4.00000005960464));
#2678=CARTESIAN_POINT('',(-1.88165794948692E-15,0.5,-3.00000005960464));
#2679=CARTESIAN_POINT('Origin',(-1.69796092961482E-15,0.5,-4.00000005960464));
#2680=CARTESIAN_POINT('Origin',(1.20810220265642E-15,-1.,4.00000005960465));
#2681=CARTESIAN_POINT('',(1.26933454261378E-15,-1.,3.00000005960465));
#2682=CARTESIAN_POINT('Origin',(-4.00000005960464,-1.,3.39592185922964E-15));
#2683=CARTESIAN_POINT('',(-3.00000005960464,-1.,3.39592185922964E-15));
#2684=CARTESIAN_POINT('Origin',(-1.69796092961482E-15,-1.,-4.00000005960464));
#2685=CARTESIAN_POINT('',(-1.63672858965745E-15,-1.,-3.00000005960464));
#2686=CARTESIAN_POINT('Origin',(4.00000005960464,-1.,0.));
#2687=CARTESIAN_POINT('',(2.00000005960465,0.5,-2.44929359829471E-16));
#2688=CARTESIAN_POINT('',(2.00000005960465,-1.,2.44929359829471E-16));
#2689=CARTESIAN_POINT('Origin',(4.00000005960464,0.5,0.));
#2690=CARTESIAN_POINT('Origin',(4.00000005960464,0.5,0.));
#2691=CARTESIAN_POINT('',(3.00000005960464,0.5,-1.22464679914735E-16));
#2692=CARTESIAN_POINT('Origin',(4.00000005960464,0.5,0.));
#2693=CARTESIAN_POINT('Origin',(4.00000005960464,-1.,0.));
#2694=CARTESIAN_POINT('',(3.00000005960464,-1.,1.22464679914735E-16));
#2695=CARTESIAN_POINT('Origin',(10.65,2.75,1.19999999999998));
#2696=CARTESIAN_POINT('',(10.4,3.,1.89999999999995));
#2697=CARTESIAN_POINT('Origin',(1.20000000000001,2.75,-10.65));
#2698=CARTESIAN_POINT('',(1.90000000000002,3.,-10.4));
#2699=CARTESIAN_POINT('Origin',(2.15000000000003,2.75,-1.2));
#2700=CARTESIAN_POINT('Origin',(1.20000000000001,2.75,2.14999999999995));
#2701=UNCERTAINTY_MEASURE_WITH_UNIT(LENGTH_MEASURE(0.01),#2705,
'DISTANCE_ACCURACY_VALUE',
'Maximum model space distance between geometric entities at asserted c
onnectivities');
#2702=UNCERTAINTY_MEASURE_WITH_UNIT(LENGTH_MEASURE(0.01),#2705,
'DISTANCE_ACCURACY_VALUE',
'Maximum model space distance between geometric entities at asserted c
onnectivities');
#2703=(
GEOMETRIC_REPRESENTATION_CONTEXT(3)
GLOBAL_UNCERTAINTY_ASSIGNED_CONTEXT((#2701))
GLOBAL_UNIT_ASSIGNED_CONTEXT((#2705,#2707,#2708))
REPRESENTATION_CONTEXT('','3D')
);
#2704=(
GEOMETRIC_REPRESENTATION_CONTEXT(3)
GLOBAL_UNCERTAINTY_ASSIGNED_CONTEXT((#2702))
GLOBAL_UNIT_ASSIGNED_CONTEXT((#2705,#2707,#2708))
REPRESENTATION_CONTEXT('','3D')
);
#2705=(
LENGTH_UNIT()
NAMED_UNIT(*)
SI_UNIT(.MILLI.,.METRE.)
);
#2706=(
LENGTH_UNIT()
NAMED_UNIT(*)
SI_UNIT($,.METRE.)
);
#2707=(
NAMED_UNIT(*)
PLANE_ANGLE_UNIT()
SI_UNIT($,.RADIAN.)
);
#2708=(
NAMED_UNIT(*)
SI_UNIT($,.STERADIAN.)
SOLID_ANGLE_UNIT()
);
#2709=SHAPE_DEFINITION_REPRESENTATION(#2710,#2711);
#2710=PRODUCT_DEFINITION_SHAPE('',$,#2713);
#2711=SHAPE_REPRESENTATION('',(#1623),#2703);
#2712=PRODUCT_DEFINITION_CONTEXT('part definition',#2717,'design');
#2713=PRODUCT_DEFINITION('2026-08-13-17-46-06-177','DPADBody',#2714,#2712);
#2714=PRODUCT_DEFINITION_FORMATION('',$,#2719);
#2715=PRODUCT_RELATED_PRODUCT_CATEGORY('DPADBody','DPADBody',(#2719));
#2716=APPLICATION_PROTOCOL_DEFINITION('international standard',
'automotive_design',2009,#2717);
#2717=APPLICATION_CONTEXT(
'Core Data for Automotive Mechanical Design Process');
#2718=PRODUCT_CONTEXT('part definition',#2717,'mechanical');
#2719=PRODUCT('2026-08-13-17-46-06-177','DPADBody',$,(#2718));
#2720=PRESENTATION_STYLE_ASSIGNMENT((#2721));
#2721=SURFACE_STYLE_USAGE(.BOTH.,#2722);
#2722=SURFACE_SIDE_STYLE('',(#2723));
#2723=SURFACE_STYLE_FILL_AREA(#2724);
#2724=FILL_AREA_STYLE('Steel - Satin',(#2725));
#2725=FILL_AREA_STYLE_COLOUR('Steel - Satin',#2726);
#2726=COLOUR_RGB('Steel - Satin',0.627450980392157,0.627450980392157,0.627450980392157);
ENDSEC;
END-ISO-10303-21;
