ISO-10303-21;
HEADER;
/* Generated by software containing ST-Developer
 * from STEP Tools, Inc. (www.steptools.com) 
 */

FILE_DESCRIPTION(
/* description */ (''),
/* implementation_level */ '2;1');

FILE_NAME(
/* name */ 'DPADSpacer.step',
/* time_stamp */ '2026-08-13T17:46:02+02:00',
/* author */ (''),
/* organization */ (''),
/* preprocessor_version */ 'ST-DEVELOPER v20.1',
/* originating_system */ 'Autodesk Translation Framework v15.8.0.0',
/* authorisation */ '');

FILE_SCHEMA (('AUTOMOTIVE_DESIGN { 1 0 10303 214 3 1 1 }'));
ENDSEC;

DATA;
#10=MECHANICAL_DESIGN_GEOMETRIC_PRESENTATION_REPRESENTATION('',(#13),#7027);
#11=SHAPE_REPRESENTATION_RELATIONSHIP('SRR','None',#7034,#12);
#12=ADVANCED_BREP_SHAPE_REPRESENTATION('',(#14),#7026);
#13=STYLED_ITEM('',(#7043),#14);
#14=MANIFOLD_SOLID_BREP('DPADSpacer',#3155);
#15=(
BOUNDED_SURFACE()
B_SPLINE_SURFACE(2,2,((#6588,#6589,#6590),(#6591,#6592,#6593),(#6594,#6595,
#6596)),.UNSPECIFIED.,.F.,.F.,.F.)
B_SPLINE_SURFACE_WITH_KNOTS((3,3),(3,3),(0.,1.5707963267949),(-0.650857647715173,
0.390797044805692),.UNSPECIFIED.)
GEOMETRIC_REPRESENTATION_ITEM()
RATIONAL_B_SPLINE_SURFACE(((1.,0.867407790788727,1.),(0.707106781186549,
0.613349930920753,0.707106781186549),(1.,0.867407790788727,1.)))
REPRESENTATION_ITEM('')
SURFACE()
);
#16=SPHERICAL_SURFACE('',#3362,0.5);
#17=SPHERICAL_SURFACE('',#3369,0.5);
#18=(
BOUNDED_CURVE()
B_SPLINE_CURVE(2,(#5763,#5764,#5765),.UNSPECIFIED.,.F.,.F.)
B_SPLINE_CURVE_WITH_KNOTS((3,3),(-0.0586839733729306,-0.041700449959406),
 .UNSPECIFIED.)
CURVE()
GEOMETRIC_REPRESENTATION_ITEM()
RATIONAL_B_SPLINE_CURVE((1.,1.,1.))
REPRESENTATION_ITEM('')
);
#19=(
BOUNDED_CURVE()
B_SPLINE_CURVE(2,(#5778,#5779,#5780),.UNSPECIFIED.,.F.,.F.)
B_SPLINE_CURVE_WITH_KNOTS((3,3),(-1.57519191270254,-1.55820838929377),
 .UNSPECIFIED.)
CURVE()
GEOMETRIC_REPRESENTATION_ITEM()
RATIONAL_B_SPLINE_CURVE((1.,1.,1.))
REPRESENTATION_ITEM('')
);
#20=(
BOUNDED_CURVE()
B_SPLINE_CURVE(2,(#5901,#5902,#5903),.UNSPECIFIED.,.F.,.F.)
B_SPLINE_CURVE_WITH_KNOTS((3,3),(0.0570507584791492,0.235441332951326),
 .UNSPECIFIED.)
CURVE()
GEOMETRIC_REPRESENTATION_ITEM()
RATIONAL_B_SPLINE_CURVE((1.00093412895112,1.00211587503384,1.0015546635077))
REPRESENTATION_ITEM('')
);
#21=(
BOUNDED_CURVE()
B_SPLINE_CURVE(2,(#6998,#6999,#7000),.UNSPECIFIED.,.F.,.F.)
B_SPLINE_CURVE_WITH_KNOTS((3,3),(0.12056206561901,0.298952640091968),
 .UNSPECIFIED.)
CURVE()
GEOMETRIC_REPRESENTATION_ITEM()
RATIONAL_B_SPLINE_CURVE((1.0015546635078,1.00211587503398,1.00093412895118))
REPRESENTATION_ITEM('')
);
#22=ELLIPSE('',#3233,20.5060966544099,14.5);
#23=ELLIPSE('',#3240,20.5060966544099,14.5);
#24=TOROIDAL_SURFACE('',#3221,3.,0.5);
#25=TOROIDAL_SURFACE('',#3360,1.75,0.5);
#26=TOROIDAL_SURFACE('',#3367,2.75,0.5);
#27=TOROIDAL_SURFACE('',#3373,2.,0.5);
#28=TOROIDAL_SURFACE('',#3375,2.75,0.5);
#29=TOROIDAL_SURFACE('',#3460,2.,1.);
#30=TOROIDAL_SURFACE('',#3466,2.,1.);
#31=TOROIDAL_SURFACE('',#3470,3.,0.5);
#32=TOROIDAL_SURFACE('',#3477,2.,0.5);
#33=TOROIDAL_SURFACE('',#3478,15.5,1.);
#34=FACE_BOUND('',#973,.T.);
#35=FACE_BOUND('',#974,.T.);
#36=FACE_BOUND('',#975,.T.);
#37=FACE_BOUND('',#976,.T.);
#38=FACE_BOUND('',#977,.T.);
#39=FACE_BOUND('',#978,.T.);
#40=FACE_BOUND('',#979,.T.);
#41=FACE_BOUND('',#980,.T.);
#42=FACE_BOUND('',#997,.T.);
#43=FACE_BOUND('',#998,.T.);
#44=FACE_BOUND('',#999,.T.);
#45=FACE_BOUND('',#1000,.T.);
#46=FACE_BOUND('',#1001,.T.);
#47=FACE_BOUND('',#1002,.T.);
#48=FACE_BOUND('',#1003,.T.);
#49=FACE_BOUND('',#1004,.T.);
#50=FACE_BOUND('',#1005,.T.);
#51=FACE_BOUND('',#1006,.T.);
#52=FACE_BOUND('',#1007,.T.);
#53=FACE_BOUND('',#1008,.T.);
#54=FACE_BOUND('',#1009,.T.);
#55=FACE_BOUND('',#1010,.T.);
#56=FACE_BOUND('',#1092,.T.);
#57=FACE_BOUND('',#1106,.T.);
#58=FACE_BOUND('',#1109,.T.);
#59=FACE_BOUND('',#1114,.T.);
#60=FACE_BOUND('',#1125,.T.);
#61=FACE_BOUND('',#1131,.T.);
#62=CONICAL_SURFACE('',#3182,2.35,0.785398163397446);
#63=CONICAL_SURFACE('',#3229,2.35,0.785398163397446);
#64=CONICAL_SURFACE('',#3234,14.456066017178,1.17809724509618);
#65=CONICAL_SURFACE('',#3277,1.025,0.785398163397447);
#66=CONICAL_SURFACE('',#3300,14.35,0.785398163397449);
#67=CONICAL_SURFACE('',#3302,14.35,0.785398163397445);
#68=CONICAL_SURFACE('',#3304,2.15,0.785398163397446);
#69=CONICAL_SURFACE('',#3307,2.35,0.785398163397446);
#70=CONICAL_SURFACE('',#3310,2.15,0.785398163397448);
#71=CONICAL_SURFACE('',#3312,14.35,0.785398163397448);
#72=CONICAL_SURFACE('',#3314,2.15,0.78539816339745);
#73=CONICAL_SURFACE('',#3317,2.35,0.785398163397447);
#74=CONICAL_SURFACE('',#3320,2.15,0.785398163397455);
#75=CONICAL_SURFACE('',#3322,14.35,0.78539816339745);
#76=CONICAL_SURFACE('',#3323,14.456066017178,1.17809724509617);
#77=CONICAL_SURFACE('',#3325,14.456066017178,1.17809724509618);
#78=CONICAL_SURFACE('',#3327,2.35,0.785398163397441);
#79=CONICAL_SURFACE('',#3330,14.456066017178,1.17809724509617);
#80=CONICAL_SURFACE('',#3332,2.15,0.785398163397447);
#81=CONICAL_SURFACE('',#3334,2.35,0.785398163397447);
#82=CONICAL_SURFACE('',#3337,2.15,0.785398163397444);
#83=CONICAL_SURFACE('',#3339,14.35,0.785398163397445);
#84=CONICAL_SURFACE('',#3355,14.25,0.785398163397447);
#85=CONICAL_SURFACE('',#3382,1.35,0.785398163397448);
#86=CONICAL_SURFACE('',#3384,2.1,0.785398163397449);
#87=CONICAL_SURFACE('',#3386,1.05,0.785398163397448);
#88=CONICAL_SURFACE('',#3394,2.15,0.785398163397446);
#89=CONICAL_SURFACE('',#3398,2.35,0.785398163397444);
#90=CONICAL_SURFACE('',#3401,2.15,0.785398163397449);
#91=CONICAL_SURFACE('',#3407,1.05,0.785398163397448);
#92=CONICAL_SURFACE('',#3414,2.35,0.785398163397446);
#93=CONICAL_SURFACE('',#3415,1.05,0.785398163397444);
#94=CONICAL_SURFACE('',#3422,2.35,0.78539816339745);
#95=CONICAL_SURFACE('',#3423,1.35,0.785398163397448);
#96=CONICAL_SURFACE('',#3428,1.35,0.785398163397448);
#97=CONICAL_SURFACE('',#3433,1.05,0.785398163397448);
#98=CONICAL_SURFACE('',#3439,2.35,0.785398163397449);
#99=CONICAL_SURFACE('',#3442,1.05,0.785398163397448);
#100=CONICAL_SURFACE('',#3446,2.35,0.785398163397448);
#101=CONICAL_SURFACE('',#3449,1.65,0.785398163397448);
#102=CONICAL_SURFACE('',#3451,0.85,0.785398163397447);
#103=CONICAL_SURFACE('',#3453,0.850000000000001,0.785398163397446);
#104=CONICAL_SURFACE('',#3485,14.25,0.785398163397447);
#105=PLANE('',#3175);
#106=PLANE('',#3185);
#107=PLANE('',#3232);
#108=PLANE('',#3243);
#109=PLANE('',#3244);
#110=PLANE('',#3245);
#111=PLANE('',#3246);
#112=PLANE('',#3247);
#113=PLANE('',#3248);
#114=PLANE('',#3249);
#115=PLANE('',#3282);
#116=PLANE('',#3283);
#117=PLANE('',#3284);
#118=PLANE('',#3285);
#119=PLANE('',#3286);
#120=PLANE('',#3287);
#121=PLANE('',#3288);
#122=PLANE('',#3289);
#123=PLANE('',#3290);
#124=PLANE('',#3291);
#125=PLANE('',#3292);
#126=PLANE('',#3293);
#127=PLANE('',#3294);
#128=PLANE('',#3295);
#129=PLANE('',#3296);
#130=PLANE('',#3297);
#131=PLANE('',#3298);
#132=PLANE('',#3299);
#133=PLANE('',#3301);
#134=PLANE('',#3306);
#135=PLANE('',#3309);
#136=PLANE('',#3316);
#137=PLANE('',#3319);
#138=PLANE('',#3326);
#139=PLANE('',#3329);
#140=PLANE('',#3342);
#141=PLANE('',#3345);
#142=PLANE('',#3349);
#143=PLANE('',#3353);
#144=PLANE('',#3356);
#145=PLANE('',#3392);
#146=PLANE('',#3393);
#147=PLANE('',#3397);
#148=PLANE('',#3400);
#149=PLANE('',#3404);
#150=PLANE('',#3411);
#151=PLANE('',#3419);
#152=PLANE('',#3426);
#153=PLANE('',#3431);
#154=PLANE('',#3436);
#155=PLANE('',#3444);
#156=PLANE('',#3473);
#157=PLANE('',#3474);
#158=PLANE('',#3475);
#159=PLANE('',#3484);
#160=PLANE('',#3488);
#161=PLANE('',#3489);
#162=PLANE('',#3494);
#163=PLANE('',#3495);
#164=PLANE('',#3496);
#165=PLANE('',#3497);
#166=PLANE('',#3498);
#167=PLANE('',#3499);
#168=CIRCLE('',#3170,15.3894568246824);
#169=CIRCLE('',#3172,0.999999999999999);
#170=CIRCLE('',#3173,1.);
#171=CIRCLE('',#3174,1.);
#172=CIRCLE('',#3176,2.2);
#173=CIRCLE('',#3177,0.700000000000001);
#174=CIRCLE('',#3178,1.8);
#175=CIRCLE('',#3179,0.7);
#176=CIRCLE('',#3180,2.2);
#177=CIRCLE('',#3181,1.);
#178=CIRCLE('',#3184,1.);
#179=CIRCLE('',#3186,14.5);
#180=CIRCLE('',#3187,2.);
#181=CIRCLE('',#3188,2.5);
#182=CIRCLE('',#3189,2.);
#183=CIRCLE('',#3190,2.75);
#184=CIRCLE('',#3191,2.);
#185=CIRCLE('',#3192,2.75);
#186=CIRCLE('',#3193,14.5);
#187=CIRCLE('',#3194,2.);
#188=CIRCLE('',#3195,2.5);
#189=CIRCLE('',#3196,2.);
#190=CIRCLE('',#3197,14.5);
#191=CIRCLE('',#3198,2.);
#192=CIRCLE('',#3199,2.5);
#193=CIRCLE('',#3200,2.);
#194=CIRCLE('',#3201,14.5);
#195=CIRCLE('',#3202,3.);
#196=CIRCLE('',#3203,2.);
#197=CIRCLE('',#3204,3.);
#198=CIRCLE('',#3205,1.1);
#199=CIRCLE('',#3206,2.);
#200=CIRCLE('',#3207,2.5);
#201=CIRCLE('',#3208,2.);
#202=CIRCLE('',#3209,2.);
#203=CIRCLE('',#3210,2.5);
#204=CIRCLE('',#3211,2.);
#205=CIRCLE('',#3212,2.);
#206=CIRCLE('',#3213,2.5);
#207=CIRCLE('',#3214,2.);
#208=CIRCLE('',#3215,2.);
#209=CIRCLE('',#3216,2.5);
#210=CIRCLE('',#3217,2.5);
#211=CIRCLE('',#3218,2.);
#212=CIRCLE('',#3219,1.5);
#213=CIRCLE('',#3220,1.5);
#214=CIRCLE('',#3222,2.5);
#215=CIRCLE('',#3224,2.5);
#216=CIRCLE('',#3225,2.5);
#217=CIRCLE('',#3227,2.5);
#218=CIRCLE('',#3228,2.5);
#219=CIRCLE('',#3231,1.1);
#220=CIRCLE('',#3235,14.5);
#221=CIRCLE('',#3236,14.2);
#222=CIRCLE('',#3238,14.5);
#223=CIRCLE('',#3239,14.5);
#224=CIRCLE('',#3241,14.5);
#225=CIRCLE('',#3242,14.5);
#226=CIRCLE('',#3250,14.2);
#227=CIRCLE('',#3251,2.3);
#228=CIRCLE('',#3252,2.2);
#229=CIRCLE('',#3253,2.3);
#230=CIRCLE('',#3254,14.2);
#231=CIRCLE('',#3255,14.2);
#232=CIRCLE('',#3256,2.2);
#233=CIRCLE('',#3257,14.2);
#234=CIRCLE('',#3258,14.2);
#235=CIRCLE('',#3259,2.3);
#236=CIRCLE('',#3260,2.2);
#237=CIRCLE('',#3261,2.3);
#238=CIRCLE('',#3262,14.2);
#239=CIRCLE('',#3263,2.3);
#240=CIRCLE('',#3264,2.2);
#241=CIRCLE('',#3265,2.3);
#242=CIRCLE('',#3266,14.2);
#243=CIRCLE('',#3267,14.2);
#244=CIRCLE('',#3268,0.900000000000001);
#245=CIRCLE('',#3269,0.899999999999999);
#246=CIRCLE('',#3270,2.);
#247=CIRCLE('',#3271,1.1);
#248=CIRCLE('',#3272,2.);
#249=CIRCLE('',#3273,2.);
#250=CIRCLE('',#3274,2.);
#251=CIRCLE('',#3275,0.899999999999999);
#252=CIRCLE('',#3276,1.15);
#253=CIRCLE('',#3278,0.9);
#254=CIRCLE('',#3279,0.9);
#255=CIRCLE('',#3281,0.9);
#256=CIRCLE('',#3303,14.5);
#257=CIRCLE('',#3305,2.);
#258=CIRCLE('',#3308,2.5);
#259=CIRCLE('',#3311,2.);
#260=CIRCLE('',#3313,14.5);
#261=CIRCLE('',#3315,2.);
#262=CIRCLE('',#3318,2.5);
#263=CIRCLE('',#3321,2.);
#264=CIRCLE('',#3324,14.712132034356);
#265=CIRCLE('',#3328,2.5);
#266=CIRCLE('',#3331,14.712132034356);
#267=CIRCLE('',#3333,2.);
#268=CIRCLE('',#3335,2.5);
#269=CIRCLE('',#3336,2.5);
#270=CIRCLE('',#3338,2.);
#271=CIRCLE('',#3340,14.5);
#272=CIRCLE('',#3344,2.5);
#273=CIRCLE('',#3351,2.5);
#274=CIRCLE('',#3352,2.5);
#275=CIRCLE('',#3358,2.5);
#276=CIRCLE('',#3359,0.499999999999999);
#277=CIRCLE('',#3361,2.25);
#278=CIRCLE('',#3363,0.5);
#279=CIRCLE('',#3364,0.5);
#280=CIRCLE('',#3365,0.5);
#281=CIRCLE('',#3368,2.25);
#282=CIRCLE('',#3370,0.499999999999999);
#283=CIRCLE('',#3371,0.5);
#284=CIRCLE('',#3372,0.499999999999999);
#285=CIRCLE('',#3374,1.5);
#286=CIRCLE('',#3376,2.25);
#287=CIRCLE('',#3379,1.5);
#288=CIRCLE('',#3381,2.25);
#289=CIRCLE('',#3383,1.2);
#290=CIRCLE('',#3385,1.95);
#291=CIRCLE('',#3387,1.2);
#292=CIRCLE('',#3388,0.9);
#293=CIRCLE('',#3389,0.9);
#294=CIRCLE('',#3391,0.9);
#295=CIRCLE('',#3395,2.);
#296=CIRCLE('',#3396,2.3);
#297=CIRCLE('',#3399,2.2);
#298=CIRCLE('',#3402,2.3);
#299=CIRCLE('',#3403,2.);
#300=CIRCLE('',#3405,15.5);
#301=CIRCLE('',#3406,1.1);
#302=CIRCLE('',#3408,1.2);
#303=CIRCLE('',#3409,0.899999999999999);
#304=CIRCLE('',#3410,0.899999999999999);
#305=CIRCLE('',#3412,2.2);
#306=CIRCLE('',#3416,1.2);
#307=CIRCLE('',#3417,0.899999999999999);
#308=CIRCLE('',#3418,0.899999999999999);
#309=CIRCLE('',#3420,2.2);
#310=CIRCLE('',#3424,1.5);
#311=CIRCLE('',#3425,1.2);
#312=CIRCLE('',#3429,1.2);
#313=CIRCLE('',#3430,1.5);
#314=CIRCLE('',#3434,1.2);
#315=CIRCLE('',#3435,0.900000000000001);
#316=CIRCLE('',#3437,2.2);
#317=CIRCLE('',#3440,2.5);
#318=CIRCLE('',#3443,1.2);
#319=CIRCLE('',#3445,2.2);
#320=CIRCLE('',#3447,2.5);
#321=CIRCLE('',#3450,1.5);
#322=CIRCLE('',#3452,1.);
#323=CIRCLE('',#3454,1.);
#324=CIRCLE('',#3456,1.5);
#325=CIRCLE('',#3458,1.);
#326=CIRCLE('',#3459,1.);
#327=CIRCLE('',#3461,1.);
#328=CIRCLE('',#3462,2.);
#329=CIRCLE('',#3463,1.);
#330=CIRCLE('',#3464,1.);
#331=CIRCLE('',#3465,0.5);
#332=CIRCLE('',#3467,1.);
#333=CIRCLE('',#3468,1.);
#334=CIRCLE('',#3469,2.);
#335=CIRCLE('',#3472,1.);
#336=CIRCLE('',#3476,0.5);
#337=CIRCLE('',#3479,14.5);
#338=LINE('',#4525,#539);
#339=LINE('',#4528,#540);
#340=LINE('',#4544,#541);
#341=LINE('',#4548,#542);
#342=LINE('',#4716,#543);
#343=LINE('',#4730,#544);
#344=LINE('',#4775,#545);
#345=LINE('',#4779,#546);
#346=LINE('',#4793,#547);
#347=LINE('',#4797,#548);
#348=LINE('',#4818,#549);
#349=LINE('',#4820,#550);
#350=LINE('',#4822,#551);
#351=LINE('',#4823,#552);
#352=LINE('',#4826,#553);
#353=LINE('',#4828,#554);
#354=LINE('',#4830,#555);
#355=LINE('',#4831,#556);
#356=LINE('',#4834,#557);
#357=LINE('',#4836,#558);
#358=LINE('',#4838,#559);
#359=LINE('',#4839,#560);
#360=LINE('',#4842,#561);
#361=LINE('',#4844,#562);
#362=LINE('',#4846,#563);
#363=LINE('',#4847,#564);
#364=LINE('',#4912,#565);
#365=LINE('',#4929,#566);
#366=LINE('',#4932,#567);
#367=LINE('',#4943,#568);
#368=LINE('',#5149,#569);
#369=LINE('',#5180,#570);
#370=LINE('',#5234,#571);
#371=LINE('',#5238,#572);
#372=LINE('',#5240,#573);
#373=LINE('',#5242,#574);
#374=LINE('',#5243,#575);
#375=LINE('',#5246,#576);
#376=LINE('',#5248,#577);
#377=LINE('',#5249,#578);
#378=LINE('',#5252,#579);
#379=LINE('',#5254,#580);
#380=LINE('',#5255,#581);
#381=LINE('',#5257,#582);
#382=LINE('',#5258,#583);
#383=LINE('',#5260,#584);
#384=LINE('',#5261,#585);
#385=LINE('',#5263,#586);
#386=LINE('',#5286,#587);
#387=LINE('',#5290,#588);
#388=LINE('',#5326,#589);
#389=LINE('',#5330,#590);
#390=LINE('',#5338,#591);
#391=LINE('',#5342,#592);
#392=LINE('',#5356,#593);
#393=LINE('',#5359,#594);
#394=LINE('',#5361,#595);
#395=LINE('',#5363,#596);
#396=LINE('',#5364,#597);
#397=LINE('',#5367,#598);
#398=LINE('',#5369,#599);
#399=LINE('',#5371,#600);
#400=LINE('',#5372,#601);
#401=LINE('',#5391,#602);
#402=LINE('',#5393,#603);
#403=LINE('',#5395,#604);
#404=LINE('',#5396,#605);
#405=LINE('',#5404,#606);
#406=LINE('',#5408,#607);
#407=LINE('',#5411,#608);
#408=LINE('',#5413,#609);
#409=LINE('',#5414,#610);
#410=LINE('',#5417,#611);
#411=LINE('',#5418,#612);
#412=LINE('',#5421,#613);
#413=LINE('',#5422,#614);
#414=LINE('',#5424,#615);
#415=LINE('',#5426,#616);
#416=LINE('',#5427,#617);
#417=LINE('',#5429,#618);
#418=LINE('',#5432,#619);
#419=LINE('',#5434,#620);
#420=LINE('',#5435,#621);
#421=LINE('',#5438,#622);
#422=LINE('',#5439,#623);
#423=LINE('',#5442,#624);
#424=LINE('',#5443,#625);
#425=LINE('',#5445,#626);
#426=LINE('',#5447,#627);
#427=LINE('',#5448,#628);
#428=LINE('',#5450,#629);
#429=LINE('',#5453,#630);
#430=LINE('',#5455,#631);
#431=LINE('',#5456,#632);
#432=LINE('',#5459,#633);
#433=LINE('',#5460,#634);
#434=LINE('',#5463,#635);
#435=LINE('',#5464,#636);
#436=LINE('',#5466,#637);
#437=LINE('',#5468,#638);
#438=LINE('',#5469,#639);
#439=LINE('',#5471,#640);
#440=LINE('',#5473,#641);
#441=LINE('',#5481,#642);
#442=LINE('',#5484,#643);
#443=LINE('',#5487,#644);
#444=LINE('',#5491,#645);
#445=LINE('',#5492,#646);
#446=LINE('',#5495,#647);
#447=LINE('',#5499,#648);
#448=LINE('',#5500,#649);
#449=LINE('',#5503,#650);
#450=LINE('',#5507,#651);
#451=LINE('',#5511,#652);
#452=LINE('',#5515,#653);
#453=LINE('',#5516,#654);
#454=LINE('',#5519,#655);
#455=LINE('',#5523,#656);
#456=LINE('',#5524,#657);
#457=LINE('',#5526,#658);
#458=LINE('',#5529,#659);
#459=LINE('',#5756,#660);
#460=LINE('',#5760,#661);
#461=LINE('',#5762,#662);
#462=LINE('',#5768,#663);
#463=LINE('',#5772,#664);
#464=LINE('',#5783,#665);
#465=LINE('',#5787,#666);
#466=LINE('',#5791,#667);
#467=LINE('',#5797,#668);
#468=LINE('',#5801,#669);
#469=LINE('',#5839,#670);
#470=LINE('',#5841,#671);
#471=LINE('',#5845,#672);
#472=LINE('',#5846,#673);
#473=LINE('',#5848,#674);
#474=LINE('',#5851,#675);
#475=LINE('',#5867,#676);
#476=LINE('',#5885,#677);
#477=LINE('',#5887,#678);
#478=LINE('',#5893,#679);
#479=LINE('',#5894,#680);
#480=LINE('',#5896,#681);
#481=LINE('',#5898,#682);
#482=LINE('',#5914,#683);
#483=LINE('',#5916,#684);
#484=LINE('',#5917,#685);
#485=LINE('',#5920,#686);
#486=LINE('',#6067,#687);
#487=LINE('',#6068,#688);
#488=LINE('',#6088,#689);
#489=LINE('',#6090,#690);
#490=LINE('',#6222,#691);
#491=LINE('',#6228,#692);
#492=LINE('',#6285,#693);
#493=LINE('',#6298,#694);
#494=LINE('',#6301,#695);
#495=LINE('',#6305,#696);
#496=LINE('',#6306,#697);
#497=LINE('',#6309,#698);
#498=LINE('',#6314,#699);
#499=LINE('',#6315,#700);
#500=LINE('',#6316,#701);
#501=LINE('',#6320,#702);
#502=LINE('',#6385,#703);
#503=LINE('',#6474,#704);
#504=LINE('',#6482,#705);
#505=LINE('',#6484,#706);
#506=LINE('',#6489,#707);
#507=LINE('',#6497,#708);
#508=LINE('',#6499,#709);
#509=LINE('',#6504,#710);
#510=LINE('',#6508,#711);
#511=LINE('',#6513,#712);
#512=LINE('',#6517,#713);
#513=LINE('',#6522,#714);
#514=LINE('',#6528,#715);
#515=LINE('',#6531,#716);
#516=LINE('',#6534,#717);
#517=LINE('',#6535,#718);
#518=LINE('',#6536,#719);
#519=LINE('',#6540,#720);
#520=LINE('',#6546,#721);
#521=LINE('',#6549,#722);
#522=LINE('',#6552,#723);
#523=LINE('',#6554,#724);
#524=LINE('',#6562,#725);
#525=LINE('',#6565,#726);
#526=LINE('',#6980,#727);
#527=LINE('',#6982,#728);
#528=LINE('',#6984,#729);
#529=LINE('',#6994,#730);
#530=LINE('',#6996,#731);
#531=LINE('',#7005,#732);
#532=LINE('',#7007,#733);
#533=LINE('',#7009,#734);
#534=LINE('',#7011,#735);
#535=LINE('',#7013,#736);
#536=LINE('',#7015,#737);
#537=LINE('',#7017,#738);
#538=LINE('',#7022,#739);
#539=VECTOR('',#3504,10.);
#540=VECTOR('',#3507,10.);
#541=VECTOR('',#3512,10.);
#542=VECTOR('',#3515,10.);
#543=VECTOR('',#3534,10.);
#544=VECTOR('',#3537,10.);
#545=VECTOR('',#3546,10.);
#546=VECTOR('',#3549,10.);
#547=VECTOR('',#3562,10.);
#548=VECTOR('',#3565,10.);
#549=VECTOR('',#3586,10.);
#550=VECTOR('',#3587,10.);
#551=VECTOR('',#3588,10.);
#552=VECTOR('',#3589,10.);
#553=VECTOR('',#3590,10.);
#554=VECTOR('',#3591,10.);
#555=VECTOR('',#3592,10.);
#556=VECTOR('',#3593,10.);
#557=VECTOR('',#3594,10.);
#558=VECTOR('',#3595,10.);
#559=VECTOR('',#3596,10.);
#560=VECTOR('',#3597,10.);
#561=VECTOR('',#3598,10.);
#562=VECTOR('',#3599,10.);
#563=VECTOR('',#3600,10.);
#564=VECTOR('',#3601,10.);
#565=VECTOR('',#3640,10.);
#566=VECTOR('',#3651,10.);
#567=VECTOR('',#3654,1.1);
#568=VECTOR('',#3661,10.);
#569=VECTOR('',#3668,10.);
#570=VECTOR('',#3671,10.);
#571=VECTOR('',#3682,10.);
#572=VECTOR('',#3685,10.);
#573=VECTOR('',#3686,10.);
#574=VECTOR('',#3687,10.);
#575=VECTOR('',#3688,10.);
#576=VECTOR('',#3691,10.);
#577=VECTOR('',#3692,10.);
#578=VECTOR('',#3693,10.);
#579=VECTOR('',#3696,10.);
#580=VECTOR('',#3697,10.);
#581=VECTOR('',#3698,10.);
#582=VECTOR('',#3701,10.);
#583=VECTOR('',#3702,10.);
#584=VECTOR('',#3705,10.);
#585=VECTOR('',#3706,10.);
#586=VECTOR('',#3709,10.);
#587=VECTOR('',#3724,10.);
#588=VECTOR('',#3727,10.);
#589=VECTOR('',#3734,10.);
#590=VECTOR('',#3737,10.);
#591=VECTOR('',#3744,10.);
#592=VECTOR('',#3747,10.);
#593=VECTOR('',#3754,10.);
#594=VECTOR('',#3755,10.);
#595=VECTOR('',#3756,10.);
#596=VECTOR('',#3757,10.);
#597=VECTOR('',#3758,10.);
#598=VECTOR('',#3759,10.);
#599=VECTOR('',#3760,10.);
#600=VECTOR('',#3761,10.);
#601=VECTOR('',#3762,10.);
#602=VECTOR('',#3779,10.);
#603=VECTOR('',#3780,10.);
#604=VECTOR('',#3781,10.);
#605=VECTOR('',#3782,10.);
#606=VECTOR('',#3791,1.025);
#607=VECTOR('',#3796,0.9);
#608=VECTOR('',#3799,10.);
#609=VECTOR('',#3800,10.);
#610=VECTOR('',#3801,10.);
#611=VECTOR('',#3804,10.);
#612=VECTOR('',#3805,10.);
#613=VECTOR('',#3808,10.);
#614=VECTOR('',#3809,10.);
#615=VECTOR('',#3812,10.);
#616=VECTOR('',#3815,10.);
#617=VECTOR('',#3816,10.);
#618=VECTOR('',#3819,10.);
#619=VECTOR('',#3822,10.);
#620=VECTOR('',#3823,10.);
#621=VECTOR('',#3824,10.);
#622=VECTOR('',#3827,10.);
#623=VECTOR('',#3828,10.);
#624=VECTOR('',#3831,10.);
#625=VECTOR('',#3832,10.);
#626=VECTOR('',#3835,10.);
#627=VECTOR('',#3838,10.);
#628=VECTOR('',#3839,10.);
#629=VECTOR('',#3842,10.);
#630=VECTOR('',#3845,10.);
#631=VECTOR('',#3846,10.);
#632=VECTOR('',#3847,10.);
#633=VECTOR('',#3850,10.);
#634=VECTOR('',#3851,10.);
#635=VECTOR('',#3854,10.);
#636=VECTOR('',#3855,10.);
#637=VECTOR('',#3858,10.);
#638=VECTOR('',#3861,10.);
#639=VECTOR('',#3862,10.);
#640=VECTOR('',#3865,10.);
#641=VECTOR('',#3868,10.);
#642=VECTOR('',#3873,10.);
#643=VECTOR('',#3876,10.);
#644=VECTOR('',#3879,10.);
#645=VECTOR('',#3884,10.);
#646=VECTOR('',#3885,10.);
#647=VECTOR('',#3888,10.);
#648=VECTOR('',#3893,10.);
#649=VECTOR('',#3894,10.);
#650=VECTOR('',#3897,10.);
#651=VECTOR('',#3902,10.);
#652=VECTOR('',#3907,10.);
#653=VECTOR('',#3912,10.);
#654=VECTOR('',#3913,10.);
#655=VECTOR('',#3916,10.);
#656=VECTOR('',#3921,10.);
#657=VECTOR('',#3922,10.);
#658=VECTOR('',#3925,10.);
#659=VECTOR('',#3930,10.);
#660=VECTOR('',#3935,10.);
#661=VECTOR('',#3940,10.);
#662=VECTOR('',#3941,10.);
#663=VECTOR('',#3944,10.);
#664=VECTOR('',#3949,10.);
#665=VECTOR('',#3952,10.);
#666=VECTOR('',#3957,10.);
#667=VECTOR('',#3962,10.);
#668=VECTOR('',#3969,10.);
#669=VECTOR('',#3974,10.);
#670=VECTOR('',#3979,10.);
#671=VECTOR('',#3982,10.);
#672=VECTOR('',#3987,2.5);
#673=VECTOR('',#3988,10.);
#674=VECTOR('',#3991,10.);
#675=VECTOR('',#3994,10.);
#676=VECTOR('',#3997,10.);
#677=VECTOR('',#4000,10.);
#678=VECTOR('',#4003,10.);
#679=VECTOR('',#4010,2.5);
#680=VECTOR('',#4011,10.);
#681=VECTOR('',#4014,10.);
#682=VECTOR('',#4017,10.);
#683=VECTOR('',#4022,10.);
#684=VECTOR('',#4023,10.);
#685=VECTOR('',#4024,10.);
#686=VECTOR('',#4027,10.);
#687=VECTOR('',#4046,10.);
#688=VECTOR('',#4047,10.);
#689=VECTOR('',#4070,10.);
#690=VECTOR('',#4071,10.);
#691=VECTOR('',#4092,1.05);
#692=VECTOR('',#4099,0.9);
#693=VECTOR('',#4106,10.);
#694=VECTOR('',#4109,10.);
#695=VECTOR('',#4112,10.);
#696=VECTOR('',#4117,10.);
#697=VECTOR('',#4118,10.);
#698=VECTOR('',#4121,10.);
#699=VECTOR('',#4126,10.);
#700=VECTOR('',#4127,10.);
#701=VECTOR('',#4128,10.);
#702=VECTOR('',#4131,10.);
#703=VECTOR('',#4136,10.);
#704=VECTOR('',#4147,1.05);
#705=VECTOR('',#4158,0.899999999999999);
#706=VECTOR('',#4161,2.35);
#707=VECTOR('',#4166,1.05);
#708=VECTOR('',#4177,0.899999999999999);
#709=VECTOR('',#4180,2.35);
#710=VECTOR('',#4185,1.35);
#711=VECTOR('',#4192,1.5);
#712=VECTOR('',#4197,1.35);
#713=VECTOR('',#4204,1.5);
#714=VECTOR('',#4209,1.05);
#715=VECTOR('',#4218,0.900000000000001);
#716=VECTOR('',#4221,2.35);
#717=VECTOR('',#4226,2.5);
#718=VECTOR('',#4227,10.);
#719=VECTOR('',#4228,10.);
#720=VECTOR('',#4233,1.05);
#721=VECTOR('',#4240,2.35);
#722=VECTOR('',#4245,2.5);
#723=VECTOR('',#4248,10.);
#724=VECTOR('',#4249,10.);
#725=VECTOR('',#4262,10.);
#726=VECTOR('',#4265,10.);
#727=VECTOR('',#4314,10.);
#728=VECTOR('',#4317,10.);
#729=VECTOR('',#4318,10.);
#730=VECTOR('',#4321,10.);
#731=VECTOR('',#4324,1.1);
#732=VECTOR('',#4335,10.);
#733=VECTOR('',#4338,10.);
#734=VECTOR('',#4341,2.);
#735=VECTOR('',#4344,2.);
#736=VECTOR('',#4347,2.);
#737=VECTOR('',#4350,2.);
#738=VECTOR('',#4353,10.);
#739=VECTOR('',#4362,10.);
#740=CYLINDRICAL_SURFACE('',#3169,15.3894568246824);
#741=CYLINDRICAL_SURFACE('',#3171,1.);
#742=CYLINDRICAL_SURFACE('',#3183,1.);
#743=CYLINDRICAL_SURFACE('',#3223,2.5);
#744=CYLINDRICAL_SURFACE('',#3226,2.5);
#745=CYLINDRICAL_SURFACE('',#3230,1.1);
#746=CYLINDRICAL_SURFACE('',#3237,14.5);
#747=CYLINDRICAL_SURFACE('',#3280,0.9);
#748=CYLINDRICAL_SURFACE('',#3341,2.);
#749=CYLINDRICAL_SURFACE('',#3343,2.5);
#750=CYLINDRICAL_SURFACE('',#3346,2.);
#751=CYLINDRICAL_SURFACE('',#3347,14.5);
#752=CYLINDRICAL_SURFACE('',#3348,2.);
#753=CYLINDRICAL_SURFACE('',#3350,2.5);
#754=CYLINDRICAL_SURFACE('',#3354,2.);
#755=CYLINDRICAL_SURFACE('',#3357,2.5);
#756=CYLINDRICAL_SURFACE('',#3366,0.5);
#757=CYLINDRICAL_SURFACE('',#3377,0.5);
#758=CYLINDRICAL_SURFACE('',#3378,1.5);
#759=CYLINDRICAL_SURFACE('',#3380,2.25);
#760=CYLINDRICAL_SURFACE('',#3390,0.9);
#761=CYLINDRICAL_SURFACE('',#3413,0.899999999999999);
#762=CYLINDRICAL_SURFACE('',#3421,0.899999999999999);
#763=CYLINDRICAL_SURFACE('',#3427,1.5);
#764=CYLINDRICAL_SURFACE('',#3432,1.5);
#765=CYLINDRICAL_SURFACE('',#3438,0.900000000000001);
#766=CYLINDRICAL_SURFACE('',#3441,2.5);
#767=CYLINDRICAL_SURFACE('',#3448,2.5);
#768=CYLINDRICAL_SURFACE('',#3455,1.5);
#769=CYLINDRICAL_SURFACE('',#3457,1.);
#770=CYLINDRICAL_SURFACE('',#3471,1.);
#771=CYLINDRICAL_SURFACE('',#3480,2.);
#772=CYLINDRICAL_SURFACE('',#3481,2.);
#773=CYLINDRICAL_SURFACE('',#3482,14.5);
#774=CYLINDRICAL_SURFACE('',#3483,1.1);
#775=CYLINDRICAL_SURFACE('',#3486,2.);
#776=CYLINDRICAL_SURFACE('',#3487,2.);
#777=CYLINDRICAL_SURFACE('',#3490,2.);
#778=CYLINDRICAL_SURFACE('',#3491,2.);
#779=CYLINDRICAL_SURFACE('',#3492,2.);
#780=CYLINDRICAL_SURFACE('',#3493,2.);
#781=FACE_OUTER_BOUND('',#963,.T.);
#782=FACE_OUTER_BOUND('',#964,.T.);
#783=FACE_OUTER_BOUND('',#965,.T.);
#784=FACE_OUTER_BOUND('',#966,.T.);
#785=FACE_OUTER_BOUND('',#967,.T.);
#786=FACE_OUTER_BOUND('',#968,.T.);
#787=FACE_OUTER_BOUND('',#969,.T.);
#788=FACE_OUTER_BOUND('',#970,.T.);
#789=FACE_OUTER_BOUND('',#971,.T.);
#790=FACE_OUTER_BOUND('',#972,.T.);
#791=FACE_OUTER_BOUND('',#981,.T.);
#792=FACE_OUTER_BOUND('',#982,.T.);
#793=FACE_OUTER_BOUND('',#983,.T.);
#794=FACE_OUTER_BOUND('',#984,.T.);
#795=FACE_OUTER_BOUND('',#985,.T.);
#796=FACE_OUTER_BOUND('',#986,.T.);
#797=FACE_OUTER_BOUND('',#987,.T.);
#798=FACE_OUTER_BOUND('',#988,.T.);
#799=FACE_OUTER_BOUND('',#989,.T.);
#800=FACE_OUTER_BOUND('',#990,.T.);
#801=FACE_OUTER_BOUND('',#991,.T.);
#802=FACE_OUTER_BOUND('',#992,.T.);
#803=FACE_OUTER_BOUND('',#993,.T.);
#804=FACE_OUTER_BOUND('',#994,.T.);
#805=FACE_OUTER_BOUND('',#995,.T.);
#806=FACE_OUTER_BOUND('',#996,.T.);
#807=FACE_OUTER_BOUND('',#1011,.T.);
#808=FACE_OUTER_BOUND('',#1012,.T.);
#809=FACE_OUTER_BOUND('',#1013,.T.);
#810=FACE_OUTER_BOUND('',#1014,.T.);
#811=FACE_OUTER_BOUND('',#1015,.T.);
#812=FACE_OUTER_BOUND('',#1016,.T.);
#813=FACE_OUTER_BOUND('',#1017,.T.);
#814=FACE_OUTER_BOUND('',#1018,.T.);
#815=FACE_OUTER_BOUND('',#1019,.T.);
#816=FACE_OUTER_BOUND('',#1020,.T.);
#817=FACE_OUTER_BOUND('',#1021,.T.);
#818=FACE_OUTER_BOUND('',#1022,.T.);
#819=FACE_OUTER_BOUND('',#1023,.T.);
#820=FACE_OUTER_BOUND('',#1024,.T.);
#821=FACE_OUTER_BOUND('',#1025,.T.);
#822=FACE_OUTER_BOUND('',#1026,.T.);
#823=FACE_OUTER_BOUND('',#1027,.T.);
#824=FACE_OUTER_BOUND('',#1028,.T.);
#825=FACE_OUTER_BOUND('',#1029,.T.);
#826=FACE_OUTER_BOUND('',#1030,.T.);
#827=FACE_OUTER_BOUND('',#1031,.T.);
#828=FACE_OUTER_BOUND('',#1032,.T.);
#829=FACE_OUTER_BOUND('',#1033,.T.);
#830=FACE_OUTER_BOUND('',#1034,.T.);
#831=FACE_OUTER_BOUND('',#1035,.T.);
#832=FACE_OUTER_BOUND('',#1036,.T.);
#833=FACE_OUTER_BOUND('',#1037,.T.);
#834=FACE_OUTER_BOUND('',#1038,.T.);
#835=FACE_OUTER_BOUND('',#1039,.T.);
#836=FACE_OUTER_BOUND('',#1040,.T.);
#837=FACE_OUTER_BOUND('',#1041,.T.);
#838=FACE_OUTER_BOUND('',#1042,.T.);
#839=FACE_OUTER_BOUND('',#1043,.T.);
#840=FACE_OUTER_BOUND('',#1044,.T.);
#841=FACE_OUTER_BOUND('',#1045,.T.);
#842=FACE_OUTER_BOUND('',#1046,.T.);
#843=FACE_OUTER_BOUND('',#1047,.T.);
#844=FACE_OUTER_BOUND('',#1048,.T.);
#845=FACE_OUTER_BOUND('',#1049,.T.);
#846=FACE_OUTER_BOUND('',#1050,.T.);
#847=FACE_OUTER_BOUND('',#1051,.T.);
#848=FACE_OUTER_BOUND('',#1052,.T.);
#849=FACE_OUTER_BOUND('',#1053,.T.);
#850=FACE_OUTER_BOUND('',#1054,.T.);
#851=FACE_OUTER_BOUND('',#1055,.T.);
#852=FACE_OUTER_BOUND('',#1056,.T.);
#853=FACE_OUTER_BOUND('',#1057,.T.);
#854=FACE_OUTER_BOUND('',#1058,.T.);
#855=FACE_OUTER_BOUND('',#1059,.T.);
#856=FACE_OUTER_BOUND('',#1060,.T.);
#857=FACE_OUTER_BOUND('',#1061,.T.);
#858=FACE_OUTER_BOUND('',#1062,.T.);
#859=FACE_OUTER_BOUND('',#1063,.T.);
#860=FACE_OUTER_BOUND('',#1064,.T.);
#861=FACE_OUTER_BOUND('',#1065,.T.);
#862=FACE_OUTER_BOUND('',#1066,.T.);
#863=FACE_OUTER_BOUND('',#1067,.T.);
#864=FACE_OUTER_BOUND('',#1068,.T.);
#865=FACE_OUTER_BOUND('',#1069,.T.);
#866=FACE_OUTER_BOUND('',#1070,.T.);
#867=FACE_OUTER_BOUND('',#1071,.T.);
#868=FACE_OUTER_BOUND('',#1072,.T.);
#869=FACE_OUTER_BOUND('',#1073,.T.);
#870=FACE_OUTER_BOUND('',#1074,.T.);
#871=FACE_OUTER_BOUND('',#1075,.T.);
#872=FACE_OUTER_BOUND('',#1076,.T.);
#873=FACE_OUTER_BOUND('',#1077,.T.);
#874=FACE_OUTER_BOUND('',#1078,.T.);
#875=FACE_OUTER_BOUND('',#1079,.T.);
#876=FACE_OUTER_BOUND('',#1080,.T.);
#877=FACE_OUTER_BOUND('',#1081,.T.);
#878=FACE_OUTER_BOUND('',#1082,.T.);
#879=FACE_OUTER_BOUND('',#1083,.T.);
#880=FACE_OUTER_BOUND('',#1084,.T.);
#881=FACE_OUTER_BOUND('',#1085,.T.);
#882=FACE_OUTER_BOUND('',#1086,.T.);
#883=FACE_OUTER_BOUND('',#1087,.T.);
#884=FACE_OUTER_BOUND('',#1088,.T.);
#885=FACE_OUTER_BOUND('',#1089,.T.);
#886=FACE_OUTER_BOUND('',#1090,.T.);
#887=FACE_OUTER_BOUND('',#1091,.T.);
#888=FACE_OUTER_BOUND('',#1093,.T.);
#889=FACE_OUTER_BOUND('',#1094,.T.);
#890=FACE_OUTER_BOUND('',#1095,.T.);
#891=FACE_OUTER_BOUND('',#1096,.T.);
#892=FACE_OUTER_BOUND('',#1097,.T.);
#893=FACE_OUTER_BOUND('',#1098,.T.);
#894=FACE_OUTER_BOUND('',#1099,.T.);
#895=FACE_OUTER_BOUND('',#1100,.T.);
#896=FACE_OUTER_BOUND('',#1101,.T.);
#897=FACE_OUTER_BOUND('',#1102,.T.);
#898=FACE_OUTER_BOUND('',#1103,.T.);
#899=FACE_OUTER_BOUND('',#1104,.T.);
#900=FACE_OUTER_BOUND('',#1105,.T.);
#901=FACE_OUTER_BOUND('',#1107,.T.);
#902=FACE_OUTER_BOUND('',#1108,.T.);
#903=FACE_OUTER_BOUND('',#1110,.T.);
#904=FACE_OUTER_BOUND('',#1111,.T.);
#905=FACE_OUTER_BOUND('',#1112,.T.);
#906=FACE_OUTER_BOUND('',#1113,.T.);
#907=FACE_OUTER_BOUND('',#1115,.T.);
#908=FACE_OUTER_BOUND('',#1116,.T.);
#909=FACE_OUTER_BOUND('',#1117,.T.);
#910=FACE_OUTER_BOUND('',#1118,.T.);
#911=FACE_OUTER_BOUND('',#1119,.T.);
#912=FACE_OUTER_BOUND('',#1120,.T.);
#913=FACE_OUTER_BOUND('',#1121,.T.);
#914=FACE_OUTER_BOUND('',#1122,.T.);
#915=FACE_OUTER_BOUND('',#1123,.T.);
#916=FACE_OUTER_BOUND('',#1124,.T.);
#917=FACE_OUTER_BOUND('',#1126,.T.);
#918=FACE_OUTER_BOUND('',#1127,.T.);
#919=FACE_OUTER_BOUND('',#1128,.T.);
#920=FACE_OUTER_BOUND('',#1129,.T.);
#921=FACE_OUTER_BOUND('',#1130,.T.);
#922=FACE_OUTER_BOUND('',#1132,.T.);
#923=FACE_OUTER_BOUND('',#1133,.T.);
#924=FACE_OUTER_BOUND('',#1134,.T.);
#925=FACE_OUTER_BOUND('',#1135,.T.);
#926=FACE_OUTER_BOUND('',#1136,.T.);
#927=FACE_OUTER_BOUND('',#1137,.T.);
#928=FACE_OUTER_BOUND('',#1138,.T.);
#929=FACE_OUTER_BOUND('',#1139,.T.);
#930=FACE_OUTER_BOUND('',#1140,.T.);
#931=FACE_OUTER_BOUND('',#1141,.T.);
#932=FACE_OUTER_BOUND('',#1142,.T.);
#933=FACE_OUTER_BOUND('',#1143,.T.);
#934=FACE_OUTER_BOUND('',#1144,.T.);
#935=FACE_OUTER_BOUND('',#1145,.T.);
#936=FACE_OUTER_BOUND('',#1146,.T.);
#937=FACE_OUTER_BOUND('',#1147,.T.);
#938=FACE_OUTER_BOUND('',#1148,.T.);
#939=FACE_OUTER_BOUND('',#1149,.T.);
#940=FACE_OUTER_BOUND('',#1150,.T.);
#941=FACE_OUTER_BOUND('',#1151,.T.);
#942=FACE_OUTER_BOUND('',#1152,.T.);
#943=FACE_OUTER_BOUND('',#1153,.T.);
#944=FACE_OUTER_BOUND('',#1154,.T.);
#945=FACE_OUTER_BOUND('',#1155,.T.);
#946=FACE_OUTER_BOUND('',#1156,.T.);
#947=FACE_OUTER_BOUND('',#1157,.T.);
#948=FACE_OUTER_BOUND('',#1158,.T.);
#949=FACE_OUTER_BOUND('',#1159,.T.);
#950=FACE_OUTER_BOUND('',#1160,.T.);
#951=FACE_OUTER_BOUND('',#1161,.T.);
#952=FACE_OUTER_BOUND('',#1162,.T.);
#953=FACE_OUTER_BOUND('',#1163,.T.);
#954=FACE_OUTER_BOUND('',#1164,.T.);
#955=FACE_OUTER_BOUND('',#1165,.T.);
#956=FACE_OUTER_BOUND('',#1166,.T.);
#957=FACE_OUTER_BOUND('',#1167,.T.);
#958=FACE_OUTER_BOUND('',#1168,.T.);
#959=FACE_OUTER_BOUND('',#1169,.T.);
#960=FACE_OUTER_BOUND('',#1170,.T.);
#961=FACE_OUTER_BOUND('',#1171,.T.);
#962=FACE_OUTER_BOUND('',#1172,.T.);
#963=EDGE_LOOP('',(#2017,#2018,#2019,#2020));
#964=EDGE_LOOP('',(#2021,#2022,#2023,#2024));
#965=EDGE_LOOP('',(#2025,#2026,#2027,#2028,#2029,#2030,#2031,#2032,#2033,
#2034));
#966=EDGE_LOOP('',(#2035,#2036,#2037,#2038));
#967=EDGE_LOOP('',(#2039,#2040,#2041,#2042,#2043,#2044,#2045,#2046));
#968=EDGE_LOOP('',(#2047,#2048,#2049,#2050,#2051,#2052,#2053,#2054));
#969=EDGE_LOOP('',(#2055,#2056,#2057));
#970=EDGE_LOOP('',(#2058,#2059,#2060,#2061,#2062,#2063,#2064));
#971=EDGE_LOOP('',(#2065,#2066,#2067,#2068));
#972=EDGE_LOOP('',(#2069,#2070,#2071,#2072,#2073,#2074,#2075,#2076,#2077,
#2078,#2079,#2080,#2081,#2082,#2083,#2084,#2085,#2086,#2087,#2088,#2089,
#2090,#2091,#2092,#2093,#2094,#2095));
#973=EDGE_LOOP('',(#2096));
#974=EDGE_LOOP('',(#2097,#2098,#2099,#2100));
#975=EDGE_LOOP('',(#2101,#2102,#2103,#2104));
#976=EDGE_LOOP('',(#2105,#2106,#2107,#2108));
#977=EDGE_LOOP('',(#2109,#2110,#2111,#2112));
#978=EDGE_LOOP('',(#2113,#2114,#2115,#2116,#2117,#2118,#2119,#2120,#2121,
#2122,#2123,#2124,#2125));
#979=EDGE_LOOP('',(#2126));
#980=EDGE_LOOP('',(#2127));
#981=EDGE_LOOP('',(#2128,#2129,#2130,#2131,#2132));
#982=EDGE_LOOP('',(#2133,#2134,#2135,#2136,#2137,#2138));
#983=EDGE_LOOP('',(#2139,#2140,#2141,#2142));
#984=EDGE_LOOP('',(#2143,#2144,#2145,#2146));
#985=EDGE_LOOP('',(#2147,#2148,#2149,#2150));
#986=EDGE_LOOP('',(#2151,#2152,#2153));
#987=EDGE_LOOP('',(#2154,#2155,#2156,#2157));
#988=EDGE_LOOP('',(#2158,#2159,#2160,#2161));
#989=EDGE_LOOP('',(#2162,#2163,#2164,#2165,#2166,#2167,#2168,#2169,#2170,
#2171,#2172,#2173,#2174,#2175));
#990=EDGE_LOOP('',(#2176,#2177,#2178,#2179));
#991=EDGE_LOOP('',(#2180,#2181,#2182,#2183));
#992=EDGE_LOOP('',(#2184,#2185,#2186,#2187));
#993=EDGE_LOOP('',(#2188,#2189,#2190,#2191));
#994=EDGE_LOOP('',(#2192,#2193,#2194,#2195));
#995=EDGE_LOOP('',(#2196,#2197,#2198,#2199));
#996=EDGE_LOOP('',(#2200,#2201,#2202,#2203,#2204,#2205,#2206,#2207,#2208,
#2209,#2210,#2211,#2212,#2213,#2214,#2215,#2216,#2217,#2218,#2219,#2220,
#2221,#2222,#2223,#2224,#2225,#2226,#2227,#2228,#2229,#2230,#2231));
#997=EDGE_LOOP('',(#2232,#2233,#2234,#2235));
#998=EDGE_LOOP('',(#2236,#2237,#2238,#2239));
#999=EDGE_LOOP('',(#2240,#2241,#2242,#2243));
#1000=EDGE_LOOP('',(#2244));
#1001=EDGE_LOOP('',(#2245));
#1002=EDGE_LOOP('',(#2246));
#1003=EDGE_LOOP('',(#2247));
#1004=EDGE_LOOP('',(#2248));
#1005=EDGE_LOOP('',(#2249));
#1006=EDGE_LOOP('',(#2250));
#1007=EDGE_LOOP('',(#2251));
#1008=EDGE_LOOP('',(#2252,#2253,#2254,#2255));
#1009=EDGE_LOOP('',(#2256));
#1010=EDGE_LOOP('',(#2257));
#1011=EDGE_LOOP('',(#2258,#2259,#2260,#2261,#2262));
#1012=EDGE_LOOP('',(#2263,#2264,#2265,#2266,#2267));
#1013=EDGE_LOOP('',(#2268,#2269,#2270,#2271));
#1014=EDGE_LOOP('',(#2272,#2273,#2274,#2275));
#1015=EDGE_LOOP('',(#2276,#2277,#2278,#2279));
#1016=EDGE_LOOP('',(#2280,#2281,#2282,#2283));
#1017=EDGE_LOOP('',(#2284,#2285,#2286,#2287));
#1018=EDGE_LOOP('',(#2288,#2289,#2290,#2291));
#1019=EDGE_LOOP('',(#2292,#2293,#2294,#2295));
#1020=EDGE_LOOP('',(#2296,#2297,#2298,#2299));
#1021=EDGE_LOOP('',(#2300,#2301,#2302,#2303));
#1022=EDGE_LOOP('',(#2304,#2305,#2306,#2307));
#1023=EDGE_LOOP('',(#2308,#2309,#2310,#2311));
#1024=EDGE_LOOP('',(#2312,#2313,#2314,#2315));
#1025=EDGE_LOOP('',(#2316,#2317,#2318,#2319));
#1026=EDGE_LOOP('',(#2320,#2321,#2322,#2323));
#1027=EDGE_LOOP('',(#2324,#2325,#2326,#2327));
#1028=EDGE_LOOP('',(#2328,#2329,#2330,#2331));
#1029=EDGE_LOOP('',(#2332,#2333,#2334,#2335));
#1030=EDGE_LOOP('',(#2336,#2337,#2338,#2339));
#1031=EDGE_LOOP('',(#2340,#2341,#2342,#2343));
#1032=EDGE_LOOP('',(#2344,#2345,#2346));
#1033=EDGE_LOOP('',(#2347,#2348,#2349,#2350));
#1034=EDGE_LOOP('',(#2351,#2352,#2353,#2354));
#1035=EDGE_LOOP('',(#2355,#2356,#2357,#2358));
#1036=EDGE_LOOP('',(#2359,#2360,#2361,#2362));
#1037=EDGE_LOOP('',(#2363,#2364,#2365,#2366));
#1038=EDGE_LOOP('',(#2367,#2368,#2369,#2370));
#1039=EDGE_LOOP('',(#2371,#2372,#2373,#2374));
#1040=EDGE_LOOP('',(#2375,#2376,#2377,#2378));
#1041=EDGE_LOOP('',(#2379,#2380,#2381,#2382));
#1042=EDGE_LOOP('',(#2383,#2384,#2385,#2386));
#1043=EDGE_LOOP('',(#2387,#2388,#2389,#2390));
#1044=EDGE_LOOP('',(#2391,#2392,#2393,#2394));
#1045=EDGE_LOOP('',(#2395,#2396,#2397,#2398));
#1046=EDGE_LOOP('',(#2399,#2400,#2401,#2402));
#1047=EDGE_LOOP('',(#2403,#2404,#2405,#2406));
#1048=EDGE_LOOP('',(#2407,#2408,#2409,#2410));
#1049=EDGE_LOOP('',(#2411,#2412,#2413,#2414));
#1050=EDGE_LOOP('',(#2415,#2416,#2417,#2418,#2419));
#1051=EDGE_LOOP('',(#2420,#2421,#2422,#2423));
#1052=EDGE_LOOP('',(#2424,#2425,#2426,#2427,#2428));
#1053=EDGE_LOOP('',(#2429,#2430,#2431,#2432));
#1054=EDGE_LOOP('',(#2433,#2434,#2435,#2436));
#1055=EDGE_LOOP('',(#2437,#2438,#2439,#2440,#2441));
#1056=EDGE_LOOP('',(#2442,#2443,#2444,#2445));
#1057=EDGE_LOOP('',(#2446,#2447,#2448,#2449));
#1058=EDGE_LOOP('',(#2450,#2451,#2452,#2453));
#1059=EDGE_LOOP('',(#2454,#2455,#2456,#2457));
#1060=EDGE_LOOP('',(#2458,#2459,#2460,#2461));
#1061=EDGE_LOOP('',(#2462,#2463,#2464,#2465,#2466,#2467,#2468));
#1062=EDGE_LOOP('',(#2469,#2470,#2471,#2472));
#1063=EDGE_LOOP('',(#2473,#2474,#2475,#2476,#2477,#2478));
#1064=EDGE_LOOP('',(#2479,#2480,#2481,#2482,#2483,#2484));
#1065=EDGE_LOOP('',(#2485,#2486,#2487,#2488));
#1066=EDGE_LOOP('',(#2489,#2490,#2491,#2492));
#1067=EDGE_LOOP('',(#2493,#2494,#2495,#2496,#2497,#2498,#2499,#2500));
#1068=EDGE_LOOP('',(#2501,#2502,#2503,#2504));
#1069=EDGE_LOOP('',(#2505,#2506,#2507,#2508));
#1070=EDGE_LOOP('',(#2509,#2510,#2511,#2512));
#1071=EDGE_LOOP('',(#2513,#2514,#2515,#2516,#2517));
#1072=EDGE_LOOP('',(#2518,#2519,#2520,#2521));
#1073=EDGE_LOOP('',(#2522,#2523,#2524,#2525));
#1074=EDGE_LOOP('',(#2526,#2527,#2528,#2529));
#1075=EDGE_LOOP('',(#2530,#2531,#2532));
#1076=EDGE_LOOP('',(#2533,#2534,#2535));
#1077=EDGE_LOOP('',(#2536,#2537,#2538,#2539,#2540,#2541));
#1078=EDGE_LOOP('',(#2542,#2543,#2544,#2545,#2546));
#1079=EDGE_LOOP('',(#2547,#2548,#2549));
#1080=EDGE_LOOP('',(#2550,#2551,#2552,#2553));
#1081=EDGE_LOOP('',(#2554,#2555,#2556,#2557,#2558));
#1082=EDGE_LOOP('',(#2559,#2560,#2561,#2562,#2563,#2564));
#1083=EDGE_LOOP('',(#2565,#2566,#2567,#2568));
#1084=EDGE_LOOP('',(#2569,#2570,#2571,#2572,#2573,#2574));
#1085=EDGE_LOOP('',(#2575,#2576,#2577,#2578,#2579,#2580));
#1086=EDGE_LOOP('',(#2581,#2582,#2583,#2584,#2585,#2586,#2587,#2588));
#1087=EDGE_LOOP('',(#2589,#2590,#2591,#2592,#2593,#2594));
#1088=EDGE_LOOP('',(#2595,#2596,#2597,#2598,#2599,#2600,#2601,#2602));
#1089=EDGE_LOOP('',(#2603,#2604,#2605,#2606,#2607));
#1090=EDGE_LOOP('',(#2608,#2609,#2610,#2611,#2612));
#1091=EDGE_LOOP('',(#2613,#2614,#2615,#2616));
#1092=EDGE_LOOP('',(#2617));
#1093=EDGE_LOOP('',(#2618));
#1094=EDGE_LOOP('',(#2619,#2620,#2621,#2622));
#1095=EDGE_LOOP('',(#2623,#2624,#2625,#2626));
#1096=EDGE_LOOP('',(#2627,#2628,#2629,#2630));
#1097=EDGE_LOOP('',(#2631,#2632,#2633,#2634));
#1098=EDGE_LOOP('',(#2635,#2636,#2637,#2638));
#1099=EDGE_LOOP('',(#2639,#2640,#2641,#2642));
#1100=EDGE_LOOP('',(#2643,#2644,#2645,#2646));
#1101=EDGE_LOOP('',(#2647,#2648,#2649,#2650));
#1102=EDGE_LOOP('',(#2651,#2652,#2653,#2654));
#1103=EDGE_LOOP('',(#2655,#2656,#2657));
#1104=EDGE_LOOP('',(#2658,#2659,#2660));
#1105=EDGE_LOOP('',(#2661,#2662,#2663,#2664,#2665,#2666));
#1106=EDGE_LOOP('',(#2667));
#1107=EDGE_LOOP('',(#2668,#2669,#2670,#2671,#2672));
#1108=EDGE_LOOP('',(#2673));
#1109=EDGE_LOOP('',(#2674));
#1110=EDGE_LOOP('',(#2675,#2676,#2677,#2678,#2679));
#1111=EDGE_LOOP('',(#2680,#2681,#2682,#2683,#2684));
#1112=EDGE_LOOP('',(#2685,#2686,#2687,#2688,#2689));
#1113=EDGE_LOOP('',(#2690));
#1114=EDGE_LOOP('',(#2691));
#1115=EDGE_LOOP('',(#2692,#2693,#2694,#2695,#2696));
#1116=EDGE_LOOP('',(#2697,#2698,#2699,#2700));
#1117=EDGE_LOOP('',(#2701,#2702,#2703,#2704));
#1118=EDGE_LOOP('',(#2705));
#1119=EDGE_LOOP('',(#2706,#2707,#2708,#2709));
#1120=EDGE_LOOP('',(#2710,#2711,#2712,#2713));
#1121=EDGE_LOOP('',(#2714));
#1122=EDGE_LOOP('',(#2715,#2716,#2717,#2718));
#1123=EDGE_LOOP('',(#2719,#2720,#2721,#2722));
#1124=EDGE_LOOP('',(#2723));
#1125=EDGE_LOOP('',(#2724));
#1126=EDGE_LOOP('',(#2725,#2726,#2727,#2728));
#1127=EDGE_LOOP('',(#2729,#2730,#2731,#2732));
#1128=EDGE_LOOP('',(#2733,#2734,#2735,#2736,#2737,#2738,#2739,#2740));
#1129=EDGE_LOOP('',(#2741,#2742,#2743,#2744));
#1130=EDGE_LOOP('',(#2745));
#1131=EDGE_LOOP('',(#2746));
#1132=EDGE_LOOP('',(#2747,#2748,#2749,#2750));
#1133=EDGE_LOOP('',(#2751,#2752,#2753,#2754,#2755,#2756,#2757,#2758));
#1134=EDGE_LOOP('',(#2759,#2760,#2761,#2762));
#1135=EDGE_LOOP('',(#2763,#2764,#2765,#2766));
#1136=EDGE_LOOP('',(#2767,#2768,#2769,#2770,#2771));
#1137=EDGE_LOOP('',(#2772,#2773,#2774,#2775));
#1138=EDGE_LOOP('',(#2776,#2777,#2778,#2779,#2780,#2781));
#1139=EDGE_LOOP('',(#2782,#2783,#2784,#2785));
#1140=EDGE_LOOP('',(#2786,#2787,#2788,#2789));
#1141=EDGE_LOOP('',(#2790,#2791,#2792,#2793));
#1142=EDGE_LOOP('',(#2794,#2795,#2796,#2797,#2798,#2799,#2800));
#1143=EDGE_LOOP('',(#2801,#2802,#2803,#2804,#2805,#2806,#2807));
#1144=EDGE_LOOP('',(#2808,#2809,#2810,#2811,#2812));
#1145=EDGE_LOOP('',(#2813,#2814,#2815,#2816,#2817,#2818));
#1146=EDGE_LOOP('',(#2819,#2820,#2821));
#1147=EDGE_LOOP('',(#2822,#2823,#2824,#2825,#2826));
#1148=EDGE_LOOP('',(#2827,#2828,#2829,#2830));
#1149=EDGE_LOOP('',(#2831,#2832,#2833,#2834));
#1150=EDGE_LOOP('',(#2835,#2836,#2837,#2838));
#1151=EDGE_LOOP('',(#2839,#2840,#2841,#2842,#2843,#2844,#2845));
#1152=EDGE_LOOP('',(#2846,#2847,#2848,#2849,#2850,#2851,#2852,#2853));
#1153=EDGE_LOOP('',(#2854,#2855,#2856,#2857,#2858,#2859,#2860,#2861));
#1154=EDGE_LOOP('',(#2862,#2863,#2864,#2865,#2866,#2867,#2868,#2869));
#1155=EDGE_LOOP('',(#2870,#2871,#2872,#2873,#2874,#2875,#2876,#2877));
#1156=EDGE_LOOP('',(#2878,#2879,#2880,#2881));
#1157=EDGE_LOOP('',(#2882,#2883,#2884,#2885,#2886));
#1158=EDGE_LOOP('',(#2887,#2888,#2889,#2890));
#1159=EDGE_LOOP('',(#2891,#2892,#2893,#2894));
#1160=EDGE_LOOP('',(#2895,#2896,#2897,#2898));
#1161=EDGE_LOOP('',(#2899,#2900,#2901,#2902));
#1162=EDGE_LOOP('',(#2903,#2904,#2905,#2906));
#1163=EDGE_LOOP('',(#2907,#2908,#2909,#2910,#2911));
#1164=EDGE_LOOP('',(#2912,#2913,#2914,#2915,#2916));
#1165=EDGE_LOOP('',(#2917,#2918,#2919,#2920,#2921));
#1166=EDGE_LOOP('',(#2922,#2923,#2924,#2925,#2926));
#1167=EDGE_LOOP('',(#2927,#2928,#2929,#2930));
#1168=EDGE_LOOP('',(#2931,#2932,#2933,#2934));
#1169=EDGE_LOOP('',(#2935,#2936,#2937,#2938));
#1170=EDGE_LOOP('',(#2939,#2940,#2941,#2942));
#1171=EDGE_LOOP('',(#2943,#2944,#2945,#2946));
#1172=EDGE_LOOP('',(#2947,#2948,#2949,#2950));
#1173=B_SPLINE_CURVE_WITH_KNOTS('',3,(#4404,#4405,#4406,#4407,#4408,#4409,
#4410,#4411,#4412,#4413),.UNSPECIFIED.,.F.,.F.,(4,2,2,2,4),(-0.000430129701059959,
0.,0.0259435292548668,0.0516824894650171,0.0911717791297822),
 .UNSPECIFIED.);
#1174=B_SPLINE_CURVE_WITH_KNOTS('',3,(#4415,#4416,#4417,#4418,#4419,#4420,
#4421,#4422,#4423,#4424,#4425,#4426,#4427,#4428,#4429,#4430,#4431,#4432,
#4433,#4434,#4435,#4436,#4437,#4438,#4439,#4440,#4441,#4442,#4443,#4444,
#4445,#4446,#4447,#4448,#4449,#4450,#4451,#4452,#4453,#4454,#4455,#4456,
#4457,#4458,#4459,#4460,#4461,#4462,#4463,#4464,#4465,#4466,#4467,#4468,
#4469,#4470,#4471,#4472,#4473,#4474,#4475,#4476,#4477,#4478,#4479,#4480,
#4481,#4482,#4483,#4484,#4485,#4486,#4487,#4488,#4489,#4490,#4491,#4492,
#4493,#4494,#4495,#4496,#4497,#4498,#4499,#4500,#4501,#4502),
 .UNSPECIFIED.,.F.,.F.,(4,3,3,3,3,3,3,3,3,3,3,3,3,3,3,3,3,3,3,3,3,3,3,3,
3,3,3,3,3,4),(-0.42705367808815,-0.4085280885946,-0.401704741913395,-0.385309103503073,
-0.374451457303474,-0.356945867754108,-0.349076674499819,-0.334995052103041,
-0.321857633640646,-0.318381575660089,-0.303037903551688,-0.286145525311761,
-0.269226987252026,-0.263624332049522,-0.245782856747319,-0.230692700469541,
-0.216883642221417,-0.202670612316339,-0.199897569872034,-0.182297949274609,
-0.16411464551166,-0.143629612479477,-0.129499087482333,-0.114783507621124,
-0.111820467924577,-0.0998025889318928,-0.0870420263982666,-0.0778016443492563,
-0.0669127947580806,-0.0588405676857368),.UNSPECIFIED.);
#1175=B_SPLINE_CURVE_WITH_KNOTS('',3,(#4504,#4505,#4506,#4507,#4508,#4509,
#4510,#4511,#4512,#4513),.UNSPECIFIED.,.F.,.F.,(4,2,2,2,4),(0.,0.0112289291741251,
0.051060419198407,0.0911342564427001,0.0915637801896394),.UNSPECIFIED.);
#1176=B_SPLINE_CURVE_WITH_KNOTS('',3,(#4514,#4515,#4516,#4517,#4518,#4519,
#4520,#4521,#4522),.UNSPECIFIED.,.F.,.F.,(4,1,1,1,1,1,4),(0.0761173372431412,
0.111442440600367,0.216646186429628,0.269248059344259,0.321849932258889,
0.37445180517352,0.409718782891795),.UNSPECIFIED.);
#1177=B_SPLINE_CURVE_WITH_KNOTS('',3,(#4531,#4532,#4533,#4534,#4535,#4536,
#4537,#4538,#4539,#4540),.UNSPECIFIED.,.F.,.F.,(4,2,2,2,4),(-0.20893828031929,
-0.207332838603216,-0.190646583478135,-0.167623706381032,-0.142568435723996),
 .UNSPECIFIED.);
#1178=B_SPLINE_CURVE_WITH_KNOTS('',3,(#4550,#4551,#4552,#4553),
 .UNSPECIFIED.,.F.,.F.,(4,4),(0.0667687988499264,0.0742971774305459),
 .UNSPECIFIED.);
#1179=B_SPLINE_CURVE_WITH_KNOTS('',3,(#4555,#4556,#4557,#4558,#4559,#4560,
#4561,#4562,#4563,#4564),.UNSPECIFIED.,.F.,.F.,(4,2,2,2,4),(0.27941272253603,
0.291490571032932,0.318396946394168,0.349956637090281,0.365867211194374),
 .UNSPECIFIED.);
#1180=B_SPLINE_CURVE_WITH_KNOTS('',3,(#4592,#4593,#4594,#4595,#4596,#4597,
#4598,#4599,#4600,#4601),.UNSPECIFIED.,.F.,.F.,(4,3,3,4),(0.176974206775894,
0.18775173135108,0.192627298103738,0.193201873989024),.UNSPECIFIED.);
#1181=B_SPLINE_CURVE_WITH_KNOTS('',3,(#4602,#4603,#4604,#4605,#4606,#4607,
#4608,#4609,#4610,#4611),.UNSPECIFIED.,.F.,.F.,(4,3,3,4),(-0.234241947653297,
-0.183888111856311,-0.110332867113787,0.),.UNSPECIFIED.);
#1182=B_SPLINE_CURVE_WITH_KNOTS('',3,(#4612,#4613,#4614,#4615,#4616,#4617,
#4618,#4619,#4620,#4621,#4622,#4623),.UNSPECIFIED.,.F.,.F.,(4,2,2,2,2,4),
(0.174607943002591,0.196486669791453,0.222772573383811,0.243759331567482,
0.263563964231849,0.26837509791129),.UNSPECIFIED.);
#1183=B_SPLINE_CURVE_WITH_KNOTS('',3,(#4661,#4662,#4663,#4664,#4665,#4666,
#4667,#4668,#4669,#4670),.UNSPECIFIED.,.F.,.F.,(4,2,2,2,4),(-0.460006952740433,
-0.457026360729831,-0.429000830198918,-0.41312041591264,-0.401036302981132),
 .UNSPECIFIED.);
#1184=B_SPLINE_CURVE_WITH_KNOTS('',3,(#4672,#4673,#4674,#4675,#4676,#4677,
#4678,#4679,#4680,#4681,#4682,#4683),.UNSPECIFIED.,.F.,.F.,(4,2,2,2,2,4),
(0.00930770211925103,0.0213236965183919,0.0401017459933049,0.0650604846306228,
0.0907891271353564,0.10794614470059),.UNSPECIFIED.);
#1185=B_SPLINE_CURVE_WITH_KNOTS('',3,(#4685,#4686,#4687,#4688),
 .UNSPECIFIED.,.F.,.F.,(4,4),(0.733715150663135,0.741040634854606),
 .UNSPECIFIED.);
#1186=B_SPLINE_CURVE_WITH_KNOTS('',3,(#4690,#4691,#4692,#4693,#4694,#4695,
#4696,#4697,#4698),.UNSPECIFIED.,.F.,.F.,(4,1,1,1,1,1,4),(-1.18509556022221,
-1.08306726445213,-0.961421504204602,-0.839775743957075,-0.718129983709548,
-0.596484223462021,-0.37295329831612),.UNSPECIFIED.);
#1187=B_SPLINE_CURVE_WITH_KNOTS('',3,(#4699,#4700,#4701,#4702),
 .UNSPECIFIED.,.F.,.F.,(4,4),(0.,0.00764058374461956),.UNSPECIFIED.);
#1188=B_SPLINE_CURVE_WITH_KNOTS('',3,(#4719,#4720,#4721,#4722,#4723,#4724,
#4725,#4726,#4727,#4728),.UNSPECIFIED.,.F.,.F.,(4,2,2,2,4),(0.365631266156949,
0.381541840261043,0.413101530957155,0.440007906318391,0.466914281679627),
 .UNSPECIFIED.);
#1189=B_SPLINE_CURVE_WITH_KNOTS('',3,(#4757,#4758,#4759,#4760,#4761,#4762),
 .UNSPECIFIED.,.F.,.F.,(4,1,1,4),(-0.938122191445769,-0.86446727996333,
-0.79081236848089,-0.70356618595614),.UNSPECIFIED.);
#1190=B_SPLINE_CURVE_WITH_KNOTS('',3,(#4763,#4764,#4765,#4766,#4767,#4768),
 .UNSPECIFIED.,.F.,.F.,(4,2,4),(-0.000475465033153804,0.,0.0129501799531078),
 .UNSPECIFIED.);
#1191=B_SPLINE_CURVE_WITH_KNOTS('',3,(#4878,#4879,#4880,#4881,#4882,#4883,
#4884,#4885,#4886,#4887,#4888,#4889,#4890,#4891,#4892,#4893,#4894,#4895,
#4896,#4897),.UNSPECIFIED.,.F.,.F.,(4,2,2,2,2,2,2,2,2,4),(5.35929637015081E-6,
0.00145999216950305,0.00248642125822261,0.0035583771170541,0.00520261525445786,
0.00911195330494526,0.0151184247562462,0.0259531915204444,0.0466856049161447,
0.0473189039266381),.UNSPECIFIED.);
#1192=B_SPLINE_CURVE_WITH_KNOTS('',3,(#4898,#4899,#4900,#4901,#4902,#4903,
#4904,#4905,#4906,#4907),.UNSPECIFIED.,.F.,.F.,(4,2,2,2,4),(-0.196889895880039,
-0.196466467000191,-0.17333427802745,-0.150337892493922,-0.14763187112226),
 .UNSPECIFIED.);
#1193=B_SPLINE_CURVE_WITH_KNOTS('',3,(#4915,#4916,#4917,#4918),
 .UNSPECIFIED.,.F.,.F.,(4,4),(0.0295114498058431,0.0397655382921925),
 .UNSPECIFIED.);
#1194=B_SPLINE_CURVE_WITH_KNOTS('',3,(#4923,#4924,#4925,#4926),
 .UNSPECIFIED.,.F.,.F.,(4,4),(3.33453101615666E-5,0.029702356427761),
 .UNSPECIFIED.);
#1195=B_SPLINE_CURVE_WITH_KNOTS('',3,(#4939,#4940,#4941,#4942),
 .UNSPECIFIED.,.F.,.F.,(4,4),(-0.0569710755662509,-0.0235863106062325),
 .UNSPECIFIED.);
#1196=B_SPLINE_CURVE_WITH_KNOTS('',3,(#4948,#4949,#4950,#4951,#4952,#4953,
#4954,#4955,#4956,#4957,#4958,#4959,#4960,#4961,#4962,#4963,#4964,#4965,
#4966,#4967,#4968,#4969,#4970,#4971,#4972,#4973,#4974,#4975,#4976,#4977,
#4978,#4979,#4980,#4981,#4982,#4983,#4984,#4985,#4986,#4987,#4988,#4989,
#4990,#4991,#4992,#4993,#4994,#4995,#4996,#4997,#4998,#4999,#5000,#5001,
#5002,#5003,#5004,#5005,#5006,#5007,#5008,#5009,#5010,#5011,#5012,#5013,
#5014,#5015,#5016,#5017,#5018,#5019,#5020,#5021,#5022,#5023),
 .UNSPECIFIED.,.F.,.F.,(4,3,3,3,3,3,3,3,3,3,3,3,3,3,3,3,3,3,3,3,3,3,3,3,
3,4),(0.,2.67141446764631E-5,5.34282894193222E-5,0.000106856579095163,0.000213713159140334,
0.000427426321476067,0.000641139485796907,0.000854852650892439,0.00155586668946825,
0.00170970530473237,0.00256455828065658,0.00341941170704884,0.00427426550634841,
0.00512911960099396,0.00683882836607646,0.0102582460276745,0.0119679536832004,
0.0135110314319811,0.013689593779969,0.0140103253907701,0.0140144351667702,
0.0140167299037124,0.0140212944743232,0.0140358698137521,0.0386613467996338,
0.0428132502769784),.UNSPECIFIED.);
#1197=B_SPLINE_CURVE_WITH_KNOTS('',3,(#5138,#5139,#5140,#5141,#5142,#5143,
#5144,#5145,#5146,#5147),.UNSPECIFIED.,.F.,.F.,(4,2,2,2,4),(-0.0859751462930617,
-0.0798200719886143,-0.0591776752749907,-0.0256485535866449,0.),
 .UNSPECIFIED.);
#1198=B_SPLINE_CURVE_WITH_KNOTS('',3,(#5150,#5151,#5152,#5153,#5154,#5155,
#5156,#5157,#5158,#5159,#5160,#5161,#5162,#5163,#5164,#5165,#5166,#5167,
#5168,#5169,#5170,#5171,#5172,#5173,#5174,#5175,#5176,#5177),
 .UNSPECIFIED.,.F.,.F.,(4,1,1,1,1,1,1,1,1,1,1,1,1,1,1,1,1,1,1,1,1,1,1,1,
1,4),(-0.276226630763591,-0.266594488469993,-0.256962346176394,-0.247330203882796,
-0.237698061589197,-0.232881990442398,-0.228065919295599,-0.2232498481488,
-0.2208418125754,-0.218433777002,-0.217229759215301,-0.216025741428601,
-0.213617705855201,-0.212413688068501,-0.211811679175151,-0.211209670281801,
-0.210607661388452,-0.210005652495102,-0.209403643601752,-0.209253141378414,
-0.209102639155077,-0.208952136931739,-0.208876885820071,-0.208839260264236,
-0.208820447486319,-0.208801634708402),.UNSPECIFIED.);
#1199=B_SPLINE_CURVE_WITH_KNOTS('',3,(#5189,#5190,#5191,#5192,#5193,#5194,
#5195,#5196,#5197,#5198,#5199,#5200,#5201,#5202,#5203,#5204,#5205,#5206,
#5207,#5208,#5209,#5210,#5211,#5212,#5213,#5214,#5215,#5216,#5217,#5218,
#5219,#5220,#5221,#5222,#5223,#5224,#5225,#5226,#5227,#5228,#5229,#5230,
#5231),.UNSPECIFIED.,.F.,.F.,(4,3,3,3,3,3,3,3,3,3,3,3,3,3,4),(-0.0684342150194574,
-0.0611523924597676,-0.0538705699000778,-0.0470572223078612,-0.039946195538683,
-0.0327608288745437,-0.0312988462016953,-0.0286347173172061,-0.0233223070048005,
-0.0181433425015764,-0.0167153317076496,-0.0125364987807372,-0.00834658067839824,
-0.0037314392428069,0.),.UNSPECIFIED.);
#1200=B_SPLINE_CURVE_WITH_KNOTS('',3,(#5276,#5277,#5278,#5279,#5280,#5281,
#5282),.UNSPECIFIED.,.F.,.F.,(4,1,1,1,4),(0.218685196596618,0.226905401477614,
0.23512560635861,0.251566016120603,0.276226630763591),.UNSPECIFIED.);
#1201=B_SPLINE_CURVE_WITH_KNOTS('',3,(#5294,#5295,#5296,#5297,#5298,#5299,
#5300,#5301,#5302,#5303,#5304,#5305,#5306,#5307,#5308,#5309,#5310,#5311,
#5312,#5313,#5314,#5315,#5316,#5317,#5318,#5319,#5320),.UNSPECIFIED.,.F.,
 .F.,(4,1,1,1,1,1,1,1,1,1,1,1,1,1,1,1,1,1,1,1,1,1,1,1,4),(-0.276226630763592,
-0.266594745844411,-0.256962860925231,-0.24733097600605,-0.240107062316665,
-0.23769909108687,-0.232883148627279,-0.228067206167689,-0.220843292478304,
-0.219639306863406,-0.218435321248509,-0.217231335633611,-0.216027350018714,
-0.213619378788919,-0.212415393174021,-0.211211407559123,-0.210007421944226,
-0.209405429136777,-0.209254930934915,-0.209104432733053,-0.20895393453119,
-0.208878685430259,-0.208841060879794,-0.208822248604561,-0.208803436329328),
 .UNSPECIFIED.);
#1202=B_SPLINE_CURVE_WITH_KNOTS('',3,(#5348,#5349,#5350,#5351,#5352,#5353),
 .UNSPECIFIED.,.F.,.F.,(4,1,1,4),(0.218685196596618,0.231015503918112,0.243345811239607,
0.276226630763591),.UNSPECIFIED.);
#1203=B_SPLINE_CURVE_WITH_KNOTS('',3,(#5475,#5476,#5477,#5478),
 .UNSPECIFIED.,.F.,.F.,(4,4),(-0.0569710755681142,-0.0235863106066542),
 .UNSPECIFIED.);
#1204=B_SPLINE_CURVE_WITH_KNOTS('',3,(#5639,#5640,#5641,#5642,#5643,#5644,
#5645,#5646,#5647,#5648,#5649,#5650,#5651),.UNSPECIFIED.,.F.,.F.,(4,1,1,
1,1,1,1,1,1,1,4),(0.218685196596618,0.219639306863406,0.220843292478304,
0.228067206167689,0.232883148627279,0.23769909108687,0.240107062316665,
0.24733097600605,0.256962860925231,0.266594745844411,0.276226630763592),
 .UNSPECIFIED.);
#1205=B_SPLINE_CURVE_WITH_KNOTS('',3,(#5652,#5653,#5654,#5655,#5656,#5657,
#5658,#5659,#5660,#5661,#5662,#5663,#5664,#5665,#5666,#5667,#5668,#5669,
#5670,#5671,#5672,#5673,#5674,#5675,#5676,#5677,#5678,#5679,#5680,#5681,
#5682,#5683,#5684,#5685,#5686,#5687,#5688,#5689,#5690,#5691,#5692,#5693,
#5694,#5695,#5696,#5697,#5698,#5699,#5700,#5701,#5702,#5703,#5704,#5705,
#5706,#5707,#5708,#5709,#5710,#5711,#5712,#5713,#5714,#5715,#5716,#5717,
#5718,#5719,#5720,#5721,#5722,#5723,#5724),.UNSPECIFIED.,.F.,.F.,(4,3,3,
3,3,3,3,3,3,3,3,3,3,3,3,3,3,3,3,3,3,3,3,3,4),(0.,2.67134308682627E-5,5.34268618105928E-5,
0.000106853723907799,0.000213707448885509,0.000427414901445442,0.000641122356467458,
0.000854829812739135,0.00170965962607792,0.00171992559999213,0.00341932021650677,
0.00512898243267814,0.00683864562224751,0.0102579723119988,0.0119676345073895,
0.0136772950666006,0.0139451320586981,0.0140048720557391,0.0140197124399091,
0.0140294501000451,0.014030953485982,0.0140323397261351,0.0140493183450794,
0.0201691940281974,0.0262040533171624),.UNSPECIFIED.);
#1206=B_SPLINE_CURVE_WITH_KNOTS('',3,(#5728,#5729,#5730,#5731),
 .UNSPECIFIED.,.F.,.F.,(4,4),(-0.0569710755670821,0.),.UNSPECIFIED.);
#1207=B_SPLINE_CURVE_WITH_KNOTS('',3,(#5774,#5775,#5776,#5777),
 .UNSPECIFIED.,.F.,.F.,(4,4),(-0.0569710755680435,0.),.UNSPECIFIED.);
#1208=B_SPLINE_CURVE_WITH_KNOTS('',3,(#5831,#5832,#5833,#5834,#5835,#5836,
#5837),.UNSPECIFIED.,.F.,.F.,(4,1,1,1,4),(-0.276226630763591,-0.251566016120603,
-0.23512560635861,-0.226905401477614,-0.218685196596618),.UNSPECIFIED.);
#1209=B_SPLINE_CURVE_WITH_KNOTS('',3,(#5853,#5854,#5855,#5856,#5857,#5858,
#5859),.UNSPECIFIED.,.F.,.F.,(4,1,1,1,4),(0.0995963565350284,0.13328713096067,
0.187086657475107,0.213986420732326,0.240886183989545),.UNSPECIFIED.);
#1210=B_SPLINE_CURVE_WITH_KNOTS('',3,(#5860,#5861,#5862,#5863,#5864,#5865),
 .UNSPECIFIED.,.F.,.F.,(4,2,4),(0.158138419030484,0.174049227661168,0.180503617628214),
 .UNSPECIFIED.);
#1211=B_SPLINE_CURVE_WITH_KNOTS('',3,(#5869,#5870,#5871,#5872,#5873,#5874,
#5875,#5876),.UNSPECIFIED.,.F.,.F.,(4,2,2,4),(0.295594066782654,0.310016799260742,
0.330684348620297,0.351652631135606),.UNSPECIFIED.);
#1212=B_SPLINE_CURVE_WITH_KNOTS('',3,(#5877,#5878,#5879,#5880,#5881,#5882,
#5883),.UNSPECIFIED.,.F.,.F.,(4,1,1,1,4),(-0.318391557960073,-0.205654897145361,
-0.130497123268887,-0.0929182363306497,-0.0864753409500846),
 .UNSPECIFIED.);
#1213=B_SPLINE_CURVE_WITH_KNOTS('',3,(#5904,#5905,#5906,#5907,#5908,#5909,
#5910,#5911),.UNSPECIFIED.,.F.,.F.,(4,2,2,4),(0.426513057456179,0.475417185959374,
0.576723193526262,0.635629186509132),.UNSPECIFIED.);
#1214=B_SPLINE_CURVE_WITH_KNOTS('',3,(#5958,#5959,#5960,#5961,#5962,#5963,
#5964,#5965,#5966,#5967),.UNSPECIFIED.,.F.,.F.,(4,2,2,2,4),(0.,0.0024840760488935,
0.0164286125763668,0.0415158644177737,0.0417117502787684),.UNSPECIFIED.);
#1215=B_SPLINE_CURVE_WITH_KNOTS('',3,(#5969,#5970,#5971,#5972,#5973,#5974,
#5975),.UNSPECIFIED.,.F.,.F.,(4,1,1,1,4),(0.0553393493924126,0.0929182363306497,
0.130497123268887,0.205654897145361,0.318391557960073),.UNSPECIFIED.);
#1216=B_SPLINE_CURVE_WITH_KNOTS('',3,(#6018,#6019,#6020,#6021,#6022,#6023,
#6024,#6025,#6026,#6027),.UNSPECIFIED.,.F.,.F.,(4,2,2,2,4),(-0.00035950348965306,
0.,0.0592213975795677,0.0977111043603956,0.130208700584384),
 .UNSPECIFIED.);
#1217=B_SPLINE_CURVE_WITH_KNOTS('',3,(#6028,#6029,#6030,#6031,#6032,#6033,
#6034,#6035),.UNSPECIFIED.,.F.,.F.,(4,1,1,1,1,4),(-0.240886183989545,-0.213986420732326,
-0.187086657475107,-0.13328713096067,-0.0929374860748412,-0.0525878411890128),
 .UNSPECIFIED.);
#1218=B_SPLINE_CURVE_WITH_KNOTS('',3,(#6047,#6048,#6049,#6050),
 .UNSPECIFIED.,.F.,.F.,(4,4),(0.0773574624777911,0.0805801407444913),
 .UNSPECIFIED.);
#1219=B_SPLINE_CURVE_WITH_KNOTS('',3,(#6052,#6053,#6054,#6055,#6056,#6057,
#6058,#6059,#6060,#6061),.UNSPECIFIED.,.F.,.F.,(4,3,3,4),(-0.0203315895283192,
-0.0123878032538394,-0.0051231368325283,0.),.UNSPECIFIED.);
#1220=B_SPLINE_CURVE_WITH_KNOTS('',3,(#6063,#6064,#6065,#6066),
 .UNSPECIFIED.,.F.,.F.,(4,4),(0.0778149685022689,0.0812904794840622),
 .UNSPECIFIED.);
#1221=B_SPLINE_CURVE_WITH_KNOTS('',3,(#6084,#6085,#6086,#6087),
 .UNSPECIFIED.,.F.,.F.,(4,4),(0.286660487208402,0.289883165475102),
 .UNSPECIFIED.);
#1222=B_SPLINE_CURVE_WITH_KNOTS('',3,(#6092,#6093,#6094,#6095),
 .UNSPECIFIED.,.F.,.F.,(4,4),(-0.0812904794840622,-0.0778149685022681),
 .UNSPECIFIED.);
#1223=B_SPLINE_CURVE_WITH_KNOTS('',3,(#6096,#6097,#6098,#6099,#6100,#6101,
#6102,#6103,#6104,#6105),.UNSPECIFIED.,.F.,.F.,(4,3,3,4),(-0.0202935933262652,
-0.0135274081637531,-0.0067616249143259,0.),.UNSPECIFIED.);
#1224=B_SPLINE_CURVE_WITH_KNOTS('',3,(#6128,#6129,#6130,#6131),
 .UNSPECIFIED.,.F.,.F.,(4,4),(0.303031249268033,0.346546266464903),
 .UNSPECIFIED.);
#1225=B_SPLINE_CURVE_WITH_KNOTS('',3,(#6133,#6134,#6135,#6136,#6137,#6138,
#6139,#6140,#6141,#6142,#6143,#6144,#6145,#6146,#6147,#6148),
 .UNSPECIFIED.,.F.,.F.,(4,3,3,3,3,4),(0.,0.00684818834485627,0.00796860804477459,
0.0159060574824096,0.0227924395513662,0.0238994794760926),.UNSPECIFIED.);
#1226=B_SPLINE_CURVE_WITH_KNOTS('',3,(#6150,#6151,#6152,#6153),
 .UNSPECIFIED.,.F.,.F.,(4,4),(-0.346546270458839,-0.303031249268831),
 .UNSPECIFIED.);
#1227=B_SPLINE_CURVE_WITH_KNOTS('',3,(#6154,#6155,#6156,#6157),
 .UNSPECIFIED.,.F.,.F.,(4,4),(0.302815493541749,0.303031249268831),
 .UNSPECIFIED.);
#1228=B_SPLINE_CURVE_WITH_KNOTS('',3,(#6158,#6159,#6160,#6161),
 .UNSPECIFIED.,.F.,.F.,(4,4),(0.302828943462753,0.303031249268033),
 .UNSPECIFIED.);
#1229=B_SPLINE_CURVE_WITH_KNOTS('',3,(#6164,#6165,#6166,#6167),
 .UNSPECIFIED.,.F.,.F.,(4,4),(0.141164702871688,0.141367008676967),
 .UNSPECIFIED.);
#1230=B_SPLINE_CURVE_WITH_KNOTS('',3,(#6169,#6170,#6171,#6172),
 .UNSPECIFIED.,.F.,.F.,(4,4),(0.0976496856755131,0.141164702871688),
 .UNSPECIFIED.);
#1231=B_SPLINE_CURVE_WITH_KNOTS('',3,(#6192,#6193,#6194,#6195),
 .UNSPECIFIED.,.F.,.F.,(4,4),(-0.14116470287089,-0.0976496816813714),
 .UNSPECIFIED.);
#1232=B_SPLINE_CURVE_WITH_KNOTS('',3,(#6196,#6197,#6198,#6199,#6200,#6201,
#6202,#6203,#6204,#6205,#6206,#6207,#6208,#6209,#6210,#6211),
 .UNSPECIFIED.,.F.,.F.,(4,3,3,3,3,4),(0.,0.00688617163583609,0.00799189773099369,
0.0159292123869399,0.0227773718387913,0.0238990675582506),.UNSPECIFIED.);
#1233=B_SPLINE_CURVE_WITH_KNOTS('',3,(#6212,#6213,#6214,#6215),
 .UNSPECIFIED.,.F.,.F.,(4,4),(0.14116470287089,0.141380458597971),
 .UNSPECIFIED.);
#1234=B_SPLINE_CURVE_WITH_KNOTS('',3,(#6270,#6271,#6272,#6273),
 .UNSPECIFIED.,.F.,.F.,(4,4),(0.,1.),.UNSPECIFIED.);
#1235=B_SPLINE_CURVE_WITH_KNOTS('',3,(#6275,#6276,#6277,#6278,#6279,#6280,
#6281,#6282,#6283),.UNSPECIFIED.,.F.,.F.,(4,2,2,1,4),(0.0445608671908459,
0.0618978182328548,0.120612022667798,0.179383687829155,0.238155352990512),
 .UNSPECIFIED.);
#1236=B_SPLINE_CURVE_WITH_KNOTS('',3,(#6286,#6287,#6288,#6289,#6290,#6291,
#6292,#6293,#6294),.UNSPECIFIED.,.F.,.F.,(4,1,2,2,4),(-0.238155352990512,
-0.179383687829155,-0.120612022667798,-0.0618978182328548,-0.0445608671908459),
 .UNSPECIFIED.);
#1237=B_SPLINE_CURVE_WITH_KNOTS('',3,(#6339,#6340,#6341,#6342),
 .UNSPECIFIED.,.F.,.F.,(4,4),(-0.409924807501147,-0.346580133542788),
 .UNSPECIFIED.);
#1238=B_SPLINE_CURVE_WITH_KNOTS('',3,(#6343,#6344,#6345,#6346),
 .UNSPECIFIED.,.F.,.F.,(4,4),(0.346580133542788,0.409924807501147),
 .UNSPECIFIED.);
#1239=B_SPLINE_CURVE_WITH_KNOTS('',3,(#6373,#6374,#6375,#6376),
 .UNSPECIFIED.,.F.,.F.,(4,4),(-1.,0.),.UNSPECIFIED.);
#1240=B_SPLINE_CURVE_WITH_KNOTS('',3,(#6378,#6379,#6380,#6381,#6382,#6383),
 .UNSPECIFIED.,.F.,.F.,(4,2,4),(-0.817370929578987,-0.701491685682095,-0.616852972585175),
 .UNSPECIFIED.);
#1241=B_SPLINE_CURVE_WITH_KNOTS('',3,(#6386,#6387,#6388,#6389,#6390,#6391),
 .UNSPECIFIED.,.F.,.F.,(4,2,4),(0.616852972585175,0.701491685682095,0.817370929578987),
 .UNSPECIFIED.);
#1242=B_SPLINE_CURVE_WITH_KNOTS('',3,(#6408,#6409,#6410,#6411),
 .UNSPECIFIED.,.F.,.F.,(4,4),(0.346580133542784,0.409924807501148),
 .UNSPECIFIED.);
#1243=B_SPLINE_CURVE_WITH_KNOTS('',3,(#6412,#6413,#6414,#6415),
 .UNSPECIFIED.,.F.,.F.,(4,4),(-0.409924807501148,-0.346580133542784),
 .UNSPECIFIED.);
#1244=B_SPLINE_CURVE_WITH_KNOTS('',3,(#6433,#6434,#6435,#6436),
 .UNSPECIFIED.,.F.,.F.,(4,4),(0.,1.),.UNSPECIFIED.);
#1245=B_SPLINE_CURVE_WITH_KNOTS('',3,(#6437,#6438,#6439,#6440),
 .UNSPECIFIED.,.F.,.F.,(4,4),(-1.,0.),.UNSPECIFIED.);
#1246=B_SPLINE_CURVE_WITH_KNOTS('',3,(#6458,#6459,#6460,#6461),
 .UNSPECIFIED.,.F.,.F.,(4,4),(0.,1.),.UNSPECIFIED.);
#1247=B_SPLINE_CURVE_WITH_KNOTS('',3,(#6462,#6463,#6464,#6465),
 .UNSPECIFIED.,.F.,.F.,(4,4),(-1.,0.),.UNSPECIFIED.);
#1248=B_SPLINE_CURVE_WITH_KNOTS('',3,(#6570,#6571,#6572,#6573,#6574,#6575,
#6576,#6577,#6578,#6579,#6580),.UNSPECIFIED.,.F.,.F.,(4,1,1,1,1,1,1,1,4),
(-0.187963604587419,-0.179041032106569,-0.161195887144869,-0.152273314664019,
-0.134428169702319,-0.116583024740619,-0.0808927348172197,-0.0452024448938199,
-0.0131108851651372),.UNSPECIFIED.);
#1249=B_SPLINE_CURVE_WITH_KNOTS('',3,(#6668,#6669,#6670,#6671,#6672,#6673,
#6674,#6675),.UNSPECIFIED.,.F.,.F.,(4,2,2,4),(-0.000442160361933996,0.,
0.0672310097723577,0.0686311046251655),.UNSPECIFIED.);
#1250=B_SPLINE_CURVE_WITH_KNOTS('',3,(#6676,#6677,#6678,#6679,#6680,#6681,
#6682,#6683,#6684,#6685,#6686),.UNSPECIFIED.,.F.,.F.,(4,1,1,1,1,1,1,1,4),
(-2.72875917037979E-5,0.0452024448938199,0.0808927348172197,0.116583024740619,
0.134428169702319,0.152273314664019,0.161195887144869,0.179041032106569,
0.187963604587419),.UNSPECIFIED.);
#1251=B_SPLINE_CURVE_WITH_KNOTS('',3,(#6687,#6688,#6689,#6690,#6691,#6692),
 .UNSPECIFIED.,.F.,.F.,(4,2,4),(0.0872055333043278,0.0943809031017755,0.13274626064455),
 .UNSPECIFIED.);
#1252=B_SPLINE_CURVE_WITH_KNOTS('',3,(#6693,#6694,#6695,#6696,#6697,#6698,
#6699,#6700,#6701,#6702,#6703,#6704,#6705,#6706,#6707,#6708,#6709,#6710,
#6711,#6712),.UNSPECIFIED.,.F.,.F.,(4,2,2,2,2,2,2,2,2,4),(0.0518058457980666,
0.0686021381383057,0.0875244122125366,0.0955404227254312,0.10218196182448,
0.104246405153014,0.105615812233675,0.106839100514818,0.107771216210322,
0.108808755820512),.UNSPECIFIED.);
#1253=B_SPLINE_CURVE_WITH_KNOTS('',3,(#6764,#6765,#6766,#6767,#6768,#6769),
 .UNSPECIFIED.,.F.,.F.,(4,2,4),(0.,0.0555598187713297,0.0618950783952942),
 .UNSPECIFIED.);
#1254=B_SPLINE_CURVE_WITH_KNOTS('',3,(#6770,#6771,#6772,#6773,#6774,#6775,
#6776,#6777,#6778),.UNSPECIFIED.,.F.,.F.,(4,1,1,1,1,1,4),(-0.280915454793615,
-0.172050521751134,-0.114700347834089,-0.0573501739170447,-0.0430126304377835,
-0.0143375434792612,0.),.UNSPECIFIED.);
#1255=B_SPLINE_CURVE_WITH_KNOTS('',3,(#6780,#6781,#6782,#6783,#6784,#6785,
#6786,#6787,#6788,#6789),.UNSPECIFIED.,.F.,.F.,(4,1,1,1,1,1,1,4),(0.,0.0143375434792612,
0.0430126304377835,0.0573501739170447,0.114700347834089,0.172050521751134,
0.286750869585224,0.301978021182889),.UNSPECIFIED.);
#1256=B_SPLINE_CURVE_WITH_KNOTS('',3,(#6790,#6791,#6792,#6793,#6794,#6795,
#6796,#6797,#6798,#6799,#6800,#6801),.UNSPECIFIED.,.F.,.F.,(4,2,2,2,2,4),
(0.0787938505319021,0.079845019736496,0.129117437265399,0.129601254192195,
0.130016194108509,0.130349265885343),.UNSPECIFIED.);
#1257=B_SPLINE_CURVE_WITH_KNOTS('',3,(#6803,#6804,#6805,#6806,#6807,#6808,
#6809,#6810,#6811,#6812),.UNSPECIFIED.,.F.,.F.,(4,2,2,2,4),(-0.196662683099501,
-0.196235577528121,-0.176277073629769,-0.15628234791876,-0.147315415128359),
 .UNSPECIFIED.);
#1258=B_SPLINE_CURVE_WITH_KNOTS('',3,(#6818,#6819,#6820,#6821,#6822,#6823),
 .UNSPECIFIED.,.F.,.F.,(4,1,1,4),(0.644270874065787,0.723180087601395,0.775786229958466,
0.823563476708032),.UNSPECIFIED.);
#1259=B_SPLINE_CURVE_WITH_KNOTS('',3,(#6824,#6825,#6826,#6827,#6828,#6829),
 .UNSPECIFIED.,.F.,.F.,(4,1,1,4),(0.46497927498683,0.512755542871633,0.565361675349295,
0.644270874065788),.UNSPECIFIED.);
#1260=B_SPLINE_CURVE_WITH_KNOTS('',3,(#6862,#6863,#6864,#6865,#6866,#6867,
#6868,#6869,#6870,#6871),.UNSPECIFIED.,.F.,.F.,(4,3,3,4),(-0.828392372315537,
-0.775786229958466,-0.723180087601395,-0.644270874065787),.UNSPECIFIED.);
#1261=B_SPLINE_CURVE_WITH_KNOTS('',3,(#6903,#6904,#6905,#6906,#6907,#6908,
#6909,#6910,#6911,#6912,#6913,#6914,#6915,#6916,#6917,#6918,#6919,#6920,
#6921,#6922,#6923,#6924,#6925,#6926,#6927,#6928,#6929,#6930,#6931,#6932,
#6933,#6934,#6935,#6936,#6937,#6938,#6939,#6940,#6941,#6942,#6943,#6944,
#6945,#6946,#6947,#6948,#6949,#6950,#6951,#6952,#6953,#6954,#6955,#6956,
#6957,#6958,#6959,#6960,#6961,#6962,#6963,#6964,#6965,#6966,#6967,#6968,
#6969,#6970,#6971,#6972,#6973,#6974,#6975),.UNSPECIFIED.,.F.,.F.,(4,3,3,
3,3,3,3,3,3,3,3,3,3,3,3,3,3,3,3,3,3,3,3,3,4),(-0.644270874065787,-0.634324622590052,
-0.625705267511831,-0.622741197885386,-0.620219846158535,-0.609312638512784,
-0.603819781444222,-0.598917470534195,-0.597288179912747,-0.586983027496216,
-0.576734230150344,-0.566666116299416,-0.565369781964285,-0.558950122559094,
-0.548336282412804,-0.537639514415905,-0.526996684497744,-0.519025113804873,
-0.512728273222777,-0.502733824719419,-0.492683525610082,-0.482648863282152,
-0.479100105050652,-0.469045016933165,-0.460149410393971),.UNSPECIFIED.);
#1262=B_SPLINE_CURVE_WITH_KNOTS('',3,(#6985,#6986,#6987,#6988,#6989,#6990,
#6991,#6992),.UNSPECIFIED.,.F.,.F.,(4,2,2,4),(0.831815491426254,0.890721484409124,
0.992027491976012,1.04093162047921),.UNSPECIFIED.);
#1263=VERTEX_POINT('',#4402);
#1264=VERTEX_POINT('',#4403);
#1265=VERTEX_POINT('',#4414);
#1266=VERTEX_POINT('',#4503);
#1267=VERTEX_POINT('',#4524);
#1268=VERTEX_POINT('',#4526);
#1269=VERTEX_POINT('',#4530);
#1270=VERTEX_POINT('',#4541);
#1271=VERTEX_POINT('',#4543);
#1272=VERTEX_POINT('',#4545);
#1273=VERTEX_POINT('',#4547);
#1274=VERTEX_POINT('',#4549);
#1275=VERTEX_POINT('',#4554);
#1276=VERTEX_POINT('',#4590);
#1277=VERTEX_POINT('',#4591);
#1278=VERTEX_POINT('',#4660);
#1279=VERTEX_POINT('',#4671);
#1280=VERTEX_POINT('',#4684);
#1281=VERTEX_POINT('',#4689);
#1282=VERTEX_POINT('',#4704);
#1283=VERTEX_POINT('',#4706);
#1284=VERTEX_POINT('',#4708);
#1285=VERTEX_POINT('',#4710);
#1286=VERTEX_POINT('',#4712);
#1287=VERTEX_POINT('',#4718);
#1288=VERTEX_POINT('',#4729);
#1289=VERTEX_POINT('',#4756);
#1290=VERTEX_POINT('',#4770);
#1291=VERTEX_POINT('',#4772);
#1292=VERTEX_POINT('',#4774);
#1293=VERTEX_POINT('',#4776);
#1294=VERTEX_POINT('',#4778);
#1295=VERTEX_POINT('',#4780);
#1296=VERTEX_POINT('',#4782);
#1297=VERTEX_POINT('',#4784);
#1298=VERTEX_POINT('',#4786);
#1299=VERTEX_POINT('',#4788);
#1300=VERTEX_POINT('',#4790);
#1301=VERTEX_POINT('',#4792);
#1302=VERTEX_POINT('',#4794);
#1303=VERTEX_POINT('',#4796);
#1304=VERTEX_POINT('',#4798);
#1305=VERTEX_POINT('',#4800);
#1306=VERTEX_POINT('',#4802);
#1307=VERTEX_POINT('',#4804);
#1308=VERTEX_POINT('',#4806);
#1309=VERTEX_POINT('',#4809);
#1310=VERTEX_POINT('',#4811);
#1311=VERTEX_POINT('',#4814);
#1312=VERTEX_POINT('',#4816);
#1313=VERTEX_POINT('',#4817);
#1314=VERTEX_POINT('',#4819);
#1315=VERTEX_POINT('',#4821);
#1316=VERTEX_POINT('',#4824);
#1317=VERTEX_POINT('',#4825);
#1318=VERTEX_POINT('',#4827);
#1319=VERTEX_POINT('',#4829);
#1320=VERTEX_POINT('',#4832);
#1321=VERTEX_POINT('',#4833);
#1322=VERTEX_POINT('',#4835);
#1323=VERTEX_POINT('',#4837);
#1324=VERTEX_POINT('',#4840);
#1325=VERTEX_POINT('',#4841);
#1326=VERTEX_POINT('',#4843);
#1327=VERTEX_POINT('',#4845);
#1328=VERTEX_POINT('',#4848);
#1329=VERTEX_POINT('',#4849);
#1330=VERTEX_POINT('',#4851);
#1331=VERTEX_POINT('',#4853);
#1332=VERTEX_POINT('',#4856);
#1333=VERTEX_POINT('',#4858);
#1334=VERTEX_POINT('',#4861);
#1335=VERTEX_POINT('',#4863);
#1336=VERTEX_POINT('',#4866);
#1337=VERTEX_POINT('',#4870);
#1338=VERTEX_POINT('',#4872);
#1339=VERTEX_POINT('',#4875);
#1340=VERTEX_POINT('',#4877);
#1341=VERTEX_POINT('',#4909);
#1342=VERTEX_POINT('',#4911);
#1343=VERTEX_POINT('',#4913);
#1344=VERTEX_POINT('',#4920);
#1345=VERTEX_POINT('',#4922);
#1346=VERTEX_POINT('',#4931);
#1347=VERTEX_POINT('',#4935);
#1348=VERTEX_POINT('',#4936);
#1349=VERTEX_POINT('',#4938);
#1350=VERTEX_POINT('',#4945);
#1351=VERTEX_POINT('',#4947);
#1352=VERTEX_POINT('',#5137);
#1353=VERTEX_POINT('',#5148);
#1354=VERTEX_POINT('',#5179);
#1355=VERTEX_POINT('',#5182);
#1356=VERTEX_POINT('',#5184);
#1357=VERTEX_POINT('',#5186);
#1358=VERTEX_POINT('',#5188);
#1359=VERTEX_POINT('',#5232);
#1360=VERTEX_POINT('',#5236);
#1361=VERTEX_POINT('',#5237);
#1362=VERTEX_POINT('',#5239);
#1363=VERTEX_POINT('',#5241);
#1364=VERTEX_POINT('',#5245);
#1365=VERTEX_POINT('',#5247);
#1366=VERTEX_POINT('',#5251);
#1367=VERTEX_POINT('',#5253);
#1368=VERTEX_POINT('',#5265);
#1369=VERTEX_POINT('',#5267);
#1370=VERTEX_POINT('',#5269);
#1371=VERTEX_POINT('',#5271);
#1372=VERTEX_POINT('',#5273);
#1373=VERTEX_POINT('',#5275);
#1374=VERTEX_POINT('',#5283);
#1375=VERTEX_POINT('',#5285);
#1376=VERTEX_POINT('',#5287);
#1377=VERTEX_POINT('',#5289);
#1378=VERTEX_POINT('',#5291);
#1379=VERTEX_POINT('',#5293);
#1380=VERTEX_POINT('',#5321);
#1381=VERTEX_POINT('',#5323);
#1382=VERTEX_POINT('',#5325);
#1383=VERTEX_POINT('',#5327);
#1384=VERTEX_POINT('',#5329);
#1385=VERTEX_POINT('',#5331);
#1386=VERTEX_POINT('',#5333);
#1387=VERTEX_POINT('',#5335);
#1388=VERTEX_POINT('',#5337);
#1389=VERTEX_POINT('',#5339);
#1390=VERTEX_POINT('',#5341);
#1391=VERTEX_POINT('',#5343);
#1392=VERTEX_POINT('',#5345);
#1393=VERTEX_POINT('',#5347);
#1394=VERTEX_POINT('',#5354);
#1395=VERTEX_POINT('',#5357);
#1396=VERTEX_POINT('',#5358);
#1397=VERTEX_POINT('',#5360);
#1398=VERTEX_POINT('',#5362);
#1399=VERTEX_POINT('',#5365);
#1400=VERTEX_POINT('',#5366);
#1401=VERTEX_POINT('',#5368);
#1402=VERTEX_POINT('',#5370);
#1403=VERTEX_POINT('',#5373);
#1404=VERTEX_POINT('',#5375);
#1405=VERTEX_POINT('',#5377);
#1406=VERTEX_POINT('',#5379);
#1407=VERTEX_POINT('',#5381);
#1408=VERTEX_POINT('',#5383);
#1409=VERTEX_POINT('',#5385);
#1410=VERTEX_POINT('',#5387);
#1411=VERTEX_POINT('',#5389);
#1412=VERTEX_POINT('',#5390);
#1413=VERTEX_POINT('',#5392);
#1414=VERTEX_POINT('',#5394);
#1415=VERTEX_POINT('',#5397);
#1416=VERTEX_POINT('',#5400);
#1417=VERTEX_POINT('',#5401);
#1418=VERTEX_POINT('',#5406);
#1419=VERTEX_POINT('',#5410);
#1420=VERTEX_POINT('',#5412);
#1421=VERTEX_POINT('',#5416);
#1422=VERTEX_POINT('',#5420);
#1423=VERTEX_POINT('',#5431);
#1424=VERTEX_POINT('',#5433);
#1425=VERTEX_POINT('',#5437);
#1426=VERTEX_POINT('',#5441);
#1427=VERTEX_POINT('',#5452);
#1428=VERTEX_POINT('',#5454);
#1429=VERTEX_POINT('',#5458);
#1430=VERTEX_POINT('',#5462);
#1431=VERTEX_POINT('',#5480);
#1432=VERTEX_POINT('',#5482);
#1433=VERTEX_POINT('',#5486);
#1434=VERTEX_POINT('',#5490);
#1435=VERTEX_POINT('',#5494);
#1436=VERTEX_POINT('',#5498);
#1437=VERTEX_POINT('',#5502);
#1438=VERTEX_POINT('',#5506);
#1439=VERTEX_POINT('',#5510);
#1440=VERTEX_POINT('',#5514);
#1441=VERTEX_POINT('',#5518);
#1442=VERTEX_POINT('',#5522);
#1443=VERTEX_POINT('',#5638);
#1444=VERTEX_POINT('',#5726);
#1445=VERTEX_POINT('',#5759);
#1446=VERTEX_POINT('',#5761);
#1447=VERTEX_POINT('',#5767);
#1448=VERTEX_POINT('',#5771);
#1449=VERTEX_POINT('',#5773);
#1450=VERTEX_POINT('',#5782);
#1451=VERTEX_POINT('',#5786);
#1452=VERTEX_POINT('',#5790);
#1453=VERTEX_POINT('',#5792);
#1454=VERTEX_POINT('',#5796);
#1455=VERTEX_POINT('',#5800);
#1456=VERTEX_POINT('',#5843);
#1457=VERTEX_POINT('',#5850);
#1458=VERTEX_POINT('',#5852);
#1459=VERTEX_POINT('',#5868);
#1460=VERTEX_POINT('',#5889);
#1461=VERTEX_POINT('',#5890);
#1462=VERTEX_POINT('',#5900);
#1463=VERTEX_POINT('',#5913);
#1464=VERTEX_POINT('',#5915);
#1465=VERTEX_POINT('',#5919);
#1466=VERTEX_POINT('',#5957);
#1467=VERTEX_POINT('',#5968);
#1468=VERTEX_POINT('',#6017);
#1469=VERTEX_POINT('',#6039);
#1470=VERTEX_POINT('',#6041);
#1471=VERTEX_POINT('',#6045);
#1472=VERTEX_POINT('',#6046);
#1473=VERTEX_POINT('',#6051);
#1474=VERTEX_POINT('',#6062);
#1475=VERTEX_POINT('',#6072);
#1476=VERTEX_POINT('',#6073);
#1477=VERTEX_POINT('',#6082);
#1478=VERTEX_POINT('',#6083);
#1479=VERTEX_POINT('',#6089);
#1480=VERTEX_POINT('',#6091);
#1481=VERTEX_POINT('',#6126);
#1482=VERTEX_POINT('',#6127);
#1483=VERTEX_POINT('',#6132);
#1484=VERTEX_POINT('',#6149);
#1485=VERTEX_POINT('',#6163);
#1486=VERTEX_POINT('',#6168);
#1487=VERTEX_POINT('',#6190);
#1488=VERTEX_POINT('',#6191);
#1489=VERTEX_POINT('',#6219);
#1490=VERTEX_POINT('',#6221);
#1491=VERTEX_POINT('',#6223);
#1492=VERTEX_POINT('',#6227);
#1493=VERTEX_POINT('',#6268);
#1494=VERTEX_POINT('',#6269);
#1495=VERTEX_POINT('',#6274);
#1496=VERTEX_POINT('',#6284);
#1497=VERTEX_POINT('',#6296);
#1498=VERTEX_POINT('',#6297);
#1499=VERTEX_POINT('',#6300);
#1500=VERTEX_POINT('',#6304);
#1501=VERTEX_POINT('',#6308);
#1502=VERTEX_POINT('',#6312);
#1503=VERTEX_POINT('',#6313);
#1504=VERTEX_POINT('',#6318);
#1505=VERTEX_POINT('',#6319);
#1506=VERTEX_POINT('',#6371);
#1507=VERTEX_POINT('',#6372);
#1508=VERTEX_POINT('',#6377);
#1509=VERTEX_POINT('',#6384);
#1510=VERTEX_POINT('',#6432);
#1511=VERTEX_POINT('',#6457);
#1512=VERTEX_POINT('',#6468);
#1513=VERTEX_POINT('',#6471);
#1514=VERTEX_POINT('',#6473);
#1515=VERTEX_POINT('',#6475);
#1516=VERTEX_POINT('',#6479);
#1517=VERTEX_POINT('',#6486);
#1518=VERTEX_POINT('',#6488);
#1519=VERTEX_POINT('',#6490);
#1520=VERTEX_POINT('',#6494);
#1521=VERTEX_POINT('',#6501);
#1522=VERTEX_POINT('',#6503);
#1523=VERTEX_POINT('',#6510);
#1524=VERTEX_POINT('',#6512);
#1525=VERTEX_POINT('',#6519);
#1526=VERTEX_POINT('',#6521);
#1527=VERTEX_POINT('',#6525);
#1528=VERTEX_POINT('',#6530);
#1529=VERTEX_POINT('',#6538);
#1530=VERTEX_POINT('',#6542);
#1531=VERTEX_POINT('',#6545);
#1532=VERTEX_POINT('',#6551);
#1533=VERTEX_POINT('',#6553);
#1534=VERTEX_POINT('',#6561);
#1535=VERTEX_POINT('',#6563);
#1536=VERTEX_POINT('',#6567);
#1537=VERTEX_POINT('',#6569);
#1538=VERTEX_POINT('',#6583);
#1539=VERTEX_POINT('',#6585);
#1540=VERTEX_POINT('',#6597);
#1541=VERTEX_POINT('',#6601);
#1542=VERTEX_POINT('',#6602);
#1543=VERTEX_POINT('',#6666);
#1544=VERTEX_POINT('',#6667);
#1545=VERTEX_POINT('',#6763);
#1546=VERTEX_POINT('',#6779);
#1547=VERTEX_POINT('',#6817);
#1548=VERTEX_POINT('',#6861);
#1549=VERTEX_POINT('',#6983);
#1550=EDGE_CURVE('',#1263,#1264,#1173,.T.);
#1551=EDGE_CURVE('',#1264,#1265,#1174,.T.);
#1552=EDGE_CURVE('',#1265,#1266,#1175,.T.);
#1553=EDGE_CURVE('',#1266,#1263,#1176,.T.);
#1554=EDGE_CURVE('',#1267,#1266,#338,.T.);
#1555=EDGE_CURVE('',#1268,#1267,#168,.T.);
#1556=EDGE_CURVE('',#1263,#1268,#339,.T.);
#1557=EDGE_CURVE('',#1265,#1269,#1177,.T.);
#1558=EDGE_CURVE('',#1269,#1270,#169,.T.);
#1559=EDGE_CURVE('',#1270,#1271,#340,.T.);
#1560=EDGE_CURVE('',#1271,#1272,#170,.T.);
#1561=EDGE_CURVE('',#1272,#1273,#341,.T.);
#1562=EDGE_CURVE('',#1273,#1274,#1178,.T.);
#1563=EDGE_CURVE('',#1274,#1275,#1179,.T.);
#1564=EDGE_CURVE('',#1275,#1267,#171,.T.);
#1565=EDGE_CURVE('',#1276,#1277,#1180,.T.);
#1566=EDGE_CURVE('',#1277,#1270,#1181,.T.);
#1567=EDGE_CURVE('',#1269,#1276,#1182,.T.);
#1568=EDGE_CURVE('',#1278,#1264,#1183,.T.);
#1569=EDGE_CURVE('',#1279,#1278,#1184,.T.);
#1570=EDGE_CURVE('',#1280,#1279,#1185,.F.);
#1571=EDGE_CURVE('',#1280,#1281,#1186,.T.);
#1572=EDGE_CURVE('',#1276,#1281,#1187,.F.);
#1573=EDGE_CURVE('',#1282,#1275,#172,.T.);
#1574=EDGE_CURVE('',#1283,#1282,#173,.T.);
#1575=EDGE_CURVE('',#1284,#1283,#174,.T.);
#1576=EDGE_CURVE('',#1285,#1284,#175,.T.);
#1577=EDGE_CURVE('',#1286,#1285,#176,.T.);
#1578=EDGE_CURVE('',#1268,#1286,#177,.T.);
#1579=EDGE_CURVE('',#1274,#1282,#342,.T.);
#1580=EDGE_CURVE('',#1286,#1287,#1188,.T.);
#1581=EDGE_CURVE('',#1287,#1288,#343,.T.);
#1582=EDGE_CURVE('',#1288,#1278,#178,.T.);
#1583=EDGE_CURVE('',#1288,#1289,#1189,.T.);
#1584=EDGE_CURVE('',#1289,#1279,#1190,.T.);
#1585=EDGE_CURVE('',#1290,#1281,#179,.T.);
#1586=EDGE_CURVE('',#1291,#1290,#180,.T.);
#1587=EDGE_CURVE('',#1291,#1292,#344,.T.);
#1588=EDGE_CURVE('',#1292,#1293,#181,.T.);
#1589=EDGE_CURVE('',#1293,#1294,#345,.T.);
#1590=EDGE_CURVE('',#1295,#1294,#182,.T.);
#1591=EDGE_CURVE('',#1296,#1295,#183,.T.);
#1592=EDGE_CURVE('',#1297,#1296,#184,.T.);
#1593=EDGE_CURVE('',#1298,#1297,#185,.T.);
#1594=EDGE_CURVE('',#1299,#1298,#186,.T.);
#1595=EDGE_CURVE('',#1300,#1299,#187,.T.);
#1596=EDGE_CURVE('',#1300,#1301,#346,.T.);
#1597=EDGE_CURVE('',#1301,#1302,#188,.T.);
#1598=EDGE_CURVE('',#1302,#1303,#347,.T.);
#1599=EDGE_CURVE('',#1304,#1303,#189,.T.);
#1600=EDGE_CURVE('',#1305,#1304,#190,.T.);
#1601=EDGE_CURVE('',#1306,#1305,#191,.T.);
#1602=EDGE_CURVE('',#1306,#1307,#192,.T.);
#1603=EDGE_CURVE('',#1308,#1307,#193,.T.);
#1604=EDGE_CURVE('',#1280,#1308,#194,.T.);
#1605=EDGE_CURVE('',#1309,#1289,#195,.T.);
#1606=EDGE_CURVE('',#1310,#1309,#196,.T.);
#1607=EDGE_CURVE('',#1277,#1310,#197,.T.);
#1608=EDGE_CURVE('',#1311,#1311,#198,.T.);
#1609=EDGE_CURVE('',#1312,#1313,#348,.T.);
#1610=EDGE_CURVE('',#1314,#1312,#349,.T.);
#1611=EDGE_CURVE('',#1315,#1314,#350,.T.);
#1612=EDGE_CURVE('',#1313,#1315,#351,.T.);
#1613=EDGE_CURVE('',#1316,#1317,#352,.T.);
#1614=EDGE_CURVE('',#1318,#1316,#353,.T.);
#1615=EDGE_CURVE('',#1319,#1318,#354,.T.);
#1616=EDGE_CURVE('',#1317,#1319,#355,.T.);
#1617=EDGE_CURVE('',#1320,#1321,#356,.T.);
#1618=EDGE_CURVE('',#1322,#1320,#357,.T.);
#1619=EDGE_CURVE('',#1323,#1322,#358,.T.);
#1620=EDGE_CURVE('',#1321,#1323,#359,.T.);
#1621=EDGE_CURVE('',#1324,#1325,#360,.T.);
#1622=EDGE_CURVE('',#1326,#1324,#361,.T.);
#1623=EDGE_CURVE('',#1327,#1326,#362,.T.);
#1624=EDGE_CURVE('',#1325,#1327,#363,.T.);
#1625=EDGE_CURVE('',#1328,#1329,#199,.T.);
#1626=EDGE_CURVE('',#1328,#1330,#200,.T.);
#1627=EDGE_CURVE('',#1331,#1330,#201,.T.);
#1628=EDGE_CURVE('',#1330,#1331,#202,.T.);
#1629=EDGE_CURVE('',#1330,#1332,#203,.T.);
#1630=EDGE_CURVE('',#1333,#1332,#204,.T.);
#1631=EDGE_CURVE('',#1332,#1333,#205,.T.);
#1632=EDGE_CURVE('',#1332,#1334,#206,.T.);
#1633=EDGE_CURVE('',#1335,#1334,#207,.T.);
#1634=EDGE_CURVE('',#1334,#1335,#208,.T.);
#1635=EDGE_CURVE('',#1334,#1336,#209,.T.);
#1636=EDGE_CURVE('',#1336,#1328,#210,.T.);
#1637=EDGE_CURVE('',#1329,#1328,#211,.T.);
#1638=EDGE_CURVE('',#1337,#1337,#212,.T.);
#1639=EDGE_CURVE('',#1338,#1338,#213,.T.);
#1640=EDGE_CURVE('',#1288,#1339,#214,.T.);
#1641=EDGE_CURVE('',#1339,#1340,#1191,.T.);
#1642=EDGE_CURVE('',#1309,#1340,#1192,.T.);
#1643=EDGE_CURVE('',#1341,#1287,#215,.T.);
#1644=EDGE_CURVE('',#1342,#1341,#364,.T.);
#1645=EDGE_CURVE('',#1342,#1343,#216,.T.);
#1646=EDGE_CURVE('',#1343,#1339,#1193,.T.);
#1647=EDGE_CURVE('',#1344,#1270,#217,.T.);
#1648=EDGE_CURVE('',#1344,#1345,#1194,.T.);
#1649=EDGE_CURVE('',#1345,#1271,#218,.T.);
#1650=EDGE_CURVE('',#1341,#1285,#365,.T.);
#1651=EDGE_CURVE('',#1311,#1346,#366,.T.);
#1652=EDGE_CURVE('',#1346,#1346,#219,.T.);
#1653=EDGE_CURVE('',#1347,#1348,#22,.T.);
#1654=EDGE_CURVE('',#1349,#1348,#1195,.T.);
#1655=EDGE_CURVE('',#1349,#1347,#367,.T.);
#1656=EDGE_CURVE('',#1348,#1350,#220,.T.);
#1657=EDGE_CURVE('',#1351,#1350,#1196,.T.);
#1658=EDGE_CURVE('',#1351,#1349,#221,.T.);
#1659=EDGE_CURVE('',#1350,#1352,#1197,.T.);
#1660=EDGE_CURVE('',#1353,#1352,#368,.T.);
#1661=EDGE_CURVE('',#1353,#1351,#1198,.T.);
#1662=EDGE_CURVE('',#1354,#1308,#369,.T.);
#1663=EDGE_CURVE('',#1352,#1354,#222,.T.);
#1664=EDGE_CURVE('',#1355,#1347,#223,.T.);
#1665=EDGE_CURVE('',#1356,#1355,#23,.T.);
#1666=EDGE_CURVE('',#1357,#1356,#224,.T.);
#1667=EDGE_CURVE('',#1358,#1357,#1199,.T.);
#1668=EDGE_CURVE('',#1359,#1358,#225,.T.);
#1669=EDGE_CURVE('',#1290,#1359,#370,.T.);
#1670=EDGE_CURVE('',#1360,#1361,#371,.T.);
#1671=EDGE_CURVE('',#1361,#1362,#372,.T.);
#1672=EDGE_CURVE('',#1362,#1363,#373,.T.);
#1673=EDGE_CURVE('',#1360,#1363,#374,.T.);
#1674=EDGE_CURVE('',#1361,#1364,#375,.T.);
#1675=EDGE_CURVE('',#1364,#1365,#376,.T.);
#1676=EDGE_CURVE('',#1365,#1362,#377,.T.);
#1677=EDGE_CURVE('',#1364,#1366,#378,.T.);
#1678=EDGE_CURVE('',#1366,#1367,#379,.T.);
#1679=EDGE_CURVE('',#1367,#1365,#380,.T.);
#1680=EDGE_CURVE('',#1363,#1367,#381,.T.);
#1681=EDGE_CURVE('',#1366,#1360,#382,.T.);
#1682=EDGE_CURVE('',#1363,#1320,#383,.T.);
#1683=EDGE_CURVE('',#1367,#1321,#384,.T.);
#1684=EDGE_CURVE('',#1362,#1322,#385,.T.);
#1685=EDGE_CURVE('',#1368,#1353,#226,.T.);
#1686=EDGE_CURVE('',#1369,#1368,#227,.T.);
#1687=EDGE_CURVE('',#1370,#1369,#228,.T.);
#1688=EDGE_CURVE('',#1371,#1370,#229,.T.);
#1689=EDGE_CURVE('',#1372,#1371,#230,.T.);
#1690=EDGE_CURVE('',#1373,#1372,#1200,.T.);
#1691=EDGE_CURVE('',#1374,#1373,#231,.T.);
#1692=EDGE_CURVE('',#1375,#1374,#386,.T.);
#1693=EDGE_CURVE('',#1376,#1375,#232,.T.);
#1694=EDGE_CURVE('',#1377,#1376,#387,.T.);
#1695=EDGE_CURVE('',#1378,#1377,#233,.T.);
#1696=EDGE_CURVE('',#1379,#1378,#1201,.T.);
#1697=EDGE_CURVE('',#1380,#1379,#234,.T.);
#1698=EDGE_CURVE('',#1381,#1380,#235,.T.);
#1699=EDGE_CURVE('',#1382,#1381,#388,.T.);
#1700=EDGE_CURVE('',#1383,#1382,#236,.T.);
#1701=EDGE_CURVE('',#1384,#1383,#389,.T.);
#1702=EDGE_CURVE('',#1385,#1384,#237,.T.);
#1703=EDGE_CURVE('',#1386,#1385,#238,.T.);
#1704=EDGE_CURVE('',#1387,#1386,#239,.T.);
#1705=EDGE_CURVE('',#1388,#1387,#390,.T.);
#1706=EDGE_CURVE('',#1389,#1388,#240,.T.);
#1707=EDGE_CURVE('',#1390,#1389,#391,.T.);
#1708=EDGE_CURVE('',#1391,#1390,#241,.T.);
#1709=EDGE_CURVE('',#1392,#1391,#242,.T.);
#1710=EDGE_CURVE('',#1393,#1392,#1202,.T.);
#1711=EDGE_CURVE('',#1394,#1393,#243,.T.);
#1712=EDGE_CURVE('',#1355,#1394,#392,.T.);
#1713=EDGE_CURVE('',#1395,#1396,#393,.T.);
#1714=EDGE_CURVE('',#1397,#1395,#394,.T.);
#1715=EDGE_CURVE('',#1398,#1397,#395,.T.);
#1716=EDGE_CURVE('',#1396,#1398,#396,.T.);
#1717=EDGE_CURVE('',#1399,#1400,#397,.T.);
#1718=EDGE_CURVE('',#1401,#1399,#398,.T.);
#1719=EDGE_CURVE('',#1402,#1401,#399,.T.);
#1720=EDGE_CURVE('',#1400,#1402,#400,.T.);
#1721=EDGE_CURVE('',#1403,#1403,#244,.T.);
#1722=EDGE_CURVE('',#1404,#1404,#245,.T.);
#1723=EDGE_CURVE('',#1405,#1405,#246,.T.);
#1724=EDGE_CURVE('',#1406,#1406,#247,.T.);
#1725=EDGE_CURVE('',#1407,#1407,#248,.T.);
#1726=EDGE_CURVE('',#1408,#1408,#249,.T.);
#1727=EDGE_CURVE('',#1409,#1409,#250,.T.);
#1728=EDGE_CURVE('',#1410,#1410,#251,.T.);
#1729=EDGE_CURVE('',#1411,#1412,#401,.T.);
#1730=EDGE_CURVE('',#1413,#1411,#402,.T.);
#1731=EDGE_CURVE('',#1414,#1413,#403,.T.);
#1732=EDGE_CURVE('',#1412,#1414,#404,.T.);
#1733=EDGE_CURVE('',#1415,#1415,#252,.T.);
#1734=EDGE_CURVE('',#1416,#1417,#253,.T.);
#1735=EDGE_CURVE('',#1417,#1416,#254,.T.);
#1736=EDGE_CURVE('',#1416,#1415,#405,.T.);
#1737=EDGE_CURVE('',#1418,#1418,#255,.T.);
#1738=EDGE_CURVE('',#1418,#1417,#406,.T.);
#1739=EDGE_CURVE('',#1396,#1419,#407,.T.);
#1740=EDGE_CURVE('',#1419,#1420,#408,.T.);
#1741=EDGE_CURVE('',#1395,#1420,#409,.T.);
#1742=EDGE_CURVE('',#1398,#1421,#410,.T.);
#1743=EDGE_CURVE('',#1421,#1419,#411,.T.);
#1744=EDGE_CURVE('',#1397,#1422,#412,.T.);
#1745=EDGE_CURVE('',#1422,#1421,#413,.T.);
#1746=EDGE_CURVE('',#1420,#1422,#414,.T.);
#1747=EDGE_CURVE('',#1420,#1314,#415,.T.);
#1748=EDGE_CURVE('',#1422,#1312,#416,.T.);
#1749=EDGE_CURVE('',#1419,#1315,#417,.T.);
#1750=EDGE_CURVE('',#1412,#1423,#418,.T.);
#1751=EDGE_CURVE('',#1423,#1424,#419,.T.);
#1752=EDGE_CURVE('',#1411,#1424,#420,.T.);
#1753=EDGE_CURVE('',#1414,#1425,#421,.T.);
#1754=EDGE_CURVE('',#1425,#1423,#422,.T.);
#1755=EDGE_CURVE('',#1413,#1426,#423,.T.);
#1756=EDGE_CURVE('',#1426,#1425,#424,.T.);
#1757=EDGE_CURVE('',#1424,#1426,#425,.T.);
#1758=EDGE_CURVE('',#1424,#1319,#426,.T.);
#1759=EDGE_CURVE('',#1426,#1318,#427,.T.);
#1760=EDGE_CURVE('',#1423,#1317,#428,.T.);
#1761=EDGE_CURVE('',#1400,#1427,#429,.T.);
#1762=EDGE_CURVE('',#1427,#1428,#430,.T.);
#1763=EDGE_CURVE('',#1399,#1428,#431,.T.);
#1764=EDGE_CURVE('',#1402,#1429,#432,.T.);
#1765=EDGE_CURVE('',#1429,#1427,#433,.T.);
#1766=EDGE_CURVE('',#1401,#1430,#434,.T.);
#1767=EDGE_CURVE('',#1430,#1429,#435,.T.);
#1768=EDGE_CURVE('',#1428,#1430,#436,.T.);
#1769=EDGE_CURVE('',#1428,#1326,#437,.T.);
#1770=EDGE_CURVE('',#1430,#1324,#438,.T.);
#1771=EDGE_CURVE('',#1427,#1327,#439,.T.);
#1772=EDGE_CURVE('',#1354,#1368,#440,.T.);
#1773=EDGE_CURVE('',#1394,#1356,#1203,.T.);
#1774=EDGE_CURVE('',#1379,#1431,#441,.T.);
#1775=EDGE_CURVE('',#1431,#1432,#256,.T.);
#1776=EDGE_CURVE('',#1432,#1380,#442,.T.);
#1777=EDGE_CURVE('',#1433,#1381,#443,.T.);
#1778=EDGE_CURVE('',#1432,#1433,#257,.T.);
#1779=EDGE_CURVE('',#1434,#1382,#444,.T.);
#1780=EDGE_CURVE('',#1433,#1434,#445,.T.);
#1781=EDGE_CURVE('',#1435,#1383,#446,.T.);
#1782=EDGE_CURVE('',#1434,#1435,#258,.T.);
#1783=EDGE_CURVE('',#1436,#1384,#447,.T.);
#1784=EDGE_CURVE('',#1435,#1436,#448,.T.);
#1785=EDGE_CURVE('',#1437,#1385,#449,.T.);
#1786=EDGE_CURVE('',#1436,#1437,#259,.T.);
#1787=EDGE_CURVE('',#1438,#1386,#450,.T.);
#1788=EDGE_CURVE('',#1437,#1438,#260,.T.);
#1789=EDGE_CURVE('',#1439,#1387,#451,.T.);
#1790=EDGE_CURVE('',#1438,#1439,#261,.T.);
#1791=EDGE_CURVE('',#1440,#1388,#452,.T.);
#1792=EDGE_CURVE('',#1439,#1440,#453,.T.);
#1793=EDGE_CURVE('',#1441,#1389,#454,.T.);
#1794=EDGE_CURVE('',#1440,#1441,#262,.T.);
#1795=EDGE_CURVE('',#1442,#1390,#455,.T.);
#1796=EDGE_CURVE('',#1441,#1442,#456,.T.);
#1797=EDGE_CURVE('',#1359,#1391,#457,.T.);
#1798=EDGE_CURVE('',#1442,#1359,#263,.T.);
#1799=EDGE_CURVE('',#1358,#1392,#458,.T.);
#1800=EDGE_CURVE('',#1443,#1431,#1204,.T.);
#1801=EDGE_CURVE('',#1378,#1443,#1205,.T.);
#1802=EDGE_CURVE('',#1444,#1443,#264,.T.);
#1803=EDGE_CURVE('',#1377,#1444,#1206,.T.);
#1804=EDGE_CURVE('',#1357,#1393,#459,.T.);
#1805=EDGE_CURVE('',#1376,#1445,#460,.T.);
#1806=EDGE_CURVE('',#1445,#1446,#461,.T.);
#1807=EDGE_CURVE('',#1446,#1444,#18,.T.);
#1808=EDGE_CURVE('',#1375,#1447,#462,.T.);
#1809=EDGE_CURVE('',#1447,#1445,#265,.T.);
#1810=EDGE_CURVE('',#1448,#1447,#463,.T.);
#1811=EDGE_CURVE('',#1374,#1449,#1207,.T.);
#1812=EDGE_CURVE('',#1449,#1448,#19,.T.);
#1813=EDGE_CURVE('',#1450,#1373,#464,.T.);
#1814=EDGE_CURVE('',#1450,#1449,#266,.T.);
#1815=EDGE_CURVE('',#1451,#1369,#465,.T.);
#1816=EDGE_CURVE('',#1354,#1451,#267,.T.);
#1817=EDGE_CURVE('',#1452,#1370,#466,.T.);
#1818=EDGE_CURVE('',#1451,#1453,#268,.T.);
#1819=EDGE_CURVE('',#1453,#1452,#269,.T.);
#1820=EDGE_CURVE('',#1454,#1371,#467,.T.);
#1821=EDGE_CURVE('',#1452,#1454,#270,.T.);
#1822=EDGE_CURVE('',#1455,#1372,#468,.T.);
#1823=EDGE_CURVE('',#1454,#1455,#271,.T.);
#1824=EDGE_CURVE('',#1455,#1450,#1208,.T.);
#1825=EDGE_CURVE('',#1442,#1291,#469,.T.);
#1826=EDGE_CURVE('',#1441,#1292,#470,.T.);
#1827=EDGE_CURVE('',#1456,#1456,#272,.T.);
#1828=EDGE_CURVE('',#1456,#1292,#471,.T.);
#1829=EDGE_CURVE('',#1440,#1293,#472,.T.);
#1830=EDGE_CURVE('',#1294,#1439,#473,.T.);
#1831=EDGE_CURVE('',#1438,#1457,#474,.T.);
#1832=EDGE_CURVE('',#1458,#1457,#1209,.T.);
#1833=EDGE_CURVE('',#1295,#1458,#1210,.T.);
#1834=EDGE_CURVE('',#1299,#1437,#475,.T.);
#1835=EDGE_CURVE('',#1459,#1298,#1211,.T.);
#1836=EDGE_CURVE('',#1457,#1459,#1212,.T.);
#1837=EDGE_CURVE('',#1436,#1300,#476,.T.);
#1838=EDGE_CURVE('',#1435,#1301,#477,.T.);
#1839=EDGE_CURVE('',#1460,#1461,#273,.T.);
#1840=EDGE_CURVE('',#1461,#1460,#274,.T.);
#1841=EDGE_CURVE('',#1461,#1301,#478,.T.);
#1842=EDGE_CURVE('',#1434,#1302,#479,.T.);
#1843=EDGE_CURVE('',#1303,#1433,#480,.T.);
#1844=EDGE_CURVE('',#1432,#1304,#481,.T.);
#1845=EDGE_CURVE('',#1462,#1446,#20,.T.);
#1846=EDGE_CURVE('',#1443,#1462,#1213,.T.);
#1847=EDGE_CURVE('',#1445,#1463,#482,.T.);
#1848=EDGE_CURVE('',#1464,#1463,#483,.T.);
#1849=EDGE_CURVE('',#1462,#1464,#484,.T.);
#1850=EDGE_CURVE('',#1447,#1465,#485,.T.);
#1851=EDGE_CURVE('',#1463,#1465,#275,.T.);
#1852=EDGE_CURVE('',#1466,#1459,#1214,.F.);
#1853=EDGE_CURVE('',#1466,#1467,#1215,.T.);
#1854=EDGE_CURVE('',#1467,#1457,#276,.T.);
#1855=EDGE_CURVE('',#1468,#1458,#1216,.T.);
#1856=EDGE_CURVE('',#1467,#1468,#1217,.T.);
#1857=EDGE_CURVE('',#1466,#1468,#277,.T.);
#1858=EDGE_CURVE('',#1469,#1297,#278,.F.);
#1859=EDGE_CURVE('',#1470,#1469,#279,.F.);
#1860=EDGE_CURVE('',#1297,#1470,#280,.F.);
#1861=EDGE_CURVE('',#1471,#1472,#1218,.F.);
#1862=EDGE_CURVE('',#1471,#1473,#1219,.T.);
#1863=EDGE_CURVE('',#1474,#1473,#1220,.F.);
#1864=EDGE_CURVE('',#1474,#1470,#486,.T.);
#1865=EDGE_CURVE('',#1469,#1472,#487,.T.);
#1866=EDGE_CURVE('',#1470,#1466,#281,.T.);
#1867=EDGE_CURVE('',#1475,#1476,#282,.F.);
#1868=EDGE_CURVE('',#1296,#1475,#283,.F.);
#1869=EDGE_CURVE('',#1476,#1296,#284,.F.);
#1870=EDGE_CURVE('',#1475,#1469,#285,.T.);
#1871=EDGE_CURVE('',#1468,#1476,#286,.T.);
#1872=EDGE_CURVE('',#1477,#1478,#1221,.T.);
#1873=EDGE_CURVE('',#1478,#1475,#488,.T.);
#1874=EDGE_CURVE('',#1476,#1479,#489,.T.);
#1875=EDGE_CURVE('',#1479,#1480,#1222,.T.);
#1876=EDGE_CURVE('',#1477,#1480,#1223,.F.);
#1877=EDGE_CURVE('',#1472,#1478,#287,.T.);
#1878=EDGE_CURVE('',#1479,#1474,#288,.T.);
#1879=EDGE_CURVE('',#1481,#1482,#1224,.T.);
#1880=EDGE_CURVE('',#1482,#1483,#1225,.T.);
#1881=EDGE_CURVE('',#1483,#1484,#1226,.T.);
#1882=EDGE_CURVE('',#1473,#1484,#1227,.T.);
#1883=EDGE_CURVE('',#1481,#1471,#1228,.F.);
#1884=EDGE_CURVE('',#1485,#1477,#1229,.T.);
#1885=EDGE_CURVE('',#1486,#1485,#1230,.T.);
#1886=EDGE_CURVE('',#1486,#1482,#289,.T.);
#1887=EDGE_CURVE('',#1487,#1488,#1231,.T.);
#1888=EDGE_CURVE('',#1488,#1486,#1232,.T.);
#1889=EDGE_CURVE('',#1480,#1487,#1233,.F.);
#1890=EDGE_CURVE('',#1483,#1488,#290,.T.);
#1891=EDGE_CURVE('',#1489,#1489,#291,.T.);
#1892=EDGE_CURVE('',#1489,#1490,#490,.T.);
#1893=EDGE_CURVE('',#1490,#1491,#292,.T.);
#1894=EDGE_CURVE('',#1491,#1490,#293,.T.);
#1895=EDGE_CURVE('',#1491,#1492,#491,.T.);
#1896=EDGE_CURVE('',#1492,#1492,#294,.T.);
#1897=EDGE_CURVE('',#1493,#1494,#1234,.T.);
#1898=EDGE_CURVE('',#1494,#1495,#1235,.T.);
#1899=EDGE_CURVE('',#1495,#1496,#492,.T.);
#1900=EDGE_CURVE('',#1496,#1493,#1236,.T.);
#1901=EDGE_CURVE('',#1497,#1498,#493,.T.);
#1902=EDGE_CURVE('',#1498,#1464,#295,.T.);
#1903=EDGE_CURVE('',#1464,#1499,#494,.T.);
#1904=EDGE_CURVE('',#1499,#1497,#296,.T.);
#1905=EDGE_CURVE('',#1463,#1500,#495,.T.);
#1906=EDGE_CURVE('',#1500,#1499,#496,.T.);
#1907=EDGE_CURVE('',#1465,#1501,#497,.T.);
#1908=EDGE_CURVE('',#1501,#1500,#297,.T.);
#1909=EDGE_CURVE('',#1502,#1503,#498,.T.);
#1910=EDGE_CURVE('',#1503,#1501,#499,.T.);
#1911=EDGE_CURVE('',#1465,#1502,#500,.T.);
#1912=EDGE_CURVE('',#1504,#1505,#501,.T.);
#1913=EDGE_CURVE('',#1505,#1503,#298,.T.);
#1914=EDGE_CURVE('',#1502,#1504,#299,.T.);
#1915=EDGE_CURVE('',#1497,#1496,#1237,.T.);
#1916=EDGE_CURVE('',#1495,#1498,#1238,.T.);
#1917=EDGE_CURVE('',#1506,#1507,#1239,.T.);
#1918=EDGE_CURVE('',#1507,#1508,#1240,.T.);
#1919=EDGE_CURVE('',#1508,#1509,#502,.T.);
#1920=EDGE_CURVE('',#1509,#1506,#1241,.T.);
#1921=EDGE_CURVE('',#1508,#1505,#1242,.T.);
#1922=EDGE_CURVE('',#1504,#1509,#1243,.T.);
#1923=EDGE_CURVE('',#1493,#1510,#1244,.T.);
#1924=EDGE_CURVE('',#1510,#1494,#1245,.T.);
#1925=EDGE_CURVE('',#1506,#1511,#1246,.T.);
#1926=EDGE_CURVE('',#1511,#1507,#1247,.T.);
#1927=EDGE_CURVE('',#1497,#1505,#300,.T.);
#1928=EDGE_CURVE('',#1512,#1512,#301,.T.);
#1929=EDGE_CURVE('',#1513,#1513,#302,.T.);
#1930=EDGE_CURVE('',#1513,#1514,#503,.T.);
#1931=EDGE_CURVE('',#1514,#1515,#303,.T.);
#1932=EDGE_CURVE('',#1515,#1514,#304,.T.);
#1933=EDGE_CURVE('',#1516,#1516,#305,.T.);
#1934=EDGE_CURVE('',#1515,#1410,#504,.T.);
#1935=EDGE_CURVE('',#1516,#1460,#505,.T.);
#1936=EDGE_CURVE('',#1517,#1517,#306,.T.);
#1937=EDGE_CURVE('',#1517,#1518,#506,.T.);
#1938=EDGE_CURVE('',#1518,#1519,#307,.T.);
#1939=EDGE_CURVE('',#1519,#1518,#308,.T.);
#1940=EDGE_CURVE('',#1520,#1520,#309,.T.);
#1941=EDGE_CURVE('',#1519,#1404,#507,.T.);
#1942=EDGE_CURVE('',#1520,#1456,#508,.T.);
#1943=EDGE_CURVE('',#1521,#1521,#310,.T.);
#1944=EDGE_CURVE('',#1521,#1522,#509,.T.);
#1945=EDGE_CURVE('',#1522,#1522,#311,.T.);
#1946=EDGE_CURVE('',#1521,#1338,#510,.T.);
#1947=EDGE_CURVE('',#1523,#1523,#312,.T.);
#1948=EDGE_CURVE('',#1523,#1524,#511,.T.);
#1949=EDGE_CURVE('',#1524,#1524,#313,.T.);
#1950=EDGE_CURVE('',#1524,#1337,#512,.T.);
#1951=EDGE_CURVE('',#1525,#1525,#314,.T.);
#1952=EDGE_CURVE('',#1525,#1526,#513,.T.);
#1953=EDGE_CURVE('',#1526,#1526,#315,.T.);
#1954=EDGE_CURVE('',#1527,#1527,#316,.T.);
#1955=EDGE_CURVE('',#1526,#1403,#514,.T.);
#1956=EDGE_CURVE('',#1527,#1528,#515,.T.);
#1957=EDGE_CURVE('',#1528,#1528,#317,.T.);
#1958=EDGE_CURVE('',#1528,#1453,#516,.T.);
#1959=EDGE_CURVE('',#1307,#1451,#517,.T.);
#1960=EDGE_CURVE('',#1452,#1306,#518,.T.);
#1961=EDGE_CURVE('',#1529,#1529,#318,.T.);
#1962=EDGE_CURVE('',#1529,#1418,#519,.T.);
#1963=EDGE_CURVE('',#1530,#1530,#319,.T.);
#1964=EDGE_CURVE('',#1530,#1531,#520,.T.);
#1965=EDGE_CURVE('',#1531,#1531,#320,.T.);
#1966=EDGE_CURVE('',#1531,#1336,#521,.T.);
#1967=EDGE_CURVE('',#1532,#1284,#522,.T.);
#1968=EDGE_CURVE('',#1283,#1533,#523,.T.);
#1969=EDGE_CURVE('',#1533,#1532,#321,.T.);
#1970=EDGE_CURVE('',#1532,#1341,#322,.T.);
#1971=EDGE_CURVE('',#1273,#1533,#323,.T.);
#1972=EDGE_CURVE('',#1534,#1533,#524,.T.);
#1973=EDGE_CURVE('',#1535,#1534,#324,.T.);
#1974=EDGE_CURVE('',#1532,#1535,#525,.T.);
#1975=EDGE_CURVE('',#1272,#1536,#325,.F.);
#1976=EDGE_CURVE('',#1537,#1536,#1248,.T.);
#1977=EDGE_CURVE('',#1534,#1537,#326,.T.);
#1978=EDGE_CURVE('',#1537,#1538,#327,.T.);
#1979=EDGE_CURVE('',#1538,#1539,#328,.T.);
#1980=EDGE_CURVE('',#1539,#1534,#329,.T.);
#1981=EDGE_CURVE('',#1540,#1535,#330,.T.);
#1982=EDGE_CURVE('',#1539,#1540,#331,.T.);
#1983=EDGE_CURVE('',#1541,#1542,#332,.T.);
#1984=EDGE_CURVE('',#1542,#1535,#333,.T.);
#1985=EDGE_CURVE('',#1540,#1541,#334,.T.);
#1986=EDGE_CURVE('',#1543,#1544,#1249,.T.);
#1987=EDGE_CURVE('',#1543,#1538,#1250,.T.);
#1988=EDGE_CURVE('',#1345,#1536,#1251,.T.);
#1989=EDGE_CURVE('',#1544,#1344,#1252,.T.);
#1990=EDGE_CURVE('',#1545,#1343,#1253,.T.);
#1991=EDGE_CURVE('',#1545,#1542,#1254,.T.);
#1992=EDGE_CURVE('',#1541,#1546,#1255,.T.);
#1993=EDGE_CURVE('',#1340,#1546,#1256,.T.);
#1994=EDGE_CURVE('',#1310,#1544,#1257,.T.);
#1995=EDGE_CURVE('',#1545,#1342,#335,.F.);
#1996=EDGE_CURVE('',#1547,#1538,#1258,.T.);
#1997=EDGE_CURVE('',#1541,#1547,#1259,.T.);
#1998=EDGE_CURVE('',#1543,#1548,#1260,.T.);
#1999=EDGE_CURVE('',#1548,#1547,#336,.T.);
#2000=EDGE_CURVE('',#1548,#1546,#1261,.T.);
#2001=EDGE_CURVE('',#1511,#1510,#337,.T.);
#2002=EDGE_CURVE('',#1510,#1431,#526,.T.);
#2003=EDGE_CURVE('',#1455,#1511,#527,.T.);
#2004=EDGE_CURVE('',#1502,#1549,#528,.T.);
#2005=EDGE_CURVE('',#1549,#1450,#1262,.T.);
#2006=EDGE_CURVE('',#1305,#1454,#529,.T.);
#2007=EDGE_CURVE('',#1512,#1406,#530,.T.);
#2008=EDGE_CURVE('',#1448,#1549,#21,.T.);
#2009=EDGE_CURVE('',#1425,#1316,#531,.T.);
#2010=EDGE_CURVE('',#1365,#1323,#532,.T.);
#2011=EDGE_CURVE('',#1335,#1405,#533,.T.);
#2012=EDGE_CURVE('',#1333,#1408,#534,.T.);
#2013=EDGE_CURVE('',#1331,#1409,#535,.T.);
#2014=EDGE_CURVE('',#1329,#1407,#536,.T.);
#2015=EDGE_CURVE('',#1421,#1313,#537,.T.);
#2016=EDGE_CURVE('',#1429,#1325,#538,.T.);
#2017=ORIENTED_EDGE('',*,*,#1550,.T.);
#2018=ORIENTED_EDGE('',*,*,#1551,.T.);
#2019=ORIENTED_EDGE('',*,*,#1552,.T.);
#2020=ORIENTED_EDGE('',*,*,#1553,.T.);
#2021=ORIENTED_EDGE('',*,*,#1553,.F.);
#2022=ORIENTED_EDGE('',*,*,#1554,.F.);
#2023=ORIENTED_EDGE('',*,*,#1555,.F.);
#2024=ORIENTED_EDGE('',*,*,#1556,.F.);
#2025=ORIENTED_EDGE('',*,*,#1552,.F.);
#2026=ORIENTED_EDGE('',*,*,#1557,.T.);
#2027=ORIENTED_EDGE('',*,*,#1558,.T.);
#2028=ORIENTED_EDGE('',*,*,#1559,.T.);
#2029=ORIENTED_EDGE('',*,*,#1560,.T.);
#2030=ORIENTED_EDGE('',*,*,#1561,.T.);
#2031=ORIENTED_EDGE('',*,*,#1562,.T.);
#2032=ORIENTED_EDGE('',*,*,#1563,.T.);
#2033=ORIENTED_EDGE('',*,*,#1564,.T.);
#2034=ORIENTED_EDGE('',*,*,#1554,.T.);
#2035=ORIENTED_EDGE('',*,*,#1565,.T.);
#2036=ORIENTED_EDGE('',*,*,#1566,.T.);
#2037=ORIENTED_EDGE('',*,*,#1558,.F.);
#2038=ORIENTED_EDGE('',*,*,#1567,.T.);
#2039=ORIENTED_EDGE('',*,*,#1551,.F.);
#2040=ORIENTED_EDGE('',*,*,#1568,.F.);
#2041=ORIENTED_EDGE('',*,*,#1569,.F.);
#2042=ORIENTED_EDGE('',*,*,#1570,.F.);
#2043=ORIENTED_EDGE('',*,*,#1571,.T.);
#2044=ORIENTED_EDGE('',*,*,#1572,.F.);
#2045=ORIENTED_EDGE('',*,*,#1567,.F.);
#2046=ORIENTED_EDGE('',*,*,#1557,.F.);
#2047=ORIENTED_EDGE('',*,*,#1564,.F.);
#2048=ORIENTED_EDGE('',*,*,#1573,.F.);
#2049=ORIENTED_EDGE('',*,*,#1574,.F.);
#2050=ORIENTED_EDGE('',*,*,#1575,.F.);
#2051=ORIENTED_EDGE('',*,*,#1576,.F.);
#2052=ORIENTED_EDGE('',*,*,#1577,.F.);
#2053=ORIENTED_EDGE('',*,*,#1578,.F.);
#2054=ORIENTED_EDGE('',*,*,#1555,.T.);
#2055=ORIENTED_EDGE('',*,*,#1563,.F.);
#2056=ORIENTED_EDGE('',*,*,#1579,.T.);
#2057=ORIENTED_EDGE('',*,*,#1573,.T.);
#2058=ORIENTED_EDGE('',*,*,#1550,.F.);
#2059=ORIENTED_EDGE('',*,*,#1556,.T.);
#2060=ORIENTED_EDGE('',*,*,#1578,.T.);
#2061=ORIENTED_EDGE('',*,*,#1580,.T.);
#2062=ORIENTED_EDGE('',*,*,#1581,.T.);
#2063=ORIENTED_EDGE('',*,*,#1582,.T.);
#2064=ORIENTED_EDGE('',*,*,#1568,.T.);
#2065=ORIENTED_EDGE('',*,*,#1569,.T.);
#2066=ORIENTED_EDGE('',*,*,#1582,.F.);
#2067=ORIENTED_EDGE('',*,*,#1583,.T.);
#2068=ORIENTED_EDGE('',*,*,#1584,.T.);
#2069=ORIENTED_EDGE('',*,*,#1565,.F.);
#2070=ORIENTED_EDGE('',*,*,#1572,.T.);
#2071=ORIENTED_EDGE('',*,*,#1585,.F.);
#2072=ORIENTED_EDGE('',*,*,#1586,.F.);
#2073=ORIENTED_EDGE('',*,*,#1587,.T.);
#2074=ORIENTED_EDGE('',*,*,#1588,.T.);
#2075=ORIENTED_EDGE('',*,*,#1589,.T.);
#2076=ORIENTED_EDGE('',*,*,#1590,.F.);
#2077=ORIENTED_EDGE('',*,*,#1591,.F.);
#2078=ORIENTED_EDGE('',*,*,#1592,.F.);
#2079=ORIENTED_EDGE('',*,*,#1593,.F.);
#2080=ORIENTED_EDGE('',*,*,#1594,.F.);
#2081=ORIENTED_EDGE('',*,*,#1595,.F.);
#2082=ORIENTED_EDGE('',*,*,#1596,.T.);
#2083=ORIENTED_EDGE('',*,*,#1597,.T.);
#2084=ORIENTED_EDGE('',*,*,#1598,.T.);
#2085=ORIENTED_EDGE('',*,*,#1599,.F.);
#2086=ORIENTED_EDGE('',*,*,#1600,.F.);
#2087=ORIENTED_EDGE('',*,*,#1601,.F.);
#2088=ORIENTED_EDGE('',*,*,#1602,.T.);
#2089=ORIENTED_EDGE('',*,*,#1603,.F.);
#2090=ORIENTED_EDGE('',*,*,#1604,.F.);
#2091=ORIENTED_EDGE('',*,*,#1570,.T.);
#2092=ORIENTED_EDGE('',*,*,#1584,.F.);
#2093=ORIENTED_EDGE('',*,*,#1605,.F.);
#2094=ORIENTED_EDGE('',*,*,#1606,.F.);
#2095=ORIENTED_EDGE('',*,*,#1607,.F.);
#2096=ORIENTED_EDGE('',*,*,#1608,.T.);
#2097=ORIENTED_EDGE('',*,*,#1609,.F.);
#2098=ORIENTED_EDGE('',*,*,#1610,.F.);
#2099=ORIENTED_EDGE('',*,*,#1611,.F.);
#2100=ORIENTED_EDGE('',*,*,#1612,.F.);
#2101=ORIENTED_EDGE('',*,*,#1613,.F.);
#2102=ORIENTED_EDGE('',*,*,#1614,.F.);
#2103=ORIENTED_EDGE('',*,*,#1615,.F.);
#2104=ORIENTED_EDGE('',*,*,#1616,.F.);
#2105=ORIENTED_EDGE('',*,*,#1617,.F.);
#2106=ORIENTED_EDGE('',*,*,#1618,.F.);
#2107=ORIENTED_EDGE('',*,*,#1619,.F.);
#2108=ORIENTED_EDGE('',*,*,#1620,.F.);
#2109=ORIENTED_EDGE('',*,*,#1621,.F.);
#2110=ORIENTED_EDGE('',*,*,#1622,.F.);
#2111=ORIENTED_EDGE('',*,*,#1623,.F.);
#2112=ORIENTED_EDGE('',*,*,#1624,.F.);
#2113=ORIENTED_EDGE('',*,*,#1625,.F.);
#2114=ORIENTED_EDGE('',*,*,#1626,.T.);
#2115=ORIENTED_EDGE('',*,*,#1627,.F.);
#2116=ORIENTED_EDGE('',*,*,#1628,.F.);
#2117=ORIENTED_EDGE('',*,*,#1629,.T.);
#2118=ORIENTED_EDGE('',*,*,#1630,.F.);
#2119=ORIENTED_EDGE('',*,*,#1631,.F.);
#2120=ORIENTED_EDGE('',*,*,#1632,.T.);
#2121=ORIENTED_EDGE('',*,*,#1633,.F.);
#2122=ORIENTED_EDGE('',*,*,#1634,.F.);
#2123=ORIENTED_EDGE('',*,*,#1635,.T.);
#2124=ORIENTED_EDGE('',*,*,#1636,.T.);
#2125=ORIENTED_EDGE('',*,*,#1637,.F.);
#2126=ORIENTED_EDGE('',*,*,#1638,.T.);
#2127=ORIENTED_EDGE('',*,*,#1639,.T.);
#2128=ORIENTED_EDGE('',*,*,#1583,.F.);
#2129=ORIENTED_EDGE('',*,*,#1640,.T.);
#2130=ORIENTED_EDGE('',*,*,#1641,.T.);
#2131=ORIENTED_EDGE('',*,*,#1642,.F.);
#2132=ORIENTED_EDGE('',*,*,#1605,.T.);
#2133=ORIENTED_EDGE('',*,*,#1581,.F.);
#2134=ORIENTED_EDGE('',*,*,#1643,.F.);
#2135=ORIENTED_EDGE('',*,*,#1644,.F.);
#2136=ORIENTED_EDGE('',*,*,#1645,.T.);
#2137=ORIENTED_EDGE('',*,*,#1646,.T.);
#2138=ORIENTED_EDGE('',*,*,#1640,.F.);
#2139=ORIENTED_EDGE('',*,*,#1559,.F.);
#2140=ORIENTED_EDGE('',*,*,#1647,.F.);
#2141=ORIENTED_EDGE('',*,*,#1648,.T.);
#2142=ORIENTED_EDGE('',*,*,#1649,.T.);
#2143=ORIENTED_EDGE('',*,*,#1580,.F.);
#2144=ORIENTED_EDGE('',*,*,#1577,.T.);
#2145=ORIENTED_EDGE('',*,*,#1650,.F.);
#2146=ORIENTED_EDGE('',*,*,#1643,.T.);
#2147=ORIENTED_EDGE('',*,*,#1608,.F.);
#2148=ORIENTED_EDGE('',*,*,#1651,.T.);
#2149=ORIENTED_EDGE('',*,*,#1652,.F.);
#2150=ORIENTED_EDGE('',*,*,#1651,.F.);
#2151=ORIENTED_EDGE('',*,*,#1653,.T.);
#2152=ORIENTED_EDGE('',*,*,#1654,.F.);
#2153=ORIENTED_EDGE('',*,*,#1655,.T.);
#2154=ORIENTED_EDGE('',*,*,#1656,.T.);
#2155=ORIENTED_EDGE('',*,*,#1657,.F.);
#2156=ORIENTED_EDGE('',*,*,#1658,.T.);
#2157=ORIENTED_EDGE('',*,*,#1654,.T.);
#2158=ORIENTED_EDGE('',*,*,#1659,.T.);
#2159=ORIENTED_EDGE('',*,*,#1660,.F.);
#2160=ORIENTED_EDGE('',*,*,#1661,.T.);
#2161=ORIENTED_EDGE('',*,*,#1657,.T.);
#2162=ORIENTED_EDGE('',*,*,#1585,.T.);
#2163=ORIENTED_EDGE('',*,*,#1571,.F.);
#2164=ORIENTED_EDGE('',*,*,#1604,.T.);
#2165=ORIENTED_EDGE('',*,*,#1662,.F.);
#2166=ORIENTED_EDGE('',*,*,#1663,.F.);
#2167=ORIENTED_EDGE('',*,*,#1659,.F.);
#2168=ORIENTED_EDGE('',*,*,#1656,.F.);
#2169=ORIENTED_EDGE('',*,*,#1653,.F.);
#2170=ORIENTED_EDGE('',*,*,#1664,.F.);
#2171=ORIENTED_EDGE('',*,*,#1665,.F.);
#2172=ORIENTED_EDGE('',*,*,#1666,.F.);
#2173=ORIENTED_EDGE('',*,*,#1667,.F.);
#2174=ORIENTED_EDGE('',*,*,#1668,.F.);
#2175=ORIENTED_EDGE('',*,*,#1669,.F.);
#2176=ORIENTED_EDGE('',*,*,#1670,.T.);
#2177=ORIENTED_EDGE('',*,*,#1671,.T.);
#2178=ORIENTED_EDGE('',*,*,#1672,.T.);
#2179=ORIENTED_EDGE('',*,*,#1673,.F.);
#2180=ORIENTED_EDGE('',*,*,#1674,.T.);
#2181=ORIENTED_EDGE('',*,*,#1675,.T.);
#2182=ORIENTED_EDGE('',*,*,#1676,.T.);
#2183=ORIENTED_EDGE('',*,*,#1671,.F.);
#2184=ORIENTED_EDGE('',*,*,#1677,.T.);
#2185=ORIENTED_EDGE('',*,*,#1678,.T.);
#2186=ORIENTED_EDGE('',*,*,#1679,.T.);
#2187=ORIENTED_EDGE('',*,*,#1675,.F.);
#2188=ORIENTED_EDGE('',*,*,#1680,.T.);
#2189=ORIENTED_EDGE('',*,*,#1678,.F.);
#2190=ORIENTED_EDGE('',*,*,#1681,.T.);
#2191=ORIENTED_EDGE('',*,*,#1673,.T.);
#2192=ORIENTED_EDGE('',*,*,#1680,.F.);
#2193=ORIENTED_EDGE('',*,*,#1682,.T.);
#2194=ORIENTED_EDGE('',*,*,#1617,.T.);
#2195=ORIENTED_EDGE('',*,*,#1683,.F.);
#2196=ORIENTED_EDGE('',*,*,#1672,.F.);
#2197=ORIENTED_EDGE('',*,*,#1684,.T.);
#2198=ORIENTED_EDGE('',*,*,#1618,.T.);
#2199=ORIENTED_EDGE('',*,*,#1682,.F.);
#2200=ORIENTED_EDGE('',*,*,#1664,.T.);
#2201=ORIENTED_EDGE('',*,*,#1655,.F.);
#2202=ORIENTED_EDGE('',*,*,#1658,.F.);
#2203=ORIENTED_EDGE('',*,*,#1661,.F.);
#2204=ORIENTED_EDGE('',*,*,#1685,.F.);
#2205=ORIENTED_EDGE('',*,*,#1686,.F.);
#2206=ORIENTED_EDGE('',*,*,#1687,.F.);
#2207=ORIENTED_EDGE('',*,*,#1688,.F.);
#2208=ORIENTED_EDGE('',*,*,#1689,.F.);
#2209=ORIENTED_EDGE('',*,*,#1690,.F.);
#2210=ORIENTED_EDGE('',*,*,#1691,.F.);
#2211=ORIENTED_EDGE('',*,*,#1692,.F.);
#2212=ORIENTED_EDGE('',*,*,#1693,.F.);
#2213=ORIENTED_EDGE('',*,*,#1694,.F.);
#2214=ORIENTED_EDGE('',*,*,#1695,.F.);
#2215=ORIENTED_EDGE('',*,*,#1696,.F.);
#2216=ORIENTED_EDGE('',*,*,#1697,.F.);
#2217=ORIENTED_EDGE('',*,*,#1698,.F.);
#2218=ORIENTED_EDGE('',*,*,#1699,.F.);
#2219=ORIENTED_EDGE('',*,*,#1700,.F.);
#2220=ORIENTED_EDGE('',*,*,#1701,.F.);
#2221=ORIENTED_EDGE('',*,*,#1702,.F.);
#2222=ORIENTED_EDGE('',*,*,#1703,.F.);
#2223=ORIENTED_EDGE('',*,*,#1704,.F.);
#2224=ORIENTED_EDGE('',*,*,#1705,.F.);
#2225=ORIENTED_EDGE('',*,*,#1706,.F.);
#2226=ORIENTED_EDGE('',*,*,#1707,.F.);
#2227=ORIENTED_EDGE('',*,*,#1708,.F.);
#2228=ORIENTED_EDGE('',*,*,#1709,.F.);
#2229=ORIENTED_EDGE('',*,*,#1710,.F.);
#2230=ORIENTED_EDGE('',*,*,#1711,.F.);
#2231=ORIENTED_EDGE('',*,*,#1712,.F.);
#2232=ORIENTED_EDGE('',*,*,#1670,.F.);
#2233=ORIENTED_EDGE('',*,*,#1681,.F.);
#2234=ORIENTED_EDGE('',*,*,#1677,.F.);
#2235=ORIENTED_EDGE('',*,*,#1674,.F.);
#2236=ORIENTED_EDGE('',*,*,#1713,.F.);
#2237=ORIENTED_EDGE('',*,*,#1714,.F.);
#2238=ORIENTED_EDGE('',*,*,#1715,.F.);
#2239=ORIENTED_EDGE('',*,*,#1716,.F.);
#2240=ORIENTED_EDGE('',*,*,#1717,.F.);
#2241=ORIENTED_EDGE('',*,*,#1718,.F.);
#2242=ORIENTED_EDGE('',*,*,#1719,.F.);
#2243=ORIENTED_EDGE('',*,*,#1720,.F.);
#2244=ORIENTED_EDGE('',*,*,#1721,.F.);
#2245=ORIENTED_EDGE('',*,*,#1722,.F.);
#2246=ORIENTED_EDGE('',*,*,#1723,.F.);
#2247=ORIENTED_EDGE('',*,*,#1724,.F.);
#2248=ORIENTED_EDGE('',*,*,#1725,.F.);
#2249=ORIENTED_EDGE('',*,*,#1726,.F.);
#2250=ORIENTED_EDGE('',*,*,#1727,.F.);
#2251=ORIENTED_EDGE('',*,*,#1728,.F.);
#2252=ORIENTED_EDGE('',*,*,#1729,.F.);
#2253=ORIENTED_EDGE('',*,*,#1730,.F.);
#2254=ORIENTED_EDGE('',*,*,#1731,.F.);
#2255=ORIENTED_EDGE('',*,*,#1732,.F.);
#2256=ORIENTED_EDGE('',*,*,#1733,.F.);
#2257=ORIENTED_EDGE('',*,*,#1652,.T.);
#2258=ORIENTED_EDGE('',*,*,#1734,.T.);
#2259=ORIENTED_EDGE('',*,*,#1735,.T.);
#2260=ORIENTED_EDGE('',*,*,#1736,.T.);
#2261=ORIENTED_EDGE('',*,*,#1733,.T.);
#2262=ORIENTED_EDGE('',*,*,#1736,.F.);
#2263=ORIENTED_EDGE('',*,*,#1737,.F.);
#2264=ORIENTED_EDGE('',*,*,#1738,.T.);
#2265=ORIENTED_EDGE('',*,*,#1734,.F.);
#2266=ORIENTED_EDGE('',*,*,#1735,.F.);
#2267=ORIENTED_EDGE('',*,*,#1738,.F.);
#2268=ORIENTED_EDGE('',*,*,#1713,.T.);
#2269=ORIENTED_EDGE('',*,*,#1739,.T.);
#2270=ORIENTED_EDGE('',*,*,#1740,.T.);
#2271=ORIENTED_EDGE('',*,*,#1741,.F.);
#2272=ORIENTED_EDGE('',*,*,#1716,.T.);
#2273=ORIENTED_EDGE('',*,*,#1742,.T.);
#2274=ORIENTED_EDGE('',*,*,#1743,.T.);
#2275=ORIENTED_EDGE('',*,*,#1739,.F.);
#2276=ORIENTED_EDGE('',*,*,#1715,.T.);
#2277=ORIENTED_EDGE('',*,*,#1744,.T.);
#2278=ORIENTED_EDGE('',*,*,#1745,.T.);
#2279=ORIENTED_EDGE('',*,*,#1742,.F.);
#2280=ORIENTED_EDGE('',*,*,#1746,.T.);
#2281=ORIENTED_EDGE('',*,*,#1744,.F.);
#2282=ORIENTED_EDGE('',*,*,#1714,.T.);
#2283=ORIENTED_EDGE('',*,*,#1741,.T.);
#2284=ORIENTED_EDGE('',*,*,#1746,.F.);
#2285=ORIENTED_EDGE('',*,*,#1747,.T.);
#2286=ORIENTED_EDGE('',*,*,#1610,.T.);
#2287=ORIENTED_EDGE('',*,*,#1748,.F.);
#2288=ORIENTED_EDGE('',*,*,#1740,.F.);
#2289=ORIENTED_EDGE('',*,*,#1749,.T.);
#2290=ORIENTED_EDGE('',*,*,#1611,.T.);
#2291=ORIENTED_EDGE('',*,*,#1747,.F.);
#2292=ORIENTED_EDGE('',*,*,#1729,.T.);
#2293=ORIENTED_EDGE('',*,*,#1750,.T.);
#2294=ORIENTED_EDGE('',*,*,#1751,.T.);
#2295=ORIENTED_EDGE('',*,*,#1752,.F.);
#2296=ORIENTED_EDGE('',*,*,#1732,.T.);
#2297=ORIENTED_EDGE('',*,*,#1753,.T.);
#2298=ORIENTED_EDGE('',*,*,#1754,.T.);
#2299=ORIENTED_EDGE('',*,*,#1750,.F.);
#2300=ORIENTED_EDGE('',*,*,#1731,.T.);
#2301=ORIENTED_EDGE('',*,*,#1755,.T.);
#2302=ORIENTED_EDGE('',*,*,#1756,.T.);
#2303=ORIENTED_EDGE('',*,*,#1753,.F.);
#2304=ORIENTED_EDGE('',*,*,#1757,.T.);
#2305=ORIENTED_EDGE('',*,*,#1755,.F.);
#2306=ORIENTED_EDGE('',*,*,#1730,.T.);
#2307=ORIENTED_EDGE('',*,*,#1752,.T.);
#2308=ORIENTED_EDGE('',*,*,#1757,.F.);
#2309=ORIENTED_EDGE('',*,*,#1758,.T.);
#2310=ORIENTED_EDGE('',*,*,#1615,.T.);
#2311=ORIENTED_EDGE('',*,*,#1759,.F.);
#2312=ORIENTED_EDGE('',*,*,#1751,.F.);
#2313=ORIENTED_EDGE('',*,*,#1760,.T.);
#2314=ORIENTED_EDGE('',*,*,#1616,.T.);
#2315=ORIENTED_EDGE('',*,*,#1758,.F.);
#2316=ORIENTED_EDGE('',*,*,#1717,.T.);
#2317=ORIENTED_EDGE('',*,*,#1761,.T.);
#2318=ORIENTED_EDGE('',*,*,#1762,.T.);
#2319=ORIENTED_EDGE('',*,*,#1763,.F.);
#2320=ORIENTED_EDGE('',*,*,#1720,.T.);
#2321=ORIENTED_EDGE('',*,*,#1764,.T.);
#2322=ORIENTED_EDGE('',*,*,#1765,.T.);
#2323=ORIENTED_EDGE('',*,*,#1761,.F.);
#2324=ORIENTED_EDGE('',*,*,#1719,.T.);
#2325=ORIENTED_EDGE('',*,*,#1766,.T.);
#2326=ORIENTED_EDGE('',*,*,#1767,.T.);
#2327=ORIENTED_EDGE('',*,*,#1764,.F.);
#2328=ORIENTED_EDGE('',*,*,#1768,.T.);
#2329=ORIENTED_EDGE('',*,*,#1766,.F.);
#2330=ORIENTED_EDGE('',*,*,#1718,.T.);
#2331=ORIENTED_EDGE('',*,*,#1763,.T.);
#2332=ORIENTED_EDGE('',*,*,#1768,.F.);
#2333=ORIENTED_EDGE('',*,*,#1769,.T.);
#2334=ORIENTED_EDGE('',*,*,#1622,.T.);
#2335=ORIENTED_EDGE('',*,*,#1770,.F.);
#2336=ORIENTED_EDGE('',*,*,#1762,.F.);
#2337=ORIENTED_EDGE('',*,*,#1771,.T.);
#2338=ORIENTED_EDGE('',*,*,#1623,.T.);
#2339=ORIENTED_EDGE('',*,*,#1769,.F.);
#2340=ORIENTED_EDGE('',*,*,#1660,.T.);
#2341=ORIENTED_EDGE('',*,*,#1663,.T.);
#2342=ORIENTED_EDGE('',*,*,#1772,.T.);
#2343=ORIENTED_EDGE('',*,*,#1685,.T.);
#2344=ORIENTED_EDGE('',*,*,#1665,.T.);
#2345=ORIENTED_EDGE('',*,*,#1712,.T.);
#2346=ORIENTED_EDGE('',*,*,#1773,.T.);
#2347=ORIENTED_EDGE('',*,*,#1774,.T.);
#2348=ORIENTED_EDGE('',*,*,#1775,.T.);
#2349=ORIENTED_EDGE('',*,*,#1776,.T.);
#2350=ORIENTED_EDGE('',*,*,#1697,.T.);
#2351=ORIENTED_EDGE('',*,*,#1777,.T.);
#2352=ORIENTED_EDGE('',*,*,#1698,.T.);
#2353=ORIENTED_EDGE('',*,*,#1776,.F.);
#2354=ORIENTED_EDGE('',*,*,#1778,.T.);
#2355=ORIENTED_EDGE('',*,*,#1779,.T.);
#2356=ORIENTED_EDGE('',*,*,#1699,.T.);
#2357=ORIENTED_EDGE('',*,*,#1777,.F.);
#2358=ORIENTED_EDGE('',*,*,#1780,.T.);
#2359=ORIENTED_EDGE('',*,*,#1781,.T.);
#2360=ORIENTED_EDGE('',*,*,#1700,.T.);
#2361=ORIENTED_EDGE('',*,*,#1779,.F.);
#2362=ORIENTED_EDGE('',*,*,#1782,.T.);
#2363=ORIENTED_EDGE('',*,*,#1783,.T.);
#2364=ORIENTED_EDGE('',*,*,#1701,.T.);
#2365=ORIENTED_EDGE('',*,*,#1781,.F.);
#2366=ORIENTED_EDGE('',*,*,#1784,.T.);
#2367=ORIENTED_EDGE('',*,*,#1785,.T.);
#2368=ORIENTED_EDGE('',*,*,#1702,.T.);
#2369=ORIENTED_EDGE('',*,*,#1783,.F.);
#2370=ORIENTED_EDGE('',*,*,#1786,.T.);
#2371=ORIENTED_EDGE('',*,*,#1787,.T.);
#2372=ORIENTED_EDGE('',*,*,#1703,.T.);
#2373=ORIENTED_EDGE('',*,*,#1785,.F.);
#2374=ORIENTED_EDGE('',*,*,#1788,.T.);
#2375=ORIENTED_EDGE('',*,*,#1789,.T.);
#2376=ORIENTED_EDGE('',*,*,#1704,.T.);
#2377=ORIENTED_EDGE('',*,*,#1787,.F.);
#2378=ORIENTED_EDGE('',*,*,#1790,.T.);
#2379=ORIENTED_EDGE('',*,*,#1791,.T.);
#2380=ORIENTED_EDGE('',*,*,#1705,.T.);
#2381=ORIENTED_EDGE('',*,*,#1789,.F.);
#2382=ORIENTED_EDGE('',*,*,#1792,.T.);
#2383=ORIENTED_EDGE('',*,*,#1793,.T.);
#2384=ORIENTED_EDGE('',*,*,#1706,.T.);
#2385=ORIENTED_EDGE('',*,*,#1791,.F.);
#2386=ORIENTED_EDGE('',*,*,#1794,.T.);
#2387=ORIENTED_EDGE('',*,*,#1795,.T.);
#2388=ORIENTED_EDGE('',*,*,#1707,.T.);
#2389=ORIENTED_EDGE('',*,*,#1793,.F.);
#2390=ORIENTED_EDGE('',*,*,#1796,.T.);
#2391=ORIENTED_EDGE('',*,*,#1797,.T.);
#2392=ORIENTED_EDGE('',*,*,#1708,.T.);
#2393=ORIENTED_EDGE('',*,*,#1795,.F.);
#2394=ORIENTED_EDGE('',*,*,#1798,.T.);
#2395=ORIENTED_EDGE('',*,*,#1799,.T.);
#2396=ORIENTED_EDGE('',*,*,#1709,.T.);
#2397=ORIENTED_EDGE('',*,*,#1797,.F.);
#2398=ORIENTED_EDGE('',*,*,#1668,.T.);
#2399=ORIENTED_EDGE('',*,*,#1800,.T.);
#2400=ORIENTED_EDGE('',*,*,#1774,.F.);
#2401=ORIENTED_EDGE('',*,*,#1696,.T.);
#2402=ORIENTED_EDGE('',*,*,#1801,.T.);
#2403=ORIENTED_EDGE('',*,*,#1802,.T.);
#2404=ORIENTED_EDGE('',*,*,#1801,.F.);
#2405=ORIENTED_EDGE('',*,*,#1695,.T.);
#2406=ORIENTED_EDGE('',*,*,#1803,.T.);
#2407=ORIENTED_EDGE('',*,*,#1667,.T.);
#2408=ORIENTED_EDGE('',*,*,#1804,.T.);
#2409=ORIENTED_EDGE('',*,*,#1710,.T.);
#2410=ORIENTED_EDGE('',*,*,#1799,.F.);
#2411=ORIENTED_EDGE('',*,*,#1666,.T.);
#2412=ORIENTED_EDGE('',*,*,#1773,.F.);
#2413=ORIENTED_EDGE('',*,*,#1711,.T.);
#2414=ORIENTED_EDGE('',*,*,#1804,.F.);
#2415=ORIENTED_EDGE('',*,*,#1694,.T.);
#2416=ORIENTED_EDGE('',*,*,#1805,.T.);
#2417=ORIENTED_EDGE('',*,*,#1806,.T.);
#2418=ORIENTED_EDGE('',*,*,#1807,.T.);
#2419=ORIENTED_EDGE('',*,*,#1803,.F.);
#2420=ORIENTED_EDGE('',*,*,#1808,.T.);
#2421=ORIENTED_EDGE('',*,*,#1809,.T.);
#2422=ORIENTED_EDGE('',*,*,#1805,.F.);
#2423=ORIENTED_EDGE('',*,*,#1693,.T.);
#2424=ORIENTED_EDGE('',*,*,#1810,.T.);
#2425=ORIENTED_EDGE('',*,*,#1808,.F.);
#2426=ORIENTED_EDGE('',*,*,#1692,.T.);
#2427=ORIENTED_EDGE('',*,*,#1811,.T.);
#2428=ORIENTED_EDGE('',*,*,#1812,.T.);
#2429=ORIENTED_EDGE('',*,*,#1813,.F.);
#2430=ORIENTED_EDGE('',*,*,#1814,.T.);
#2431=ORIENTED_EDGE('',*,*,#1811,.F.);
#2432=ORIENTED_EDGE('',*,*,#1691,.T.);
#2433=ORIENTED_EDGE('',*,*,#1815,.T.);
#2434=ORIENTED_EDGE('',*,*,#1686,.T.);
#2435=ORIENTED_EDGE('',*,*,#1772,.F.);
#2436=ORIENTED_EDGE('',*,*,#1816,.T.);
#2437=ORIENTED_EDGE('',*,*,#1817,.T.);
#2438=ORIENTED_EDGE('',*,*,#1687,.T.);
#2439=ORIENTED_EDGE('',*,*,#1815,.F.);
#2440=ORIENTED_EDGE('',*,*,#1818,.T.);
#2441=ORIENTED_EDGE('',*,*,#1819,.T.);
#2442=ORIENTED_EDGE('',*,*,#1820,.T.);
#2443=ORIENTED_EDGE('',*,*,#1688,.T.);
#2444=ORIENTED_EDGE('',*,*,#1817,.F.);
#2445=ORIENTED_EDGE('',*,*,#1821,.T.);
#2446=ORIENTED_EDGE('',*,*,#1822,.T.);
#2447=ORIENTED_EDGE('',*,*,#1689,.T.);
#2448=ORIENTED_EDGE('',*,*,#1820,.F.);
#2449=ORIENTED_EDGE('',*,*,#1823,.T.);
#2450=ORIENTED_EDGE('',*,*,#1813,.T.);
#2451=ORIENTED_EDGE('',*,*,#1690,.T.);
#2452=ORIENTED_EDGE('',*,*,#1822,.F.);
#2453=ORIENTED_EDGE('',*,*,#1824,.T.);
#2454=ORIENTED_EDGE('',*,*,#1798,.F.);
#2455=ORIENTED_EDGE('',*,*,#1825,.T.);
#2456=ORIENTED_EDGE('',*,*,#1586,.T.);
#2457=ORIENTED_EDGE('',*,*,#1669,.T.);
#2458=ORIENTED_EDGE('',*,*,#1796,.F.);
#2459=ORIENTED_EDGE('',*,*,#1826,.T.);
#2460=ORIENTED_EDGE('',*,*,#1587,.F.);
#2461=ORIENTED_EDGE('',*,*,#1825,.F.);
#2462=ORIENTED_EDGE('',*,*,#1827,.F.);
#2463=ORIENTED_EDGE('',*,*,#1828,.T.);
#2464=ORIENTED_EDGE('',*,*,#1826,.F.);
#2465=ORIENTED_EDGE('',*,*,#1794,.F.);
#2466=ORIENTED_EDGE('',*,*,#1829,.T.);
#2467=ORIENTED_EDGE('',*,*,#1588,.F.);
#2468=ORIENTED_EDGE('',*,*,#1828,.F.);
#2469=ORIENTED_EDGE('',*,*,#1792,.F.);
#2470=ORIENTED_EDGE('',*,*,#1830,.F.);
#2471=ORIENTED_EDGE('',*,*,#1589,.F.);
#2472=ORIENTED_EDGE('',*,*,#1829,.F.);
#2473=ORIENTED_EDGE('',*,*,#1790,.F.);
#2474=ORIENTED_EDGE('',*,*,#1831,.T.);
#2475=ORIENTED_EDGE('',*,*,#1832,.F.);
#2476=ORIENTED_EDGE('',*,*,#1833,.F.);
#2477=ORIENTED_EDGE('',*,*,#1590,.T.);
#2478=ORIENTED_EDGE('',*,*,#1830,.T.);
#2479=ORIENTED_EDGE('',*,*,#1788,.F.);
#2480=ORIENTED_EDGE('',*,*,#1834,.F.);
#2481=ORIENTED_EDGE('',*,*,#1594,.T.);
#2482=ORIENTED_EDGE('',*,*,#1835,.F.);
#2483=ORIENTED_EDGE('',*,*,#1836,.F.);
#2484=ORIENTED_EDGE('',*,*,#1831,.F.);
#2485=ORIENTED_EDGE('',*,*,#1786,.F.);
#2486=ORIENTED_EDGE('',*,*,#1837,.T.);
#2487=ORIENTED_EDGE('',*,*,#1595,.T.);
#2488=ORIENTED_EDGE('',*,*,#1834,.T.);
#2489=ORIENTED_EDGE('',*,*,#1784,.F.);
#2490=ORIENTED_EDGE('',*,*,#1838,.T.);
#2491=ORIENTED_EDGE('',*,*,#1596,.F.);
#2492=ORIENTED_EDGE('',*,*,#1837,.F.);
#2493=ORIENTED_EDGE('',*,*,#1839,.F.);
#2494=ORIENTED_EDGE('',*,*,#1840,.F.);
#2495=ORIENTED_EDGE('',*,*,#1841,.T.);
#2496=ORIENTED_EDGE('',*,*,#1838,.F.);
#2497=ORIENTED_EDGE('',*,*,#1782,.F.);
#2498=ORIENTED_EDGE('',*,*,#1842,.T.);
#2499=ORIENTED_EDGE('',*,*,#1597,.F.);
#2500=ORIENTED_EDGE('',*,*,#1841,.F.);
#2501=ORIENTED_EDGE('',*,*,#1780,.F.);
#2502=ORIENTED_EDGE('',*,*,#1843,.F.);
#2503=ORIENTED_EDGE('',*,*,#1598,.F.);
#2504=ORIENTED_EDGE('',*,*,#1842,.F.);
#2505=ORIENTED_EDGE('',*,*,#1778,.F.);
#2506=ORIENTED_EDGE('',*,*,#1844,.T.);
#2507=ORIENTED_EDGE('',*,*,#1599,.T.);
#2508=ORIENTED_EDGE('',*,*,#1843,.T.);
#2509=ORIENTED_EDGE('',*,*,#1802,.F.);
#2510=ORIENTED_EDGE('',*,*,#1807,.F.);
#2511=ORIENTED_EDGE('',*,*,#1845,.F.);
#2512=ORIENTED_EDGE('',*,*,#1846,.F.);
#2513=ORIENTED_EDGE('',*,*,#1806,.F.);
#2514=ORIENTED_EDGE('',*,*,#1847,.T.);
#2515=ORIENTED_EDGE('',*,*,#1848,.F.);
#2516=ORIENTED_EDGE('',*,*,#1849,.F.);
#2517=ORIENTED_EDGE('',*,*,#1845,.T.);
#2518=ORIENTED_EDGE('',*,*,#1809,.F.);
#2519=ORIENTED_EDGE('',*,*,#1850,.T.);
#2520=ORIENTED_EDGE('',*,*,#1851,.F.);
#2521=ORIENTED_EDGE('',*,*,#1847,.F.);
#2522=ORIENTED_EDGE('',*,*,#1852,.F.);
#2523=ORIENTED_EDGE('',*,*,#1853,.T.);
#2524=ORIENTED_EDGE('',*,*,#1854,.T.);
#2525=ORIENTED_EDGE('',*,*,#1836,.T.);
#2526=ORIENTED_EDGE('',*,*,#1855,.T.);
#2527=ORIENTED_EDGE('',*,*,#1832,.T.);
#2528=ORIENTED_EDGE('',*,*,#1854,.F.);
#2529=ORIENTED_EDGE('',*,*,#1856,.T.);
#2530=ORIENTED_EDGE('',*,*,#1856,.F.);
#2531=ORIENTED_EDGE('',*,*,#1853,.F.);
#2532=ORIENTED_EDGE('',*,*,#1857,.T.);
#2533=ORIENTED_EDGE('',*,*,#1858,.F.);
#2534=ORIENTED_EDGE('',*,*,#1859,.F.);
#2535=ORIENTED_EDGE('',*,*,#1860,.F.);
#2536=ORIENTED_EDGE('',*,*,#1861,.F.);
#2537=ORIENTED_EDGE('',*,*,#1862,.T.);
#2538=ORIENTED_EDGE('',*,*,#1863,.F.);
#2539=ORIENTED_EDGE('',*,*,#1864,.T.);
#2540=ORIENTED_EDGE('',*,*,#1859,.T.);
#2541=ORIENTED_EDGE('',*,*,#1865,.T.);
#2542=ORIENTED_EDGE('',*,*,#1835,.T.);
#2543=ORIENTED_EDGE('',*,*,#1593,.T.);
#2544=ORIENTED_EDGE('',*,*,#1860,.T.);
#2545=ORIENTED_EDGE('',*,*,#1866,.T.);
#2546=ORIENTED_EDGE('',*,*,#1852,.T.);
#2547=ORIENTED_EDGE('',*,*,#1867,.F.);
#2548=ORIENTED_EDGE('',*,*,#1868,.F.);
#2549=ORIENTED_EDGE('',*,*,#1869,.F.);
#2550=ORIENTED_EDGE('',*,*,#1858,.T.);
#2551=ORIENTED_EDGE('',*,*,#1592,.T.);
#2552=ORIENTED_EDGE('',*,*,#1868,.T.);
#2553=ORIENTED_EDGE('',*,*,#1870,.T.);
#2554=ORIENTED_EDGE('',*,*,#1833,.T.);
#2555=ORIENTED_EDGE('',*,*,#1855,.F.);
#2556=ORIENTED_EDGE('',*,*,#1871,.T.);
#2557=ORIENTED_EDGE('',*,*,#1869,.T.);
#2558=ORIENTED_EDGE('',*,*,#1591,.T.);
#2559=ORIENTED_EDGE('',*,*,#1872,.T.);
#2560=ORIENTED_EDGE('',*,*,#1873,.T.);
#2561=ORIENTED_EDGE('',*,*,#1867,.T.);
#2562=ORIENTED_EDGE('',*,*,#1874,.T.);
#2563=ORIENTED_EDGE('',*,*,#1875,.T.);
#2564=ORIENTED_EDGE('',*,*,#1876,.F.);
#2565=ORIENTED_EDGE('',*,*,#1865,.F.);
#2566=ORIENTED_EDGE('',*,*,#1870,.F.);
#2567=ORIENTED_EDGE('',*,*,#1873,.F.);
#2568=ORIENTED_EDGE('',*,*,#1877,.F.);
#2569=ORIENTED_EDGE('',*,*,#1866,.F.);
#2570=ORIENTED_EDGE('',*,*,#1864,.F.);
#2571=ORIENTED_EDGE('',*,*,#1878,.F.);
#2572=ORIENTED_EDGE('',*,*,#1874,.F.);
#2573=ORIENTED_EDGE('',*,*,#1871,.F.);
#2574=ORIENTED_EDGE('',*,*,#1857,.F.);
#2575=ORIENTED_EDGE('',*,*,#1879,.T.);
#2576=ORIENTED_EDGE('',*,*,#1880,.T.);
#2577=ORIENTED_EDGE('',*,*,#1881,.T.);
#2578=ORIENTED_EDGE('',*,*,#1882,.F.);
#2579=ORIENTED_EDGE('',*,*,#1862,.F.);
#2580=ORIENTED_EDGE('',*,*,#1883,.F.);
#2581=ORIENTED_EDGE('',*,*,#1879,.F.);
#2582=ORIENTED_EDGE('',*,*,#1883,.T.);
#2583=ORIENTED_EDGE('',*,*,#1861,.T.);
#2584=ORIENTED_EDGE('',*,*,#1877,.T.);
#2585=ORIENTED_EDGE('',*,*,#1872,.F.);
#2586=ORIENTED_EDGE('',*,*,#1884,.F.);
#2587=ORIENTED_EDGE('',*,*,#1885,.F.);
#2588=ORIENTED_EDGE('',*,*,#1886,.T.);
#2589=ORIENTED_EDGE('',*,*,#1887,.T.);
#2590=ORIENTED_EDGE('',*,*,#1888,.T.);
#2591=ORIENTED_EDGE('',*,*,#1885,.T.);
#2592=ORIENTED_EDGE('',*,*,#1884,.T.);
#2593=ORIENTED_EDGE('',*,*,#1876,.T.);
#2594=ORIENTED_EDGE('',*,*,#1889,.T.);
#2595=ORIENTED_EDGE('',*,*,#1881,.F.);
#2596=ORIENTED_EDGE('',*,*,#1890,.T.);
#2597=ORIENTED_EDGE('',*,*,#1887,.F.);
#2598=ORIENTED_EDGE('',*,*,#1889,.F.);
#2599=ORIENTED_EDGE('',*,*,#1875,.F.);
#2600=ORIENTED_EDGE('',*,*,#1878,.T.);
#2601=ORIENTED_EDGE('',*,*,#1863,.T.);
#2602=ORIENTED_EDGE('',*,*,#1882,.T.);
#2603=ORIENTED_EDGE('',*,*,#1891,.T.);
#2604=ORIENTED_EDGE('',*,*,#1892,.T.);
#2605=ORIENTED_EDGE('',*,*,#1893,.T.);
#2606=ORIENTED_EDGE('',*,*,#1894,.T.);
#2607=ORIENTED_EDGE('',*,*,#1892,.F.);
#2608=ORIENTED_EDGE('',*,*,#1893,.F.);
#2609=ORIENTED_EDGE('',*,*,#1894,.F.);
#2610=ORIENTED_EDGE('',*,*,#1895,.T.);
#2611=ORIENTED_EDGE('',*,*,#1896,.T.);
#2612=ORIENTED_EDGE('',*,*,#1895,.F.);
#2613=ORIENTED_EDGE('',*,*,#1888,.F.);
#2614=ORIENTED_EDGE('',*,*,#1890,.F.);
#2615=ORIENTED_EDGE('',*,*,#1880,.F.);
#2616=ORIENTED_EDGE('',*,*,#1886,.F.);
#2617=ORIENTED_EDGE('',*,*,#1891,.F.);
#2618=ORIENTED_EDGE('',*,*,#1896,.F.);
#2619=ORIENTED_EDGE('',*,*,#1897,.T.);
#2620=ORIENTED_EDGE('',*,*,#1898,.T.);
#2621=ORIENTED_EDGE('',*,*,#1899,.T.);
#2622=ORIENTED_EDGE('',*,*,#1900,.T.);
#2623=ORIENTED_EDGE('',*,*,#1901,.T.);
#2624=ORIENTED_EDGE('',*,*,#1902,.T.);
#2625=ORIENTED_EDGE('',*,*,#1903,.T.);
#2626=ORIENTED_EDGE('',*,*,#1904,.T.);
#2627=ORIENTED_EDGE('',*,*,#1905,.T.);
#2628=ORIENTED_EDGE('',*,*,#1906,.T.);
#2629=ORIENTED_EDGE('',*,*,#1903,.F.);
#2630=ORIENTED_EDGE('',*,*,#1848,.T.);
#2631=ORIENTED_EDGE('',*,*,#1907,.T.);
#2632=ORIENTED_EDGE('',*,*,#1908,.T.);
#2633=ORIENTED_EDGE('',*,*,#1905,.F.);
#2634=ORIENTED_EDGE('',*,*,#1851,.T.);
#2635=ORIENTED_EDGE('',*,*,#1909,.T.);
#2636=ORIENTED_EDGE('',*,*,#1910,.T.);
#2637=ORIENTED_EDGE('',*,*,#1907,.F.);
#2638=ORIENTED_EDGE('',*,*,#1911,.T.);
#2639=ORIENTED_EDGE('',*,*,#1912,.T.);
#2640=ORIENTED_EDGE('',*,*,#1913,.T.);
#2641=ORIENTED_EDGE('',*,*,#1909,.F.);
#2642=ORIENTED_EDGE('',*,*,#1914,.T.);
#2643=ORIENTED_EDGE('',*,*,#1901,.F.);
#2644=ORIENTED_EDGE('',*,*,#1915,.T.);
#2645=ORIENTED_EDGE('',*,*,#1899,.F.);
#2646=ORIENTED_EDGE('',*,*,#1916,.T.);
#2647=ORIENTED_EDGE('',*,*,#1917,.T.);
#2648=ORIENTED_EDGE('',*,*,#1918,.T.);
#2649=ORIENTED_EDGE('',*,*,#1919,.T.);
#2650=ORIENTED_EDGE('',*,*,#1920,.T.);
#2651=ORIENTED_EDGE('',*,*,#1919,.F.);
#2652=ORIENTED_EDGE('',*,*,#1921,.T.);
#2653=ORIENTED_EDGE('',*,*,#1912,.F.);
#2654=ORIENTED_EDGE('',*,*,#1922,.T.);
#2655=ORIENTED_EDGE('',*,*,#1897,.F.);
#2656=ORIENTED_EDGE('',*,*,#1923,.T.);
#2657=ORIENTED_EDGE('',*,*,#1924,.T.);
#2658=ORIENTED_EDGE('',*,*,#1917,.F.);
#2659=ORIENTED_EDGE('',*,*,#1925,.T.);
#2660=ORIENTED_EDGE('',*,*,#1926,.T.);
#2661=ORIENTED_EDGE('',*,*,#1904,.F.);
#2662=ORIENTED_EDGE('',*,*,#1906,.F.);
#2663=ORIENTED_EDGE('',*,*,#1908,.F.);
#2664=ORIENTED_EDGE('',*,*,#1910,.F.);
#2665=ORIENTED_EDGE('',*,*,#1913,.F.);
#2666=ORIENTED_EDGE('',*,*,#1927,.F.);
#2667=ORIENTED_EDGE('',*,*,#1928,.T.);
#2668=ORIENTED_EDGE('',*,*,#1929,.T.);
#2669=ORIENTED_EDGE('',*,*,#1930,.T.);
#2670=ORIENTED_EDGE('',*,*,#1931,.T.);
#2671=ORIENTED_EDGE('',*,*,#1932,.T.);
#2672=ORIENTED_EDGE('',*,*,#1930,.F.);
#2673=ORIENTED_EDGE('',*,*,#1933,.F.);
#2674=ORIENTED_EDGE('',*,*,#1929,.F.);
#2675=ORIENTED_EDGE('',*,*,#1931,.F.);
#2676=ORIENTED_EDGE('',*,*,#1932,.F.);
#2677=ORIENTED_EDGE('',*,*,#1934,.T.);
#2678=ORIENTED_EDGE('',*,*,#1728,.T.);
#2679=ORIENTED_EDGE('',*,*,#1934,.F.);
#2680=ORIENTED_EDGE('',*,*,#1933,.T.);
#2681=ORIENTED_EDGE('',*,*,#1935,.T.);
#2682=ORIENTED_EDGE('',*,*,#1839,.T.);
#2683=ORIENTED_EDGE('',*,*,#1840,.T.);
#2684=ORIENTED_EDGE('',*,*,#1935,.F.);
#2685=ORIENTED_EDGE('',*,*,#1936,.T.);
#2686=ORIENTED_EDGE('',*,*,#1937,.T.);
#2687=ORIENTED_EDGE('',*,*,#1938,.T.);
#2688=ORIENTED_EDGE('',*,*,#1939,.T.);
#2689=ORIENTED_EDGE('',*,*,#1937,.F.);
#2690=ORIENTED_EDGE('',*,*,#1940,.F.);
#2691=ORIENTED_EDGE('',*,*,#1936,.F.);
#2692=ORIENTED_EDGE('',*,*,#1938,.F.);
#2693=ORIENTED_EDGE('',*,*,#1939,.F.);
#2694=ORIENTED_EDGE('',*,*,#1941,.T.);
#2695=ORIENTED_EDGE('',*,*,#1722,.T.);
#2696=ORIENTED_EDGE('',*,*,#1941,.F.);
#2697=ORIENTED_EDGE('',*,*,#1940,.T.);
#2698=ORIENTED_EDGE('',*,*,#1942,.T.);
#2699=ORIENTED_EDGE('',*,*,#1827,.T.);
#2700=ORIENTED_EDGE('',*,*,#1942,.F.);
#2701=ORIENTED_EDGE('',*,*,#1943,.T.);
#2702=ORIENTED_EDGE('',*,*,#1944,.T.);
#2703=ORIENTED_EDGE('',*,*,#1945,.T.);
#2704=ORIENTED_EDGE('',*,*,#1944,.F.);
#2705=ORIENTED_EDGE('',*,*,#1945,.F.);
#2706=ORIENTED_EDGE('',*,*,#1943,.F.);
#2707=ORIENTED_EDGE('',*,*,#1946,.T.);
#2708=ORIENTED_EDGE('',*,*,#1639,.F.);
#2709=ORIENTED_EDGE('',*,*,#1946,.F.);
#2710=ORIENTED_EDGE('',*,*,#1947,.T.);
#2711=ORIENTED_EDGE('',*,*,#1948,.T.);
#2712=ORIENTED_EDGE('',*,*,#1949,.T.);
#2713=ORIENTED_EDGE('',*,*,#1948,.F.);
#2714=ORIENTED_EDGE('',*,*,#1947,.F.);
#2715=ORIENTED_EDGE('',*,*,#1949,.F.);
#2716=ORIENTED_EDGE('',*,*,#1950,.T.);
#2717=ORIENTED_EDGE('',*,*,#1638,.F.);
#2718=ORIENTED_EDGE('',*,*,#1950,.F.);
#2719=ORIENTED_EDGE('',*,*,#1951,.T.);
#2720=ORIENTED_EDGE('',*,*,#1952,.T.);
#2721=ORIENTED_EDGE('',*,*,#1953,.T.);
#2722=ORIENTED_EDGE('',*,*,#1952,.F.);
#2723=ORIENTED_EDGE('',*,*,#1954,.F.);
#2724=ORIENTED_EDGE('',*,*,#1951,.F.);
#2725=ORIENTED_EDGE('',*,*,#1953,.F.);
#2726=ORIENTED_EDGE('',*,*,#1955,.T.);
#2727=ORIENTED_EDGE('',*,*,#1721,.T.);
#2728=ORIENTED_EDGE('',*,*,#1955,.F.);
#2729=ORIENTED_EDGE('',*,*,#1954,.T.);
#2730=ORIENTED_EDGE('',*,*,#1956,.T.);
#2731=ORIENTED_EDGE('',*,*,#1957,.T.);
#2732=ORIENTED_EDGE('',*,*,#1956,.F.);
#2733=ORIENTED_EDGE('',*,*,#1957,.F.);
#2734=ORIENTED_EDGE('',*,*,#1958,.T.);
#2735=ORIENTED_EDGE('',*,*,#1818,.F.);
#2736=ORIENTED_EDGE('',*,*,#1959,.F.);
#2737=ORIENTED_EDGE('',*,*,#1602,.F.);
#2738=ORIENTED_EDGE('',*,*,#1960,.F.);
#2739=ORIENTED_EDGE('',*,*,#1819,.F.);
#2740=ORIENTED_EDGE('',*,*,#1958,.F.);
#2741=ORIENTED_EDGE('',*,*,#1961,.T.);
#2742=ORIENTED_EDGE('',*,*,#1962,.T.);
#2743=ORIENTED_EDGE('',*,*,#1737,.T.);
#2744=ORIENTED_EDGE('',*,*,#1962,.F.);
#2745=ORIENTED_EDGE('',*,*,#1963,.F.);
#2746=ORIENTED_EDGE('',*,*,#1961,.F.);
#2747=ORIENTED_EDGE('',*,*,#1963,.T.);
#2748=ORIENTED_EDGE('',*,*,#1964,.T.);
#2749=ORIENTED_EDGE('',*,*,#1965,.T.);
#2750=ORIENTED_EDGE('',*,*,#1964,.F.);
#2751=ORIENTED_EDGE('',*,*,#1965,.F.);
#2752=ORIENTED_EDGE('',*,*,#1966,.T.);
#2753=ORIENTED_EDGE('',*,*,#1635,.F.);
#2754=ORIENTED_EDGE('',*,*,#1632,.F.);
#2755=ORIENTED_EDGE('',*,*,#1629,.F.);
#2756=ORIENTED_EDGE('',*,*,#1626,.F.);
#2757=ORIENTED_EDGE('',*,*,#1636,.F.);
#2758=ORIENTED_EDGE('',*,*,#1966,.F.);
#2759=ORIENTED_EDGE('',*,*,#1967,.T.);
#2760=ORIENTED_EDGE('',*,*,#1575,.T.);
#2761=ORIENTED_EDGE('',*,*,#1968,.T.);
#2762=ORIENTED_EDGE('',*,*,#1969,.T.);
#2763=ORIENTED_EDGE('',*,*,#1967,.F.);
#2764=ORIENTED_EDGE('',*,*,#1970,.T.);
#2765=ORIENTED_EDGE('',*,*,#1650,.T.);
#2766=ORIENTED_EDGE('',*,*,#1576,.T.);
#2767=ORIENTED_EDGE('',*,*,#1562,.F.);
#2768=ORIENTED_EDGE('',*,*,#1971,.T.);
#2769=ORIENTED_EDGE('',*,*,#1968,.F.);
#2770=ORIENTED_EDGE('',*,*,#1574,.T.);
#2771=ORIENTED_EDGE('',*,*,#1579,.F.);
#2772=ORIENTED_EDGE('',*,*,#1969,.F.);
#2773=ORIENTED_EDGE('',*,*,#1972,.F.);
#2774=ORIENTED_EDGE('',*,*,#1973,.F.);
#2775=ORIENTED_EDGE('',*,*,#1974,.F.);
#2776=ORIENTED_EDGE('',*,*,#1561,.F.);
#2777=ORIENTED_EDGE('',*,*,#1975,.T.);
#2778=ORIENTED_EDGE('',*,*,#1976,.F.);
#2779=ORIENTED_EDGE('',*,*,#1977,.F.);
#2780=ORIENTED_EDGE('',*,*,#1972,.T.);
#2781=ORIENTED_EDGE('',*,*,#1971,.F.);
#2782=ORIENTED_EDGE('',*,*,#1978,.T.);
#2783=ORIENTED_EDGE('',*,*,#1979,.T.);
#2784=ORIENTED_EDGE('',*,*,#1980,.T.);
#2785=ORIENTED_EDGE('',*,*,#1977,.T.);
#2786=ORIENTED_EDGE('',*,*,#1981,.T.);
#2787=ORIENTED_EDGE('',*,*,#1973,.T.);
#2788=ORIENTED_EDGE('',*,*,#1980,.F.);
#2789=ORIENTED_EDGE('',*,*,#1982,.T.);
#2790=ORIENTED_EDGE('',*,*,#1983,.T.);
#2791=ORIENTED_EDGE('',*,*,#1984,.T.);
#2792=ORIENTED_EDGE('',*,*,#1981,.F.);
#2793=ORIENTED_EDGE('',*,*,#1985,.T.);
#2794=ORIENTED_EDGE('',*,*,#1986,.F.);
#2795=ORIENTED_EDGE('',*,*,#1987,.T.);
#2796=ORIENTED_EDGE('',*,*,#1978,.F.);
#2797=ORIENTED_EDGE('',*,*,#1976,.T.);
#2798=ORIENTED_EDGE('',*,*,#1988,.F.);
#2799=ORIENTED_EDGE('',*,*,#1648,.F.);
#2800=ORIENTED_EDGE('',*,*,#1989,.F.);
#2801=ORIENTED_EDGE('',*,*,#1990,.F.);
#2802=ORIENTED_EDGE('',*,*,#1991,.T.);
#2803=ORIENTED_EDGE('',*,*,#1983,.F.);
#2804=ORIENTED_EDGE('',*,*,#1992,.T.);
#2805=ORIENTED_EDGE('',*,*,#1993,.F.);
#2806=ORIENTED_EDGE('',*,*,#1641,.F.);
#2807=ORIENTED_EDGE('',*,*,#1646,.F.);
#2808=ORIENTED_EDGE('',*,*,#1566,.F.);
#2809=ORIENTED_EDGE('',*,*,#1607,.T.);
#2810=ORIENTED_EDGE('',*,*,#1994,.T.);
#2811=ORIENTED_EDGE('',*,*,#1989,.T.);
#2812=ORIENTED_EDGE('',*,*,#1647,.T.);
#2813=ORIENTED_EDGE('',*,*,#1970,.F.);
#2814=ORIENTED_EDGE('',*,*,#1974,.T.);
#2815=ORIENTED_EDGE('',*,*,#1984,.F.);
#2816=ORIENTED_EDGE('',*,*,#1991,.F.);
#2817=ORIENTED_EDGE('',*,*,#1995,.T.);
#2818=ORIENTED_EDGE('',*,*,#1644,.T.);
#2819=ORIENTED_EDGE('',*,*,#1990,.T.);
#2820=ORIENTED_EDGE('',*,*,#1645,.F.);
#2821=ORIENTED_EDGE('',*,*,#1995,.F.);
#2822=ORIENTED_EDGE('',*,*,#1979,.F.);
#2823=ORIENTED_EDGE('',*,*,#1996,.F.);
#2824=ORIENTED_EDGE('',*,*,#1997,.F.);
#2825=ORIENTED_EDGE('',*,*,#1985,.F.);
#2826=ORIENTED_EDGE('',*,*,#1982,.F.);
#2827=ORIENTED_EDGE('',*,*,#1560,.F.);
#2828=ORIENTED_EDGE('',*,*,#1649,.F.);
#2829=ORIENTED_EDGE('',*,*,#1988,.T.);
#2830=ORIENTED_EDGE('',*,*,#1975,.F.);
#2831=ORIENTED_EDGE('',*,*,#1987,.F.);
#2832=ORIENTED_EDGE('',*,*,#1998,.T.);
#2833=ORIENTED_EDGE('',*,*,#1999,.T.);
#2834=ORIENTED_EDGE('',*,*,#1996,.T.);
#2835=ORIENTED_EDGE('',*,*,#1992,.F.);
#2836=ORIENTED_EDGE('',*,*,#1997,.T.);
#2837=ORIENTED_EDGE('',*,*,#1999,.F.);
#2838=ORIENTED_EDGE('',*,*,#2000,.T.);
#2839=ORIENTED_EDGE('',*,*,#1986,.T.);
#2840=ORIENTED_EDGE('',*,*,#1994,.F.);
#2841=ORIENTED_EDGE('',*,*,#1606,.T.);
#2842=ORIENTED_EDGE('',*,*,#1642,.T.);
#2843=ORIENTED_EDGE('',*,*,#1993,.T.);
#2844=ORIENTED_EDGE('',*,*,#2000,.F.);
#2845=ORIENTED_EDGE('',*,*,#1998,.F.);
#2846=ORIENTED_EDGE('',*,*,#1915,.F.);
#2847=ORIENTED_EDGE('',*,*,#1927,.T.);
#2848=ORIENTED_EDGE('',*,*,#1921,.F.);
#2849=ORIENTED_EDGE('',*,*,#1918,.F.);
#2850=ORIENTED_EDGE('',*,*,#1926,.F.);
#2851=ORIENTED_EDGE('',*,*,#2001,.T.);
#2852=ORIENTED_EDGE('',*,*,#1923,.F.);
#2853=ORIENTED_EDGE('',*,*,#1900,.F.);
#2854=ORIENTED_EDGE('',*,*,#1800,.F.);
#2855=ORIENTED_EDGE('',*,*,#1846,.T.);
#2856=ORIENTED_EDGE('',*,*,#1849,.T.);
#2857=ORIENTED_EDGE('',*,*,#1902,.F.);
#2858=ORIENTED_EDGE('',*,*,#1916,.F.);
#2859=ORIENTED_EDGE('',*,*,#1898,.F.);
#2860=ORIENTED_EDGE('',*,*,#1924,.F.);
#2861=ORIENTED_EDGE('',*,*,#2002,.T.);
#2862=ORIENTED_EDGE('',*,*,#1824,.F.);
#2863=ORIENTED_EDGE('',*,*,#2003,.T.);
#2864=ORIENTED_EDGE('',*,*,#1925,.F.);
#2865=ORIENTED_EDGE('',*,*,#1920,.F.);
#2866=ORIENTED_EDGE('',*,*,#1922,.F.);
#2867=ORIENTED_EDGE('',*,*,#1914,.F.);
#2868=ORIENTED_EDGE('',*,*,#2004,.T.);
#2869=ORIENTED_EDGE('',*,*,#2005,.T.);
#2870=ORIENTED_EDGE('',*,*,#1823,.F.);
#2871=ORIENTED_EDGE('',*,*,#2006,.F.);
#2872=ORIENTED_EDGE('',*,*,#1600,.T.);
#2873=ORIENTED_EDGE('',*,*,#1844,.F.);
#2874=ORIENTED_EDGE('',*,*,#1775,.F.);
#2875=ORIENTED_EDGE('',*,*,#2002,.F.);
#2876=ORIENTED_EDGE('',*,*,#2001,.F.);
#2877=ORIENTED_EDGE('',*,*,#2003,.F.);
#2878=ORIENTED_EDGE('',*,*,#1928,.F.);
#2879=ORIENTED_EDGE('',*,*,#2007,.T.);
#2880=ORIENTED_EDGE('',*,*,#1724,.T.);
#2881=ORIENTED_EDGE('',*,*,#2007,.F.);
#2882=ORIENTED_EDGE('',*,*,#1810,.F.);
#2883=ORIENTED_EDGE('',*,*,#2008,.T.);
#2884=ORIENTED_EDGE('',*,*,#2004,.F.);
#2885=ORIENTED_EDGE('',*,*,#1911,.F.);
#2886=ORIENTED_EDGE('',*,*,#1850,.F.);
#2887=ORIENTED_EDGE('',*,*,#1814,.F.);
#2888=ORIENTED_EDGE('',*,*,#2005,.F.);
#2889=ORIENTED_EDGE('',*,*,#2008,.F.);
#2890=ORIENTED_EDGE('',*,*,#1812,.F.);
#2891=ORIENTED_EDGE('',*,*,#1821,.F.);
#2892=ORIENTED_EDGE('',*,*,#1960,.T.);
#2893=ORIENTED_EDGE('',*,*,#1601,.T.);
#2894=ORIENTED_EDGE('',*,*,#2006,.T.);
#2895=ORIENTED_EDGE('',*,*,#1816,.F.);
#2896=ORIENTED_EDGE('',*,*,#1662,.T.);
#2897=ORIENTED_EDGE('',*,*,#1603,.T.);
#2898=ORIENTED_EDGE('',*,*,#1959,.T.);
#2899=ORIENTED_EDGE('',*,*,#1756,.F.);
#2900=ORIENTED_EDGE('',*,*,#1759,.T.);
#2901=ORIENTED_EDGE('',*,*,#1614,.T.);
#2902=ORIENTED_EDGE('',*,*,#2009,.F.);
#2903=ORIENTED_EDGE('',*,*,#1676,.F.);
#2904=ORIENTED_EDGE('',*,*,#2010,.T.);
#2905=ORIENTED_EDGE('',*,*,#1619,.T.);
#2906=ORIENTED_EDGE('',*,*,#1684,.F.);
#2907=ORIENTED_EDGE('',*,*,#1634,.T.);
#2908=ORIENTED_EDGE('',*,*,#2011,.T.);
#2909=ORIENTED_EDGE('',*,*,#1723,.T.);
#2910=ORIENTED_EDGE('',*,*,#2011,.F.);
#2911=ORIENTED_EDGE('',*,*,#1633,.T.);
#2912=ORIENTED_EDGE('',*,*,#1631,.T.);
#2913=ORIENTED_EDGE('',*,*,#2012,.T.);
#2914=ORIENTED_EDGE('',*,*,#1726,.T.);
#2915=ORIENTED_EDGE('',*,*,#2012,.F.);
#2916=ORIENTED_EDGE('',*,*,#1630,.T.);
#2917=ORIENTED_EDGE('',*,*,#1628,.T.);
#2918=ORIENTED_EDGE('',*,*,#2013,.T.);
#2919=ORIENTED_EDGE('',*,*,#1727,.T.);
#2920=ORIENTED_EDGE('',*,*,#2013,.F.);
#2921=ORIENTED_EDGE('',*,*,#1627,.T.);
#2922=ORIENTED_EDGE('',*,*,#1625,.T.);
#2923=ORIENTED_EDGE('',*,*,#2014,.T.);
#2924=ORIENTED_EDGE('',*,*,#1725,.T.);
#2925=ORIENTED_EDGE('',*,*,#2014,.F.);
#2926=ORIENTED_EDGE('',*,*,#1637,.T.);
#2927=ORIENTED_EDGE('',*,*,#1745,.F.);
#2928=ORIENTED_EDGE('',*,*,#1748,.T.);
#2929=ORIENTED_EDGE('',*,*,#1609,.T.);
#2930=ORIENTED_EDGE('',*,*,#2015,.F.);
#2931=ORIENTED_EDGE('',*,*,#1743,.F.);
#2932=ORIENTED_EDGE('',*,*,#2015,.T.);
#2933=ORIENTED_EDGE('',*,*,#1612,.T.);
#2934=ORIENTED_EDGE('',*,*,#1749,.F.);
#2935=ORIENTED_EDGE('',*,*,#1754,.F.);
#2936=ORIENTED_EDGE('',*,*,#2009,.T.);
#2937=ORIENTED_EDGE('',*,*,#1613,.T.);
#2938=ORIENTED_EDGE('',*,*,#1760,.F.);
#2939=ORIENTED_EDGE('',*,*,#1679,.F.);
#2940=ORIENTED_EDGE('',*,*,#1683,.T.);
#2941=ORIENTED_EDGE('',*,*,#1620,.T.);
#2942=ORIENTED_EDGE('',*,*,#2010,.F.);
#2943=ORIENTED_EDGE('',*,*,#1767,.F.);
#2944=ORIENTED_EDGE('',*,*,#1770,.T.);
#2945=ORIENTED_EDGE('',*,*,#1621,.T.);
#2946=ORIENTED_EDGE('',*,*,#2016,.F.);
#2947=ORIENTED_EDGE('',*,*,#1765,.F.);
#2948=ORIENTED_EDGE('',*,*,#2016,.T.);
#2949=ORIENTED_EDGE('',*,*,#1624,.T.);
#2950=ORIENTED_EDGE('',*,*,#1771,.F.);
#2951=B_SPLINE_SURFACE_WITH_KNOTS('',3,3,((#4366,#4367,#4368,#4369,#4370,
#4371,#4372,#4373,#4374),(#4375,#4376,#4377,#4378,#4379,#4380,#4381,#4382,
#4383),(#4384,#4385,#4386,#4387,#4388,#4389,#4390,#4391,#4392),(#4393,#4394,
#4395,#4396,#4397,#4398,#4399,#4400,#4401)),.UNSPECIFIED.,.F.,.F.,.F.,(4,
4),(4,1,1,1,1,1,4),(0.,1.),(0.0588405676857363,0.111442440600367,0.216646186429628,
0.269248059344259,0.321849932258889,0.37445180517352,0.42705367808815),
 .UNSPECIFIED.);
#2952=B_SPLINE_SURFACE_WITH_KNOTS('',3,3,((#4566,#4567,#4568,#4569,#4570,
#4571),(#4572,#4573,#4574,#4575,#4576,#4577),(#4578,#4579,#4580,#4581,#4582,
#4583),(#4584,#4585,#4586,#4587,#4588,#4589)),.UNSPECIFIED.,.F.,.F.,.F.,
(4,4),(4,1,1,4),(0.,0.244949710737656),(-1.19560758955009,-1.12204033294885,
-1.04847307634762,-0.938122191445768),.UNSPECIFIED.);
#2953=B_SPLINE_SURFACE_WITH_KNOTS('',3,3,((#4624,#4625,#4626,#4627,#4628,
#4629,#4630,#4631,#4632),(#4633,#4634,#4635,#4636,#4637,#4638,#4639,#4640,
#4641),(#4642,#4643,#4644,#4645,#4646,#4647,#4648,#4649,#4650),(#4651,#4652,
#4653,#4654,#4655,#4656,#4657,#4658,#4659)),.UNSPECIFIED.,.F.,.F.,.F.,(4,
4),(4,1,1,1,1,1,4),(0.,0.734250993296491),(0.353192702966968,0.596484223462021,
0.718129983709548,0.839775743957075,0.961421504204602,1.08306726445213,
1.20471302469966),.UNSPECIFIED.);
#2954=B_SPLINE_SURFACE_WITH_KNOTS('',3,3,((#4732,#4733,#4734,#4735,#4736,
#4737),(#4738,#4739,#4740,#4741,#4742,#4743),(#4744,#4745,#4746,#4747,#4748,
#4749),(#4750,#4751,#4752,#4753,#4754,#4755)),.UNSPECIFIED.,.F.,.F.,.F.,
(4,4),(4,1,1,4),(0.755050289262343,1.),(0.68033000125723,0.79081236848089,
0.86446727996333,0.938122191445769),.UNSPECIFIED.);
#2955=B_SPLINE_SURFACE_WITH_KNOTS('',3,3,((#5025,#5026,#5027,#5028,#5029,
#5030,#5031,#5032,#5033,#5034,#5035,#5036,#5037,#5038,#5039,#5040,#5041,
#5042,#5043,#5044,#5045,#5046,#5047,#5048,#5049,#5050,#5051,#5052),(#5053,
#5054,#5055,#5056,#5057,#5058,#5059,#5060,#5061,#5062,#5063,#5064,#5065,
#5066,#5067,#5068,#5069,#5070,#5071,#5072,#5073,#5074,#5075,#5076,#5077,
#5078,#5079,#5080),(#5081,#5082,#5083,#5084,#5085,#5086,#5087,#5088,#5089,
#5090,#5091,#5092,#5093,#5094,#5095,#5096,#5097,#5098,#5099,#5100,#5101,
#5102,#5103,#5104,#5105,#5106,#5107,#5108),(#5109,#5110,#5111,#5112,#5113,
#5114,#5115,#5116,#5117,#5118,#5119,#5120,#5121,#5122,#5123,#5124,#5125,
#5126,#5127,#5128,#5129,#5130,#5131,#5132,#5133,#5134,#5135,#5136)),
 .UNSPECIFIED.,.F.,.F.,.F.,(4,4),(4,1,1,1,1,1,1,1,1,1,1,1,1,1,1,1,1,1,1,
1,1,1,1,1,1,4),(0.,1.),(0.208801634708402,0.208820447486319,0.208839260264236,
0.208876885820071,0.208952136931739,0.209102639155077,0.209253141378414,
0.209403643601752,0.210005652495102,0.210607661388452,0.211209670281801,
0.211811679175151,0.212413688068501,0.213617705855201,0.216025741428601,
0.217229759215301,0.218433777002,0.2208418125754,0.2232498481488,0.228065919295599,
0.232881990442398,0.237698061589197,0.247330203882796,0.256962346176394,
0.266594488469993,0.276226630763591),.UNSPECIFIED.);
#2956=B_SPLINE_SURFACE_WITH_KNOTS('',3,3,((#5530,#5531,#5532,#5533,#5534,
#5535,#5536,#5537,#5538,#5539,#5540,#5541,#5542,#5543,#5544,#5545,#5546,
#5547,#5548,#5549,#5550,#5551,#5552,#5553,#5554,#5555,#5556),(#5557,#5558,
#5559,#5560,#5561,#5562,#5563,#5564,#5565,#5566,#5567,#5568,#5569,#5570,
#5571,#5572,#5573,#5574,#5575,#5576,#5577,#5578,#5579,#5580,#5581,#5582,
#5583),(#5584,#5585,#5586,#5587,#5588,#5589,#5590,#5591,#5592,#5593,#5594,
#5595,#5596,#5597,#5598,#5599,#5600,#5601,#5602,#5603,#5604,#5605,#5606,
#5607,#5608,#5609,#5610),(#5611,#5612,#5613,#5614,#5615,#5616,#5617,#5618,
#5619,#5620,#5621,#5622,#5623,#5624,#5625,#5626,#5627,#5628,#5629,#5630,
#5631,#5632,#5633,#5634,#5635,#5636,#5637)),.UNSPECIFIED.,.F.,.F.,.F.,(4,
4),(4,1,1,1,1,1,1,1,1,1,1,1,1,1,1,1,1,1,1,1,1,1,1,1,4),(0.,1.),(0.208803436329328,
0.208822248604561,0.208841060879794,0.208878685430259,0.20895393453119,
0.209104432733053,0.209254930934915,0.209405429136777,0.210007421944226,
0.211211407559123,0.212415393174021,0.213619378788919,0.216027350018714,
0.217231335633611,0.218435321248509,0.219639306863406,0.220843292478304,
0.228067206167689,0.232883148627279,0.23769909108687,0.240107062316665,
0.24733097600605,0.256962860925231,0.266594745844411,0.276226630763592),
 .UNSPECIFIED.);
#2957=B_SPLINE_SURFACE_WITH_KNOTS('',3,3,((#5732,#5733,#5734,#5735,#5736,
#5737),(#5738,#5739,#5740,#5741,#5742,#5743),(#5744,#5745,#5746,#5747,#5748,
#5749),(#5750,#5751,#5752,#5753,#5754,#5755)),.UNSPECIFIED.,.F.,.F.,.F.,
(4,4),(4,1,1,4),(0.,1.),(-0.276226630763591,-0.243345811239607,-0.231015503918112,
-0.218685196596618),.UNSPECIFIED.);
#2958=B_SPLINE_SURFACE_WITH_KNOTS('',3,3,((#5803,#5804,#5805,#5806,#5807,
#5808,#5809),(#5810,#5811,#5812,#5813,#5814,#5815,#5816),(#5817,#5818,#5819,
#5820,#5821,#5822,#5823),(#5824,#5825,#5826,#5827,#5828,#5829,#5830)),
 .UNSPECIFIED.,.F.,.F.,.F.,(4,4),(4,1,1,1,4),(0.,1.),(-0.276226630763591,
-0.251566016120603,-0.23512560635861,-0.226905401477614,-0.218685196596618),
 .UNSPECIFIED.);
#2959=B_SPLINE_SURFACE_WITH_KNOTS('',3,3,((#5922,#5923,#5924,#5925,#5926,
#5927,#5928),(#5929,#5930,#5931,#5932,#5933,#5934,#5935),(#5936,#5937,#5938,
#5939,#5940,#5941,#5942),(#5943,#5944,#5945,#5946,#5947,#5948,#5949),(#5950,
#5951,#5952,#5953,#5954,#5955,#5956)),.UNSPECIFIED.,.F.,.F.,.F.,(4,1,4),
(4,1,1,1,4),(0.,0.5,1.),(0.0553393493924126,0.0929182363306497,0.130497123268887,
0.205654897145361,0.318391557960073),.UNSPECIFIED.);
#2960=B_SPLINE_SURFACE_WITH_KNOTS('',3,3,((#5977,#5978,#5979,#5980,#5981,
#5982,#5983,#5984),(#5985,#5986,#5987,#5988,#5989,#5990,#5991,#5992),(#5993,
#5994,#5995,#5996,#5997,#5998,#5999,#6000),(#6001,#6002,#6003,#6004,#6005,
#6006,#6007,#6008),(#6009,#6010,#6011,#6012,#6013,#6014,#6015,#6016)),
 .UNSPECIFIED.,.F.,.F.,.F.,(4,1,4),(4,1,1,1,1,4),(0.,0.5,1.),(0.0525878411890128,
0.0929374860748412,0.13328713096067,0.187086657475107,0.213986420732326,
0.240886183989545),.UNSPECIFIED.);
#2961=B_SPLINE_SURFACE_WITH_KNOTS('',3,3,((#6110,#6111,#6112,#6113),(#6114,
#6115,#6116,#6117),(#6118,#6119,#6120,#6121),(#6122,#6123,#6124,#6125)),
 .UNSPECIFIED.,.F.,.F.,.F.,(4,4),(4,4),(0.,1.),(0.302815493541749,0.348087340152272),
 .UNSPECIFIED.);
#2962=B_SPLINE_SURFACE_WITH_KNOTS('',3,3,((#6174,#6175,#6176,#6177),(#6178,
#6179,#6180,#6181),(#6182,#6183,#6184,#6185),(#6186,#6187,#6188,#6189)),
 .UNSPECIFIED.,.F.,.F.,.F.,(4,4),(4,4),(0.,1.),(0.0961085726934676,0.141380458597971),
 .UNSPECIFIED.);
#2963=B_SPLINE_SURFACE_WITH_KNOTS('',3,3,((#6232,#6233,#6234,#6235,#6236,
#6237,#6238,#6239,#6240),(#6241,#6242,#6243,#6244,#6245,#6246,#6247,#6248,
#6249),(#6250,#6251,#6252,#6253,#6254,#6255,#6256,#6257,#6258),(#6259,#6260,
#6261,#6262,#6263,#6264,#6265,#6266,#6267)),.UNSPECIFIED.,.F.,.F.,.F.,(4,
4),(4,2,2,1,4),(0.,1.),(0.0445608671908459,0.0618978182328548,0.120612022667798,
0.179383687829155,0.238155352990512),.UNSPECIFIED.);
#2964=B_SPLINE_SURFACE_WITH_KNOTS('',3,3,((#6323,#6324,#6325,#6326),(#6327,
#6328,#6329,#6330),(#6331,#6332,#6333,#6334),(#6335,#6336,#6337,#6338)),
 .UNSPECIFIED.,.F.,.F.,.F.,(4,4),(4,4),(0.,1.),(0.346580133542788,0.409924807501147),
 .UNSPECIFIED.);
#2965=B_SPLINE_SURFACE_WITH_KNOTS('',3,3,((#6347,#6348,#6349,#6350,#6351,
#6352),(#6353,#6354,#6355,#6356,#6357,#6358),(#6359,#6360,#6361,#6362,#6363,
#6364),(#6365,#6366,#6367,#6368,#6369,#6370)),.UNSPECIFIED.,.F.,.F.,.F.,
(4,4),(4,2,4),(0.,1.),(0.616852972585175,0.701491685682095,0.817370929578987),
 .UNSPECIFIED.);
#2966=B_SPLINE_SURFACE_WITH_KNOTS('',3,3,((#6392,#6393,#6394,#6395),(#6396,
#6397,#6398,#6399),(#6400,#6401,#6402,#6403),(#6404,#6405,#6406,#6407)),
 .UNSPECIFIED.,.F.,.F.,.F.,(4,4),(4,4),(0.,1.),(-0.409924807501148,-0.346580133542784),
 .UNSPECIFIED.);
#2967=B_SPLINE_SURFACE_WITH_KNOTS('',3,3,((#6416,#6417,#6418,#6419),(#6420,
#6421,#6422,#6423),(#6424,#6425,#6426,#6427),(#6428,#6429,#6430,#6431)),
 .UNSPECIFIED.,.F.,.F.,.F.,(4,4),(4,4),(0.,1.),(0.,1.),.UNSPECIFIED.);
#2968=B_SPLINE_SURFACE_WITH_KNOTS('',3,3,((#6441,#6442,#6443,#6444),(#6445,
#6446,#6447,#6448),(#6449,#6450,#6451,#6452),(#6453,#6454,#6455,#6456)),
 .UNSPECIFIED.,.F.,.F.,.F.,(4,4),(4,4),(0.,1.),(0.,1.),.UNSPECIFIED.);
#2969=B_SPLINE_SURFACE_WITH_KNOTS('',3,3,((#6606,#6607,#6608,#6609,#6610,
#6611,#6612,#6613,#6614,#6615,#6616,#6617),(#6618,#6619,#6620,#6621,#6622,
#6623,#6624,#6625,#6626,#6627,#6628,#6629),(#6630,#6631,#6632,#6633,#6634,
#6635,#6636,#6637,#6638,#6639,#6640,#6641),(#6642,#6643,#6644,#6645,#6646,
#6647,#6648,#6649,#6650,#6651,#6652,#6653),(#6654,#6655,#6656,#6657,#6658,
#6659,#6660,#6661,#6662,#6663,#6664,#6665)),.UNSPECIFIED.,.F.,.F.,.F.,(4,
1,4),(4,1,1,1,1,1,1,1,1,4),(0.,0.571428571428571,1.),(-0.187963604587419,
-0.179041032106569,-0.161195887144869,-0.152273314664019,-0.134428169702319,
-0.116583024740619,-0.0808927348172197,-0.0452024448938199,0.00833298999127964,
0.0618684248763792),.UNSPECIFIED.);
#2970=B_SPLINE_SURFACE_WITH_KNOTS('',3,3,((#6713,#6714,#6715,#6716,#6717,
#6718,#6719,#6720,#6721,#6722),(#6723,#6724,#6725,#6726,#6727,#6728,#6729,
#6730,#6731,#6732),(#6733,#6734,#6735,#6736,#6737,#6738,#6739,#6740,#6741,
#6742),(#6743,#6744,#6745,#6746,#6747,#6748,#6749,#6750,#6751,#6752),(#6753,
#6754,#6755,#6756,#6757,#6758,#6759,#6760,#6761,#6762)),.UNSPECIFIED.,.F.,
 .F.,.F.,(4,1,4),(4,1,1,1,1,1,1,4),(0.,0.571428571428571,1.),(0.,0.0143375434792612,
0.0430126304377835,0.0573501739170447,0.114700347834089,0.172050521751134,
0.286750869585224,0.401451217419313),.UNSPECIFIED.);
#2971=B_SPLINE_SURFACE_WITH_KNOTS('',3,3,((#6831,#6832,#6833,#6834,#6835,
#6836),(#6837,#6838,#6839,#6840,#6841,#6842),(#6843,#6844,#6845,#6846,#6847,
#6848),(#6849,#6850,#6851,#6852,#6853,#6854),(#6855,#6856,#6857,#6858,#6859,
#6860)),.UNSPECIFIED.,.F.,.F.,.F.,(4,1,4),(4,1,1,4),(0.,0.5,1.),(0.644270874065787,
0.723180087601395,0.775786229958466,0.828392372315538),.UNSPECIFIED.);
#2972=B_SPLINE_SURFACE_WITH_KNOTS('',3,3,((#6873,#6874,#6875,#6876,#6877,
#6878),(#6879,#6880,#6881,#6882,#6883,#6884),(#6885,#6886,#6887,#6888,#6889,
#6890),(#6891,#6892,#6893,#6894,#6895,#6896),(#6897,#6898,#6899,#6900,#6901,
#6902)),.UNSPECIFIED.,.F.,.F.,.F.,(4,1,4),(4,1,1,4),(0.,0.5,1.),(0.460149410393971,
0.512755542871633,0.565361675349295,0.644270874065788),.UNSPECIFIED.);
#2973=ADVANCED_FACE('',(#781),#2951,.F.);
#2974=ADVANCED_FACE('',(#782),#740,.T.);
#2975=ADVANCED_FACE('',(#783),#741,.T.);
#2976=ADVANCED_FACE('',(#784),#2952,.F.);
#2977=ADVANCED_FACE('',(#785),#2953,.T.);
#2978=ADVANCED_FACE('',(#786),#105,.T.);
#2979=ADVANCED_FACE('',(#787),#62,.T.);
#2980=ADVANCED_FACE('',(#788),#742,.T.);
#2981=ADVANCED_FACE('',(#789),#2954,.F.);
#2982=ADVANCED_FACE('',(#790,#34,#35,#36,#37,#38,#39,#40,#41),#106,.T.);
#2983=ADVANCED_FACE('',(#791),#24,.F.);
#2984=ADVANCED_FACE('',(#792),#743,.T.);
#2985=ADVANCED_FACE('',(#793),#744,.T.);
#2986=ADVANCED_FACE('',(#794),#63,.T.);
#2987=ADVANCED_FACE('',(#795),#745,.F.);
#2988=ADVANCED_FACE('',(#796),#107,.T.);
#2989=ADVANCED_FACE('',(#797),#64,.T.);
#2990=ADVANCED_FACE('',(#798),#2955,.T.);
#2991=ADVANCED_FACE('',(#799),#746,.T.);
#2992=ADVANCED_FACE('',(#800),#108,.T.);
#2993=ADVANCED_FACE('',(#801),#109,.T.);
#2994=ADVANCED_FACE('',(#802),#110,.T.);
#2995=ADVANCED_FACE('',(#803),#111,.T.);
#2996=ADVANCED_FACE('',(#804),#112,.T.);
#2997=ADVANCED_FACE('',(#805),#113,.T.);
#2998=ADVANCED_FACE('',(#806,#42,#43,#44,#45,#46,#47,#48,#49,#50,#51,#52,
#53,#54,#55),#114,.T.);
#2999=ADVANCED_FACE('',(#807),#65,.F.);
#3000=ADVANCED_FACE('',(#808),#747,.F.);
#3001=ADVANCED_FACE('',(#809),#115,.T.);
#3002=ADVANCED_FACE('',(#810),#116,.T.);
#3003=ADVANCED_FACE('',(#811),#117,.T.);
#3004=ADVANCED_FACE('',(#812),#118,.T.);
#3005=ADVANCED_FACE('',(#813),#119,.T.);
#3006=ADVANCED_FACE('',(#814),#120,.T.);
#3007=ADVANCED_FACE('',(#815),#121,.T.);
#3008=ADVANCED_FACE('',(#816),#122,.T.);
#3009=ADVANCED_FACE('',(#817),#123,.T.);
#3010=ADVANCED_FACE('',(#818),#124,.T.);
#3011=ADVANCED_FACE('',(#819),#125,.T.);
#3012=ADVANCED_FACE('',(#820),#126,.T.);
#3013=ADVANCED_FACE('',(#821),#127,.T.);
#3014=ADVANCED_FACE('',(#822),#128,.T.);
#3015=ADVANCED_FACE('',(#823),#129,.T.);
#3016=ADVANCED_FACE('',(#824),#130,.T.);
#3017=ADVANCED_FACE('',(#825),#131,.T.);
#3018=ADVANCED_FACE('',(#826),#132,.T.);
#3019=ADVANCED_FACE('',(#827),#66,.T.);
#3020=ADVANCED_FACE('',(#828),#133,.T.);
#3021=ADVANCED_FACE('',(#829),#67,.T.);
#3022=ADVANCED_FACE('',(#830),#68,.F.);
#3023=ADVANCED_FACE('',(#831),#134,.T.);
#3024=ADVANCED_FACE('',(#832),#69,.T.);
#3025=ADVANCED_FACE('',(#833),#135,.T.);
#3026=ADVANCED_FACE('',(#834),#70,.F.);
#3027=ADVANCED_FACE('',(#835),#71,.T.);
#3028=ADVANCED_FACE('',(#836),#72,.F.);
#3029=ADVANCED_FACE('',(#837),#136,.T.);
#3030=ADVANCED_FACE('',(#838),#73,.T.);
#3031=ADVANCED_FACE('',(#839),#137,.T.);
#3032=ADVANCED_FACE('',(#840),#74,.F.);
#3033=ADVANCED_FACE('',(#841),#75,.T.);
#3034=ADVANCED_FACE('',(#842),#2956,.T.);
#3035=ADVANCED_FACE('',(#843),#76,.T.);
#3036=ADVANCED_FACE('',(#844),#2957,.T.);
#3037=ADVANCED_FACE('',(#845),#77,.T.);
#3038=ADVANCED_FACE('',(#846),#138,.T.);
#3039=ADVANCED_FACE('',(#847),#78,.T.);
#3040=ADVANCED_FACE('',(#848),#139,.T.);
#3041=ADVANCED_FACE('',(#849),#79,.T.);
#3042=ADVANCED_FACE('',(#850),#80,.F.);
#3043=ADVANCED_FACE('',(#851),#81,.T.);
#3044=ADVANCED_FACE('',(#852),#82,.F.);
#3045=ADVANCED_FACE('',(#853),#83,.T.);
#3046=ADVANCED_FACE('',(#854),#2958,.T.);
#3047=ADVANCED_FACE('',(#855),#748,.F.);
#3048=ADVANCED_FACE('',(#856),#140,.T.);
#3049=ADVANCED_FACE('',(#857),#749,.T.);
#3050=ADVANCED_FACE('',(#858),#141,.T.);
#3051=ADVANCED_FACE('',(#859),#750,.F.);
#3052=ADVANCED_FACE('',(#860),#751,.T.);
#3053=ADVANCED_FACE('',(#861),#752,.F.);
#3054=ADVANCED_FACE('',(#862),#142,.T.);
#3055=ADVANCED_FACE('',(#863),#753,.T.);
#3056=ADVANCED_FACE('',(#864),#143,.T.);
#3057=ADVANCED_FACE('',(#865),#754,.F.);
#3058=ADVANCED_FACE('',(#866),#84,.T.);
#3059=ADVANCED_FACE('',(#867),#144,.T.);
#3060=ADVANCED_FACE('',(#868),#755,.T.);
#3061=ADVANCED_FACE('',(#869),#2959,.T.);
#3062=ADVANCED_FACE('',(#870),#2960,.T.);
#3063=ADVANCED_FACE('',(#871),#25,.T.);
#3064=ADVANCED_FACE('',(#872),#16,.F.);
#3065=ADVANCED_FACE('',(#873),#756,.F.);
#3066=ADVANCED_FACE('',(#874),#26,.F.);
#3067=ADVANCED_FACE('',(#875),#17,.F.);
#3068=ADVANCED_FACE('',(#876),#27,.F.);
#3069=ADVANCED_FACE('',(#877),#28,.F.);
#3070=ADVANCED_FACE('',(#878),#757,.F.);
#3071=ADVANCED_FACE('',(#879),#758,.T.);
#3072=ADVANCED_FACE('',(#880),#759,.T.);
#3073=ADVANCED_FACE('',(#881),#2961,.T.);
#3074=ADVANCED_FACE('',(#882),#85,.T.);
#3075=ADVANCED_FACE('',(#883),#2962,.T.);
#3076=ADVANCED_FACE('',(#884),#86,.T.);
#3077=ADVANCED_FACE('',(#885),#87,.F.);
#3078=ADVANCED_FACE('',(#886),#760,.F.);
#3079=ADVANCED_FACE('',(#887,#56),#145,.T.);
#3080=ADVANCED_FACE('',(#888),#146,.T.);
#3081=ADVANCED_FACE('',(#889),#2963,.T.);
#3082=ADVANCED_FACE('',(#890),#88,.F.);
#3083=ADVANCED_FACE('',(#891),#147,.T.);
#3084=ADVANCED_FACE('',(#892),#89,.T.);
#3085=ADVANCED_FACE('',(#893),#148,.T.);
#3086=ADVANCED_FACE('',(#894),#90,.F.);
#3087=ADVANCED_FACE('',(#895),#2964,.T.);
#3088=ADVANCED_FACE('',(#896),#2965,.T.);
#3089=ADVANCED_FACE('',(#897),#2966,.T.);
#3090=ADVANCED_FACE('',(#898),#2967,.F.);
#3091=ADVANCED_FACE('',(#899),#2968,.F.);
#3092=ADVANCED_FACE('',(#900,#57),#149,.F.);
#3093=ADVANCED_FACE('',(#901),#91,.F.);
#3094=ADVANCED_FACE('',(#902,#58),#150,.T.);
#3095=ADVANCED_FACE('',(#903),#761,.F.);
#3096=ADVANCED_FACE('',(#904),#92,.T.);
#3097=ADVANCED_FACE('',(#905),#93,.F.);
#3098=ADVANCED_FACE('',(#906,#59),#151,.T.);
#3099=ADVANCED_FACE('',(#907),#762,.F.);
#3100=ADVANCED_FACE('',(#908),#94,.T.);
#3101=ADVANCED_FACE('',(#909),#95,.T.);
#3102=ADVANCED_FACE('',(#910),#152,.T.);
#3103=ADVANCED_FACE('',(#911),#763,.T.);
#3104=ADVANCED_FACE('',(#912),#96,.T.);
#3105=ADVANCED_FACE('',(#913),#153,.T.);
#3106=ADVANCED_FACE('',(#914),#764,.T.);
#3107=ADVANCED_FACE('',(#915),#97,.F.);
#3108=ADVANCED_FACE('',(#916,#60),#154,.F.);
#3109=ADVANCED_FACE('',(#917),#765,.F.);
#3110=ADVANCED_FACE('',(#918),#98,.T.);
#3111=ADVANCED_FACE('',(#919),#766,.T.);
#3112=ADVANCED_FACE('',(#920),#99,.F.);
#3113=ADVANCED_FACE('',(#921,#61),#155,.T.);
#3114=ADVANCED_FACE('',(#922),#100,.T.);
#3115=ADVANCED_FACE('',(#923),#767,.T.);
#3116=ADVANCED_FACE('',(#924),#101,.F.);
#3117=ADVANCED_FACE('',(#925),#102,.T.);
#3118=ADVANCED_FACE('',(#926),#103,.T.);
#3119=ADVANCED_FACE('',(#927),#768,.F.);
#3120=ADVANCED_FACE('',(#928),#769,.T.);
#3121=ADVANCED_FACE('',(#929),#29,.F.);
#3122=ADVANCED_FACE('',(#930),#15,.T.);
#3123=ADVANCED_FACE('',(#931),#30,.F.);
#3124=ADVANCED_FACE('',(#932),#2969,.T.);
#3125=ADVANCED_FACE('',(#933),#2970,.T.);
#3126=ADVANCED_FACE('',(#934),#31,.F.);
#3127=ADVANCED_FACE('',(#935),#770,.T.);
#3128=ADVANCED_FACE('',(#936),#156,.T.);
#3129=ADVANCED_FACE('',(#937),#157,.T.);
#3130=ADVANCED_FACE('',(#938),#158,.T.);
#3131=ADVANCED_FACE('',(#939),#2971,.F.);
#3132=ADVANCED_FACE('',(#940),#2972,.F.);
#3133=ADVANCED_FACE('',(#941),#32,.F.);
#3134=ADVANCED_FACE('',(#942),#33,.F.);
#3135=ADVANCED_FACE('',(#943),#771,.F.);
#3136=ADVANCED_FACE('',(#944),#772,.F.);
#3137=ADVANCED_FACE('',(#945),#773,.T.);
#3138=ADVANCED_FACE('',(#946),#774,.F.);
#3139=ADVANCED_FACE('',(#947),#159,.T.);
#3140=ADVANCED_FACE('',(#948),#104,.T.);
#3141=ADVANCED_FACE('',(#949),#775,.F.);
#3142=ADVANCED_FACE('',(#950),#776,.F.);
#3143=ADVANCED_FACE('',(#951),#160,.T.);
#3144=ADVANCED_FACE('',(#952),#161,.T.);
#3145=ADVANCED_FACE('',(#953),#777,.F.);
#3146=ADVANCED_FACE('',(#954),#778,.F.);
#3147=ADVANCED_FACE('',(#955),#779,.F.);
#3148=ADVANCED_FACE('',(#956),#780,.F.);
#3149=ADVANCED_FACE('',(#957),#162,.T.);
#3150=ADVANCED_FACE('',(#958),#163,.T.);
#3151=ADVANCED_FACE('',(#959),#164,.T.);
#3152=ADVANCED_FACE('',(#960),#165,.T.);
#3153=ADVANCED_FACE('',(#961),#166,.T.);
#3154=ADVANCED_FACE('',(#962),#167,.T.);
#3155=CLOSED_SHELL('',(#2973,#2974,#2975,#2976,#2977,#2978,#2979,#2980,
#2981,#2982,#2983,#2984,#2985,#2986,#2987,#2988,#2989,#2990,#2991,#2992,
#2993,#2994,#2995,#2996,#2997,#2998,#2999,#3000,#3001,#3002,#3003,#3004,
#3005,#3006,#3007,#3008,#3009,#3010,#3011,#3012,#3013,#3014,#3015,#3016,
#3017,#3018,#3019,#3020,#3021,#3022,#3023,#3024,#3025,#3026,#3027,#3028,
#3029,#3030,#3031,#3032,#3033,#3034,#3035,#3036,#3037,#3038,#3039,#3040,
#3041,#3042,#3043,#3044,#3045,#3046,#3047,#3048,#3049,#3050,#3051,#3052,
#3053,#3054,#3055,#3056,#3057,#3058,#3059,#3060,#3061,#3062,#3063,#3064,
#3065,#3066,#3067,#3068,#3069,#3070,#3071,#3072,#3073,#3074,#3075,#3076,
#3077,#3078,#3079,#3080,#3081,#3082,#3083,#3084,#3085,#3086,#3087,#3088,
#3089,#3090,#3091,#3092,#3093,#3094,#3095,#3096,#3097,#3098,#3099,#3100,
#3101,#3102,#3103,#3104,#3105,#3106,#3107,#3108,#3109,#3110,#3111,#3112,
#3113,#3114,#3115,#3116,#3117,#3118,#3119,#3120,#3121,#3122,#3123,#3124,
#3125,#3126,#3127,#3128,#3129,#3130,#3131,#3132,#3133,#3134,#3135,#3136,
#3137,#3138,#3139,#3140,#3141,#3142,#3143,#3144,#3145,#3146,#3147,#3148,
#3149,#3150,#3151,#3152,#3153,#3154));
#3156=DERIVED_UNIT_ELEMENT(#3158,1.);
#3157=DERIVED_UNIT_ELEMENT(#7029,-3.);
#3158=(
MASS_UNIT()
NAMED_UNIT(*)
SI_UNIT(.KILO.,.GRAM.)
);
#3159=DERIVED_UNIT((#3156,#3157));
#3160=MEASURE_REPRESENTATION_ITEM('density measure',
POSITIVE_RATIO_MEASURE(7850.),#3159);
#3161=PROPERTY_DEFINITION_REPRESENTATION(#3166,#3163);
#3162=PROPERTY_DEFINITION_REPRESENTATION(#3167,#3164);
#3163=REPRESENTATION('material name',(#3165),#7026);
#3164=REPRESENTATION('density',(#3160),#7026);
#3165=DESCRIPTIVE_REPRESENTATION_ITEM('Steel','Steel');
#3166=PROPERTY_DEFINITION('material property','material name',#7036);
#3167=PROPERTY_DEFINITION('material property','density of part',#7036);
#3168=AXIS2_PLACEMENT_3D('',#4365,#3500,#3501);
#3169=AXIS2_PLACEMENT_3D('',#4523,#3502,#3503);
#3170=AXIS2_PLACEMENT_3D('',#4527,#3505,#3506);
#3171=AXIS2_PLACEMENT_3D('',#4529,#3508,#3509);
#3172=AXIS2_PLACEMENT_3D('',#4542,#3510,#3511);
#3173=AXIS2_PLACEMENT_3D('',#4546,#3513,#3514);
#3174=AXIS2_PLACEMENT_3D('',#4565,#3516,#3517);
#3175=AXIS2_PLACEMENT_3D('',#4703,#3518,#3519);
#3176=AXIS2_PLACEMENT_3D('',#4705,#3520,#3521);
#3177=AXIS2_PLACEMENT_3D('',#4707,#3522,#3523);
#3178=AXIS2_PLACEMENT_3D('',#4709,#3524,#3525);
#3179=AXIS2_PLACEMENT_3D('',#4711,#3526,#3527);
#3180=AXIS2_PLACEMENT_3D('',#4713,#3528,#3529);
#3181=AXIS2_PLACEMENT_3D('',#4714,#3530,#3531);
#3182=AXIS2_PLACEMENT_3D('',#4715,#3532,#3533);
#3183=AXIS2_PLACEMENT_3D('',#4717,#3535,#3536);
#3184=AXIS2_PLACEMENT_3D('',#4731,#3538,#3539);
#3185=AXIS2_PLACEMENT_3D('',#4769,#3540,#3541);
#3186=AXIS2_PLACEMENT_3D('',#4771,#3542,#3543);
#3187=AXIS2_PLACEMENT_3D('',#4773,#3544,#3545);
#3188=AXIS2_PLACEMENT_3D('',#4777,#3547,#3548);
#3189=AXIS2_PLACEMENT_3D('',#4781,#3550,#3551);
#3190=AXIS2_PLACEMENT_3D('',#4783,#3552,#3553);
#3191=AXIS2_PLACEMENT_3D('',#4785,#3554,#3555);
#3192=AXIS2_PLACEMENT_3D('',#4787,#3556,#3557);
#3193=AXIS2_PLACEMENT_3D('',#4789,#3558,#3559);
#3194=AXIS2_PLACEMENT_3D('',#4791,#3560,#3561);
#3195=AXIS2_PLACEMENT_3D('',#4795,#3563,#3564);
#3196=AXIS2_PLACEMENT_3D('',#4799,#3566,#3567);
#3197=AXIS2_PLACEMENT_3D('',#4801,#3568,#3569);
#3198=AXIS2_PLACEMENT_3D('',#4803,#3570,#3571);
#3199=AXIS2_PLACEMENT_3D('',#4805,#3572,#3573);
#3200=AXIS2_PLACEMENT_3D('',#4807,#3574,#3575);
#3201=AXIS2_PLACEMENT_3D('',#4808,#3576,#3577);
#3202=AXIS2_PLACEMENT_3D('',#4810,#3578,#3579);
#3203=AXIS2_PLACEMENT_3D('',#4812,#3580,#3581);
#3204=AXIS2_PLACEMENT_3D('',#4813,#3582,#3583);
#3205=AXIS2_PLACEMENT_3D('',#4815,#3584,#3585);
#3206=AXIS2_PLACEMENT_3D('',#4850,#3602,#3603);
#3207=AXIS2_PLACEMENT_3D('',#4852,#3604,#3605);
#3208=AXIS2_PLACEMENT_3D('',#4854,#3606,#3607);
#3209=AXIS2_PLACEMENT_3D('',#4855,#3608,#3609);
#3210=AXIS2_PLACEMENT_3D('',#4857,#3610,#3611);
#3211=AXIS2_PLACEMENT_3D('',#4859,#3612,#3613);
#3212=AXIS2_PLACEMENT_3D('',#4860,#3614,#3615);
#3213=AXIS2_PLACEMENT_3D('',#4862,#3616,#3617);
#3214=AXIS2_PLACEMENT_3D('',#4864,#3618,#3619);
#3215=AXIS2_PLACEMENT_3D('',#4865,#3620,#3621);
#3216=AXIS2_PLACEMENT_3D('',#4867,#3622,#3623);
#3217=AXIS2_PLACEMENT_3D('',#4868,#3624,#3625);
#3218=AXIS2_PLACEMENT_3D('',#4869,#3626,#3627);
#3219=AXIS2_PLACEMENT_3D('',#4871,#3628,#3629);
#3220=AXIS2_PLACEMENT_3D('',#4873,#3630,#3631);
#3221=AXIS2_PLACEMENT_3D('',#4874,#3632,#3633);
#3222=AXIS2_PLACEMENT_3D('',#4876,#3634,#3635);
#3223=AXIS2_PLACEMENT_3D('',#4908,#3636,#3637);
#3224=AXIS2_PLACEMENT_3D('',#4910,#3638,#3639);
#3225=AXIS2_PLACEMENT_3D('',#4914,#3641,#3642);
#3226=AXIS2_PLACEMENT_3D('',#4919,#3643,#3644);
#3227=AXIS2_PLACEMENT_3D('',#4921,#3645,#3646);
#3228=AXIS2_PLACEMENT_3D('',#4927,#3647,#3648);
#3229=AXIS2_PLACEMENT_3D('',#4928,#3649,#3650);
#3230=AXIS2_PLACEMENT_3D('',#4930,#3652,#3653);
#3231=AXIS2_PLACEMENT_3D('',#4933,#3655,#3656);
#3232=AXIS2_PLACEMENT_3D('',#4934,#3657,#3658);
#3233=AXIS2_PLACEMENT_3D('',#4937,#3659,#3660);
#3234=AXIS2_PLACEMENT_3D('',#4944,#3662,#3663);
#3235=AXIS2_PLACEMENT_3D('',#4946,#3664,#3665);
#3236=AXIS2_PLACEMENT_3D('',#5024,#3666,#3667);
#3237=AXIS2_PLACEMENT_3D('',#5178,#3669,#3670);
#3238=AXIS2_PLACEMENT_3D('',#5181,#3672,#3673);
#3239=AXIS2_PLACEMENT_3D('',#5183,#3674,#3675);
#3240=AXIS2_PLACEMENT_3D('',#5185,#3676,#3677);
#3241=AXIS2_PLACEMENT_3D('',#5187,#3678,#3679);
#3242=AXIS2_PLACEMENT_3D('',#5233,#3680,#3681);
#3243=AXIS2_PLACEMENT_3D('',#5235,#3683,#3684);
#3244=AXIS2_PLACEMENT_3D('',#5244,#3689,#3690);
#3245=AXIS2_PLACEMENT_3D('',#5250,#3694,#3695);
#3246=AXIS2_PLACEMENT_3D('',#5256,#3699,#3700);
#3247=AXIS2_PLACEMENT_3D('',#5259,#3703,#3704);
#3248=AXIS2_PLACEMENT_3D('',#5262,#3707,#3708);
#3249=AXIS2_PLACEMENT_3D('',#5264,#3710,#3711);
#3250=AXIS2_PLACEMENT_3D('',#5266,#3712,#3713);
#3251=AXIS2_PLACEMENT_3D('',#5268,#3714,#3715);
#3252=AXIS2_PLACEMENT_3D('',#5270,#3716,#3717);
#3253=AXIS2_PLACEMENT_3D('',#5272,#3718,#3719);
#3254=AXIS2_PLACEMENT_3D('',#5274,#3720,#3721);
#3255=AXIS2_PLACEMENT_3D('',#5284,#3722,#3723);
#3256=AXIS2_PLACEMENT_3D('',#5288,#3725,#3726);
#3257=AXIS2_PLACEMENT_3D('',#5292,#3728,#3729);
#3258=AXIS2_PLACEMENT_3D('',#5322,#3730,#3731);
#3259=AXIS2_PLACEMENT_3D('',#5324,#3732,#3733);
#3260=AXIS2_PLACEMENT_3D('',#5328,#3735,#3736);
#3261=AXIS2_PLACEMENT_3D('',#5332,#3738,#3739);
#3262=AXIS2_PLACEMENT_3D('',#5334,#3740,#3741);
#3263=AXIS2_PLACEMENT_3D('',#5336,#3742,#3743);
#3264=AXIS2_PLACEMENT_3D('',#5340,#3745,#3746);
#3265=AXIS2_PLACEMENT_3D('',#5344,#3748,#3749);
#3266=AXIS2_PLACEMENT_3D('',#5346,#3750,#3751);
#3267=AXIS2_PLACEMENT_3D('',#5355,#3752,#3753);
#3268=AXIS2_PLACEMENT_3D('',#5374,#3763,#3764);
#3269=AXIS2_PLACEMENT_3D('',#5376,#3765,#3766);
#3270=AXIS2_PLACEMENT_3D('',#5378,#3767,#3768);
#3271=AXIS2_PLACEMENT_3D('',#5380,#3769,#3770);
#3272=AXIS2_PLACEMENT_3D('',#5382,#3771,#3772);
#3273=AXIS2_PLACEMENT_3D('',#5384,#3773,#3774);
#3274=AXIS2_PLACEMENT_3D('',#5386,#3775,#3776);
#3275=AXIS2_PLACEMENT_3D('',#5388,#3777,#3778);
#3276=AXIS2_PLACEMENT_3D('',#5398,#3783,#3784);
#3277=AXIS2_PLACEMENT_3D('',#5399,#3785,#3786);
#3278=AXIS2_PLACEMENT_3D('',#5402,#3787,#3788);
#3279=AXIS2_PLACEMENT_3D('',#5403,#3789,#3790);
#3280=AXIS2_PLACEMENT_3D('',#5405,#3792,#3793);
#3281=AXIS2_PLACEMENT_3D('',#5407,#3794,#3795);
#3282=AXIS2_PLACEMENT_3D('',#5409,#3797,#3798);
#3283=AXIS2_PLACEMENT_3D('',#5415,#3802,#3803);
#3284=AXIS2_PLACEMENT_3D('',#5419,#3806,#3807);
#3285=AXIS2_PLACEMENT_3D('',#5423,#3810,#3811);
#3286=AXIS2_PLACEMENT_3D('',#5425,#3813,#3814);
#3287=AXIS2_PLACEMENT_3D('',#5428,#3817,#3818);
#3288=AXIS2_PLACEMENT_3D('',#5430,#3820,#3821);
#3289=AXIS2_PLACEMENT_3D('',#5436,#3825,#3826);
#3290=AXIS2_PLACEMENT_3D('',#5440,#3829,#3830);
#3291=AXIS2_PLACEMENT_3D('',#5444,#3833,#3834);
#3292=AXIS2_PLACEMENT_3D('',#5446,#3836,#3837);
#3293=AXIS2_PLACEMENT_3D('',#5449,#3840,#3841);
#3294=AXIS2_PLACEMENT_3D('',#5451,#3843,#3844);
#3295=AXIS2_PLACEMENT_3D('',#5457,#3848,#3849);
#3296=AXIS2_PLACEMENT_3D('',#5461,#3852,#3853);
#3297=AXIS2_PLACEMENT_3D('',#5465,#3856,#3857);
#3298=AXIS2_PLACEMENT_3D('',#5467,#3859,#3860);
#3299=AXIS2_PLACEMENT_3D('',#5470,#3863,#3864);
#3300=AXIS2_PLACEMENT_3D('',#5472,#3866,#3867);
#3301=AXIS2_PLACEMENT_3D('',#5474,#3869,#3870);
#3302=AXIS2_PLACEMENT_3D('',#5479,#3871,#3872);
#3303=AXIS2_PLACEMENT_3D('',#5483,#3874,#3875);
#3304=AXIS2_PLACEMENT_3D('',#5485,#3877,#3878);
#3305=AXIS2_PLACEMENT_3D('',#5488,#3880,#3881);
#3306=AXIS2_PLACEMENT_3D('',#5489,#3882,#3883);
#3307=AXIS2_PLACEMENT_3D('',#5493,#3886,#3887);
#3308=AXIS2_PLACEMENT_3D('',#5496,#3889,#3890);
#3309=AXIS2_PLACEMENT_3D('',#5497,#3891,#3892);
#3310=AXIS2_PLACEMENT_3D('',#5501,#3895,#3896);
#3311=AXIS2_PLACEMENT_3D('',#5504,#3898,#3899);
#3312=AXIS2_PLACEMENT_3D('',#5505,#3900,#3901);
#3313=AXIS2_PLACEMENT_3D('',#5508,#3903,#3904);
#3314=AXIS2_PLACEMENT_3D('',#5509,#3905,#3906);
#3315=AXIS2_PLACEMENT_3D('',#5512,#3908,#3909);
#3316=AXIS2_PLACEMENT_3D('',#5513,#3910,#3911);
#3317=AXIS2_PLACEMENT_3D('',#5517,#3914,#3915);
#3318=AXIS2_PLACEMENT_3D('',#5520,#3917,#3918);
#3319=AXIS2_PLACEMENT_3D('',#5521,#3919,#3920);
#3320=AXIS2_PLACEMENT_3D('',#5525,#3923,#3924);
#3321=AXIS2_PLACEMENT_3D('',#5527,#3926,#3927);
#3322=AXIS2_PLACEMENT_3D('',#5528,#3928,#3929);
#3323=AXIS2_PLACEMENT_3D('',#5725,#3931,#3932);
#3324=AXIS2_PLACEMENT_3D('',#5727,#3933,#3934);
#3325=AXIS2_PLACEMENT_3D('',#5757,#3936,#3937);
#3326=AXIS2_PLACEMENT_3D('',#5758,#3938,#3939);
#3327=AXIS2_PLACEMENT_3D('',#5766,#3942,#3943);
#3328=AXIS2_PLACEMENT_3D('',#5769,#3945,#3946);
#3329=AXIS2_PLACEMENT_3D('',#5770,#3947,#3948);
#3330=AXIS2_PLACEMENT_3D('',#5781,#3950,#3951);
#3331=AXIS2_PLACEMENT_3D('',#5784,#3953,#3954);
#3332=AXIS2_PLACEMENT_3D('',#5785,#3955,#3956);
#3333=AXIS2_PLACEMENT_3D('',#5788,#3958,#3959);
#3334=AXIS2_PLACEMENT_3D('',#5789,#3960,#3961);
#3335=AXIS2_PLACEMENT_3D('',#5793,#3963,#3964);
#3336=AXIS2_PLACEMENT_3D('',#5794,#3965,#3966);
#3337=AXIS2_PLACEMENT_3D('',#5795,#3967,#3968);
#3338=AXIS2_PLACEMENT_3D('',#5798,#3970,#3971);
#3339=AXIS2_PLACEMENT_3D('',#5799,#3972,#3973);
#3340=AXIS2_PLACEMENT_3D('',#5802,#3975,#3976);
#3341=AXIS2_PLACEMENT_3D('',#5838,#3977,#3978);
#3342=AXIS2_PLACEMENT_3D('',#5840,#3980,#3981);
#3343=AXIS2_PLACEMENT_3D('',#5842,#3983,#3984);
#3344=AXIS2_PLACEMENT_3D('',#5844,#3985,#3986);
#3345=AXIS2_PLACEMENT_3D('',#5847,#3989,#3990);
#3346=AXIS2_PLACEMENT_3D('',#5849,#3992,#3993);
#3347=AXIS2_PLACEMENT_3D('',#5866,#3995,#3996);
#3348=AXIS2_PLACEMENT_3D('',#5884,#3998,#3999);
#3349=AXIS2_PLACEMENT_3D('',#5886,#4001,#4002);
#3350=AXIS2_PLACEMENT_3D('',#5888,#4004,#4005);
#3351=AXIS2_PLACEMENT_3D('',#5891,#4006,#4007);
#3352=AXIS2_PLACEMENT_3D('',#5892,#4008,#4009);
#3353=AXIS2_PLACEMENT_3D('',#5895,#4012,#4013);
#3354=AXIS2_PLACEMENT_3D('',#5897,#4015,#4016);
#3355=AXIS2_PLACEMENT_3D('',#5899,#4018,#4019);
#3356=AXIS2_PLACEMENT_3D('',#5912,#4020,#4021);
#3357=AXIS2_PLACEMENT_3D('',#5918,#4025,#4026);
#3358=AXIS2_PLACEMENT_3D('',#5921,#4028,#4029);
#3359=AXIS2_PLACEMENT_3D('',#5976,#4030,#4031);
#3360=AXIS2_PLACEMENT_3D('',#6036,#4032,#4033);
#3361=AXIS2_PLACEMENT_3D('',#6037,#4034,#4035);
#3362=AXIS2_PLACEMENT_3D('',#6038,#4036,#4037);
#3363=AXIS2_PLACEMENT_3D('',#6040,#4038,#4039);
#3364=AXIS2_PLACEMENT_3D('',#6042,#4040,#4041);
#3365=AXIS2_PLACEMENT_3D('',#6043,#4042,#4043);
#3366=AXIS2_PLACEMENT_3D('',#6044,#4044,#4045);
#3367=AXIS2_PLACEMENT_3D('',#6069,#4048,#4049);
#3368=AXIS2_PLACEMENT_3D('',#6070,#4050,#4051);
#3369=AXIS2_PLACEMENT_3D('',#6071,#4052,#4053);
#3370=AXIS2_PLACEMENT_3D('',#6074,#4054,#4055);
#3371=AXIS2_PLACEMENT_3D('',#6075,#4056,#4057);
#3372=AXIS2_PLACEMENT_3D('',#6076,#4058,#4059);
#3373=AXIS2_PLACEMENT_3D('',#6077,#4060,#4061);
#3374=AXIS2_PLACEMENT_3D('',#6078,#4062,#4063);
#3375=AXIS2_PLACEMENT_3D('',#6079,#4064,#4065);
#3376=AXIS2_PLACEMENT_3D('',#6080,#4066,#4067);
#3377=AXIS2_PLACEMENT_3D('',#6081,#4068,#4069);
#3378=AXIS2_PLACEMENT_3D('',#6106,#4072,#4073);
#3379=AXIS2_PLACEMENT_3D('',#6107,#4074,#4075);
#3380=AXIS2_PLACEMENT_3D('',#6108,#4076,#4077);
#3381=AXIS2_PLACEMENT_3D('',#6109,#4078,#4079);
#3382=AXIS2_PLACEMENT_3D('',#6162,#4080,#4081);
#3383=AXIS2_PLACEMENT_3D('',#6173,#4082,#4083);
#3384=AXIS2_PLACEMENT_3D('',#6216,#4084,#4085);
#3385=AXIS2_PLACEMENT_3D('',#6217,#4086,#4087);
#3386=AXIS2_PLACEMENT_3D('',#6218,#4088,#4089);
#3387=AXIS2_PLACEMENT_3D('',#6220,#4090,#4091);
#3388=AXIS2_PLACEMENT_3D('',#6224,#4093,#4094);
#3389=AXIS2_PLACEMENT_3D('',#6225,#4095,#4096);
#3390=AXIS2_PLACEMENT_3D('',#6226,#4097,#4098);
#3391=AXIS2_PLACEMENT_3D('',#6229,#4100,#4101);
#3392=AXIS2_PLACEMENT_3D('',#6230,#4102,#4103);
#3393=AXIS2_PLACEMENT_3D('',#6231,#4104,#4105);
#3394=AXIS2_PLACEMENT_3D('',#6295,#4107,#4108);
#3395=AXIS2_PLACEMENT_3D('',#6299,#4110,#4111);
#3396=AXIS2_PLACEMENT_3D('',#6302,#4113,#4114);
#3397=AXIS2_PLACEMENT_3D('',#6303,#4115,#4116);
#3398=AXIS2_PLACEMENT_3D('',#6307,#4119,#4120);
#3399=AXIS2_PLACEMENT_3D('',#6310,#4122,#4123);
#3400=AXIS2_PLACEMENT_3D('',#6311,#4124,#4125);
#3401=AXIS2_PLACEMENT_3D('',#6317,#4129,#4130);
#3402=AXIS2_PLACEMENT_3D('',#6321,#4132,#4133);
#3403=AXIS2_PLACEMENT_3D('',#6322,#4134,#4135);
#3404=AXIS2_PLACEMENT_3D('',#6466,#4137,#4138);
#3405=AXIS2_PLACEMENT_3D('',#6467,#4139,#4140);
#3406=AXIS2_PLACEMENT_3D('',#6469,#4141,#4142);
#3407=AXIS2_PLACEMENT_3D('',#6470,#4143,#4144);
#3408=AXIS2_PLACEMENT_3D('',#6472,#4145,#4146);
#3409=AXIS2_PLACEMENT_3D('',#6476,#4148,#4149);
#3410=AXIS2_PLACEMENT_3D('',#6477,#4150,#4151);
#3411=AXIS2_PLACEMENT_3D('',#6478,#4152,#4153);
#3412=AXIS2_PLACEMENT_3D('',#6480,#4154,#4155);
#3413=AXIS2_PLACEMENT_3D('',#6481,#4156,#4157);
#3414=AXIS2_PLACEMENT_3D('',#6483,#4159,#4160);
#3415=AXIS2_PLACEMENT_3D('',#6485,#4162,#4163);
#3416=AXIS2_PLACEMENT_3D('',#6487,#4164,#4165);
#3417=AXIS2_PLACEMENT_3D('',#6491,#4167,#4168);
#3418=AXIS2_PLACEMENT_3D('',#6492,#4169,#4170);
#3419=AXIS2_PLACEMENT_3D('',#6493,#4171,#4172);
#3420=AXIS2_PLACEMENT_3D('',#6495,#4173,#4174);
#3421=AXIS2_PLACEMENT_3D('',#6496,#4175,#4176);
#3422=AXIS2_PLACEMENT_3D('',#6498,#4178,#4179);
#3423=AXIS2_PLACEMENT_3D('',#6500,#4181,#4182);
#3424=AXIS2_PLACEMENT_3D('',#6502,#4183,#4184);
#3425=AXIS2_PLACEMENT_3D('',#6505,#4186,#4187);
#3426=AXIS2_PLACEMENT_3D('',#6506,#4188,#4189);
#3427=AXIS2_PLACEMENT_3D('',#6507,#4190,#4191);
#3428=AXIS2_PLACEMENT_3D('',#6509,#4193,#4194);
#3429=AXIS2_PLACEMENT_3D('',#6511,#4195,#4196);
#3430=AXIS2_PLACEMENT_3D('',#6514,#4198,#4199);
#3431=AXIS2_PLACEMENT_3D('',#6515,#4200,#4201);
#3432=AXIS2_PLACEMENT_3D('',#6516,#4202,#4203);
#3433=AXIS2_PLACEMENT_3D('',#6518,#4205,#4206);
#3434=AXIS2_PLACEMENT_3D('',#6520,#4207,#4208);
#3435=AXIS2_PLACEMENT_3D('',#6523,#4210,#4211);
#3436=AXIS2_PLACEMENT_3D('',#6524,#4212,#4213);
#3437=AXIS2_PLACEMENT_3D('',#6526,#4214,#4215);
#3438=AXIS2_PLACEMENT_3D('',#6527,#4216,#4217);
#3439=AXIS2_PLACEMENT_3D('',#6529,#4219,#4220);
#3440=AXIS2_PLACEMENT_3D('',#6532,#4222,#4223);
#3441=AXIS2_PLACEMENT_3D('',#6533,#4224,#4225);
#3442=AXIS2_PLACEMENT_3D('',#6537,#4229,#4230);
#3443=AXIS2_PLACEMENT_3D('',#6539,#4231,#4232);
#3444=AXIS2_PLACEMENT_3D('',#6541,#4234,#4235);
#3445=AXIS2_PLACEMENT_3D('',#6543,#4236,#4237);
#3446=AXIS2_PLACEMENT_3D('',#6544,#4238,#4239);
#3447=AXIS2_PLACEMENT_3D('',#6547,#4241,#4242);
#3448=AXIS2_PLACEMENT_3D('',#6548,#4243,#4244);
#3449=AXIS2_PLACEMENT_3D('',#6550,#4246,#4247);
#3450=AXIS2_PLACEMENT_3D('',#6555,#4250,#4251);
#3451=AXIS2_PLACEMENT_3D('',#6556,#4252,#4253);
#3452=AXIS2_PLACEMENT_3D('',#6557,#4254,#4255);
#3453=AXIS2_PLACEMENT_3D('',#6558,#4256,#4257);
#3454=AXIS2_PLACEMENT_3D('',#6559,#4258,#4259);
#3455=AXIS2_PLACEMENT_3D('',#6560,#4260,#4261);
#3456=AXIS2_PLACEMENT_3D('',#6564,#4263,#4264);
#3457=AXIS2_PLACEMENT_3D('',#6566,#4266,#4267);
#3458=AXIS2_PLACEMENT_3D('',#6568,#4268,#4269);
#3459=AXIS2_PLACEMENT_3D('',#6581,#4270,#4271);
#3460=AXIS2_PLACEMENT_3D('',#6582,#4272,#4273);
#3461=AXIS2_PLACEMENT_3D('',#6584,#4274,#4275);
#3462=AXIS2_PLACEMENT_3D('',#6586,#4276,#4277);
#3463=AXIS2_PLACEMENT_3D('',#6587,#4278,#4279);
#3464=AXIS2_PLACEMENT_3D('',#6598,#4280,#4281);
#3465=AXIS2_PLACEMENT_3D('',#6599,#4282,#4283);
#3466=AXIS2_PLACEMENT_3D('',#6600,#4284,#4285);
#3467=AXIS2_PLACEMENT_3D('',#6603,#4286,#4287);
#3468=AXIS2_PLACEMENT_3D('',#6604,#4288,#4289);
#3469=AXIS2_PLACEMENT_3D('',#6605,#4290,#4291);
#3470=AXIS2_PLACEMENT_3D('',#6802,#4292,#4293);
#3471=AXIS2_PLACEMENT_3D('',#6813,#4294,#4295);
#3472=AXIS2_PLACEMENT_3D('',#6814,#4296,#4297);
#3473=AXIS2_PLACEMENT_3D('',#6815,#4298,#4299);
#3474=AXIS2_PLACEMENT_3D('',#6816,#4300,#4301);
#3475=AXIS2_PLACEMENT_3D('',#6830,#4302,#4303);
#3476=AXIS2_PLACEMENT_3D('',#6872,#4304,#4305);
#3477=AXIS2_PLACEMENT_3D('',#6976,#4306,#4307);
#3478=AXIS2_PLACEMENT_3D('',#6977,#4308,#4309);
#3479=AXIS2_PLACEMENT_3D('',#6978,#4310,#4311);
#3480=AXIS2_PLACEMENT_3D('',#6979,#4312,#4313);
#3481=AXIS2_PLACEMENT_3D('',#6981,#4315,#4316);
#3482=AXIS2_PLACEMENT_3D('',#6993,#4319,#4320);
#3483=AXIS2_PLACEMENT_3D('',#6995,#4322,#4323);
#3484=AXIS2_PLACEMENT_3D('',#6997,#4325,#4326);
#3485=AXIS2_PLACEMENT_3D('',#7001,#4327,#4328);
#3486=AXIS2_PLACEMENT_3D('',#7002,#4329,#4330);
#3487=AXIS2_PLACEMENT_3D('',#7003,#4331,#4332);
#3488=AXIS2_PLACEMENT_3D('',#7004,#4333,#4334);
#3489=AXIS2_PLACEMENT_3D('',#7006,#4336,#4337);
#3490=AXIS2_PLACEMENT_3D('',#7008,#4339,#4340);
#3491=AXIS2_PLACEMENT_3D('',#7010,#4342,#4343);
#3492=AXIS2_PLACEMENT_3D('',#7012,#4345,#4346);
#3493=AXIS2_PLACEMENT_3D('',#7014,#4348,#4349);
#3494=AXIS2_PLACEMENT_3D('',#7016,#4351,#4352);
#3495=AXIS2_PLACEMENT_3D('',#7018,#4354,#4355);
#3496=AXIS2_PLACEMENT_3D('',#7019,#4356,#4357);
#3497=AXIS2_PLACEMENT_3D('',#7020,#4358,#4359);
#3498=AXIS2_PLACEMENT_3D('',#7021,#4360,#4361);
#3499=AXIS2_PLACEMENT_3D('',#7023,#4363,#4364);
#3500=DIRECTION('axis',(0.,0.,1.));
#3501=DIRECTION('refdir',(1.,0.,0.));
#3502=DIRECTION('center_axis',(-7.93016446160826E-17,1.,0.));
#3503=DIRECTION('ref_axis',(1.,7.93016446160826E-17,-1.23259516440783E-32));
#3504=DIRECTION('',(-7.93016446160826E-17,1.,0.));
#3505=DIRECTION('center_axis',(6.98089570935189E-17,-1.,-5.17865248023375E-18));
#3506=DIRECTION('ref_axis',(1.,7.93016446160826E-17,-1.23259516440783E-32));
#3507=DIRECTION('',(7.93016446160826E-17,-1.,0.));
#3508=DIRECTION('center_axis',(0.,1.,0.));
#3509=DIRECTION('ref_axis',(-0.999925900903855,0.,0.0121734424717672));
#3510=DIRECTION('center_axis',(0.,-1.,0.));
#3511=DIRECTION('ref_axis',(-0.690583153909031,0.,0.723253003821661));
#3512=DIRECTION('',(0.,-1.,0.));
#3513=DIRECTION('center_axis',(0.,1.,0.));
#3514=DIRECTION('ref_axis',(-0.999925900903855,0.,0.0121734424717672));
#3515=DIRECTION('',(0.,-1.,0.));
#3516=DIRECTION('center_axis',(-6.98089570935189E-17,1.,5.17865248023375E-18));
#3517=DIRECTION('ref_axis',(-0.999925900903855,0.,0.0121734424717672));
#3518=DIRECTION('center_axis',(6.98089570935189E-17,-1.,-5.17865248023375E-18));
#3519=DIRECTION('ref_axis',(1.,6.98089570935189E-17,-1.23259516440783E-32));
#3520=DIRECTION('center_axis',(-6.98089570935189E-17,1.,5.17865248023375E-18));
#3521=DIRECTION('ref_axis',(-1.,-6.98089570935189E-17,1.19644353152835E-32));
#3522=DIRECTION('center_axis',(-6.98089570935189E-17,1.,5.17865248023375E-18));
#3523=DIRECTION('ref_axis',(-0.0983504740926215,-1.71219848269972E-18,-0.995151839794188));
#3524=DIRECTION('center_axis',(6.98089570935189E-17,-1.,-5.17865248023375E-18));
#3525=DIRECTION('ref_axis',(-1.,-6.98089570935189E-17,1.19644353152835E-32));
#3526=DIRECTION('center_axis',(-6.98089570935189E-17,1.,5.17865248023375E-18));
#3527=DIRECTION('ref_axis',(0.350935845877493,2.93477530240476E-17,-0.936399504526913));
#3528=DIRECTION('center_axis',(-6.98089570935189E-17,1.,5.17865248023375E-18));
#3529=DIRECTION('ref_axis',(-1.,-6.98089570935189E-17,1.19644353152835E-32));
#3530=DIRECTION('center_axis',(-6.98089570935189E-17,1.,5.17865248023375E-18));
#3531=DIRECTION('ref_axis',(0.238916786001371,0.,0.971040045192151));
#3532=DIRECTION('center_axis',(0.,1.,0.));
#3533=DIRECTION('ref_axis',(-1.,-3.26765331076046E-17,1.21567312348552E-32));
#3534=DIRECTION('',(0.530243557486259,-0.70710678118655,0.467805269042914));
#3535=DIRECTION('center_axis',(0.,-1.,0.));
#3536=DIRECTION('ref_axis',(0.238916786001371,0.,0.971040045192151));
#3537=DIRECTION('',(0.,1.,0.));
#3538=DIRECTION('center_axis',(0.,-1.,0.));
#3539=DIRECTION('ref_axis',(0.861175494296374,0.,0.508307749324557));
#3540=DIRECTION('center_axis',(0.,-1.,0.));
#3541=DIRECTION('ref_axis',(1.,0.,0.));
#3542=DIRECTION('center_axis',(0.,1.,0.));
#3543=DIRECTION('ref_axis',(-1.,0.,0.));
#3544=DIRECTION('center_axis',(0.,-1.,0.));
#3545=DIRECTION('ref_axis',(0.942740062277093,0.,-0.333528372073176));
#3546=DIRECTION('',(-0.834557246358708,-5.54065414048258E-17,-0.550921230803616));
#3547=DIRECTION('center_axis',(0.,1.,0.));
#3548=DIRECTION('ref_axis',(1.,0.,-1.23259516440783E-32));
#3549=DIRECTION('',(0.834557246358708,5.54065414048258E-17,0.550921230803616));
#3550=DIRECTION('center_axis',(0.,-1.,0.));
#3551=DIRECTION('ref_axis',(0.0637738476298266,0.,0.997964376297314));
#3552=DIRECTION('center_axis',(0.,-1.,0.));
#3553=DIRECTION('ref_axis',(-0.952768329675186,0.,0.303698057234413));
#3554=DIRECTION('center_axis',(0.,-1.,0.));
#3555=DIRECTION('ref_axis',(0.0162633286913505,0.,0.999867743324024));
#3556=DIRECTION('center_axis',(0.,-1.,0.));
#3557=DIRECTION('ref_axis',(0.97066674022646,0.,-0.240428948793896));
#3558=DIRECTION('center_axis',(0.,1.,0.));
#3559=DIRECTION('ref_axis',(-1.,0.,0.));
#3560=DIRECTION('center_axis',(0.,-1.,0.));
#3561=DIRECTION('ref_axis',(0.25127904091274,0.,0.96791468818175));
#3562=DIRECTION('',(0.620601847822977,4.73842830376195E-17,-0.784125848622979));
#3563=DIRECTION('center_axis',(0.,1.,0.));
#3564=DIRECTION('ref_axis',(1.,0.,-1.23259516440783E-32));
#3565=DIRECTION('',(-0.620601847822977,-4.73842830376195E-17,0.784125848622979));
#3566=DIRECTION('center_axis',(0.,-1.,0.));
#3567=DIRECTION('ref_axis',(-0.999753031250943,0.,-0.0222233324357713));
#3568=DIRECTION('center_axis',(0.,1.,0.));
#3569=DIRECTION('ref_axis',(-1.,0.,0.));
#3570=DIRECTION('center_axis',(0.,-1.,0.));
#3571=DIRECTION('ref_axis',(-0.965744749024639,0.,0.259493891510644));
#3572=DIRECTION('center_axis',(0.,1.,0.));
#3573=DIRECTION('ref_axis',(-1.,0.,1.23259516440783E-32));
#3574=DIRECTION('center_axis',(0.,-1.,0.));
#3575=DIRECTION('ref_axis',(0.165636214779767,0.,-0.986186921609403));
#3576=DIRECTION('center_axis',(0.,1.,0.));
#3577=DIRECTION('ref_axis',(-1.,0.,0.));
#3578=DIRECTION('center_axis',(0.,-1.,0.));
#3579=DIRECTION('ref_axis',(0.988115727246276,0.,-0.153711774332882));
#3580=DIRECTION('center_axis',(0.,-1.,0.));
#3581=DIRECTION('ref_axis',(0.129664188328022,0.,-0.991557965156468));
#3582=DIRECTION('center_axis',(0.,-1.,0.));
#3583=DIRECTION('ref_axis',(-0.587330241552649,0.,-0.809347383610837));
#3584=DIRECTION('center_axis',(0.,1.,0.));
#3585=DIRECTION('ref_axis',(1.,0.,-1.23259516440783E-32));
#3586=DIRECTION('',(0.,0.,-1.));
#3587=DIRECTION('',(-1.,0.,0.));
#3588=DIRECTION('',(-1.98254111540211E-16,0.,1.));
#3589=DIRECTION('',(1.,0.,0.));
#3590=DIRECTION('',(-1.,0.,1.8779290292127E-12));
#3591=DIRECTION('',(-3.01346249541691E-14,0.,1.));
#3592=DIRECTION('',(1.,0.,-1.43403807347513E-14));
#3593=DIRECTION('',(6.97325794990789E-13,0.,-1.));
#3594=DIRECTION('',(-1.75283068483124E-12,0.,-1.));
#3595=DIRECTION('',(-1.,0.,-9.08664677892538E-14));
#3596=DIRECTION('',(1.17895111662548E-13,0.,1.));
#3597=DIRECTION('',(1.,0.,-3.88181550395058E-13));
#3598=DIRECTION('',(-1.32169407693463E-16,0.,-1.));
#3599=DIRECTION('',(-1.,0.,9.30472630162036E-14));
#3600=DIRECTION('',(1.92055366319066E-12,0.,1.));
#3601=DIRECTION('',(1.,0.,-1.68172354349496E-12));
#3602=DIRECTION('center_axis',(0.,-1.,0.));
#3603=DIRECTION('ref_axis',(1.,0.,0.));
#3604=DIRECTION('center_axis',(0.,1.,0.));
#3605=DIRECTION('ref_axis',(1.,0.,0.));
#3606=DIRECTION('center_axis',(0.,-1.,0.));
#3607=DIRECTION('ref_axis',(6.12323399573677E-17,0.,-1.));
#3608=DIRECTION('center_axis',(0.,-1.,0.));
#3609=DIRECTION('ref_axis',(6.12323399573677E-17,0.,-1.));
#3610=DIRECTION('center_axis',(0.,1.,0.));
#3611=DIRECTION('ref_axis',(1.,0.,0.));
#3612=DIRECTION('center_axis',(0.,-1.,0.));
#3613=DIRECTION('ref_axis',(-1.,0.,-1.22464679914735E-16));
#3614=DIRECTION('center_axis',(0.,-1.,0.));
#3615=DIRECTION('ref_axis',(-1.,0.,-1.22464679914735E-16));
#3616=DIRECTION('center_axis',(0.,1.,0.));
#3617=DIRECTION('ref_axis',(1.,0.,0.));
#3618=DIRECTION('center_axis',(0.,-1.,0.));
#3619=DIRECTION('ref_axis',(-1.83697019872103E-16,0.,1.));
#3620=DIRECTION('center_axis',(0.,-1.,0.));
#3621=DIRECTION('ref_axis',(-1.83697019872103E-16,0.,1.));
#3622=DIRECTION('center_axis',(0.,1.,0.));
#3623=DIRECTION('ref_axis',(1.,0.,0.));
#3624=DIRECTION('center_axis',(0.,1.,0.));
#3625=DIRECTION('ref_axis',(1.,0.,0.));
#3626=DIRECTION('center_axis',(0.,-1.,0.));
#3627=DIRECTION('ref_axis',(1.,0.,0.));
#3628=DIRECTION('center_axis',(0.,1.,0.));
#3629=DIRECTION('ref_axis',(1.,0.,0.));
#3630=DIRECTION('center_axis',(0.,1.,0.));
#3631=DIRECTION('ref_axis',(-1.83697019872103E-16,0.,-1.));
#3632=DIRECTION('center_axis',(0.,1.,0.));
#3633=DIRECTION('ref_axis',(0.,0.,1.));
#3634=DIRECTION('center_axis',(0.,1.,0.));
#3635=DIRECTION('ref_axis',(0.988115727246276,0.,-0.153711774332882));
#3636=DIRECTION('center_axis',(0.,-1.,0.));
#3637=DIRECTION('ref_axis',(1.,0.,-1.23259516440783E-32));
#3638=DIRECTION('center_axis',(6.98089570935189E-17,-1.,-5.17865248023375E-18));
#3639=DIRECTION('ref_axis',(-1.,0.,1.23259516440783E-32));
#3640=DIRECTION('',(0.,-1.,0.));
#3641=DIRECTION('center_axis',(0.,1.,0.));
#3642=DIRECTION('ref_axis',(1.,0.,-1.23259516440783E-32));
#3643=DIRECTION('center_axis',(0.,-1.,0.));
#3644=DIRECTION('ref_axis',(1.,0.,-1.23259516440783E-32));
#3645=DIRECTION('center_axis',(0.,1.,0.));
#3646=DIRECTION('ref_axis',(-0.587330241552649,0.,-0.809347383610837));
#3647=DIRECTION('center_axis',(0.,1.,0.));
#3648=DIRECTION('ref_axis',(1.,0.,-1.23259516440783E-32));
#3649=DIRECTION('center_axis',(0.,1.,0.));
#3650=DIRECTION('ref_axis',(0.972971248033211,-3.26765331076046E-17,0.230926288024329));
#3651=DIRECTION('',(-0.632704831906846,-0.707106781186548,0.31572867415192));
#3652=DIRECTION('center_axis',(0.,1.,0.));
#3653=DIRECTION('ref_axis',(1.,0.,-1.23259516440783E-32));
#3654=DIRECTION('',(0.,1.,0.));
#3655=DIRECTION('center_axis',(6.98089570935189E-17,-1.,-5.17865248023375E-18));
#3656=DIRECTION('ref_axis',(1.,0.,-1.23259516440783E-32));
#3657=DIRECTION('center_axis',(-4.9362386948388E-17,0.707106781186548,0.707106781186547));
#3658=DIRECTION('ref_axis',(1.,0.,6.9808957093519E-17));
#3659=DIRECTION('center_axis',(-4.9362386948388E-17,0.707106781186548,0.707106781186547));
#3660=DIRECTION('ref_axis',(5.41411192649578E-17,-0.707106781186547,0.707106781186548));
#3661=DIRECTION('',(-1.,-6.98089570935189E-17,1.23259516440783E-32));
#3662=DIRECTION('center_axis',(2.38342688083816E-16,-1.,4.22900558622947E-15));
#3663=DIRECTION('ref_axis',(-1.,-3.42862017076442E-17,-3.11584863113825E-17));
#3664=DIRECTION('center_axis',(0.,1.,0.));
#3665=DIRECTION('ref_axis',(-0.769127804108783,0.,0.639095001503533));
#3666=DIRECTION('center_axis',(6.98089570935189E-17,-1.,-5.17865248023375E-18));
#3667=DIRECTION('ref_axis',(-1.,-6.98089570935189E-17,-3.61516328794883E-34));
#3668=DIRECTION('',(-0.680301343049808,-0.707106781186547,0.192847303959967));
#3669=DIRECTION('center_axis',(0.,-1.,0.));
#3670=DIRECTION('ref_axis',(-1.,0.,0.));
#3671=DIRECTION('',(0.,-1.,0.));
#3672=DIRECTION('center_axis',(-6.98089570935189E-17,1.,5.17865248023375E-18));
#3673=DIRECTION('ref_axis',(-1.,0.,0.));
#3674=DIRECTION('center_axis',(-6.98089570935189E-17,1.,5.17865248023375E-18));
#3675=DIRECTION('ref_axis',(-0.769127804108783,0.,0.639095001503533));
#3676=DIRECTION('center_axis',(-4.9362386948388E-17,0.707106781186548,-0.707106781186547));
#3677=DIRECTION('ref_axis',(5.41411192649578E-17,0.707106781186547,0.707106781186548));
#3678=DIRECTION('center_axis',(0.,1.,0.));
#3679=DIRECTION('ref_axis',(-0.769127804108783,0.,0.639095001503533));
#3680=DIRECTION('center_axis',(-6.98089570935189E-17,1.,5.17865248023375E-18));
#3681=DIRECTION('ref_axis',(-1.,0.,0.));
#3682=DIRECTION('',(0.,1.,0.));
#3683=DIRECTION('center_axis',(6.42029331693022E-14,0.707106781186545,-0.70710678118655));
#3684=DIRECTION('ref_axis',(-1.,0.,-9.07966588321603E-14));
#3685=DIRECTION('',(1.,6.98089570935185E-17,9.08664677892538E-14));
#3686=DIRECTION('',(-0.577350269189651,-0.577350269189587,-0.577350269189639));
#3687=DIRECTION('',(-1.,-6.98089570935185E-17,-9.08664677892538E-14));
#3688=DIRECTION('',(0.577350269188969,-0.577350269189982,-0.577350269189926));
#3689=DIRECTION('center_axis',(-0.707106781186549,0.707106781186546,8.33680947856194E-14));
#3690=DIRECTION('ref_axis',(1.17900290315028E-13,0.,1.));
#3691=DIRECTION('',(-1.17895111662548E-13,5.17865248022552E-18,-1.));
#3692=DIRECTION('',(-0.577350269189502,-0.577350269189577,0.577350269189798));
#3693=DIRECTION('',(1.17895111662548E-13,-5.17865248022552E-18,1.));
#3694=DIRECTION('center_axis',(2.74436444228905E-13,0.707106781186546,0.707106781186549));
#3695=DIRECTION('ref_axis',(1.,0.,-3.88111741437964E-13));
#3696=DIRECTION('',(-1.,-6.98089570935209E-17,3.88181550395058E-13));
#3697=DIRECTION('',(0.577350269190376,-0.577350269189364,0.577350269189137));
#3698=DIRECTION('',(1.,6.98089570935209E-17,-3.88181550395058E-13));
#3699=DIRECTION('center_axis',(0.707106781186548,0.707106781186548,-1.23943480165574E-12));
#3700=DIRECTION('ref_axis',(-1.75282550617876E-12,0.,-1.));
#3701=DIRECTION('',(-1.75283068483124E-12,5.17865248011138E-18,-1.));
#3702=DIRECTION('',(1.75283068483124E-12,-5.17865248011138E-18,1.));
#3703=DIRECTION('center_axis',(1.,0.,-1.75283068483124E-12));
#3704=DIRECTION('ref_axis',(1.75283068483124E-12,0.,1.));
#3705=DIRECTION('',(0.,-1.,0.));
#3706=DIRECTION('',(0.,-1.,0.));
#3707=DIRECTION('center_axis',(9.08664677892538E-14,0.,-1.));
#3708=DIRECTION('ref_axis',(1.,0.,9.08664677892538E-14));
#3709=DIRECTION('',(0.,-1.,0.));
#3710=DIRECTION('center_axis',(-6.98089570935189E-17,1.,5.17865248023375E-18));
#3711=DIRECTION('ref_axis',(-1.,-6.98089570935189E-17,1.23259516440783E-32));
#3712=DIRECTION('center_axis',(6.98089570935189E-17,-1.,-5.17865248023375E-18));
#3713=DIRECTION('ref_axis',(-1.,-6.98089570935189E-17,-3.61516328794883E-34));
#3714=DIRECTION('center_axis',(-6.98089570935189E-17,1.,5.17865248023375E-18));
#3715=DIRECTION('ref_axis',(0.165636214779767,1.66700107582603E-17,-0.986186921609403));
#3716=DIRECTION('center_axis',(6.98089570935189E-17,-1.,-5.17865248023375E-18));
#3717=DIRECTION('ref_axis',(1.,6.98089570935189E-17,-1.19644353152835E-32));
#3718=DIRECTION('center_axis',(-6.98089570935189E-17,1.,5.17865248023375E-18));
#3719=DIRECTION('ref_axis',(-0.965744749024638,-6.87614624328293E-17,0.259493891510644));
#3720=DIRECTION('center_axis',(6.98089570935189E-17,-1.,-5.17865248023375E-18));
#3721=DIRECTION('ref_axis',(1.,6.98089570935189E-17,3.61516328794883E-34));
#3722=DIRECTION('center_axis',(6.98089570935189E-17,-1.,-5.17865248023375E-18));
#3723=DIRECTION('ref_axis',(1.,6.98089570935189E-17,3.61516328794883E-34));
#3724=DIRECTION('',(-1.,-6.98089570935189E-17,1.23259516440783E-32));
#3725=DIRECTION('center_axis',(6.98089570935189E-17,-1.,-5.17865248023375E-18));
#3726=DIRECTION('ref_axis',(1.,6.98089570935189E-17,-1.23259516440783E-32));
#3727=DIRECTION('',(1.,6.98089570935189E-17,-1.23259516440783E-32));
#3728=DIRECTION('center_axis',(6.98089570935189E-17,-1.,-5.17865248023375E-18));
#3729=DIRECTION('ref_axis',(1.,6.98089570935189E-17,3.61516328794883E-34));
#3730=DIRECTION('center_axis',(6.98089570935189E-17,-1.,-5.17865248023375E-18));
#3731=DIRECTION('ref_axis',(1.,6.98089570935189E-17,3.61516328794883E-34));
#3732=DIRECTION('center_axis',(-6.98089570935189E-17,1.,5.17865248023375E-18));
#3733=DIRECTION('ref_axis',(-0.999753031250943,-6.9676629547075E-17,-0.0222233324357713));
#3734=DIRECTION('',(-0.620601847822977,-4.73842830376195E-17,0.784125848622979));
#3735=DIRECTION('center_axis',(6.98089570935189E-17,-1.,-5.17865248023375E-18));
#3736=DIRECTION('ref_axis',(0.784125848622979,5.15251264239745E-17,0.620601847822977));
#3737=DIRECTION('',(0.620601847822977,4.73842830376195E-17,-0.784125848622979));
#3738=DIRECTION('center_axis',(-6.98089570935189E-17,1.,5.17865248023375E-18));
#3739=DIRECTION('ref_axis',(0.25127904091274,1.2529033984971E-17,0.96791468818175));
#3740=DIRECTION('center_axis',(6.98089570935189E-17,-1.,-5.17865248023375E-18));
#3741=DIRECTION('ref_axis',(-1.,-6.98089570935189E-17,-3.61516328794883E-34));
#3742=DIRECTION('center_axis',(-6.98089570935189E-17,1.,5.17865248023375E-18));
#3743=DIRECTION('ref_axis',(0.0637738476298266,-7.16124899617831E-19,0.997964376297314));
#3744=DIRECTION('',(0.834557246358708,5.54065414048258E-17,0.550921230803616));
#3745=DIRECTION('center_axis',(6.98089570935189E-17,-1.,-5.17865248023375E-18));
#3746=DIRECTION('ref_axis',(0.550921230803615,4.27811185168308E-17,-0.834557246358708));
#3747=DIRECTION('',(-0.834557246358708,-5.54065414048258E-17,-0.550921230803616));
#3748=DIRECTION('center_axis',(-6.98089570935189E-17,1.,5.17865248023375E-18));
#3749=DIRECTION('ref_axis',(0.942740062277093,6.7538928089108E-17,-0.333528372073176));
#3750=DIRECTION('center_axis',(6.98089570935189E-17,-1.,-5.17865248023375E-18));
#3751=DIRECTION('ref_axis',(-1.,-6.98089570935189E-17,-3.61516328794883E-34));
#3752=DIRECTION('center_axis',(6.98089570935189E-17,-1.,-5.17865248023375E-18));
#3753=DIRECTION('ref_axis',(-1.,-6.98089570935189E-17,-3.61516328794883E-34));
#3754=DIRECTION('',(1.,6.98089570935189E-17,-1.23259516440783E-32));
#3755=DIRECTION('',(1.98254111540211E-16,5.17865248023376E-18,-1.));
#3756=DIRECTION('',(1.,6.98089570935189E-17,0.));
#3757=DIRECTION('',(0.,-5.17865248023375E-18,1.));
#3758=DIRECTION('',(-1.,-6.98089570935189E-17,0.));
#3759=DIRECTION('',(-1.92055366319066E-12,5.17865248009967E-18,-1.));
#3760=DIRECTION('',(1.,6.98089570935194E-17,-9.30472630162036E-14));
#3761=DIRECTION('',(1.32169407693463E-16,-5.17865248023374E-18,1.));
#3762=DIRECTION('',(-1.,-6.98089570935276E-17,1.68172354349496E-12));
#3763=DIRECTION('center_axis',(-6.98089570935189E-17,1.,5.17865248023375E-18));
#3764=DIRECTION('ref_axis',(-1.,0.,1.23259516440783E-32));
#3765=DIRECTION('center_axis',(-6.98089570935189E-17,1.,5.17865248023375E-18));
#3766=DIRECTION('ref_axis',(-1.,0.,1.23259516440783E-32));
#3767=DIRECTION('center_axis',(-6.98089570935189E-17,1.,5.17865248023375E-18));
#3768=DIRECTION('ref_axis',(-1.83697019872103E-16,0.,1.));
#3769=DIRECTION('center_axis',(-6.98089570935189E-17,1.,5.17865248023375E-18));
#3770=DIRECTION('ref_axis',(-1.,0.,1.26874679728732E-32));
#3771=DIRECTION('center_axis',(-6.98089570935189E-17,1.,5.17865248023375E-18));
#3772=DIRECTION('ref_axis',(1.,0.,0.));
#3773=DIRECTION('center_axis',(-6.98089570935189E-17,1.,5.17865248023375E-18));
#3774=DIRECTION('ref_axis',(-1.,0.,-1.22464679914735E-16));
#3775=DIRECTION('center_axis',(-6.98089570935189E-17,1.,5.17865248023375E-18));
#3776=DIRECTION('ref_axis',(6.12323399573677E-17,0.,-1.));
#3777=DIRECTION('center_axis',(-6.98089570935189E-17,1.,5.17865248023375E-18));
#3778=DIRECTION('ref_axis',(-1.,0.,1.23259516440783E-32));
#3779=DIRECTION('',(-6.97325794990789E-13,-5.17865248028242E-18,1.));
#3780=DIRECTION('',(-1.,-6.9808957093519E-17,1.43403807347513E-14));
#3781=DIRECTION('',(3.01346249541691E-14,5.17865248023585E-18,-1.));
#3782=DIRECTION('',(1.,6.98089570935287E-17,-1.8779290292127E-12));
#3783=DIRECTION('center_axis',(-6.98089570935189E-17,1.,5.17865248023375E-18));
#3784=DIRECTION('ref_axis',(-1.,-6.98089570935189E-17,-3.61516328794883E-34));
#3785=DIRECTION('center_axis',(-6.98089570935189E-17,1.,5.17865248023375E-18));
#3786=DIRECTION('ref_axis',(-1.,-3.9161122271974E-17,-2.02801842982495E-34));
#3787=DIRECTION('center_axis',(6.98089570935189E-17,-1.,-5.17865248023375E-18));
#3788=DIRECTION('ref_axis',(-1.,0.,0.));
#3789=DIRECTION('center_axis',(6.98089570935189E-17,-1.,-5.17865248023375E-18));
#3790=DIRECTION('ref_axis',(-1.,0.,0.));
#3791=DIRECTION('',(0.707106781186547,0.707106781186548,9.0257465909731E-17));
#3792=DIRECTION('center_axis',(0.,1.,0.));
#3793=DIRECTION('ref_axis',(1.,0.,0.));
#3794=DIRECTION('center_axis',(0.,1.,0.));
#3795=DIRECTION('ref_axis',(1.,0.,0.));
#3796=DIRECTION('',(0.,1.,0.));
#3797=DIRECTION('center_axis',(-0.707106781186547,0.707106781186548,-1.36524966382016E-16));
#3798=DIRECTION('ref_axis',(-1.93075459059977E-16,0.,1.));
#3799=DIRECTION('',(-0.577350269189627,-0.577350269189626,0.577350269189625));
#3800=DIRECTION('',(-1.98254111540211E-16,-5.17865248023376E-18,1.));
#3801=DIRECTION('',(-0.577350269189625,-0.577350269189625,-0.577350269189627));
#3802=DIRECTION('center_axis',(-4.93623869483879E-17,0.707106781186547,
0.707106781186548));
#3803=DIRECTION('ref_axis',(1.,0.,6.98089570935188E-17));
#3804=DIRECTION('',(0.577350269189627,-0.577350269189626,0.577350269189625));
#3805=DIRECTION('',(1.,6.98089570935189E-17,0.));
#3806=DIRECTION('center_axis',(0.707106781186548,0.707106781186547,3.66186028618181E-18));
#3807=DIRECTION('ref_axis',(5.17865248023374E-18,0.,-1.));
#3808=DIRECTION('',(0.577350269189625,-0.577350269189626,-0.577350269189626));
#3809=DIRECTION('',(0.,5.17865248023375E-18,-1.));
#3810=DIRECTION('center_axis',(-4.9362386948388E-17,0.707106781186548,-0.707106781186548));
#3811=DIRECTION('ref_axis',(-1.,0.,6.98089570935189E-17));
#3812=DIRECTION('',(-1.,-6.98089570935189E-17,0.));
#3813=DIRECTION('center_axis',(0.,0.,-1.));
#3814=DIRECTION('ref_axis',(1.,0.,0.));
#3815=DIRECTION('',(0.,-1.,0.));
#3816=DIRECTION('',(0.,-1.,0.));
#3817=DIRECTION('center_axis',(-1.,0.,-1.98254111540211E-16));
#3818=DIRECTION('ref_axis',(1.98254111540211E-16,0.,-1.));
#3819=DIRECTION('',(0.,-1.,0.));
#3820=DIRECTION('center_axis',(0.707106781186549,0.707106781186546,4.93087460194574E-13));
#3821=DIRECTION('ref_axis',(6.97330973643269E-13,0.,-1.));
#3822=DIRECTION('',(0.577350269189534,-0.57735026918913,-0.577350269190214));
#3823=DIRECTION('',(6.97325794990789E-13,5.17865248028242E-18,-1.));
#3824=DIRECTION('',(0.577350269189361,-0.577350269189762,0.577350269189754));
#3825=DIRECTION('center_axis',(-1.32794571353032E-12,0.707106781186548,
-0.707106781186548));
#3826=DIRECTION('ref_axis',(-1.,0.,1.87799883816979E-12));
#3827=DIRECTION('',(-0.57735026918998,-0.57735026918999,-0.577350269188907));
#3828=DIRECTION('',(-1.,-6.98089570935287E-17,1.8779290292127E-12));
#3829=DIRECTION('center_axis',(-0.707106781186544,0.707106781186551,-2.130473579332E-14));
#3830=DIRECTION('ref_axis',(-3.01294463016889E-14,0.,1.));
#3831=DIRECTION('',(-0.577350269189637,-0.577350269189614,0.577350269189625));
#3832=DIRECTION('',(-3.01346249541691E-14,-5.17865248023585E-18,1.));
#3833=DIRECTION('center_axis',(1.00908180753912E-14,0.707106781186549,0.707106781186546));
#3834=DIRECTION('ref_axis',(1.,0.,-1.42705717776578E-14));
#3835=DIRECTION('',(1.,6.9808957093519E-17,-1.43403807347513E-14));
#3836=DIRECTION('center_axis',(1.43403807347513E-14,0.,1.));
#3837=DIRECTION('ref_axis',(-1.,0.,1.43403807347513E-14));
#3838=DIRECTION('',(0.,-1.,0.));
#3839=DIRECTION('',(0.,-1.,0.));
#3840=DIRECTION('center_axis',(1.,0.,6.97325794990789E-13));
#3841=DIRECTION('ref_axis',(-6.97325794990789E-13,0.,1.));
#3842=DIRECTION('',(0.,-1.,0.));
#3843=DIRECTION('center_axis',(-0.707106781186548,0.707106781186548,1.35804018073507E-12));
#3844=DIRECTION('ref_axis',(1.92055884184314E-12,0.,1.));
#3845=DIRECTION('',(-0.577350269188564,-0.577350269189673,0.577350269190641));
#3846=DIRECTION('',(1.92055366319066E-12,-5.17865248009967E-18,1.));
#3847=DIRECTION('',(-0.577350269190382,-0.577350269189274,-0.577350269189221));
#3848=DIRECTION('center_axis',(1.18910875929941E-12,0.707106781186547,0.707106781186548));
#3849=DIRECTION('ref_axis',(1.,0.,-1.68165373453786E-12));
#3850=DIRECTION('',(0.577350269189951,-0.57735026918995,0.577350269188977));
#3851=DIRECTION('',(1.,6.98089570935276E-17,-1.68172354349496E-12));
#3852=DIRECTION('center_axis',(0.707106781186548,0.707106781186547,-8.97960241592755E-17));
#3853=DIRECTION('ref_axis',(-1.26990755213229E-16,0.,-1.));
#3854=DIRECTION('',(0.577350269189609,-0.57735026918961,-0.577350269189658));
#3855=DIRECTION('',(-1.32169407693463E-16,5.17865248023374E-18,-1.));
#3856=DIRECTION('center_axis',(-6.58437130365544E-14,0.707106781186546,
-0.707106781186549));
#3857=DIRECTION('ref_axis',(-1.,0.,9.31170719732971E-14));
#3858=DIRECTION('',(-1.,-6.98089570935194E-17,9.30472630162036E-14));
#3859=DIRECTION('center_axis',(-9.30472630162036E-14,0.,-1.));
#3860=DIRECTION('ref_axis',(1.,0.,-9.30472630162036E-14));
#3861=DIRECTION('',(0.,-1.,0.));
#3862=DIRECTION('',(0.,-1.,0.));
#3863=DIRECTION('center_axis',(-1.,0.,1.92055366319066E-12));
#3864=DIRECTION('ref_axis',(-1.92055366319066E-12,0.,-1.));
#3865=DIRECTION('',(0.,-1.,0.));
#3866=DIRECTION('center_axis',(6.98089570935189E-17,-1.,-5.17865248023375E-18));
#3867=DIRECTION('ref_axis',(-1.,-3.45396233703125E-17,-1.78868706233008E-34));
#3868=DIRECTION('',(-0.37600367052542,0.707106781186547,-0.598849930910418));
#3869=DIRECTION('center_axis',(-4.9362386948388E-17,0.707106781186548,-0.707106781186547));
#3870=DIRECTION('ref_axis',(-1.,0.,6.9808957093519E-17));
#3871=DIRECTION('center_axis',(6.98089570935189E-17,-1.,-5.17865248023375E-18));
#3872=DIRECTION('ref_axis',(1.,3.45396233703125E-17,1.78868706233008E-34));
#3873=DIRECTION('',(0.680301343049803,-0.707106781186552,-0.192847303959967));
#3874=DIRECTION('center_axis',(-6.98089570935189E-17,1.,5.17865248023375E-18));
#3875=DIRECTION('ref_axis',(1.,0.,0.));
#3876=DIRECTION('',(-0.573412826445423,0.707106781186551,0.413760474753046));
#3877=DIRECTION('center_axis',(0.,1.,0.));
#3878=DIRECTION('ref_axis',(-0.999753031250943,-3.72688948740169E-17,-0.0222233324357713));
#3879=DIRECTION('',(-0.554460704864965,0.707106781186548,-0.438831775012527));
#3880=DIRECTION('center_axis',(6.98089570935189E-17,-1.,-5.17865248023375E-18));
#3881=DIRECTION('ref_axis',(-0.999753031250943,0.,-0.0222233324357713));
#3882=DIRECTION('center_axis',(0.554460704864965,0.707106781186547,0.438831775012529));
#3883=DIRECTION('ref_axis',(0.620601847822977,0.,-0.784125848622979));
#3884=DIRECTION('',(-0.554460704864965,0.707106781186548,-0.438831775012527));
#3885=DIRECTION('',(0.620601847822977,4.73842830376195E-17,-0.784125848622979));
#3886=DIRECTION('center_axis',(0.,-1.,0.));
#3887=DIRECTION('ref_axis',(0.784125848622979,2.41181442835625E-17,0.620601847822977));
#3888=DIRECTION('',(0.554460704864964,0.707106781186549,0.438831775012527));
#3889=DIRECTION('center_axis',(-6.98089570935189E-17,1.,5.17865248023375E-18));
#3890=DIRECTION('ref_axis',(0.784125848622979,0.,0.620601847822977));
#3891=DIRECTION('center_axis',(-0.554460704864967,0.707106781186545,-0.438831775012531));
#3892=DIRECTION('ref_axis',(-0.620601847822977,0.,0.784125848622979));
#3893=DIRECTION('',(0.554460704864961,0.70710678118655,0.438831775012529));
#3894=DIRECTION('',(-0.620601847822977,-4.73842830376195E-17,0.784125848622979));
#3895=DIRECTION('center_axis',(0.,1.,0.));
#3896=DIRECTION('ref_axis',(0.25127904091274,6.70157631754261E-18,0.96791468818175));
#3897=DIRECTION('',(-0.270979714700899,0.707106781186551,0.653123261123515));
#3898=DIRECTION('center_axis',(6.98089570935189E-17,-1.,-5.17865248023375E-18));
#3899=DIRECTION('ref_axis',(0.25127904091274,0.,0.96791468818175));
#3900=DIRECTION('center_axis',(6.98089570935189E-17,-1.,-5.17865248023375E-18));
#3901=DIRECTION('ref_axis',(-1.,-3.45396233703125E-17,-1.78868706233008E-34));
#3902=DIRECTION('',(0.461506741494997,0.707106781186545,0.535734568190885));
#3903=DIRECTION('center_axis',(-6.98089570935189E-17,1.,5.17865248023375E-18));
#3904=DIRECTION('ref_axis',(-1.,0.,0.));
#3905=DIRECTION('center_axis',(0.,1.,0.));
#3906=DIRECTION('ref_axis',(0.0637738476298266,-3.83043550958374E-19,0.997964376297314));
#3907=DIRECTION('',(-0.389560138200874,0.707106781186549,0.590121088188614));
#3908=DIRECTION('center_axis',(6.98089570935189E-17,-1.,-5.17865248023375E-18));
#3909=DIRECTION('ref_axis',(0.0637738476298266,0.,0.997964376297314));
#3910=DIRECTION('center_axis',(0.389560138200876,0.707106781186547,-0.590121088188615));
#3911=DIRECTION('ref_axis',(-0.834557246358708,0.,-0.550921230803616));
#3912=DIRECTION('',(-0.389560138200886,0.707106781186547,0.590121088188608));
#3913=DIRECTION('',(-0.834557246358708,-5.54065414048258E-17,-0.550921230803616));
#3914=DIRECTION('center_axis',(0.,-1.,0.));
#3915=DIRECTION('ref_axis',(0.550921230803615,2.00252044121336E-17,-0.834557246358708));
#3916=DIRECTION('',(0.389560138200879,0.707106781186547,-0.590121088188613));
#3917=DIRECTION('center_axis',(-6.98089570935189E-17,1.,5.17865248023375E-18));
#3918=DIRECTION('ref_axis',(0.550921230803615,0.,-0.834557246358708));
#3919=DIRECTION('center_axis',(-0.389560138200875,0.707106781186549,0.590121088188613));
#3920=DIRECTION('ref_axis',(0.834557246358708,0.,0.550921230803616));
#3921=DIRECTION('',(0.389560138200872,0.707106781186547,-0.590121088188618));
#3922=DIRECTION('',(0.834557246358708,5.54065414048258E-17,0.550921230803616));
#3923=DIRECTION('center_axis',(0.,1.,0.));
#3924=DIRECTION('ref_axis',(0.942740062277093,3.61254731639415E-17,-0.333528372073176));
#3925=DIRECTION('',(0.673994089604566,0.707106781186544,0.213850338269822));
#3926=DIRECTION('center_axis',(6.98089570935189E-17,-1.,-5.17865248023375E-18));
#3927=DIRECTION('ref_axis',(0.942740062277093,0.,-0.333528372073176));
#3928=DIRECTION('center_axis',(6.98089570935189E-17,-1.,-5.17865248023375E-18));
#3929=DIRECTION('ref_axis',(-1.,-3.45396233703125E-17,-1.78868706233008E-34));
#3930=DIRECTION('',(0.680301343049809,0.707106781186546,0.192847303959967));
#3931=DIRECTION('center_axis',(2.38342688083814E-16,-1.,-4.26436763729509E-15));
#3932=DIRECTION('ref_axis',(1.,3.42862017076441E-17,3.11584863113825E-17));
#3933=DIRECTION('center_axis',(0.,1.,0.));
#3934=DIRECTION('ref_axis',(1.,0.,6.12323399573677E-17));
#3935=DIRECTION('',(0.901875987756233,0.382683432365089,0.20043226611999));
#3936=DIRECTION('center_axis',(2.38342688083816E-16,-1.,4.22900558622947E-15));
#3937=DIRECTION('ref_axis',(-1.,-3.42862017076442E-17,-3.11584863113825E-17));
#3938=DIRECTION('center_axis',(-4.9362386948388E-17,0.707106781186548,-0.707106781186547));
#3939=DIRECTION('ref_axis',(-1.,0.,6.9808957093519E-17));
#3940=DIRECTION('',(0.,-0.707106781186547,-0.707106781186548));
#3941=DIRECTION('',(-1.,-6.98089570935189E-17,1.23259516440783E-32));
#3942=DIRECTION('center_axis',(0.,-1.,-5.17865248023375E-18));
#3943=DIRECTION('ref_axis',(1.,3.26765331076046E-17,-1.25182475636501E-32));
#3944=DIRECTION('',(0.,-0.707106781186553,0.707106781186542));
#3945=DIRECTION('center_axis',(-6.98089570935189E-17,1.,5.17865248023375E-18));
#3946=DIRECTION('ref_axis',(1.,0.,-1.26874679728732E-32));
#3947=DIRECTION('center_axis',(-4.9362386948388E-17,0.707106781186548,0.707106781186547));
#3948=DIRECTION('ref_axis',(1.,0.,6.9808957093519E-17));
#3949=DIRECTION('',(1.,6.98089570935189E-17,-1.23259516440783E-32));
#3950=DIRECTION('center_axis',(2.38342688083814E-16,-1.,-4.26436763729509E-15));
#3951=DIRECTION('ref_axis',(1.,3.42862017076441E-17,3.11584863113825E-17));
#3952=DIRECTION('',(-0.901875987756231,0.382683432365092,-0.200432266119991));
#3953=DIRECTION('center_axis',(0.,1.,0.));
#3954=DIRECTION('ref_axis',(1.,0.,6.12323399573677E-17));
#3955=DIRECTION('center_axis',(0.,1.,0.));
#3956=DIRECTION('ref_axis',(0.165636214779767,8.91651738232526E-18,-0.986186921609403));
#3957=DIRECTION('',(0.55101428059821,0.707106781186552,-0.443151511987526));
#3958=DIRECTION('center_axis',(6.98089570935189E-17,-1.,-5.17865248023375E-18));
#3959=DIRECTION('ref_axis',(0.165636214779767,0.,-0.986186921609403));
#3960=DIRECTION('center_axis',(0.,-1.,0.));
#3961=DIRECTION('ref_axis',(1.,3.26765331076046E-17,-1.21567312348552E-32));
#3962=DIRECTION('',(-0.388238735242922,0.707106781186549,0.590991272741801));
#3963=DIRECTION('center_axis',(-6.98089570935189E-17,1.,5.17865248023375E-18));
#3964=DIRECTION('ref_axis',(1.,0.,-1.23259516440783E-32));
#3965=DIRECTION('center_axis',(-6.98089570935189E-17,1.,5.17865248023375E-18));
#3966=DIRECTION('ref_axis',(1.,0.,-1.23259516440783E-32));
#3967=DIRECTION('center_axis',(0.,1.,0.));
#3968=DIRECTION('ref_axis',(-0.965744749024638,-3.67793868826761E-17,0.259493891510644));
#3969=DIRECTION('',(-0.632163583936634,0.707106781186553,-0.316810989620596));
#3970=DIRECTION('center_axis',(6.98089570935189E-17,-1.,-5.17865248023375E-18));
#3971=DIRECTION('ref_axis',(-0.965744749024639,0.,0.259493891510644));
#3972=DIRECTION('center_axis',(6.98089570935189E-17,-1.,-5.17865248023375E-18));
#3973=DIRECTION('ref_axis',(1.,3.45396233703125E-17,1.78868706233008E-34));
#3974=DIRECTION('',(-0.680301343049803,0.707106781186552,-0.192847303959967));
#3975=DIRECTION('center_axis',(-6.98089570935189E-17,1.,5.17865248023375E-18));
#3976=DIRECTION('ref_axis',(1.,0.,0.));
#3977=DIRECTION('center_axis',(0.,-1.,0.));
#3978=DIRECTION('ref_axis',(0.942740062277093,0.,-0.333528372073176));
#3979=DIRECTION('',(0.,-1.,0.));
#3980=DIRECTION('center_axis',(-0.550921230803616,0.,0.834557246358708));
#3981=DIRECTION('ref_axis',(-0.834557246358708,-5.54065414048258E-17,-0.550921230803616));
#3982=DIRECTION('',(0.,-1.,0.));
#3983=DIRECTION('center_axis',(0.,-1.,0.));
#3984=DIRECTION('ref_axis',(0.550921230803615,0.,-0.834557246358708));
#3985=DIRECTION('center_axis',(6.98089570935189E-17,-1.,-5.17865248023375E-18));
#3986=DIRECTION('ref_axis',(0.550921230803615,0.,-0.834557246358708));
#3987=DIRECTION('',(0.,1.,0.));
#3988=DIRECTION('',(0.,-1.,0.));
#3989=DIRECTION('center_axis',(0.550921230803616,0.,-0.834557246358708));
#3990=DIRECTION('ref_axis',(0.834557246358708,5.54065414048258E-17,0.550921230803616));
#3991=DIRECTION('',(0.,1.,0.));
#3992=DIRECTION('center_axis',(0.,1.,0.));
#3993=DIRECTION('ref_axis',(0.0637738476298266,0.,0.997964376297314));
#3994=DIRECTION('',(0.,-1.,0.));
#3995=DIRECTION('center_axis',(0.,-1.,0.));
#3996=DIRECTION('ref_axis',(-1.,0.,0.));
#3997=DIRECTION('',(0.,1.,0.));
#3998=DIRECTION('center_axis',(0.,-1.,0.));
#3999=DIRECTION('ref_axis',(0.25127904091274,0.,0.96791468818175));
#4000=DIRECTION('',(0.,-1.,0.));
#4001=DIRECTION('center_axis',(-0.784125848622979,0.,-0.620601847822977));
#4002=DIRECTION('ref_axis',(0.620601847822977,4.73842830376195E-17,-0.784125848622979));
#4003=DIRECTION('',(0.,-1.,0.));
#4004=DIRECTION('center_axis',(0.,-1.,0.));
#4005=DIRECTION('ref_axis',(0.784125848622979,0.,0.620601847822977));
#4006=DIRECTION('center_axis',(6.98089570935189E-17,-1.,-5.17865248023375E-18));
#4007=DIRECTION('ref_axis',(-0.784125848622979,0.,-0.620601847822977));
#4008=DIRECTION('center_axis',(6.98089570935189E-17,-1.,-5.17865248023375E-18));
#4009=DIRECTION('ref_axis',(-0.784125848622979,0.,-0.620601847822977));
#4010=DIRECTION('',(0.,1.,0.));
#4011=DIRECTION('',(0.,-1.,0.));
#4012=DIRECTION('center_axis',(0.784125848622979,0.,0.620601847822977));
#4013=DIRECTION('ref_axis',(-0.620601847822977,-4.73842830376195E-17,0.784125848622979));
#4014=DIRECTION('',(0.,1.,0.));
#4015=DIRECTION('center_axis',(0.,1.,0.));
#4016=DIRECTION('ref_axis',(-0.999753031250943,0.,-0.0222233324357713));
#4017=DIRECTION('',(0.,-1.,0.));
#4018=DIRECTION('center_axis',(0.,-1.,0.));
#4019=DIRECTION('ref_axis',(1.,0.,0.));
#4020=DIRECTION('center_axis',(-1.26874679728732E-32,5.17865248023375E-18,
-1.));
#4021=DIRECTION('ref_axis',(1.,6.98089570935189E-17,-1.23259516440783E-32));
#4022=DIRECTION('',(0.,-1.,-5.17865248023375E-18));
#4023=DIRECTION('',(1.,6.98089570935189E-17,-1.23259516440783E-32));
#4024=DIRECTION('',(-6.57039874856061E-50,-1.,-5.17865248023375E-18));
#4025=DIRECTION('center_axis',(0.,-1.,-5.17865248023375E-18));
#4026=DIRECTION('ref_axis',(1.,6.34202018381476E-34,-1.22464679914735E-16));
#4027=DIRECTION('',(0.,-1.,-5.17865248023375E-18));
#4028=DIRECTION('center_axis',(6.98089570935189E-17,-1.,-5.17865248023375E-18));
#4029=DIRECTION('ref_axis',(1.,0.,-1.26874679728732E-32));
#4030=DIRECTION('center_axis',(-0.75763784274743,-0.00372252464007694,0.652664570853455));
#4031=DIRECTION('ref_axis',(0.109335455281712,-0.986576701772158,0.121293733303545));
#4032=DIRECTION('center_axis',(6.98089570935189E-17,-1.,-5.17865248023375E-18));
#4033=DIRECTION('ref_axis',(0.,0.,-1.));
#4034=DIRECTION('center_axis',(-6.98089570935189E-17,1.,5.17865248023375E-18));
#4035=DIRECTION('ref_axis',(-0.509940259156243,-3.08395284618099E-17,-0.86020981864407));
#4036=DIRECTION('center_axis',(0.,0.,1.));
#4037=DIRECTION('ref_axis',(1.,0.,0.));
#4038=DIRECTION('center_axis',(-0.230282896640284,9.15440568580702E-15,
0.973123726724901));
#4039=DIRECTION('ref_axis',(-0.973123726724901,0.,-0.230282896640284));
#4040=DIRECTION('center_axis',(0.,-1.,0.));
#4041=DIRECTION('ref_axis',(-0.716351301531277,0.,-0.697739788742513));
#4042=DIRECTION('center_axis',(0.697739788742505,0.,-0.716351301531284));
#4043=DIRECTION('ref_axis',(0.,1.,0.));
#4044=DIRECTION('center_axis',(0.,1.,0.));
#4045=DIRECTION('ref_axis',(-0.876476157273415,0.,-0.48144526763821));
#4046=DIRECTION('',(0.,1.,0.));
#4047=DIRECTION('',(0.,-1.,0.));
#4048=DIRECTION('center_axis',(0.,1.,0.));
#4049=DIRECTION('ref_axis',(0.,0.,1.));
#4050=DIRECTION('center_axis',(-6.98089570935189E-17,1.,5.17865248023375E-18));
#4051=DIRECTION('ref_axis',(-0.509940259156243,-3.08395284618099E-17,-0.86020981864407));
#4052=DIRECTION('center_axis',(0.,0.,1.));
#4053=DIRECTION('ref_axis',(1.,0.,0.));
#4054=DIRECTION('center_axis',(0.,-1.,0.));
#4055=DIRECTION('ref_axis',(0.965119610097104,0.,-0.261809354695386));
#4056=DIRECTION('center_axis',(0.261809354695382,0.,0.965119610097105));
#4057=DIRECTION('ref_axis',(0.,1.,0.));
#4058=DIRECTION('center_axis',(-0.720668121873497,0.,-0.693280216157454));
#4059=DIRECTION('ref_axis',(0.693280216157454,0.,-0.720668121873497));
#4060=DIRECTION('center_axis',(0.,1.,0.));
#4061=DIRECTION('ref_axis',(0.,0.,1.));
#4062=DIRECTION('center_axis',(0.,1.,0.));
#4063=DIRECTION('ref_axis',(0.0162633286913505,0.,0.999867743324024));
#4064=DIRECTION('center_axis',(0.,1.,0.));
#4065=DIRECTION('ref_axis',(0.,0.,1.));
#4066=DIRECTION('center_axis',(0.,1.,0.));
#4067=DIRECTION('ref_axis',(-0.952768329675186,0.,0.303698057234413));
#4068=DIRECTION('center_axis',(0.,-1.,0.));
#4069=DIRECTION('ref_axis',(0.860354774488026,0.,-0.509695656265245));
#4070=DIRECTION('',(0.,1.,0.));
#4071=DIRECTION('',(0.,-1.,0.));
#4072=DIRECTION('center_axis',(0.,-1.,0.));
#4073=DIRECTION('ref_axis',(-1.,0.,1.22464679914735E-16));
#4074=DIRECTION('center_axis',(0.,-1.,0.));
#4075=DIRECTION('ref_axis',(-1.,0.,1.22464679914735E-16));
#4076=DIRECTION('center_axis',(0.,-1.,0.));
#4077=DIRECTION('ref_axis',(-0.0162633286913504,0.,-0.999867743324024));
#4078=DIRECTION('center_axis',(0.,-1.,0.));
#4079=DIRECTION('ref_axis',(-1.,0.,1.23259516440783E-32));
#4080=DIRECTION('center_axis',(0.,1.,0.));
#4081=DIRECTION('ref_axis',(-1.,0.,1.22464679914735E-16));
#4082=DIRECTION('center_axis',(0.,1.,0.));
#4083=DIRECTION('ref_axis',(-1.,0.,1.22464679914735E-16));
#4084=DIRECTION('center_axis',(0.,1.,0.));
#4085=DIRECTION('ref_axis',(-0.016263328691352,0.,-0.999867743324024));
#4086=DIRECTION('center_axis',(0.,1.,0.));
#4087=DIRECTION('ref_axis',(-1.,0.,1.23259516440783E-32));
#4088=DIRECTION('center_axis',(0.,-1.,0.));
#4089=DIRECTION('ref_axis',(-1.,0.,1.23259516440783E-32));
#4090=DIRECTION('center_axis',(0.,-1.,0.));
#4091=DIRECTION('ref_axis',(-1.,0.,1.23259516440783E-32));
#4092=DIRECTION('',(-0.707106781186547,0.707106781186547,-8.65956056235493E-17));
#4093=DIRECTION('center_axis',(0.,1.,0.));
#4094=DIRECTION('ref_axis',(-1.,0.,1.23259516440783E-32));
#4095=DIRECTION('center_axis',(0.,1.,0.));
#4096=DIRECTION('ref_axis',(-1.,0.,1.23259516440783E-32));
#4097=DIRECTION('center_axis',(0.,-1.,0.));
#4098=DIRECTION('ref_axis',(1.,0.,-1.23259516440783E-32));
#4099=DIRECTION('',(0.,1.,0.));
#4100=DIRECTION('center_axis',(-6.98089570935189E-17,1.,5.17865248023375E-18));
#4101=DIRECTION('ref_axis',(1.,6.98089570935189E-17,-1.23259516440783E-32));
#4102=DIRECTION('center_axis',(0.,-1.,0.));
#4103=DIRECTION('ref_axis',(-1.,0.,1.22464679914735E-16));
#4104=DIRECTION('center_axis',(0.,-1.,0.));
#4105=DIRECTION('ref_axis',(1.,0.,0.));
#4106=DIRECTION('',(-0.206311416544969,-0.717515064094885,0.665287706334727));
#4107=DIRECTION('center_axis',(0.,-1.,0.));
#4108=DIRECTION('ref_axis',(-0.603022689155527,-2.47263482210592E-17,0.797724035217465));
#4109=DIRECTION('',(0.166267326549052,0.707106781186544,-0.687281002299813));
#4110=DIRECTION('center_axis',(-6.98089570935189E-17,1.,5.17865248023375E-18));
#4111=DIRECTION('ref_axis',(-0.603022689155527,0.,0.797724035217465));
#4112=DIRECTION('',(0.,-0.707106781186549,0.707106781186546));
#4113=DIRECTION('center_axis',(6.98089570935189E-17,-1.,-5.17865248023375E-18));
#4114=DIRECTION('ref_axis',(-0.603022689155527,-4.62275205871976E-17,0.797724035217465));
#4115=DIRECTION('center_axis',(4.93623869483879E-17,-0.707106781186547,
-0.707106781186548));
#4116=DIRECTION('ref_axis',(-1.,0.,-6.98089570935188E-17));
#4117=DIRECTION('',(0.,-0.707106781186548,0.707106781186547));
#4118=DIRECTION('',(-1.,-6.98089570935189E-17,1.23259516440783E-32));
#4119=DIRECTION('center_axis',(0.,1.,5.17865248023374E-18));
#4120=DIRECTION('ref_axis',(1.,3.26765331076046E-17,-1.25182475636501E-32));
#4121=DIRECTION('',(0.,-0.70710678118655,-0.707106781186545));
#4122=DIRECTION('center_axis',(-6.98089570935189E-17,1.,5.17865248023375E-18));
#4123=DIRECTION('ref_axis',(1.,6.98089570935189E-17,-1.23259516440783E-32));
#4124=DIRECTION('center_axis',(4.9362386948388E-17,-0.707106781186547,0.707106781186548));
#4125=DIRECTION('ref_axis',(1.,0.,-6.98089570935189E-17));
#4126=DIRECTION('',(0.,-0.707106781186548,-0.707106781186547));
#4127=DIRECTION('',(1.,6.98089570935189E-17,-1.23259516440783E-32));
#4128=DIRECTION('',(-1.,-6.98089570935189E-17,1.23259516440783E-32));
#4129=DIRECTION('center_axis',(0.,-1.,0.));
#4130=DIRECTION('ref_axis',(-0.603022689155527,-2.03069939079902E-17,-0.797724035217466));
#4131=DIRECTION('',(-0.166267326549057,-0.707106781186543,-0.687281002299813));
#4132=DIRECTION('center_axis',(6.98089570935189E-17,-1.,-5.17865248023375E-18));
#4133=DIRECTION('ref_axis',(-0.603022689155527,-3.79652494801556E-17,-0.797724035217466));
#4134=DIRECTION('center_axis',(-6.98089570935189E-17,1.,5.17865248023375E-18));
#4135=DIRECTION('ref_axis',(-0.603022689155527,0.,-0.797724035217466));
#4136=DIRECTION('',(0.206311416544964,0.717515064094887,0.665287706334726));
#4137=DIRECTION('center_axis',(-6.98089570935189E-17,1.,5.17865248023375E-18));
#4138=DIRECTION('ref_axis',(-1.,-6.98089570935189E-17,1.23259516440783E-32));
#4139=DIRECTION('center_axis',(6.98089570935189E-17,-1.,-5.17865248023375E-18));
#4140=DIRECTION('ref_axis',(1.,6.98089570935189E-17,-1.22821828361648E-16));
#4141=DIRECTION('center_axis',(-6.98089570935189E-17,1.,5.17865248023375E-18));
#4142=DIRECTION('ref_axis',(-1.,-6.98089570935189E-17,1.23259516440783E-32));
#4143=DIRECTION('center_axis',(0.,-1.,0.));
#4144=DIRECTION('ref_axis',(1.,3.9890832624868E-17,-1.2119370884767E-32));
#4145=DIRECTION('center_axis',(6.98089570935189E-17,-1.,-5.17865248023375E-18));
#4146=DIRECTION('ref_axis',(1.,6.98089570935189E-17,-1.19644353152835E-32));
#4147=DIRECTION('',(0.707106781186548,0.707106781186547,8.65956056235493E-17));
#4148=DIRECTION('center_axis',(-6.98089570935189E-17,1.,5.17865248023375E-18));
#4149=DIRECTION('ref_axis',(1.,0.,-1.23259516440783E-32));
#4150=DIRECTION('center_axis',(-6.98089570935189E-17,1.,5.17865248023375E-18));
#4151=DIRECTION('ref_axis',(1.,0.,-1.23259516440783E-32));
#4152=DIRECTION('center_axis',(6.98089570935189E-17,-1.,-5.17865248023375E-18));
#4153=DIRECTION('ref_axis',(1.,6.98089570935189E-17,-1.23259516440783E-32));
#4154=DIRECTION('center_axis',(-6.98089570935189E-17,1.,5.17865248023375E-18));
#4155=DIRECTION('ref_axis',(-0.784125848622979,-5.15251264239746E-17,-0.620601847822977));
#4156=DIRECTION('center_axis',(0.,-1.,0.));
#4157=DIRECTION('ref_axis',(-1.,0.,1.23259516440783E-32));
#4158=DIRECTION('',(0.,1.,0.));
#4159=DIRECTION('center_axis',(0.,1.,0.));
#4160=DIRECTION('ref_axis',(-0.784125848622979,-2.41181442835626E-17,-0.620601847822977));
#4161=DIRECTION('',(0.554460704864963,0.70710678118655,0.438831775012528));
#4162=DIRECTION('center_axis',(0.,-1.,0.));
#4163=DIRECTION('ref_axis',(1.,3.98908326248679E-17,-1.2119370884767E-32));
#4164=DIRECTION('center_axis',(6.98089570935189E-17,-1.,-5.17865248023375E-18));
#4165=DIRECTION('ref_axis',(1.,6.98089570935189E-17,-1.19644353152835E-32));
#4166=DIRECTION('',(0.707106781186545,0.70710678118655,8.6595605623549E-17));
#4167=DIRECTION('center_axis',(-6.98089570935189E-17,1.,5.17865248023375E-18));
#4168=DIRECTION('ref_axis',(1.,0.,-1.23259516440783E-32));
#4169=DIRECTION('center_axis',(-6.98089570935189E-17,1.,5.17865248023375E-18));
#4170=DIRECTION('ref_axis',(1.,0.,-1.23259516440783E-32));
#4171=DIRECTION('center_axis',(6.98089570935189E-17,-1.,-5.17865248023375E-18));
#4172=DIRECTION('ref_axis',(1.,6.98089570935189E-17,-1.23259516440783E-32));
#4173=DIRECTION('center_axis',(-6.98089570935189E-17,1.,5.17865248023375E-18));
#4174=DIRECTION('ref_axis',(0.550921230803615,4.27811185168308E-17,-0.834557246358708));
#4175=DIRECTION('center_axis',(0.,-1.,0.));
#4176=DIRECTION('ref_axis',(-1.,0.,1.23259516440783E-32));
#4177=DIRECTION('',(0.,1.,0.));
#4178=DIRECTION('center_axis',(0.,1.,0.));
#4179=DIRECTION('ref_axis',(0.550921230803615,2.00252044121336E-17,-0.834557246358708));
#4180=DIRECTION('',(-0.389560138200876,0.707106781186546,0.590121088188616));
#4181=DIRECTION('center_axis',(0.,1.,0.));
#4182=DIRECTION('ref_axis',(-1.83697019872103E-16,0.,-1.));
#4183=DIRECTION('center_axis',(0.,-1.,0.));
#4184=DIRECTION('ref_axis',(-1.83697019872103E-16,0.,-1.));
#4185=DIRECTION('',(-2.16489014058873E-16,-0.707106781186548,-0.707106781186548));
#4186=DIRECTION('center_axis',(0.,1.,0.));
#4187=DIRECTION('ref_axis',(-1.83697019872103E-16,0.,-1.));
#4188=DIRECTION('center_axis',(0.,-1.,0.));
#4189=DIRECTION('ref_axis',(-1.83697019872103E-16,0.,-1.));
#4190=DIRECTION('center_axis',(0.,-1.,0.));
#4191=DIRECTION('ref_axis',(-1.83697019872103E-16,0.,-1.));
#4192=DIRECTION('',(0.,1.,0.));
#4193=DIRECTION('center_axis',(0.,1.,0.));
#4194=DIRECTION('ref_axis',(1.,0.,0.));
#4195=DIRECTION('center_axis',(0.,1.,0.));
#4196=DIRECTION('ref_axis',(1.,0.,0.));
#4197=DIRECTION('',(-0.707106781186548,0.707106781186548,-8.65956056235493E-17));
#4198=DIRECTION('center_axis',(0.,-1.,0.));
#4199=DIRECTION('ref_axis',(1.,0.,0.));
#4200=DIRECTION('center_axis',(0.,-1.,0.));
#4201=DIRECTION('ref_axis',(1.,0.,0.));
#4202=DIRECTION('center_axis',(0.,-1.,0.));
#4203=DIRECTION('ref_axis',(1.,0.,0.));
#4204=DIRECTION('',(0.,1.,0.));
#4205=DIRECTION('center_axis',(0.,-1.,0.));
#4206=DIRECTION('ref_axis',(-1.,-3.9890832624868E-17,1.2119370884767E-32));
#4207=DIRECTION('center_axis',(6.98089570935189E-17,-1.,-5.17865248023375E-18));
#4208=DIRECTION('ref_axis',(-1.,-6.98089570935189E-17,1.19644353152835E-32));
#4209=DIRECTION('',(-0.707106781186547,0.707106781186547,-8.65956056235493E-17));
#4210=DIRECTION('center_axis',(-6.98089570935189E-17,1.,5.17865248023375E-18));
#4211=DIRECTION('ref_axis',(-1.,0.,1.23259516440783E-32));
#4212=DIRECTION('center_axis',(-6.98089570935189E-17,1.,5.17865248023375E-18));
#4213=DIRECTION('ref_axis',(-1.,-6.98089570935189E-17,1.23259516440783E-32));
#4214=DIRECTION('center_axis',(-6.98089570935189E-17,1.,5.17865248023375E-18));
#4215=DIRECTION('ref_axis',(-1.,-6.98089570935189E-17,1.19644353152835E-32));
#4216=DIRECTION('center_axis',(0.,-1.,0.));
#4217=DIRECTION('ref_axis',(-1.,0.,1.23259516440783E-32));
#4218=DIRECTION('',(0.,1.,0.));
#4219=DIRECTION('center_axis',(0.,1.,0.));
#4220=DIRECTION('ref_axis',(-1.,-3.26765331076046E-17,1.21567312348552E-32));
#4221=DIRECTION('',(0.707106781186547,0.707106781186547,8.65956056235493E-17));
#4222=DIRECTION('center_axis',(6.98089570935189E-17,-1.,-5.17865248023375E-18));
#4223=DIRECTION('ref_axis',(-1.,0.,1.23259516440783E-32));
#4224=DIRECTION('center_axis',(0.,-1.,0.));
#4225=DIRECTION('ref_axis',(-1.,0.,1.23259516440783E-32));
#4226=DIRECTION('',(0.,1.,0.));
#4227=DIRECTION('',(0.,1.,0.));
#4228=DIRECTION('',(0.,-1.,0.));
#4229=DIRECTION('center_axis',(0.,-1.,0.));
#4230=DIRECTION('ref_axis',(1.,0.,0.));
#4231=DIRECTION('center_axis',(0.,-1.,0.));
#4232=DIRECTION('ref_axis',(1.,0.,0.));
#4233=DIRECTION('',(0.707106781186547,0.707106781186548,8.65956056235493E-17));
#4234=DIRECTION('center_axis',(0.,-1.,0.));
#4235=DIRECTION('ref_axis',(1.,0.,0.));
#4236=DIRECTION('center_axis',(0.,1.,0.));
#4237=DIRECTION('ref_axis',(1.,0.,0.));
#4238=DIRECTION('center_axis',(0.,1.,0.));
#4239=DIRECTION('ref_axis',(1.,0.,0.));
#4240=DIRECTION('',(-0.707106781186547,0.707106781186548,-8.65956056235493E-17));
#4241=DIRECTION('center_axis',(0.,-1.,0.));
#4242=DIRECTION('ref_axis',(1.,0.,0.));
#4243=DIRECTION('center_axis',(0.,-1.,0.));
#4244=DIRECTION('ref_axis',(1.,0.,0.));
#4245=DIRECTION('',(0.,1.,0.));
#4246=DIRECTION('center_axis',(0.,-1.,0.));
#4247=DIRECTION('ref_axis',(-1.,-3.80776129601012E-17,1.21287609192811E-32));
#4248=DIRECTION('',(0.269354995864044,-0.707106781186547,0.653794987899939));
#4249=DIRECTION('',(0.42841403777182,0.707106781186548,-0.562549030965342));
#4250=DIRECTION('center_axis',(-6.98089570935189E-17,1.,5.17865248023375E-18));
#4251=DIRECTION('ref_axis',(-1.,0.,1.23259516440783E-32));
#4252=DIRECTION('center_axis',(0.,1.,0.));
#4253=DIRECTION('ref_axis',(0.350935845877493,1.20843688922549E-17,-0.936399504526913));
#4254=DIRECTION('center_axis',(6.98089570935189E-17,-1.,-5.17865248023375E-18));
#4255=DIRECTION('ref_axis',(0.350935845877493,0.,-0.936399504526913));
#4256=DIRECTION('center_axis',(0.,1.,0.));
#4257=DIRECTION('ref_axis',(-0.0983504740926215,-7.05022904641061E-19,-0.995151839794188));
#4258=DIRECTION('center_axis',(6.98089570935189E-17,-1.,-5.17865248023375E-18));
#4259=DIRECTION('ref_axis',(-0.0983504740926216,0.,-0.995151839794188));
#4260=DIRECTION('center_axis',(0.,-1.,0.));
#4261=DIRECTION('ref_axis',(1.,0.,-1.23259516440783E-32));
#4262=DIRECTION('',(0.,-1.,0.));
#4263=DIRECTION('center_axis',(0.,-1.,0.));
#4264=DIRECTION('ref_axis',(-0.129664188328022,0.,0.991557965156468));
#4265=DIRECTION('',(0.,1.,0.));
#4266=DIRECTION('center_axis',(0.,-1.,0.));
#4267=DIRECTION('ref_axis',(-0.0983504740926216,0.,-0.995151839794188));
#4268=DIRECTION('center_axis',(0.,1.,0.));
#4269=DIRECTION('ref_axis',(-0.0983504740926216,0.,-0.995151839794188));
#4270=DIRECTION('center_axis',(0.,1.,0.));
#4271=DIRECTION('ref_axis',(-0.0983504740926244,0.,-0.995151839794187));
#4272=DIRECTION('center_axis',(0.,-1.,0.));
#4273=DIRECTION('ref_axis',(0.,0.,-1.));
#4274=DIRECTION('center_axis',(-0.970269673562653,-1.13950139999455E-15,
-0.242026363366935));
#4275=DIRECTION('ref_axis',(-0.242026363366935,0.,0.970269673562653));
#4276=DIRECTION('center_axis',(0.,-1.,0.));
#4277=DIRECTION('ref_axis',(-0.0983504740926244,0.,-0.995151839794187));
#4278=DIRECTION('center_axis',(0.79556446909103,0.,0.605868942527927));
#4279=DIRECTION('ref_axis',(0.,1.,0.));
#4280=DIRECTION('center_axis',(0.924605738899647,0.,-0.38092548824388));
#4281=DIRECTION('ref_axis',(0.,1.,0.));
#4282=DIRECTION('center_axis',(0.,1.,0.));
#4283=DIRECTION('ref_axis',(-0.129664188328023,0.,0.991557965156468));
#4284=DIRECTION('center_axis',(0.,-1.,0.));
#4285=DIRECTION('ref_axis',(0.,0.,-1.));
#4286=DIRECTION('center_axis',(0.999878215741344,-2.46942996783215E-16,
0.0156062066469276));
#4287=DIRECTION('ref_axis',(4.23550083894497E-12,1.,-2.71349609448635E-10));
#4288=DIRECTION('center_axis',(0.,1.,0.));
#4289=DIRECTION('ref_axis',(0.350935845877492,0.,-0.936399504526913));
#4290=DIRECTION('center_axis',(0.,-1.,0.));
#4291=DIRECTION('ref_axis',(0.350935845877492,0.,-0.936399504526913));
#4292=DIRECTION('center_axis',(0.,1.,0.));
#4293=DIRECTION('ref_axis',(0.,0.,1.));
#4294=DIRECTION('center_axis',(0.,-1.,0.));
#4295=DIRECTION('ref_axis',(0.350935845877493,0.,-0.936399504526913));
#4296=DIRECTION('center_axis',(0.,1.,0.));
#4297=DIRECTION('ref_axis',(0.350935845877493,0.,-0.936399504526913));
#4298=DIRECTION('center_axis',(0.,-1.,0.));
#4299=DIRECTION('ref_axis',(6.12323399573677E-17,0.,1.));
#4300=DIRECTION('center_axis',(0.,-1.,0.));
#4301=DIRECTION('ref_axis',(6.12323399573677E-17,0.,1.));
#4302=DIRECTION('center_axis',(0.,-1.,0.));
#4303=DIRECTION('ref_axis',(6.12323399573677E-17,0.,1.));
#4304=DIRECTION('center_axis',(-0.991424437808429,0.,-0.130681230925644));
#4305=DIRECTION('ref_axis',(0.126531557759226,-0.250000000000001,-0.959942584163773));
#4306=DIRECTION('center_axis',(0.,1.,0.));
#4307=DIRECTION('ref_axis',(0.129664188328022,0.,-0.991557965156468));
#4308=DIRECTION('center_axis',(6.98089570935189E-17,-1.,-5.17865248023375E-18));
#4309=DIRECTION('ref_axis',(0.,0.,-1.));
#4310=DIRECTION('center_axis',(-6.98089570935189E-17,1.,5.17865248023375E-18));
#4311=DIRECTION('ref_axis',(1.,6.69962170032422E-17,-1.22821828361648E-16));
#4312=DIRECTION('center_axis',(0.,-1.,0.));
#4313=DIRECTION('ref_axis',(-0.603022689155527,0.,0.797724035217465));
#4314=DIRECTION('',(0.,1.,0.));
#4315=DIRECTION('center_axis',(0.,1.,0.));
#4316=DIRECTION('ref_axis',(-0.603022689155527,0.,-0.797724035217466));
#4317=DIRECTION('',(0.,-1.,0.));
#4318=DIRECTION('',(6.57039874856061E-50,1.,5.17865248023375E-18));
#4319=DIRECTION('center_axis',(0.,-1.,0.));
#4320=DIRECTION('ref_axis',(0.996782109045593,0.,-0.08015876175827));
#4321=DIRECTION('',(0.,1.,0.));
#4322=DIRECTION('center_axis',(0.,-1.,-5.17865248023375E-18));
#4323=DIRECTION('ref_axis',(-1.,0.,1.26874679728732E-32));
#4324=DIRECTION('',(0.,1.,5.17865248023375E-18));
#4325=DIRECTION('center_axis',(1.26874679728732E-32,-5.17865248023375E-18,
1.));
#4326=DIRECTION('ref_axis',(-1.,-6.98089570935189E-17,1.23259516440783E-32));
#4327=DIRECTION('center_axis',(0.,-1.,0.));
#4328=DIRECTION('ref_axis',(1.,0.,0.));
#4329=DIRECTION('center_axis',(0.,-1.,0.));
#4330=DIRECTION('ref_axis',(-0.965744749024639,0.,0.259493891510644));
#4331=DIRECTION('center_axis',(0.,1.,0.));
#4332=DIRECTION('ref_axis',(0.165636214779767,0.,-0.986186921609403));
#4333=DIRECTION('center_axis',(-1.,0.,-3.01346249541691E-14));
#4334=DIRECTION('ref_axis',(3.01346249541691E-14,0.,-1.));
#4335=DIRECTION('',(0.,-1.,0.));
#4336=DIRECTION('center_axis',(-1.,0.,1.17895111662548E-13));
#4337=DIRECTION('ref_axis',(-1.17895111662548E-13,0.,-1.));
#4338=DIRECTION('',(0.,-1.,0.));
#4339=DIRECTION('center_axis',(0.,1.,0.));
#4340=DIRECTION('ref_axis',(-1.83697019872103E-16,0.,1.));
#4341=DIRECTION('',(0.,1.,0.));
#4342=DIRECTION('center_axis',(0.,1.,0.));
#4343=DIRECTION('ref_axis',(-1.,0.,-1.22464679914735E-16));
#4344=DIRECTION('',(0.,1.,0.));
#4345=DIRECTION('center_axis',(0.,1.,0.));
#4346=DIRECTION('ref_axis',(6.12323399573677E-17,0.,-1.));
#4347=DIRECTION('',(0.,1.,0.));
#4348=DIRECTION('center_axis',(0.,1.,0.));
#4349=DIRECTION('ref_axis',(1.,0.,0.));
#4350=DIRECTION('',(0.,1.,0.));
#4351=DIRECTION('center_axis',(1.,0.,0.));
#4352=DIRECTION('ref_axis',(0.,0.,1.));
#4353=DIRECTION('',(0.,-1.,0.));
#4354=DIRECTION('center_axis',(0.,0.,1.));
#4355=DIRECTION('ref_axis',(-1.,0.,0.));
#4356=DIRECTION('center_axis',(-1.8779290292127E-12,0.,-1.));
#4357=DIRECTION('ref_axis',(1.,0.,-1.8779290292127E-12));
#4358=DIRECTION('center_axis',(3.88181550395058E-13,0.,1.));
#4359=DIRECTION('ref_axis',(-1.,0.,3.88181550395058E-13));
#4360=DIRECTION('center_axis',(1.,0.,-1.32169407693463E-16));
#4361=DIRECTION('ref_axis',(1.32169407693463E-16,0.,1.));
#4362=DIRECTION('',(0.,-1.,0.));
#4363=DIRECTION('center_axis',(1.68172354349496E-12,0.,1.));
#4364=DIRECTION('ref_axis',(-1.,0.,1.68172354349496E-12));
#4365=CARTESIAN_POINT('',(0.,0.,0.));
#4366=CARTESIAN_POINT('Ctrl Pts',(-10.699509089751,-9.16286153591803,11.0614595147792));
#4367=CARTESIAN_POINT('Ctrl Pts',(-10.6351826232833,-9.00876495311091,11.1236811060406));
#4368=CARTESIAN_POINT('Ctrl Pts',(-10.3596426273134,-8.59628813938796,11.388113032339));
#4369=CARTESIAN_POINT('Ctrl Pts',(-9.7891133625964,-8.41448518490957,11.8861084472983));
#4370=CARTESIAN_POINT('Ctrl Pts',(-9.19772184985305,-8.41759727399962,12.342498728155));
#4371=CARTESIAN_POINT('Ctrl Pts',(-8.74300033105425,-8.50164214400306,12.6690114972496));
#4372=CARTESIAN_POINT('Ctrl Pts',(-8.31505410739809,-8.73696168510772,12.9523878523649));
#4373=CARTESIAN_POINT('Ctrl Pts',(-8.10193744981612,-9.00875811438334,13.0844182541549));
#4374=CARTESIAN_POINT('Ctrl Pts',(-8.02557191834993,-9.16286153591803,13.1310919858996));
#4375=CARTESIAN_POINT('Ctrl Pts',(-10.8846532680394,-9.02298348507824,10.8823735798838));
#4376=CARTESIAN_POINT('Ctrl Pts',(-10.8052254883557,-8.83366129620521,10.961206074617));
#4377=CARTESIAN_POINT('Ctrl Pts',(-10.4627112925587,-8.33328761449932,11.2975099441633));
#4378=CARTESIAN_POINT('Ctrl Pts',(-9.81079781104204,-8.13781355024062,11.8699586642861));
#4379=CARTESIAN_POINT('Ctrl Pts',(-9.18356589838527,-8.14124067220545,12.3532725879391));
#4380=CARTESIAN_POINT('Ctrl Pts',(-8.67947557382706,-8.23139520850839,12.713997884062));
#4381=CARTESIAN_POINT('Ctrl Pts',(-8.16872308271048,-8.50366836613671,13.0473792940162));
#4382=CARTESIAN_POINT('Ctrl Pts',(-7.90201966488947,-8.83365289418325,13.2082936899758));
#4383=CARTESIAN_POINT('Ctrl Pts',(-7.80578670533071,-9.02298348507823,13.2654221722672));
#4384=CARTESIAN_POINT('Ctrl Pts',(-10.9730825039697,-8.88444882804285,10.6068591932835));
#4385=CARTESIAN_POINT('Ctrl Pts',(-10.8813551443254,-8.6602298291466,10.7035326374329));
#4386=CARTESIAN_POINT('Ctrl Pts',(-10.4824895742698,-8.07249661987741,11.1165304925299));
#4387=CARTESIAN_POINT('Ctrl Pts',(-9.75615854220117,-7.86329595434953,11.7615589335248));
#4388=CARTESIAN_POINT('Ctrl Pts',(-9.09773974629961,-7.86705980895455,12.2677568491384));
#4389=CARTESIAN_POINT('Ctrl Pts',(-8.54766831583222,-7.96330440427282,12.6592148036616));
#4390=CARTESIAN_POINT('Ctrl Pts',(-7.95499352745355,-8.27242356613078,13.034927324344));
#4391=CARTESIAN_POINT('Ctrl Pts',(-7.63349008421136,-8.66021987842206,13.2173875286683));
#4392=CARTESIAN_POINT('Ctrl Pts',(-7.51690136755306,-8.88444882804285,13.2819499854332));
#4393=CARTESIAN_POINT('Ctrl Pts',(-10.934159430979,-8.79525455386882,10.3303716098703));
#4394=CARTESIAN_POINT('Ctrl Pts',(-10.8377588312721,-8.54778507531084,10.4382213071739));
#4395=CARTESIAN_POINT('Ctrl Pts',(-10.413451378981,-7.89743591258513,10.9015289012027));
#4396=CARTESIAN_POINT('Ctrl Pts',(-9.64195542661362,-7.67587673165987,11.5945603514152));
#4397=CARTESIAN_POINT('Ctrl Pts',(-8.96679552987856,-7.6803753886209,12.1124511615375));
#4398=CARTESIAN_POINT('Ctrl Pts',(-8.38849039509594,-7.78122470076049,12.5218775373161));
#4399=CARTESIAN_POINT('Ctrl Pts',(-7.74282580561632,-8.11898574650565,12.9193120661637));
#4400=CARTESIAN_POINT('Ctrl Pts',(-7.3875838891053,-8.54777409274189,13.1086647684898));
#4401=CARTESIAN_POINT('Ctrl Pts',(-7.25900368588527,-8.79525455386882,13.1749491668235));
#4402=CARTESIAN_POINT('',(-8.11038310748931,-9.01674017525226,13.0788786678567));
#4403=CARTESIAN_POINT('',(-7.25900368588527,-8.79525455386882,13.1749491668235));
#4404=CARTESIAN_POINT('Ctrl Pts',(-8.1103830986072,-9.01674020166211,13.0788786733646));
#4405=CARTESIAN_POINT('Ctrl Pts',(-8.10922513809709,-9.01629389224419,13.0795967397665));
#4406=CARTESIAN_POINT('Ctrl Pts',(-8.10806561241708,-9.01584793778721,13.0803125000477));
#4407=CARTESIAN_POINT('Ctrl Pts',(-8.03687302801104,-8.98852579369639,13.1240580217019));
#4408=CARTESIAN_POINT('Ctrl Pts',(-7.96142164895981,-8.9630420923301,13.1585261736701));
#4409=CARTESIAN_POINT('Ctrl Pts',(-7.8034606900169,-8.91539044348556,13.2079761002128));
#4410=CARTESIAN_POINT('Ctrl Pts',(-7.72160228127317,-8.8933733379544,13.2229212301807));
#4411=CARTESIAN_POINT('Ctrl Pts',(-7.51067240976913,-8.84226421802619,13.2345390395166));
#4412=CARTESIAN_POINT('Ctrl Pts',(-7.3818075663528,-8.8161532227771,13.2170600331863));
#4413=CARTESIAN_POINT('Ctrl Pts',(-7.25900368588528,-8.79525455386882,13.1749491668235));
#4414=CARTESIAN_POINT('',(-10.934159430979,-8.79525455386882,10.3303716098703));
#4415=CARTESIAN_POINT('Ctrl Pts',(-7.25900368588527,-8.79525455386882,13.1749491668235));
#4416=CARTESIAN_POINT('Ctrl Pts',(-7.30428770202131,-8.70809565293096,13.1516047974063));
#4417=CARTESIAN_POINT('Ctrl Pts',(-7.35560089702629,-8.62513454026272,13.1247665030298));
#4418=CARTESIAN_POINT('Ctrl Pts',(-7.41164132168995,-8.54706492809169,13.0948415554692));
#4419=CARTESIAN_POINT('Ctrl Pts',(-7.43228213561792,-8.51831032196724,13.0838195962655));
#4420=CARTESIAN_POINT('Ctrl Pts',(-7.45356467675003,-8.49021950139597,13.0723786701404));
#4421=CARTESIAN_POINT('Ctrl Pts',(-7.47542519962224,-8.46282796984259,13.0605383782945));
#4422=CARTESIAN_POINT('Ctrl Pts',(-7.52795326909004,-8.39700958660095,13.0320876556729));
#4423=CARTESIAN_POINT('Ctrl Pts',(-7.58394570138929,-8.33509525639965,13.001272599277));
#4424=CARTESIAN_POINT('Ctrl Pts',(-7.64244381089878,-8.27772850535679,12.9683898178065));
#4425=CARTESIAN_POINT('Ctrl Pts',(-7.68118288043081,-8.23973865275967,12.9466139284919));
#4426=CARTESIAN_POINT('Ctrl Pts',(-7.72101980906749,-8.2037425976422,12.9239317908808));
#4427=CARTESIAN_POINT('Ctrl Pts',(-7.76166844420208,-8.16991891817604,12.9004346539602));
#4428=CARTESIAN_POINT('Ctrl Pts',(-7.82720551451428,-8.11538560230821,12.8625506386814));
#4429=CARTESIAN_POINT('Ctrl Pts',(-7.89485257073462,-8.06650218744663,12.8225475069989));
#4430=CARTESIAN_POINT('Ctrl Pts',(-7.96340308891318,-8.02288729422026,12.7810985203497));
#4431=CARTESIAN_POINT('Ctrl Pts',(-7.99421823362496,-8.00328132650375,12.7624661809352));
#4432=CARTESIAN_POINT('Ctrl Pts',(-8.02521581607946,-7.98473925298111,12.743541873749));
#4433=CARTESIAN_POINT('Ctrl Pts',(-8.0562862855703,-7.96722316077256,12.7243873438509));
#4434=CARTESIAN_POINT('Ctrl Pts',(-8.11188571043156,-7.93587877915968,12.690111040233));
#4435=CARTESIAN_POINT('Ctrl Pts',(-8.16767518272012,-7.90789450197732,12.6551749915258));
#4436=CARTESIAN_POINT('Ctrl Pts',(-8.22318532299334,-7.8829574070324,12.6198301022894));
#4437=CARTESIAN_POINT('Ctrl Pts',(-8.27497338555654,-7.8596923994717,12.5868551660697));
#4438=CARTESIAN_POINT('Ctrl Pts',(-8.32651962817665,-7.83908054909395,12.5535235690076));
#4439=CARTESIAN_POINT('Ctrl Pts',(-8.37744496976051,-7.82090757002414,12.5200305225889));
#4440=CARTESIAN_POINT('Ctrl Pts',(-8.39091941609347,-7.81609914216542,12.5111685249574));
#4441=CARTESIAN_POINT('Ctrl Pts',(-8.40435034599043,-7.81146164872216,12.5022952114268));
#4442=CARTESIAN_POINT('Ctrl Pts',(-8.41773902576509,-7.806988110836,12.4934109071615));
#4443=CARTESIAN_POINT('Ctrl Pts',(-8.47683801478535,-7.787241461363,12.4541946880073));
#4444=CARTESIAN_POINT('Ctrl Pts',(-8.53481291227205,-7.77070033969737,12.4148752044738));
#4445=CARTESIAN_POINT('Ctrl Pts',(-8.59178759455648,-7.75676732208965,12.3755346145403));
#4446=CARTESIAN_POINT('Ctrl Pts',(-8.65451298887205,-7.74142798208092,12.3322232011677));
#4447=CARTESIAN_POINT('Ctrl Pts',(-8.71602629356729,-7.72925115638884,12.2888857136902));
#4448=CARTESIAN_POINT('Ctrl Pts',(-8.77646260231315,-7.71949797707538,12.2456367388029));
#4449=CARTESIAN_POINT('Ctrl Pts',(-8.83699250373876,-7.70972969382513,12.202320787829));
#4450=CARTESIAN_POINT('Ctrl Pts',(-8.89644191571055,-7.7023949563959,12.1590931817724));
#4451=CARTESIAN_POINT('Ctrl Pts',(-8.95491787419437,-7.69677666341579,12.1160809650764));
#4452=CARTESIAN_POINT('Ctrl Pts',(-8.97428246892851,-7.69491613868942,12.1018372627664));
#4453=CARTESIAN_POINT('Ctrl Pts',(-8.99354004732765,-7.69324384595436,12.0876173515537));
#4454=CARTESIAN_POINT('Ctrl Pts',(-9.012719611507,-7.69176571223554,12.0733969933498));
#4455=CARTESIAN_POINT('Ctrl Pts',(-9.0737963167913,-7.68705864294705,12.0281127199986));
#4456=CARTESIAN_POINT('Ctrl Pts',(-9.13376205433164,-7.68425293326069,11.9829354302416));
#4457=CARTESIAN_POINT('Ctrl Pts',(-9.19325496722733,-7.68347750266732,11.9372958964322));
#4458=CARTESIAN_POINT('Ctrl Pts',(-9.2435735276496,-7.68282165057895,11.8986943970628));
#4459=CARTESIAN_POINT('Ctrl Pts',(-9.29355543746883,-7.68361755905647,11.8597611086334));
#4460=CARTESIAN_POINT('Ctrl Pts',(-9.34358077035892,-7.68591467403896,11.8201682985196));
#4461=CARTESIAN_POINT('Ctrl Pts',(-9.38935913892215,-7.68801677252037,11.7839367704291));
#4462=CARTESIAN_POINT('Ctrl Pts',(-9.43517458778505,-7.69137579782885,11.7471524145084));
#4463=CARTESIAN_POINT('Ctrl Pts',(-9.48129868328203,-7.69600842518147,11.7095895621406));
#4464=CARTESIAN_POINT('Ctrl Pts',(-9.52877209796853,-7.70077657590679,11.6709278420993));
#4465=CARTESIAN_POINT('Ctrl Pts',(-9.57656931356226,-7.70689611004103,11.6314441109003));
#4466=CARTESIAN_POINT('Ctrl Pts',(-9.62434438878617,-7.7146378285702,11.5914633502722));
#4467=CARTESIAN_POINT('Ctrl Pts',(-9.63366557591239,-7.71614828159933,11.5836628779649));
#4468=CARTESIAN_POINT('Ctrl Pts',(-9.64298595315895,-7.71772033004839,11.575843486067));
#4469=CARTESIAN_POINT('Ctrl Pts',(-9.65230300595773,-7.71935575043688,11.568007583171));
#4470=CARTESIAN_POINT('Ctrl Pts',(-9.7114353840724,-7.72973524477668,11.5182755935684));
#4471=CARTESIAN_POINT('Ctrl Pts',(-9.77143979134419,-7.74278209233174,11.4669390062722));
#4472=CARTESIAN_POINT('Ctrl Pts',(-9.83181716125399,-7.75923256448768,11.4143733206888));
#4473=CARTESIAN_POINT('Ctrl Pts',(-9.8941969183289,-7.77622860883986,11.3600643187885));
#4474=CARTESIAN_POINT('Ctrl Pts',(-9.95697443148826,-7.79685842753441,11.3044436091039));
#4475=CARTESIAN_POINT('Ctrl Pts',(-10.0195602253572,-7.82196438143958,11.2479640782997));
#4476=CARTESIAN_POINT('Ctrl Pts',(-10.0900684273576,-7.85024836666891,11.1843350992512));
#4477=CARTESIAN_POINT('Ctrl Pts',(-10.1603331964474,-7.88421430652727,11.1196160386921));
#4478=CARTESIAN_POINT('Ctrl Pts',(-10.2294656574311,-7.92509308224858,11.0545021877817));
#4479=CARTESIAN_POINT('Ctrl Pts',(-10.2771530576178,-7.95329116039057,11.0095868148603));
#4480=CARTESIAN_POINT('Ctrl Pts',(-10.3243006440826,-7.98477912351362,10.964484666282));
#4481=CARTESIAN_POINT('Ctrl Pts',(-10.3706074223277,-8.01996270826771,10.9194343208553));
#4482=CARTESIAN_POINT('Ctrl Pts',(-10.4188314687462,-8.05660302073715,10.87251872812));
#4483=CARTESIAN_POINT('Ctrl Pts',(-10.4655677429812,-8.09683444781633,10.8262848202825));
#4484=CARTESIAN_POINT('Ctrl Pts',(-10.5107009760571,-8.14095476575915,10.7808314391323));
#4485=CARTESIAN_POINT('Ctrl Pts',(-10.5197887294789,-8.14983856474783,10.7716792226407));
#4486=CARTESIAN_POINT('Ctrl Pts',(-10.5288114996069,-8.15888019198409,10.7625585988466));
#4487=CARTESIAN_POINT('Ctrl Pts',(-10.537768346793,-8.16808233639662,10.7534703061218));
#4488=CARTESIAN_POINT('Ctrl Pts',(-10.5740966841299,-8.20540558189747,10.7166088349969));
#4489=CARTESIAN_POINT('Ctrl Pts',(-10.609340202278,-8.24536512069907,10.6802808166539));
#4490=CARTESIAN_POINT('Ctrl Pts',(-10.6432544160887,-8.28768241182942,10.644883969659));
#4491=CARTESIAN_POINT('Ctrl Pts',(-10.6792644679767,-8.33261483626564,10.6072996604937));
#4492=CARTESIAN_POINT('Ctrl Pts',(-10.7137768156409,-8.38020567620937,10.570763919568));
#4493=CARTESIAN_POINT('Ctrl Pts',(-10.7464950585946,-8.43017958068093,10.5357416656891));
#4494=CARTESIAN_POINT('Ctrl Pts',(-10.7701875144772,-8.4663674813774,10.5103807926707));
#4495=CARTESIAN_POINT('Ctrl Pts',(-10.792939165696,-8.50380628115832,10.4858132326092));
#4496=CARTESIAN_POINT('Ctrl Pts',(-10.8146317086037,-8.54240718057792,10.4622182561774));
#4497=CARTESIAN_POINT('Ctrl Pts',(-10.8401941621602,-8.58789441104466,10.434413978377));
#4498=CARTESIAN_POINT('Ctrl Pts',(-10.8643504802152,-8.63510741933075,10.407889770929));
#4499=CARTESIAN_POINT('Ctrl Pts',(-10.8868723577892,-8.68395504459388,10.3829757365112));
#4500=CARTESIAN_POINT('Ctrl Pts',(-10.9035684934415,-8.72016723760538,10.3645062240595));
#4501=CARTESIAN_POINT('Ctrl Pts',(-10.9193658982086,-8.75727815276925,10.346922108894));
#4502=CARTESIAN_POINT('Ctrl Pts',(-10.934159430979,-8.79525455386882,10.3303716098703));
#4503=CARTESIAN_POINT('',(-10.6276996307481,-9.01674020100544,11.1304708758148));
#4504=CARTESIAN_POINT('Ctrl Pts',(-10.934159430979,-8.79525455386881,10.3303716098703));
#4505=CARTESIAN_POINT('Ctrl Pts',(-10.9369992090247,-8.80120332498536,10.367216351822));
#4506=CARTESIAN_POINT('Ctrl Pts',(-10.9377887266986,-8.80758971098731,10.404115902548));
#4507=CARTESIAN_POINT('Ctrl Pts',(-10.9321518173784,-8.8385822452564,10.5713792689979));
#4508=CARTESIAN_POINT('Ctrl Pts',(-10.9023002459173,-8.86780984122564,10.698641586394));
#4509=CARTESIAN_POINT('Ctrl Pts',(-10.7969637175027,-8.93572217782729,10.933878765291));
#4510=CARTESIAN_POINT('Ctrl Pts',(-10.7222477370608,-8.97382874612652,11.0394633877215));
#4511=CARTESIAN_POINT('Ctrl Pts',(-10.6296687007698,-9.01584793779873,11.1285868997838));
#4512=CARTESIAN_POINT('Ctrl Pts',(-10.6286850858558,-9.01629389225804,11.1295299344116));
#4513=CARTESIAN_POINT('Ctrl Pts',(-10.627699630936,-9.01674020166211,11.1304708756353));
#4514=CARTESIAN_POINT('Ctrl Pts',(-10.62759517463,-9.01689756950194,11.1306685137978));
#4515=CARTESIAN_POINT('Ctrl Pts',(-10.5730234757876,-8.92175760425073,11.1828890922298));
#4516=CARTESIAN_POINT('Ctrl Pts',(-10.3127958988315,-8.58136011698429,11.42900393388));
#4517=CARTESIAN_POINT('Ctrl Pts',(-9.7891133625964,-8.41448518490957,11.8861084472983));
#4518=CARTESIAN_POINT('Ctrl Pts',(-9.19772184985305,-8.41759727399962,12.342498728155));
#4519=CARTESIAN_POINT('Ctrl Pts',(-8.74300033105425,-8.50164214400306,12.6690114972496));
#4520=CARTESIAN_POINT('Ctrl Pts',(-8.36206385898871,-8.7111119110935,12.9212590531741));
#4521=CARTESIAN_POINT('Ctrl Pts',(-8.17412958897426,-8.92230793255835,13.0393632429277));
#4522=CARTESIAN_POINT('Ctrl Pts',(-8.11047275823937,-9.01681569284356,13.0788297733821));
#4523=CARTESIAN_POINT('Origin',(0.,-13.75,0.));
#4524=CARTESIAN_POINT('',(-10.627699630936,-13.75,11.1304708756353));
#4525=CARTESIAN_POINT('',(-10.627699630936,-8.,11.1304708756353));
#4526=CARTESIAN_POINT('',(-8.1103830986072,-13.75,13.0788786733646));
#4527=CARTESIAN_POINT('Origin',(1.20271496441053E-31,-13.75,0.));
#4528=CARTESIAN_POINT('',(-8.1103830986072,-8.,13.0788786733646));
#4529=CARTESIAN_POINT('Origin',(-9.937116477027,-8.,10.4072178718137));
#4530=CARTESIAN_POINT('',(-10.8604845658649,-8.5,10.023302031406));
#4531=CARTESIAN_POINT('Ctrl Pts',(-10.934159430979,-8.79525455386882,10.3303716098702));
#4532=CARTESIAN_POINT('Ctrl Pts',(-10.933894679043,-8.79469995113411,10.3269365819888));
#4533=CARTESIAN_POINT('Ctrl Pts',(-10.9336122129672,-8.79407476760153,10.3235034054171));
#4534=CARTESIAN_POINT('Ctrl Pts',(-10.9301923055003,-8.78612707108961,10.2844091561988));
#4535=CARTESIAN_POINT('Ctrl Pts',(-10.9254428273118,-8.77162220051094,10.25183002073));
#4536=CARTESIAN_POINT('Ctrl Pts',(-10.9119545404122,-8.72424497870704,10.1803489642062));
#4537=CARTESIAN_POINT('Ctrl Pts',(-10.9025448014365,-8.6870458956143,10.1446485608701));
#4538=CARTESIAN_POINT('Ctrl Pts',(-10.8832674856262,-8.60548893062576,10.0816781762389));
#4539=CARTESIAN_POINT('Ctrl Pts',(-10.8721129878426,-8.55540631194011,10.051269915634));
#4540=CARTESIAN_POINT('Ctrl Pts',(-10.8604845658649,-8.5,10.023302031406));
#4541=CARTESIAN_POINT('',(-10.6451026050308,-8.5,9.70099153234859));
#4542=CARTESIAN_POINT('Origin',(-9.937116477027,-8.5,10.4072178718137));
#4543=CARTESIAN_POINT('',(-10.6451026050308,-8.75,9.70099153234859));
#4544=CARTESIAN_POINT('',(-10.6451026050308,-8.,9.70099153234859));
#4545=CARTESIAN_POINT('',(-10.6970395193582,-8.75,9.75720481830314));
#4546=CARTESIAN_POINT('Origin',(-9.937116477027,-8.75,10.4072178718137));
#4547=CARTESIAN_POINT('',(-10.6970395193582,-13.45,9.75720481830314));
#4548=CARTESIAN_POINT('',(-10.6970395193582,-8.,9.75720481830314));
#4549=CARTESIAN_POINT('',(-10.7445571712551,-13.4570334004481,9.81726912378168));
#4550=CARTESIAN_POINT('Ctrl Pts',(-10.6970395193582,-13.45,9.75720481830314));
#4551=CARTESIAN_POINT('Ctrl Pts',(-10.7137896892146,-13.4523640620646,9.77678725586818));
#4552=CARTESIAN_POINT('Ctrl Pts',(-10.7296452185126,-13.4547131400511,9.79685969412394));
#4553=CARTESIAN_POINT('Ctrl Pts',(-10.7445571712551,-13.4570334004481,9.81726912378168));
#4554=CARTESIAN_POINT('',(-10.9112273951049,-13.75,10.6332884786634));
#4555=CARTESIAN_POINT('Ctrl Pts',(-10.7445571712551,-13.4570334004481,9.81726912378168));
#4556=CARTESIAN_POINT('Ctrl Pts',(-10.769635038824,-13.4609354502981,9.85159225925267));
#4557=CARTESIAN_POINT('Ctrl Pts',(-10.7927592332034,-13.466518015406,9.8878935096007));
#4558=CARTESIAN_POINT('Ctrl Pts',(-10.859162055309,-13.4896887552975,10.0086255281137));
#4559=CARTESIAN_POINT('Ctrl Pts',(-10.8918385246467,-13.5139743052491,10.0977574476048));
#4560=CARTESIAN_POINT('Ctrl Pts',(-10.9337684251077,-13.5748159907977,10.2780934435015));
#4561=CARTESIAN_POINT('Ctrl Pts',(-10.9419764109238,-13.6183337426904,10.3837025866626));
#4562=CARTESIAN_POINT('Ctrl Pts',(-10.9301248935377,-13.6945202321522,10.5358695613068));
#4563=CARTESIAN_POINT('Ctrl Pts',(-10.9222467221781,-13.7218178451798,10.5858075302932));
#4564=CARTESIAN_POINT('Ctrl Pts',(-10.9112273951049,-13.75,10.6332884786634));
#4565=CARTESIAN_POINT('Origin',(-9.937116477027,-13.75,10.4072178718137));
#4566=CARTESIAN_POINT('Ctrl Pts',(-11.0087459008485,-8.00603583523462,9.2487998213164));
#4567=CARTESIAN_POINT('Ctrl Pts',(-10.9654844495833,-7.99329165797554,9.31995955533412));
#4568=CARTESIAN_POINT('Ctrl Pts',(-10.8710459748864,-8.00890703016671,9.46295038701481));
#4569=CARTESIAN_POINT('Ctrl Pts',(-10.7101071564992,-8.1717879629852,9.65308852812602));
#4570=CARTESIAN_POINT('Ctrl Pts',(-10.6451026050308,-8.37738790566461,9.70099153234859));
#4571=CARTESIAN_POINT('Ctrl Pts',(-10.6451026050308,-8.5,9.70099153234859));
#4572=CARTESIAN_POINT('Ctrl Pts',(-11.1084273977816,-8.00757848234557,9.33104740892995));
#4573=CARTESIAN_POINT('Ctrl Pts',(-11.0632293013461,-7.99302146946824,9.40274229883764));
#4574=CARTESIAN_POINT('Ctrl Pts',(-10.9639148166912,-8.00603809117531,9.54894862538671));
#4575=CARTESIAN_POINT('Ctrl Pts',(-10.7989779654537,-8.17194061209097,9.7449155473654));
#4576=CARTESIAN_POINT('Ctrl Pts',(-10.736940373552,-8.37810179455044,9.793058144009));
#4577=CARTESIAN_POINT('Ctrl Pts',(-10.736940373552,-8.5,9.793058144009));
#4578=CARTESIAN_POINT('Ctrl Pts',(-11.210795765303,-7.98406239005431,9.41043265044692));
#4579=CARTESIAN_POINT('Ctrl Pts',(-11.1607637516088,-7.96750866221162,9.48571127627161));
#4580=CARTESIAN_POINT('Ctrl Pts',(-11.0508833390558,-7.97935124843199,9.64088544061226));
#4581=CARTESIAN_POINT('Ctrl Pts',(-10.8731149366816,-8.15565660252221,9.8512504763829));
#4582=CARTESIAN_POINT('Ctrl Pts',(-10.8105600981514,-8.37250054552242,9.90322712048322));
#4583=CARTESIAN_POINT('Ctrl Pts',(-10.8105600981514,-8.5,9.90322712048322));
#4584=CARTESIAN_POINT('Ctrl Pts',(-11.3083260967979,-7.93721618218011,9.48112008571996));
#4585=CARTESIAN_POINT('Ctrl Pts',(-11.251052819109,-7.91859800004505,9.56287129864174));
#4586=CARTESIAN_POINT('Ctrl Pts',(-11.125820173838,-7.93072534066536,9.73227886938438));
#4587=CARTESIAN_POINT('Ctrl Pts',(-10.9271820125454,-8.12412001845179,9.96446510233289));
#4588=CARTESIAN_POINT('Ctrl Pts',(-10.8604845658649,-8.3610014088127,10.023302031406));
#4589=CARTESIAN_POINT('Ctrl Pts',(-10.8604845658649,-8.5,10.023302031406));
#4590=CARTESIAN_POINT('',(-11.1044451750666,-8.,9.32624055320272));
#4591=CARTESIAN_POINT('',(-10.9667532197028,-8.,9.31594286841159));
#4592=CARTESIAN_POINT('Ctrl Pts',(-11.104443751271,-7.99995695194659,9.32623067169119));
#4593=CARTESIAN_POINT('Ctrl Pts',(-11.073215260123,-7.99996489505744,9.32431273597499));
#4594=CARTESIAN_POINT('Ctrl Pts',(-11.0424970976538,-8.00000051970762,9.32209528232782));
#4595=CARTESIAN_POINT('Ctrl Pts',(-11.0122367702065,-8.0000304597444,9.31973523733716));
#4596=CARTESIAN_POINT('Ctrl Pts',(-10.9985475185237,-8.00004400410209,9.31866759357434));
#4597=CARTESIAN_POINT('Ctrl Pts',(-10.9849515517935,-8.00005700080515,9.31757070486154));
#4598=CARTESIAN_POINT('Ctrl Pts',(-10.971442214842,-8.00006927282974,9.31645872709858));
#4599=CARTESIAN_POINT('Ctrl Pts',(-10.9698614604424,-8.00007070880375,9.31632861236775));
#4600=CARTESIAN_POINT('Ctrl Pts',(-10.9682806807999,-8.00007213805407,9.31619816104877));
#4601=CARTESIAN_POINT('Ctrl Pts',(-10.9666998423848,-8.00007356116577,9.31606738804776));
#4602=CARTESIAN_POINT('Ctrl Pts',(-10.9667705126763,-8.00007338412619,9.31595744188509));
#4603=CARTESIAN_POINT('Ctrl Pts',(-10.9357574016667,-8.00014389661775,9.36420873990394));
#4604=CARTESIAN_POINT('Ctrl Pts',(-10.9035659743793,-8.0096703357703,9.41129866268646));
#4605=CARTESIAN_POINT('Ctrl Pts',(-10.871664333791,-8.02827189180728,9.45436527068196));
#4606=CARTESIAN_POINT('Ctrl Pts',(-10.8250634553472,-8.05544443954342,9.51727557018944));
#4607=CARTESIAN_POINT('Ctrl Pts',(-10.779080935808,-8.10198184892013,9.57160075336407));
#4608=CARTESIAN_POINT('Ctrl Pts',(-10.7410906958495,-8.16280028537486,9.61186034394446));
#4609=CARTESIAN_POINT('Ctrl Pts',(-10.6841053359118,-8.25402794005696,9.67224972981505));
#4610=CARTESIAN_POINT('Ctrl Pts',(-10.6451026050308,-8.37738790566461,9.70099153234859));
#4611=CARTESIAN_POINT('Ctrl Pts',(-10.6451026050308,-8.5,9.70099153234859));
#4612=CARTESIAN_POINT('Ctrl Pts',(-10.8604845658649,-8.5,10.023302031406));
#4613=CARTESIAN_POINT('Ctrl Pts',(-10.8482785063414,-8.44184140007929,9.99394485290978));
#4614=CARTESIAN_POINT('Ctrl Pts',(-10.8391808331716,-8.37936543472245,9.95419039922209));
#4615=CARTESIAN_POINT('Ctrl Pts',(-10.8368473844063,-8.24458467648271,9.84930612751202));
#4616=CARTESIAN_POINT('Ctrl Pts',(-10.8474118790001,-8.17651992368517,9.78378354919463));
#4617=CARTESIAN_POINT('Ctrl Pts',(-10.8922510904613,-8.07725345096446,9.65621018486659));
#4618=CARTESIAN_POINT('Ctrl Pts',(-10.9208576614595,-8.04225300951617,9.59710033660381));
#4619=CARTESIAN_POINT('Ctrl Pts',(-10.9913647741152,-7.99887214452084,9.47878921994593));
#4620=CARTESIAN_POINT('Ctrl Pts',(-11.0311670866643,-7.98991877937687,9.42178297813727));
#4621=CARTESIAN_POINT('Ctrl Pts',(-11.0837146678738,-7.99547177005438,9.35271819650565));
#4622=CARTESIAN_POINT('Ctrl Pts',(-11.0940682543033,-7.99734516822448,9.3393851010102));
#4623=CARTESIAN_POINT('Ctrl Pts',(-11.1044451750666,-8.,9.32624055320272));
#4624=CARTESIAN_POINT('Ctrl Pts',(-11.2133746830629,-8.16546283317063,9.19294448026545));
#4625=CARTESIAN_POINT('Ctrl Pts',(-10.9754706508769,-7.47203451185763,9.48313518654459));
#4626=CARTESIAN_POINT('Ctrl Pts',(-10.3710348302368,-6.70384768400289,10.1767891870886));
#4627=CARTESIAN_POINT('Ctrl Pts',(-9.30808122424294,-6.38747366514527,11.1352146557418));
#4628=CARTESIAN_POINT('Ctrl Pts',(-8.44638740989273,-6.38485238052872,11.8026113264947));
#4629=CARTESIAN_POINT('Ctrl Pts',(-7.55091937854677,-6.62471024295144,12.3933757012246));
#4630=CARTESIAN_POINT('Ctrl Pts',(-6.70401215337497,-7.20738877481838,12.8669643157628));
#4631=CARTESIAN_POINT('Ctrl Pts',(-6.25878987481325,-7.81780556861434,13.0810089540563));
#4632=CARTESIAN_POINT('Ctrl Pts',(-6.0884025858065,-8.16444306297112,13.1598386750425));
#4633=CARTESIAN_POINT('Ctrl Pts',(-10.9669203195862,-8.40121127573697,9.49356471417132));
#4634=CARTESIAN_POINT('Ctrl Pts',(-10.7510282794453,-7.81424842943951,9.74064294731704));
#4635=CARTESIAN_POINT('Ctrl Pts',(-10.2126499119889,-7.17472444200162,10.3268357979483));
#4636=CARTESIAN_POINT('Ctrl Pts',(-9.2706099065926,-6.93881314420582,11.1614168319474));
#4637=CARTESIAN_POINT('Ctrl Pts',(-8.48201956702617,-6.93626877561872,11.7723751692728));
#4638=CARTESIAN_POINT('Ctrl Pts',(-7.69778205045628,-7.11511247592673,12.2990853191145));
#4639=CARTESIAN_POINT('Ctrl Pts',(-6.97126007848165,-7.59386359519026,12.7250508552707));
#4640=CARTESIAN_POINT('Ctrl Pts',(-6.58788790778193,-8.10693460124259,12.9230688981241));
#4641=CARTESIAN_POINT('Ctrl Pts',(-6.44114263142849,-8.40034779898082,12.9966434065507));
#4642=CARTESIAN_POINT('Ctrl Pts',(-10.86546562145,-8.63555145730924,9.9100557903388));
#4643=CARTESIAN_POINT('Ctrl Pts',(-10.6784504974221,-8.15411755244726,10.1259049814785));
#4644=CARTESIAN_POINT('Ctrl Pts',(-10.2195106138706,-7.64173476583398,10.6323051011317));
#4645=CARTESIAN_POINT('Ctrl Pts',(-9.41248812329041,-7.48270544385448,11.3999395366951));
#4646=CARTESIAN_POINT('Ctrl Pts',(-8.67810876681386,-7.48032336870344,11.9686692660012));
#4647=CARTESIAN_POINT('Ctrl Pts',(-7.9660244528844,-7.60075235186411,12.4097777626813));
#4648=CARTESIAN_POINT('Ctrl Pts',(-7.33230150723316,-7.97750598594721,12.7695785366006));
#4649=CARTESIAN_POINT('Ctrl Pts',(-6.99771042433059,-8.39418575999441,12.939377138818));
#4650=CARTESIAN_POINT('Ctrl Pts',(-6.86971241642504,-8.63484307598356,13.0028814370059));
#4651=CARTESIAN_POINT('Ctrl Pts',(-10.9372512866531,-8.80325298029788,10.3264842042847));
#4652=CARTESIAN_POINT('Ctrl Pts',(-10.779591762384,-8.39297949186349,10.5247768398526));
#4653=CARTESIAN_POINT('Ctrl Pts',(-10.3932512497987,-7.95287592514804,10.9896946866295));
#4654=CARTESIAN_POINT('Ctrl Pts',(-9.67895736497496,-7.80545178343252,11.7567232222539));
#4655=CARTESIAN_POINT('Ctrl Pts',(-8.95709333546256,-7.80362485816664,12.315191186408));
#4656=CARTESIAN_POINT('Ctrl Pts',(-8.26164946802413,-7.91509512016169,12.6888240002735));
#4657=CARTESIAN_POINT('Ctrl Pts',(-7.67477253653919,-8.24137186546183,12.9873934918946));
#4658=CARTESIAN_POINT('Ctrl Pts',(-7.37061997168384,-8.59756250428083,13.1253275624023));
#4659=CARTESIAN_POINT('Ctrl Pts',(-7.25480582692155,-8.80264962978351,13.176816211014));
#4660=CARTESIAN_POINT('',(-6.98021377744018,-8.5,13.0266390231484));
#4661=CARTESIAN_POINT('Ctrl Pts',(-6.98021377744018,-8.5,13.0266390231484));
#4662=CARTESIAN_POINT('Ctrl Pts',(-6.98312565036181,-8.50667806841194,13.0288409814824));
#4663=CARTESIAN_POINT('Ctrl Pts',(-6.98606742219989,-8.51326453308282,13.0310404836884));
#4664=CARTESIAN_POINT('Ctrl Pts',(-7.01697892328179,-8.58080062151578,13.0538847904469));
#4665=CARTESIAN_POINT('Ctrl Pts',(-7.05210276755968,-8.64350018928438,13.0776594364707));
#4666=CARTESIAN_POINT('Ctrl Pts',(-7.11963846441142,-8.72195812183803,13.1154346369987));
#4667=CARTESIAN_POINT('Ctrl Pts',(-7.14773497036996,-8.74758080525376,13.1298305597635));
#4668=CARTESIAN_POINT('Ctrl Pts',(-7.20454082703239,-8.78059062880351,13.1548726947715));
#4669=CARTESIAN_POINT('Ctrl Pts',(-7.23073918966355,-8.79044452387508,13.1652569452205));
#4670=CARTESIAN_POINT('Ctrl Pts',(-7.25900368588527,-8.79525455386883,13.1749491668235));
#4671=CARTESIAN_POINT('',(-6.2442508855551,-8.,13.0880402039613));
#4672=CARTESIAN_POINT('Ctrl Pts',(-6.2442508855551,-8.,13.0880402039612));
#4673=CARTESIAN_POINT('Ctrl Pts',(-6.28027083577904,-7.99376064438423,13.0721767181756));
#4674=CARTESIAN_POINT('Ctrl Pts',(-6.31720344155786,-7.9918518064239,13.0567263796479));
#4675=CARTESIAN_POINT('Ctrl Pts',(-6.41297298150073,-7.99812510920398,13.0198990196673));
#4676=CARTESIAN_POINT('Ctrl Pts',(-6.4709320835672,-8.01244774525581,13.000687305773));
#4677=CARTESIAN_POINT('Ctrl Pts',(-6.60243107210775,-8.06702160254376,12.9673037550315));
#4678=CARTESIAN_POINT('Ctrl Pts',(-6.67192747451353,-8.11290724696271,12.9577216376542));
#4679=CARTESIAN_POINT('Ctrl Pts',(-6.79956402242444,-8.22515283278945,12.957846360541));
#4680=CARTESIAN_POINT('Ctrl Pts',(-6.85661869428055,-8.2915183251932,12.9682537978918));
#4681=CARTESIAN_POINT('Ctrl Pts',(-6.93477894141978,-8.40808632618824,12.9974130255239));
#4682=CARTESIAN_POINT('Ctrl Pts',(-6.96061628347238,-8.45505524830865,13.0118193980033));
#4683=CARTESIAN_POINT('Ctrl Pts',(-6.98021377744018,-8.5,13.0266390231484));
#4684=CARTESIAN_POINT('',(-6.17477244073522,-8.00000000021538,13.1195344926997));
#4685=CARTESIAN_POINT('Ctrl Pts',(-6.24425088555508,-8.,13.0880402039613));
#4686=CARTESIAN_POINT('Ctrl Pts',(-6.2210222524998,-8.,13.0981758843232));
#4687=CARTESIAN_POINT('Ctrl Pts',(-6.19786011849976,-8.,13.1086681653565));
#4688=CARTESIAN_POINT('Ctrl Pts',(-6.17477244097645,-8.,13.1195344925862));
#4689=CARTESIAN_POINT('',(-11.1523531596456,-8.00000000008628,9.2668775217191));
#4690=CARTESIAN_POINT('Ctrl Pts',(-6.17481691603588,-8.0000306739967,13.1195127477427));
#4691=CARTESIAN_POINT('Ctrl Pts',(-6.33136579881107,-7.72080855731765,13.045829478835));
#4692=CARTESIAN_POINT('Ctrl Pts',(-6.74953825685142,-7.17606647368924,12.8415062211452));
#4693=CARTESIAN_POINT('Ctrl Pts',(-7.55091937854677,-6.62471024295144,12.3933757012246));
#4694=CARTESIAN_POINT('Ctrl Pts',(-8.44638740989273,-6.38485238052872,11.8026113264947));
#4695=CARTESIAN_POINT('Ctrl Pts',(-9.30808122424294,-6.38747366514527,11.1352146557418));
#4696=CARTESIAN_POINT('Ctrl Pts',(-10.327867283665,-6.69099943727216,10.2157117476034));
#4697=CARTESIAN_POINT('Ctrl Pts',(-10.9094475350873,-7.39039968720396,9.55832881574801));
#4698=CARTESIAN_POINT('Ctrl Pts',(-11.1521816080924,-8.00011563656966,9.26697659080703));
#4699=CARTESIAN_POINT('Ctrl Pts',(-11.1522796261881,-8.00036187189362,9.26685893885341));
#4700=CARTESIAN_POINT('Ctrl Pts',(-11.1360015476876,-8.00041243926776,9.28643122649122));
#4701=CARTESIAN_POINT('Ctrl Pts',(-11.1200422247661,-8.00045920137541,9.30622504489204));
#4702=CARTESIAN_POINT('Ctrl Pts',(-11.1043948069734,-8.00051722023057,9.32621820707016));
#4703=CARTESIAN_POINT('Origin',(-8.87513728502135,-13.75,11.5608002073867));
#4704=CARTESIAN_POINT('',(-10.524868071809,-13.75,10.0110889577451));
#4705=CARTESIAN_POINT('Origin',(-8.87513728502135,-13.75,11.4665573810113));
#4706=CARTESIAN_POINT('',(-9.57584547078884,-13.75,9.91729741860242));
#4707=CARTESIAN_POINT('Origin',(-9.99995373055839,-13.75,10.4741925469661));
#4708=CARTESIAN_POINT('',(-7.79961549539959,-13.75,10.1495717042579));
#4709=CARTESIAN_POINT('Origin',(-8.48528137423857,-13.75,8.48528137423857));
#4710=CARTESIAN_POINT('',(-6.90662182564572,-13.75,10.4842402803767));
#4711=CARTESIAN_POINT('Origin',(-7.53296765362887,-13.75,10.7967957214877));
#4712=CARTESIAN_POINT('',(-7.55799480418623,-13.75,13.2286969002263));
#4713=CARTESIAN_POINT('Origin',(-8.87513728502135,-13.75,11.4665573810113));
#4714=CARTESIAN_POINT('Origin',(-7.58337404357679,-13.75,12.2290190049981));
#4715=CARTESIAN_POINT('Origin',(-8.87513728502135,-13.6,11.4665573810113));
#4716=CARTESIAN_POINT('',(-10.7498313609164,-13.45,9.81261599093606));
#4717=CARTESIAN_POINT('Origin',(-7.58337404357679,-8.,12.2290190049981));
#4718=CARTESIAN_POINT('',(-6.72219854928041,-13.45,12.7373267543227));
#4719=CARTESIAN_POINT('Ctrl Pts',(-7.55799480418623,-13.75,13.2286969002263));
#4720=CARTESIAN_POINT('Ctrl Pts',(-7.50926764832613,-13.7218178451798,13.2274598436111));
#4721=CARTESIAN_POINT('Ctrl Pts',(-7.4589495004487,-13.6945202321522,13.222565936722));
#4722=CARTESIAN_POINT('Ctrl Pts',(-7.30867137965728,-13.6183337426904,13.1958876112846));
#4723=CARTESIAN_POINT('Ctrl Pts',(-7.20849333531523,-13.5748159907977,13.1614634688528));
#4724=CARTESIAN_POINT('Ctrl Pts',(-7.04442999775328,-13.5139743052491,13.0756589862381));
#4725=CARTESIAN_POINT('Ctrl Pts',(-6.96633762659028,-13.4896887552975,13.0216790613893));
#4726=CARTESIAN_POINT('Ctrl Pts',(-6.82798664307218,-13.4577045030427,12.8911623254188));
#4727=CARTESIAN_POINT('Ctrl Pts',(-6.76778761295492,-13.45,12.8145637913275));
#4728=CARTESIAN_POINT('Ctrl Pts',(-6.72219854928041,-13.45,12.7373267543227));
#4729=CARTESIAN_POINT('',(-6.72219854928041,-8.5,12.7373267543227));
#4730=CARTESIAN_POINT('',(-6.72219854928041,-8.,12.7373267543227));
#4731=CARTESIAN_POINT('Origin',(-7.58337404357679,-8.5,12.2290190049981));
#4732=CARTESIAN_POINT('Ctrl Pts',(-6.34306649079362,-7.93721618218009,13.324240491853));
#4733=CARTESIAN_POINT('Ctrl Pts',(-6.48322663371763,-7.90930668413634,13.2718529268403));
#4734=CARTESIAN_POINT('Ctrl Pts',(-6.73207751648947,-7.96005019535635,13.1663998006829));
#4735=CARTESIAN_POINT('Ctrl Pts',(-6.94266354916294,-8.22134162423794,13.0518791363504));
#4736=CARTESIAN_POINT('Ctrl Pts',(-6.98021377744018,-8.40722386196356,13.0266390231484));
#4737=CARTESIAN_POINT('Ctrl Pts',(-6.98021377744018,-8.5,13.0266390231484));
#4738=CARTESIAN_POINT('Ctrl Pts',(-6.29908963980105,-7.98406239005429,13.2121025605195));
#4739=CARTESIAN_POINT('Ctrl Pts',(-6.42713542818781,-7.95924760247242,13.1677906051371));
#4740=CARTESIAN_POINT('Ctrl Pts',(-6.65303523859046,-8.00613884488498,13.0767325917096));
#4741=CARTESIAN_POINT('Ctrl Pts',(-6.84283782112071,-8.2444268486032,12.9723644700201));
#4742=CARTESIAN_POINT('Ctrl Pts',(-6.87649116260497,-8.41489908719834,12.9482039807162));
#4743=CARTESIAN_POINT('Ctrl Pts',(-6.87649116260497,-8.5,12.9482039807162));
#4744=CARTESIAN_POINT('Ctrl Pts',(-6.24790578582907,-8.00757848234556,13.0931004078823));
#4745=CARTESIAN_POINT('Ctrl Pts',(-6.3689341987866,-7.98575686090716,13.0544563517768));
#4746=CARTESIAN_POINT('Ctrl Pts',(-6.57948470812895,-8.03134464827263,12.9734879893793));
#4747=CARTESIAN_POINT('Ctrl Pts',(-6.75651501357228,-8.25578558854978,12.8738108782302));
#4748=CARTESIAN_POINT('Ctrl Pts',(-6.78829895762174,-8.41863770245018,12.8493141318556));
#4749=CARTESIAN_POINT('Ctrl Pts',(-6.78829895762174,-8.5,12.8493141318556));
#4750=CARTESIAN_POINT('Ctrl Pts',(-6.19327735794302,-8.0060358352346,12.9759816588889));
#4751=CARTESIAN_POINT('Ctrl Pts',(-6.31280130137334,-7.98693173647239,12.939946861646));
#4752=CARTESIAN_POINT('Ctrl Pts',(-6.5165806392657,-8.03388900325396,12.8639238985812));
#4753=CARTESIAN_POINT('Ctrl Pts',(-6.68999812823994,-8.25457104735359,12.7634261530648));
#4754=CARTESIAN_POINT('Ctrl Pts',(-6.72219854928042,-8.41816120946383,12.7373267543227));
#4755=CARTESIAN_POINT('Ctrl Pts',(-6.72219854928042,-8.5,12.7373267543227));
#4756=CARTESIAN_POINT('',(-6.26880423705494,-8.,12.9521643421816));
#4757=CARTESIAN_POINT('Ctrl Pts',(-6.72219854928042,-8.5,12.7373267543227));
#4758=CARTESIAN_POINT('Ctrl Pts',(-6.72219854928042,-8.41816120946383,12.7373267543227));
#4759=CARTESIAN_POINT('Ctrl Pts',(-6.68999812823994,-8.25457104735359,12.7634261530648));
#4760=CARTESIAN_POINT('Ctrl Pts',(-6.53221168224214,-8.05378025260748,12.8548655009046));
#4761=CARTESIAN_POINT('Ctrl Pts',(-6.3629584480378,-8.00054509010323,12.9208277662268));
#4762=CARTESIAN_POINT('Ctrl Pts',(-6.26876160574358,-8.00018674208926,12.9520777944553));
#4763=CARTESIAN_POINT('Ctrl Pts',(-6.26880423705489,-8.,12.9521643421816));
#4764=CARTESIAN_POINT('Ctrl Pts',(-6.26853936604415,-8.,12.9537269358199));
#4765=CARTESIAN_POINT('Ctrl Pts',(-6.2682740238712,-8.,12.9552894342549));
#4766=CARTESIAN_POINT('Ctrl Pts',(-6.26076780937447,-8.,12.9994075900352));
#4767=CARTESIAN_POINT('Ctrl Pts',(-6.25294120963217,-8.,13.0432438053421));
#4768=CARTESIAN_POINT('Ctrl Pts',(-6.2442508855551,-8.,13.0880402039613));
#4769=CARTESIAN_POINT('Origin',(0.,-8.,0.));
#4770=CARTESIAN_POINT('',(-13.8209879459322,-8.,-4.38523570613921));
#4771=CARTESIAN_POINT('Origin',(0.,-8.,0.));
#4772=CARTESIAN_POINT('',(-14.6254886492811,-8.,-6.65921029625514));
#4773=CARTESIAN_POINT('Origin',(-15.7273311108883,-8.,-4.99009580353772));
#4774=CARTESIAN_POINT('',(-28.301303077009,-8.,-15.6871068841033));
#4775=CARTESIAN_POINT('',(-28.301303077009,-8.,-15.6871068841033));
#4776=CARTESIAN_POINT('',(-25.5466969229909,-8.,-19.8598931158968));
#4777=CARTESIAN_POINT('Origin',(-26.924,-8.,-17.7735));
#4778=CARTESIAN_POINT('',(-11.870882495263,-8.,-10.8319965280487));
#4779=CARTESIAN_POINT('',(1.37730307700904,-8.,-2.08639311589677));
#4780=CARTESIAN_POINT('',(-11.1921043646817,-8.,-10.5463689478026));
#4781=CARTESIAN_POINT('Origin',(-10.7690400336558,-8.,-12.5011110207661));
#4782=CARTESIAN_POINT('',(-10.4155205944328,-8.,-7.9616626648478));
#4783=CARTESIAN_POINT('Origin',(-8.50899999999978,-8.,-9.94349999999992));
#4784=CARTESIAN_POINT('',(-6.53903392078877,-8.,-8.02471558095801));
#4785=CARTESIAN_POINT('Origin',(-8.48528137423857,-8.,-8.48528137423857));
#4786=CARTESIAN_POINT('',(-7.40929192002377,-8.,-12.4640440164447));
#4787=CARTESIAN_POINT('Origin',(-8.50899999999978,-8.,-9.94349999999992));
#4788=CARTESIAN_POINT('',(5.55673622104108,-8.,-13.3930087198422));
#4789=CARTESIAN_POINT('Origin',(0.,-8.,0.));
#4790=CARTESIAN_POINT('',(7.89143429360305,-8.,-13.9991165717607));
#4791=CARTESIAN_POINT('Origin',(6.3231825963571,-8.,-15.2403202674067));
#4792=CARTESIAN_POINT('',(10.3201853784425,-8.,-17.0678256195575));
#4793=CARTESIAN_POINT('',(10.3201853784425,-8.,-17.0678256195575));
#4794=CARTESIAN_POINT('',(14.2408146215574,-8.,-13.9648163804426));
#4795=CARTESIAN_POINT('Origin',(12.2805,-8.,-15.516321));
#4796=CARTESIAN_POINT('',(11.8120635367179,-8.,-10.8961073326458));
#4797=CARTESIAN_POINT('',(1.96031462155745,-8.,1.55150461955744));
#4798=CARTESIAN_POINT('',(11.7584588419683,-8.,-8.48461228706051));
#4799=CARTESIAN_POINT('Origin',(13.3803152339639,-8.,-9.65490363699989));
#4800=CARTESIAN_POINT('',(12.9632075536029,-8.,6.49655677433925));
#4801=CARTESIAN_POINT('Origin',(0.,-8.,0.));
#4802=CARTESIAN_POINT('',(13.6531312120478,-8.,9.06420931711102));
#4803=CARTESIAN_POINT('Origin',(14.751236181686,-8.,7.39263357079983));
#4804=CARTESIAN_POINT('',(10.3323703282919,-8.,12.7204561960973));
#4805=CARTESIAN_POINT('Origin',(12.2805,-8.,11.153679));
#4806=CARTESIAN_POINT('',(7.71036761020716,-8.,12.2800745647357));
#4807=CARTESIAN_POINT('Origin',(8.77386659092539,-8.,13.9738779529751));
#4808=CARTESIAN_POINT('Origin',(0.,-8.,0.));
#4809=CARTESIAN_POINT('',(-6.70451747703934,-8.,9.39570981317916));
#4810=CARTESIAN_POINT('Origin',(-8.87513728502135,-8.,11.4665573810113));
#4811=CARTESIAN_POINT('',(-10.4402727760614,-8.,8.90719205056569));
#4812=CARTESIAN_POINT('Origin',(-8.48528137423857,-8.,8.48528137423857));
#4813=CARTESIAN_POINT('Origin',(-8.87513728502135,-8.,11.4665573810113));
#4814=CARTESIAN_POINT('',(-19.6784275364129,-8.,-12.2642876919639));
#4815=CARTESIAN_POINT('Origin',(-18.5784275364129,-8.,-12.2642876919639));
#4816=CARTESIAN_POINT('',(-2.0999999999994,-8.,-7.46249999999961));
#4817=CARTESIAN_POINT('',(-2.0999999999994,-8.,-11.6624999999995));
#4818=CARTESIAN_POINT('',(-2.0999999999994,-8.,-5.83124999999976));
#4819=CARTESIAN_POINT('',(2.09999999999998,-8.,-7.46249999999961));
#4820=CARTESIAN_POINT('',(-1.0499999999997,-8.,-7.46249999999961));
#4821=CARTESIAN_POINT('',(2.09999999999998,-8.,-11.6624999999995));
#4822=CARTESIAN_POINT('',(2.09999999999998,-8.,-3.73124999999981));
#4823=CARTESIAN_POINT('',(1.04999999999999,-8.,-11.6624999999995));
#4824=CARTESIAN_POINT('',(-7.46250000000002,-8.,2.09999999999217));
#4825=CARTESIAN_POINT('',(-11.6625,-8.,2.10000000000006));
#4826=CARTESIAN_POINT('',(-5.83124999999802,-8.,2.0999999999891));
#4827=CARTESIAN_POINT('',(-7.46249999999989,-8.,-2.09999999999979));
#4828=CARTESIAN_POINT('',(-7.46249999999999,-8.,1.04999999999597));
#4829=CARTESIAN_POINT('',(-11.6624999999971,-8.,-2.09999999999973));
#4830=CARTESIAN_POINT('',(-3.73124999999996,-8.,-2.09999999999984));
#4831=CARTESIAN_POINT('',(-11.6624999999978,-8.,-1.05000000000393));
#4832=CARTESIAN_POINT('',(7.46249999999964,-8.,2.09999999999969));
#4833=CARTESIAN_POINT('',(7.46249999999228,-8.,-2.0999999999993));
#4834=CARTESIAN_POINT('',(7.46249999999412,-8.,-1.05000000000619));
#4835=CARTESIAN_POINT('',(11.6625,-8.,2.10000000000007));
#4836=CARTESIAN_POINT('',(3.73124999999973,-8.,2.09999999999935));
#4837=CARTESIAN_POINT('',(11.6624999999995,-8.,-2.10000000000093));
#4838=CARTESIAN_POINT('',(11.6624999999999,-8.,1.04999999999935));
#4839=CARTESIAN_POINT('',(5.83124999999934,-8.,-2.09999999999866));
#4840=CARTESIAN_POINT('',(-2.09999999999987,-8.,11.6625));
#4841=CARTESIAN_POINT('',(-2.09999999999987,-8.,7.46249999999972));
#4842=CARTESIAN_POINT('',(-2.09999999999987,-8.,3.73124999999986));
#4843=CARTESIAN_POINT('',(2.10000000000013,-8.,11.6624999999996));
#4844=CARTESIAN_POINT('',(-1.04999999999939,-8.,11.6624999999999));
#4845=CARTESIAN_POINT('',(2.09999999999206,-8.,7.46249999999265));
#4846=CARTESIAN_POINT('',(2.09999999998893,-8.,5.83124999999777));
#4847=CARTESIAN_POINT('',(1.05000000000231,-8.,7.46249999999442));
#4848=CARTESIAN_POINT('',(-1.76776695296637,-8.,1.76776695296637));
#4849=CARTESIAN_POINT('',(-5.18198051533946,-8.,3.18198051533946));
#4850=CARTESIAN_POINT('Origin',(-3.18198051533946,-8.,3.18198051533946));
#4851=CARTESIAN_POINT('',(1.76776695296637,-8.,1.76776695296637));
#4852=CARTESIAN_POINT('Origin',(0.,-8.,0.));
#4853=CARTESIAN_POINT('',(3.18198051533946,-8.,5.18198051533946));
#4854=CARTESIAN_POINT('Origin',(3.18198051533946,-8.,3.18198051533946));
#4855=CARTESIAN_POINT('Origin',(3.18198051533946,-8.,3.18198051533946));
#4856=CARTESIAN_POINT('',(1.76776695296637,-8.,-1.76776695296637));
#4857=CARTESIAN_POINT('Origin',(0.,-8.,0.));
#4858=CARTESIAN_POINT('',(5.18198051533946,-8.,-3.18198051533946));
#4859=CARTESIAN_POINT('Origin',(3.18198051533946,-8.,-3.18198051533946));
#4860=CARTESIAN_POINT('Origin',(3.18198051533946,-8.,-3.18198051533946));
#4861=CARTESIAN_POINT('',(-1.76776695296637,-8.,-1.76776695296637));
#4862=CARTESIAN_POINT('Origin',(0.,-8.,0.));
#4863=CARTESIAN_POINT('',(-3.18198051533946,-8.,-5.18198051533946));
#4864=CARTESIAN_POINT('Origin',(-3.18198051533946,-8.,-3.18198051533946));
#4865=CARTESIAN_POINT('Origin',(-3.18198051533946,-8.,-3.18198051533946));
#4866=CARTESIAN_POINT('',(-2.5,-8.,-3.06161699786838E-16));
#4867=CARTESIAN_POINT('Origin',(0.,-8.,0.));
#4868=CARTESIAN_POINT('Origin',(0.,-8.,0.));
#4869=CARTESIAN_POINT('Origin',(-3.18198051533946,-8.,3.18198051533946));
#4870=CARTESIAN_POINT('',(6.98528137423857,-8.,8.48528137423857));
#4871=CARTESIAN_POINT('Origin',(8.48528137423857,-8.,8.48528137423857));
#4872=CARTESIAN_POINT('',(8.48528137423857,-8.,-6.98528137423857));
#4873=CARTESIAN_POINT('Origin',(8.48528137423857,-8.,-8.48528137423857));
#4874=CARTESIAN_POINT('Origin',(-8.87513728502135,-8.5,11.4665573810113));
#4875=CARTESIAN_POINT('',(-7.0660235860606,-8.5,9.74112768837452));
#4876=CARTESIAN_POINT('Origin',(-8.87513728502135,-8.5,11.4665573810113));
#4877=CARTESIAN_POINT('',(-7.12310422304849,-8.12425275192716,9.45161914937766));
#4878=CARTESIAN_POINT('Ctrl Pts',(-7.0660235860606,-8.5,9.74112768837452));
#4879=CARTESIAN_POINT('Ctrl Pts',(-7.06507238912576,-8.49535129725381,9.74212501872798));
#4880=CARTESIAN_POINT('Ctrl Pts',(-7.06421448404249,-8.49065364874903,9.74293230525215));
#4881=CARTESIAN_POINT('Ctrl Pts',(-7.06291789122648,-8.48255094012154,9.74396399730152));
#4882=CARTESIAN_POINT('Ctrl Pts',(-7.06243173473642,-8.47918249380123,9.74428875132161));
#4883=CARTESIAN_POINT('Ctrl Pts',(-7.06154139814658,-8.47225920500944,9.74473895219776));
#4884=CARTESIAN_POINT('Ctrl Pts',(-7.06114319063008,-8.4687134578851,9.74485422241862));
#4885=CARTESIAN_POINT('Ctrl Pts',(-7.0602757675239,-8.4597008717445,9.74485367658468));
#4886=CARTESIAN_POINT('Ctrl Pts',(-7.05988533595236,-8.45425203109786,9.74458164257457));
#4887=CARTESIAN_POINT('Ctrl Pts',(-7.05899467616786,-8.43585044433086,9.74276841554245));
#4888=CARTESIAN_POINT('Ctrl Pts',(-7.0590972912992,-8.42316869389958,9.74002020994912));
#4889=CARTESIAN_POINT('Ctrl Pts',(-7.06070316228361,-8.39171054150281,9.7300657757759));
#4890=CARTESIAN_POINT('Ctrl Pts',(-7.06291445448449,-8.37345147889939,9.72129165467578));
#4891=CARTESIAN_POINT('Ctrl Pts',(-7.07046150882851,-8.32572450198301,9.69296426843983));
#4892=CARTESIAN_POINT('Ctrl Pts',(-7.077185120625,-8.29670965665462,9.66903996263183));
#4893=CARTESIAN_POINT('Ctrl Pts',(-7.09578034441283,-8.22214868854347,9.59692214873496));
#4894=CARTESIAN_POINT('Ctrl Pts',(-7.11041985421264,-8.17208731288136,9.53335708565805));
#4895=CARTESIAN_POINT('Ctrl Pts',(-7.12240367352394,-8.12690772497377,9.45621397889417));
#4896=CARTESIAN_POINT('Ctrl Pts',(-7.12275563444631,-8.12557629754575,9.45392010559713));
#4897=CARTESIAN_POINT('Ctrl Pts',(-7.12310422304849,-8.12425275192716,9.45161914937766));
#4898=CARTESIAN_POINT('Ctrl Pts',(-6.70451747703934,-8.,9.39570981317916));
#4899=CARTESIAN_POINT('Ctrl Pts',(-6.70578175154995,-8.,9.39589395521649));
#4900=CARTESIAN_POINT('Ctrl Pts',(-6.70704604340505,-8.00000325643629,9.39607798043805));
#4901=CARTESIAN_POINT('Ctrl Pts',(-6.77737942259909,-8.0003652154255,9.40630875862488));
#4902=CARTESIAN_POINT('Ctrl Pts',(-6.84659150478791,-8.01042349756495,9.41600917690436));
#4903=CARTESIAN_POINT('Ctrl Pts',(-6.97940011699205,-8.04795539221429,9.43381550389867));
#4904=CARTESIAN_POINT('Ctrl Pts',(-7.04366813494515,-8.07550704236205,9.44201039134141));
#4905=CARTESIAN_POINT('Ctrl Pts',(-7.10944055710496,-8.11546730112708,9.44997966207207));
#4906=CARTESIAN_POINT('Ctrl Pts',(-7.11630681559409,-8.11979856638315,9.4508061905479));
#4907=CARTESIAN_POINT('Ctrl Pts',(-7.12310422304849,-8.12425275192716,9.45161914937766));
#4908=CARTESIAN_POINT('Origin',(-8.87513728502135,-8.,11.4665573810113));
#4909=CARTESIAN_POINT('',(-6.63818789936722,-13.45,10.350287948472));
#4910=CARTESIAN_POINT('Origin',(-8.87513728502135,-13.45,11.4665573810113));
#4911=CARTESIAN_POINT('',(-6.63818789936722,-8.75,10.350287948472));
#4912=CARTESIAN_POINT('',(-6.63818789936722,-8.,10.350287948472));
#4913=CARTESIAN_POINT('',(-7.15462739091916,-8.75,9.65276419977575));
#4914=CARTESIAN_POINT('Origin',(-8.87513728502135,-8.75,11.4665573810113));
#4915=CARTESIAN_POINT('Ctrl Pts',(-7.15462739091916,-8.75,9.65276419977575));
#4916=CARTESIAN_POINT('Ctrl Pts',(-7.11549383925183,-8.67954125923126,9.68988511495591));
#4917=CARTESIAN_POINT('Ctrl Pts',(-7.0854081491384,-8.59473650336032,9.72080296650259));
#4918=CARTESIAN_POINT('Ctrl Pts',(-7.0660235860606,-8.5,9.74112768837452));
#4919=CARTESIAN_POINT('Origin',(-8.87513728502135,-8.,11.4665573810113));
#4920=CARTESIAN_POINT('',(-10.1797429756981,-8.5,9.33395240309016));
#4921=CARTESIAN_POINT('Origin',(-8.87513728502135,-8.5,11.4665573810113));
#4922=CARTESIAN_POINT('',(-10.0713968177732,-8.75,9.27134369430552));
#4923=CARTESIAN_POINT('Ctrl Pts',(-10.1797429756981,-8.5,9.33395240309016));
#4924=CARTESIAN_POINT('Ctrl Pts',(-10.1557663725729,-8.59480600321444,9.31928488931989));
#4925=CARTESIAN_POINT('Ctrl Pts',(-10.1187231067323,-8.67959572571727,9.29713367760417));
#4926=CARTESIAN_POINT('Ctrl Pts',(-10.0713968177732,-8.75,9.27134369430552));
#4927=CARTESIAN_POINT('Origin',(-8.87513728502135,-8.75,11.4665573810113));
#4928=CARTESIAN_POINT('Origin',(-8.87513728502135,-13.6,11.4665573810113));
#4929=CARTESIAN_POINT('',(-6.63818789936722,-13.45,10.350287948472));
#4930=CARTESIAN_POINT('Origin',(-18.5784275364129,-8.,-12.2642876919639));
#4931=CARTESIAN_POINT('',(-19.6784275364129,-3.5,-12.2642876919639));
#4932=CARTESIAN_POINT('',(-19.6784275364129,-8.,-12.2642876919639));
#4933=CARTESIAN_POINT('Origin',(-18.5784275364129,-3.5,-12.2642876919639));
#4934=CARTESIAN_POINT('Origin',(-6.88748865697795,-3.65,2.35));
#4935=CARTESIAN_POINT('',(-14.3321317325791,-3.5,2.2));
#4936=CARTESIAN_POINT('',(-14.3125049009467,-3.62426406873522,2.32426406873071));
#4937=CARTESIAN_POINT('Origin',(3.60822483003176E-15,-1.30000000000002,
2.22044604925031E-14));
#4938=CARTESIAN_POINT('',(-14.0285423334001,-3.5,2.2));
#4939=CARTESIAN_POINT('Ctrl Pts',(-14.0285423334001,-3.49999999999999,2.19999999999999));
#4940=CARTESIAN_POINT('Ctrl Pts',(-14.1231906843118,-3.54138723665499,2.24138723665499));
#4941=CARTESIAN_POINT('Ctrl Pts',(-14.2178612834659,-3.5828163550588,2.2828163550588));
#4942=CARTESIAN_POINT('Ctrl Pts',(-14.3125049009745,-3.62426406873523,2.32426406873522));
#4943=CARTESIAN_POINT('',(-6.88748865697795,-3.5,2.2));
#4944=CARTESIAN_POINT('Origin',(-2.52800596485441E-17,-3.60606601717798,
4.52304491070571E-16));
#4945=CARTESIAN_POINT('',(-14.1546612542836,-3.62426406870991,3.14572166225993));
#4946=CARTESIAN_POINT('Origin',(3.60822483003176E-15,-3.62426406871193,
2.22044604925031E-14));
#4947=CARTESIAN_POINT('',(-13.891576333815,-3.5,2.94348551241419));
#4948=CARTESIAN_POINT('Ctrl Pts',(-13.891576333815,-3.5,2.94348551241419));
#4949=CARTESIAN_POINT('Ctrl Pts',(-13.8915578754352,-3.5,2.94357262546113));
#4950=CARTESIAN_POINT('Ctrl Pts',(-13.891539416236,-3.5,2.94365973833433));
#4951=CARTESIAN_POINT('Ctrl Pts',(-13.8915209562175,-3.5,2.94374685103378));
#4952=CARTESIAN_POINT('Ctrl Pts',(-13.8915024961989,-3.5,2.94383396373345));
#4953=CARTESIAN_POINT('Ctrl Pts',(-13.8914840353609,-3.5,2.94392107625937));
#4954=CARTESIAN_POINT('Ctrl Pts',(-13.8914655737035,-3.5,2.94400818861152));
#4955=CARTESIAN_POINT('Ctrl Pts',(-13.8914286503886,-3.5,2.94418241331645));
#4956=CARTESIAN_POINT('Ctrl Pts',(-13.8913917237961,-3.5,2.94435663732633));
#4957=CARTESIAN_POINT('Ctrl Pts',(-13.8913547939261,-3.5,2.94453086064108));
#4958=CARTESIAN_POINT('Ctrl Pts',(-13.8912809341856,-3.5,2.94487930727282));
#4959=CARTESIAN_POINT('Ctrl Pts',(-13.8912070613349,-3.5,2.945227751124));
#4960=CARTESIAN_POINT('Ctrl Pts',(-13.8911331753742,-3.5,2.94557619219388));
#4961=CARTESIAN_POINT('Ctrl Pts',(-13.8909854034512,-3.5,2.94627307434095));
#4962=CARTESIAN_POINT('Ctrl Pts',(-13.8908375790882,-3.5,2.94696994536282));
#4963=CARTESIAN_POINT('Ctrl Pts',(-13.8906897022865,-3.5,2.94766680525355));
#4964=CARTESIAN_POINT('Ctrl Pts',(-13.8905418254833,-3.5,2.94836366515076));
#4965=CARTESIAN_POINT('Ctrl Pts',(-13.8903938962413,-3.5,2.94906051391684));
#4966=CARTESIAN_POINT('Ctrl Pts',(-13.8902459145619,-3.5,2.94975735154587));
#4967=CARTESIAN_POINT('Ctrl Pts',(-13.8900979328818,-3.5,2.95045418917742));
#4968=CARTESIAN_POINT('Ctrl Pts',(-13.8899498987643,-3.5,2.95115101567193));
#4969=CARTESIAN_POINT('Ctrl Pts',(-13.8898018122104,-3.5,2.95184783102347));
#4970=CARTESIAN_POINT('Ctrl Pts',(-13.8893160641606,-3.5,2.95413349902856));
#4971=CARTESIAN_POINT('Ctrl Pts',(-13.8888297519242,-3.5,2.95641904714123));
#4972=CARTESIAN_POINT('Ctrl Pts',(-13.8883428755456,-3.5,2.95870447515259));
#4973=CARTESIAN_POINT('Ctrl Pts',(-13.8882360297712,-3.5,2.95920601586534));
#4974=CARTESIAN_POINT('Ctrl Pts',(-13.888129156835,-3.5,2.9597075507618));
#4975=CARTESIAN_POINT('Ctrl Pts',(-13.8880222567378,-3.5,2.96020907983976));
#4976=CARTESIAN_POINT('Ctrl Pts',(-13.8874282324993,-3.5,2.96299598496156));
#4977=CARTESIAN_POINT('Ctrl Pts',(-13.8868333695732,-3.5,2.96578271041865));
#4978=CARTESIAN_POINT('Ctrl Pts',(-13.8862376680418,-3.5,2.96856925583279));
#4979=CARTESIAN_POINT('Ctrl Pts',(-13.8856419661964,-3.5,2.9713558027153));
#4980=CARTESIAN_POINT('Ctrl Pts',(-13.8850454257448,-3.5,2.97414216955468));
#4981=CARTESIAN_POINT('Ctrl Pts',(-13.8844480467692,-3.5,2.97692835597269));
#4982=CARTESIAN_POINT('Ctrl Pts',(-13.883850667533,-3.5,2.9797145436061));
#4983=CARTESIAN_POINT('Ctrl Pts',(-13.8832524497722,-3.5,2.98250055081799));
#4984=CARTESIAN_POINT('Ctrl Pts',(-13.8826533935688,-3.5,2.98528637723005));
#4985=CARTESIAN_POINT('Ctrl Pts',(-13.8820543371584,-3.5,2.9880722046046));
#4986=CARTESIAN_POINT('Ctrl Pts',(-13.8814544423048,-3.5,2.9908578511792));
#4987=CARTESIAN_POINT('Ctrl Pts',(-13.8808537090905,-3.5,2.99364331657569));
#4988=CARTESIAN_POINT('Ctrl Pts',(-13.8796522422573,-3.5,2.99921424924482));
#4989=CARTESIAN_POINT('Ctrl Pts',(-13.8784474219795,-3.49999999999999,3.00478445720106));
#4990=CARTESIAN_POINT('Ctrl Pts',(-13.8772392489132,-3.49999999999999,3.01035393741803));
#4991=CARTESIAN_POINT('Ctrl Pts',(-13.8748229026878,-3.49999999999999,3.0214928982801));
#4992=CARTESIAN_POINT('Ctrl Pts',(-13.8723931453119,-3.49999999999999,3.03262894818591));
#4993=CARTESIAN_POINT('Ctrl Pts',(-13.8699499820477,-3.49999999999999,3.04376206292744));
#4994=CARTESIAN_POINT('Ctrl Pts',(-13.8687284012554,-3.49999999999999,3.0493286164717));
#4995=CARTESIAN_POINT('Ctrl Pts',(-13.8675034689944,-3.49999999999999,3.05489443622563));
#4996=CARTESIAN_POINT('Ctrl Pts',(-13.8662751859249,-3.49999999999999,3.06045951916378));
#4997=CARTESIAN_POINT('Ctrl Pts',(-13.8651666126156,-3.49999999999999,3.06548222326423));
#4998=CARTESIAN_POINT('Ctrl Pts',(-13.8640553098162,-3.49999999999999,3.07050432717181));
#4999=CARTESIAN_POINT('Ctrl Pts',(-13.8629412780089,-3.5,3.0755258286615));
#5000=CARTESIAN_POINT('Ctrl Pts',(-13.8628123641319,-3.5,3.07610690832332));
#5001=CARTESIAN_POINT('Ctrl Pts',(-13.8626977028589,-3.49999999983001,3.07662358457504));
#5002=CARTESIAN_POINT('Ctrl Pts',(-13.8625802876577,-3.49999999967346,3.07715253860567));
#5003=CARTESIAN_POINT('Ctrl Pts',(-13.8623693878403,-3.49999999939225,3.07810263967791));
#5004=CARTESIAN_POINT('Ctrl Pts',(-13.8621496335944,-3.49999999915113,3.07909235925032));
#5005=CARTESIAN_POINT('Ctrl Pts',(-13.8618221442098,-3.50000000004344,3.08056599435181));
#5006=CARTESIAN_POINT('Ctrl Pts',(-13.8618179478413,-3.50000000005487,3.08058487714966));
#5007=CARTESIAN_POINT('Ctrl Pts',(-13.861816494104,-3.50000000005726,3.0805914185628));
#5008=CARTESIAN_POINT('Ctrl Pts',(-13.8618140306951,-3.50000000008353,3.08060250347792));
#5009=CARTESIAN_POINT('Ctrl Pts',(-13.8618126552246,-3.50000000009819,3.08060869285764));
#5010=CARTESIAN_POINT('Ctrl Pts',(-13.8618111602822,-3.50000000012215,3.08061541990569));
#5011=CARTESIAN_POINT('Ctrl Pts',(-13.8618099740594,-3.50000000017803,3.08062075815129));
#5012=CARTESIAN_POINT('Ctrl Pts',(-13.8618076144872,-3.5000000002892,3.08063137671001));
#5013=CARTESIAN_POINT('Ctrl Pts',(-13.8618008953724,-3.49999775021662,3.08063657892512));
#5014=CARTESIAN_POINT('Ctrl Pts',(-13.8618090743141,-3.50000122238874,3.08063840351861));
#5015=CARTESIAN_POINT('Ctrl Pts',(-13.8618351908673,-3.50001230954054,3.08064422971161));
#5016=CARTESIAN_POINT('Ctrl Pts',(-13.8624995111289,-3.50029427843271,3.08079184811559));
#5017=CARTESIAN_POINT('Ctrl Pts',(-13.8625488280808,-3.50031521100728,3.08080280827955));
#5018=CARTESIAN_POINT('Ctrl Pts',(-13.9458713105174,-3.53568142912019,3.09932033691075));
#5019=CARTESIAN_POINT('Ctrl Pts',(-14.0291937933776,-3.57104764723309,3.11783786363624));
#5020=CARTESIAN_POINT('Ctrl Pts',(-14.1125162760269,-3.606413865346,3.13635539131034));
#5021=CARTESIAN_POINT('Ctrl Pts',(-14.1265646092085,-3.61237667873832,3.13947748261384));
#5022=CARTESIAN_POINT('Ctrl Pts',(-14.1406129423921,-3.6183394921277,3.14259957390984));
#5023=CARTESIAN_POINT('Ctrl Pts',(-14.1546612755777,-3.62430230551437,3.1457216652012));
#5024=CARTESIAN_POINT('Origin',(-5.05601192970883E-17,-3.5,3.7507119157792E-18));
#5025=CARTESIAN_POINT('Ctrl Pts',(-13.891576333815,-3.5,2.94348551241419));
#5026=CARTESIAN_POINT('Ctrl Pts',(-13.8915578754352,-3.5,2.94357262546102));
#5027=CARTESIAN_POINT('Ctrl Pts',(-13.8915209570369,-3.5,2.94374685120743));
#5028=CARTESIAN_POINT('Ctrl Pts',(-13.8914471136849,-3.5,2.9440953013111));
#5029=CARTESIAN_POINT('Ctrl Pts',(-13.8913178706112,-3.5,2.94470508534572));
#5030=CARTESIAN_POINT('Ctrl Pts',(-13.8910593156338,-3.5,2.94592463882514));
#5031=CARTESIAN_POINT('Ctrl Pts',(-13.8906897547259,-3.5,2.94766681638145));
#5032=CARTESIAN_POINT('Ctrl Pts',(-13.8902459669997,-3.5,2.94975736268165));
#5033=CARTESIAN_POINT('Ctrl Pts',(-13.8893577622934,-3.5,2.95393832165264));
#5034=CARTESIAN_POINT('Ctrl Pts',(-13.8880230956084,-3.5,2.96020925864365));
#5035=CARTESIAN_POINT('Ctrl Pts',(-13.8862385068046,-3.5,2.96856943514165));
#5036=CARTESIAN_POINT('Ctrl Pts',(-13.8844488854238,-3.5,2.97692853578644));
#5037=CARTESIAN_POINT('Ctrl Pts',(-13.8826542321153,-3.5,2.98528655754871));
#5038=CARTESIAN_POINT('Ctrl Pts',(-13.8802546526655,-3.5,2.99642914401583));
#5039=CARTESIAN_POINT('Ctrl Pts',(-13.8760377814422,-3.5,3.01592487304276));
#5040=CARTESIAN_POINT('Ctrl Pts',(-13.8711782655031,-3.49999999999999,3.03819697824056));
#5041=CARTESIAN_POINT('Ctrl Pts',(-13.8662785361524,-3.49999999999999,3.06046025860069));
#5042=CARTESIAN_POINT('Ctrl Pts',(-13.8613520049821,-3.49999999999999,3.08271762346562));
#5043=CARTESIAN_POINT('Ctrl Pts',(-13.8551436009617,-3.5,3.11052817748747));
#5044=CARTESIAN_POINT('Ctrl Pts',(-13.8451030333772,-3.5,3.15500101484867));
#5045=CARTESIAN_POINT('Ctrl Pts',(-13.8323515807435,-3.5,3.21054648597585));
#5046=CARTESIAN_POINT('Ctrl Pts',(-13.8167290027439,-3.5,3.27712658422067));
#5047=CARTESIAN_POINT('Ctrl Pts',(-13.7954716037836,-3.5,3.36579870042306));
#5048=CARTESIAN_POINT('Ctrl Pts',(-13.7680995950345,-3.5,3.47644496003398));
#5049=CARTESIAN_POINT('Ctrl Pts',(-13.7339758163849,-3.5,3.60889793613804));
#5050=CARTESIAN_POINT('Ctrl Pts',(-13.6985778332792,-3.5,3.74101608757775));
#5051=CARTESIAN_POINT('Ctrl Pts',(-13.6741318990034,-3.5,3.82886346738868));
#5052=CARTESIAN_POINT('Ctrl Pts',(-13.6616976789517,-3.5,3.87272727272727));
#5053=CARTESIAN_POINT('Ctrl Pts',(-14.0872072769097,-3.50226339340214,2.98493774453976));
#5054=CARTESIAN_POINT('Ctrl Pts',(-14.087168322578,-3.50317706545461,2.98502179656687));
#5055=CARTESIAN_POINT('Ctrl Pts',(-14.0870904208273,-3.50426935989597,2.98518990129021));
#5056=CARTESIAN_POINT('Ctrl Pts',(-14.0869346449599,-3.50594845454592,2.98552611341184));
#5057=CARTESIAN_POINT('Ctrl Pts',(-14.0866621096979,-3.5080686639064,2.9861144916441));
#5058=CARTESIAN_POINT('Ctrl Pts',(-14.0861173289111,-3.51119079984009,2.98729127616437));
#5059=CARTESIAN_POINT('Ctrl Pts',(-14.0853398968313,-3.51435449850148,2.98897247694239));
#5060=CARTESIAN_POINT('Ctrl Pts',(-14.0844082949982,-3.51740366087345,2.99099004553212));
#5061=CARTESIAN_POINT('Ctrl Pts',(-14.0825477144388,-3.52250347895458,2.99502543725739));
#5062=CARTESIAN_POINT('Ctrl Pts',(-14.0797666413894,-3.52810429386585,3.00107947645084));
#5063=CARTESIAN_POINT('Ctrl Pts',(-14.0760791232757,-3.53394592109566,3.00915353480429));
#5064=CARTESIAN_POINT('Ctrl Pts',(-14.0724118706535,-3.53875826366279,3.01722957637648));
#5065=CARTESIAN_POINT('Ctrl Pts',(-14.0687645802431,-3.54292797191607,3.02530757961688));
#5066=CARTESIAN_POINT('Ctrl Pts',(-14.063927742677,-3.54782771257095,3.03608083795352));
#5067=CARTESIAN_POINT('Ctrl Pts',(-14.0555311030143,-3.55508991167589,3.05494076517063));
#5068=CARTESIAN_POINT('Ctrl Pts',(-14.0460854572293,-3.56143608615981,3.07651003646645));
#5069=CARTESIAN_POINT('Ctrl Pts',(-14.0367821311451,-3.5666711899862,3.09809387571284));
#5070=CARTESIAN_POINT('Ctrl Pts',(-14.0275712229208,-3.57127368014614,3.1196872936457));
#5071=CARTESIAN_POINT('Ctrl Pts',(-14.016226246653,-3.57607498137065,3.14669677551779));
#5072=CARTESIAN_POINT('Ctrl Pts',(-13.998416482292,-3.58225411257856,3.18994892037291));
#5073=CARTESIAN_POINT('Ctrl Pts',(-13.9767651288002,-3.5878513169822,3.24408220341652));
#5074=CARTESIAN_POINT('Ctrl Pts',(-13.9516762046953,-3.59239876298144,3.30914891132501));
#5075=CARTESIAN_POINT('Ctrl Pts',(-13.9193245434134,-3.59643565141034,3.39604692958358));
#5076=CARTESIAN_POINT('Ctrl Pts',(-13.8807964430299,-3.59890132885184,3.50493875196536));
#5077=CARTESIAN_POINT('Ctrl Pts',(-13.8372742694421,-3.59986224046506,3.63606664130157));
#5078=CARTESIAN_POINT('Ctrl Pts',(-13.7962309591569,-3.60001510291435,3.76769701534272));
#5079=CARTESIAN_POINT('Ctrl Pts',(-13.7704286025176,-3.6,3.85582729462381));
#5080=CARTESIAN_POINT('Ctrl Pts',(-13.7579068175359,-3.6,3.9));
#5081=CARTESIAN_POINT('Ctrl Pts',(-14.2828382200044,-3.50452678680428,3.02638997666532));
#5082=CARTESIAN_POINT('Ctrl Pts',(-14.2827787697208,-3.50635413090922,3.02647096767272));
#5083=CARTESIAN_POINT('Ctrl Pts',(-14.2826598846178,-3.50853871979194,3.02663295137298));
#5084=CARTESIAN_POINT('Ctrl Pts',(-14.282422176235,-3.51189690909184,3.02695692551258));
#5085=CARTESIAN_POINT('Ctrl Pts',(-14.2820063487847,-3.51613732781281,3.02752389794248));
#5086=CARTESIAN_POINT('Ctrl Pts',(-14.2811753421884,-3.52238159968018,3.0286579135036));
#5087=CARTESIAN_POINT('Ctrl Pts',(-14.2799900389366,-3.52870899700296,3.03027813750334));
#5088=CARTESIAN_POINT('Ctrl Pts',(-14.2785706229966,-3.5348073217469,3.03222272838259));
#5089=CARTESIAN_POINT('Ctrl Pts',(-14.2757376665842,-3.54500695790916,3.03611255286214));
#5090=CARTESIAN_POINT('Ctrl Pts',(-14.2715101871704,-3.5562085877317,3.04194969425803));
#5091=CARTESIAN_POINT('Ctrl Pts',(-14.2659197397468,-3.56789184219131,3.04973763446692));
#5092=CARTESIAN_POINT('Ctrl Pts',(-14.2603748558832,-3.57751652732557,3.05753061696653));
#5093=CARTESIAN_POINT('Ctrl Pts',(-14.2548749283709,-3.58585594383213,3.06532860168505));
#5094=CARTESIAN_POINT('Ctrl Pts',(-14.2476008326885,-3.59565542514191,3.07573253189122));
#5095=CARTESIAN_POINT('Ctrl Pts',(-14.2350244245863,-3.61017982335179,3.0939566572985));
#5096=CARTESIAN_POINT('Ctrl Pts',(-14.2209926489555,-3.62287217231962,3.11482309469234));
#5097=CARTESIAN_POINT('Ctrl Pts',(-14.2072857261378,-3.63334237997241,3.13572749282499));
#5098=CARTESIAN_POINT('Ctrl Pts',(-14.1937904408596,-3.64254736029228,3.15665696382579));
#5099=CARTESIAN_POINT('Ctrl Pts',(-14.1773088923443,-3.6521499627413,3.1828653735481));
#5100=CARTESIAN_POINT('Ctrl Pts',(-14.1517299312068,-3.66450822515713,3.22489682589715));
#5101=CARTESIAN_POINT('Ctrl Pts',(-14.1211786768569,-3.67570263396441,3.27761792085718));
#5102=CARTESIAN_POINT('Ctrl Pts',(-14.0866234066466,-3.68479752596288,3.34117123842935));
#5103=CARTESIAN_POINT('Ctrl Pts',(-14.0431774830432,-3.69287130282067,3.4262951587441));
#5104=CARTESIAN_POINT('Ctrl Pts',(-13.9934932910252,-3.69780265770369,3.53343254389675));
#5105=CARTESIAN_POINT('Ctrl Pts',(-13.9405727224992,-3.69972448093011,3.66323534646509));
#5106=CARTESIAN_POINT('Ctrl Pts',(-13.8938840850345,-3.70003020582869,3.79437794310768));
#5107=CARTESIAN_POINT('Ctrl Pts',(-13.8667253060317,-3.7,3.88279112185894));
#5108=CARTESIAN_POINT('Ctrl Pts',(-13.85411595612,-3.7,3.92727272727273));
#5109=CARTESIAN_POINT('Ctrl Pts',(-14.4784691630992,-3.50679018020642,3.06784220879089));
#5110=CARTESIAN_POINT('Ctrl Pts',(-14.4783892168636,-3.50953119636383,3.06792013877857));
#5111=CARTESIAN_POINT('Ctrl Pts',(-14.4782293484082,-3.51280807968791,3.06807600145576));
#5112=CARTESIAN_POINT('Ctrl Pts',(-14.47790970751,-3.51784536363775,3.06838773761332));
#5113=CARTESIAN_POINT('Ctrl Pts',(-14.4773505878714,-3.52420599171921,3.06893330424086));
#5114=CARTESIAN_POINT('Ctrl Pts',(-14.4762333554658,-3.53357239952026,3.07002455084282));
#5115=CARTESIAN_POINT('Ctrl Pts',(-14.4746401810419,-3.54306349550444,3.07158379806428));
#5116=CARTESIAN_POINT('Ctrl Pts',(-14.4727329509951,-3.55221098262035,3.07345541123305));
#5117=CARTESIAN_POINT('Ctrl Pts',(-14.4689276187296,-3.56751043686375,3.07719966846689));
#5118=CARTESIAN_POINT('Ctrl Pts',(-14.4632537329515,-3.58431288159754,3.08281991206521));
#5119=CARTESIAN_POINT('Ctrl Pts',(-14.4557603562179,-3.60183776328697,3.09032173412956));
#5120=CARTESIAN_POINT('Ctrl Pts',(-14.4483378411129,-3.61627479098836,3.09783165755657));
#5121=CARTESIAN_POINT('Ctrl Pts',(-14.4409852764987,-3.6287839157482,3.10534962375322));
#5122=CARTESIAN_POINT('Ctrl Pts',(-14.4312739226999,-3.64348313771286,3.11538422582891));
#5123=CARTESIAN_POINT('Ctrl Pts',(-14.4145177461584,-3.66526973502768,3.13297254942637));
#5124=CARTESIAN_POINT('Ctrl Pts',(-14.3958998406817,-3.68430825847944,3.15313615291823));
#5125=CARTESIAN_POINT('Ctrl Pts',(-14.3777893211305,-3.70001356995861,3.17336110993714));
#5126=CARTESIAN_POINT('Ctrl Pts',(-14.3600096587983,-3.71382104043842,3.19362663400587));
#5127=CARTESIAN_POINT('Ctrl Pts',(-14.3383915380357,-3.72822494411195,3.21903397157841));
#5128=CARTESIAN_POINT('Ctrl Pts',(-14.3050433801217,-3.7467623377357,3.25984473142139));
#5129=CARTESIAN_POINT('Ctrl Pts',(-14.2655922249135,-3.76355395094661,3.31115363829785));
#5130=CARTESIAN_POINT('Ctrl Pts',(-14.2215706085979,-3.77719628894432,3.37319356553369));
#5131=CARTESIAN_POINT('Ctrl Pts',(-14.1670304226731,-3.78930695423101,3.45654338790462));
#5132=CARTESIAN_POINT('Ctrl Pts',(-14.1061901390206,-3.79670398655553,3.56192633582813));
#5133=CARTESIAN_POINT('Ctrl Pts',(-14.0438711755564,-3.79958672139516,3.69040405162861));
#5134=CARTESIAN_POINT('Ctrl Pts',(-13.9915372109122,-3.80004530874303,3.82105887087265));
#5135=CARTESIAN_POINT('Ctrl Pts',(-13.9630220095458,-3.8,3.90975494909407));
#5136=CARTESIAN_POINT('Ctrl Pts',(-13.9503250947042,-3.8,3.95454545454545));
#5137=CARTESIAN_POINT('',(-13.9503250947042,-3.8,3.95454545454545));
#5138=CARTESIAN_POINT('Ctrl Pts',(-14.1546612542862,-3.62426406871157,3.14572166225972));
#5139=CARTESIAN_POINT('Ctrl Pts',(-14.1505847694262,-3.63277681460752,3.16406443650884));
#5140=CARTESIAN_POINT('Ctrl Pts',(-14.1463889833242,-3.64071982099681,3.18276911726153));
#5141=CARTESIAN_POINT('Ctrl Pts',(-14.1286544920593,-3.67216334764118,3.26112744869416));
#5142=CARTESIAN_POINT('Ctrl Pts',(-14.1130555674268,-3.69414504365669,3.32803614839772));
#5143=CARTESIAN_POINT('Ctrl Pts',(-14.0734647937111,-3.74180990123825,3.49264505016874));
#5144=CARTESIAN_POINT('Ctrl Pts',(-14.0456868269259,-3.76684653663377,3.60289828089256));
#5145=CARTESIAN_POINT('Ctrl Pts',(-13.9958233921383,-3.79373844593535,3.79131420473779));
#5146=CARTESIAN_POINT('Ctrl Pts',(-13.9736419616012,-3.79999999999999,3.87229127966209));
#5147=CARTESIAN_POINT('Ctrl Pts',(-13.9503250947042,-3.79999999999999,3.95454545454545));
#5148=CARTESIAN_POINT('',(-13.6616976789517,-3.5,3.87272727272727));
#5149=CARTESIAN_POINT('',(-13.6616976789517,-3.5,3.87272727272727));
#5150=CARTESIAN_POINT('Ctrl Pts',(-13.6616976789517,-3.5,3.87272727272727));
#5151=CARTESIAN_POINT('Ctrl Pts',(-13.6741318990034,-3.5,3.82886346738868));
#5152=CARTESIAN_POINT('Ctrl Pts',(-13.6985778332792,-3.5,3.74101608757775));
#5153=CARTESIAN_POINT('Ctrl Pts',(-13.7339758163849,-3.5,3.60889793613804));
#5154=CARTESIAN_POINT('Ctrl Pts',(-13.7680995950345,-3.5,3.47644496003398));
#5155=CARTESIAN_POINT('Ctrl Pts',(-13.7954716037836,-3.5,3.36579870042306));
#5156=CARTESIAN_POINT('Ctrl Pts',(-13.8167290027439,-3.5,3.27712658422067));
#5157=CARTESIAN_POINT('Ctrl Pts',(-13.8323515807435,-3.5,3.21054648597585));
#5158=CARTESIAN_POINT('Ctrl Pts',(-13.8451030333772,-3.5,3.15500101484867));
#5159=CARTESIAN_POINT('Ctrl Pts',(-13.8551436009617,-3.5,3.11052817748747));
#5160=CARTESIAN_POINT('Ctrl Pts',(-13.8613520049821,-3.49999999999999,3.08271762346562));
#5161=CARTESIAN_POINT('Ctrl Pts',(-13.8662785361524,-3.49999999999999,3.06046025860069));
#5162=CARTESIAN_POINT('Ctrl Pts',(-13.8711782655031,-3.49999999999999,3.03819697824056));
#5163=CARTESIAN_POINT('Ctrl Pts',(-13.8760377814422,-3.5,3.01592487304276));
#5164=CARTESIAN_POINT('Ctrl Pts',(-13.8802546526655,-3.5,2.99642914401583));
#5165=CARTESIAN_POINT('Ctrl Pts',(-13.8826542321153,-3.5,2.98528655754871));
#5166=CARTESIAN_POINT('Ctrl Pts',(-13.8844488854238,-3.5,2.97692853578644));
#5167=CARTESIAN_POINT('Ctrl Pts',(-13.8862385068046,-3.5,2.96856943514165));
#5168=CARTESIAN_POINT('Ctrl Pts',(-13.8880230956084,-3.5,2.96020925864365));
#5169=CARTESIAN_POINT('Ctrl Pts',(-13.8893577622934,-3.5,2.95393832165264));
#5170=CARTESIAN_POINT('Ctrl Pts',(-13.8902459669997,-3.5,2.94975736268165));
#5171=CARTESIAN_POINT('Ctrl Pts',(-13.8906897547259,-3.5,2.94766681638145));
#5172=CARTESIAN_POINT('Ctrl Pts',(-13.8910593156338,-3.5,2.94592463882514));
#5173=CARTESIAN_POINT('Ctrl Pts',(-13.8913178706112,-3.5,2.94470508534572));
#5174=CARTESIAN_POINT('Ctrl Pts',(-13.8914471136849,-3.5,2.9440953013111));
#5175=CARTESIAN_POINT('Ctrl Pts',(-13.8915209570369,-3.5,2.94374685120743));
#5176=CARTESIAN_POINT('Ctrl Pts',(-13.8915578754352,-3.5,2.94357262546102));
#5177=CARTESIAN_POINT('Ctrl Pts',(-13.891576333815,-3.5,2.94348551241419));
#5178=CARTESIAN_POINT('Origin',(0.,-3.,0.));
#5179=CARTESIAN_POINT('',(7.71036761020716,-3.8,12.2800745647357));
#5180=CARTESIAN_POINT('',(7.71036761020716,-3.,12.2800745647357));
#5181=CARTESIAN_POINT('Origin',(0.,-3.8,0.));
#5182=CARTESIAN_POINT('',(-14.3321317325791,-3.5,-2.2));
#5183=CARTESIAN_POINT('Origin',(3.60822483003176E-15,-3.5,2.22044604925031E-14));
#5184=CARTESIAN_POINT('',(-14.3125049009467,-3.62426406873524,-2.32426406873073));
#5185=CARTESIAN_POINT('Origin',(3.60822483003176E-15,-1.29999999999998,
2.22044604925031E-14));
#5186=CARTESIAN_POINT('',(-14.154661254286,-3.62426406871192,-3.14572166226049));
#5187=CARTESIAN_POINT('Origin',(3.60822483003176E-15,-3.62426406871193,
2.22044604925031E-14));
#5188=CARTESIAN_POINT('',(-13.9503250947042,-3.8,-3.95454545454545));
#5189=CARTESIAN_POINT('Ctrl Pts',(-13.9503250947042,-3.8,-3.95454545454545));
#5190=CARTESIAN_POINT('Ctrl Pts',(-13.9589167188382,-3.8,-3.9242370534567));
#5191=CARTESIAN_POINT('Ctrl Pts',(-13.9673316872769,-3.79928265644649,-3.89406370381702));
#5192=CARTESIAN_POINT('Ctrl Pts',(-13.9756452131778,-3.79778044503998,-3.86391274996828));
#5193=CARTESIAN_POINT('Ctrl Pts',(-13.9839587390787,-3.79627823363347,-3.83376179611953));
#5194=CARTESIAN_POINT('Ctrl Pts',(-13.9921703299683,-3.79399047834759,-3.80363298755849));
#5195=CARTESIAN_POINT('Ctrl Pts',(-14.0003048295753,-3.79086067581375,-3.77340000724396));
#5196=CARTESIAN_POINT('Ctrl Pts',(-14.0079159973643,-3.78793222865876,-3.74511206120531));
#5197=CARTESIAN_POINT('Ctrl Pts',(-14.0154536667048,-3.78425846389092,-3.71673088381935));
#5198=CARTESIAN_POINT('Ctrl Pts',(-14.0229094606906,-3.77991465403729,-3.68838619427957));
#5199=CARTESIAN_POINT('Ctrl Pts',(-14.0306910027155,-3.7753810605678,-3.65880310852717));
#5200=CARTESIAN_POINT('Ctrl Pts',(-14.0383814286888,-3.77011655635101,-3.62925918542956));
#5201=CARTESIAN_POINT('Ctrl Pts',(-14.0459335528063,-3.76424938544129,-3.59989236175301));
#5202=CARTESIAN_POINT('Ctrl Pts',(-14.0535646281263,-3.75832087811935,-3.57021853225882));
#5203=CARTESIAN_POINT('Ctrl Pts',(-14.0610518402566,-3.7517771115227,-3.54072485645773));
#5204=CARTESIAN_POINT('Ctrl Pts',(-14.0683446282553,-3.74480044077323,-3.51155389803645));
#5205=CARTESIAN_POINT('Ctrl Pts',(-14.0698284675901,-3.74338092076449,-3.50561858008321));
#5206=CARTESIAN_POINT('Ctrl Pts',(-14.0713043293033,-3.74194363512189,-3.49969664188356));
#5207=CARTESIAN_POINT('Ctrl Pts',(-14.072771934063,-3.74049034704684,-3.49378932271453));
#5208=CARTESIAN_POINT('Ctrl Pts',(-14.0754463079143,-3.73784206207729,-3.48302458526559));
#5209=CARTESIAN_POINT('Ctrl Pts',(-14.0780932263542,-3.73514041811858,-3.4723083824794));
#5210=CARTESIAN_POINT('Ctrl Pts',(-14.0807133998753,-3.73238425668333,-3.46164867504896));
#5211=CARTESIAN_POINT('Ctrl Pts',(-14.0859381609276,-3.7268883287211,-3.44039266900122));
#5212=CARTESIAN_POINT('Ctrl Pts',(-14.091160226185,-3.72112358599767,-3.41908077872699));
#5213=CARTESIAN_POINT('Ctrl Pts',(-14.0963047793796,-3.71509568855407,-3.39791897457453));
#5214=CARTESIAN_POINT('Ctrl Pts',(-14.1013201032746,-3.70921920969539,-3.37728874722296));
#5215=CARTESIAN_POINT('Ctrl Pts',(-14.1062611047804,-3.70309250529527,-3.35680101870365));
#5216=CARTESIAN_POINT('Ctrl Pts',(-14.1110625779387,-3.69677153174724,-3.33664836996755));
#5217=CARTESIAN_POINT('Ctrl Pts',(-14.1123865019572,-3.69502863151128,-3.33109162210735));
#5218=CARTESIAN_POINT('Ctrl Pts',(-14.1136998740732,-3.69327126313527,-3.32556036694918));
#5219=CARTESIAN_POINT('Ctrl Pts',(-14.1150014849711,-3.69150127564318,-3.32005868621245));
#5220=CARTESIAN_POINT('Ctrl Pts',(-14.1188104299042,-3.68632170554213,-3.30395894473028));
#5221=CARTESIAN_POINT('Ctrl Pts',(-14.1225181020298,-3.6810292414022,-3.28811231681345));
#5222=CARTESIAN_POINT('Ctrl Pts',(-14.1261007250057,-3.67559810984136,-3.27262242118729));
#5223=CARTESIAN_POINT('Ctrl Pts',(-14.129692851593,-3.6701525711369,-3.25709143556941));
#5224=CARTESIAN_POINT('Ctrl Pts',(-14.1331591007327,-3.66456806011492,-3.24191905452467));
#5225=CARTESIAN_POINT('Ctrl Pts',(-14.1364845670103,-3.65887647999203,-3.22721190118936));
#5226=CARTESIAN_POINT('Ctrl Pts',(-14.1401475257689,-3.65260727696287,-3.21101215907042));
#5227=CARTESIAN_POINT('Ctrl Pts',(-14.143639320681,-3.64620837532273,-3.19537680798018));
#5228=CARTESIAN_POINT('Ctrl Pts',(-14.1469554656908,-3.63978897718242,-3.18045169038732));
#5229=CARTESIAN_POINT('Ctrl Pts',(-14.1496366389109,-3.63459875831909,-3.16838441785262));
#5230=CARTESIAN_POINT('Ctrl Pts',(-14.1522033228181,-3.62939686000981,-3.15678150513561));
#5231=CARTESIAN_POINT('Ctrl Pts',(-14.154661254286,-3.62426406871192,-3.14572166226049));
#5232=CARTESIAN_POINT('',(-13.8209879459322,-3.8,-4.38523570613921));
#5233=CARTESIAN_POINT('Origin',(0.,-3.8,0.));
#5234=CARTESIAN_POINT('',(-13.8209879459322,-3.,-4.38523570613921));
#5235=CARTESIAN_POINT('Origin',(3.73124999999972,-3.625,2.22499999999935));
#5236=CARTESIAN_POINT('',(7.21250000000008,-3.5,2.34999999999966));
#5237=CARTESIAN_POINT('',(11.9125,-3.5,2.35000000000009));
#5238=CARTESIAN_POINT('',(3.7312499999997,-3.5,2.34999999999935));
#5239=CARTESIAN_POINT('',(11.6625,-3.75,2.10000000000007));
#5240=CARTESIAN_POINT('',(11.9125,-3.5,2.35000000000009));
#5241=CARTESIAN_POINT('',(7.46249999999964,-3.75,2.09999999999969));
#5242=CARTESIAN_POINT('',(3.73124999999973,-3.75,2.09999999999935));
#5243=CARTESIAN_POINT('',(7.21250000000008,-3.5,2.34999999999966));
#5244=CARTESIAN_POINT('Origin',(11.7874999999999,-3.625,1.04999999999933));
#5245=CARTESIAN_POINT('',(11.9124999999995,-3.5,-2.35000000000103));
#5246=CARTESIAN_POINT('',(11.9124999999999,-3.5,1.04999999999932));
#5247=CARTESIAN_POINT('',(11.6624999999995,-3.75,-2.10000000000093));
#5248=CARTESIAN_POINT('',(11.9124999999995,-3.5,-2.35000000000103));
#5249=CARTESIAN_POINT('',(11.6624999999999,-3.75,1.04999999999935));
#5250=CARTESIAN_POINT('Origin',(5.83124999999929,-3.625,-2.22499999999866));
#5251=CARTESIAN_POINT('',(7.21249999999184,-3.5,-2.3499999999992));
#5252=CARTESIAN_POINT('',(5.83124999999924,-3.5,-2.34999999999866));
#5253=CARTESIAN_POINT('',(7.46249999999228,-3.75,-2.0999999999993));
#5254=CARTESIAN_POINT('',(7.21249999999184,-3.5,-2.3499999999992));
#5255=CARTESIAN_POINT('',(5.83124999999934,-3.75,-2.09999999999866));
#5256=CARTESIAN_POINT('Origin',(7.33749999999412,-3.625,-1.05000000000597));
#5257=CARTESIAN_POINT('',(7.46249999999412,-3.75,-1.05000000000619));
#5258=CARTESIAN_POINT('',(7.21249999999412,-3.5,-1.05000000000575));
#5259=CARTESIAN_POINT('Origin',(7.46249999999228,-3.,-2.0999999999993));
#5260=CARTESIAN_POINT('',(7.46249999999964,-3.,2.09999999999969));
#5261=CARTESIAN_POINT('',(7.46249999999228,-3.,-2.0999999999993));
#5262=CARTESIAN_POINT('Origin',(7.46249999999964,-3.,2.09999999999969));
#5263=CARTESIAN_POINT('',(11.6625,-3.,2.10000000000007));
#5264=CARTESIAN_POINT('Origin',(0.,-3.5,0.));
#5265=CARTESIAN_POINT('',(7.55084276309943,-3.5,12.0260040564998));
#5266=CARTESIAN_POINT('Origin',(-2.09426871280556E-17,-3.5,1.55359574407012E-18));
#5267=CARTESIAN_POINT('',(10.5661458888969,-3.5,12.5324429325656));
#5268=CARTESIAN_POINT('Origin',(8.77386659092539,-3.5,13.9738779529751));
#5269=CARTESIAN_POINT('',(13.4884154666021,-3.5,9.3149456790577));
#5270=CARTESIAN_POINT('Origin',(12.2805,-3.5,11.153679));
#5271=CARTESIAN_POINT('',(12.6950032593904,-3.5,6.36214525487016));
#5272=CARTESIAN_POINT('Origin',(14.751236181686,-3.5,7.39263357079983));
#5273=CARTESIAN_POINT('',(13.6616976789517,-3.5,3.87272727272727));
#5274=CARTESIAN_POINT('Origin',(-2.09426871280557E-17,-3.5,1.55359574407013E-18));
#5275=CARTESIAN_POINT('',(13.8618061938525,-3.5,3.08063776579993));
#5276=CARTESIAN_POINT('Ctrl Pts',(13.8618061938525,-3.5,3.08063776579993));
#5277=CARTESIAN_POINT('Ctrl Pts',(13.8533650359862,-3.5,3.11862006144464));
#5278=CARTESIAN_POINT('Ctrl Pts',(13.836170494062,-3.5,3.19451526376473));
#5279=CARTESIAN_POINT('Ctrl Pts',(13.8005348429918,-3.5,3.34601785902192));
#5280=CARTESIAN_POINT('Ctrl Pts',(13.7442819799544,-3.5,3.57260114124064));
#5281=CARTESIAN_POINT('Ctrl Pts',(13.6935322905817,-3.5,3.76042531878406));
#5282=CARTESIAN_POINT('Ctrl Pts',(13.6616976789517,-3.5,3.87272727272727));
#5283=CARTESIAN_POINT('',(14.0285423334001,-3.5,2.2));
#5284=CARTESIAN_POINT('Origin',(-5.05601192970884E-17,-3.5,3.75071191577921E-18));
#5285=CARTESIAN_POINT('',(18.,-3.5,2.2));
#5286=CARTESIAN_POINT('',(9.,-3.5,2.2));
#5287=CARTESIAN_POINT('',(18.,-3.5,-2.2));
#5288=CARTESIAN_POINT('Origin',(18.,-3.5,3.23247336201248E-17));
#5289=CARTESIAN_POINT('',(14.0285423334001,-3.5,-2.2));
#5290=CARTESIAN_POINT('',(6.88748865697796,-3.5,-2.2));
#5291=CARTESIAN_POINT('',(13.8915710307473,-3.5,-2.94351053976404));
#5292=CARTESIAN_POINT('Origin',(-5.05601192970884E-17,-3.5,3.75071191577921E-18));
#5293=CARTESIAN_POINT('',(13.6616976789517,-3.5,-3.87272727272727));
#5294=CARTESIAN_POINT('Ctrl Pts',(13.6616976789517,-3.5,-3.87272727272727));
#5295=CARTESIAN_POINT('Ctrl Pts',(13.6741315667565,-3.5,-3.82886463944584));
#5296=CARTESIAN_POINT('Ctrl Pts',(13.6985768591695,-3.5,-3.74101961016098));
#5297=CARTESIAN_POINT('Ctrl Pts',(13.7339739472673,-3.5,-3.60890500267648));
#5298=CARTESIAN_POINT('Ctrl Pts',(13.7652533207566,-3.5,-3.4874930392416));
#5299=CARTESIAN_POINT('Ctrl Pts',(13.7872568639005,-3.5,-3.39900529310903));
#5300=CARTESIAN_POINT('Ctrl Pts',(13.8034396242145,-3.5,-3.33256116306334));
#5301=CARTESIAN_POINT('Ctrl Pts',(13.8167252045718,-3.5,-3.27714258592003));
#5302=CARTESIAN_POINT('Ctrl Pts',(13.8349511534976,-3.5,-3.19946790247209));
#5303=CARTESIAN_POINT('Ctrl Pts',(13.8489039379806,-3.5,-3.13835247114165));
#5304=CARTESIAN_POINT('Ctrl Pts',(13.8588639650347,-3.5,-3.09386280067));
#5305=CARTESIAN_POINT('Ctrl Pts',(13.8625788856853,-3.5,-3.07717468944995));
#5306=CARTESIAN_POINT('Ctrl Pts',(13.8662737113765,-3.5,-3.06048211760956));
#5307=CARTESIAN_POINT('Ctrl Pts',(13.8711733452625,-3.5,-3.03821943993645));
#5308=CARTESIAN_POINT('Ctrl Pts',(13.876032767899,-3.5,-3.01594793783234));
#5309=CARTESIAN_POINT('Ctrl Pts',(13.8808519581594,-3.5,-2.99366770815156));
#5310=CARTESIAN_POINT('Ctrl Pts',(13.8844462294356,-3.5,-2.9769531963272));
#5311=CARTESIAN_POINT('Ctrl Pts',(13.8874246833045,-3.5,-2.9630208403605));
#5312=CARTESIAN_POINT('Ctrl Pts',(13.8893524997705,-3.5,-2.95396306572281));
#5313=CARTESIAN_POINT('Ctrl Pts',(13.8902406882171,-3.5,-2.94978222005629));
#5314=CARTESIAN_POINT('Ctrl Pts',(13.8906844678305,-3.5,-2.94769173041132));
#5315=CARTESIAN_POINT('Ctrl Pts',(13.8910540219917,-3.5,-2.94594960007021));
#5316=CARTESIAN_POINT('Ctrl Pts',(13.8913125722539,-3.5,-2.94473007964274));
#5317=CARTESIAN_POINT('Ctrl Pts',(13.8914418129718,-3.5,-2.94412031213442));
#5318=CARTESIAN_POINT('Ctrl Pts',(13.8915156549781,-3.5,-2.94377187147445));
#5319=CARTESIAN_POINT('Ctrl Pts',(13.8915525727038,-3.5,-2.94359765044992));
#5320=CARTESIAN_POINT('Ctrl Pts',(13.8915710307473,-3.5,-2.94351053976404));
#5321=CARTESIAN_POINT('',(11.5151803831689,-3.5,-8.30906858456961));
#5322=CARTESIAN_POINT('Origin',(-2.09426871280557E-17,-3.5,1.55359574407013E-18));
#5323=CARTESIAN_POINT('',(11.576825782131,-3.5,-11.0822878869927));
#5324=CARTESIAN_POINT('Origin',(13.3803152339639,-3.5,-9.65490363699989));
#5325=CARTESIAN_POINT('',(14.0055768669705,-3.5,-14.1509969347895));
#5326=CARTESIAN_POINT('',(7.86532686697054,-3.5,-6.39283643478946));
#5327=CARTESIAN_POINT('',(10.5554231330294,-3.5,-16.8816450652106));
#5328=CARTESIAN_POINT('Origin',(12.2805,-3.5,-15.516321));
#5329=CARTESIAN_POINT('',(8.12667204818994,-3.5,-13.8129360174138));
#5330=CARTESIAN_POINT('',(2.70690681187868,-3.5,-6.96510269212198));
#5331=CARTESIAN_POINT('',(5.44176926474368,-3.5,-13.1159119877076));
#5332=CARTESIAN_POINT('Origin',(6.3231825963571,-3.5,-15.2403202674067));
#5333=CARTESIAN_POINT('',(-9.26790111987345,-3.5,-10.7585319087805));
#5334=CARTESIAN_POINT('Origin',(-2.09426871280557E-17,-3.5,1.55359574407012E-18));
#5335=CARTESIAN_POINT('',(-12.0361588645041,-3.5,-10.5816293541411));
#5336=CARTESIAN_POINT('Origin',(-10.7690400336558,-3.5,-12.5011110207661));
#5337=CARTESIAN_POINT('',(-25.711973292232,-3.5,-19.6095259419892));
#5338=CARTESIAN_POINT('',(-12.249973292232,-3.5,-10.7227759419892));
#5339=CARTESIAN_POINT('',(-28.1360267077679,-3.5,-15.9374740580109));
#5340=CARTESIAN_POINT('Origin',(-26.924,-3.5,-17.7735));
#5341=CARTESIAN_POINT('',(-14.46021228004,-3.5,-6.90957747016275));
#5342=CARTESIAN_POINT('',(-7.17195755216047,-3.5,-2.0983385975596));
#5343=CARTESIAN_POINT('',(-13.5350364711887,-3.5,-4.29450669152943));
#5344=CARTESIAN_POINT('Origin',(-15.7273311108883,-3.5,-4.99009580353772));
#5345=CARTESIAN_POINT('',(-13.6616976789517,-3.5,-3.87272727272727));
#5346=CARTESIAN_POINT('Origin',(-2.09426871280556E-17,-3.5,1.55359574407012E-18));
#5347=CARTESIAN_POINT('',(-13.8618061938525,-3.5,-3.08063776579993));
#5348=CARTESIAN_POINT('Ctrl Pts',(-13.8618061938525,-3.5,-3.08063776579993));
#5349=CARTESIAN_POINT('Ctrl Pts',(-13.849144457053,-3.5,-3.13761120926699));
#5350=CARTESIAN_POINT('Ctrl Pts',(-13.8231184442452,-3.5,-3.25140196314457));
#5351=CARTESIAN_POINT('Ctrl Pts',(-13.7591220759727,-3.5,-3.51614480771294));
#5352=CARTESIAN_POINT('Ctrl Pts',(-13.7041438277918,-3.5,-3.72299133413632));
#5353=CARTESIAN_POINT('Ctrl Pts',(-13.6616976789517,-3.5,-3.87272727272727));
#5354=CARTESIAN_POINT('',(-14.0285423334001,-3.5,-2.2));
#5355=CARTESIAN_POINT('Origin',(-5.05601192970883E-17,-3.5,3.7507119157792E-18));
#5356=CARTESIAN_POINT('',(-9.,-3.5,-2.2));
#5357=CARTESIAN_POINT('',(2.34999999999998,-3.5,-7.21249999999961));
#5358=CARTESIAN_POINT('',(2.34999999999998,-3.5,-11.9124999999995));
#5359=CARTESIAN_POINT('',(2.34999999999998,-3.5,-3.73124999999981));
#5360=CARTESIAN_POINT('',(-2.3499999999994,-3.5,-7.21249999999961));
#5361=CARTESIAN_POINT('',(-1.0499999999997,-3.5,-7.21249999999961));
#5362=CARTESIAN_POINT('',(-2.3499999999994,-3.5,-11.9124999999995));
#5363=CARTESIAN_POINT('',(-2.3499999999994,-3.5,-5.83124999999976));
#5364=CARTESIAN_POINT('',(1.04999999999999,-3.5,-11.9124999999995));
#5365=CARTESIAN_POINT('',(2.35000000000061,-3.5,11.9124999999996));
#5366=CARTESIAN_POINT('',(2.34999999999158,-3.5,7.21249999999223));
#5367=CARTESIAN_POINT('',(2.34999999998893,-3.5,5.83124999999729));
#5368=CARTESIAN_POINT('',(-2.34999999999987,-3.5,11.9125));
#5369=CARTESIAN_POINT('',(-1.04999999999937,-3.5,11.9124999999999));
#5370=CARTESIAN_POINT('',(-2.34999999999987,-3.5,7.21250000000014));
#5371=CARTESIAN_POINT('',(-2.34999999999987,-3.5,3.73124999999986));
#5372=CARTESIAN_POINT('',(1.05000000000188,-3.5,7.21249999999442));
#5373=CARTESIAN_POINT('',(13.1805,-3.5,11.153679));
#5374=CARTESIAN_POINT('Origin',(12.2805,-3.5,11.153679));
#5375=CARTESIAN_POINT('',(-26.024,-3.5,-17.7735));
#5376=CARTESIAN_POINT('Origin',(-26.924,-3.5,-17.7735));
#5377=CARTESIAN_POINT('',(-3.18198051533946,-3.5,-5.18198051533946));
#5378=CARTESIAN_POINT('Origin',(-3.18198051533946,-3.5,-3.18198051533946));
#5379=CARTESIAN_POINT('',(19.1,-3.5,0.));
#5380=CARTESIAN_POINT('Origin',(18.,-3.5,3.23247336201248E-17));
#5381=CARTESIAN_POINT('',(-5.18198051533946,-3.5,3.18198051533946));
#5382=CARTESIAN_POINT('Origin',(-3.18198051533946,-3.5,3.18198051533946));
#5383=CARTESIAN_POINT('',(5.18198051533946,-3.5,-3.18198051533946));
#5384=CARTESIAN_POINT('Origin',(3.18198051533946,-3.5,-3.18198051533946));
#5385=CARTESIAN_POINT('',(3.18198051533946,-3.5,5.18198051533946));
#5386=CARTESIAN_POINT('Origin',(3.18198051533946,-3.5,3.18198051533946));
#5387=CARTESIAN_POINT('',(13.1805,-3.5,-15.516321));
#5388=CARTESIAN_POINT('Origin',(12.2805,-3.5,-15.516321));
#5389=CARTESIAN_POINT('',(-11.9124999999969,-3.5,-2.34999999999973));
#5390=CARTESIAN_POINT('',(-11.9125000000002,-3.5,2.35000000000052));
#5391=CARTESIAN_POINT('',(-11.9124999999978,-3.5,-1.05000000000411));
#5392=CARTESIAN_POINT('',(-7.21249999999988,-3.5,-2.34999999999979));
#5393=CARTESIAN_POINT('',(-3.73124999999996,-3.5,-2.34999999999984));
#5394=CARTESIAN_POINT('',(-7.21250000000002,-3.5,2.3499999999917));
#5395=CARTESIAN_POINT('',(-7.21249999999998,-3.5,1.04999999999598));
#5396=CARTESIAN_POINT('',(-5.83124999999755,-3.5,2.3499999999891));
#5397=CARTESIAN_POINT('',(1.15,-3.5,-1.39539718781887E-16));
#5398=CARTESIAN_POINT('Origin',(-1.74522392733798E-17,-3.5,1.29466312005844E-18));
#5399=CARTESIAN_POINT('Origin',(-8.72611963668989E-18,-3.625,6.4733156002922E-19));
#5400=CARTESIAN_POINT('',(0.9,-3.75,1.10218211923262E-16));
#5401=CARTESIAN_POINT('',(-0.9,-3.75,1.10218211923262E-16));
#5402=CARTESIAN_POINT('Origin',(0.,-3.75,0.));
#5403=CARTESIAN_POINT('Origin',(0.,-3.75,0.));
#5404=CARTESIAN_POINT('',(1.025,-3.625,1.26173628472633E-16));
#5405=CARTESIAN_POINT('Origin',(0.,-11.,0.));
#5406=CARTESIAN_POINT('',(-0.9,-13.45,1.10218211923262E-16));
#5407=CARTESIAN_POINT('Origin',(0.,-13.45,0.));
#5408=CARTESIAN_POINT('',(-0.9,-11.,1.10218211923262E-16));
#5409=CARTESIAN_POINT('Origin',(2.22499999999998,-3.625,-3.73124999999981));
#5410=CARTESIAN_POINT('',(2.09999999999998,-3.75,-11.6624999999995));
#5411=CARTESIAN_POINT('',(2.34999999999998,-3.5,-11.9124999999995));
#5412=CARTESIAN_POINT('',(2.09999999999998,-3.75,-7.46249999999961));
#5413=CARTESIAN_POINT('',(2.09999999999998,-3.75,-3.73124999999981));
#5414=CARTESIAN_POINT('',(2.34999999999998,-3.5,-7.21249999999961));
#5415=CARTESIAN_POINT('Origin',(1.04999999999999,-3.625,-11.7874999999995));
#5416=CARTESIAN_POINT('',(-2.0999999999994,-3.75,-11.6624999999995));
#5417=CARTESIAN_POINT('',(-2.3499999999994,-3.5,-11.9124999999995));
#5418=CARTESIAN_POINT('',(1.04999999999999,-3.75,-11.6624999999995));
#5419=CARTESIAN_POINT('Origin',(-2.2249999999994,-3.625,-5.83124999999976));
#5420=CARTESIAN_POINT('',(-2.0999999999994,-3.75,-7.46249999999961));
#5421=CARTESIAN_POINT('',(-2.3499999999994,-3.5,-7.21249999999961));
#5422=CARTESIAN_POINT('',(-2.0999999999994,-3.75,-5.83124999999976));
#5423=CARTESIAN_POINT('Origin',(-1.0499999999997,-3.625,-7.33749999999961));
#5424=CARTESIAN_POINT('',(-1.0499999999997,-3.75,-7.46249999999961));
#5425=CARTESIAN_POINT('Origin',(-2.0999999999994,-3.,-7.46249999999961));
#5426=CARTESIAN_POINT('',(2.09999999999998,-3.,-7.46249999999961));
#5427=CARTESIAN_POINT('',(-2.0999999999994,-3.,-7.46249999999961));
#5428=CARTESIAN_POINT('Origin',(2.09999999999998,-3.,-7.46249999999961));
#5429=CARTESIAN_POINT('',(2.09999999999998,-3.,-11.6624999999995));
#5430=CARTESIAN_POINT('Origin',(-11.7874999999978,-3.625,-1.05000000000402));
#5431=CARTESIAN_POINT('',(-11.6625,-3.75,2.10000000000006));
#5432=CARTESIAN_POINT('',(-11.9125000000002,-3.5,2.35000000000052));
#5433=CARTESIAN_POINT('',(-11.6624999999971,-3.75,-2.09999999999973));
#5434=CARTESIAN_POINT('',(-11.6624999999978,-3.75,-1.05000000000393));
#5435=CARTESIAN_POINT('',(-11.9124999999969,-3.5,-2.34999999999973));
#5436=CARTESIAN_POINT('Origin',(-5.83124999999779,-3.625,2.2249999999891));
#5437=CARTESIAN_POINT('',(-7.46250000000002,-3.75,2.09999999999217));
#5438=CARTESIAN_POINT('',(-7.21250000000002,-3.5,2.3499999999917));
#5439=CARTESIAN_POINT('',(-5.83124999999802,-3.75,2.0999999999891));
#5440=CARTESIAN_POINT('Origin',(-7.33749999999998,-3.625,1.04999999999598));
#5441=CARTESIAN_POINT('',(-7.46249999999989,-3.75,-2.09999999999979));
#5442=CARTESIAN_POINT('',(-7.21249999999988,-3.5,-2.34999999999979));
#5443=CARTESIAN_POINT('',(-7.46249999999999,-3.75,1.04999999999597));
#5444=CARTESIAN_POINT('Origin',(-3.73124999999996,-3.625,-2.22499999999985));
#5445=CARTESIAN_POINT('',(-3.73124999999996,-3.75,-2.09999999999984));
#5446=CARTESIAN_POINT('Origin',(-7.46249999999989,-3.,-2.09999999999979));
#5447=CARTESIAN_POINT('',(-11.6624999999971,-3.,-2.09999999999973));
#5448=CARTESIAN_POINT('',(-7.46249999999989,-3.,-2.09999999999979));
#5449=CARTESIAN_POINT('Origin',(-11.6624999999971,-3.,-2.09999999999973));
#5450=CARTESIAN_POINT('',(-11.6625,-3.,2.10000000000006));
#5451=CARTESIAN_POINT('Origin',(2.22499999998893,-3.625,5.83124999999753));
#5452=CARTESIAN_POINT('',(2.09999999999206,-3.75,7.46249999999265));
#5453=CARTESIAN_POINT('',(2.34999999999158,-3.5,7.21249999999223));
#5454=CARTESIAN_POINT('',(2.10000000000013,-3.75,11.6624999999996));
#5455=CARTESIAN_POINT('',(2.09999999998893,-3.75,5.83124999999777));
#5456=CARTESIAN_POINT('',(2.35000000000061,-3.5,11.9124999999996));
#5457=CARTESIAN_POINT('Origin',(1.0500000000021,-3.625,7.33749999999442));
#5458=CARTESIAN_POINT('',(-2.09999999999987,-3.75,7.46249999999972));
#5459=CARTESIAN_POINT('',(-2.34999999999987,-3.5,7.21250000000014));
#5460=CARTESIAN_POINT('',(1.05000000000231,-3.75,7.46249999999442));
#5461=CARTESIAN_POINT('Origin',(-2.22499999999987,-3.625,3.73124999999986));
#5462=CARTESIAN_POINT('',(-2.09999999999987,-3.75,11.6625));
#5463=CARTESIAN_POINT('',(-2.34999999999987,-3.5,11.9125));
#5464=CARTESIAN_POINT('',(-2.09999999999987,-3.75,3.73124999999986));
#5465=CARTESIAN_POINT('Origin',(-1.04999999999938,-3.625,11.7874999999999));
#5466=CARTESIAN_POINT('',(-1.04999999999939,-3.75,11.6624999999999));
#5467=CARTESIAN_POINT('Origin',(-2.09999999999987,-3.,11.6625));
#5468=CARTESIAN_POINT('',(2.10000000000013,-3.,11.6624999999996));
#5469=CARTESIAN_POINT('',(-2.09999999999987,-3.,11.6625));
#5470=CARTESIAN_POINT('Origin',(2.10000000000013,-3.,11.6624999999996));
#5471=CARTESIAN_POINT('',(2.09999999999206,-3.,7.46249999999265));
#5472=CARTESIAN_POINT('Origin',(-1.04713435640278E-17,-3.65,7.7679787203506E-19));
#5473=CARTESIAN_POINT('',(7.71036761020716,-3.8,12.2800745647357));
#5474=CARTESIAN_POINT('Origin',(-9.,-3.65,-2.35));
#5475=CARTESIAN_POINT('Ctrl Pts',(-14.0285423334001,-3.50000000000001,-2.20000000000001));
#5476=CARTESIAN_POINT('Ctrl Pts',(-14.1231906843114,-3.54138723665483,-2.24138723665482));
#5477=CARTESIAN_POINT('Ctrl Pts',(-14.2178612834649,-3.58281635505838,-2.28281635505838));
#5478=CARTESIAN_POINT('Ctrl Pts',(-14.3125049009744,-3.62426406873524,-2.32426406873524));
#5479=CARTESIAN_POINT('Origin',(-1.04713435640279E-17,-3.65,7.76797872035064E-19));
#5480=CARTESIAN_POINT('',(13.9503250947042,-3.8,-3.95454545454545));
#5481=CARTESIAN_POINT('',(13.6616976789517,-3.5,-3.87272727272727));
#5482=CARTESIAN_POINT('',(11.7584588419683,-3.8,-8.48461228706051));
#5483=CARTESIAN_POINT('Origin',(0.,-3.8,0.));
#5484=CARTESIAN_POINT('',(11.7584588419683,-3.8,-8.48461228706051));
#5485=CARTESIAN_POINT('Origin',(13.3803152339639,-3.65,-9.65490363699989));
#5486=CARTESIAN_POINT('',(11.8120635367179,-3.8,-10.8961073326458));
#5487=CARTESIAN_POINT('',(11.8120635367179,-3.8,-10.8961073326458));
#5488=CARTESIAN_POINT('Origin',(13.3803152339639,-3.8,-9.65490363699989));
#5489=CARTESIAN_POINT('Origin',(7.98294574426399,-3.65,-6.29974615761602));
#5490=CARTESIAN_POINT('',(14.2408146215574,-3.8,-13.9648163804426));
#5491=CARTESIAN_POINT('',(14.2408146215574,-3.8,-13.9648163804426));
#5492=CARTESIAN_POINT('',(8.10056462155744,-3.8,-6.20665588044257));
#5493=CARTESIAN_POINT('Origin',(12.2805,-3.65,-15.516321));
#5494=CARTESIAN_POINT('',(10.3201853784425,-3.8,-17.0678256195575));
#5495=CARTESIAN_POINT('',(10.3201853784425,-3.8,-17.0678256195575));
#5496=CARTESIAN_POINT('Origin',(12.2805,-3.8,-15.516321));
#5497=CARTESIAN_POINT('Origin',(2.58928793458523,-3.65,-7.05819296929542));
#5498=CARTESIAN_POINT('',(7.89143429360305,-3.8,-13.9991165717607));
#5499=CARTESIAN_POINT('',(7.89143429360305,-3.8,-13.9991165717607));
#5500=CARTESIAN_POINT('',(2.47166905729179,-3.8,-7.15128324646887));
#5501=CARTESIAN_POINT('Origin',(6.3231825963571,-3.65,-15.2403202674067));
#5502=CARTESIAN_POINT('',(5.55673622104108,-3.8,-13.3930087198422));
#5503=CARTESIAN_POINT('',(5.55673622104108,-3.8,-13.3930087198422));
#5504=CARTESIAN_POINT('Origin',(6.3231825963571,-3.8,-15.2403202674067));
#5505=CARTESIAN_POINT('Origin',(-1.04713435640278E-17,-3.65,7.76797872035061E-19));
#5506=CARTESIAN_POINT('',(-9.4637018477581,-3.8,-10.9858248364308));
#5507=CARTESIAN_POINT('',(-9.4637018477581,-3.8,-10.9858248364308));
#5508=CARTESIAN_POINT('Origin',(0.,-3.8,0.));
#5509=CARTESIAN_POINT('Origin',(-10.7690400336558,-3.65,-12.5011110207661));
#5510=CARTESIAN_POINT('',(-11.870882495263,-3.8,-10.8319965280487));
#5511=CARTESIAN_POINT('',(-11.870882495263,-3.8,-10.8319965280487));
#5512=CARTESIAN_POINT('Origin',(-10.7690400336558,-3.8,-12.5011110207661));
#5513=CARTESIAN_POINT('Origin',(-12.1673351076115,-3.65,-10.847959528943));
#5514=CARTESIAN_POINT('',(-25.5466969229909,-3.8,-19.8598931158968));
#5515=CARTESIAN_POINT('',(-25.5466969229909,-3.8,-19.8598931158968));
#5516=CARTESIAN_POINT('',(-12.0846969229909,-3.8,-10.9731431158968));
#5517=CARTESIAN_POINT('Origin',(-26.924,-3.65,-17.7735));
#5518=CARTESIAN_POINT('',(-28.301303077009,-3.8,-15.6871068841033));
#5519=CARTESIAN_POINT('',(-28.301303077009,-3.8,-15.6871068841033));
#5520=CARTESIAN_POINT('Origin',(-26.924,-3.8,-17.7735));
#5521=CARTESIAN_POINT('Origin',(-7.25459573678101,-3.65,-1.97315501060579));
#5522=CARTESIAN_POINT('',(-14.6254886492811,-3.8,-6.65921029625514));
#5523=CARTESIAN_POINT('',(-14.6254886492811,-3.8,-6.65921029625514));
#5524=CARTESIAN_POINT('',(-7.33723392140155,-3.8,-1.84797142365199));
#5525=CARTESIAN_POINT('Origin',(-15.7273311108883,-3.65,-4.99009580353772));
#5526=CARTESIAN_POINT('',(-13.8209879459322,-3.8,-4.38523570613921));
#5527=CARTESIAN_POINT('Origin',(-15.7273311108883,-3.8,-4.99009580353772));
#5528=CARTESIAN_POINT('Origin',(-1.04713435640278E-17,-3.65,7.76797872035058E-19));
#5529=CARTESIAN_POINT('',(-13.9503250947042,-3.8,-3.95454545454545));
#5530=CARTESIAN_POINT('Ctrl Pts',(13.8915710307473,-3.5,-2.94351053976404));
#5531=CARTESIAN_POINT('Ctrl Pts',(13.8915525727038,-3.5,-2.94359765044992));
#5532=CARTESIAN_POINT('Ctrl Pts',(13.8915156549781,-3.5,-2.94377187147445));
#5533=CARTESIAN_POINT('Ctrl Pts',(13.8914418129718,-3.5,-2.94412031213442));
#5534=CARTESIAN_POINT('Ctrl Pts',(13.8913125722539,-3.5,-2.94473007964274));
#5535=CARTESIAN_POINT('Ctrl Pts',(13.8910540219917,-3.5,-2.94594960007021));
#5536=CARTESIAN_POINT('Ctrl Pts',(13.8906844678305,-3.5,-2.94769173041132));
#5537=CARTESIAN_POINT('Ctrl Pts',(13.8902406882171,-3.5,-2.94978222005629));
#5538=CARTESIAN_POINT('Ctrl Pts',(13.8893524997705,-3.5,-2.95396306572281));
#5539=CARTESIAN_POINT('Ctrl Pts',(13.8874246833045,-3.5,-2.9630208403605));
#5540=CARTESIAN_POINT('Ctrl Pts',(13.8844462294356,-3.5,-2.9769531963272));
#5541=CARTESIAN_POINT('Ctrl Pts',(13.8808519581594,-3.5,-2.99366770815156));
#5542=CARTESIAN_POINT('Ctrl Pts',(13.876032767899,-3.5,-3.01594793783234));
#5543=CARTESIAN_POINT('Ctrl Pts',(13.8711733452625,-3.5,-3.03821943993645));
#5544=CARTESIAN_POINT('Ctrl Pts',(13.8662737113765,-3.5,-3.06048211760956));
#5545=CARTESIAN_POINT('Ctrl Pts',(13.8625788856853,-3.5,-3.07717468944995));
#5546=CARTESIAN_POINT('Ctrl Pts',(13.8588639650347,-3.5,-3.09386280067));
#5547=CARTESIAN_POINT('Ctrl Pts',(13.8489039379806,-3.5,-3.13835247114165));
#5548=CARTESIAN_POINT('Ctrl Pts',(13.8349511534976,-3.5,-3.19946790247209));
#5549=CARTESIAN_POINT('Ctrl Pts',(13.8167252045718,-3.5,-3.27714258592003));
#5550=CARTESIAN_POINT('Ctrl Pts',(13.8034396242145,-3.5,-3.33256116306334));
#5551=CARTESIAN_POINT('Ctrl Pts',(13.7872568639005,-3.5,-3.39900529310903));
#5552=CARTESIAN_POINT('Ctrl Pts',(13.7652533207566,-3.5,-3.4874930392416));
#5553=CARTESIAN_POINT('Ctrl Pts',(13.7339739472673,-3.5,-3.60890500267648));
#5554=CARTESIAN_POINT('Ctrl Pts',(13.6985768591695,-3.5,-3.74101961016098));
#5555=CARTESIAN_POINT('Ctrl Pts',(13.6741315667565,-3.5,-3.82886463944584));
#5556=CARTESIAN_POINT('Ctrl Pts',(13.6616976789517,-3.5,-3.87272727272727));
#5557=CARTESIAN_POINT('Ctrl Pts',(14.0871960855253,-3.50251220072766,-2.98496189248048));
#5558=CARTESIAN_POINT('Ctrl Pts',(14.0871571328964,-3.50333527938049,-2.98504594232576));
#5559=CARTESIAN_POINT('Ctrl Pts',(14.0870792345493,-3.50440036607188,-2.98521404268519));
#5560=CARTESIAN_POINT('Ctrl Pts',(14.0869234654876,-3.50603385634975,-2.98555024607897));
#5561=CARTESIAN_POINT('Ctrl Pts',(14.0866509421262,-3.50813558632565,-2.98613860903658));
#5562=CARTESIAN_POINT('Ctrl Pts',(14.086106185103,-3.51123135547592,-2.98731536300393));
#5563=CARTESIAN_POINT('Ctrl Pts',(14.0853287868635,-3.51438847278556,-2.98899652012461));
#5564=CARTESIAN_POINT('Ctrl Pts',(14.0843972255368,-3.51742783667898,-2.99101403631776));
#5565=CARTESIAN_POINT('Ctrl Pts',(14.0825367255985,-3.52252316066154,-2.99504932321099));
#5566=CARTESIAN_POINT('Ctrl Pts',(14.0785197933097,-3.53058283300509,-3.00379381922504));
#5567=CARTESIAN_POINT('Ctrl Pts',(14.0723913370498,-3.53906909043735,-3.01725190437531));
#5568=CARTESIAN_POINT('Ctrl Pts',(14.0651170109106,-3.54680854920519,-3.03340945007037));
#5569=CARTESIAN_POINT('Ctrl Pts',(14.0555212428896,-3.55509527710586,-3.05496308992197));
#5570=CARTESIAN_POINT('Ctrl Pts',(14.0460759761586,-3.56144651769737,-3.07653179755383));
#5571=CARTESIAN_POINT('Ctrl Pts',(14.0367730124765,-3.56667990725445,-3.09811507156019));
#5572=CARTESIAN_POINT('Ctrl Pts',(14.0298651113841,-3.57013040990898,-3.11430971241564));
#5573=CARTESIAN_POINT('Ctrl Pts',(14.0230246346887,-3.57320236614536,-3.130511432265));
#5574=CARTESIAN_POINT('Ctrl Pts',(14.0049591275053,-3.58049432371134,-3.17373474072167));
#5575=CARTESIAN_POINT('Ctrl Pts',(13.9809401863345,-3.58705016227154,-3.23325547652538));
#5576=CARTESIAN_POINT('Ctrl Pts',(13.9516705271662,-3.59239274315282,-3.30916460876758));
#5577=CARTESIAN_POINT('Ctrl Pts',(13.9314510404332,-3.59491040393922,-3.36347438119353));
#5578=CARTESIAN_POINT('Ctrl Pts',(13.9077624141309,-3.59716030920886,-3.42872709148787));
#5579=CARTESIAN_POINT('Ctrl Pts',(13.8771668752041,-3.59896645460627,-3.51587639730496));
#5580=CARTESIAN_POINT('Ctrl Pts',(13.8372720778993,-3.59985605967614,-3.63607366311003));
#5581=CARTESIAN_POINT('Ctrl Pts',(13.7962300371392,-3.60001056149899,-3.76770055896539));
#5582=CARTESIAN_POINT('Ctrl Pts',(13.7704282679308,-3.6,-3.8558284749349));
#5583=CARTESIAN_POINT('Ctrl Pts',(13.7579068175359,-3.6,-3.9));
#5584=CARTESIAN_POINT('Ctrl Pts',(14.2828211403034,-3.50502440145531,-3.02641324519692));
#5585=CARTESIAN_POINT('Ctrl Pts',(14.282761693089,-3.50667055876098,-3.0264942342016));
#5586=CARTESIAN_POINT('Ctrl Pts',(14.2826428141204,-3.50880073214376,-3.02665621389594));
#5587=CARTESIAN_POINT('Ctrl Pts',(14.2824051180033,-3.51206771269951,-3.02698018002351));
#5588=CARTESIAN_POINT('Ctrl Pts',(14.2819893119986,-3.51627117265129,-3.02754713843042));
#5589=CARTESIAN_POINT('Ctrl Pts',(14.2811583482142,-3.52246271095184,-3.02868112593764));
#5590=CARTESIAN_POINT('Ctrl Pts',(14.2799731058965,-3.52877694557111,-3.0303013098379));
#5591=CARTESIAN_POINT('Ctrl Pts',(14.2785537628564,-3.53485567335795,-3.03224585257924));
#5592=CARTESIAN_POINT('Ctrl Pts',(14.2757209514265,-3.54504632132308,-3.03613558069916));
#5593=CARTESIAN_POINT('Ctrl Pts',(14.2696149033149,-3.56116566601018,-3.04456679808959));
#5594=CARTESIAN_POINT('Ctrl Pts',(14.260336444664,-3.5781381808747,-3.05755061242342));
#5595=CARTESIAN_POINT('Ctrl Pts',(14.2493820636619,-3.59361709841039,-3.07315119198918));
#5596=CARTESIAN_POINT('Ctrl Pts',(14.2350097178803,-3.61019055421171,-3.0939782420116));
#5597=CARTESIAN_POINT('Ctrl Pts',(14.2209786070547,-3.62289303539474,-3.11484415517121));
#5598=CARTESIAN_POINT('Ctrl Pts',(14.2072723135764,-3.6333598145089,-3.13574802551082));
#5599=CARTESIAN_POINT('Ctrl Pts',(14.1971513370828,-3.64026081981796,-3.15144473538132));
#5600=CARTESIAN_POINT('Ctrl Pts',(14.1871853043427,-3.64640473229073,-3.16716006385999));
#5601=CARTESIAN_POINT('Ctrl Pts',(14.16101431703,-3.66098864742268,-3.2091170103017));
#5602=CARTESIAN_POINT('Ctrl Pts',(14.1269292191714,-3.67410032454308,-3.26704305057866));
#5603=CARTESIAN_POINT('Ctrl Pts',(14.0866158497607,-3.68478548630564,-3.34118663161512));
#5604=CARTESIAN_POINT('Ctrl Pts',(14.0594624566519,-3.68982080787845,-3.39438759932372));
#5605=CARTESIAN_POINT('Ctrl Pts',(14.0282679643614,-3.69432061841772,-3.45844888986672));
#5606=CARTESIAN_POINT('Ctrl Pts',(13.9890804296516,-3.69793290921255,-3.54425975536832));
#5607=CARTESIAN_POINT('Ctrl Pts',(13.9405702085314,-3.69971211935228,-3.66324232354358));
#5608=CARTESIAN_POINT('Ctrl Pts',(13.8938832151088,-3.70002112299797,-3.7943815077698));
#5609=CARTESIAN_POINT('Ctrl Pts',(13.8667249691052,-3.7,-3.88279231042395));
#5610=CARTESIAN_POINT('Ctrl Pts',(13.85411595612,-3.7,-3.92727272727273));
#5611=CARTESIAN_POINT('Ctrl Pts',(14.4784461950814,-3.50753660218297,-3.06786459791337));
#5612=CARTESIAN_POINT('Ctrl Pts',(14.4783662532816,-3.51000583814146,-3.06794252607744));
#5613=CARTESIAN_POINT('Ctrl Pts',(14.4782063936915,-3.51320109821565,-3.06809838510669));
#5614=CARTESIAN_POINT('Ctrl Pts',(14.4778867705191,-3.51810156904926,-3.06841011396805));
#5615=CARTESIAN_POINT('Ctrl Pts',(14.4773276818709,-3.52440675897694,-3.06895566782426));
#5616=CARTESIAN_POINT('Ctrl Pts',(14.4762105113255,-3.53369406642777,-3.07004688887136));
#5617=CARTESIAN_POINT('Ctrl Pts',(14.4746174249295,-3.54316541835667,-3.07160609955119));
#5618=CARTESIAN_POINT('Ctrl Pts',(14.4727103001761,-3.55228351003693,-3.07347766884072));
#5619=CARTESIAN_POINT('Ctrl Pts',(14.4689051772545,-3.56756948198462,-3.07722183818733));
#5620=CARTESIAN_POINT('Ctrl Pts',(14.4607100133201,-3.59174849901527,-3.08533977695413));
#5621=CARTESIAN_POINT('Ctrl Pts',(14.4482815522781,-3.61720727131205,-3.09784932047153));
#5622=CARTESIAN_POINT('Ctrl Pts',(14.4336471164131,-3.64042564761558,-3.11289293390799));
#5623=CARTESIAN_POINT('Ctrl Pts',(14.4144981928709,-3.66528583131756,-3.13299339410123));
#5624=CARTESIAN_POINT('Ctrl Pts',(14.3958812379508,-3.68433955309211,-3.1531565127886));
#5625=CARTESIAN_POINT('Ctrl Pts',(14.3777716146764,-3.70003972176335,-3.17338097946146));
#5626=CARTESIAN_POINT('Ctrl Pts',(14.3644375627816,-3.71039122972694,-3.18857975834701));
#5627=CARTESIAN_POINT('Ctrl Pts',(14.3513459739967,-3.71960709843609,-3.20380869545499));
#5628=CARTESIAN_POINT('Ctrl Pts',(14.3170695065546,-3.74148297113402,-3.24449927988172));
#5629=CARTESIAN_POINT('Ctrl Pts',(14.2729182520083,-3.76115048681463,-3.30083062463194));
#5630=CARTESIAN_POINT('Ctrl Pts',(14.2215611723552,-3.77717822945846,-3.37320865446267));
#5631=CARTESIAN_POINT('Ctrl Pts',(14.1874738728706,-3.78473121181768,-3.42530081745391));
#5632=CARTESIAN_POINT('Ctrl Pts',(14.1487735145919,-3.79148092762658,-3.48817068824556));
#5633=CARTESIAN_POINT('Ctrl Pts',(14.1009939840991,-3.79689936381883,-3.57264311343168));
#5634=CARTESIAN_POINT('Ctrl Pts',(14.0438683391634,-3.79956817902842,-3.69041098397713));
#5635=CARTESIAN_POINT('Ctrl Pts',(13.9915363930784,-3.80003168449696,-3.82106245657421));
#5636=CARTESIAN_POINT('Ctrl Pts',(13.9630216702795,-3.8,-3.90975614591301));
#5637=CARTESIAN_POINT('Ctrl Pts',(13.9503250947042,-3.8,-3.95454545454546));
#5638=CARTESIAN_POINT('',(14.3617410534233,-3.71213203435597,-3.1917429267938));
#5639=CARTESIAN_POINT('Ctrl Pts',(14.3617409976791,-3.71220819055011,-3.19174292031287));
#5640=CARTESIAN_POINT('Ctrl Pts',(14.3582640543084,-3.71473102648977,-3.19576336351308));
#5641=CARTESIAN_POINT('Ctrl Pts',(14.3504567561223,-3.72017461365782,-3.20486431167483));
#5642=CARTESIAN_POINT('Ctrl Pts',(14.3170695065546,-3.74148297113402,-3.24449927988172));
#5643=CARTESIAN_POINT('Ctrl Pts',(14.2729182520083,-3.76115048681463,-3.30083062463194));
#5644=CARTESIAN_POINT('Ctrl Pts',(14.2215611723552,-3.77717822945846,-3.37320865446267));
#5645=CARTESIAN_POINT('Ctrl Pts',(14.1874738728706,-3.78473121181768,-3.42530081745391));
#5646=CARTESIAN_POINT('Ctrl Pts',(14.1487735145919,-3.79148092762658,-3.48817068824556));
#5647=CARTESIAN_POINT('Ctrl Pts',(14.1009939840991,-3.79689936381883,-3.57264311343168));
#5648=CARTESIAN_POINT('Ctrl Pts',(14.0438683391634,-3.79956817902842,-3.69041098397713));
#5649=CARTESIAN_POINT('Ctrl Pts',(13.9915363930784,-3.80003168449696,-3.82106245657421));
#5650=CARTESIAN_POINT('Ctrl Pts',(13.9630216702795,-3.8,-3.90975614591301));
#5651=CARTESIAN_POINT('Ctrl Pts',(13.9503250947042,-3.8,-3.95454545454546));
#5652=CARTESIAN_POINT('Ctrl Pts',(13.8915710307473,-3.5,-2.94351053976404));
#5653=CARTESIAN_POINT('Ctrl Pts',(13.8915525727038,-3.5,-2.94359765045004));
#5654=CARTESIAN_POINT('Ctrl Pts',(13.891534113841,-3.5,-2.9436847609623));
#5655=CARTESIAN_POINT('Ctrl Pts',(13.8915156541588,-3.5,-2.94377187130081));
#5656=CARTESIAN_POINT('Ctrl Pts',(13.8914971944765,-3.5,-2.94385898163956));
#5657=CARTESIAN_POINT('Ctrl Pts',(13.8914787339749,-3.5,-2.94394609180455));
#5658=CARTESIAN_POINT('Ctrl Pts',(13.891460272654,-3.5,-2.94403320179578));
#5659=CARTESIAN_POINT('Ctrl Pts',(13.891423350012,-3.5,-2.94420742177892));
#5660=CARTESIAN_POINT('Ctrl Pts',(13.8913864240926,-3.5,-2.94438164106701));
#5661=CARTESIAN_POINT('Ctrl Pts',(13.8913494948958,-3.5,-2.94455585965993));
#5662=CARTESIAN_POINT('Ctrl Pts',(13.8912756365018,-3.5,-2.94490429684833));
#5663=CARTESIAN_POINT('Ctrl Pts',(13.8912017649983,-3.5,-2.94525273125609));
#5664=CARTESIAN_POINT('Ctrl Pts',(13.8911278803856,-3.5,-2.94560116288248));
#5665=CARTESIAN_POINT('Ctrl Pts',(13.8909801111583,-3.5,-2.94629802614376));
#5666=CARTESIAN_POINT('Ctrl Pts',(13.890832289494,-3.5,-2.94699487827954));
#5667=CARTESIAN_POINT('Ctrl Pts',(13.8906844153938,-3.5,-2.94769171928392));
#5668=CARTESIAN_POINT('Ctrl Pts',(13.890536541292,-3.5,-2.94838856029633));
#5669=CARTESIAN_POINT('Ctrl Pts',(13.8903886147543,-3.5,-2.94908539017733));
#5670=CARTESIAN_POINT('Ctrl Pts',(13.8902406357821,-3.5,-2.949782208921));
#5671=CARTESIAN_POINT('Ctrl Pts',(13.890092656809,-3.5,-2.95047902766875));
#5672=CARTESIAN_POINT('Ctrl Pts',(13.8899446254014,-3.5,-2.95117583527918));
#5673=CARTESIAN_POINT('Ctrl Pts',(13.8897965415605,-3.5,-2.95187263174637));
#5674=CARTESIAN_POINT('Ctrl Pts',(13.889204206205,-3.5,-2.95465981757683));
#5675=CARTESIAN_POINT('Ctrl Pts',(13.8886110319167,-3.5,-2.95744682511551));
#5676=CARTESIAN_POINT('Ctrl Pts',(13.8880170187762,-3.5,-2.96023365398384));
#5677=CARTESIAN_POINT('Ctrl Pts',(13.8880098850482,-3.5,-2.96026712206371));
#5678=CARTESIAN_POINT('Ctrl Pts',(13.8880027511992,-3.5,-2.96030059011781));
#5679=CARTESIAN_POINT('Ctrl Pts',(13.8879956172292,-3.5,-2.96033405814614));
#5680=CARTESIAN_POINT('Ctrl Pts',(13.8868146839521,-3.5,-2.9658742424134));
#5681=CARTESIAN_POINT('Ctrl Pts',(13.8856304363293,-3.5,-2.97141371637299));
#5682=CARTESIAN_POINT('Ctrl Pts',(13.8844428749967,-3.5,-2.97695247710458));
#5683=CARTESIAN_POINT('Ctrl Pts',(13.8832481385181,-3.49999999999999,-2.98252470256369));
#5684=CARTESIAN_POINT('Ctrl Pts',(13.8820500481663,-3.49999999999999,-2.98809620615025));
#5685=CARTESIAN_POINT('Ctrl Pts',(13.8808486045895,-3.49999999999998,-2.99366698489091));
#5686=CARTESIAN_POINT('Ctrl Pts',(13.8796471603286,-3.49999999999998,-2.9992377668033));
#5687=CARTESIAN_POINT('Ctrl Pts',(13.8784423628388,-3.49999999999997,-3.00480782386897));
#5688=CARTESIAN_POINT('Ctrl Pts',(13.8772342127659,-3.49999999999996,-3.01037715311406));
#5689=CARTESIAN_POINT('Ctrl Pts',(13.8748179124007,-3.49999999999995,-3.02151581261607));
#5690=CARTESIAN_POINT('Ctrl Pts',(13.8723882017058,-3.49999999999993,-3.03265156083638));
#5691=CARTESIAN_POINT('Ctrl Pts',(13.8699450858534,-3.49999999999993,-3.04378437398544));
#5692=CARTESIAN_POINT('Ctrl Pts',(13.8687235287485,-3.49999999999994,-3.04935077681742));
#5693=CARTESIAN_POINT('Ctrl Pts',(13.8674986203575,-3.49999999999994,-3.05491644588229));
#5694=CARTESIAN_POINT('Ctrl Pts',(13.8662703613303,-3.49999999999995,-3.06048137820712));
#5695=CARTESIAN_POINT('Ctrl Pts',(13.8650421034785,-3.49999999999996,-3.0660463052062));
#5696=CARTESIAN_POINT('Ctrl Pts',(13.863810494997,-3.49999999999997,-3.07161049546665));
#5697=CARTESIAN_POINT('Ctrl Pts',(13.8625755365254,-3.49999999999999,-3.07717394601322));
#5698=CARTESIAN_POINT('Ctrl Pts',(13.8623820667979,-3.49999999999999,-3.07804552128122));
#5699=CARTESIAN_POINT('Ctrl Pts',(13.8621885148529,-3.5,-3.07891707839468));
#5700=CARTESIAN_POINT('Ctrl Pts',(13.8619948806928,-3.5,-3.07978861734218));
#5701=CARTESIAN_POINT('Ctrl Pts',(13.8619516913481,-3.5,-3.0799830107071));
#5702=CARTESIAN_POINT('Ctrl Pts',(13.8619085969679,-3.50000000000306,-3.0801769575147));
#5703=CARTESIAN_POINT('Ctrl Pts',(13.8618650876709,-3.50000000001178,-3.08037275209872));
#5704=CARTESIAN_POINT('Ctrl Pts',(13.8618542792559,-3.50000000001395,-3.08042139064892));
#5705=CARTESIAN_POINT('Ctrl Pts',(13.8618437168465,-3.5000000000158,-3.08046892100345));
#5706=CARTESIAN_POINT('Ctrl Pts',(13.8618326355988,-3.50000000002722,-3.08051878493976));
#5707=CARTESIAN_POINT('Ctrl Pts',(13.861825364532,-3.50000000003471,-3.08055150363891));
#5708=CARTESIAN_POINT('Ctrl Pts',(13.8618199124794,-3.50000000004364,-3.08057603657069));
#5709=CARTESIAN_POINT('Ctrl Pts',(13.8618164090599,-3.50000000006643,-3.08059180124906));
#5710=CARTESIAN_POINT('Ctrl Pts',(13.861815868171,-3.50000000006995,-3.08059423513928));
#5711=CARTESIAN_POINT('Ctrl Pts',(13.8618101050856,-3.50000000004404,-3.0806201670258));
#5712=CARTESIAN_POINT('Ctrl Pts',(13.8618082961455,-3.50000000031712,-3.08062830969529));
#5713=CARTESIAN_POINT('Ctrl Pts',(13.8618066281605,-3.50000000056892,-3.0806358178774));
#5714=CARTESIAN_POINT('Ctrl Pts',(13.861805073448,-3.49999952410526,-3.08063751327697));
#5715=CARTESIAN_POINT('Ctrl Pts',(13.8618112283652,-3.50000213686792,-3.08063888308057));
#5716=CARTESIAN_POINT('Ctrl Pts',(13.8618866135669,-3.50003413788992,-3.08065566038524));
#5717=CARTESIAN_POINT('Ctrl Pts',(13.8650475365648,-3.50137585834721,-3.08135811949182));
#5718=CARTESIAN_POINT('Ctrl Pts',(13.8652787014601,-3.50147398131002,-3.08140949341357));
#5719=CARTESIAN_POINT('Ctrl Pts',(13.948601168753,-3.53684201306837,-3.09992701922176));
#5720=CARTESIAN_POINT('Ctrl Pts',(14.0319236360702,-3.57221004482673,-3.11844454492051));
#5721=CARTESIAN_POINT('Ctrl Pts',(14.1152461033755,-3.60757807658508,-3.13696207067285));
#5722=CARTESIAN_POINT('Ctrl Pts',(14.1974110674751,-3.64245478095639,-3.15522235373766));
#5723=CARTESIAN_POINT('Ctrl Pts',(14.2795760317209,-3.67733148514256,-3.17348263649735));
#5724=CARTESIAN_POINT('Ctrl Pts',(14.3617409958106,-3.71220818951388,-3.1917429196062));
#5725=CARTESIAN_POINT('Origin',(-2.52800596485442E-17,-3.60606601717798,
-4.48553779154792E-16));
#5726=CARTESIAN_POINT('',(14.5130440654315,-3.71213203435596,-2.41213203435596));
#5727=CARTESIAN_POINT('Origin',(0.,-3.71213203435596,-9.00858270225363E-16));
#5728=CARTESIAN_POINT('Ctrl Pts',(14.0285423334002,-3.49999999999999,-2.19999999999999));
#5729=CARTESIAN_POINT('Ctrl Pts',(14.190059670977,-3.57062728731977,-2.27062728731977));
#5730=CARTESIAN_POINT('Ctrl Pts',(14.3516417981835,-3.64137654054816,-2.34137654054816));
#5731=CARTESIAN_POINT('Ctrl Pts',(14.5130440654315,-3.71213203435596,-2.41213203435596));
#5732=CARTESIAN_POINT('Ctrl Pts',(-13.6616976789517,-3.5,-3.87272727272727));
#5733=CARTESIAN_POINT('Ctrl Pts',(-13.7041438277918,-3.5,-3.72299133413632));
#5734=CARTESIAN_POINT('Ctrl Pts',(-13.7591220759727,-3.5,-3.51614480771294));
#5735=CARTESIAN_POINT('Ctrl Pts',(-13.8231184442452,-3.5,-3.25140196314457));
#5736=CARTESIAN_POINT('Ctrl Pts',(-13.849144457053,-3.5,-3.13761120926699));
#5737=CARTESIAN_POINT('Ctrl Pts',(-13.8618061938525,-3.5,-3.08063776579993));
#5738=CARTESIAN_POINT('Ctrl Pts',(-13.7579068175359,-3.6,-3.9));
#5739=CARTESIAN_POINT('Ctrl Pts',(-13.8006518829171,-3.6,-3.74920958296827));
#5740=CARTESIAN_POINT('Ctrl Pts',(-13.8652785025738,-3.60167905744818,-3.54354886189465));
#5741=CARTESIAN_POINT('Ctrl Pts',(-13.9604927319372,-3.59267234449721,-3.28381689445387));
#5742=CARTESIAN_POINT('Ctrl Pts',(-14.0050321431513,-3.58157446433273,-3.17297433230333));
#5743=CARTESIAN_POINT('Ctrl Pts',(-14.0284511470428,-3.57071067811866,-3.11767281946455));
#5744=CARTESIAN_POINT('Ctrl Pts',(-13.85411595612,-3.7,-3.92727272727273));
#5745=CARTESIAN_POINT('Ctrl Pts',(-13.8971599380423,-3.7,-3.77542783180021));
#5746=CARTESIAN_POINT('Ctrl Pts',(-13.9714349291749,-3.70335811489637,-3.57095291607635));
#5747=CARTESIAN_POINT('Ctrl Pts',(-14.0978670196292,-3.68534468899441,-3.31623182576317));
#5748=CARTESIAN_POINT('Ctrl Pts',(-14.1609198292496,-3.66314892866546,-3.20833745533967));
#5749=CARTESIAN_POINT('Ctrl Pts',(-14.195096100233,-3.64142135623731,-3.15470787312917));
#5750=CARTESIAN_POINT('Ctrl Pts',(-13.9503250947042,-3.8,-3.95454545454545));
#5751=CARTESIAN_POINT('Ctrl Pts',(-13.9936679931676,-3.8,-3.80164608063216));
#5752=CARTESIAN_POINT('Ctrl Pts',(-14.077591355776,-3.80503717234455,-3.59835697025805));
#5753=CARTESIAN_POINT('Ctrl Pts',(-14.2352413073212,-3.77801703349162,-3.34864675707247));
#5754=CARTESIAN_POINT('Ctrl Pts',(-14.3168075153479,-3.74472339299819,-3.24370057837601));
#5755=CARTESIAN_POINT('Ctrl Pts',(-14.3617410534233,-3.71213203435596,-3.1917429267938));
#5756=CARTESIAN_POINT('',(-14.3617410534233,-3.71213203435596,-3.1917429267938));
#5757=CARTESIAN_POINT('Origin',(-2.52800596485441E-17,-3.60606601717798,
4.52304491070571E-16));
#5758=CARTESIAN_POINT('Origin',(6.88748865697796,-3.65,-2.35));
#5759=CARTESIAN_POINT('',(18.,-3.8,-2.5));
#5760=CARTESIAN_POINT('',(18.,-3.5,-2.2));
#5761=CARTESIAN_POINT('',(14.5873232637109,-3.8,-2.5));
#5762=CARTESIAN_POINT('',(6.88748865697796,-3.8,-2.5));
#5763=CARTESIAN_POINT('Ctrl Pts',(14.5873232637109,-3.8,-2.5));
#5764=CARTESIAN_POINT('Ctrl Pts',(14.5501836645712,-3.75595387491585,-2.45595387491585));
#5765=CARTESIAN_POINT('Ctrl Pts',(14.5130440654315,-3.71213203435596,-2.41213203435597));
#5766=CARTESIAN_POINT('Origin',(18.,-3.65,3.15479357480898E-17));
#5767=CARTESIAN_POINT('',(18.,-3.8,2.5));
#5768=CARTESIAN_POINT('',(18.,-3.5,2.2));
#5769=CARTESIAN_POINT('Origin',(18.,-3.8,3.07711378760547E-17));
#5770=CARTESIAN_POINT('Origin',(9.,-3.65,2.35));
#5771=CARTESIAN_POINT('',(14.5873232637109,-3.8,2.5));
#5772=CARTESIAN_POINT('',(9.,-3.8,2.5));
#5773=CARTESIAN_POINT('',(14.5130440654315,-3.71213203435596,2.41213203435596));
#5774=CARTESIAN_POINT('Ctrl Pts',(14.0285423334001,-3.50000000000001,2.20000000000001));
#5775=CARTESIAN_POINT('Ctrl Pts',(14.1900596709758,-3.57062728731924,2.27062728731924));
#5776=CARTESIAN_POINT('Ctrl Pts',(14.3516417981807,-3.64137654054698,2.34137654054698));
#5777=CARTESIAN_POINT('Ctrl Pts',(14.5130440654315,-3.71213203435597,2.41213203435597));
#5778=CARTESIAN_POINT('Ctrl Pts',(14.5130440654523,-3.71213203438051,2.41213203438051));
#5779=CARTESIAN_POINT('Ctrl Pts',(14.5501836645816,-3.75595387492818,2.45595387492818));
#5780=CARTESIAN_POINT('Ctrl Pts',(14.5873232637109,-3.8,2.5));
#5781=CARTESIAN_POINT('Origin',(-2.52800596485442E-17,-3.60606601717798,
-4.48553779154792E-16));
#5782=CARTESIAN_POINT('',(14.3617410534233,-3.71213203435596,3.1917429267938));
#5783=CARTESIAN_POINT('',(14.3617410534233,-3.71213203435596,3.1917429267938));
#5784=CARTESIAN_POINT('Origin',(0.,-3.71213203435596,-9.00858270225363E-16));
#5785=CARTESIAN_POINT('Origin',(8.77386659092539,-3.65,13.9738779529751));
#5786=CARTESIAN_POINT('',(10.3323703282919,-3.8,12.7204561960973));
#5787=CARTESIAN_POINT('',(10.3323703282919,-3.8,12.7204561960973));
#5788=CARTESIAN_POINT('Origin',(8.77386659092539,-3.8,13.9738779529751));
#5789=CARTESIAN_POINT('Origin',(12.2805,-3.65,11.153679));
#5790=CARTESIAN_POINT('',(13.6531312120478,-3.8,9.06420931711102));
#5791=CARTESIAN_POINT('',(13.6531312120478,-3.8,9.06420931711102));
#5792=CARTESIAN_POINT('',(14.7805,-3.8,11.153679));
#5793=CARTESIAN_POINT('Origin',(12.2805,-3.8,11.153679));
#5794=CARTESIAN_POINT('Origin',(12.2805,-3.8,11.153679));
#5795=CARTESIAN_POINT('Origin',(14.751236181686,-3.65,7.39263357079983));
#5796=CARTESIAN_POINT('',(12.9632075536029,-3.8,6.49655677433925));
#5797=CARTESIAN_POINT('',(12.9632075536029,-3.8,6.49655677433925));
#5798=CARTESIAN_POINT('Origin',(14.751236181686,-3.8,7.39263357079983));
#5799=CARTESIAN_POINT('Origin',(-1.04713435640279E-17,-3.65,7.76797872035064E-19));
#5800=CARTESIAN_POINT('',(13.9503250947042,-3.8,3.95454545454545));
#5801=CARTESIAN_POINT('',(13.9503250947042,-3.8,3.95454545454545));
#5802=CARTESIAN_POINT('Origin',(0.,-3.8,0.));
#5803=CARTESIAN_POINT('Ctrl Pts',(13.6616976789517,-3.5,3.87272727272727));
#5804=CARTESIAN_POINT('Ctrl Pts',(13.6935322905817,-3.5,3.76042531878406));
#5805=CARTESIAN_POINT('Ctrl Pts',(13.7442819799544,-3.5,3.57260114124064));
#5806=CARTESIAN_POINT('Ctrl Pts',(13.8005348429918,-3.5,3.34601785902192));
#5807=CARTESIAN_POINT('Ctrl Pts',(13.836170494062,-3.5,3.19451526376473));
#5808=CARTESIAN_POINT('Ctrl Pts',(13.8533650359862,-3.5,3.11862006144464));
#5809=CARTESIAN_POINT('Ctrl Pts',(13.8618061938525,-3.5,3.08063776579993));
#5810=CARTESIAN_POINT('Ctrl Pts',(13.7579068175359,-3.6,3.9));
#5811=CARTESIAN_POINT('Ctrl Pts',(13.7899656165718,-3.6,3.7869071872262));
#5812=CARTESIAN_POINT('Ctrl Pts',(13.8474670497532,-3.60047408046229,3.5995768077923));
#5813=CARTESIAN_POINT('Ctrl Pts',(13.9258119704178,-3.59674404123402,3.37648917693439));
#5814=CARTESIAN_POINT('Ctrl Pts',(13.9826486612237,-3.587241343772,3.22838470582269));
#5815=CARTESIAN_POINT('Ctrl Pts',(14.0128384777818,-3.57795320226137,3.15454049469041));
#5816=CARTESIAN_POINT('Ctrl Pts',(14.0284511470428,-3.57071067811865,3.11767281946455));
#5817=CARTESIAN_POINT('Ctrl Pts',(13.85411595612,-3.7,3.92727272727273));
#5818=CARTESIAN_POINT('Ctrl Pts',(13.8863989425618,-3.7,3.81338905566834));
#5819=CARTESIAN_POINT('Ctrl Pts',(13.950652119552,-3.70094816092459,3.62655247434397));
#5820=CARTESIAN_POINT('Ctrl Pts',(14.0510890978439,-3.69348808246805,3.40696049484686));
#5821=CARTESIAN_POINT('Ctrl Pts',(14.1291268283854,-3.67448268754401,3.26225414788065));
#5822=CARTESIAN_POINT('Ctrl Pts',(14.1723119195774,-3.65590640452274,3.19046092793617));
#5823=CARTESIAN_POINT('Ctrl Pts',(14.195096100233,-3.64142135623731,3.15470787312918));
#5824=CARTESIAN_POINT('Ctrl Pts',(13.9503250947042,-3.8,3.95454545454545));
#5825=CARTESIAN_POINT('Ctrl Pts',(13.9828322685518,-3.8,3.83987092411048));
#5826=CARTESIAN_POINT('Ctrl Pts',(14.0538371893507,-3.80142224138688,3.65352814089563));
#5827=CARTESIAN_POINT('Ctrl Pts',(14.17636622527,-3.79023212370207,3.43743181275933));
#5828=CARTESIAN_POINT('Ctrl Pts',(14.2756049955472,-3.76172403131601,3.29612358993862));
#5829=CARTESIAN_POINT('Ctrl Pts',(14.331785361373,-3.73385960678411,3.22638136118194));
#5830=CARTESIAN_POINT('Ctrl Pts',(14.3617410534233,-3.71213203435596,3.1917429267938));
#5831=CARTESIAN_POINT('Ctrl Pts',(13.9503250947042,-3.8,3.95454545454545));
#5832=CARTESIAN_POINT('Ctrl Pts',(13.9828322685518,-3.8,3.83987092411048));
#5833=CARTESIAN_POINT('Ctrl Pts',(14.0538371893507,-3.80142224138688,3.65352814089563));
#5834=CARTESIAN_POINT('Ctrl Pts',(14.17636622527,-3.79023212370207,3.43743181275933));
#5835=CARTESIAN_POINT('Ctrl Pts',(14.2756049955472,-3.76172403131601,3.29612358993862));
#5836=CARTESIAN_POINT('Ctrl Pts',(14.331785361373,-3.73385960678411,3.22638136118194));
#5837=CARTESIAN_POINT('Ctrl Pts',(14.3617410534233,-3.71213203435596,3.1917429267938));
#5838=CARTESIAN_POINT('Origin',(-15.7273311108883,-3.,-4.99009580353772));
#5839=CARTESIAN_POINT('',(-14.6254886492811,-3.,-6.65921029625514));
#5840=CARTESIAN_POINT('Origin',(-13.2971647657941,-3.,-5.78233596320074));
#5841=CARTESIAN_POINT('',(-28.301303077009,-3.,-15.6871068841033));
#5842=CARTESIAN_POINT('Origin',(-26.924,-3.,-17.7735));
#5843=CARTESIAN_POINT('',(-28.301303077009,-13.45,-15.6871068841033));
#5844=CARTESIAN_POINT('Origin',(-26.924,-13.45,-17.7735));
#5845=CARTESIAN_POINT('',(-28.301303077009,-3.,-15.6871068841033));
#5846=CARTESIAN_POINT('',(-25.5466969229909,-3.,-19.8598931158968));
#5847=CARTESIAN_POINT('Origin',(-25.5466969229909,-3.,-19.8598931158968));
#5848=CARTESIAN_POINT('',(-11.870882495263,-3.,-10.8319965280487));
#5849=CARTESIAN_POINT('Origin',(-10.7690400336558,-3.,-12.5011110207661));
#5850=CARTESIAN_POINT('',(-9.4637018477581,-7.51342329822784,-10.9858248364308));
#5851=CARTESIAN_POINT('',(-9.4637018477581,-3.,-10.9858248364308));
#5852=CARTESIAN_POINT('',(-10.9793588925481,-8.04859795237875,-10.5122002692254));
#5853=CARTESIAN_POINT('Ctrl Pts',(-10.9792600296538,-8.04864649577132,-10.5124764210238));
#5854=CARTESIAN_POINT('Ctrl Pts',(-10.9090315063981,-7.94926757528885,-10.5048038107611));
#5855=CARTESIAN_POINT('Ctrl Pts',(-10.6640445866283,-7.71500171842662,-10.4869053305324));
#5856=CARTESIAN_POINT('Ctrl Pts',(-10.1810871225311,-7.55869074943363,-10.5620907831668));
#5857=CARTESIAN_POINT('Ctrl Pts',(-9.74969057035196,-7.5199034886323,-10.7691201344585));
#5858=CARTESIAN_POINT('Ctrl Pts',(-9.55427942082591,-7.51375707634902,-10.907797090825));
#5859=CARTESIAN_POINT('Ctrl Pts',(-9.4637018477581,-7.51342329822784,-10.9858248364308));
#5860=CARTESIAN_POINT('Ctrl Pts',(-11.1921043646817,-8.,-10.5463689478026));
#5861=CARTESIAN_POINT('Ctrl Pts',(-11.1404410492924,-8.,-10.5351874695574));
#5862=CARTESIAN_POINT('Ctrl Pts',(-11.0886831705356,-8.00837249144281,-10.5261753849053));
#5863=CARTESIAN_POINT('Ctrl Pts',(-11.0184525393551,-8.03148461760525,-10.5166181894632));
#5864=CARTESIAN_POINT('Ctrl Pts',(-10.9986255770754,-8.03943644936392,-10.5142376392287));
#5865=CARTESIAN_POINT('Ctrl Pts',(-10.9793588925481,-8.04859795237874,-10.5122002692254));
#5866=CARTESIAN_POINT('Origin',(0.,-3.,0.));
#5867=CARTESIAN_POINT('',(5.55673622104108,-3.,-13.3930087198422));
#5868=CARTESIAN_POINT('',(-7.84086183055973,-8.1991723640491,-12.1971671200354));
#5869=CARTESIAN_POINT('Ctrl Pts',(-7.84086183055973,-8.19917236404911,-12.1971671200354));
#5870=CARTESIAN_POINT('Ctrl Pts',(-7.81270407358654,-8.16550723513634,-12.2152681331405));
#5871=CARTESIAN_POINT('Ctrl Pts',(-7.7807463266409,-8.13593058888271,-12.2356702850379));
#5872=CARTESIAN_POINT('Ctrl Pts',(-7.69743880617837,-8.07460469536826,-12.2883198590949));
#5873=CARTESIAN_POINT('Ctrl Pts',(-7.64319150922819,-8.04705410264015,-12.3221759990795));
#5874=CARTESIAN_POINT('Ctrl Pts',(-7.52934058530836,-8.00966980609608,-12.392076382318));
#5875=CARTESIAN_POINT('Ctrl Pts',(-7.46937228697091,-8.,-12.4283290449004));
#5876=CARTESIAN_POINT('Ctrl Pts',(-7.40929192002377,-8.,-12.4640440164447));
#5877=CARTESIAN_POINT('Ctrl Pts',(-9.4637018477581,-7.51342329822784,-10.9858248364308));
#5878=CARTESIAN_POINT('Ctrl Pts',(-9.18848947666662,-7.51202446116343,-11.2229056076613));
#5879=CARTESIAN_POINT('Ctrl Pts',(-8.71378897506093,-7.51528625122956,-11.6020395748083));
#5880=CARTESIAN_POINT('Ctrl Pts',(-8.13465408281145,-7.75683951622631,-12.0063118462205));
#5881=CARTESIAN_POINT('Ctrl Pts',(-7.90446465743513,-8.04980282979311,-12.1562202475265));
#5882=CARTESIAN_POINT('Ctrl Pts',(-7.84856382414637,-8.17984511328472,-12.1922349533208));
#5883=CARTESIAN_POINT('Ctrl Pts',(-7.84105112522579,-8.19927063210318,-12.1970663639501));
#5884=CARTESIAN_POINT('Origin',(6.3231825963571,-3.,-15.2403202674067));
#5885=CARTESIAN_POINT('',(7.89143429360305,-3.,-13.9991165717607));
#5886=CARTESIAN_POINT('Origin',(6.90365273614102,-3.,-12.7510618733803));
#5887=CARTESIAN_POINT('',(10.3201853784425,-3.,-17.0678256195575));
#5888=CARTESIAN_POINT('Origin',(12.2805,-3.,-15.516321));
#5889=CARTESIAN_POINT('',(14.2408146215574,-13.45,-13.9648163804426));
#5890=CARTESIAN_POINT('',(10.3201853784425,-13.45,-17.0678256195575));
#5891=CARTESIAN_POINT('Origin',(12.2805,-13.45,-15.516321));
#5892=CARTESIAN_POINT('Origin',(12.2805,-13.45,-15.516321));
#5893=CARTESIAN_POINT('',(10.3201853784425,-3.,-17.0678256195575));
#5894=CARTESIAN_POINT('',(14.2408146215574,-3.,-13.9648163804426));
#5895=CARTESIAN_POINT('Origin',(14.2408146215574,-3.,-13.9648163804426));
#5896=CARTESIAN_POINT('',(11.8120635367179,-3.,-10.8961073326458));
#5897=CARTESIAN_POINT('Origin',(13.3803152339639,-3.,-9.65490363699989));
#5898=CARTESIAN_POINT('',(11.7584588419683,-3.,-8.48461228706051));
#5899=CARTESIAN_POINT('Origin',(0.,-3.25,0.));
#5900=CARTESIAN_POINT('',(15.8745078663875,-5.0701586799882,-2.5));
#5901=CARTESIAN_POINT('Ctrl Pts',(15.8745078663875,-5.0701586799882,-2.5));
#5902=CARTESIAN_POINT('Ctrl Pts',(15.2044348347113,-4.40824364702429,-2.5));
#5903=CARTESIAN_POINT('Ctrl Pts',(14.5873232637163,-3.80000000000531,-2.5));
#5904=CARTESIAN_POINT('Ctrl Pts',(14.3617410534233,-3.71213203435597,-3.1917429267938));
#5905=CARTESIAN_POINT('Ctrl Pts',(14.4635873238257,-3.78600354475167,-3.07397581431697));
#5906=CARTESIAN_POINT('Ctrl Pts',(14.5746707310305,-3.87466380169041,-2.97398771705299));
#5907=CARTESIAN_POINT('Ctrl Pts',(14.9083496566415,-4.15421320239198,-2.72657823588337));
#5908=CARTESIAN_POINT('Ctrl Pts',(15.1646552695182,-4.38751030523823,-2.61132431961535));
#5909=CARTESIAN_POINT('Ctrl Pts',(15.5751927918994,-4.77706375032446,-2.51646500822096));
#5910=CARTESIAN_POINT('Ctrl Pts',(15.7272689774956,-4.92471239370705,-2.5));
#5911=CARTESIAN_POINT('Ctrl Pts',(15.8745078663875,-5.0701586799882,-2.5));
#5912=CARTESIAN_POINT('Origin',(13.7749773139559,-3.,-2.5));
#5913=CARTESIAN_POINT('',(18.,-5.2,-2.5));
#5914=CARTESIAN_POINT('',(18.,-3.,-2.5));
#5915=CARTESIAN_POINT('',(15.8745078663875,-5.2,-2.5));
#5916=CARTESIAN_POINT('',(15.4562329854669,-5.2,-2.5));
#5917=CARTESIAN_POINT('',(15.8745078663875,-3.,-2.5));
#5918=CARTESIAN_POINT('Origin',(18.,-3.,3.49140598602417E-17));
#5919=CARTESIAN_POINT('',(18.,-5.2,2.5));
#5920=CARTESIAN_POINT('',(18.,-3.,2.5));
#5921=CARTESIAN_POINT('Origin',(18.,-5.2,2.35210244037275E-17));
#5922=CARTESIAN_POINT('Ctrl Pts',(-7.78405798372278,-8.50000000000874,-12.2334966917085));
#5923=CARTESIAN_POINT('Ctrl Pts',(-7.78405798372144,-8.37471951199048,-12.2334966917093));
#5924=CARTESIAN_POINT('Ctrl Pts',(-7.84432702784505,-8.1263403128072,-12.1953842356004));
#5925=CARTESIAN_POINT('Ctrl Pts',(-8.13465408281145,-7.75683951622631,-12.0063118462205));
#5926=CARTESIAN_POINT('Ctrl Pts',(-8.71378897506093,-7.51528625122956,-11.6020395748083));
#5927=CARTESIAN_POINT('Ctrl Pts',(-9.18848947666662,-7.51202446116343,-11.2229056076613));
#5928=CARTESIAN_POINT('Ctrl Pts',(-9.4637018477581,-7.51342329822784,-10.9858248364308));
#5929=CARTESIAN_POINT('Ctrl Pts',(-7.83562560604809,-8.50000000000794,-12.2006847024319));
#5930=CARTESIAN_POINT('Ctrl Pts',(-7.83562560604682,-8.38615875139726,-12.2006847024327));
#5931=CARTESIAN_POINT('Ctrl Pts',(-7.89283076064006,-8.16051849487835,-12.1641979587093));
#5932=CARTESIAN_POINT('Ctrl Pts',(-8.16911630852163,-7.82796309350626,-11.9826878561241));
#5933=CARTESIAN_POINT('Ctrl Pts',(-8.72236718820423,-7.62150975123933,-11.5945917155907));
#5934=CARTESIAN_POINT('Ctrl Pts',(-9.19069075952441,-7.62993439030941,-11.2209745959641));
#5935=CARTESIAN_POINT('Ctrl Pts',(-9.46337120811813,-7.6306562395287,-10.9861096648363));
#5936=CARTESIAN_POINT('Ctrl Pts',(-7.95091427359008,-8.50000000000635,-12.1541981829859));
#5937=CARTESIAN_POINT('Ctrl Pts',(-7.95091427358892,-8.40902836509533,-12.1541981829866));
#5938=CARTESIAN_POINT('Ctrl Pts',(-8.00332423435023,-8.22890213903022,-12.1229303481204));
#5939=CARTESIAN_POINT('Ctrl Pts',(-8.25869177909277,-7.97025296691023,-11.9664429127061));
#5940=CARTESIAN_POINT('Ctrl Pts',(-8.77887537153295,-7.83362282431798,-11.6338227722624));
#5941=CARTESIAN_POINT('Ctrl Pts',(-9.25021626113682,-7.8651327263722,-11.2845476533847));
#5942=CARTESIAN_POINT('Ctrl Pts',(-9.5188447354414,-7.86453848894363,-11.0518394101342));
#5943=CARTESIAN_POINT('Ctrl Pts',(-8.07520508816972,-8.50000000000496,-12.1521325680798));
#5944=CARTESIAN_POINT('Ctrl Pts',(-8.07520508816862,-8.42886803363873,-12.1521325680802));
#5945=CARTESIAN_POINT('Ctrl Pts',(-8.12471020269363,-8.28792279938695,-12.1302289934606));
#5946=CARTESIAN_POINT('Ctrl Pts',(-8.36941006030377,-8.08414833636368,-12.0174255791209));
#5947=CARTESIAN_POINT('Ctrl Pts',(-8.89056002686553,-7.97083232529916,-11.7693736981606));
#5948=CARTESIAN_POINT('Ctrl Pts',(-9.39124261014927,-7.98769648103952,-11.4518270228557));
#5949=CARTESIAN_POINT('Ctrl Pts',(-9.65993435688784,-7.9875725236664,-11.2163233402365));
#5950=CARTESIAN_POINT('Ctrl Pts',(-8.13547854421673,-8.50000000000437,-12.1622793315401));
#5951=CARTESIAN_POINT('Ctrl Pts',(-8.13547854421566,-8.43735975599524,-12.1622793315404));
#5952=CARTESIAN_POINT('Ctrl Pts',(-8.18360440796322,-8.31317015640359,-12.1457742846101));
#5953=CARTESIAN_POINT('Ctrl Pts',(-8.42380956560128,-8.12841975811315,-12.0576115779207));
#5954=CARTESIAN_POINT('Ctrl Pts',(-8.9502129804198,-8.00764312561477,-11.8505001874759));
#5955=CARTESIAN_POINT('Ctrl Pts',(-9.46540351433555,-8.00601223058172,-11.5416600447157));
#5956=CARTESIAN_POINT('Ctrl Pts',(-9.73536866659166,-8.00671164911392,-11.3039995158629));
#5957=CARTESIAN_POINT('',(-8.13547854421673,-8.5,-12.1622793315401));
#5958=CARTESIAN_POINT('Ctrl Pts',(-7.84086183055973,-8.1991723640491,-12.1971671200354));
#5959=CARTESIAN_POINT('Ctrl Pts',(-7.84577293858613,-8.2050440350409,-12.1940100492917));
#5960=CARTESIAN_POINT('Ctrl Pts',(-7.85074011695676,-8.2109637876471,-12.1910338433976));
#5961=CARTESIAN_POINT('Ctrl Pts',(-7.88395003131608,-8.25037049404027,-12.1725096417763));
#5962=CARTESIAN_POINT('Ctrl Pts',(-7.91368868885126,-8.28484179882911,-12.1623890595431));
#5963=CARTESIAN_POINT('Ctrl Pts',(-8.00088672331798,-8.38031260629044,-12.1463440892053));
#5964=CARTESIAN_POINT('Ctrl Pts',(-8.06242478062863,-8.44188471072809,-12.1500798948409));
#5965=CARTESIAN_POINT('Ctrl Pts',(-8.13436282713841,-8.49911474689606,-12.1620918844662));
#5966=CARTESIAN_POINT('Ctrl Pts',(-8.1349205174889,-8.49955763221433,-12.1621853902667));
#5967=CARTESIAN_POINT('Ctrl Pts',(-8.13547854421673,-8.50000000000437,-12.1622793315401));
#5968=CARTESIAN_POINT('',(-9.73536866659166,-8.00671164911392,-11.3039995158629));
#5969=CARTESIAN_POINT('Ctrl Pts',(-8.13547854421673,-8.50000000000437,-12.1622793315401));
#5970=CARTESIAN_POINT('Ctrl Pts',(-8.13547854421566,-8.43735975599524,-12.1622793315404));
#5971=CARTESIAN_POINT('Ctrl Pts',(-8.18360440796322,-8.31317015640359,-12.1457742846101));
#5972=CARTESIAN_POINT('Ctrl Pts',(-8.42380956560128,-8.12841975811315,-12.0576115779207));
#5973=CARTESIAN_POINT('Ctrl Pts',(-8.9502129804198,-8.00764312561477,-11.8505001874759));
#5974=CARTESIAN_POINT('Ctrl Pts',(-9.46540351433555,-8.00601223058172,-11.5416600447157));
#5975=CARTESIAN_POINT('Ctrl Pts',(-9.73536866659166,-8.00671164911392,-11.3039995158629));
#5976=CARTESIAN_POINT('Origin',(-9.79003639423252,-7.51342329822784,-11.3646463825146));
#5977=CARTESIAN_POINT('Ctrl Pts',(-10.577597286733,-8.5,-10.828601838954));
#5978=CARTESIAN_POINT('Ctrl Pts',(-10.577597286733,-8.43275048561558,-10.828601838954));
#5979=CARTESIAN_POINT('Ctrl Pts',(-10.5489801620223,-8.29882976214585,-10.8268393719688));
#5980=CARTESIAN_POINT('Ctrl Pts',(-10.402186348746,-8.11205044357335,-10.8378180166067));
#5981=CARTESIAN_POINT('Ctrl Pts',(-10.1727138893535,-8.02934537471682,-10.9458686429592));
#5982=CARTESIAN_POINT('Ctrl Pts',(-9.92945216139045,-8.00995174431615,-11.1367946779817));
#5983=CARTESIAN_POINT('Ctrl Pts',(-9.79978536214304,-8.00687853817451,-11.2472910636654));
#5984=CARTESIAN_POINT('Ctrl Pts',(-9.73536866659166,-8.00671164911392,-11.3039995158629));
#5985=CARTESIAN_POINT('Ctrl Pts',(-10.6217307674093,-8.5,-10.7254561958618));
#5986=CARTESIAN_POINT('Ctrl Pts',(-10.6217307674093,-8.42937709510507,-10.7254561958618));
#5987=CARTESIAN_POINT('Ctrl Pts',(-10.5904816126406,-8.28865718353373,-10.7255439085469));
#5988=CARTESIAN_POINT('Ctrl Pts',(-10.4220876987632,-8.08306515077698,-10.7408335381267));
#5989=CARTESIAN_POINT('Ctrl Pts',(-10.1505931545906,-7.99674362658578,-10.8454618081401));
#5990=CARTESIAN_POINT('Ctrl Pts',(-9.87338275021978,-7.98815563139308,-11.0381457210015));
#5991=CARTESIAN_POINT('Ctrl Pts',(-9.7299603914971,-7.98756918251408,-11.1550088157266));
#5992=CARTESIAN_POINT('Ctrl Pts',(-9.65993435688784,-7.9875725236664,-11.2163233402366));
#5993=CARTESIAN_POINT('Ctrl Pts',(-10.781975046657,-8.5,-10.5504678361805));
#5994=CARTESIAN_POINT('Ctrl Pts',(-10.781975046657,-8.41183577822609,-10.5504678361805));
#5995=CARTESIAN_POINT('Ctrl Pts',(-10.7373101363159,-8.23646596523505,-10.5510890846184));
#5996=CARTESIAN_POINT('Ctrl Pts',(-10.4993833632586,-7.97551111349318,-10.5651959678647));
#5997=CARTESIAN_POINT('Ctrl Pts',(-10.128514547643,-7.86850662288233,-10.6589918739179));
#5998=CARTESIAN_POINT('Ctrl Pts',(-9.77380076119463,-7.86342394667761,-10.852130893067));
#5999=CARTESIAN_POINT('Ctrl Pts',(-9.60062287843539,-7.86443996885245,-10.981014571282));
#6000=CARTESIAN_POINT('Ctrl Pts',(-9.51884698802338,-7.86453557249791,-11.0518420083828));
#6001=CARTESIAN_POINT('Ctrl Pts',(-11.0163184231995,-8.5,-10.5132880442739));
#6002=CARTESIAN_POINT('Ctrl Pts',(-11.0163184231995,-8.38099368387881,-10.5132880442739));
#6003=CARTESIAN_POINT('Ctrl Pts',(-10.9519337885548,-8.14399901501291,-10.5048782770806));
#6004=CARTESIAN_POINT('Ctrl Pts',(-10.6269473883012,-7.80799795742628,-10.4891957143003));
#6005=CARTESIAN_POINT('Ctrl Pts',(-10.157531373811,-7.66201177507039,-10.5723696154881));
#6006=CARTESIAN_POINT('Ctrl Pts',(-9.74392776981233,-7.63461284437637,-10.772850942046));
#6007=CARTESIAN_POINT('Ctrl Pts',(-9.55239148204113,-7.63084424781901,-10.9093931909521));
#6008=CARTESIAN_POINT('Ctrl Pts',(-9.46337120811813,-7.6306562395287,-10.9861096648364));
#6009=CARTESIAN_POINT('Ctrl Pts',(-11.1267007523464,-8.5,-10.5333511750772));
#6010=CARTESIAN_POINT('Ctrl Pts',(-11.1267007523464,-8.36550097123117,-10.5333511750772));
#6011=CARTESIAN_POINT('Ctrl Pts',(-11.0542216707894,-8.09765952429171,-10.5188664419157));
#6012=CARTESIAN_POINT('Ctrl Pts',(-10.6921584898223,-7.72410088714668,-10.4825286375644));
#6013=CARTESIAN_POINT('Ctrl Pts',(-10.1810871225311,-7.55869074943363,-10.5620907831668));
#6014=CARTESIAN_POINT('Ctrl Pts',(-9.74969057035196,-7.5199034886323,-10.7691201344585));
#6015=CARTESIAN_POINT('Ctrl Pts',(-9.55427942082591,-7.51375707634902,-10.907797090825));
#6016=CARTESIAN_POINT('Ctrl Pts',(-9.4637018477581,-7.51342329822784,-10.9858248364308));
#6017=CARTESIAN_POINT('',(-10.577597286733,-8.5,-10.828601838954));
#6018=CARTESIAN_POINT('Ctrl Pts',(-10.577597286733,-8.49999999998814,-10.828601838954));
#6019=CARTESIAN_POINT('Ctrl Pts',(-10.5779686764152,-8.49926196117924,-10.8277338533108));
#6020=CARTESIAN_POINT('Ctrl Pts',(-10.5783409349629,-8.49852361827326,-10.8268664804755));
#6021=CARTESIAN_POINT('Ctrl Pts',(-10.6401787742636,-8.37610865862047,-10.6832217370684));
#6022=CARTESIAN_POINT('Ctrl Pts',(-10.699160915193,-8.29210018251803,-10.6141648142723));
#6023=CARTESIAN_POINT('Ctrl Pts',(-10.7811234777443,-8.1949289096923,-10.5493627596651));
#6024=CARTESIAN_POINT('Ctrl Pts',(-10.8180555273836,-8.15723242483895,-10.5299439470092));
#6025=CARTESIAN_POINT('Ctrl Pts',(-10.8974389160682,-8.09413573733344,-10.5102176273821));
#6026=CARTESIAN_POINT('Ctrl Pts',(-10.9369276703309,-8.06877442694112,-10.5077133478131));
#6027=CARTESIAN_POINT('Ctrl Pts',(-10.9793588925481,-8.04859795237875,-10.5122002692254));
#6028=CARTESIAN_POINT('Ctrl Pts',(-9.73536866659166,-8.00671164911392,-11.3039995158629));
#6029=CARTESIAN_POINT('Ctrl Pts',(-9.79978536214304,-8.00687853817451,-11.2472910636654));
#6030=CARTESIAN_POINT('Ctrl Pts',(-9.92945216139045,-8.00995174431615,-11.1367946779817));
#6031=CARTESIAN_POINT('Ctrl Pts',(-10.1727138893535,-8.02934537471682,-10.9458686429592));
#6032=CARTESIAN_POINT('Ctrl Pts',(-10.402186348746,-8.11205044357335,-10.8378180166067));
#6033=CARTESIAN_POINT('Ctrl Pts',(-10.5489801620223,-8.29882976214585,-10.8268393719688));
#6034=CARTESIAN_POINT('Ctrl Pts',(-10.577597286733,-8.43275048561558,-10.828601838954));
#6035=CARTESIAN_POINT('Ctrl Pts',(-10.577597286733,-8.5,-10.828601838954));
#6036=CARTESIAN_POINT('Origin',(-8.50899999999978,-8.5,-9.94349999999992));
#6037=CARTESIAN_POINT('Origin',(-8.50899999999978,-8.5,-9.94349999999992));
#6038=CARTESIAN_POINT('Origin',(-6.53903392078877,-8.5,-8.02471558095801));
#6039=CARTESIAN_POINT('',(-7.02559578415122,-8.5,-8.13985702927815));
#6040=CARTESIAN_POINT('Origin',(-6.53903392078877,-8.5,-8.02471558095801));
#6041=CARTESIAN_POINT('',(-6.89720957155441,-8.5,-8.37358547532927));
#6042=CARTESIAN_POINT('Origin',(-6.53903392078877,-8.5,-8.02471558095801));
#6043=CARTESIAN_POINT('Origin',(-6.53903392078877,-8.5,-8.02471558095801));
#6044=CARTESIAN_POINT('Origin',(-6.53903392078877,-8.,-8.02471558095801));
#6045=CARTESIAN_POINT('',(-7.01711358110601,-13.4485999681722,-8.17113907084592));
#6046=CARTESIAN_POINT('',(-7.02559578415122,-13.45,-8.13985702927815));
#6047=CARTESIAN_POINT('Ctrl Pts',(-7.02559578415122,-13.45,-8.13985702927815));
#6048=CARTESIAN_POINT('Ctrl Pts',(-7.02312202519724,-13.45,-8.15031057822791));
#6049=CARTESIAN_POINT('Ctrl Pts',(-7.02029241154093,-13.4495368026117,-8.16076003824877));
#6050=CARTESIAN_POINT('Ctrl Pts',(-7.01711358110607,-13.4485999681722,-8.1711390708457));
#6051=CARTESIAN_POINT('',(-6.92071064466765,-13.4485068882119,-8.347706104734));
#6052=CARTESIAN_POINT('Ctrl Pts',(-7.01711358110488,-13.4485999681751,-8.17113907085671));
#6053=CARTESIAN_POINT('Ctrl Pts',(-7.00938742607981,-13.4463229874375,-8.19636534113202));
#6054=CARTESIAN_POINT('Ctrl Pts',(-6.99966755243156,-13.4449417175871,-8.22091421515491));
#6055=CARTESIAN_POINT('Ctrl Pts',(-6.9880783113658,-13.4444358606516,-8.244572530657));
#6056=CARTESIAN_POINT('Ctrl Pts',(-6.97747984263693,-13.4439732497799,-8.26620828019434));
#6057=CARTESIAN_POINT('Ctrl Pts',(-6.96531706861762,-13.4442432015503,-8.28709995948698));
#6058=CARTESIAN_POINT('Ctrl Pts',(-6.95166184501555,-13.4452571638118,-8.30707075727123));
#6059=CARTESIAN_POINT('Ctrl Pts',(-6.94203200450602,-13.4459722231288,-8.32115442247618));
#6060=CARTESIAN_POINT('Ctrl Pts',(-6.93170218657692,-13.4470547481815,-8.33471743975008));
#6061=CARTESIAN_POINT('Ctrl Pts',(-6.92071064466765,-13.4485068882119,-8.347706104734));
#6062=CARTESIAN_POINT('',(-6.89720957155441,-13.45,-8.37358547532927));
#6063=CARTESIAN_POINT('Ctrl Pts',(-6.9207106446675,-13.4485068882119,-8.34770610473418));
#6064=CARTESIAN_POINT('Ctrl Pts',(-6.91314675808225,-13.449506185907,-8.35664432192363));
#6065=CARTESIAN_POINT('Ctrl Pts',(-6.90529291254844,-13.45,-8.36528651927829));
#6066=CARTESIAN_POINT('Ctrl Pts',(-6.89720957155441,-13.45,-8.37358547532926));
#6067=CARTESIAN_POINT('',(-6.89720957155441,-8.,-8.37358547532927));
#6068=CARTESIAN_POINT('',(-7.02559578415122,-8.,-8.13985702927815));
#6069=CARTESIAN_POINT('Origin',(-8.50899999999978,-8.5,-9.94349999999992));
#6070=CARTESIAN_POINT('Origin',(-8.50899999999978,-8.5,-9.94349999999992));
#6071=CARTESIAN_POINT('Origin',(-10.4155205944328,-8.5,-7.9616626648478));
#6072=CARTESIAN_POINT('',(-9.93296078938423,-8.5,-8.09256734219549));
#6073=CARTESIAN_POINT('',(-10.0688804863541,-8.5,-8.32199672578455));
#6074=CARTESIAN_POINT('Origin',(-10.4155205944328,-8.5,-7.9616626648478));
#6075=CARTESIAN_POINT('Origin',(-10.4155205944328,-8.5,-7.9616626648478));
#6076=CARTESIAN_POINT('Origin',(-10.4155205944328,-8.5,-7.9616626648478));
#6077=CARTESIAN_POINT('Origin',(-8.48528137423857,-8.5,-8.48528137423857));
#6078=CARTESIAN_POINT('Origin',(-8.48528137423857,-8.5,-8.48528137423857));
#6079=CARTESIAN_POINT('Origin',(-8.50899999999978,-8.5,-9.94349999999992));
#6080=CARTESIAN_POINT('Origin',(-8.50899999999978,-8.5,-9.94349999999992));
#6081=CARTESIAN_POINT('Origin',(-10.4155205944328,-8.,-7.9616626648478));
#6082=CARTESIAN_POINT('',(-9.94245587109136,-13.4485999681722,-8.12355697459929));
#6083=CARTESIAN_POINT('',(-9.93296078938423,-13.45,-8.0925673421955));
#6084=CARTESIAN_POINT('Ctrl Pts',(-9.94245587109129,-13.4485999681722,-8.12355697459908));
#6085=CARTESIAN_POINT('Ctrl Pts',(-9.9389411716434,-13.4495368026117,-8.11328681547798));
#6086=CARTESIAN_POINT('Ctrl Pts',(-9.93577321377554,-13.45,-8.10293490883625));
#6087=CARTESIAN_POINT('Ctrl Pts',(-9.93296078938423,-13.45,-8.09256734219549));
#6088=CARTESIAN_POINT('',(-9.93296078938423,-8.,-8.0925673421955));
#6089=CARTESIAN_POINT('',(-10.0688804863541,-13.45,-8.32199672578455));
#6090=CARTESIAN_POINT('',(-10.0688804863541,-8.,-8.32199672578455));
#6091=CARTESIAN_POINT('',(-10.0445501870229,-13.4485068882119,-8.29689535541682));
#6092=CARTESIAN_POINT('Ctrl Pts',(-10.0688804863541,-13.45,-8.32199672578455));
#6093=CARTESIAN_POINT('Ctrl Pts',(-10.0605315197814,-13.45,-8.31396504910216));
#6094=CARTESIAN_POINT('Ctrl Pts',(-10.052400764252,-13.449506185907,-8.30558284895496));
#6095=CARTESIAN_POINT('Ctrl Pts',(-10.044550187023,-13.4485068882119,-8.296895355417));
#6096=CARTESIAN_POINT('Ctrl Pts',(-10.0445501870229,-13.4485068882119,-8.29689535541682));
#6097=CARTESIAN_POINT('Ctrl Pts',(-10.0294833228929,-13.4465890314532,-8.28022227763557));
#6098=CARTESIAN_POINT('Ctrl Pts',(-10.0155440935232,-13.4453160984041,-8.26251867754461));
#6099=CARTESIAN_POINT('Ctrl Pts',(-10.0028231140319,-13.4446836844348,-8.24390668018887));
#6100=CARTESIAN_POINT('Ctrl Pts',(-9.99010289017004,-13.4440513080312,-8.22529578839042));
#6101=CARTESIAN_POINT('Ctrl Pts',(-9.97865052752905,-13.4440618225378,-8.20584940105637));
#6102=CARTESIAN_POINT('Ctrl Pts',(-9.96854389835728,-13.4447155176505,-8.18570000040431));
#6103=CARTESIAN_POINT('Ctrl Pts',(-9.95844348084634,-13.4453688109939,-8.16556298382618));
#6104=CARTESIAN_POINT('Ctrl Pts',(-9.94972663223791,-13.4466619628112,-8.14480257263301));
#6105=CARTESIAN_POINT('Ctrl Pts',(-9.94245587109284,-13.4485999681751,-8.12355697461004));
#6106=CARTESIAN_POINT('Origin',(-8.48528137423857,-8.,-8.48528137423857));
#6107=CARTESIAN_POINT('Origin',(-8.48528137423857,-13.45,-8.48528137423857));
#6108=CARTESIAN_POINT('Origin',(-8.50899999999978,-8.,-9.94349999999992));
#6109=CARTESIAN_POINT('Origin',(-8.50899999999978,-13.45,-9.94349999999992));
#6110=CARTESIAN_POINT('Ctrl Pts',(-6.92071064466765,-13.4485068882119,-8.347706104734));
#6111=CARTESIAN_POINT('Ctrl Pts',(-7.01336723167656,-13.5529413516896,-8.4028310206562));
#6112=CARTESIAN_POINT('Ctrl Pts',(-7.10604444730623,-13.6570393781834,-8.45811892296016));
#6113=CARTESIAN_POINT('Ctrl Pts',(-7.19875356797288,-13.7605751524737,-8.51359684713838));
#6114=CARTESIAN_POINT('Ctrl Pts',(-6.96062764569051,-13.4387026735653,-8.29414413171333));
#6115=CARTESIAN_POINT('Ctrl Pts',(-7.05542554827098,-13.5421599479815,-8.34688354508986));
#6116=CARTESIAN_POINT('Ctrl Pts',(-7.15053982175166,-13.6450995318325,-8.39946293977772));
#6117=CARTESIAN_POINT('Ctrl Pts',(-7.24620570175799,-13.7470447403664,-8.45176384380171));
#6118=CARTESIAN_POINT('Ctrl Pts',(-6.99361368261831,-13.4387026735653,-8.23366015898677));
#6119=CARTESIAN_POINT('Ctrl Pts',(-7.08994241478749,-13.5421599479815,-8.28324654938726));
#6120=CARTESIAN_POINT('Ctrl Pts',(-7.18678760995716,-13.6450995318325,-8.33219017263407));
#6121=CARTESIAN_POINT('Ctrl Pts',(-7.28448482858772,-13.7470447403664,-8.38001520738691));
#6122=CARTESIAN_POINT('Ctrl Pts',(-7.01702723966433,-13.4485068882119,-8.17109773199597));
#6123=CARTESIAN_POINT('Ctrl Pts',(-7.11390092217862,-13.5529413516896,-8.21747965868706));
#6124=CARTESIAN_POINT('Ctrl Pts',(-7.21130186289769,-13.6570393781834,-8.26276155604808));
#6125=CARTESIAN_POINT('Ctrl Pts',(-7.30941989750557,-13.7605751524737,-8.30616896414831));
#6126=CARTESIAN_POINT('',(-7.01841231228675,-13.449999999989,-8.17176079260948));
#6127=CARTESIAN_POINT('',(-7.29940249441896,-13.7499999999994,-8.30172952216817));
#6128=CARTESIAN_POINT('Ctrl Pts',(-7.01841231200536,-13.4500000007462,-8.17176079533431));
#6129=CARTESIAN_POINT('Ctrl Pts',(-7.1115315274256,-13.5503786697991,-8.21633271957268));
#6130=CARTESIAN_POINT('Ctrl Pts',(-7.20513870912167,-13.6504455126365,-8.25988492388566));
#6131=CARTESIAN_POINT('Ctrl Pts',(-7.29940243889939,-13.7499999961622,-8.30172965636658));
#6132=CARTESIAN_POINT('',(-7.18928614668282,-13.7499999999997,-8.50793204780684));
#6133=CARTESIAN_POINT('Ctrl Pts',(-7.29940248199571,-13.7500000416774,-8.30172967549752));
#6134=CARTESIAN_POINT('Ctrl Pts',(-7.29591053448191,-13.75000036609,-8.32428810560167));
#6135=CARTESIAN_POINT('Ctrl Pts',(-7.29036680762952,-13.7500192705622,-8.34638781569441));
#6136=CARTESIAN_POINT('Ctrl Pts',(-7.2826929962169,-13.7500320015286,-8.36783791584404));
#6137=CARTESIAN_POINT('Ctrl Pts',(-7.28143749782124,-13.7500340844189,-8.37134732790495));
#6138=CARTESIAN_POINT('Ctrl Pts',(-7.2801249768084,-13.7500360472589,-8.37483924757343));
#6139=CARTESIAN_POINT('Ctrl Pts',(-7.27875508965582,-13.7500378312294,-8.37831271289516));
#6140=CARTESIAN_POINT('Ctrl Pts',(-7.26905032454893,-13.7500504695077,-8.40291996977096));
#6141=CARTESIAN_POINT('Ctrl Pts',(-7.25662280277634,-13.7500504539588,-8.42621145520652));
#6142=CARTESIAN_POINT('Ctrl Pts',(-7.24158641235091,-13.7500378377926,-8.44797371482213));
#6143=CARTESIAN_POINT('Ctrl Pts',(-7.22854112239712,-13.7500268922438,-8.46685424257532));
#6144=CARTESIAN_POINT('Ctrl Pts',(-7.2137130564151,-13.7500077162687,-8.48432123584561));
#6145=CARTESIAN_POINT('Ctrl Pts',(-7.19731542480961,-13.7500016553013,-8.50032646500673));
#6146=CARTESIAN_POINT('Ctrl Pts',(-7.19467937692896,-13.7500006809533,-8.502899431117));
#6147=CARTESIAN_POINT('Ctrl Pts',(-7.19200268477761,-13.7500000938926,-8.50543467494389));
#6148=CARTESIAN_POINT('Ctrl Pts',(-7.18928614072895,-13.7500000416774,-8.50793205176129));
#6149=CARTESIAN_POINT('',(-6.92203538929183,-13.4499999999963,-8.34849425569401));
#6150=CARTESIAN_POINT('Ctrl Pts',(-7.18928612452531,-13.7500000235744,-8.50793204206692));
#6151=CARTESIAN_POINT('Ctrl Pts',(-7.10017676183746,-13.6504455310072,-8.45461940642381));
#6152=CARTESIAN_POINT('Ctrl Pts',(-7.011096521371,-13.5503786790158,-8.40148148052549));
#6153=CARTESIAN_POINT('Ctrl Pts',(-6.92203538920705,-13.4500000007517,-8.34849425574879));
#6154=CARTESIAN_POINT('Ctrl Pts',(-6.92071064466765,-13.4485068882119,-8.347706104734));
#6155=CARTESIAN_POINT('Ctrl Pts',(-6.92115222561141,-13.4490045999281,-8.34796881797634));
#6156=CARTESIAN_POINT('Ctrl Pts',(-6.9215938070237,-13.449502304003,-8.34823153492054));
#6157=CARTESIAN_POINT('Ctrl Pts',(-6.92203538890574,-13.4500000004121,-8.34849425556952));
#6158=CARTESIAN_POINT('Ctrl Pts',(-7.01711358110161,-13.4485999681716,-8.17113907085515));
#6159=CARTESIAN_POINT('Ctrl Pts',(-7.01754648058947,-13.4490666521235,-8.17134633420956));
#6160=CARTESIAN_POINT('Ctrl Pts',(-7.01797939060737,-13.4495333293557,-8.17155357559272));
#6161=CARTESIAN_POINT('Ctrl Pts',(-7.01841231117223,-13.4499999998481,-8.17176079493552));
#6162=CARTESIAN_POINT('Origin',(-8.48528137423857,-13.6,-8.48528137423857));
#6163=CARTESIAN_POINT('',(-9.94117804678489,-13.449999999989,-8.12422060527437));
#6164=CARTESIAN_POINT('Ctrl Pts',(-9.94117804797447,-13.4499999998481,-8.12422060756294));
#6165=CARTESIAN_POINT('Ctrl Pts',(-9.9416040002668,-13.4495333293557,-8.12399941824093));
#6166=CARTESIAN_POINT('Ctrl Pts',(-9.94202994130094,-13.4490666521235,-8.12377820723323));
#6167=CARTESIAN_POINT('Ctrl Pts',(-9.94245587109605,-13.4485999681716,-8.12355697460837));
#6168=CARTESIAN_POINT('',(-9.66456339536106,-13.7499999999994,-8.26325904505079));
#6169=CARTESIAN_POINT('Ctrl Pts',(-9.66456345521877,-13.749999996162,-8.26325917737936));
#6170=CARTESIAN_POINT('Ctrl Pts',(-9.75741643100447,-13.6504455126561,-8.21837090195252));
#6171=CARTESIAN_POINT('Ctrl Pts',(-9.84955767499562,-13.5503786697982,-8.17179741027751));
#6172=CARTESIAN_POINT('Ctrl Pts',(-9.94117804715474,-13.4500000007462,-8.1242206079886));
#6173=CARTESIAN_POINT('Origin',(-8.48528137423857,-13.75,-8.48528137423857));
#6174=CARTESIAN_POINT('Ctrl Pts',(-9.77204926724434,-13.7605754220697,-8.4717411060254));
#6175=CARTESIAN_POINT('Ctrl Pts',(-9.86290515168761,-13.6570395589129,-8.41327735915427));
#6176=CARTESIAN_POINT('Ctrl Pts',(-9.95373532787099,-13.5529414423347,-8.35500457161494));
#6177=CARTESIAN_POINT('Ctrl Pts',(-10.0445501870229,-13.4485068882119,-8.29689535541682));
#6178=CARTESIAN_POINT('Ctrl Pts',(-9.72261127238941,-13.7470450058539,-8.41148405896611));
#6179=CARTESIAN_POINT('Ctrl Pts',(-9.8165256798136,-13.6450997105651,-8.35609949434727));
#6180=CARTESIAN_POINT('Ctrl Pts',(-9.90987971416234,-13.5421600377784,-8.30045452531562));
#6181=CARTESIAN_POINT('Ctrl Pts',(-10.0029123402344,-13.4387026735653,-8.24465991113477));
#6182=CARTESIAN_POINT('Ctrl Pts',(-9.68201895457604,-13.7470450058539,-8.34101829288465));
#6183=CARTESIAN_POINT('Ctrl Pts',(-9.77810919433706,-13.6450997105651,-8.29004117122339));
#6184=CARTESIAN_POINT('Ctrl Pts',(-9.87331148036727,-13.5421600377784,-8.23797376016893));
#6185=CARTESIAN_POINT('Ctrl Pts',(-9.96797667138304,-13.4387026735653,-8.18528071754899));
#6186=CARTESIAN_POINT('Ctrl Pts',(-9.65469542083037,-13.7605754220697,-8.26802204942493));
#6187=CARTESIAN_POINT('Ctrl Pts',(-9.75134992590363,-13.6570395589129,-8.22144653674861));
#6188=CARTESIAN_POINT('Ctrl Pts',(-9.8472267520645,-13.5529414423347,-8.17302084393986));
#6189=CARTESIAN_POINT('Ctrl Pts',(-9.94254082242235,-13.4485068882119,-8.12351284959019));
#6190=CARTESIAN_POINT('',(-10.0432517757034,-13.4499999999963,-8.29772617326714));
#6191=CARTESIAN_POINT('',(-9.78132768430791,-13.7499999999997,-8.46577124825161));
#6192=CARTESIAN_POINT('Ctrl Pts',(-10.0432517757899,-13.4500000007517,-8.29772617331913));
#6193=CARTESIAN_POINT('Ctrl Pts',(-9.95596102558997,-13.5503786790154,-8.35358184609514));
#6194=CARTESIAN_POINT('Ctrl Pts',(-9.86865607835333,-13.6504455310277,-8.4095887617225));
#6195=CARTESIAN_POINT('Ctrl Pts',(-9.78132770626815,-13.7500000235756,-8.46577124179377));
#6196=CARTESIAN_POINT('Ctrl Pts',(-9.78132769038755,-13.7500000416795,-8.46577125201052));
#6197=CARTESIAN_POINT('Ctrl Pts',(-9.76393326577714,-13.75000036649,-8.45079422161893));
#6198=CARTESIAN_POINT('Ctrl Pts',(-9.74802917706862,-13.7500194004143,-8.43430080308193));
#6199=CARTESIAN_POINT('Ctrl Pts',(-9.7338236947432,-13.7500321075942,-8.41632829443719));
#6200=CARTESIAN_POINT('Ctrl Pts',(-9.7315426925649,-13.750034148011,-8.41344241344919));
#6201=CARTESIAN_POINT('Ctrl Pts',(-9.72930556960253,-13.7500360732744,-8.41051844848398));
#6202=CARTESIAN_POINT('Ctrl Pts',(-9.72711328440073,-13.7500378312516,-8.40755661989001));
#6203=CARTESIAN_POINT('Ctrl Pts',(-9.71137624288704,-13.7500504506684,-8.38629550865257));
#6204=CARTESIAN_POINT('Ctrl Pts',(-9.6981968766694,-13.7500504728446,-8.36342104080919));
#6205=CARTESIAN_POINT('Ctrl Pts',(-9.68769599732414,-13.7500378378148,-8.33914283146331));
#6206=CARTESIAN_POINT('Ctrl Pts',(-9.67863604452422,-13.7500269365589,-8.31819606848202));
#6207=CARTESIAN_POINT('Ctrl Pts',(-9.67169581890785,-13.7500077744157,-8.29649447631745));
#6208=CARTESIAN_POINT('Ctrl Pts',(-9.66680311900665,-13.7500016912283,-8.27423921961529));
#6209=CARTESIAN_POINT('Ctrl Pts',(-9.66600171819606,-13.7500006948313,-8.27059391515739));
#6210=CARTESIAN_POINT('Ctrl Pts',(-9.66525525242084,-13.7500000948188,-8.26693365252722));
#6211=CARTESIAN_POINT('Ctrl Pts',(-9.66456341276524,-13.7500000416795,-8.26325919790284));
#6212=CARTESIAN_POINT('Ctrl Pts',(-10.0432517759679,-13.4500000003845,-8.29772617298304));
#6213=CARTESIAN_POINT('Ctrl Pts',(-10.0436845799625,-13.4495023039754,-8.29744923002818));
#6214=CARTESIAN_POINT('Ctrl Pts',(-10.044117383608,-13.4490045999005,-8.29717229079142));
#6215=CARTESIAN_POINT('Ctrl Pts',(-10.0445501869057,-13.4485068881843,-8.29689535526979));
#6216=CARTESIAN_POINT('Origin',(-8.50899999999978,-13.6,-9.94349999999992));
#6217=CARTESIAN_POINT('Origin',(-8.50899999999978,-13.75,-9.94349999999992));
#6218=CARTESIAN_POINT('Origin',(-8.50899999999978,-13.6,-9.94349999999992));
#6219=CARTESIAN_POINT('',(-7.30899999999978,-13.75,-9.94349999999992));
#6220=CARTESIAN_POINT('Origin',(-8.50899999999978,-13.75,-9.94349999999992));
#6221=CARTESIAN_POINT('',(-7.60899999999978,-13.45,-9.94349999999992));
#6222=CARTESIAN_POINT('',(-7.45899999999978,-13.6,-9.94349999999992));
#6223=CARTESIAN_POINT('',(-9.40899999999978,-13.45,-9.94349999999992));
#6224=CARTESIAN_POINT('Origin',(-8.50899999999978,-13.45,-9.94349999999992));
#6225=CARTESIAN_POINT('Origin',(-8.50899999999978,-13.45,-9.94349999999992));
#6226=CARTESIAN_POINT('Origin',(-8.50899999999978,-8.,-9.94349999999992));
#6227=CARTESIAN_POINT('',(-9.40899999999978,-8.,-9.94349999999992));
#6228=CARTESIAN_POINT('',(-9.40899999999978,-8.,-9.94349999999992));
#6229=CARTESIAN_POINT('Origin',(-8.50899999999978,-8.,-9.94349999999992));
#6230=CARTESIAN_POINT('Origin',(-8.48528137423857,-13.75,-8.48528137423857));
#6231=CARTESIAN_POINT('Origin',(0.,-8.,0.));
#6232=CARTESIAN_POINT('Ctrl Pts',(14.0894457318078,-6.46344250257397,-3.42883426694457));
#6233=CARTESIAN_POINT('Ctrl Pts',(14.1017072840676,-6.42740843701315,-3.38402494279473));
#6234=CARTESIAN_POINT('Ctrl Pts',(14.1156427442935,-6.39112900198703,-3.33973752360512));
#6235=CARTESIAN_POINT('Ctrl Pts',(14.1845792964694,-6.23162376558877,-3.14809907352955));
#6236=CARTESIAN_POINT('Ctrl Pts',(14.2583184990593,-6.10554571350315,-3.00512549132023));
#6237=CARTESIAN_POINT('Ctrl Pts',(14.4587648236636,-5.86525024902789,-2.73964441997899));
#6238=CARTESIAN_POINT('Ctrl Pts',(14.6937880850744,-5.6569762167287,-2.5154729951433));
#6239=CARTESIAN_POINT('Ctrl Pts',(15.0111232890681,-5.53193352907894,-2.36054246207965));
#6240=CARTESIAN_POINT('Ctrl Pts',(15.1933021914781,-5.50889672032185,-2.30333164013781));
#6241=CARTESIAN_POINT('Ctrl Pts',(14.0628671076175,-6.30436253132379,-3.54493575996479));
#6242=CARTESIAN_POINT('Ctrl Pts',(14.0768113341735,-6.26871536445609,-3.50018431589606));
#6243=CARTESIAN_POINT('Ctrl Pts',(14.0924513052168,-6.23296110845002,-3.45585987441012));
#6244=CARTESIAN_POINT('Ctrl Pts',(14.1689923737369,-6.07638594384572,-3.2636778765012));
#6245=CARTESIAN_POINT('Ctrl Pts',(14.2489079560256,-5.95423259006075,-3.11919436339466));
#6246=CARTESIAN_POINT('Ctrl Pts',(14.4618124149631,-5.72518727917019,-2.84880817151662));
#6247=CARTESIAN_POINT('Ctrl Pts',(14.7083358766856,-5.53056510499423,-2.61830497619298));
#6248=CARTESIAN_POINT('Ctrl Pts',(15.0355374128522,-5.42119652847036,-2.45746782251234));
#6249=CARTESIAN_POINT('Ctrl Pts',(15.2229085013313,-5.40593114688123,-2.39880243038827));
#6250=CARTESIAN_POINT('Ctrl Pts',(14.0362884834272,-6.14528256007362,-3.66103725298502));
#6251=CARTESIAN_POINT('Ctrl Pts',(14.0519094031977,-6.11002081765315,-3.61634050541174));
#6252=CARTESIAN_POINT('Ctrl Pts',(14.0692686781944,-6.07479893040921,-3.571982717022));
#6253=CARTESIAN_POINT('Ctrl Pts',(14.1533924202005,-5.92116876505974,-3.37922278701616));
#6254=CARTESIAN_POINT('Ctrl Pts',(14.2395540778679,-5.80300672014158,-3.23320648864009));
#6255=CARTESIAN_POINT('Ctrl Pts',(14.4648883983527,-5.58526346862945,-2.95783964858021));
#6256=CARTESIAN_POINT('Ctrl Pts',(14.7228645563666,-5.40411996391921,-2.72115623733099));
#6257=CARTESIAN_POINT('Ctrl Pts',(15.0600116294219,-5.31073700060858,-2.55412567746655));
#6258=CARTESIAN_POINT('Ctrl Pts',(15.2525148111845,-5.30296557344062,-2.49427322063873));
#6259=CARTESIAN_POINT('Ctrl Pts',(14.0097098592369,-5.98620258882345,-3.77713874600524));
#6260=CARTESIAN_POINT('Ctrl Pts',(14.0270134533037,-5.95132774509609,-3.73249987851306));
#6261=CARTESIAN_POINT('Ctrl Pts',(14.0460772391178,-5.91663103687219,-3.688105067827));
#6262=CARTESIAN_POINT('Ctrl Pts',(14.1378054974679,-5.76593094331669,-3.49480158998781));
#6263=CARTESIAN_POINT('Ctrl Pts',(14.2301435348342,-5.65169359669918,-3.34727536071452));
#6264=CARTESIAN_POINT('Ctrl Pts',(14.4679359896523,-5.44520049877175,-3.06700340011785));
#6265=CARTESIAN_POINT('Ctrl Pts',(14.7374123479778,-5.27770885218475,-2.82398821838067));
#6266=CARTESIAN_POINT('Ctrl Pts',(15.084425753206,-5.2,-2.65105103789924));
#6267=CARTESIAN_POINT('Ctrl Pts',(15.2821211210376,-5.2,-2.58974401088919));
#6268=CARTESIAN_POINT('',(14.0894457318078,-6.46344250257397,-3.42883426694457));
#6269=CARTESIAN_POINT('',(14.0097098592369,-5.98620258882345,-3.77713874600524));
#6270=CARTESIAN_POINT('Ctrl Pts',(14.0894457318078,-6.46344250257397,-3.42883426694457));
#6271=CARTESIAN_POINT('Ctrl Pts',(14.0628671076175,-6.30436253132379,-3.54493575996479));
#6272=CARTESIAN_POINT('Ctrl Pts',(14.0362884834272,-6.14528256007362,-3.66103725298502));
#6273=CARTESIAN_POINT('Ctrl Pts',(14.0097098592369,-5.98620258882345,-3.77713874600524));
#6274=CARTESIAN_POINT('',(15.2821211210376,-5.2,-2.58974401088919));
#6275=CARTESIAN_POINT('Ctrl Pts',(14.0097098592369,-5.98620258882345,-3.77713874600524));
#6276=CARTESIAN_POINT('Ctrl Pts',(14.0270134533037,-5.95132774509609,-3.73249987851306));
#6277=CARTESIAN_POINT('Ctrl Pts',(14.0460772391178,-5.91663103687219,-3.688105067827));
#6278=CARTESIAN_POINT('Ctrl Pts',(14.1378054974679,-5.76593094331669,-3.49480158998781));
#6279=CARTESIAN_POINT('Ctrl Pts',(14.2301435348342,-5.65169359669918,-3.34727536071452));
#6280=CARTESIAN_POINT('Ctrl Pts',(14.4679359896523,-5.44520049877175,-3.06700340011785));
#6281=CARTESIAN_POINT('Ctrl Pts',(14.7374123479778,-5.27770885218475,-2.82398821838067));
#6282=CARTESIAN_POINT('Ctrl Pts',(15.084425753206,-5.2,-2.65105103789924));
#6283=CARTESIAN_POINT('Ctrl Pts',(15.2821211210376,-5.2,-2.58974401088919));
#6284=CARTESIAN_POINT('',(15.1933021914781,-5.50889672032185,-2.30333164013781));
#6285=CARTESIAN_POINT('',(15.2821211210376,-5.2,-2.58974401088919));
#6286=CARTESIAN_POINT('Ctrl Pts',(15.1933021914781,-5.50889672032185,-2.30333164013781));
#6287=CARTESIAN_POINT('Ctrl Pts',(15.0111232890681,-5.53193352907894,-2.36054246207965));
#6288=CARTESIAN_POINT('Ctrl Pts',(14.6937880850744,-5.6569762167287,-2.5154729951433));
#6289=CARTESIAN_POINT('Ctrl Pts',(14.4587648236636,-5.86525024902789,-2.73964441997899));
#6290=CARTESIAN_POINT('Ctrl Pts',(14.2583184990593,-6.10554571350315,-3.00512549132023));
#6291=CARTESIAN_POINT('Ctrl Pts',(14.1845792964694,-6.23162376558877,-3.14809907352955));
#6292=CARTESIAN_POINT('Ctrl Pts',(14.1156427442935,-6.39112900198703,-3.33973752360512));
#6293=CARTESIAN_POINT('Ctrl Pts',(14.1017072840676,-6.42740843701315,-3.38402494279473));
#6294=CARTESIAN_POINT('Ctrl Pts',(14.0894457318078,-6.46344250257397,-3.42883426694457));
#6295=CARTESIAN_POINT('Origin',(15.8745078663875,-5.35,-4.5));
#6296=CARTESIAN_POINT('',(15.3336915975616,-5.5,-2.26448713638834));
#6297=CARTESIAN_POINT('',(15.4042328500172,-5.2,-2.55607577077247));
#6298=CARTESIAN_POINT('',(15.3336915975616,-5.5,-2.26448713638834));
#6299=CARTESIAN_POINT('Origin',(15.8745078663875,-5.2,-4.5));
#6300=CARTESIAN_POINT('',(15.8745078663875,-5.5,-2.2));
#6301=CARTESIAN_POINT('',(15.8745078663875,-5.2,-2.5));
#6302=CARTESIAN_POINT('Origin',(15.8745078663875,-5.5,-4.5));
#6303=CARTESIAN_POINT('Origin',(15.4562329854669,-5.35,-2.35));
#6304=CARTESIAN_POINT('',(18.,-5.5,-2.2));
#6305=CARTESIAN_POINT('',(18.,-5.2,-2.5));
#6306=CARTESIAN_POINT('',(15.4562329854669,-5.5,-2.2));
#6307=CARTESIAN_POINT('Origin',(18.,-5.35,2.27442265316924E-17));
#6308=CARTESIAN_POINT('',(18.,-5.5,2.2));
#6309=CARTESIAN_POINT('',(18.,-5.2,2.5));
#6310=CARTESIAN_POINT('Origin',(18.,-5.5,2.19674286596573E-17));
#6311=CARTESIAN_POINT('Origin',(17.568744328489,-5.35,2.35));
#6312=CARTESIAN_POINT('',(15.8745078663875,-5.2,2.5));
#6313=CARTESIAN_POINT('',(15.8745078663875,-5.5,2.2));
#6314=CARTESIAN_POINT('',(15.8745078663875,-5.2,2.5));
#6315=CARTESIAN_POINT('',(17.568744328489,-5.5,2.2));
#6316=CARTESIAN_POINT('',(17.568744328489,-5.2,2.5));
#6317=CARTESIAN_POINT('Origin',(15.8745078663875,-5.35,4.5));
#6318=CARTESIAN_POINT('',(15.4042328500172,-5.2,2.55607577077247));
#6319=CARTESIAN_POINT('',(15.3336915975616,-5.5,2.26448713638834));
#6320=CARTESIAN_POINT('',(15.4042328500172,-5.2,2.55607577077247));
#6321=CARTESIAN_POINT('Origin',(15.8745078663875,-5.5,4.5));
#6322=CARTESIAN_POINT('Origin',(15.8745078663875,-5.2,4.5));
#6323=CARTESIAN_POINT('Ctrl Pts',(15.1933021914781,-5.50889672032185,-2.30333164013781));
#6324=CARTESIAN_POINT('Ctrl Pts',(15.2396331213928,-5.50303810136069,-2.28878203781458));
#6325=CARTESIAN_POINT('Ctrl Pts',(15.2864889864032,-5.5,-2.27590641312839));
#6326=CARTESIAN_POINT('Ctrl Pts',(15.3336915975616,-5.5,-2.26448713638834));
#6327=CARTESIAN_POINT('Ctrl Pts',(15.2229085013313,-5.40593114688123,-2.39880243038827));
#6328=CARTESIAN_POINT('Ctrl Pts',(15.2672407371419,-5.40202540090712,-2.3849333015904));
#6329=CARTESIAN_POINT('Ctrl Pts',(15.3120550246634,-5.4,-2.37260613429672));
#6330=CARTESIAN_POINT('Ctrl Pts',(15.3572053483801,-5.4,-2.36168334784972));
#6331=CARTESIAN_POINT('Ctrl Pts',(15.2525148111845,-5.30296557344062,-2.49427322063873));
#6332=CARTESIAN_POINT('Ctrl Pts',(15.294848352891,-5.30101270045356,-2.48108456536622));
#6333=CARTESIAN_POINT('Ctrl Pts',(15.3376210629236,-5.3,-2.46930585546505));
#6334=CARTESIAN_POINT('Ctrl Pts',(15.3807190991987,-5.3,-2.45887955931109));
#6335=CARTESIAN_POINT('Ctrl Pts',(15.2821211210376,-5.2,-2.58974401088919));
#6336=CARTESIAN_POINT('Ctrl Pts',(15.32245596864,-5.2,-2.57723582914205));
#6337=CARTESIAN_POINT('Ctrl Pts',(15.3631871011838,-5.2,-2.56600557663338));
#6338=CARTESIAN_POINT('Ctrl Pts',(15.4042328500172,-5.2,-2.55607577077247));
#6339=CARTESIAN_POINT('Ctrl Pts',(15.3336915975616,-5.5,-2.26448713638834));
#6340=CARTESIAN_POINT('Ctrl Pts',(15.2864889864032,-5.5,-2.27590641312839));
#6341=CARTESIAN_POINT('Ctrl Pts',(15.2396331213928,-5.50303810136069,-2.28878203781458));
#6342=CARTESIAN_POINT('Ctrl Pts',(15.1933021914781,-5.50889672032185,-2.30333164013781));
#6343=CARTESIAN_POINT('Ctrl Pts',(15.2821211210376,-5.2,-2.58974401088919));
#6344=CARTESIAN_POINT('Ctrl Pts',(15.32245596864,-5.2,-2.57723582914205));
#6345=CARTESIAN_POINT('Ctrl Pts',(15.3631871011838,-5.2,-2.56600557663338));
#6346=CARTESIAN_POINT('Ctrl Pts',(15.4042328500172,-5.2,-2.55607577077247));
#6347=CARTESIAN_POINT('Ctrl Pts',(15.1933021914781,-5.50889672032185,2.30333164013782));
#6348=CARTESIAN_POINT('Ctrl Pts',(14.9331935119411,-5.54178787197161,2.3850152552747));
#6349=CARTESIAN_POINT('Ctrl Pts',(14.7129784118367,-5.66014395195012,2.51487190312871));
#6350=CARTESIAN_POINT('Ctrl Pts',(14.3265673957093,-5.97850724078748,2.86487371203698));
#6351=CARTESIAN_POINT('Ctrl Pts',(14.1700986958614,-6.22642077362538,3.13409140680908));
#6352=CARTESIAN_POINT('Ctrl Pts',(14.0894457258277,-6.46344252014802,3.42883428879839));
#6353=CARTESIAN_POINT('Ctrl Pts',(15.2229085013313,-5.40593114688123,2.39880243038828));
#6354=CARTESIAN_POINT('Ctrl Pts',(14.955509791009,-5.42776322251199,2.4825776965457));
#6355=CARTESIAN_POINT('Ctrl Pts',(14.7278000047637,-5.53439947317482,2.61765056790217));
#6356=CARTESIAN_POINT('Ctrl Pts',(14.3232803922585,-5.83112977327891,2.97724950741441));
#6357=CARTESIAN_POINT('Ctrl Pts',(14.1546994243483,-6.06976027220472,3.25071737207171));
#6358=CARTESIAN_POINT('Ctrl Pts',(14.0628671008177,-6.3043625487094,3.5449357817909));
#6359=CARTESIAN_POINT('Ctrl Pts',(15.2525148111844,-5.30296557344062,2.49427322063874));
#6360=CARTESIAN_POINT('Ctrl Pts',(14.977542294567,-5.31402464945961,2.5797136034101));
#6361=CARTESIAN_POINT('Ctrl Pts',(14.7426467658665,-5.40871521531229,2.7203857431881));
#6362=CARTESIAN_POINT('Ctrl Pts',(14.3198358175179,-5.68379462833699,3.08951638960455));
#6363=CARTESIAN_POINT('Ctrl Pts',(14.138927196875,-5.91346638853495,3.36689113610807));
#6364=CARTESIAN_POINT('Ctrl Pts',(14.0362884758078,-6.14528257727077,3.66103727478341));
#6365=CARTESIAN_POINT('Ctrl Pts',(15.2821211210376,-5.2,2.5897440108892));
#6366=CARTESIAN_POINT('Ctrl Pts',(14.9998585736349,-5.2,2.67727604468111));
#6367=CARTESIAN_POINT('Ctrl Pts',(14.7574683587934,-5.28297073653699,2.82316440796156));
#6368=CARTESIAN_POINT('Ctrl Pts',(14.3165488140671,-5.53641716082841,3.20189218498198));
#6369=CARTESIAN_POINT('Ctrl Pts',(14.1235279253619,-5.75680588711429,3.48351710137069));
#6370=CARTESIAN_POINT('Ctrl Pts',(14.0097098507978,-5.98620260583214,3.77713876777592));
#6371=CARTESIAN_POINT('',(14.0097098507978,-5.98620260583214,3.77713876777592));
#6372=CARTESIAN_POINT('',(14.0894457258277,-6.46344252014802,3.42883428879839));
#6373=CARTESIAN_POINT('Ctrl Pts',(14.0097098507978,-5.98620260583214,3.77713876777592));
#6374=CARTESIAN_POINT('Ctrl Pts',(14.0362884758078,-6.14528257727077,3.66103727478341));
#6375=CARTESIAN_POINT('Ctrl Pts',(14.0628671008177,-6.3043625487094,3.5449357817909));
#6376=CARTESIAN_POINT('Ctrl Pts',(14.0894457258277,-6.46344252014802,3.42883428879839));
#6377=CARTESIAN_POINT('',(15.1933021914781,-5.50889672032185,2.30333164013782));
#6378=CARTESIAN_POINT('Ctrl Pts',(14.0894457258277,-6.46344252014802,3.42883428879839));
#6379=CARTESIAN_POINT('Ctrl Pts',(14.1700986958614,-6.22642077362538,3.13409140680908));
#6380=CARTESIAN_POINT('Ctrl Pts',(14.3265673957093,-5.97850724078748,2.86487371203698));
#6381=CARTESIAN_POINT('Ctrl Pts',(14.7129784118367,-5.66014395195012,2.51487190312871));
#6382=CARTESIAN_POINT('Ctrl Pts',(14.9331935119411,-5.54178787197161,2.3850152552747));
#6383=CARTESIAN_POINT('Ctrl Pts',(15.1933021914781,-5.50889672032185,2.30333164013782));
#6384=CARTESIAN_POINT('',(15.2821211210376,-5.2,2.5897440108892));
#6385=CARTESIAN_POINT('',(15.1933021914781,-5.50889672032185,2.30333164013782));
#6386=CARTESIAN_POINT('Ctrl Pts',(15.2821211210376,-5.2,2.5897440108892));
#6387=CARTESIAN_POINT('Ctrl Pts',(14.9998585736349,-5.2,2.67727604468111));
#6388=CARTESIAN_POINT('Ctrl Pts',(14.7574683587934,-5.28297073653699,2.82316440796156));
#6389=CARTESIAN_POINT('Ctrl Pts',(14.3165488140671,-5.53641716082841,3.20189218498198));
#6390=CARTESIAN_POINT('Ctrl Pts',(14.1235279253619,-5.75680588711429,3.48351710137069));
#6391=CARTESIAN_POINT('Ctrl Pts',(14.0097098507978,-5.98620260583214,3.77713876777592));
#6392=CARTESIAN_POINT('Ctrl Pts',(15.3336915975616,-5.5,2.26448713638834));
#6393=CARTESIAN_POINT('Ctrl Pts',(15.2864889864032,-5.5,2.27590641312839));
#6394=CARTESIAN_POINT('Ctrl Pts',(15.2396331213928,-5.50303810136069,2.28878203781458));
#6395=CARTESIAN_POINT('Ctrl Pts',(15.1933021914781,-5.50889672032185,2.30333164013782));
#6396=CARTESIAN_POINT('Ctrl Pts',(15.3572053483801,-5.4,2.36168334784972));
#6397=CARTESIAN_POINT('Ctrl Pts',(15.3120550246634,-5.4,2.37260613429672));
#6398=CARTESIAN_POINT('Ctrl Pts',(15.2672407371419,-5.40202540090713,2.3849333015904));
#6399=CARTESIAN_POINT('Ctrl Pts',(15.2229085013313,-5.40593114688123,2.39880243038828));
#6400=CARTESIAN_POINT('Ctrl Pts',(15.3807190991987,-5.3,2.45887955931109));
#6401=CARTESIAN_POINT('Ctrl Pts',(15.3376210629236,-5.3,2.46930585546505));
#6402=CARTESIAN_POINT('Ctrl Pts',(15.294848352891,-5.30101270045356,2.48108456536622));
#6403=CARTESIAN_POINT('Ctrl Pts',(15.2525148111844,-5.30296557344062,2.49427322063874));
#6404=CARTESIAN_POINT('Ctrl Pts',(15.4042328500172,-5.2,2.55607577077247));
#6405=CARTESIAN_POINT('Ctrl Pts',(15.3631871011838,-5.2,2.56600557663339));
#6406=CARTESIAN_POINT('Ctrl Pts',(15.32245596864,-5.2,2.57723582914205));
#6407=CARTESIAN_POINT('Ctrl Pts',(15.2821211210376,-5.2,2.5897440108892));
#6408=CARTESIAN_POINT('Ctrl Pts',(15.1933021914781,-5.50889672032185,2.30333164013782));
#6409=CARTESIAN_POINT('Ctrl Pts',(15.2396331213928,-5.50303810136069,2.28878203781458));
#6410=CARTESIAN_POINT('Ctrl Pts',(15.2864889864032,-5.5,2.27590641312839));
#6411=CARTESIAN_POINT('Ctrl Pts',(15.3336915975616,-5.5,2.26448713638834));
#6412=CARTESIAN_POINT('Ctrl Pts',(15.4042328500172,-5.2,2.55607577077247));
#6413=CARTESIAN_POINT('Ctrl Pts',(15.3631871011838,-5.2,2.56600557663339));
#6414=CARTESIAN_POINT('Ctrl Pts',(15.32245596864,-5.2,2.57723582914205));
#6415=CARTESIAN_POINT('Ctrl Pts',(15.2821211210376,-5.2,2.5897440108892));
#6416=CARTESIAN_POINT('Ctrl Pts',(14.0894457318078,-6.46344250257397,-3.42883426694457));
#6417=CARTESIAN_POINT('Ctrl Pts',(14.0461463174904,-6.4756229035573,-3.60487179235784));
#6418=CARTESIAN_POINT('Ctrl Pts',(13.9997638782321,-6.48781145159708,-3.78014181943044));
#6419=CARTESIAN_POINT('Ctrl Pts',(13.9503250947042,-6.5,-3.95454545454546));
#6420=CARTESIAN_POINT('Ctrl Pts',(14.0628671076175,-6.30436253132379,-3.54493575996479));
#6421=CARTESIAN_POINT('Ctrl Pts',(14.0264850696314,-6.36957139988785,-3.68168286223347));
#6422=CARTESIAN_POINT('Ctrl Pts',(13.9889555054126,-6.43478569982288,-3.8182701748404));
#6423=CARTESIAN_POINT('Ctrl Pts',(13.9503250947042,-6.5,-3.95454545454546));
#6424=CARTESIAN_POINT('Ctrl Pts',(14.0362884834272,-6.14528256007362,-3.66103725298502));
#6425=CARTESIAN_POINT('Ctrl Pts',(14.0068238217725,-6.26351989621841,-3.7584939321091));
#6426=CARTESIAN_POINT('Ctrl Pts',(13.9781471325932,-6.38175994804868,-3.85639853025035));
#6427=CARTESIAN_POINT('Ctrl Pts',(13.9503250947042,-6.5,-3.95454545454546));
#6428=CARTESIAN_POINT('Ctrl Pts',(14.0097098592369,-5.98620258882345,-3.77713874600524));
#6429=CARTESIAN_POINT('Ctrl Pts',(13.9871625739136,-6.15746839254897,-3.83530500198473));
#6430=CARTESIAN_POINT('Ctrl Pts',(13.9673387597738,-6.32873419627448,-3.8945268856603));
#6431=CARTESIAN_POINT('Ctrl Pts',(13.9503250947042,-6.5,-3.95454545454546));
#6432=CARTESIAN_POINT('',(13.9503250947042,-6.5,-3.95454545454546));
#6433=CARTESIAN_POINT('Ctrl Pts',(14.0894457318078,-6.46344250257397,-3.42883426694457));
#6434=CARTESIAN_POINT('Ctrl Pts',(14.0461463174904,-6.4756229035573,-3.60487179235784));
#6435=CARTESIAN_POINT('Ctrl Pts',(13.9997638782321,-6.48781145159708,-3.78014181943044));
#6436=CARTESIAN_POINT('Ctrl Pts',(13.9503250947042,-6.5,-3.95454545454546));
#6437=CARTESIAN_POINT('Ctrl Pts',(13.9503250947042,-6.5,-3.95454545454546));
#6438=CARTESIAN_POINT('Ctrl Pts',(13.9673387597738,-6.32873419627448,-3.8945268856603));
#6439=CARTESIAN_POINT('Ctrl Pts',(13.9871625739136,-6.15746839254897,-3.83530500198473));
#6440=CARTESIAN_POINT('Ctrl Pts',(14.0097098592369,-5.98620258882345,-3.77713874600524));
#6441=CARTESIAN_POINT('Ctrl Pts',(14.0097098507978,-5.98620260583214,3.77713876777592));
#6442=CARTESIAN_POINT('Ctrl Pts',(13.9871625689666,-6.1574684038881,3.83530501676175));
#6443=CARTESIAN_POINT('Ctrl Pts',(13.9673387576511,-6.32873420194405,3.89452689314829));
#6444=CARTESIAN_POINT('Ctrl Pts',(13.9503250947042,-6.5,3.95454545454546));
#6445=CARTESIAN_POINT('Ctrl Pts',(14.0362884758078,-6.14528257727077,3.66103727478341));
#6446=CARTESIAN_POINT('Ctrl Pts',(14.006823817124,-6.26351990768579,3.75849394680859));
#6447=CARTESIAN_POINT('Ctrl Pts',(13.9781471304918,-6.38175995378237,3.85639853766329));
#6448=CARTESIAN_POINT('Ctrl Pts',(13.9503250947042,-6.5,3.95454545454546));
#6449=CARTESIAN_POINT('Ctrl Pts',(14.0628671008177,-6.3043625487094,3.5449357817909));
#6450=CARTESIAN_POINT('Ctrl Pts',(14.0264850652814,-6.36957141148348,3.68168287685543));
#6451=CARTESIAN_POINT('Ctrl Pts',(13.9889555033325,-6.43478570562069,3.81827018217829));
#6452=CARTESIAN_POINT('Ctrl Pts',(13.9503250947042,-6.5,3.95454545454545));
#6453=CARTESIAN_POINT('Ctrl Pts',(14.0894457258277,-6.46344252014802,3.42883428879839));
#6454=CARTESIAN_POINT('Ctrl Pts',(14.0461463134387,-6.47562291528117,3.60487180690227));
#6455=CARTESIAN_POINT('Ctrl Pts',(13.9997638761732,-6.48781145745902,3.78014182669329));
#6456=CARTESIAN_POINT('Ctrl Pts',(13.9503250947042,-6.5,3.95454545454545));
#6457=CARTESIAN_POINT('',(13.9503250947042,-6.5,3.95454545454545));
#6458=CARTESIAN_POINT('Ctrl Pts',(14.0097098507978,-5.98620260583214,3.77713876777592));
#6459=CARTESIAN_POINT('Ctrl Pts',(13.9871625689666,-6.1574684038881,3.83530501676175));
#6460=CARTESIAN_POINT('Ctrl Pts',(13.9673387576511,-6.32873420194405,3.89452689314829));
#6461=CARTESIAN_POINT('Ctrl Pts',(13.9503250947042,-6.5,3.95454545454546));
#6462=CARTESIAN_POINT('Ctrl Pts',(13.9503250947042,-6.5,3.95454545454545));
#6463=CARTESIAN_POINT('Ctrl Pts',(13.9997638761732,-6.48781145745902,3.78014182669329));
#6464=CARTESIAN_POINT('Ctrl Pts',(14.0461463134387,-6.47562291528117,3.60487180690227));
#6465=CARTESIAN_POINT('Ctrl Pts',(14.0894457258277,-6.46344252014802,3.42883428879839));
#6466=CARTESIAN_POINT('Origin',(17.137488656978,-5.5,-5.68058143513163E-16));
#6467=CARTESIAN_POINT('Origin',(-6.98089570935188E-17,-5.5,5.17865248023374E-18));
#6468=CARTESIAN_POINT('',(19.1,-5.5,-1.12743719246552E-16));
#6469=CARTESIAN_POINT('Origin',(18.,-5.5,2.19674286596573E-17));
#6470=CARTESIAN_POINT('Origin',(12.2805,-13.6,-15.516321));
#6471=CARTESIAN_POINT('',(11.0805,-13.75,-15.516321));
#6472=CARTESIAN_POINT('Origin',(12.2805,-13.75,-15.516321));
#6473=CARTESIAN_POINT('',(11.3805,-13.45,-15.516321));
#6474=CARTESIAN_POINT('',(11.2305,-13.6,-15.516321));
#6475=CARTESIAN_POINT('',(13.1805,-13.45,-15.516321));
#6476=CARTESIAN_POINT('Origin',(12.2805,-13.45,-15.516321));
#6477=CARTESIAN_POINT('Origin',(12.2805,-13.45,-15.516321));
#6478=CARTESIAN_POINT('Origin',(12.2805,-13.75,-15.516321));
#6479=CARTESIAN_POINT('',(14.0055768669705,-13.75,-14.1509969347895));
#6480=CARTESIAN_POINT('Origin',(12.2805,-13.75,-15.516321));
#6481=CARTESIAN_POINT('Origin',(12.2805,-3.,-15.516321));
#6482=CARTESIAN_POINT('',(13.1805,-3.,-15.516321));
#6483=CARTESIAN_POINT('Origin',(12.2805,-13.6,-15.516321));
#6484=CARTESIAN_POINT('',(14.123195744264,-13.6,-14.057906657616));
#6485=CARTESIAN_POINT('Origin',(-26.924,-13.6,-17.7735));
#6486=CARTESIAN_POINT('',(-28.1239999999999,-13.75,-17.7735));
#6487=CARTESIAN_POINT('Origin',(-26.924,-13.75,-17.7735));
#6488=CARTESIAN_POINT('',(-27.824,-13.45,-17.7735));
#6489=CARTESIAN_POINT('',(-27.974,-13.6,-17.7735));
#6490=CARTESIAN_POINT('',(-26.024,-13.45,-17.7735));
#6491=CARTESIAN_POINT('Origin',(-26.924,-13.45,-17.7735));
#6492=CARTESIAN_POINT('Origin',(-26.924,-13.45,-17.7735));
#6493=CARTESIAN_POINT('Origin',(-26.924,-13.75,-17.7735));
#6494=CARTESIAN_POINT('',(-28.1360267077679,-13.75,-15.9374740580109));
#6495=CARTESIAN_POINT('Origin',(-26.924,-13.75,-17.7735));
#6496=CARTESIAN_POINT('Origin',(-26.924,-3.,-17.7735));
#6497=CARTESIAN_POINT('',(-26.024,-3.,-17.7735));
#6498=CARTESIAN_POINT('Origin',(-26.924,-13.6,-17.7735));
#6499=CARTESIAN_POINT('',(-28.2186648923884,-13.6,-15.8122904710571));
#6500=CARTESIAN_POINT('Origin',(8.48528137423857,-8.6,-8.48528137423857));
#6501=CARTESIAN_POINT('',(8.48528137423857,-8.45,-6.98528137423857));
#6502=CARTESIAN_POINT('Origin',(8.48528137423857,-8.45,-8.48528137423857));
#6503=CARTESIAN_POINT('',(8.48528137423857,-8.75,-7.28528137423857));
#6504=CARTESIAN_POINT('',(8.48528137423857,-8.6,-7.13528137423857));
#6505=CARTESIAN_POINT('Origin',(8.48528137423857,-8.75,-8.48528137423857));
#6506=CARTESIAN_POINT('Origin',(8.48528137423857,-8.75,-8.48528137423857));
#6507=CARTESIAN_POINT('Origin',(8.48528137423857,-8.,-8.48528137423857));
#6508=CARTESIAN_POINT('',(8.48528137423857,-8.,-6.98528137423857));
#6509=CARTESIAN_POINT('Origin',(8.48528137423857,-13.6,8.48528137423857));
#6510=CARTESIAN_POINT('',(7.28528137423857,-13.75,8.48528137423857));
#6511=CARTESIAN_POINT('Origin',(8.48528137423857,-13.75,8.48528137423857));
#6512=CARTESIAN_POINT('',(6.98528137423857,-13.45,8.48528137423857));
#6513=CARTESIAN_POINT('',(7.13528137423857,-13.6,8.48528137423857));
#6514=CARTESIAN_POINT('Origin',(8.48528137423857,-13.45,8.48528137423857));
#6515=CARTESIAN_POINT('Origin',(8.48528137423857,-13.75,8.48528137423857));
#6516=CARTESIAN_POINT('Origin',(8.48528137423857,-8.,8.48528137423857));
#6517=CARTESIAN_POINT('',(6.98528137423857,-8.,8.48528137423857));
#6518=CARTESIAN_POINT('Origin',(12.2805,-13.6,11.153679));
#6519=CARTESIAN_POINT('',(13.4805,-13.75,11.153679));
#6520=CARTESIAN_POINT('Origin',(12.2805,-13.75,11.153679));
#6521=CARTESIAN_POINT('',(13.1805,-13.45,11.153679));
#6522=CARTESIAN_POINT('',(13.3305,-13.6,11.153679));
#6523=CARTESIAN_POINT('Origin',(12.2805,-13.45,11.153679));
#6524=CARTESIAN_POINT('Origin',(12.2805,-13.75,11.153679));
#6525=CARTESIAN_POINT('',(14.4805,-13.75,11.153679));
#6526=CARTESIAN_POINT('Origin',(12.2805,-13.75,11.153679));
#6527=CARTESIAN_POINT('Origin',(12.2805,-3.,11.153679));
#6528=CARTESIAN_POINT('',(13.1805,-3.,11.153679));
#6529=CARTESIAN_POINT('Origin',(12.2805,-13.6,11.153679));
#6530=CARTESIAN_POINT('',(14.7805,-13.45,11.153679));
#6531=CARTESIAN_POINT('',(14.6305,-13.6,11.153679));
#6532=CARTESIAN_POINT('Origin',(12.2805,-13.45,11.153679));
#6533=CARTESIAN_POINT('Origin',(12.2805,-3.,11.153679));
#6534=CARTESIAN_POINT('',(14.7805,-3.,11.153679));
#6535=CARTESIAN_POINT('',(10.3323703282919,-3.,12.7204561960973));
#6536=CARTESIAN_POINT('',(13.6531312120478,-3.,9.06420931711102));
#6537=CARTESIAN_POINT('Origin',(0.,-13.6,0.));
#6538=CARTESIAN_POINT('',(-1.2,-13.75,-1.46957615897682E-16));
#6539=CARTESIAN_POINT('Origin',(0.,-13.75,0.));
#6540=CARTESIAN_POINT('',(-1.05,-13.6,-1.28587913910472E-16));
#6541=CARTESIAN_POINT('Origin',(0.,-13.75,0.));
#6542=CARTESIAN_POINT('',(-2.2,-13.75,2.69422295812418E-16));
#6543=CARTESIAN_POINT('Origin',(0.,-13.75,0.));
#6544=CARTESIAN_POINT('Origin',(0.,-13.6,0.));
#6545=CARTESIAN_POINT('',(-2.5,-13.45,-3.06161699786838E-16));
#6546=CARTESIAN_POINT('',(-2.35,-13.6,-2.87791997799628E-16));
#6547=CARTESIAN_POINT('Origin',(0.,-13.45,0.));
#6548=CARTESIAN_POINT('Origin',(0.,-8.,0.));
#6549=CARTESIAN_POINT('',(-2.5,-8.,-3.06161699786838E-16));
#6550=CARTESIAN_POINT('Origin',(-8.48528137423857,-13.6,8.48528137423857));
#6551=CARTESIAN_POINT('',(-7.91389314187275,-13.45,9.87218998258804));
#6552=CARTESIAN_POINT('',(-7.91389314187275,-13.45,9.87218998258804));
#6553=CARTESIAN_POINT('',(-9.39408478803046,-13.45,9.67862807787512));
#6554=CARTESIAN_POINT('',(-9.57584547078884,-13.75,9.91729741860242));
#6555=CARTESIAN_POINT('Origin',(-8.48528137423857,-13.45,8.48528137423857));
#6556=CARTESIAN_POINT('Origin',(-7.53296765362887,-13.6,10.7967957214877));
#6557=CARTESIAN_POINT('Origin',(-7.53296765362887,-13.45,10.7967957214877));
#6558=CARTESIAN_POINT('Origin',(-9.99995373055839,-13.6,10.4741925469661));
#6559=CARTESIAN_POINT('Origin',(-9.99995373055839,-13.45,10.4741925469661));
#6560=CARTESIAN_POINT('Origin',(-8.48528137423857,-8.,8.48528137423857));
#6561=CARTESIAN_POINT('',(-9.39408478803046,-9.75,9.67862807787512));
#6562=CARTESIAN_POINT('',(-9.39408478803046,-8.,9.67862807787512));
#6563=CARTESIAN_POINT('',(-7.91389314187275,-9.75,9.87218998258804));
#6564=CARTESIAN_POINT('Origin',(-8.48528137423857,-9.75,8.48528137423857));
#6565=CARTESIAN_POINT('',(-7.91389314187275,-8.,9.87218998258804));
#6566=CARTESIAN_POINT('Origin',(-9.99995373055839,-8.,10.4741925469661));
#6567=CARTESIAN_POINT('',(-10.460908836146,-8.74999999999947,9.58676909075556));
#6568=CARTESIAN_POINT('Origin',(-9.99995373055839,-8.75,10.4741925469661));
#6569=CARTESIAN_POINT('',(-9.75792736719146,-9.75,9.50392287340349));
#6570=CARTESIAN_POINT('Ctrl Pts',(-9.75792736704238,-9.75,9.50392287344068));
#6571=CARTESIAN_POINT('Ctrl Pts',(-9.78111308306304,-9.75,9.49813937356728));
#6572=CARTESIAN_POINT('Ctrl Pts',(-9.84753356447109,-9.7438991125252,9.4841407464821));
#6573=CARTESIAN_POINT('Ctrl Pts',(-9.92523922469033,-9.71521304827561,9.47603949526709));
#6574=CARTESIAN_POINT('Ctrl Pts',(-10.0022217613242,-9.67087020086588,9.47342699768765));
#6575=CARTESIAN_POINT('Ctrl Pts',(-10.0702084113891,-9.61806768041964,9.47557342170299));
#6576=CARTESIAN_POINT('Ctrl Pts',(-10.1770067788557,-9.50509614338105,9.48744090602614));
#6577=CARTESIAN_POINT('Ctrl Pts',(-10.2924480082488,-9.32204843555631,9.51493500358712));
#6578=CARTESIAN_POINT('Ctrl Pts',(-10.3972833791105,-9.05279090880985,9.55480519667483));
#6579=CARTESIAN_POINT('Ctrl Pts',(-10.4440160287897,-8.85016898749647,9.5777369528963));
#6580=CARTESIAN_POINT('Ctrl Pts',(-10.4609692615666,-8.7499929578729,9.58657339460474));
#6581=CARTESIAN_POINT('Origin',(-9.99995373055839,-9.75,10.4741925469661));
#6582=CARTESIAN_POINT('Origin',(-9.99995373055839,-9.75,10.4741925469661));
#6583=CARTESIAN_POINT('',(-9.51590100370052,-8.75,8.53365319934371));
#6584=CARTESIAN_POINT('Origin',(-9.51590100382452,-9.75,8.53365319984084));
#6585=CARTESIAN_POINT('',(-8.78821584550254,-8.75,8.88306360878408));
#6586=CARTESIAN_POINT('Origin',(-9.99995373055839,-8.75,10.4741925469661));
#6587=CARTESIAN_POINT('Origin',(-8.78821584550254,-9.75,8.88306360878408));
#6588=CARTESIAN_POINT('Ctrl Pts',(-9.39408478803047,-9.75,9.67862807787512));
#6589=CARTESIAN_POINT('Ctrl Pts',(-8.70950841549581,-9.75,10.1999730838695));
#6590=CARTESIAN_POINT('Ctrl Pts',(-7.91389314187275,-9.75,9.87218998258804));
#6591=CARTESIAN_POINT('Ctrl Pts',(-9.39408478803047,-8.75,9.67862807787512));
#6592=CARTESIAN_POINT('Ctrl Pts',(-8.70950841549581,-8.75,10.1999730838695));
#6593=CARTESIAN_POINT('Ctrl Pts',(-7.91389314187275,-8.75,9.87218998258804));
#6594=CARTESIAN_POINT('Ctrl Pts',(-8.78821584550254,-8.75,8.88306360878408));
#6595=CARTESIAN_POINT('Ctrl Pts',(-8.56002372132432,-8.75,9.05684527744888));
#6596=CARTESIAN_POINT('Ctrl Pts',(-8.29481863011663,-8.75,8.94758424368839));
#6597=CARTESIAN_POINT('',(-8.29481863011663,-8.75,8.94758424368839));
#6598=CARTESIAN_POINT('Origin',(-8.29481863011663,-9.75,8.94758424368839));
#6599=CARTESIAN_POINT('Origin',(-8.48528137423857,-8.75,8.48528137423857));
#6600=CARTESIAN_POINT('Origin',(-7.53296765362887,-9.75,10.7967957214877));
#6601=CARTESIAN_POINT('',(-7.50175524033078,-8.75,8.79703928973365));
#6602=CARTESIAN_POINT('',(-7.51736144698194,-9.75,9.79691750574634));
#6603=CARTESIAN_POINT('Origin',(-7.50175524033502,-9.75,8.797039290005));
#6604=CARTESIAN_POINT('Origin',(-7.53296765362887,-9.75,10.7967957214877));
#6605=CARTESIAN_POINT('Origin',(-7.53296765362887,-8.75,10.7967957214877));
#6606=CARTESIAN_POINT('Ctrl Pts',(-9.51590100352636,-8.75,8.53365319991521));
#6607=CARTESIAN_POINT('Ctrl Pts',(-9.5317872314966,-8.75,8.52065538618513));
#6608=CARTESIAN_POINT('Ctrl Pts',(-9.57648271996469,-8.74796637084173,8.49212539483846));
#6609=CARTESIAN_POINT('Ctrl Pts',(-9.62817429358162,-8.73840434942521,8.47909169891134));
#6610=CARTESIAN_POINT('Ctrl Pts',(-9.67950686168265,-8.72362340028863,8.4753393751918));
#6611=CARTESIAN_POINT('Ctrl Pts',(-9.72484159100304,-8.70602256013988,8.47926147977769));
#6612=CARTESIAN_POINT('Ctrl Pts',(-9.79606673904667,-8.66836538112702,8.49667463178764));
#6613=CARTESIAN_POINT('Ctrl Pts',(-9.87271765750297,-8.60734947851877,8.53275185249847));
#6614=CARTESIAN_POINT('Ctrl Pts',(-9.95576821413981,-8.49899639166941,8.59035001163363));
#6615=CARTESIAN_POINT('Ctrl Pts',(-10.009676908309,-8.35091547540567,8.64212806062304));
#6616=CARTESIAN_POINT('Ctrl Pts',(-10.0117945518055,-8.22816768697319,8.64469862810493));
#6617=CARTESIAN_POINT('Ctrl Pts',(-10.003045996446,-8.16955100624432,8.63610128833908));
#6618=CARTESIAN_POINT('Ctrl Pts',(-9.58831512215464,-8.75,8.82395720737698));
#6619=CARTESIAN_POINT('Ctrl Pts',(-9.59754961415853,-8.74729689627,8.81434801833868));
#6620=CARTESIAN_POINT('Ctrl Pts',(-9.62166737369574,-8.74023670392856,8.79317479778707));
#6621=CARTESIAN_POINT('Ctrl Pts',(-9.64838781496883,-8.7329145263147,8.7813688780983));
#6622=CARTESIAN_POINT('Ctrl Pts',(-9.67751899364392,-8.72399652788862,8.77460480370215));
#6623=CARTESIAN_POINT('Ctrl Pts',(-9.70567311658202,-8.71412795258874,8.77264483463094));
#6624=CARTESIAN_POINT('Ctrl Pts',(-9.75685334993224,-8.69069023532935,8.77599431516669));
#6625=CARTESIAN_POINT('Ctrl Pts',(-9.82515394777336,-8.64469767324925,8.79091255861766));
#6626=CARTESIAN_POINT('Ctrl Pts',(-9.91598904287803,-8.54124933077343,8.82319656207335));
#6627=CARTESIAN_POINT('Ctrl Pts',(-9.98676478505832,-8.3734562385814,8.85880109969053));
#6628=CARTESIAN_POINT('Ctrl Pts',(-9.990321378973,-8.22331209458745,8.86127574870444));
#6629=CARTESIAN_POINT('Ctrl Pts',(-9.97873351633164,-8.15408034217618,8.85526252224578));
#6630=CARTESIAN_POINT('Ctrl Pts',(-9.71369537364167,-9.00109321930845,9.32659937374913));
#6631=CARTESIAN_POINT('Ctrl Pts',(-9.71940096893244,-8.99692511388888,9.32297556031629));
#6632=CARTESIAN_POINT('Ctrl Pts',(-9.73185437856838,-8.9862354974708,9.31409805274584));
#6633=CARTESIAN_POINT('Ctrl Pts',(-9.74349421162264,-8.97535683908953,9.30364251462986));
#6634=CARTESIAN_POINT('Ctrl Pts',(-9.75938224721305,-8.96230804166987,9.29168409317477));
#6635=CARTESIAN_POINT('Ctrl Pts',(-9.77771036807778,-8.94765778967141,9.28034205193134));
#6636=CARTESIAN_POINT('Ctrl Pts',(-9.818710931269,-8.91295675189061,9.26199537434313));
#6637=CARTESIAN_POINT('Ctrl Pts',(-9.88672153486082,-8.84334868724174,9.24563761462646));
#6638=CARTESIAN_POINT('Ctrl Pts',(-9.9900817901165,-8.68694932239796,9.24052791391075));
#6639=CARTESIAN_POINT('Ctrl Pts',(-10.077702684915,-8.43381022209379,9.25163519200613));
#6640=CARTESIAN_POINT('Ctrl Pts',(-10.0815637698674,-8.21007858227495,9.2527088266199));
#6641=CARTESIAN_POINT('Ctrl Pts',(-10.0671251433784,-8.10566333891263,9.25058000667703));
#6642=CARTESIAN_POINT('Ctrl Pts',(-9.75792736704238,-9.52560052474359,9.50392287344068));
#6643=CARTESIAN_POINT('Ctrl Pts',(-9.77474797942928,-9.52435901872645,9.49975039767293));
#6644=CARTESIAN_POINT('Ctrl Pts',(-9.82147124039383,-9.51690113191509,9.48928550114521));
#6645=CARTESIAN_POINT('Ctrl Pts',(-9.87483046040852,-9.49354498769317,9.48046361681936));
#6646=CARTESIAN_POINT('Ctrl Pts',(-9.92915024024256,-9.4585654005949,9.47375411742765));
#6647=CARTESIAN_POINT('Ctrl Pts',(-9.97858404067972,-9.41717063083926,9.46971151752243));
#6648=CARTESIAN_POINT('Ctrl Pts',(-10.0606037502172,-9.32761908896764,9.46766121167658));
#6649=CARTESIAN_POINT('Ctrl Pts',(-10.1578715001287,-9.17851475547666,9.4746631105505));
#6650=CARTESIAN_POINT('Ctrl Pts',(-10.2754301759473,-8.9039823802146,9.49750113391718));
#6651=CARTESIAN_POINT('Ctrl Pts',(-10.3607690133693,-8.51702900315274,9.52646584817446));
#6652=CARTESIAN_POINT('Ctrl Pts',(-10.3644870766102,-8.19217942108437,9.52848982947088));
#6653=CARTESIAN_POINT('Ctrl Pts',(-10.3505302669453,-8.03774191184741,9.52354284754445));
#6654=CARTESIAN_POINT('Ctrl Pts',(-9.75792736704238,-9.75,9.50392287344068));
#6655=CARTESIAN_POINT('Ctrl Pts',(-9.78111308306304,-9.75,9.49813937356728));
#6656=CARTESIAN_POINT('Ctrl Pts',(-9.84753356447109,-9.7438991125252,9.4841407464821));
#6657=CARTESIAN_POINT('Ctrl Pts',(-9.92523922469033,-9.71521304827561,9.47603949526709));
#6658=CARTESIAN_POINT('Ctrl Pts',(-10.0022217613242,-9.67087020086588,9.47342699768765));
#6659=CARTESIAN_POINT('Ctrl Pts',(-10.0702084113891,-9.61806768041964,9.47557342170299));
#6660=CARTESIAN_POINT('Ctrl Pts',(-10.1770067788557,-9.50509614338105,9.48744090602614));
#6661=CARTESIAN_POINT('Ctrl Pts',(-10.2924480082488,-9.32204843555631,9.51493500358712));
#6662=CARTESIAN_POINT('Ctrl Pts',(-10.4190097743891,-8.99698917500822,9.56306801453617));
#6663=CARTESIAN_POINT('Ctrl Pts',(-10.5028167501144,-8.55274642621701,9.60924353860469));
#6664=CARTESIAN_POINT('Ctrl Pts',(-10.5062040788989,-8.18450306091958,9.61166362038862));
#6665=CARTESIAN_POINT('Ctrl Pts',(-10.4925668564136,-8.00865301873296,9.60394412942369));
#6666=CARTESIAN_POINT('',(-9.99444534529089,-8.375,8.62778553338449));
#6667=CARTESIAN_POINT('',(-10.0501377393593,-8.12425275192716,9.06885642804601));
#6668=CARTESIAN_POINT('Ctrl Pts',(-9.99444534528973,-8.3750000000049,8.62778553338338));
#6669=CARTESIAN_POINT('Ctrl Pts',(-9.99450466240619,-8.3742996166449,8.6290809989893));
#6670=CARTESIAN_POINT('Ctrl Pts',(-9.99456409316046,-8.37359884908537,8.63037620359595));
#6671=CARTESIAN_POINT('Ctrl Pts',(-10.0036803621985,-8.26628018241169,8.82857985094505));
#6672=CARTESIAN_POINT('Ctrl Pts',(-10.0163664528171,-8.18983699922767,8.94944721163661));
#6673=CARTESIAN_POINT('Ctrl Pts',(-10.0487696881323,-8.12684354596811,9.06411934316549));
#6674=CARTESIAN_POINT('Ctrl Pts',(-10.0494458932985,-8.12555131229031,9.06647840912706));
#6675=CARTESIAN_POINT('Ctrl Pts',(-10.0501377393593,-8.12425275192716,9.06885642804601));
#6676=CARTESIAN_POINT('Ctrl Pts',(-9.99445716590603,-8.37497874774707,8.62761204113243));
#6677=CARTESIAN_POINT('Ctrl Pts',(-9.98296636309237,-8.4235448963972,8.61661041971536));
#6678=CARTESIAN_POINT('Ctrl Pts',(-9.95024615830874,-8.50620082014383,8.58652029316585));
#6679=CARTESIAN_POINT('Ctrl Pts',(-9.87271765750297,-8.60734947851877,8.53275185249847));
#6680=CARTESIAN_POINT('Ctrl Pts',(-9.79606673904667,-8.66836538112702,8.49667463178764));
#6681=CARTESIAN_POINT('Ctrl Pts',(-9.72484159100304,-8.70602256013988,8.47926147977769));
#6682=CARTESIAN_POINT('Ctrl Pts',(-9.67950686168265,-8.72362340028863,8.4753393751918));
#6683=CARTESIAN_POINT('Ctrl Pts',(-9.62817429358162,-8.73840434942521,8.47909169891134));
#6684=CARTESIAN_POINT('Ctrl Pts',(-9.57648271996469,-8.74796637084173,8.49212539483846));
#6685=CARTESIAN_POINT('Ctrl Pts',(-9.5317872314966,-8.75,8.52065538618513));
#6686=CARTESIAN_POINT('Ctrl Pts',(-9.51590100352636,-8.75,8.53365319991521));
#6687=CARTESIAN_POINT('Ctrl Pts',(-10.0713968177732,-8.75,9.27134369430552));
#6688=CARTESIAN_POINT('Ctrl Pts',(-10.0913626835976,-8.75,9.29460608731861));
#6689=CARTESIAN_POINT('Ctrl Pts',(-10.1123106574896,-8.75,9.31768916093768));
#6690=CARTESIAN_POINT('Ctrl Pts',(-10.2522753236726,-8.75,9.46209729729797));
#6691=CARTESIAN_POINT('Ctrl Pts',(-10.3650360195432,-8.75,9.53696979371108));
#6692=CARTESIAN_POINT('Ctrl Pts',(-10.4609088361458,-8.75,9.58676909075547));
#6693=CARTESIAN_POINT('Ctrl Pts',(-10.0501377393593,-8.12425275192716,9.06885642804601));
#6694=CARTESIAN_POINT('Ctrl Pts',(-10.0697667624369,-8.15223227321939,9.11396774282463));
#6695=CARTESIAN_POINT('Ctrl Pts',(-10.090467619312,-8.18424554904442,9.15651404687753));
#6696=CARTESIAN_POINT('Ctrl Pts',(-10.1330273097298,-8.25910079815554,9.23741335386818));
#6697=CARTESIAN_POINT('Ctrl Pts',(-10.15371793235,-8.30107329383773,9.27256978624417));
#6698=CARTESIAN_POINT('Ctrl Pts',(-10.1737632082159,-8.35948611729318,9.30714222380471));
#6699=CARTESIAN_POINT('Ctrl Pts',(-10.1790764307156,-8.3782587521212,9.31640239821857));
#6700=CARTESIAN_POINT('Ctrl Pts',(-10.1854207409934,-8.4141369374359,9.32904089361189));
#6701=CARTESIAN_POINT('Ctrl Pts',(-10.1870303271684,-8.43099982720423,9.33317182985839));
#6702=CARTESIAN_POINT('Ctrl Pts',(-10.1865819137518,-8.45379669354164,9.33567357872384));
#6703=CARTESIAN_POINT('Ctrl Pts',(-10.1862881815237,-8.45920419332933,9.3360471927975));
#6704=CARTESIAN_POINT('Ctrl Pts',(-10.1854721576278,-8.46821139297958,9.33629535621923));
#6705=CARTESIAN_POINT('Ctrl Pts',(-10.1850614092413,-8.4717925305537,9.33629518156419));
#6706=CARTESIAN_POINT('Ctrl Pts',(-10.1841210356698,-8.47855614553375,9.33610881657523));
#6707=CARTESIAN_POINT('Ctrl Pts',(-10.1836099638689,-8.48173181516161,9.33594271169503));
#6708=CARTESIAN_POINT('Ctrl Pts',(-10.1825920910517,-8.48730252179061,9.33551552721318));
#6709=CARTESIAN_POINT('Ctrl Pts',(-10.1821139189553,-8.4896996779241,9.33528675244103));
#6710=CARTESIAN_POINT('Ctrl Pts',(-10.1810248289921,-8.49474115585885,9.33471283941305));
#6711=CARTESIAN_POINT('Ctrl Pts',(-10.1804058045743,-8.49737910511159,9.33435788386736));
#6712=CARTESIAN_POINT('Ctrl Pts',(-10.1797429756981,-8.5,9.33395240309016));
#6713=CARTESIAN_POINT('Ctrl Pts',(-7.51736144706332,-9.75,9.79691750574507));
#6714=CARTESIAN_POINT('Ctrl Pts',(-7.49346845140969,-9.75,9.79729043018704));
#6715=CARTESIAN_POINT('Ctrl Pts',(-7.42582409685134,-9.74397544329141,9.80079980433217));
#6716=CARTESIAN_POINT('Ctrl Pts',(-7.3482777869739,-9.71501615091067,9.81305428349866));
#6717=CARTESIAN_POINT('Ctrl Pts',(-7.24427913260306,-9.65365049624551,9.83692236610895));
#6718=CARTESIAN_POINT('Ctrl Pts',(-7.13027882911686,-9.54245464242195,9.87716549232231));
#6719=CARTESIAN_POINT('Ctrl Pts',(-6.96055098474383,-9.24739213772478,9.96769757269415));
#6720=CARTESIAN_POINT('Ctrl Pts',(-6.8327137059679,-8.73712466006314,10.0799651107131));
#6721=CARTESIAN_POINT('Ctrl Pts',(-6.81820385717755,-8.24335959977556,10.0971171039583));
#6722=CARTESIAN_POINT('Ctrl Pts',(-6.83314403134589,-8.00865301873296,10.0824800365873));
#6723=CARTESIAN_POINT('Ctrl Pts',(-7.51736144706332,-9.45080069965812,9.79691750574507));
#6724=CARTESIAN_POINT('Ctrl Pts',(-7.50232898343621,-9.44909471690155,9.79722095063534));
#6725=CARTESIAN_POINT('Ctrl Pts',(-7.46153129448129,-9.441100605699,9.79864957154903));
#6726=CARTESIAN_POINT('Ctrl Pts',(-7.41556193606224,-9.41935343787936,9.80147908113795));
#6727=CARTESIAN_POINT('Ctrl Pts',(-7.35052127951863,-9.37541690272867,9.80708299419759));
#6728=CARTESIAN_POINT('Ctrl Pts',(-7.27113117011343,-9.29664732768378,9.81829056814487));
#6729=CARTESIAN_POINT('Ctrl Pts',(-7.12773257200006,-9.07530379758001,9.85543104399405));
#6730=CARTESIAN_POINT('Ctrl Pts',(-6.98944602346846,-8.66199267756536,9.9257126969766));
#6731=CARTESIAN_POINT('Ctrl Pts',(-6.97177421726223,-8.24395602047656,9.94016491658773));
#6732=CARTESIAN_POINT('Ctrl Pts',(-6.98859230970221,-8.04743820955223,9.93018549856082));
#6733=CARTESIAN_POINT('Ctrl Pts',(-7.51344305859373,-8.93273968707945,9.54586922856708));
#6734=CARTESIAN_POINT('Ctrl Pts',(-7.50735085314702,-8.92831806896664,9.54297285105963));
#6735=CARTESIAN_POINT('Ctrl Pts',(-7.4942855715151,-8.91745690827536,9.53576612900434));
#6736=CARTESIAN_POINT('Ctrl Pts',(-7.48185284036878,-8.90799111011298,9.52802464652645));
#6737=CARTESIAN_POINT('Ctrl Pts',(-7.45883738484898,-8.89355208362513,9.5176983664388));
#6738=CARTESIAN_POINT('Ctrl Pts',(-7.41821043245685,-8.86975545138836,9.50860888541406));
#6739=CARTESIAN_POINT('Ctrl Pts',(-7.30831624910013,-8.77453761944913,9.51395682732614));
#6740=CARTESIAN_POINT('Ctrl Pts',(-7.16788730369705,-8.52950092536849,9.56538084134053));
#6741=CARTESIAN_POINT('Ctrl Pts',(-7.14895143582948,-8.24518831847061,9.57758176461521));
#6742=CARTESIAN_POINT('Ctrl Pts',(-7.16656867443419,-8.11509843129789,9.56937881246312));
#6743=CARTESIAN_POINT('Ctrl Pts',(-7.50525726506182,-8.75,9.02141143693542));
#6744=CARTESIAN_POINT('Ctrl Pts',(-7.49195679840277,-8.74801424226695,9.01408607628589));
#6745=CARTESIAN_POINT('Ctrl Pts',(-7.45761533718335,-8.74235197145929,8.9993003269516));
#6746=CARTESIAN_POINT('Ctrl Pts',(-7.42216993036075,-8.7343577603422,8.99614217139699));
#6747=CARTESIAN_POINT('Ctrl Pts',(-7.3734333954566,-8.7199338299118,9.00057439636885));
#6748=CARTESIAN_POINT('Ctrl Pts',(-7.31614842575932,-8.69490290751848,9.0209878079823));
#6749=CARTESIAN_POINT('Ctrl Pts',(-7.21420753427779,-8.61474145486475,9.08131165277654));
#6750=CARTESIAN_POINT('Ctrl Pts',(-7.11758032193574,-8.43961791581348,9.17266323537244));
#6751=CARTESIAN_POINT('Ctrl Pts',(-7.10552169294159,-8.246879282119,9.18780699563188));
#6752=CARTESIAN_POINT('Ctrl Pts',(-7.11722161641134,-8.15794800819322,9.17546161979494));
#6753=CARTESIAN_POINT('Ctrl Pts',(-7.50175524049777,-8.75,8.79703929000246));
#6754=CARTESIAN_POINT('Ctrl Pts',(-7.4830611463496,-8.75,8.78856359518481));
#6755=CARTESIAN_POINT('Ctrl Pts',(-7.4326312954824,-8.74799181443047,8.77247088227779));
#6756=CARTESIAN_POINT('Ctrl Pts',(-7.37906810126323,-8.73833871697023,8.77320312215751));
#6757=CARTESIAN_POINT('Ctrl Pts',(-7.30902921145186,-8.7178834987485,8.78649475756172));
#6758=CARTESIAN_POINT('Ctrl Pts',(-7.23532899630941,-8.68081821414065,8.8222560753145));
#6759=CARTESIAN_POINT('Ctrl Pts',(-7.12986323746699,-8.58246404590826,8.90991940664276));
#6760=CARTESIAN_POINT('Ctrl Pts',(-7.05666564517268,-8.41237488668773,9.01929405578681));
#6761=CARTESIAN_POINT('Ctrl Pts',(-7.04900079660867,-8.24778653325851,9.03539806044876));
#6762=CARTESIAN_POINT('Ctrl Pts',(-7.05733420298546,-8.16955100624432,9.02130653318533));
#6763=CARTESIAN_POINT('',(-6.85932115729184,-8.74999999999947,10.0577420035667));
#6764=CARTESIAN_POINT('Ctrl Pts',(-6.85932115729199,-8.75,10.0577420035666));
#6765=CARTESIAN_POINT('Ctrl Pts',(-6.9961934593919,-8.75,9.93298307939184));
#6766=CARTESIAN_POINT('Ctrl Pts',(-7.08159532386892,-8.75,9.7960044232469));
#6767=CARTESIAN_POINT('Ctrl Pts',(-7.14276122939514,-8.75,9.67699696265772));
#6768=CARTESIAN_POINT('Ctrl Pts',(-7.14879686699425,-8.75,9.66485818497036));
#6769=CARTESIAN_POINT('Ctrl Pts',(-7.15462739091916,-8.75,9.65276419977575));
#6770=CARTESIAN_POINT('Ctrl Pts',(-6.85928003380773,-8.74998500848474,10.057579462244));
#6771=CARTESIAN_POINT('Ctrl Pts',(-6.8891098260201,-8.9619020374088,10.03048816011));
#6772=CARTESIAN_POINT('Ctrl Pts',(-6.96486846238145,-9.25489783468591,9.9653946492467));
#6773=CARTESIAN_POINT('Ctrl Pts',(-7.13027882911686,-9.54245464242195,9.87716549232231));
#6774=CARTESIAN_POINT('Ctrl Pts',(-7.24427913260306,-9.65365049624551,9.83692236610895));
#6775=CARTESIAN_POINT('Ctrl Pts',(-7.3482777869739,-9.71501615091067,9.81305428349866));
#6776=CARTESIAN_POINT('Ctrl Pts',(-7.42582409685134,-9.74397544329141,9.80079980433217));
#6777=CARTESIAN_POINT('Ctrl Pts',(-7.49346845140969,-9.75,9.79729043018704));
#6778=CARTESIAN_POINT('Ctrl Pts',(-7.51736144706332,-9.75,9.79691750574507));
#6779=CARTESIAN_POINT('',(-7.06350734616515,-8.375,9.01105883666175));
#6780=CARTESIAN_POINT('Ctrl Pts',(-7.50175524049777,-8.75,8.79703929000246));
#6781=CARTESIAN_POINT('Ctrl Pts',(-7.4830611463496,-8.75,8.78856359518481));
#6782=CARTESIAN_POINT('Ctrl Pts',(-7.4326312954824,-8.74799181443047,8.77247088227779));
#6783=CARTESIAN_POINT('Ctrl Pts',(-7.37906810126323,-8.73833871697023,8.77320312215751));
#6784=CARTESIAN_POINT('Ctrl Pts',(-7.30902921145186,-8.7178834987485,8.78649475756172));
#6785=CARTESIAN_POINT('Ctrl Pts',(-7.23532899630941,-8.68081821414065,8.8222560753145));
#6786=CARTESIAN_POINT('Ctrl Pts',(-7.12986323746699,-8.58246404590826,8.90991940664276));
#6787=CARTESIAN_POINT('Ctrl Pts',(-7.08205771625117,-8.47137841242178,8.98135224953062));
#6788=CARTESIAN_POINT('Ctrl Pts',(-7.06521744589361,-8.38516280508067,9.00800755962677));
#6789=CARTESIAN_POINT('Ctrl Pts',(-7.06346674471497,-8.37495909848054,9.01080686980255));
#6790=CARTESIAN_POINT('Ctrl Pts',(-7.12310422304849,-8.12425275192716,9.45161914937766));
#6791=CARTESIAN_POINT('Ctrl Pts',(-7.1231613277322,-8.12555140440233,9.44914301646499));
#6792=CARTESIAN_POINT('Ctrl Pts',(-7.12320818955743,-8.12684372947113,9.44668922392293));
#6793=CARTESIAN_POINT('Ctrl Pts',(-7.12499254349583,-8.18837011888705,9.33031580049434));
#6794=CARTESIAN_POINT('Ctrl Pts',(-7.10714099612237,-8.26315562415797,9.21236381651695));
#6795=CARTESIAN_POINT('Ctrl Pts',(-7.06616103582734,-8.36823430634439,9.02327166192531));
#6796=CARTESIAN_POINT('Ctrl Pts',(-7.06576210210078,-8.36925512553337,9.0214327222528));
#6797=CARTESIAN_POINT('Ctrl Pts',(-7.06502017237807,-8.37114996599571,9.01801567959481));
#6798=CARTESIAN_POINT('Ctrl Pts',(-7.06467733673873,-8.37202409821866,9.01643789091348));
#6799=CARTESIAN_POINT('Ctrl Pts',(-7.06405875629912,-8.37359884302529,9.01359293970113));
#6800=CARTESIAN_POINT('Ctrl Pts',(-7.06378313918961,-8.37429961491272,9.01232599734263));
#6801=CARTESIAN_POINT('Ctrl Pts',(-7.06350734616646,-8.37500000000765,9.01105883665961));
#6802=CARTESIAN_POINT('Origin',(-8.87513728502135,-8.5,11.4665573810113));
#6803=CARTESIAN_POINT('Ctrl Pts',(-10.4402727760614,-8.,8.90719205056569));
#6804=CARTESIAN_POINT('Ctrl Pts',(-10.439090501116,-8.,8.90769846297048));
#6805=CARTESIAN_POINT('Ctrl Pts',(-10.4379081787391,-8.00000330018514,8.90820476549219));
#6806=CARTESIAN_POINT('Ctrl Pts',(-10.3814748170557,-8.00031802186856,8.9323648237828));
#6807=CARTESIAN_POINT('Ctrl Pts',(-10.3260798536147,-8.00781919490702,8.9557893782981));
#6808=CARTESIAN_POINT('Ctrl Pts',(-10.2181305636565,-8.03601263438728,9.00079569137623));
#6809=CARTESIAN_POINT('Ctrl Pts',(-10.1652463617918,-8.05681598067609,9.0225109286605));
#6810=CARTESIAN_POINT('Ctrl Pts',(-10.0931136295569,-8.09599490739819,9.05167308605141));
#6811=CARTESIAN_POINT('Ctrl Pts',(-10.071243058392,-8.10947130422073,9.06044886930084));
#6812=CARTESIAN_POINT('Ctrl Pts',(-10.0501377393593,-8.12425275192716,9.06885642804602));
#6813=CARTESIAN_POINT('Origin',(-7.53296765362887,-8.,10.7967957214877));
#6814=CARTESIAN_POINT('Origin',(-7.53296765362887,-8.75,10.7967957214877));
#6815=CARTESIAN_POINT('Origin',(-8.48528137423857,-8.75,8.48528137423857));
#6816=CARTESIAN_POINT('Origin',(-8.48528137423857,-8.75,8.48528137423857));
#6817=CARTESIAN_POINT('',(-8.35045047014651,-8.75,7.46237508278549));
#6818=CARTESIAN_POINT('Ctrl Pts',(-8.35045047014651,-8.75,7.46237508278549));
#6819=CARTESIAN_POINT('Ctrl Pts',(-8.61124009318131,-8.75,7.42799998807211));
#6820=CARTESIAN_POINT('Ctrl Pts',(-9.07128041335294,-8.75,7.54785762832733));
#6821=CARTESIAN_POINT('Ctrl Pts',(-9.45897628064629,-8.75,8.0343191132217));
#6822=CARTESIAN_POINT('Ctrl Pts',(-9.52326964256091,-8.75,8.37333050905455));
#6823=CARTESIAN_POINT('Ctrl Pts',(-9.51587606841616,-8.75,8.5336961132993));
#6824=CARTESIAN_POINT('Ctrl Pts',(-7.50177182098142,-8.75,8.79704727667685));
#6825=CARTESIAN_POINT('Ctrl Pts',(-7.45331695923403,-8.75,8.64392845385168));
#6826=CARTESIAN_POINT('Ctrl Pts',(-7.42764014043961,-8.75,8.29986493815247));
#6827=CARTESIAN_POINT('Ctrl Pts',(-7.67817881070191,-8.75,7.73007052688218));
#6828=CARTESIAN_POINT('Ctrl Pts',(-8.08966089608789,-8.75,7.49675017104324));
#6829=CARTESIAN_POINT('Ctrl Pts',(-8.35045047014651,-8.75,7.46237508278549));
#6830=CARTESIAN_POINT('Origin',(-8.48528137423857,-8.75,8.48528137423857));
#6831=CARTESIAN_POINT('Ctrl Pts',(-8.35045047014651,-8.75,7.46237508278549));
#6832=CARTESIAN_POINT('Ctrl Pts',(-8.61124009318131,-8.75,7.42799998807211));
#6833=CARTESIAN_POINT('Ctrl Pts',(-9.07128041335294,-8.75,7.54785762832733));
#6834=CARTESIAN_POINT('Ctrl Pts',(-9.46941811061045,-8.75,8.04742100193885));
#6835=CARTESIAN_POINT('Ctrl Pts',(-9.52910172475678,-8.75,8.40610070346747));
#6836=CARTESIAN_POINT('Ctrl Pts',(-9.51246638101249,-8.75,8.58227423815882));
#6837=CARTESIAN_POINT('Ctrl Pts',(-8.33609605091764,-8.75,7.35347404234343));
#6838=CARTESIAN_POINT('Ctrl Pts',(-8.62467092249106,-8.75,7.31543652985808));
#6839=CARTESIAN_POINT('Ctrl Pts',(-9.133656483887,-8.75,7.44799999616657));
#6840=CARTESIAN_POINT('Ctrl Pts',(-9.57421857045583,-8.75,8.00079349473725));
#6841=CARTESIAN_POINT('Ctrl Pts',(-9.6402306630083,-8.75,8.39765677861308));
#6842=CARTESIAN_POINT('Ctrl Pts',(-9.62182294367988,-8.75,8.59260032949741));
#6843=CARTESIAN_POINT('Ctrl Pts',(-8.30745008061326,-8.67479906094924,7.13614891613112));
#6844=CARTESIAN_POINT('Ctrl Pts',(-8.6513715586837,-8.67479906094924,7.09081607947504));
#6845=CARTESIAN_POINT('Ctrl Pts',(-9.25818800330048,-8.67479906094924,7.24900125527591));
#6846=CARTESIAN_POINT('Ctrl Pts',(-9.78322926720337,-8.67479906094924,7.90780045854094));
#6847=CARTESIAN_POINT('Ctrl Pts',(-9.86199530817144,-8.67479906094924,8.38087495044358));
#6848=CARTESIAN_POINT('Ctrl Pts',(-9.84005711928889,-8.67479906094924,8.61320728691793));
#6849=CARTESIAN_POINT('Ctrl Pts',(-8.29077329607412,-8.48135503320583,7.00962905081411));
#6850=CARTESIAN_POINT('Ctrl Pts',(-8.66710995500998,-8.48135503320583,6.96002351764721));
#6851=CARTESIAN_POINT('Ctrl Pts',(-9.33058649431007,-8.48135503320583,7.13262015011053));
#6852=CARTESIAN_POINT('Ctrl Pts',(-9.90515799522579,-8.48135503320583,7.85355311286785));
#6853=CARTESIAN_POINT('Ctrl Pts',(-9.99111210490536,-8.48135503320583,8.37097395849822));
#6854=CARTESIAN_POINT('Ctrl Pts',(-9.96710620462405,-8.48135503320583,8.62520401054984));
#6855=CARTESIAN_POINT('Ctrl Pts',(-8.2871846912669,-8.375,6.9824037907036));
#6856=CARTESIAN_POINT('Ctrl Pts',(-8.67034283757254,-8.375,6.93189910644436));
#6857=CARTESIAN_POINT('Ctrl Pts',(-9.34624471684054,-8.375,7.10799672385085));
#6858=CARTESIAN_POINT('Ctrl Pts',(-9.93119783069669,-8.375,7.84196678741288));
#6859=CARTESIAN_POINT('Ctrl Pts',(-10.0188863771005,-8.375,8.3689473012688));
#6860=CARTESIAN_POINT('Ctrl Pts',(-9.99444534529089,-8.375,8.62778553338449));
#6861=CARTESIAN_POINT('',(-8.2871846912669,-8.375,6.9824037907036));
#6862=CARTESIAN_POINT('Ctrl Pts',(-9.99444534529089,-8.375,8.62778553338449));
#6863=CARTESIAN_POINT('Ctrl Pts',(-10.0188863771005,-8.375,8.3689473012688));
#6864=CARTESIAN_POINT('Ctrl Pts',(-9.97504210389861,-8.375,8.10545704434084));
#6865=CARTESIAN_POINT('Ctrl Pts',(-9.86955523674677,-8.375,7.86885904965371));
#6866=CARTESIAN_POINT('Ctrl Pts',(-9.76406836959493,-8.375,7.63226105496659));
#6867=CARTESIAN_POINT('Ctrl Pts',(-9.59693890849317,-8.375,7.4225553225203));
#6868=CARTESIAN_POINT('Ctrl Pts',(-9.38851693114924,-8.375,7.26855626426748));
#6869=CARTESIAN_POINT('Ctrl Pts',(-9.07588396513334,-8.375,7.03755767688826));
#6870=CARTESIAN_POINT('Ctrl Pts',(-8.67034283757254,-8.375,6.93189910644436));
#6871=CARTESIAN_POINT('Ctrl Pts',(-8.2871846912669,-8.375,6.9824037907036));
#6872=CARTESIAN_POINT('Origin',(-8.35045047014651,-8.25,7.46237508278549));
#6873=CARTESIAN_POINT('Ctrl Pts',(-7.51757674262108,-8.75,8.84314224069176));
#6874=CARTESIAN_POINT('Ctrl Pts',(-7.45617199770713,-8.75,8.67709542857326));
#6875=CARTESIAN_POINT('Ctrl Pts',(-7.420890979526,-8.75,8.31521440163174));
#6876=CARTESIAN_POINT('Ctrl Pts',(-7.67817881070191,-8.75,7.73007052688218));
#6877=CARTESIAN_POINT('Ctrl Pts',(-8.08966089608789,-8.75,7.49675017104324));
#6878=CARTESIAN_POINT('Ctrl Pts',(-8.35045047014651,-8.75,7.46237508278549));
#6879=CARTESIAN_POINT('Ctrl Pts',(-7.41455260238039,-8.75,8.88124096099085));
#6880=CARTESIAN_POINT('Ctrl Pts',(-7.34660562591969,-8.75,8.69750306174216));
#6881=CARTESIAN_POINT('Ctrl Pts',(-7.30754444519026,-8.75,8.2971042134315));
#6882=CARTESIAN_POINT('Ctrl Pts',(-7.59224857113896,-8.75,7.64961097520801));
#6883=CARTESIAN_POINT('Ctrl Pts',(-8.04752123353845,-8.75,7.39151154768536));
#6884=CARTESIAN_POINT('Ctrl Pts',(-8.33609605091764,-8.75,7.35347404234343));
#6885=CARTESIAN_POINT('Ctrl Pts',(-7.20894964338154,-8.67480717381585,8.95727372000502));
#6886=CARTESIAN_POINT('Ctrl Pts',(-7.12797092043394,-8.67480717381585,8.73829619939616));
#6887=CARTESIAN_POINT('Ctrl Pts',(-7.08148487724419,-8.67480717381585,8.26098416509826));
#6888=CARTESIAN_POINT('Ctrl Pts',(-7.42078020993092,-8.67480717381585,7.48932683391508));
#6889=CARTESIAN_POINT('Ctrl Pts',(-7.96352784590419,-8.67480717381585,7.1814755139648));
#6890=CARTESIAN_POINT('Ctrl Pts',(-8.30744925938634,-8.67480717381585,7.13614268582221));
#6891=CARTESIAN_POINT('Ctrl Pts',(-7.08926338122532,-8.48135503320583,9.00153415658698));
#6892=CARTESIAN_POINT('Ctrl Pts',(-7.00065227670817,-8.48135503320583,8.76191763437862));
#6893=CARTESIAN_POINT('Ctrl Pts',(-6.949618362784,-8.48135503320583,8.23991607616271));
#6894=CARTESIAN_POINT('Ctrl Pts',(-7.32092530213048,-8.48135503320583,7.39547763655137));
#6895=CARTESIAN_POINT('Ctrl Pts',(-7.91443670781411,-8.48135503320583,7.05923457466512));
#6896=CARTESIAN_POINT('Ctrl Pts',(-8.29077329607412,-8.48135503320583,7.00962905081411));
#6897=CARTESIAN_POINT('Ctrl Pts',(-7.06350734616515,-8.375,9.01105883666175));
#6898=CARTESIAN_POINT('Ctrl Pts',(-6.97329007462724,-8.375,8.76709901958423));
#6899=CARTESIAN_POINT('Ctrl Pts',(-6.9214543866549,-8.375,8.23541504438407));
#6900=CARTESIAN_POINT('Ctrl Pts',(-7.29946761936395,-8.375,7.37570812904709));
#6901=CARTESIAN_POINT('Ctrl Pts',(-7.90402661691819,-8.375,7.03290846547808));
#6902=CARTESIAN_POINT('Ctrl Pts',(-8.2871846912669,-8.375,6.9824037907036));
#6903=CARTESIAN_POINT('Ctrl Pts',(-8.2871846912669,-8.375,6.9824037907036));
#6904=CARTESIAN_POINT('Ctrl Pts',(-8.23888884459225,-8.375,6.9887697430156));
#6905=CARTESIAN_POINT('Ctrl Pts',(-8.19080346990289,-8.375,6.99762070659724));
#6906=CARTESIAN_POINT('Ctrl Pts',(-8.14326239362148,-8.375,7.00883178141456));
#6907=CARTESIAN_POINT('Ctrl Pts',(-8.10206361453672,-8.375,7.01854722395035));
#6908=CARTESIAN_POINT('Ctrl Pts',(-8.06127385412569,-8.375,7.03003402098816));
#6909=CARTESIAN_POINT('Ctrl Pts',(-8.02110318316838,-8.375,7.04317996141427));
#6910=CARTESIAN_POINT('Ctrl Pts',(-8.0072890793778,-8.375,7.04770065726384));
#6911=CARTESIAN_POINT('Ctrl Pts',(-7.99354810284964,-8.375,7.05241732475702));
#6912=CARTESIAN_POINT('Ctrl Pts',(-7.97988849165921,-8.375,7.05732469006984));
#6913=CARTESIAN_POINT('Ctrl Pts',(-7.9682691005505,-8.375,7.06149908391517));
#6914=CARTESIAN_POINT('Ctrl Pts',(-7.9567115405005,-8.375,7.06581017413138));
#6915=CARTESIAN_POINT('Ctrl Pts',(-7.94519682936744,-8.375,7.07026420020827));
#6916=CARTESIAN_POINT('Ctrl Pts',(-7.89538491936236,-8.375,7.08953203450635));
#6917=CARTESIAN_POINT('Ctrl Pts',(-7.84646583051984,-8.375,7.11144806640132));
#6918=CARTESIAN_POINT('Ctrl Pts',(-7.79881912106963,-8.375,7.13581528317447));
#6919=CARTESIAN_POINT('Ctrl Pts',(-7.77482429367682,-8.375,7.14808658516492));
#6920=CARTESIAN_POINT('Ctrl Pts',(-7.75115186720711,-8.375,7.16097875872652));
#6921=CARTESIAN_POINT('Ctrl Pts',(-7.72784801821072,-8.375,7.17446222228916));
#6922=CARTESIAN_POINT('Ctrl Pts',(-7.70704960460654,-8.375,7.1864960563582));
#6923=CARTESIAN_POINT('Ctrl Pts',(-7.68654476598408,-8.375,7.19900082702555));
#6924=CARTESIAN_POINT('Ctrl Pts',(-7.66636495746608,-8.375,7.21195371561203));
#6925=CARTESIAN_POINT('Ctrl Pts',(-7.65965816685968,-8.375,7.21625862818937));
#6926=CARTESIAN_POINT('Ctrl Pts',(-7.65297947634274,-8.375,7.22061801708524));
#6927=CARTESIAN_POINT('Ctrl Pts',(-7.64632904022381,-8.375,7.22503218372153));
#6928=CARTESIAN_POINT('Ctrl Pts',(-7.60426548388842,-8.375,7.25295148760763));
#6929=CARTESIAN_POINT('Ctrl Pts',(-7.56335123498365,-8.375,7.28305494433268));
#6930=CARTESIAN_POINT('Ctrl Pts',(-7.52394761101658,-8.375,7.31517682196315));
#6931=CARTESIAN_POINT('Ctrl Pts',(-7.48475947090875,-8.375,7.34712303691437));
#6932=CARTESIAN_POINT('Ctrl Pts',(-7.44706624816835,-8.375,7.38106520324652));
#6933=CARTESIAN_POINT('Ctrl Pts',(-7.41119612908158,-8.375,7.41679681969501));
#6934=CARTESIAN_POINT('Ctrl Pts',(-7.37595839038658,-8.375,7.45189849751538));
#6935=CARTESIAN_POINT('Ctrl Pts',(-7.34248065024835,-8.375,7.48872656097156));
#6936=CARTESIAN_POINT('Ctrl Pts',(-7.31103758941562,-8.375,7.52705054955957));
#6937=CARTESIAN_POINT('Ctrl Pts',(-7.30698909334549,-8.375,7.53198500928077));
#6938=CARTESIAN_POINT('Ctrl Pts',(-7.30297427111563,-8.375,7.53694422713275));
#6939=CARTESIAN_POINT('Ctrl Pts',(-7.29899365627601,-8.375,7.54192767539127));
#6940=CARTESIAN_POINT('Ctrl Pts',(-7.27928100129106,-8.375,7.56660652529605));
#6941=CARTESIAN_POINT('Ctrl Pts',(-7.2604078274466,-8.375,7.5918798537417));
#6942=CARTESIAN_POINT('Ctrl Pts',(-7.24240506907134,-8.375,7.61765188574717));
#6943=CARTESIAN_POINT('Ctrl Pts',(-7.21264049940696,-8.375,7.66026165842918));
#6944=CARTESIAN_POINT('Ctrl Pts',(-7.18497199222377,-8.37500000000007,7.70464478535074));
#6945=CARTESIAN_POINT('Ctrl Pts',(-7.15961750423195,-8.37500047549437,7.75045308389871));
#6946=CARTESIAN_POINT('Ctrl Pts',(-7.13406491704478,-8.37500095470379,7.79661929095918));
#6947=CARTESIAN_POINT('Ctrl Pts',(-7.11086308815219,-8.37500191686725,7.84423221176998));
#6948=CARTESIAN_POINT('Ctrl Pts',(-7.09019255270107,-8.3750038487071,7.89290323045702));
#6949=CARTESIAN_POINT('Ctrl Pts',(-7.06962624770247,-8.37500577080571,7.94132882723355));
#6950=CARTESIAN_POINT('Ctrl Pts',(-7.05156608060568,-8.37500865282727,7.99080098403969));
#6951=CARTESIAN_POINT('Ctrl Pts',(-7.03614242553734,-8.37501297415212,8.04091811752326));
#6952=CARTESIAN_POINT('Ctrl Pts',(-7.02458997589142,-8.37501621086141,8.07845627941821));
#6953=CARTESIAN_POINT('Ctrl Pts',(-7.01451569620181,-8.37502025503962,8.11635581908321));
#6954=CARTESIAN_POINT('Ctrl Pts',(-7.0059553122256,-8.37502530811187,8.15444554705753));
#6955=CARTESIAN_POINT('Ctrl Pts',(-6.99919336087416,-8.37502929959506,8.18453308615244));
#6956=CARTESIAN_POINT('Ctrl Pts',(-6.99333438913779,-8.37503140249719,8.21492053152457));
#6957=CARTESIAN_POINT('Ctrl Pts',(-6.98842335435248,-8.37503211326821,8.24552205153141));
#6958=CARTESIAN_POINT('Ctrl Pts',(-6.9806284795069,-8.3750332414156,8.29409328528671));
#6959=CARTESIAN_POINT('Ctrl Pts',(-6.97522450722933,-8.37503086242669,8.34320420566017));
#6960=CARTESIAN_POINT('Ctrl Pts',(-6.97224053466103,-8.37502696130923,8.39250735661688));
#6961=CARTESIAN_POINT('Ctrl Pts',(-6.96923988716804,-8.37502303839168,8.44208602161087));
#6962=CARTESIAN_POINT('Ctrl Pts',(-6.96868636289567,-8.37501757627923,8.49185827906746));
#6963=CARTESIAN_POINT('Ctrl Pts',(-6.97055706317984,-8.37501259346424,8.54146498985672));
#6964=CARTESIAN_POINT('Ctrl Pts',(-6.9724248529306,-8.37500761840177,8.59099451992883));
#6965=CARTESIAN_POINT('Ctrl Pts',(-6.97670922270204,-8.37500312114867,8.64035822164929));
#6966=CARTESIAN_POINT('Ctrl Pts',(-6.9833360925038,-8.37500111084712,8.68920481001746));
#6967=CARTESIAN_POINT('Ctrl Pts',(-6.98567968494265,-8.37500039990401,8.70647940550332));
#6968=CARTESIAN_POINT('Ctrl Pts',(-6.98831578969551,-8.375,8.72368943963416));
#6969=CARTESIAN_POINT('Ctrl Pts',(-6.99123963562061,-8.375,8.74081984490967));
#6970=CARTESIAN_POINT('Ctrl Pts',(-6.99952409077394,-8.375,8.78935731162256));
#6971=CARTESIAN_POINT('Ctrl Pts',(-7.0102020805929,-8.375,8.83772739084494));
#6972=CARTESIAN_POINT('Ctrl Pts',(-7.0232671700301,-8.375,8.88556927357673));
#6973=CARTESIAN_POINT('Ctrl Pts',(-7.03482568584566,-8.375,8.92789436908098));
#6974=CARTESIAN_POINT('Ctrl Pts',(-7.04825176068789,-8.375,8.96980565111314));
#6975=CARTESIAN_POINT('Ctrl Pts',(-7.06350734616514,-8.375,9.01105883666174));
#6976=CARTESIAN_POINT('Origin',(-8.48528137423857,-8.5,8.48528137423857));
#6977=CARTESIAN_POINT('Origin',(0.,-6.5,0.));
#6978=CARTESIAN_POINT('Origin',(0.,-6.5,0.));
#6979=CARTESIAN_POINT('Origin',(15.8745078663875,-3.,-4.5));
#6980=CARTESIAN_POINT('',(13.9503250947042,-3.,-3.95454545454545));
#6981=CARTESIAN_POINT('Origin',(15.8745078663875,-3.,4.5));
#6982=CARTESIAN_POINT('',(13.9503250947042,-3.,3.95454545454545));
#6983=CARTESIAN_POINT('',(15.8745078663875,-5.0701586799882,2.5));
#6984=CARTESIAN_POINT('',(15.8745078663875,-3.,2.5));
#6985=CARTESIAN_POINT('Ctrl Pts',(15.8745078663875,-5.0701586799882,2.5));
#6986=CARTESIAN_POINT('Ctrl Pts',(15.7272689774956,-4.92471239370705,2.5));
#6987=CARTESIAN_POINT('Ctrl Pts',(15.5751927918994,-4.77706375032446,2.51646500822096));
#6988=CARTESIAN_POINT('Ctrl Pts',(15.1646552695182,-4.38751030523824,2.61132431961535));
#6989=CARTESIAN_POINT('Ctrl Pts',(14.9083496566415,-4.15421320239199,2.72657823588337));
#6990=CARTESIAN_POINT('Ctrl Pts',(14.5746707310305,-3.87466380169042,2.97398771705299));
#6991=CARTESIAN_POINT('Ctrl Pts',(14.4635873238257,-3.78600354475167,3.07397581431697));
#6992=CARTESIAN_POINT('Ctrl Pts',(14.3617410534233,-3.71213203435597,3.1917429267938));
#6993=CARTESIAN_POINT('Origin',(0.,-3.,0.));
#6994=CARTESIAN_POINT('',(12.9632075536029,-3.,6.49655677433925));
#6995=CARTESIAN_POINT('Origin',(18.,-3.,3.49140598602417E-17));
#6996=CARTESIAN_POINT('',(19.1,-3.,1.69625207766451E-16));
#6997=CARTESIAN_POINT('Origin',(18.,-3.,2.5));
#6998=CARTESIAN_POINT('Ctrl Pts',(14.5873232637109,-3.8,2.5));
#6999=CARTESIAN_POINT('Ctrl Pts',(15.2044348347082,-4.40824364702129,2.5));
#7000=CARTESIAN_POINT('Ctrl Pts',(15.8745078663875,-5.0701586799882,2.5));
#7001=CARTESIAN_POINT('Origin',(0.,-3.25,0.));
#7002=CARTESIAN_POINT('Origin',(14.751236181686,-3.,7.39263357079983));
#7003=CARTESIAN_POINT('Origin',(8.77386659092539,-3.,13.9738779529751));
#7004=CARTESIAN_POINT('Origin',(-7.46250000000002,-3.,2.09999999999217));
#7005=CARTESIAN_POINT('',(-7.46250000000002,-3.,2.09999999999217));
#7006=CARTESIAN_POINT('Origin',(11.6625,-3.,2.10000000000007));
#7007=CARTESIAN_POINT('',(11.6624999999995,-3.,-2.10000000000093));
#7008=CARTESIAN_POINT('Origin',(-3.18198051533946,-11.,-3.18198051533946));
#7009=CARTESIAN_POINT('',(-3.18198051533946,-11.,-5.18198051533946));
#7010=CARTESIAN_POINT('Origin',(3.18198051533946,-11.,-3.18198051533946));
#7011=CARTESIAN_POINT('',(5.18198051533946,-11.,-3.18198051533946));
#7012=CARTESIAN_POINT('Origin',(3.18198051533946,-11.,3.18198051533946));
#7013=CARTESIAN_POINT('',(3.18198051533946,-11.,5.18198051533946));
#7014=CARTESIAN_POINT('Origin',(-3.18198051533946,-11.,3.18198051533946));
#7015=CARTESIAN_POINT('',(-5.18198051533946,-11.,3.18198051533946));
#7016=CARTESIAN_POINT('Origin',(-2.0999999999994,-3.,-11.6624999999995));
#7017=CARTESIAN_POINT('',(-2.0999999999994,-3.,-11.6624999999995));
#7018=CARTESIAN_POINT('Origin',(2.09999999999998,-3.,-11.6624999999995));
#7019=CARTESIAN_POINT('Origin',(-11.6625,-3.,2.10000000000006));
#7020=CARTESIAN_POINT('Origin',(11.6624999999995,-3.,-2.10000000000093));
#7021=CARTESIAN_POINT('Origin',(-2.09999999999987,-3.,7.46249999999972));
#7022=CARTESIAN_POINT('',(-2.09999999999987,-3.,7.46249999999972));
#7023=CARTESIAN_POINT('Origin',(2.09999999999206,-3.,7.46249999999265));
#7024=UNCERTAINTY_MEASURE_WITH_UNIT(LENGTH_MEASURE(0.01),#7028,
'DISTANCE_ACCURACY_VALUE',
'Maximum model space distance between geometric entities at asserted c
onnectivities');
#7025=UNCERTAINTY_MEASURE_WITH_UNIT(LENGTH_MEASURE(0.01),#7028,
'DISTANCE_ACCURACY_VALUE',
'Maximum model space distance between geometric entities at asserted c
onnectivities');
#7026=(
GEOMETRIC_REPRESENTATION_CONTEXT(3)
GLOBAL_UNCERTAINTY_ASSIGNED_CONTEXT((#7024))
GLOBAL_UNIT_ASSIGNED_CONTEXT((#7028,#7030,#7031))
REPRESENTATION_CONTEXT('','3D')
);
#7027=(
GEOMETRIC_REPRESENTATION_CONTEXT(3)
GLOBAL_UNCERTAINTY_ASSIGNED_CONTEXT((#7025))
GLOBAL_UNIT_ASSIGNED_CONTEXT((#7028,#7030,#7031))
REPRESENTATION_CONTEXT('','3D')
);
#7028=(
LENGTH_UNIT()
NAMED_UNIT(*)
SI_UNIT(.MILLI.,.METRE.)
);
#7029=(
LENGTH_UNIT()
NAMED_UNIT(*)
SI_UNIT($,.METRE.)
);
#7030=(
NAMED_UNIT(*)
PLANE_ANGLE_UNIT()
SI_UNIT($,.RADIAN.)
);
#7031=(
NAMED_UNIT(*)
SI_UNIT($,.STERADIAN.)
SOLID_ANGLE_UNIT()
);
#7032=SHAPE_DEFINITION_REPRESENTATION(#7033,#7034);
#7033=PRODUCT_DEFINITION_SHAPE('',$,#7036);
#7034=SHAPE_REPRESENTATION('',(#3168),#7026);
#7035=PRODUCT_DEFINITION_CONTEXT('part definition',#7040,'design');
#7036=PRODUCT_DEFINITION('2026-08-13-17-46-02-526','DPADSpacer',#7037,#7035);
#7037=PRODUCT_DEFINITION_FORMATION('',$,#7042);
#7038=PRODUCT_RELATED_PRODUCT_CATEGORY('DPADSpacer','DPADSpacer',(#7042));
#7039=APPLICATION_PROTOCOL_DEFINITION('international standard',
'automotive_design',2009,#7040);
#7040=APPLICATION_CONTEXT(
'Core Data for Automotive Mechanical Design Process');
#7041=PRODUCT_CONTEXT('part definition',#7040,'mechanical');
#7042=PRODUCT('2026-08-13-17-46-02-526','DPADSpacer',$,(#7041));
#7043=PRESENTATION_STYLE_ASSIGNMENT((#7044));
#7044=SURFACE_STYLE_USAGE(.BOTH.,#7045);
#7045=SURFACE_SIDE_STYLE('',(#7046));
#7046=SURFACE_STYLE_FILL_AREA(#7047);
#7047=FILL_AREA_STYLE('Steel - Satin',(#7048));
#7048=FILL_AREA_STYLE_COLOUR('Steel - Satin',#7049);
#7049=COLOUR_RGB('Steel - Satin',0.627450980392157,0.627450980392157,0.627450980392157);
ENDSEC;
END-ISO-10303-21;
