ISO-10303-21;
HEADER;
/* Generated by software containing ST-Developer
 * from STEP Tools, Inc. (www.steptools.com) 
 */

FILE_DESCRIPTION(
/* description */ (''),
/* implementation_level */ '2;1');

FILE_NAME(
/* name */ 'DPADBodyTop.step',
/* time_stamp */ '2026-08-13T17:45:58+02:00',
/* author */ (''),
/* organization */ (''),
/* preprocessor_version */ 'ST-DEVELOPER v20.1',
/* originating_system */ 'Autodesk Translation Framework v15.8.0.0',
/* authorisation */ '');

FILE_SCHEMA (('AUTOMOTIVE_DESIGN { 1 0 10303 214 3 1 1 }'));
ENDSEC;

DATA;
#10=MECHANICAL_DESIGN_GEOMETRIC_PRESENTATION_REPRESENTATION('',(#13),#11885);
#11=SHAPE_REPRESENTATION_RELATIONSHIP('SRR','None',#11892,#12);
#12=ADVANCED_BREP_SHAPE_REPRESENTATION('',(#14),#11884);
#13=STYLED_ITEM('',(#11901),#14);
#14=MANIFOLD_SOLID_BREP('DPADBody (1)',#6279);
#15=(
BOUNDED_SURFACE()
B_SPLINE_SURFACE(2,2,((#11679,#11680,#11681,#11682,#11683,#11684,#11685,
#11686,#11687),(#11688,#11689,#11690,#11691,#11692,#11693,#11694,#11695,
#11696),(#11697,#11698,#11699,#11700,#11701,#11702,#11703,#11704,#11705)),
 .UNSPECIFIED.,.F.,.T.,.F.)
B_SPLINE_SURFACE_WITH_KNOTS((3,3),(3,2,2,2,3),(-1.5707963267949,-1.00872658657601),
(-3.14159265358979,-1.5707963267949,0.,1.5707963267949,3.14159265358979),
 .UNSPECIFIED.)
GEOMETRIC_REPRESENTATION_ITEM()
RATIONAL_B_SPLINE_SURFACE(((1.,0.707106781186548,1.,0.707106781186548,1.,
0.707106781186548,1.,0.707106781186548,1.),(0.960768931537486,0.679366226643511,
0.960768931537486,0.679366226643511,0.960768931537486,0.679366226643511,
0.960768931537486,0.679366226643511,0.960768931537486),(1.,0.707106781186548,
1.,0.707106781186548,1.,0.707106781186548,1.,0.707106781186548,1.)))
REPRESENTATION_ITEM('')
SURFACE()
);
#16=TOROIDAL_SURFACE('',#6670,11.0221300732164,0.5);
#17=TOROIDAL_SURFACE('',#6671,11.0221300732164,0.5);
#18=TOROIDAL_SURFACE('',#6676,11.0221300732164,0.5);
#19=TOROIDAL_SURFACE('',#6677,11.0221300732164,0.5);
#20=TOROIDAL_SURFACE('',#6682,11.0221300732164,0.5);
#21=TOROIDAL_SURFACE('',#6683,11.0221300732164,0.5);
#22=TOROIDAL_SURFACE('',#6693,11.0221300732164,0.5);
#23=TOROIDAL_SURFACE('',#6694,11.0221300732164,0.5);
#24=ELLIPSE('',#6591,2.5,1.5);
#25=ELLIPSE('',#6616,2.5,1.5);
#26=ELLIPSE('',#6641,2.5,1.5);
#27=ELLIPSE('',#6666,2.5,1.5);
#28=ELLIPSE('',#6688,2.5,1.5);
#29=ELLIPSE('',#6699,2.5,1.5);
#30=ELLIPSE('',#6714,2.5,1.5);
#31=ELLIPSE('',#6720,2.5,1.5);
#32=(
BOUNDED_CURVE()
B_SPLINE_CURVE(2,(#9730,#9731,#9732),.UNSPECIFIED.,.F.,.F.)
B_SPLINE_CURVE_WITH_KNOTS((3,3),(0.334205521964706,0.354084253079049),
 .UNSPECIFIED.)
CURVE()
GEOMETRIC_REPRESENTATION_ITEM()
RATIONAL_B_SPLINE_CURVE((1.00181696581328,1.0018006859548,1.00177604111587))
REPRESENTATION_ITEM('')
);
#33=(
BOUNDED_CURVE()
B_SPLINE_CURVE(2,(#9796,#9797,#9798),.UNSPECIFIED.,.F.,.F.)
B_SPLINE_CURVE_WITH_KNOTS((3,3),(0.,0.430549061025188),.UNSPECIFIED.)
CURVE()
GEOMETRIC_REPRESENTATION_ITEM()
RATIONAL_B_SPLINE_CURVE((1.,1.01305356223002,1.))
REPRESENTATION_ITEM('')
);
#34=(
BOUNDED_CURVE()
B_SPLINE_CURVE(2,(#10075,#10076,#10077),.UNSPECIFIED.,.F.,.F.)
B_SPLINE_CURVE_WITH_KNOTS((3,3),(0.334205521962798,0.354084253077194),
 .UNSPECIFIED.)
CURVE()
GEOMETRIC_REPRESENTATION_ITEM()
RATIONAL_B_SPLINE_CURVE((1.00181696581464,1.00180068595615,1.0017760411172))
REPRESENTATION_ITEM('')
);
#35=(
BOUNDED_CURVE()
B_SPLINE_CURVE(2,(#10141,#10142,#10143),.UNSPECIFIED.,.F.,.F.)
B_SPLINE_CURVE_WITH_KNOTS((3,3),(0.,0.430549061025229),.UNSPECIFIED.)
CURVE()
GEOMETRIC_REPRESENTATION_ITEM()
RATIONAL_B_SPLINE_CURVE((1.,1.01305356223004,1.))
REPRESENTATION_ITEM('')
);
#36=(
BOUNDED_CURVE()
B_SPLINE_CURVE(2,(#10432,#10433,#10434),.UNSPECIFIED.,.F.,.F.)
B_SPLINE_CURVE_WITH_KNOTS((3,3),(0.334205521962441,0.354084253076726),
 .UNSPECIFIED.)
CURVE()
GEOMETRIC_REPRESENTATION_ITEM()
RATIONAL_B_SPLINE_CURVE((1.00181696581411,1.00180068595563,1.0017760411167))
REPRESENTATION_ITEM('')
);
#37=(
BOUNDED_CURVE()
B_SPLINE_CURVE(2,(#10468,#10469,#10470),.UNSPECIFIED.,.F.,.F.)
B_SPLINE_CURVE_WITH_KNOTS((3,3),(0.,0.430549061025301),.UNSPECIFIED.)
CURVE()
GEOMETRIC_REPRESENTATION_ITEM()
RATIONAL_B_SPLINE_CURVE((1.,1.01305356223003,1.))
REPRESENTATION_ITEM('')
);
#38=(
BOUNDED_CURVE()
B_SPLINE_CURVE(2,(#10765,#10766,#10767),.UNSPECIFIED.,.F.,.F.)
B_SPLINE_CURVE_WITH_KNOTS((3,3),(0.33420552196257,0.354084253076871),
 .UNSPECIFIED.)
CURVE()
GEOMETRIC_REPRESENTATION_ITEM()
RATIONAL_B_SPLINE_CURVE((1.00181696581446,1.00180068595597,1.00177604111704))
REPRESENTATION_ITEM('')
);
#39=(
BOUNDED_CURVE()
B_SPLINE_CURVE(2,(#10801,#10802,#10803),.UNSPECIFIED.,.F.,.F.)
B_SPLINE_CURVE_WITH_KNOTS((3,3),(0.,0.430549061025272),.UNSPECIFIED.)
CURVE()
GEOMETRIC_REPRESENTATION_ITEM()
RATIONAL_B_SPLINE_CURVE((1.,1.01305356223004,1.))
REPRESENTATION_ITEM('')
);
#40=(
BOUNDED_CURVE()
B_SPLINE_CURVE(2,(#11040,#11041,#11042),.UNSPECIFIED.,.F.,.F.)
B_SPLINE_CURVE_WITH_KNOTS((3,3),(0.236951132727757,0.256829863845139),
 .UNSPECIFIED.)
CURVE()
GEOMETRIC_REPRESENTATION_ITEM()
RATIONAL_B_SPLINE_CURVE((1.00177604110854,1.00180068594771,1.00181696580642))
REPRESENTATION_ITEM('')
);
#41=(
BOUNDED_CURVE()
B_SPLINE_CURVE(2,(#11128,#11129,#11130),.UNSPECIFIED.,.F.,.F.)
B_SPLINE_CURVE_WITH_KNOTS((3,3),(0.236951132729242,0.25682986384667),
 .UNSPECIFIED.)
CURVE()
GEOMETRIC_REPRESENTATION_ITEM()
RATIONAL_B_SPLINE_CURVE((1.00177604110933,1.0018006859485,1.00181696580722))
REPRESENTATION_ITEM('')
);
#42=(
BOUNDED_CURVE()
B_SPLINE_CURVE(2,(#11136,#11137,#11138),.UNSPECIFIED.,.F.,.F.)
B_SPLINE_CURVE_WITH_KNOTS((3,3),(0.,0.0664450804090974),.UNSPECIFIED.)
CURVE()
GEOMETRIC_REPRESENTATION_ITEM()
RATIONAL_B_SPLINE_CURVE((1.,1.00088471901565,1.00129063017419))
REPRESENTATION_ITEM('')
);
#43=(
BOUNDED_CURVE()
B_SPLINE_CURVE(2,(#11140,#11141,#11142),.UNSPECIFIED.,.F.,.F.)
B_SPLINE_CURVE_WITH_KNOTS((3,3),(0.236951132690811,0.256829863808401),
 .UNSPECIFIED.)
CURVE()
GEOMETRIC_REPRESENTATION_ITEM()
RATIONAL_B_SPLINE_CURVE((1.00177604110981,1.001800685949,1.00181696580774))
REPRESENTATION_ITEM('')
);
#44=(
BOUNDED_CURVE()
B_SPLINE_CURVE(2,(#11164,#11165,#11166),.UNSPECIFIED.,.F.,.F.)
B_SPLINE_CURVE_WITH_KNOTS((3,3),(0.,0.0664450804090699),.UNSPECIFIED.)
CURVE()
GEOMETRIC_REPRESENTATION_ITEM()
RATIONAL_B_SPLINE_CURVE((1.,1.00088471901567,1.00129063017422))
REPRESENTATION_ITEM('')
);
#45=(
BOUNDED_CURVE()
B_SPLINE_CURVE(2,(#11168,#11169,#11170),.UNSPECIFIED.,.F.,.F.)
B_SPLINE_CURVE_WITH_KNOTS((3,3),(0.236951132689036,0.256829863806548),
 .UNSPECIFIED.)
CURVE()
GEOMETRIC_REPRESENTATION_ITEM()
RATIONAL_B_SPLINE_CURVE((1.00177604110809,1.00180068594726,1.00181696580598))
REPRESENTATION_ITEM('')
);
#46=(
BOUNDED_CURVE()
B_SPLINE_CURVE(2,(#11191,#11192,#11193),.UNSPECIFIED.,.F.,.F.)
B_SPLINE_CURVE_WITH_KNOTS((3,3),(0.179103213175474,0.245548293584566),
 .UNSPECIFIED.)
CURVE()
GEOMETRIC_REPRESENTATION_ITEM()
RATIONAL_B_SPLINE_CURVE((1.00129063017419,1.00088471901565,1.))
REPRESENTATION_ITEM('')
);
#47=(
BOUNDED_CURVE()
B_SPLINE_CURVE(2,(#11195,#11196,#11197),.UNSPECIFIED.,.F.,.F.)
B_SPLINE_CURVE_WITH_KNOTS((3,3),(0.179103213175482,0.245548293584558),
 .UNSPECIFIED.)
CURVE()
GEOMETRIC_REPRESENTATION_ITEM()
RATIONAL_B_SPLINE_CURVE((1.00129063017422,1.00088471901567,1.))
REPRESENTATION_ITEM('')
);
#48=(
BOUNDED_CURVE()
B_SPLINE_CURVE(2,(#11199,#11200,#11201),.UNSPECIFIED.,.F.,.F.)
B_SPLINE_CURVE_WITH_KNOTS((3,3),(0.179103213175495,0.245548293584551),
 .UNSPECIFIED.)
CURVE()
GEOMETRIC_REPRESENTATION_ITEM()
RATIONAL_B_SPLINE_CURVE((1.00129063017426,1.0008847190157,1.))
REPRESENTATION_ITEM('')
);
#49=(
BOUNDED_CURVE()
B_SPLINE_CURVE(2,(#11203,#11204,#11205),.UNSPECIFIED.,.F.,.F.)
B_SPLINE_CURVE_WITH_KNOTS((3,3),(0.,0.0664450804090508),.UNSPECIFIED.)
CURVE()
GEOMETRIC_REPRESENTATION_ITEM()
RATIONAL_B_SPLINE_CURVE((1.,1.0008847190157,1.00129063017426))
REPRESENTATION_ITEM('')
);
#50=(
BOUNDED_CURVE()
B_SPLINE_CURVE(2,(#11207,#11208,#11209),.UNSPECIFIED.,.F.,.F.)
B_SPLINE_CURVE_WITH_KNOTS((3,3),(0.179103213175508,0.245548293584546),
 .UNSPECIFIED.)
CURVE()
GEOMETRIC_REPRESENTATION_ITEM()
RATIONAL_B_SPLINE_CURVE((1.00129063017416,1.00088471901563,1.))
REPRESENTATION_ITEM('')
);
#51=(
BOUNDED_CURVE()
B_SPLINE_CURVE(2,(#11211,#11212,#11213),.UNSPECIFIED.,.F.,.F.)
B_SPLINE_CURVE_WITH_KNOTS((3,3),(0.,0.0664450804090446),.UNSPECIFIED.)
CURVE()
GEOMETRIC_REPRESENTATION_ITEM()
RATIONAL_B_SPLINE_CURVE((1.,1.00088471901563,1.00129063017416))
REPRESENTATION_ITEM('')
);
#52=SPHERICAL_SURFACE('',#6576,0.5);
#53=SPHERICAL_SURFACE('',#6578,0.5);
#54=SPHERICAL_SURFACE('',#6601,0.5);
#55=SPHERICAL_SURFACE('',#6603,0.5);
#56=SPHERICAL_SURFACE('',#6626,0.5);
#57=SPHERICAL_SURFACE('',#6629,0.5);
#58=SPHERICAL_SURFACE('',#6651,0.5);
#59=SPHERICAL_SURFACE('',#6654,0.5);
#60=SPHERICAL_SURFACE('',#6759,2.29999994859099);
#61=SPHERICAL_SURFACE('',#6886,2.70000011846423);
#62=B_SPLINE_CURVE_WITH_KNOTS('',3,(#9497,#9498,#9499,#9500,#9501,#9502,
#9503,#9504,#9505,#9506,#9507,#9508,#9509,#9510),.UNSPECIFIED.,.F.,.F.,
(4,2,2,2,2,2,4),(0.,0.00363081479238844,0.00979013116913419,0.0266058584145406,
0.0930539986251189,0.139615772522563,0.157406748246848),.UNSPECIFIED.);
#63=B_SPLINE_CURVE_WITH_KNOTS('',3,(#9512,#9513,#9514,#9515,#9516),
 .UNSPECIFIED.,.F.,.F.,(4,1,4),(-0.414284306501545,-0.317180983938611,-0.220077661375677),
 .UNSPECIFIED.);
#64=B_SPLINE_CURVE_WITH_KNOTS('',3,(#9545,#9546,#9547,#9548,#9549,#9550,
#9551,#9552,#9553,#9554,#9555,#9556,#9557,#9558),.UNSPECIFIED.,.F.,.F.,
(4,2,2,2,2,2,4),(0.223202394203181,0.291674138832244,0.387762013261715,
0.478924609583171,0.506417553199272,0.516428979232109,0.524914128665812),
 .UNSPECIFIED.);
#65=B_SPLINE_CURVE_WITH_KNOTS('',3,(#9561,#9562,#9563,#9564,#9565),
 .UNSPECIFIED.,.F.,.F.,(4,1,4),(-0.829109801904061,-0.732015210156354,-0.634920618408648),
 .UNSPECIFIED.);
#66=B_SPLINE_CURVE_WITH_KNOTS('',3,(#9587,#9588,#9589,#9590),
 .UNSPECIFIED.,.F.,.F.,(4,4),(0.,0.0371463265150304),.UNSPECIFIED.);
#67=B_SPLINE_CURVE_WITH_KNOTS('',3,(#9592,#9593,#9594,#9595),
 .UNSPECIFIED.,.F.,.F.,(4,4),(0.0366668584439236,0.211771221350306),
 .UNSPECIFIED.);
#68=B_SPLINE_CURVE_WITH_KNOTS('',3,(#9598,#9599,#9600,#9601),
 .UNSPECIFIED.,.F.,.F.,(4,4),(-0.211771221350306,0.),.UNSPECIFIED.);
#69=B_SPLINE_CURVE_WITH_KNOTS('',3,(#9631,#9632,#9633,#9634),
 .UNSPECIFIED.,.F.,.F.,(4,4),(-0.0605692061396719,0.),.UNSPECIFIED.);
#70=B_SPLINE_CURVE_WITH_KNOTS('',3,(#9636,#9637,#9638,#9639),
 .UNSPECIFIED.,.F.,.F.,(4,4),(0.,0.0100095699494686),.UNSPECIFIED.);
#71=B_SPLINE_CURVE_WITH_KNOTS('',3,(#9640,#9641,#9642,#9643,#9644,#9645,
#9646,#9647,#9648,#9649,#9650,#9651),.UNSPECIFIED.,.F.,.F.,(4,2,2,2,2,4),
(-0.0892140738831662,-0.0728324898809589,-0.0519035498818925,-0.0149456714311557,
0.,0.000486106749804525),.UNSPECIFIED.);
#72=B_SPLINE_CURVE_WITH_KNOTS('',3,(#9673,#9674,#9675,#9676),
 .UNSPECIFIED.,.F.,.F.,(4,4),(0.0816226465856537,0.0916322165351052),
 .UNSPECIFIED.);
#73=B_SPLINE_CURVE_WITH_KNOTS('',3,(#9679,#9680,#9681,#9682),
 .UNSPECIFIED.,.F.,.F.,(4,4),(-0.0916322165351052,-0.0310630103954322),
 .UNSPECIFIED.);
#74=B_SPLINE_CURVE_WITH_KNOTS('',3,(#9716,#9717,#9718,#9719),
 .UNSPECIFIED.,.F.,.F.,(4,4),(0.,0.0371401309790054),.UNSPECIFIED.);
#75=B_SPLINE_CURVE_WITH_KNOTS('',3,(#9720,#9721,#9722,#9723),
 .UNSPECIFIED.,.F.,.F.,(4,4),(-0.487372391604466,-0.275601169626567),
 .UNSPECIFIED.);
#76=B_SPLINE_CURVE_WITH_KNOTS('',3,(#9724,#9725,#9726,#9727),
 .UNSPECIFIED.,.F.,.F.,(4,4),(0.275601169626567,0.450705532532954),
 .UNSPECIFIED.);
#77=B_SPLINE_CURVE_WITH_KNOTS('',3,(#9740,#9741,#9742,#9743,#9744,#9745),
 .UNSPECIFIED.,.F.,.F.,(4,2,4),(0.773243261864413,0.912679888169881,0.98002159295608),
 .UNSPECIFIED.);
#78=B_SPLINE_CURVE_WITH_KNOTS('',3,(#9747,#9748,#9749,#9750,#9751,#9752,
#9753,#9754,#9755,#9756,#9757,#9758),.UNSPECIFIED.,.F.,.F.,(4,2,2,2,2,4),
(0.348026357156,0.352954870514975,0.373001301150402,0.393047731785829,0.413094162421256,
0.438264607811171),.UNSPECIFIED.);
#79=B_SPLINE_CURVE_WITH_KNOTS('',3,(#9764,#9765,#9766,#9767),
 .UNSPECIFIED.,.F.,.F.,(4,4),(0.641971303221371,0.707469148701836),
 .UNSPECIFIED.);
#80=B_SPLINE_CURVE_WITH_KNOTS('',3,(#9771,#9772,#9773,#9774),
 .UNSPECIFIED.,.F.,.F.,(4,4),(0.,0.139714554044889),.UNSPECIFIED.);
#81=B_SPLINE_CURVE_WITH_KNOTS('',3,(#9778,#9779,#9780,#9781),
 .UNSPECIFIED.,.F.,.F.,(4,4),(0.576473457740905,0.641971303221371),
 .UNSPECIFIED.);
#82=B_SPLINE_CURVE_WITH_KNOTS('',3,(#9783,#9784,#9785,#9786),
 .UNSPECIFIED.,.F.,.F.,(4,4),(-0.487372391628091,-0.275601169626621),
 .UNSPECIFIED.);
#83=B_SPLINE_CURVE_WITH_KNOTS('',3,(#9788,#9789,#9790,#9791,#9792),
 .UNSPECIFIED.,.F.,.F.,(4,1,4),(-0.414196105233971,-0.317110197903414,-0.220024290572857),
 .UNSPECIFIED.);
#84=B_SPLINE_CURVE_WITH_KNOTS('',3,(#9820,#9821,#9822,#9823),
 .UNSPECIFIED.,.F.,.F.,(4,4),(-0.707469148701836,-0.641971303221371),
 .UNSPECIFIED.);
#85=B_SPLINE_CURVE_WITH_KNOTS('',3,(#9853,#9854,#9855,#9856,#9857,#9858,
#9859,#9860,#9861,#9862,#9863,#9864,#9865,#9866),.UNSPECIFIED.,.F.,.F.,
(4,2,2,2,2,2,4),(0.,0.00363081465616681,0.00979013139964048,0.0266059254890018,
0.0930541812491953,0.139621555449257,0.157406703507257),.UNSPECIFIED.);
#86=B_SPLINE_CURVE_WITH_KNOTS('',3,(#9895,#9896,#9897,#9898,#9899,#9900,
#9901,#9902,#9903,#9904,#9905,#9906,#9907,#9908),.UNSPECIFIED.,.F.,.F.,
(4,2,2,2,2,2,4),(0.223202394203172,0.291674138832246,0.387762013261718,
0.478924609583037,0.506417553199051,0.516428979232017,0.52491412866575),
 .UNSPECIFIED.);
#87=B_SPLINE_CURVE_WITH_KNOTS('',3,(#9911,#9912,#9913,#9914,#9915),
 .UNSPECIFIED.,.F.,.F.,(4,1,4),(-0.829109801904058,-0.732015210156345,-0.634920618408632),
 .UNSPECIFIED.);
#88=B_SPLINE_CURVE_WITH_KNOTS('',3,(#9937,#9938,#9939,#9940),
 .UNSPECIFIED.,.F.,.F.,(4,4),(0.,0.0371463265150435),.UNSPECIFIED.);
#89=B_SPLINE_CURVE_WITH_KNOTS('',3,(#9942,#9943,#9944,#9945),
 .UNSPECIFIED.,.F.,.F.,(4,4),(0.0366668584439128,0.211771221350295),
 .UNSPECIFIED.);
#90=B_SPLINE_CURVE_WITH_KNOTS('',3,(#9948,#9949,#9950,#9951),
 .UNSPECIFIED.,.F.,.F.,(4,4),(-0.211771221350295,0.),.UNSPECIFIED.);
#91=B_SPLINE_CURVE_WITH_KNOTS('',3,(#9981,#9982,#9983,#9984),
 .UNSPECIFIED.,.F.,.F.,(4,4),(-0.0605692061396725,0.),.UNSPECIFIED.);
#92=B_SPLINE_CURVE_WITH_KNOTS('',3,(#9986,#9987,#9988,#9989),
 .UNSPECIFIED.,.F.,.F.,(4,4),(0.,0.0100095699494689),.UNSPECIFIED.);
#93=B_SPLINE_CURVE_WITH_KNOTS('',3,(#9990,#9991,#9992,#9993,#9994,#9995,
#9996,#9997,#9998,#9999,#10000,#10001),.UNSPECIFIED.,.F.,.F.,(4,2,2,2,2,
4),(-0.0892140738831565,-0.0728324898809583,-0.0519035498819039,-0.0149456714314094,
0.,0.00048610674980205),.UNSPECIFIED.);
#94=B_SPLINE_CURVE_WITH_KNOTS('',3,(#10023,#10024,#10025,#10026),
 .UNSPECIFIED.,.F.,.F.,(4,4),(0.0816226465856538,0.0916322165351052),
 .UNSPECIFIED.);
#95=B_SPLINE_CURVE_WITH_KNOTS('',3,(#10029,#10030,#10031,#10032),
 .UNSPECIFIED.,.F.,.F.,(4,4),(-0.0916322165351052,-0.0310630103954324),
 .UNSPECIFIED.);
#96=B_SPLINE_CURVE_WITH_KNOTS('',3,(#10065,#10066,#10067,#10068),
 .UNSPECIFIED.,.F.,.F.,(4,4),(0.,0.0371401310032481),.UNSPECIFIED.);
#97=B_SPLINE_CURVE_WITH_KNOTS('',3,(#10069,#10070,#10071,#10072),
 .UNSPECIFIED.,.F.,.F.,(4,4),(0.275601169626621,0.450705532532607),
 .UNSPECIFIED.);
#98=B_SPLINE_CURVE_WITH_KNOTS('',3,(#10085,#10086,#10087,#10088,#10089,
#10090),.UNSPECIFIED.,.F.,.F.,(4,2,4),(0.773243261864413,0.912679888169881,
0.980021592956087),.UNSPECIFIED.);
#99=B_SPLINE_CURVE_WITH_KNOTS('',3,(#10092,#10093,#10094,#10095,#10096,
#10097,#10098,#10099,#10100,#10101,#10102,#10103),.UNSPECIFIED.,.F.,.F.,
(4,2,2,2,2,4),(0.348026357156001,0.352954870514977,0.373001301150404,0.393047731785831,
0.413094162421258,0.438264607811164),.UNSPECIFIED.);
#100=B_SPLINE_CURVE_WITH_KNOTS('',3,(#10109,#10110,#10111,#10112),
 .UNSPECIFIED.,.F.,.F.,(4,4),(0.641971303221371,0.707469148701836),
 .UNSPECIFIED.);
#101=B_SPLINE_CURVE_WITH_KNOTS('',3,(#10116,#10117,#10118,#10119),
 .UNSPECIFIED.,.F.,.F.,(4,4),(0.,0.139714554044973),.UNSPECIFIED.);
#102=B_SPLINE_CURVE_WITH_KNOTS('',3,(#10123,#10124,#10125,#10126),
 .UNSPECIFIED.,.F.,.F.,(4,4),(0.576473457740905,0.641971303221371),
 .UNSPECIFIED.);
#103=B_SPLINE_CURVE_WITH_KNOTS('',3,(#10128,#10129,#10130,#10131),
 .UNSPECIFIED.,.F.,.F.,(4,4),(-0.487372391628071,-0.275601169626628),
 .UNSPECIFIED.);
#104=B_SPLINE_CURVE_WITH_KNOTS('',3,(#10133,#10134,#10135,#10136,#10137),
 .UNSPECIFIED.,.F.,.F.,(4,1,4),(-0.414196105233973,-0.317110197903402,-0.220024290572831),
 .UNSPECIFIED.);
#105=B_SPLINE_CURVE_WITH_KNOTS('',3,(#10165,#10166,#10167,#10168),
 .UNSPECIFIED.,.F.,.F.,(4,4),(-0.707469148701836,-0.641971303221371),
 .UNSPECIFIED.);
#106=B_SPLINE_CURVE_WITH_KNOTS('',3,(#10199,#10200,#10201,#10202,#10203,
#10204,#10205,#10206,#10207,#10208,#10209,#10210,#10211,#10212),
 .UNSPECIFIED.,.F.,.F.,(4,2,2,2,2,2,4),(0.223203163981581,0.291807519583225,
0.387716087031106,0.478853644761989,0.506338437007275,0.516346794759182,
0.524829298690557),.UNSPECIFIED.);
#107=B_SPLINE_CURVE_WITH_KNOTS('',3,(#10215,#10216,#10217,#10218,#10219),
 .UNSPECIFIED.,.F.,.F.,(4,1,4),(-0.828948443832089,-0.731866174320865,-0.63478390480964),
 .UNSPECIFIED.);
#108=B_SPLINE_CURVE_WITH_KNOTS('',3,(#10241,#10242,#10243,#10244),
 .UNSPECIFIED.,.F.,.F.,(4,4),(0.,0.0371463265013097),.UNSPECIFIED.);
#109=B_SPLINE_CURVE_WITH_KNOTS('',3,(#10246,#10247,#10248,#10249),
 .UNSPECIFIED.,.F.,.F.,(4,4),(0.0366668584303364,0.21177122133632),
 .UNSPECIFIED.);
#110=B_SPLINE_CURVE_WITH_KNOTS('',3,(#10252,#10253,#10254,#10255),
 .UNSPECIFIED.,.F.,.F.,(4,4),(-0.21177122133632,0.),.UNSPECIFIED.);
#111=B_SPLINE_CURVE_WITH_KNOTS('',3,(#10283,#10284,#10285,#10286,#10287,
#10288,#10289,#10290,#10291,#10292,#10293,#10294,#10295,#10296),
 .UNSPECIFIED.,.F.,.F.,(4,2,2,2,2,2,4),(0.,0.00363081479236816,0.00979013116898871,
0.0266058584141199,0.0930539986235213,0.139615772520123,0.157406748244097),
 .UNSPECIFIED.);
#112=B_SPLINE_CURVE_WITH_KNOTS('',3,(#10298,#10299,#10300,#10301,#10302),
 .UNSPECIFIED.,.F.,.F.,(4,1,4),(-0.414284306501546,-0.317180983938615,-0.220077661375685),
 .UNSPECIFIED.);
#113=B_SPLINE_CURVE_WITH_KNOTS('',3,(#10333,#10334,#10335,#10336),
 .UNSPECIFIED.,.F.,.F.,(4,4),(-0.0605692061396725,0.),.UNSPECIFIED.);
#114=B_SPLINE_CURVE_WITH_KNOTS('',3,(#10338,#10339,#10340,#10341),
 .UNSPECIFIED.,.F.,.F.,(4,4),(0.,0.010009569949469),.UNSPECIFIED.);
#115=B_SPLINE_CURVE_WITH_KNOTS('',3,(#10342,#10343,#10344,#10345,#10346,
#10347,#10348,#10349,#10350,#10351,#10352,#10353),.UNSPECIFIED.,.F.,.F.,
(4,2,2,2,2,4),(-0.0892140738831128,-0.0728324898809127,-0.0519035498818551,
-0.0149456714311451,0.,0.000486106749801483),.UNSPECIFIED.);
#116=B_SPLINE_CURVE_WITH_KNOTS('',3,(#10375,#10376,#10377,#10378),
 .UNSPECIFIED.,.F.,.F.,(4,4),(0.0816226465856538,0.0916322165351053),
 .UNSPECIFIED.);
#117=B_SPLINE_CURVE_WITH_KNOTS('',3,(#10381,#10382,#10383,#10384),
 .UNSPECIFIED.,.F.,.F.,(4,4),(-0.0916322165351053,-0.0310630103954324),
 .UNSPECIFIED.);
#118=B_SPLINE_CURVE_WITH_KNOTS('',3,(#10416,#10417,#10418,#10419),
 .UNSPECIFIED.,.F.,.F.,(4,4),(0.,0.0371401309790131),.UNSPECIFIED.);
#119=B_SPLINE_CURVE_WITH_KNOTS('',3,(#10420,#10421,#10422,#10423),
 .UNSPECIFIED.,.F.,.F.,(4,4),(-0.487372391604488,-0.275601169626581),
 .UNSPECIFIED.);
#120=B_SPLINE_CURVE_WITH_KNOTS('',3,(#10424,#10425,#10426,#10427),
 .UNSPECIFIED.,.F.,.F.,(4,4),(0.275601169626581,0.450705532532969),
 .UNSPECIFIED.);
#121=B_SPLINE_CURVE_WITH_KNOTS('',3,(#10442,#10443,#10444,#10445,#10446,
#10447),.UNSPECIFIED.,.F.,.F.,(4,2,4),(0.773243261864413,0.912679888169882,
0.980021592956111),.UNSPECIFIED.);
#122=B_SPLINE_CURVE_WITH_KNOTS('',3,(#10449,#10450,#10451,#10452,#10453,
#10454,#10455,#10456,#10457,#10458,#10459,#10460),.UNSPECIFIED.,.F.,.F.,
(4,2,2,2,2,4),(0.348026357156,0.352954870514976,0.373001301150403,0.39304773178583,
0.413094162421257,0.438264607811141),.UNSPECIFIED.);
#123=B_SPLINE_CURVE_WITH_KNOTS('',3,(#10473,#10474,#10475,#10476),
 .UNSPECIFIED.,.F.,.F.,(4,4),(0.641971303221371,0.707469148701836),
 .UNSPECIFIED.);
#124=B_SPLINE_CURVE_WITH_KNOTS('',3,(#10480,#10481,#10482,#10483),
 .UNSPECIFIED.,.F.,.F.,(4,4),(0.,0.139714554045128),.UNSPECIFIED.);
#125=B_SPLINE_CURVE_WITH_KNOTS('',3,(#10486,#10487,#10488,#10489),
 .UNSPECIFIED.,.F.,.F.,(4,4),(0.576473457740905,0.641971303221371),
 .UNSPECIFIED.);
#126=B_SPLINE_CURVE_WITH_KNOTS('',3,(#10510,#10511,#10512,#10513),
 .UNSPECIFIED.,.F.,.F.,(4,4),(-0.707469148701836,-0.641971303221371),
 .UNSPECIFIED.);
#127=B_SPLINE_CURVE_WITH_KNOTS('',3,(#10544,#10545,#10546,#10547,#10548,
#10549,#10550,#10551,#10552,#10553,#10554,#10555,#10556,#10557),
 .UNSPECIFIED.,.F.,.F.,(4,2,2,2,2,2,4),(0.223203163981605,0.29180751958321,
0.387716087031197,0.478853644762173,0.506338437007495,0.51634679475945,
0.524829298690706),.UNSPECIFIED.);
#128=B_SPLINE_CURVE_WITH_KNOTS('',3,(#10560,#10561,#10562,#10563,#10564),
 .UNSPECIFIED.,.F.,.F.,(4,1,4),(-0.828948443832123,-0.731866174320911,-0.634783904809698),
 .UNSPECIFIED.);
#129=B_SPLINE_CURVE_WITH_KNOTS('',3,(#10586,#10587,#10588,#10589),
 .UNSPECIFIED.,.F.,.F.,(4,4),(0.,0.0371463265013733),.UNSPECIFIED.);
#130=B_SPLINE_CURVE_WITH_KNOTS('',3,(#10591,#10592,#10593,#10594),
 .UNSPECIFIED.,.F.,.F.,(4,4),(0.0366668584303575,0.211771221336344),
 .UNSPECIFIED.);
#131=B_SPLINE_CURVE_WITH_KNOTS('',3,(#10597,#10598,#10599,#10600),
 .UNSPECIFIED.,.F.,.F.,(4,4),(-0.211771221336344,0.),.UNSPECIFIED.);
#132=B_SPLINE_CURVE_WITH_KNOTS('',3,(#10627,#10628,#10629,#10630,#10631,
#10632,#10633,#10634,#10635,#10636,#10637,#10638,#10639,#10640),
 .UNSPECIFIED.,.F.,.F.,(4,2,2,2,2,2,4),(0.,0.00363081465616827,0.00979013139966633,
0.026605925489318,0.0930541812512741,0.139621555452543,0.157406703511004),
 .UNSPECIFIED.);
#133=B_SPLINE_CURVE_WITH_KNOTS('',3,(#10671,#10672,#10673,#10674),
 .UNSPECIFIED.,.F.,.F.,(4,4),(-0.0605692061396713,-5.01284407241993E-17),
 .UNSPECIFIED.);
#134=B_SPLINE_CURVE_WITH_KNOTS('',3,(#10676,#10677,#10678,#10679),
 .UNSPECIFIED.,.F.,.F.,(4,4),(5.01284407241993E-17,0.0100095699494688),
 .UNSPECIFIED.);
#135=B_SPLINE_CURVE_WITH_KNOTS('',3,(#10680,#10681,#10682,#10683,#10684,
#10685,#10686,#10687,#10688,#10689,#10690,#10691),.UNSPECIFIED.,.F.,.F.,
(4,2,2,2,2,4),(-0.0892140738832217,-0.0728324898809997,-0.0519035498819136,
-0.0149456714311536,0.,0.000486106749794665),.UNSPECIFIED.);
#136=B_SPLINE_CURVE_WITH_KNOTS('',3,(#10713,#10714,#10715,#10716),
 .UNSPECIFIED.,.F.,.F.,(4,4),(0.0816226465856537,0.0916322165351051),
 .UNSPECIFIED.);
#137=B_SPLINE_CURVE_WITH_KNOTS('',3,(#10719,#10720,#10721,#10722),
 .UNSPECIFIED.,.F.,.F.,(4,4),(-0.0916322165351051,-0.0310630103954326),
 .UNSPECIFIED.);
#138=B_SPLINE_CURVE_WITH_KNOTS('',3,(#10753,#10754,#10755,#10756),
 .UNSPECIFIED.,.F.,.F.,(4,4),(0.,0.037140131003228),.UNSPECIFIED.);
#139=B_SPLINE_CURVE_WITH_KNOTS('',3,(#10757,#10758,#10759,#10760),
 .UNSPECIFIED.,.F.,.F.,(4,4),(0.275601169626628,0.450705532532613),
 .UNSPECIFIED.);
#140=B_SPLINE_CURVE_WITH_KNOTS('',3,(#10775,#10776,#10777,#10778,#10779,
#10780),.UNSPECIFIED.,.F.,.F.,(4,2,4),(0.773243261864413,0.91267988816988,
0.980021592956094),.UNSPECIFIED.);
#141=B_SPLINE_CURVE_WITH_KNOTS('',3,(#10782,#10783,#10784,#10785,#10786,
#10787,#10788,#10789,#10790,#10791,#10792,#10793),.UNSPECIFIED.,.F.,.F.,
(4,2,2,2,2,4),(0.348026357156,0.352954870514976,0.373001301150403,0.39304773178583,
0.413094162421258,0.438264607811156),.UNSPECIFIED.);
#142=B_SPLINE_CURVE_WITH_KNOTS('',3,(#10806,#10807,#10808,#10809),
 .UNSPECIFIED.,.F.,.F.,(4,4),(0.641971303221371,0.707469148701837),
 .UNSPECIFIED.);
#143=B_SPLINE_CURVE_WITH_KNOTS('',3,(#10813,#10814,#10815,#10816),
 .UNSPECIFIED.,.F.,.F.,(4,4),(0.,0.139714554045061),.UNSPECIFIED.);
#144=B_SPLINE_CURVE_WITH_KNOTS('',3,(#10819,#10820,#10821,#10822),
 .UNSPECIFIED.,.F.,.F.,(4,4),(0.576473457740905,0.641971303221371),
 .UNSPECIFIED.);
#145=B_SPLINE_CURVE_WITH_KNOTS('',3,(#10843,#10844,#10845,#10846),
 .UNSPECIFIED.,.F.,.F.,(4,4),(-0.707469148701837,-0.641971303221371),
 .UNSPECIFIED.);
#146=B_SPLINE_CURVE_WITH_KNOTS('',3,(#10871,#10872,#10873,#10874),
 .UNSPECIFIED.,.F.,.F.,(4,4),(-0.641971303221371,-0.576473457740905),
 .UNSPECIFIED.);
#147=B_SPLINE_CURVE_WITH_KNOTS('',3,(#10896,#10897,#10898,#10899),
 .UNSPECIFIED.,.F.,.F.,(4,4),(-0.139714554044973,0.),.UNSPECIFIED.);
#148=B_SPLINE_CURVE_WITH_KNOTS('',3,(#10925,#10926,#10927,#10928),
 .UNSPECIFIED.,.F.,.F.,(4,4),(-0.641971303221371,-0.576473457740905),
 .UNSPECIFIED.);
#149=B_SPLINE_CURVE_WITH_KNOTS('',3,(#10950,#10951,#10952,#10953),
 .UNSPECIFIED.,.F.,.F.,(4,4),(-0.139714554044889,0.),.UNSPECIFIED.);
#150=B_SPLINE_CURVE_WITH_KNOTS('',3,(#10979,#10980,#10981,#10982),
 .UNSPECIFIED.,.F.,.F.,(4,4),(-0.641971303221371,-0.576473457740905),
 .UNSPECIFIED.);
#151=B_SPLINE_CURVE_WITH_KNOTS('',3,(#11004,#11005,#11006,#11007),
 .UNSPECIFIED.,.F.,.F.,(4,4),(-0.139714554045128,0.),.UNSPECIFIED.);
#152=B_SPLINE_CURVE_WITH_KNOTS('',3,(#11014,#11015,#11016,#11017,#11018,
#11019),.UNSPECIFIED.,.F.,.F.,(4,2,4),(-0.307737994489661,-0.240396289703437,
-0.100959663397969),.UNSPECIFIED.);
#153=B_SPLINE_CURVE_WITH_KNOTS('',3,(#11026,#11027,#11028,#11029,#11030,
#11031,#11032,#11033,#11034,#11035,#11036,#11037),.UNSPECIFIED.,.F.,.F.,
(4,2,2,2,2,4),(0.307737994489661,0.33290843987955,0.352954870514977,0.373001301150404,
0.393047731785831,0.397976245144807),.UNSPECIFIED.);
#154=B_SPLINE_CURVE_WITH_KNOTS('',3,(#11067,#11068,#11069,#11070),
 .UNSPECIFIED.,.F.,.F.,(4,4),(-0.641971303221371,-0.576473457740905),
 .UNSPECIFIED.);
#155=B_SPLINE_CURVE_WITH_KNOTS('',3,(#11092,#11093,#11094,#11095),
 .UNSPECIFIED.,.F.,.F.,(4,4),(-0.139714554045061,0.),.UNSPECIFIED.);
#156=B_SPLINE_CURVE_WITH_KNOTS('',3,(#11102,#11103,#11104,#11105,#11106,
#11107),.UNSPECIFIED.,.F.,.F.,(4,2,4),(-0.307737994489652,-0.240396289703436,
-0.100959663397968),.UNSPECIFIED.);
#157=B_SPLINE_CURVE_WITH_KNOTS('',3,(#11114,#11115,#11116,#11117,#11118,
#11119,#11120,#11121,#11122,#11123,#11124,#11125),.UNSPECIFIED.,.F.,.F.,
(4,2,2,2,2,4),(0.307737994489652,0.332908439879549,0.352954870514976,0.373001301150403,
0.39304773178583,0.397976245144805),.UNSPECIFIED.);
#158=B_SPLINE_CURVE_WITH_KNOTS('',3,(#11144,#11145,#11146,#11147,#11148,
#11149),.UNSPECIFIED.,.F.,.F.,(4,2,4),(-0.307737994489632,-0.240396289703436,
-0.100959663397969),.UNSPECIFIED.);
#159=B_SPLINE_CURVE_WITH_KNOTS('',3,(#11150,#11151,#11152,#11153,#11154,
#11155,#11156,#11157,#11158,#11159,#11160,#11161),.UNSPECIFIED.,.F.,.F.,
(4,2,2,2,2,4),(0.307737994489632,0.332908439879548,0.352954870514975,0.373001301150402,
0.393047731785829,0.397976245144805),.UNSPECIFIED.);
#160=B_SPLINE_CURVE_WITH_KNOTS('',3,(#11172,#11173,#11174,#11175,#11176,
#11177),.UNSPECIFIED.,.F.,.F.,(4,2,4),(-0.307737994489647,-0.240396289703436,
-0.100959663397966),.UNSPECIFIED.);
#161=B_SPLINE_CURVE_WITH_KNOTS('',3,(#11178,#11179,#11180,#11181,#11182,
#11183,#11184,#11185,#11186,#11187,#11188,#11189),.UNSPECIFIED.,.F.,.F.,
(4,2,2,2,2,4),(0.307737994489647,0.332908439879549,0.352954870514976,0.373001301150403,
0.39304773178583,0.397976245144805),.UNSPECIFIED.);
#162=B_SPLINE_SURFACE_WITH_KNOTS('',3,3,((#9470,#9471,#9472,#9473,#9474),
(#9475,#9476,#9477,#9478,#9479),(#9480,#9481,#9482,#9483,#9484),(#9485,
#9486,#9487,#9488,#9489),(#9490,#9491,#9492,#9493,#9494)),.UNSPECIFIED.,
 .F.,.F.,.F.,(4,1,4),(4,1,4),(0.0960729366761178,0.48347024952921,1.),(0.220077661375677,
0.317180983938611,0.414284306501545),.UNSPECIFIED.);
#163=B_SPLINE_SURFACE_WITH_KNOTS('',3,3,((#9518,#9519,#9520,#9521,#9522),
(#9523,#9524,#9525,#9526,#9527),(#9528,#9529,#9530,#9531,#9532),(#9533,
#9534,#9535,#9536,#9537),(#9538,#9539,#9540,#9541,#9542)),.UNSPECIFIED.,
 .F.,.F.,.F.,(4,1,4),(4,1,4),(0.0960729362397522,0.612602686959894,1.),
(0.634920618408648,0.732015210156354,0.829109801904061),.UNSPECIFIED.);
#164=B_SPLINE_SURFACE_WITH_KNOTS('',3,3,((#9566,#9567,#9568,#9569),(#9570,
#9571,#9572,#9573),(#9574,#9575,#9576,#9577),(#9578,#9579,#9580,#9581),
(#9582,#9583,#9584,#9585)),.UNSPECIFIED.,.F.,.F.,.F.,(4,1,4),(4,4),(0.,
0.5,1.),(0.,0.211771221350306),.UNSPECIFIED.);
#165=B_SPLINE_SURFACE_WITH_KNOTS('',3,3,((#9610,#9611,#9612,#9613),(#9614,
#9615,#9616,#9617),(#9618,#9619,#9620,#9621),(#9622,#9623,#9624,#9625),
(#9626,#9627,#9628,#9629)),.UNSPECIFIED.,.F.,.F.,.F.,(4,1,4),(4,4),(0.,
0.5,1.),(0.,0.0605692061396719),.UNSPECIFIED.);
#166=B_SPLINE_SURFACE_WITH_KNOTS('',3,3,((#9652,#9653,#9654,#9655),(#9656,
#9657,#9658,#9659),(#9660,#9661,#9662,#9663),(#9664,#9665,#9666,#9667),
(#9668,#9669,#9670,#9671)),.UNSPECIFIED.,.F.,.F.,.F.,(4,1,4),(4,4),(0.,
0.5,1.),(0.0310630103954322,0.0916322165351052),.UNSPECIFIED.);
#167=B_SPLINE_SURFACE_WITH_KNOTS('',3,3,((#9695,#9696,#9697,#9698),(#9699,
#9700,#9701,#9702),(#9703,#9704,#9705,#9706),(#9707,#9708,#9709,#9710),
(#9711,#9712,#9713,#9714)),.UNSPECIFIED.,.F.,.F.,.F.,(4,1,4),(4,4),(0.,
0.5,1.),(0.275601169626567,0.487372391604466),.UNSPECIFIED.);
#168=B_SPLINE_SURFACE_WITH_KNOTS('',3,3,((#9800,#9801,#9802,#9803),(#9804,
#9805,#9806,#9807),(#9808,#9809,#9810,#9811),(#9812,#9813,#9814,#9815),
(#9816,#9817,#9818,#9819)),.UNSPECIFIED.,.F.,.F.,.F.,(4,1,4),(4,4),(0.,
0.5,1.),(0.641971303221371,0.707469148701836),.UNSPECIFIED.);
#169=B_SPLINE_SURFACE_WITH_KNOTS('',3,3,((#9827,#9828,#9829,#9830,#9831),
(#9832,#9833,#9834,#9835,#9836),(#9837,#9838,#9839,#9840,#9841),(#9842,
#9843,#9844,#9845,#9846),(#9847,#9848,#9849,#9850,#9851)),.UNSPECIFIED.,
 .F.,.F.,.F.,(4,1,4),(4,1,4),(0.0960729366928759,0.61260268715409,1.),(0.220024290572857,
0.317110197903414,0.414196105233971),.UNSPECIFIED.);
#170=B_SPLINE_SURFACE_WITH_KNOTS('',3,3,((#9868,#9869,#9870,#9871,#9872),
(#9873,#9874,#9875,#9876,#9877),(#9878,#9879,#9880,#9881,#9882),(#9883,
#9884,#9885,#9886,#9887),(#9888,#9889,#9890,#9891,#9892)),.UNSPECIFIED.,
 .F.,.F.,.F.,(4,1,4),(4,1,4),(0.0960729362397271,0.483470249279844,1.),
(0.634920618408632,0.732015210156345,0.829109801904058),.UNSPECIFIED.);
#171=B_SPLINE_SURFACE_WITH_KNOTS('',3,3,((#9916,#9917,#9918,#9919),(#9920,
#9921,#9922,#9923),(#9924,#9925,#9926,#9927),(#9928,#9929,#9930,#9931),
(#9932,#9933,#9934,#9935)),.UNSPECIFIED.,.F.,.F.,.F.,(4,1,4),(4,4),(0.,
0.5,1.),(0.,0.211771221350295),.UNSPECIFIED.);
#172=B_SPLINE_SURFACE_WITH_KNOTS('',3,3,((#9960,#9961,#9962,#9963),(#9964,
#9965,#9966,#9967),(#9968,#9969,#9970,#9971),(#9972,#9973,#9974,#9975),
(#9976,#9977,#9978,#9979)),.UNSPECIFIED.,.F.,.F.,.F.,(4,1,4),(4,4),(0.,
0.5,1.),(0.,0.0605692061396725),.UNSPECIFIED.);
#173=B_SPLINE_SURFACE_WITH_KNOTS('',3,3,((#10002,#10003,#10004,#10005),
(#10006,#10007,#10008,#10009),(#10010,#10011,#10012,#10013),(#10014,#10015,
#10016,#10017),(#10018,#10019,#10020,#10021)),.UNSPECIFIED.,.F.,.F.,.F.,
(4,1,4),(4,4),(0.,0.5,1.),(0.0310630103954324,0.0916322165351052),
 .UNSPECIFIED.);
#174=B_SPLINE_SURFACE_WITH_KNOTS('',3,3,((#10044,#10045,#10046,#10047),
(#10048,#10049,#10050,#10051),(#10052,#10053,#10054,#10055),(#10056,#10057,
#10058,#10059),(#10060,#10061,#10062,#10063)),.UNSPECIFIED.,.F.,.F.,.F.,
(4,1,4),(4,4),(0.,0.5,1.),(0.275601169626621,0.487372391628091),
 .UNSPECIFIED.);
#175=B_SPLINE_SURFACE_WITH_KNOTS('',3,3,((#10145,#10146,#10147,#10148),
(#10149,#10150,#10151,#10152),(#10153,#10154,#10155,#10156),(#10157,#10158,
#10159,#10160),(#10161,#10162,#10163,#10164)),.UNSPECIFIED.,.F.,.F.,.F.,
(4,1,4),(4,4),(0.,0.5,1.),(0.641971303221371,0.707469148701836),
 .UNSPECIFIED.);
#176=B_SPLINE_SURFACE_WITH_KNOTS('',3,3,((#10172,#10173,#10174,#10175,#10176),
(#10177,#10178,#10179,#10180,#10181),(#10182,#10183,#10184,#10185,#10186),
(#10187,#10188,#10189,#10190,#10191),(#10192,#10193,#10194,#10195,#10196)),
 .UNSPECIFIED.,.F.,.F.,.F.,(4,1,4),(4,1,4),(0.0960729362302337,0.483470249274419,
1.),(0.63478390480964,0.731866174320865,0.828948443832089),
 .UNSPECIFIED.);
#177=B_SPLINE_SURFACE_WITH_KNOTS('',3,3,((#10220,#10221,#10222,#10223),
(#10224,#10225,#10226,#10227),(#10228,#10229,#10230,#10231),(#10232,#10233,
#10234,#10235),(#10236,#10237,#10238,#10239)),.UNSPECIFIED.,.F.,.F.,.F.,
(4,1,4),(4,4),(0.,0.5,1.),(0.,0.21177122133632),.UNSPECIFIED.);
#178=B_SPLINE_SURFACE_WITH_KNOTS('',3,3,((#10256,#10257,#10258,#10259,#10260),
(#10261,#10262,#10263,#10264,#10265),(#10266,#10267,#10268,#10269,#10270),
(#10271,#10272,#10273,#10274,#10275),(#10276,#10277,#10278,#10279,#10280)),
 .UNSPECIFIED.,.F.,.F.,.F.,(4,1,4),(4,1,4),(0.0960729366761376,0.483470249529221,
1.),(0.220077661375685,0.317180983938615,0.414284306501546),
 .UNSPECIFIED.);
#179=B_SPLINE_SURFACE_WITH_KNOTS('',3,3,((#10312,#10313,#10314,#10315),
(#10316,#10317,#10318,#10319),(#10320,#10321,#10322,#10323),(#10324,#10325,
#10326,#10327),(#10328,#10329,#10330,#10331)),.UNSPECIFIED.,.F.,.F.,.F.,
(4,1,4),(4,4),(0.,0.5,1.),(0.,0.0605692061396725),.UNSPECIFIED.);
#180=B_SPLINE_SURFACE_WITH_KNOTS('',3,3,((#10354,#10355,#10356,#10357),
(#10358,#10359,#10360,#10361),(#10362,#10363,#10364,#10365),(#10366,#10367,
#10368,#10369),(#10370,#10371,#10372,#10373)),.UNSPECIFIED.,.F.,.F.,.F.,
(4,1,4),(4,4),(0.,0.5,1.),(0.0310630103954324,0.0916322165351053),
 .UNSPECIFIED.);
#181=B_SPLINE_SURFACE_WITH_KNOTS('',3,3,((#10395,#10396,#10397,#10398),
(#10399,#10400,#10401,#10402),(#10403,#10404,#10405,#10406),(#10407,#10408,
#10409,#10410),(#10411,#10412,#10413,#10414)),.UNSPECIFIED.,.F.,.F.,.F.,
(4,1,4),(4,4),(0.,0.5,1.),(0.275601169626581,0.487372391604488),
 .UNSPECIFIED.);
#182=B_SPLINE_SURFACE_WITH_KNOTS('',3,3,((#10490,#10491,#10492,#10493),
(#10494,#10495,#10496,#10497),(#10498,#10499,#10500,#10501),(#10502,#10503,
#10504,#10505),(#10506,#10507,#10508,#10509)),.UNSPECIFIED.,.F.,.F.,.F.,
(4,1,4),(4,4),(0.,0.5,1.),(0.641971303221371,0.707469148701836),
 .UNSPECIFIED.);
#183=B_SPLINE_SURFACE_WITH_KNOTS('',3,3,((#10517,#10518,#10519,#10520,#10521),
(#10522,#10523,#10524,#10525,#10526),(#10527,#10528,#10529,#10530,#10531),
(#10532,#10533,#10534,#10535,#10536),(#10537,#10538,#10539,#10540,#10541)),
 .UNSPECIFIED.,.F.,.F.,.F.,(4,1,4),(4,1,4),(0.0960729362302906,0.483470249274452,
1.),(0.634783904809698,0.731866174320911,0.828948443832123),
 .UNSPECIFIED.);
#184=B_SPLINE_SURFACE_WITH_KNOTS('',3,3,((#10565,#10566,#10567,#10568),
(#10569,#10570,#10571,#10572),(#10573,#10574,#10575,#10576),(#10577,#10578,
#10579,#10580),(#10581,#10582,#10583,#10584)),.UNSPECIFIED.,.F.,.F.,.F.,
(4,1,4),(4,4),(0.,0.5,1.),(0.,0.211771221336344),.UNSPECIFIED.);
#185=B_SPLINE_SURFACE_WITH_KNOTS('',3,3,((#10601,#10602,#10603,#10604,#10605),
(#10606,#10607,#10608,#10609,#10610),(#10611,#10612,#10613,#10614,#10615),
(#10616,#10617,#10618,#10619,#10620),(#10621,#10622,#10623,#10624,#10625)),
 .UNSPECIFIED.,.F.,.F.,.F.,(4,1,4),(4,1,4),(0.0960729366928294,0.61260268715407,
1.),(0.220024290572831,0.317110197903402,0.414196105233973),
 .UNSPECIFIED.);
#186=B_SPLINE_SURFACE_WITH_KNOTS('',3,3,((#10650,#10651,#10652,#10653),
(#10654,#10655,#10656,#10657),(#10658,#10659,#10660,#10661),(#10662,#10663,
#10664,#10665),(#10666,#10667,#10668,#10669)),.UNSPECIFIED.,.F.,.F.,.F.,
(4,1,4),(4,4),(0.,0.5,1.),(5.01284407241993E-17,0.0605692061396713),
 .UNSPECIFIED.);
#187=B_SPLINE_SURFACE_WITH_KNOTS('',3,3,((#10692,#10693,#10694,#10695),
(#10696,#10697,#10698,#10699),(#10700,#10701,#10702,#10703),(#10704,#10705,
#10706,#10707),(#10708,#10709,#10710,#10711)),.UNSPECIFIED.,.F.,.F.,.F.,
(4,1,4),(4,4),(0.,0.5,1.),(0.0310630103954326,0.0916322165351051),
 .UNSPECIFIED.);
#188=B_SPLINE_SURFACE_WITH_KNOTS('',3,3,((#10732,#10733,#10734,#10735),
(#10736,#10737,#10738,#10739),(#10740,#10741,#10742,#10743),(#10744,#10745,
#10746,#10747),(#10748,#10749,#10750,#10751)),.UNSPECIFIED.,.F.,.F.,.F.,
(4,1,4),(4,4),(0.,0.5,1.),(0.275601169626628,0.487372391628071),
 .UNSPECIFIED.);
#189=B_SPLINE_SURFACE_WITH_KNOTS('',3,3,((#10823,#10824,#10825,#10826),
(#10827,#10828,#10829,#10830),(#10831,#10832,#10833,#10834),(#10835,#10836,
#10837,#10838),(#10839,#10840,#10841,#10842)),.UNSPECIFIED.,.F.,.F.,.F.,
(4,1,4),(4,4),(0.,0.5,1.),(0.641971303221371,0.707469148701837),
 .UNSPECIFIED.);
#190=B_SPLINE_SURFACE_WITH_KNOTS('',3,3,((#10850,#10851,#10852,#10853),
(#10854,#10855,#10856,#10857),(#10858,#10859,#10860,#10861),(#10862,#10863,
#10864,#10865),(#10866,#10867,#10868,#10869)),.UNSPECIFIED.,.F.,.F.,.F.,
(4,1,4),(4,4),(0.,0.5,1.),(0.576473457740905,0.641971303221371),
 .UNSPECIFIED.);
#191=B_SPLINE_SURFACE_WITH_KNOTS('',3,3,((#10875,#10876,#10877,#10878),
(#10879,#10880,#10881,#10882),(#10883,#10884,#10885,#10886),(#10887,#10888,
#10889,#10890),(#10891,#10892,#10893,#10894)),.UNSPECIFIED.,.F.,.F.,.F.,
(4,1,4),(4,4),(0.,0.5,1.),(0.,0.139714554044973),.UNSPECIFIED.);
#192=B_SPLINE_SURFACE_WITH_KNOTS('',3,3,((#10904,#10905,#10906,#10907),
(#10908,#10909,#10910,#10911),(#10912,#10913,#10914,#10915),(#10916,#10917,
#10918,#10919),(#10920,#10921,#10922,#10923)),.UNSPECIFIED.,.F.,.F.,.F.,
(4,1,4),(4,4),(0.,0.5,1.),(0.576473457740905,0.641971303221371),
 .UNSPECIFIED.);
#193=B_SPLINE_SURFACE_WITH_KNOTS('',3,3,((#10929,#10930,#10931,#10932),
(#10933,#10934,#10935,#10936),(#10937,#10938,#10939,#10940),(#10941,#10942,
#10943,#10944),(#10945,#10946,#10947,#10948)),.UNSPECIFIED.,.F.,.F.,.F.,
(4,1,4),(4,4),(0.,0.5,1.),(0.,0.139714554044889),.UNSPECIFIED.);
#194=B_SPLINE_SURFACE_WITH_KNOTS('',3,3,((#10958,#10959,#10960,#10961),
(#10962,#10963,#10964,#10965),(#10966,#10967,#10968,#10969),(#10970,#10971,
#10972,#10973),(#10974,#10975,#10976,#10977)),.UNSPECIFIED.,.F.,.F.,.F.,
(4,1,4),(4,4),(0.,0.5,1.),(0.576473457740905,0.641971303221371),
 .UNSPECIFIED.);
#195=B_SPLINE_SURFACE_WITH_KNOTS('',3,3,((#10983,#10984,#10985,#10986),
(#10987,#10988,#10989,#10990),(#10991,#10992,#10993,#10994),(#10995,#10996,
#10997,#10998),(#10999,#11000,#11001,#11002)),.UNSPECIFIED.,.F.,.F.,.F.,
(4,1,4),(4,4),(0.,0.5,1.),(0.,0.139714554045128),.UNSPECIFIED.);
#196=B_SPLINE_SURFACE_WITH_KNOTS('',3,3,((#11046,#11047,#11048,#11049),
(#11050,#11051,#11052,#11053),(#11054,#11055,#11056,#11057),(#11058,#11059,
#11060,#11061),(#11062,#11063,#11064,#11065)),.UNSPECIFIED.,.F.,.F.,.F.,
(4,1,4),(4,4),(0.,0.5,1.),(0.576473457740905,0.641971303221371),
 .UNSPECIFIED.);
#197=B_SPLINE_SURFACE_WITH_KNOTS('',3,3,((#11071,#11072,#11073,#11074),
(#11075,#11076,#11077,#11078),(#11079,#11080,#11081,#11082),(#11083,#11084,
#11085,#11086),(#11087,#11088,#11089,#11090)),.UNSPECIFIED.,.F.,.F.,.F.,
(4,1,4),(4,4),(0.,0.5,1.),(0.,0.139714554045061),.UNSPECIFIED.);
#198=B_SPLINE_SURFACE_WITH_KNOTS('',3,3,((#11242,#11243,#11244,#11245),
(#11246,#11247,#11248,#11249),(#11250,#11251,#11252,#11253),(#11254,#11255,
#11256,#11257)),.UNSPECIFIED.,.F.,.F.,.F.,(4,4),(4,4),(0.,1.),(-1.5707963267949,
-0.927295218001612),.UNSPECIFIED.);
#199=B_SPLINE_SURFACE_WITH_KNOTS('',3,3,((#11258,#11259,#11260,#11261),
(#11262,#11263,#11264,#11265),(#11266,#11267,#11268,#11269),(#11270,#11271,
#11272,#11273)),.UNSPECIFIED.,.F.,.F.,.F.,(4,4),(4,4),(0.,1.),(-1.5707963267949,
-0.927295218001612),.UNSPECIFIED.);
#200=B_SPLINE_SURFACE_WITH_KNOTS('',3,3,((#11477,#11478,#11479,#11480),
(#11481,#11482,#11483,#11484),(#11485,#11486,#11487,#11488),(#11489,#11490,
#11491,#11492)),.UNSPECIFIED.,.F.,.F.,.F.,(4,4),(4,4),(0.,1.),(-1.5707963267949,
-0.927295218001612),.UNSPECIFIED.);
#201=B_SPLINE_SURFACE_WITH_KNOTS('',3,3,((#11493,#11494,#11495,#11496),
(#11497,#11498,#11499,#11500),(#11501,#11502,#11503,#11504),(#11505,#11506,
#11507,#11508)),.UNSPECIFIED.,.F.,.F.,.F.,(4,4),(4,4),(0.,1.),(-1.5707963267949,
-0.927295218001612),.UNSPECIFIED.);
#202=FACE_BOUND('',#864,.T.);
#203=FACE_BOUND('',#865,.T.);
#204=FACE_BOUND('',#866,.T.);
#205=FACE_BOUND('',#867,.T.);
#206=FACE_BOUND('',#868,.T.);
#207=FACE_BOUND('',#869,.T.);
#208=FACE_BOUND('',#870,.T.);
#209=FACE_BOUND('',#871,.T.);
#210=FACE_BOUND('',#872,.T.);
#211=FACE_BOUND('',#873,.T.);
#212=FACE_BOUND('',#874,.T.);
#213=FACE_BOUND('',#875,.T.);
#214=FACE_BOUND('',#876,.T.);
#215=FACE_BOUND('',#877,.T.);
#216=FACE_BOUND('',#878,.T.);
#217=FACE_BOUND('',#879,.T.);
#218=FACE_BOUND('',#880,.T.);
#219=FACE_BOUND('',#1139,.T.);
#220=FACE_BOUND('',#1140,.T.);
#221=FACE_BOUND('',#1141,.T.);
#222=FACE_BOUND('',#1142,.T.);
#223=FACE_BOUND('',#1143,.T.);
#224=FACE_BOUND('',#1144,.T.);
#225=FACE_BOUND('',#1145,.T.);
#226=FACE_BOUND('',#1146,.T.);
#227=FACE_BOUND('',#1147,.T.);
#228=FACE_BOUND('',#1208,.T.);
#229=CYLINDRICAL_SURFACE('',#6302,0.3);
#230=CYLINDRICAL_SURFACE('',#6355,0.3);
#231=CYLINDRICAL_SURFACE('',#6363,0.3);
#232=CYLINDRICAL_SURFACE('',#6372,0.3);
#233=CYLINDRICAL_SURFACE('',#6381,0.3);
#234=CYLINDRICAL_SURFACE('',#6390,0.3);
#235=CYLINDRICAL_SURFACE('',#6399,0.3);
#236=CYLINDRICAL_SURFACE('',#6408,0.3);
#237=CYLINDRICAL_SURFACE('',#6417,0.3);
#238=CYLINDRICAL_SURFACE('',#6427,0.3);
#239=CYLINDRICAL_SURFACE('',#6436,0.3);
#240=CYLINDRICAL_SURFACE('',#6444,0.3);
#241=CYLINDRICAL_SURFACE('',#6472,0.3);
#242=CYLINDRICAL_SURFACE('',#6482,0.3);
#243=CYLINDRICAL_SURFACE('',#6491,0.3);
#244=CYLINDRICAL_SURFACE('',#6517,0.3);
#245=CYLINDRICAL_SURFACE('',#6535,0.3);
#246=CYLINDRICAL_SURFACE('',#6544,0.3);
#247=CYLINDRICAL_SURFACE('',#6555,0.3);
#248=CYLINDRICAL_SURFACE('',#6556,0.3);
#249=CYLINDRICAL_SURFACE('',#6559,0.3);
#250=CYLINDRICAL_SURFACE('',#6561,0.3);
#251=CYLINDRICAL_SURFACE('',#6562,0.3);
#252=CYLINDRICAL_SURFACE('',#6565,0.3);
#253=CYLINDRICAL_SURFACE('',#6570,0.5);
#254=CYLINDRICAL_SURFACE('',#6574,0.5);
#255=CYLINDRICAL_SURFACE('',#6582,1.1);
#256=CYLINDRICAL_SURFACE('',#6590,1.5);
#257=CYLINDRICAL_SURFACE('',#6595,0.5);
#258=CYLINDRICAL_SURFACE('',#6599,0.5);
#259=CYLINDRICAL_SURFACE('',#6607,1.1);
#260=CYLINDRICAL_SURFACE('',#6615,1.5);
#261=CYLINDRICAL_SURFACE('',#6620,0.5);
#262=CYLINDRICAL_SURFACE('',#6624,0.5);
#263=CYLINDRICAL_SURFACE('',#6632,1.1);
#264=CYLINDRICAL_SURFACE('',#6640,1.5);
#265=CYLINDRICAL_SURFACE('',#6645,0.5);
#266=CYLINDRICAL_SURFACE('',#6649,0.5);
#267=CYLINDRICAL_SURFACE('',#6657,1.1);
#268=CYLINDRICAL_SURFACE('',#6665,1.5);
#269=CYLINDRICAL_SURFACE('',#6672,1.5);
#270=CYLINDRICAL_SURFACE('',#6678,1.5);
#271=CYLINDRICAL_SURFACE('',#6684,1.1);
#272=CYLINDRICAL_SURFACE('',#6687,1.5);
#273=CYLINDRICAL_SURFACE('',#6689,1.5);
#274=CYLINDRICAL_SURFACE('',#6695,1.1);
#275=CYLINDRICAL_SURFACE('',#6698,1.5);
#276=CYLINDRICAL_SURFACE('',#6700,1.5);
#277=CYLINDRICAL_SURFACE('',#6710,1.1);
#278=CYLINDRICAL_SURFACE('',#6713,1.5);
#279=CYLINDRICAL_SURFACE('',#6716,1.1);
#280=CYLINDRICAL_SURFACE('',#6719,1.5);
#281=CYLINDRICAL_SURFACE('',#6751,0.9);
#282=CYLINDRICAL_SURFACE('',#6755,0.9);
#283=CYLINDRICAL_SURFACE('',#6764,0.9);
#284=CYLINDRICAL_SURFACE('',#6768,0.9);
#285=CYLINDRICAL_SURFACE('',#6772,0.5);
#286=CYLINDRICAL_SURFACE('',#6775,0.5);
#287=CYLINDRICAL_SURFACE('',#6780,0.5);
#288=CYLINDRICAL_SURFACE('',#6784,0.5);
#289=CYLINDRICAL_SURFACE('',#6834,0.3);
#290=CYLINDRICAL_SURFACE('',#6836,0.700000000000001);
#291=CYLINDRICAL_SURFACE('',#6838,0.700000000000001);
#292=CYLINDRICAL_SURFACE('',#6840,0.3);
#293=CYLINDRICAL_SURFACE('',#6842,0.700000000000001);
#294=CYLINDRICAL_SURFACE('',#6844,0.700000000000001);
#295=CYLINDRICAL_SURFACE('',#6852,0.700000000000001);
#296=CYLINDRICAL_SURFACE('',#6854,0.3);
#297=CYLINDRICAL_SURFACE('',#6856,0.700000000000001);
#298=CYLINDRICAL_SURFACE('',#6858,0.700000000000001);
#299=CYLINDRICAL_SURFACE('',#6860,0.3);
#300=CYLINDRICAL_SURFACE('',#6862,0.700000000000001);
#301=CYLINDRICAL_SURFACE('',#6864,0.5);
#302=CYLINDRICAL_SURFACE('',#6867,0.5);
#303=CYLINDRICAL_SURFACE('',#6871,0.5);
#304=CYLINDRICAL_SURFACE('',#6875,0.5);
#305=PLANE('',#6296);
#306=PLANE('',#6300);
#307=PLANE('',#6301);
#308=PLANE('',#6304);
#309=PLANE('',#6350);
#310=PLANE('',#6353);
#311=PLANE('',#6354);
#312=PLANE('',#6357);
#313=PLANE('',#6360);
#314=PLANE('',#6365);
#315=PLANE('',#6366);
#316=PLANE('',#6369);
#317=PLANE('',#6374);
#318=PLANE('',#6375);
#319=PLANE('',#6378);
#320=PLANE('',#6383);
#321=PLANE('',#6384);
#322=PLANE('',#6387);
#323=PLANE('',#6392);
#324=PLANE('',#6393);
#325=PLANE('',#6396);
#326=PLANE('',#6401);
#327=PLANE('',#6402);
#328=PLANE('',#6405);
#329=PLANE('',#6410);
#330=PLANE('',#6411);
#331=PLANE('',#6414);
#332=PLANE('',#6419);
#333=PLANE('',#6422);
#334=PLANE('',#6425);
#335=PLANE('',#6426);
#336=PLANE('',#6431);
#337=PLANE('',#6434);
#338=PLANE('',#6435);
#339=PLANE('',#6438);
#340=PLANE('',#6441);
#341=PLANE('',#6446);
#342=PLANE('',#6449);
#343=PLANE('',#6453);
#344=PLANE('',#6454);
#345=PLANE('',#6455);
#346=PLANE('',#6456);
#347=PLANE('',#6460);
#348=PLANE('',#6463);
#349=PLANE('',#6467);
#350=PLANE('',#6470);
#351=PLANE('',#6471);
#352=PLANE('',#6473);
#353=PLANE('',#6477);
#354=PLANE('',#6480);
#355=PLANE('',#6481);
#356=PLANE('',#6483);
#357=PLANE('',#6484);
#358=PLANE('',#6487);
#359=PLANE('',#6492);
#360=PLANE('',#6495);
#361=PLANE('',#6499);
#362=PLANE('',#6500);
#363=PLANE('',#6503);
#364=PLANE('',#6507);
#365=PLANE('',#6508);
#366=PLANE('',#6509);
#367=PLANE('',#6513);
#368=PLANE('',#6516);
#369=PLANE('',#6518);
#370=PLANE('',#6521);
#371=PLANE('',#6525);
#372=PLANE('',#6526);
#373=PLANE('',#6530);
#374=PLANE('',#6533);
#375=PLANE('',#6534);
#376=PLANE('',#6536);
#377=PLANE('',#6537);
#378=PLANE('',#6540);
#379=PLANE('',#6545);
#380=PLANE('',#6548);
#381=PLANE('',#6552);
#382=PLANE('',#6553);
#383=PLANE('',#6554);
#384=PLANE('',#6557);
#385=PLANE('',#6558);
#386=PLANE('',#6560);
#387=PLANE('',#6563);
#388=PLANE('',#6564);
#389=PLANE('',#6566);
#390=PLANE('',#6581);
#391=PLANE('',#6606);
#392=PLANE('',#6631);
#393=PLANE('',#6656);
#394=PLANE('',#6686);
#395=PLANE('',#6697);
#396=PLANE('',#6709);
#397=PLANE('',#6712);
#398=PLANE('',#6715);
#399=PLANE('',#6718);
#400=PLANE('',#6721);
#401=PLANE('',#6722);
#402=PLANE('',#6726);
#403=PLANE('',#6770);
#404=PLANE('',#6771);
#405=PLANE('',#6774);
#406=PLANE('',#6777);
#407=PLANE('',#6778);
#408=PLANE('',#6779);
#409=PLANE('',#6782);
#410=PLANE('',#6783);
#411=PLANE('',#6786);
#412=PLANE('',#6790);
#413=PLANE('',#6794);
#414=PLANE('',#6798);
#415=PLANE('',#6802);
#416=PLANE('',#6806);
#417=PLANE('',#6810);
#418=PLANE('',#6814);
#419=PLANE('',#6818);
#420=PLANE('',#6822);
#421=PLANE('',#6826);
#422=PLANE('',#6830);
#423=PLANE('',#6835);
#424=PLANE('',#6837);
#425=PLANE('',#6839);
#426=PLANE('',#6841);
#427=PLANE('',#6843);
#428=PLANE('',#6845);
#429=PLANE('',#6846);
#430=PLANE('',#6849);
#431=PLANE('',#6850);
#432=PLANE('',#6851);
#433=PLANE('',#6853);
#434=PLANE('',#6855);
#435=PLANE('',#6857);
#436=PLANE('',#6859);
#437=PLANE('',#6861);
#438=PLANE('',#6863);
#439=PLANE('',#6866);
#440=PLANE('',#6869);
#441=PLANE('',#6870);
#442=PLANE('',#6873);
#443=PLANE('',#6874);
#444=PLANE('',#6877);
#445=PLANE('',#6878);
#446=PLANE('',#6879);
#447=PLANE('',#6880);
#448=PLANE('',#6881);
#449=PLANE('',#6882);
#450=PLANE('',#6883);
#451=PLANE('',#6884);
#452=PLANE('',#6885);
#453=PLANE('',#6887);
#454=PLANE('',#6890);
#455=PLANE('',#6893);
#456=PLANE('',#6898);
#457=PLANE('',#6901);
#458=PLANE('',#6904);
#459=PLANE('',#6905);
#460=PLANE('',#6908);
#461=PLANE('',#6911);
#462=PLANE('',#6916);
#463=PLANE('',#6919);
#464=PLANE('',#6922);
#465=PLANE('',#6923);
#466=PLANE('',#6924);
#467=PLANE('',#6925);
#468=PLANE('',#6926);
#469=FACE_OUTER_BOUND('',#857,.T.);
#470=FACE_OUTER_BOUND('',#858,.T.);
#471=FACE_OUTER_BOUND('',#859,.T.);
#472=FACE_OUTER_BOUND('',#860,.T.);
#473=FACE_OUTER_BOUND('',#861,.T.);
#474=FACE_OUTER_BOUND('',#862,.T.);
#475=FACE_OUTER_BOUND('',#863,.T.);
#476=FACE_OUTER_BOUND('',#881,.T.);
#477=FACE_OUTER_BOUND('',#882,.T.);
#478=FACE_OUTER_BOUND('',#883,.T.);
#479=FACE_OUTER_BOUND('',#884,.T.);
#480=FACE_OUTER_BOUND('',#885,.T.);
#481=FACE_OUTER_BOUND('',#886,.T.);
#482=FACE_OUTER_BOUND('',#887,.T.);
#483=FACE_OUTER_BOUND('',#888,.T.);
#484=FACE_OUTER_BOUND('',#889,.T.);
#485=FACE_OUTER_BOUND('',#890,.T.);
#486=FACE_OUTER_BOUND('',#891,.T.);
#487=FACE_OUTER_BOUND('',#892,.T.);
#488=FACE_OUTER_BOUND('',#893,.T.);
#489=FACE_OUTER_BOUND('',#894,.T.);
#490=FACE_OUTER_BOUND('',#895,.T.);
#491=FACE_OUTER_BOUND('',#896,.T.);
#492=FACE_OUTER_BOUND('',#897,.T.);
#493=FACE_OUTER_BOUND('',#898,.T.);
#494=FACE_OUTER_BOUND('',#899,.T.);
#495=FACE_OUTER_BOUND('',#900,.T.);
#496=FACE_OUTER_BOUND('',#901,.T.);
#497=FACE_OUTER_BOUND('',#902,.T.);
#498=FACE_OUTER_BOUND('',#903,.T.);
#499=FACE_OUTER_BOUND('',#904,.T.);
#500=FACE_OUTER_BOUND('',#905,.T.);
#501=FACE_OUTER_BOUND('',#906,.T.);
#502=FACE_OUTER_BOUND('',#907,.T.);
#503=FACE_OUTER_BOUND('',#908,.T.);
#504=FACE_OUTER_BOUND('',#909,.T.);
#505=FACE_OUTER_BOUND('',#910,.T.);
#506=FACE_OUTER_BOUND('',#911,.T.);
#507=FACE_OUTER_BOUND('',#912,.T.);
#508=FACE_OUTER_BOUND('',#913,.T.);
#509=FACE_OUTER_BOUND('',#914,.T.);
#510=FACE_OUTER_BOUND('',#915,.T.);
#511=FACE_OUTER_BOUND('',#916,.T.);
#512=FACE_OUTER_BOUND('',#917,.T.);
#513=FACE_OUTER_BOUND('',#918,.T.);
#514=FACE_OUTER_BOUND('',#919,.T.);
#515=FACE_OUTER_BOUND('',#920,.T.);
#516=FACE_OUTER_BOUND('',#921,.T.);
#517=FACE_OUTER_BOUND('',#922,.T.);
#518=FACE_OUTER_BOUND('',#923,.T.);
#519=FACE_OUTER_BOUND('',#924,.T.);
#520=FACE_OUTER_BOUND('',#925,.T.);
#521=FACE_OUTER_BOUND('',#926,.T.);
#522=FACE_OUTER_BOUND('',#927,.T.);
#523=FACE_OUTER_BOUND('',#928,.T.);
#524=FACE_OUTER_BOUND('',#929,.T.);
#525=FACE_OUTER_BOUND('',#930,.T.);
#526=FACE_OUTER_BOUND('',#931,.T.);
#527=FACE_OUTER_BOUND('',#932,.T.);
#528=FACE_OUTER_BOUND('',#933,.T.);
#529=FACE_OUTER_BOUND('',#934,.T.);
#530=FACE_OUTER_BOUND('',#935,.T.);
#531=FACE_OUTER_BOUND('',#936,.T.);
#532=FACE_OUTER_BOUND('',#937,.T.);
#533=FACE_OUTER_BOUND('',#938,.T.);
#534=FACE_OUTER_BOUND('',#939,.T.);
#535=FACE_OUTER_BOUND('',#940,.T.);
#536=FACE_OUTER_BOUND('',#941,.T.);
#537=FACE_OUTER_BOUND('',#942,.T.);
#538=FACE_OUTER_BOUND('',#943,.T.);
#539=FACE_OUTER_BOUND('',#944,.T.);
#540=FACE_OUTER_BOUND('',#945,.T.);
#541=FACE_OUTER_BOUND('',#946,.T.);
#542=FACE_OUTER_BOUND('',#947,.T.);
#543=FACE_OUTER_BOUND('',#948,.T.);
#544=FACE_OUTER_BOUND('',#949,.T.);
#545=FACE_OUTER_BOUND('',#950,.T.);
#546=FACE_OUTER_BOUND('',#951,.T.);
#547=FACE_OUTER_BOUND('',#952,.T.);
#548=FACE_OUTER_BOUND('',#953,.T.);
#549=FACE_OUTER_BOUND('',#954,.T.);
#550=FACE_OUTER_BOUND('',#955,.T.);
#551=FACE_OUTER_BOUND('',#956,.T.);
#552=FACE_OUTER_BOUND('',#957,.T.);
#553=FACE_OUTER_BOUND('',#958,.T.);
#554=FACE_OUTER_BOUND('',#959,.T.);
#555=FACE_OUTER_BOUND('',#960,.T.);
#556=FACE_OUTER_BOUND('',#961,.T.);
#557=FACE_OUTER_BOUND('',#962,.T.);
#558=FACE_OUTER_BOUND('',#963,.T.);
#559=FACE_OUTER_BOUND('',#964,.T.);
#560=FACE_OUTER_BOUND('',#965,.T.);
#561=FACE_OUTER_BOUND('',#966,.T.);
#562=FACE_OUTER_BOUND('',#967,.T.);
#563=FACE_OUTER_BOUND('',#968,.T.);
#564=FACE_OUTER_BOUND('',#969,.T.);
#565=FACE_OUTER_BOUND('',#970,.T.);
#566=FACE_OUTER_BOUND('',#971,.T.);
#567=FACE_OUTER_BOUND('',#972,.T.);
#568=FACE_OUTER_BOUND('',#973,.T.);
#569=FACE_OUTER_BOUND('',#974,.T.);
#570=FACE_OUTER_BOUND('',#975,.T.);
#571=FACE_OUTER_BOUND('',#976,.T.);
#572=FACE_OUTER_BOUND('',#977,.T.);
#573=FACE_OUTER_BOUND('',#978,.T.);
#574=FACE_OUTER_BOUND('',#979,.T.);
#575=FACE_OUTER_BOUND('',#980,.T.);
#576=FACE_OUTER_BOUND('',#981,.T.);
#577=FACE_OUTER_BOUND('',#982,.T.);
#578=FACE_OUTER_BOUND('',#983,.T.);
#579=FACE_OUTER_BOUND('',#984,.T.);
#580=FACE_OUTER_BOUND('',#985,.T.);
#581=FACE_OUTER_BOUND('',#986,.T.);
#582=FACE_OUTER_BOUND('',#987,.T.);
#583=FACE_OUTER_BOUND('',#988,.T.);
#584=FACE_OUTER_BOUND('',#989,.T.);
#585=FACE_OUTER_BOUND('',#990,.T.);
#586=FACE_OUTER_BOUND('',#991,.T.);
#587=FACE_OUTER_BOUND('',#992,.T.);
#588=FACE_OUTER_BOUND('',#993,.T.);
#589=FACE_OUTER_BOUND('',#994,.T.);
#590=FACE_OUTER_BOUND('',#995,.T.);
#591=FACE_OUTER_BOUND('',#996,.T.);
#592=FACE_OUTER_BOUND('',#997,.T.);
#593=FACE_OUTER_BOUND('',#998,.T.);
#594=FACE_OUTER_BOUND('',#999,.T.);
#595=FACE_OUTER_BOUND('',#1000,.T.);
#596=FACE_OUTER_BOUND('',#1001,.T.);
#597=FACE_OUTER_BOUND('',#1002,.T.);
#598=FACE_OUTER_BOUND('',#1003,.T.);
#599=FACE_OUTER_BOUND('',#1004,.T.);
#600=FACE_OUTER_BOUND('',#1005,.T.);
#601=FACE_OUTER_BOUND('',#1006,.T.);
#602=FACE_OUTER_BOUND('',#1007,.T.);
#603=FACE_OUTER_BOUND('',#1008,.T.);
#604=FACE_OUTER_BOUND('',#1009,.T.);
#605=FACE_OUTER_BOUND('',#1010,.T.);
#606=FACE_OUTER_BOUND('',#1011,.T.);
#607=FACE_OUTER_BOUND('',#1012,.T.);
#608=FACE_OUTER_BOUND('',#1013,.T.);
#609=FACE_OUTER_BOUND('',#1014,.T.);
#610=FACE_OUTER_BOUND('',#1015,.T.);
#611=FACE_OUTER_BOUND('',#1016,.T.);
#612=FACE_OUTER_BOUND('',#1017,.T.);
#613=FACE_OUTER_BOUND('',#1018,.T.);
#614=FACE_OUTER_BOUND('',#1019,.T.);
#615=FACE_OUTER_BOUND('',#1020,.T.);
#616=FACE_OUTER_BOUND('',#1021,.T.);
#617=FACE_OUTER_BOUND('',#1022,.T.);
#618=FACE_OUTER_BOUND('',#1023,.T.);
#619=FACE_OUTER_BOUND('',#1024,.T.);
#620=FACE_OUTER_BOUND('',#1025,.T.);
#621=FACE_OUTER_BOUND('',#1026,.T.);
#622=FACE_OUTER_BOUND('',#1027,.T.);
#623=FACE_OUTER_BOUND('',#1028,.T.);
#624=FACE_OUTER_BOUND('',#1029,.T.);
#625=FACE_OUTER_BOUND('',#1030,.T.);
#626=FACE_OUTER_BOUND('',#1031,.T.);
#627=FACE_OUTER_BOUND('',#1032,.T.);
#628=FACE_OUTER_BOUND('',#1033,.T.);
#629=FACE_OUTER_BOUND('',#1034,.T.);
#630=FACE_OUTER_BOUND('',#1035,.T.);
#631=FACE_OUTER_BOUND('',#1036,.T.);
#632=FACE_OUTER_BOUND('',#1037,.T.);
#633=FACE_OUTER_BOUND('',#1038,.T.);
#634=FACE_OUTER_BOUND('',#1039,.T.);
#635=FACE_OUTER_BOUND('',#1040,.T.);
#636=FACE_OUTER_BOUND('',#1041,.T.);
#637=FACE_OUTER_BOUND('',#1042,.T.);
#638=FACE_OUTER_BOUND('',#1043,.T.);
#639=FACE_OUTER_BOUND('',#1044,.T.);
#640=FACE_OUTER_BOUND('',#1045,.T.);
#641=FACE_OUTER_BOUND('',#1046,.T.);
#642=FACE_OUTER_BOUND('',#1047,.T.);
#643=FACE_OUTER_BOUND('',#1048,.T.);
#644=FACE_OUTER_BOUND('',#1049,.T.);
#645=FACE_OUTER_BOUND('',#1050,.T.);
#646=FACE_OUTER_BOUND('',#1051,.T.);
#647=FACE_OUTER_BOUND('',#1052,.T.);
#648=FACE_OUTER_BOUND('',#1053,.T.);
#649=FACE_OUTER_BOUND('',#1054,.T.);
#650=FACE_OUTER_BOUND('',#1055,.T.);
#651=FACE_OUTER_BOUND('',#1056,.T.);
#652=FACE_OUTER_BOUND('',#1057,.T.);
#653=FACE_OUTER_BOUND('',#1058,.T.);
#654=FACE_OUTER_BOUND('',#1059,.T.);
#655=FACE_OUTER_BOUND('',#1060,.T.);
#656=FACE_OUTER_BOUND('',#1061,.T.);
#657=FACE_OUTER_BOUND('',#1062,.T.);
#658=FACE_OUTER_BOUND('',#1063,.T.);
#659=FACE_OUTER_BOUND('',#1064,.T.);
#660=FACE_OUTER_BOUND('',#1065,.T.);
#661=FACE_OUTER_BOUND('',#1066,.T.);
#662=FACE_OUTER_BOUND('',#1067,.T.);
#663=FACE_OUTER_BOUND('',#1068,.T.);
#664=FACE_OUTER_BOUND('',#1069,.T.);
#665=FACE_OUTER_BOUND('',#1070,.T.);
#666=FACE_OUTER_BOUND('',#1071,.T.);
#667=FACE_OUTER_BOUND('',#1072,.T.);
#668=FACE_OUTER_BOUND('',#1073,.T.);
#669=FACE_OUTER_BOUND('',#1074,.T.);
#670=FACE_OUTER_BOUND('',#1075,.T.);
#671=FACE_OUTER_BOUND('',#1076,.T.);
#672=FACE_OUTER_BOUND('',#1077,.T.);
#673=FACE_OUTER_BOUND('',#1078,.T.);
#674=FACE_OUTER_BOUND('',#1079,.T.);
#675=FACE_OUTER_BOUND('',#1080,.T.);
#676=FACE_OUTER_BOUND('',#1081,.T.);
#677=FACE_OUTER_BOUND('',#1082,.T.);
#678=FACE_OUTER_BOUND('',#1083,.T.);
#679=FACE_OUTER_BOUND('',#1084,.T.);
#680=FACE_OUTER_BOUND('',#1085,.T.);
#681=FACE_OUTER_BOUND('',#1086,.T.);
#682=FACE_OUTER_BOUND('',#1087,.T.);
#683=FACE_OUTER_BOUND('',#1088,.T.);
#684=FACE_OUTER_BOUND('',#1089,.T.);
#685=FACE_OUTER_BOUND('',#1090,.T.);
#686=FACE_OUTER_BOUND('',#1091,.T.);
#687=FACE_OUTER_BOUND('',#1092,.T.);
#688=FACE_OUTER_BOUND('',#1093,.T.);
#689=FACE_OUTER_BOUND('',#1094,.T.);
#690=FACE_OUTER_BOUND('',#1095,.T.);
#691=FACE_OUTER_BOUND('',#1096,.T.);
#692=FACE_OUTER_BOUND('',#1097,.T.);
#693=FACE_OUTER_BOUND('',#1098,.T.);
#694=FACE_OUTER_BOUND('',#1099,.T.);
#695=FACE_OUTER_BOUND('',#1100,.T.);
#696=FACE_OUTER_BOUND('',#1101,.T.);
#697=FACE_OUTER_BOUND('',#1102,.T.);
#698=FACE_OUTER_BOUND('',#1103,.T.);
#699=FACE_OUTER_BOUND('',#1104,.T.);
#700=FACE_OUTER_BOUND('',#1105,.T.);
#701=FACE_OUTER_BOUND('',#1106,.T.);
#702=FACE_OUTER_BOUND('',#1107,.T.);
#703=FACE_OUTER_BOUND('',#1108,.T.);
#704=FACE_OUTER_BOUND('',#1109,.T.);
#705=FACE_OUTER_BOUND('',#1110,.T.);
#706=FACE_OUTER_BOUND('',#1111,.T.);
#707=FACE_OUTER_BOUND('',#1112,.T.);
#708=FACE_OUTER_BOUND('',#1113,.T.);
#709=FACE_OUTER_BOUND('',#1114,.T.);
#710=FACE_OUTER_BOUND('',#1115,.T.);
#711=FACE_OUTER_BOUND('',#1116,.T.);
#712=FACE_OUTER_BOUND('',#1117,.T.);
#713=FACE_OUTER_BOUND('',#1118,.T.);
#714=FACE_OUTER_BOUND('',#1119,.T.);
#715=FACE_OUTER_BOUND('',#1120,.T.);
#716=FACE_OUTER_BOUND('',#1121,.T.);
#717=FACE_OUTER_BOUND('',#1122,.T.);
#718=FACE_OUTER_BOUND('',#1123,.T.);
#719=FACE_OUTER_BOUND('',#1124,.T.);
#720=FACE_OUTER_BOUND('',#1125,.T.);
#721=FACE_OUTER_BOUND('',#1126,.T.);
#722=FACE_OUTER_BOUND('',#1127,.T.);
#723=FACE_OUTER_BOUND('',#1128,.T.);
#724=FACE_OUTER_BOUND('',#1129,.T.);
#725=FACE_OUTER_BOUND('',#1130,.T.);
#726=FACE_OUTER_BOUND('',#1131,.T.);
#727=FACE_OUTER_BOUND('',#1132,.T.);
#728=FACE_OUTER_BOUND('',#1133,.T.);
#729=FACE_OUTER_BOUND('',#1134,.T.);
#730=FACE_OUTER_BOUND('',#1135,.T.);
#731=FACE_OUTER_BOUND('',#1136,.T.);
#732=FACE_OUTER_BOUND('',#1137,.T.);
#733=FACE_OUTER_BOUND('',#1138,.T.);
#734=FACE_OUTER_BOUND('',#1148,.T.);
#735=FACE_OUTER_BOUND('',#1149,.T.);
#736=FACE_OUTER_BOUND('',#1150,.T.);
#737=FACE_OUTER_BOUND('',#1151,.T.);
#738=FACE_OUTER_BOUND('',#1152,.T.);
#739=FACE_OUTER_BOUND('',#1153,.T.);
#740=FACE_OUTER_BOUND('',#1154,.T.);
#741=FACE_OUTER_BOUND('',#1155,.T.);
#742=FACE_OUTER_BOUND('',#1156,.T.);
#743=FACE_OUTER_BOUND('',#1157,.T.);
#744=FACE_OUTER_BOUND('',#1158,.T.);
#745=FACE_OUTER_BOUND('',#1159,.T.);
#746=FACE_OUTER_BOUND('',#1160,.T.);
#747=FACE_OUTER_BOUND('',#1161,.T.);
#748=FACE_OUTER_BOUND('',#1162,.T.);
#749=FACE_OUTER_BOUND('',#1163,.T.);
#750=FACE_OUTER_BOUND('',#1164,.T.);
#751=FACE_OUTER_BOUND('',#1165,.T.);
#752=FACE_OUTER_BOUND('',#1166,.T.);
#753=FACE_OUTER_BOUND('',#1167,.T.);
#754=FACE_OUTER_BOUND('',#1168,.T.);
#755=FACE_OUTER_BOUND('',#1169,.T.);
#756=FACE_OUTER_BOUND('',#1170,.T.);
#757=FACE_OUTER_BOUND('',#1171,.T.);
#758=FACE_OUTER_BOUND('',#1172,.T.);
#759=FACE_OUTER_BOUND('',#1173,.T.);
#760=FACE_OUTER_BOUND('',#1174,.T.);
#761=FACE_OUTER_BOUND('',#1175,.T.);
#762=FACE_OUTER_BOUND('',#1176,.T.);
#763=FACE_OUTER_BOUND('',#1177,.T.);
#764=FACE_OUTER_BOUND('',#1178,.T.);
#765=FACE_OUTER_BOUND('',#1179,.T.);
#766=FACE_OUTER_BOUND('',#1180,.T.);
#767=FACE_OUTER_BOUND('',#1181,.T.);
#768=FACE_OUTER_BOUND('',#1182,.T.);
#769=FACE_OUTER_BOUND('',#1183,.T.);
#770=FACE_OUTER_BOUND('',#1184,.T.);
#771=FACE_OUTER_BOUND('',#1185,.T.);
#772=FACE_OUTER_BOUND('',#1186,.T.);
#773=FACE_OUTER_BOUND('',#1187,.T.);
#774=FACE_OUTER_BOUND('',#1188,.T.);
#775=FACE_OUTER_BOUND('',#1189,.T.);
#776=FACE_OUTER_BOUND('',#1190,.T.);
#777=FACE_OUTER_BOUND('',#1191,.T.);
#778=FACE_OUTER_BOUND('',#1192,.T.);
#779=FACE_OUTER_BOUND('',#1193,.T.);
#780=FACE_OUTER_BOUND('',#1194,.T.);
#781=FACE_OUTER_BOUND('',#1195,.T.);
#782=FACE_OUTER_BOUND('',#1196,.T.);
#783=FACE_OUTER_BOUND('',#1197,.T.);
#784=FACE_OUTER_BOUND('',#1198,.T.);
#785=FACE_OUTER_BOUND('',#1199,.T.);
#786=FACE_OUTER_BOUND('',#1200,.T.);
#787=FACE_OUTER_BOUND('',#1201,.T.);
#788=FACE_OUTER_BOUND('',#1202,.T.);
#789=FACE_OUTER_BOUND('',#1203,.T.);
#790=FACE_OUTER_BOUND('',#1204,.T.);
#791=FACE_OUTER_BOUND('',#1205,.T.);
#792=FACE_OUTER_BOUND('',#1206,.T.);
#793=FACE_OUTER_BOUND('',#1207,.T.);
#794=FACE_OUTER_BOUND('',#1209,.T.);
#795=FACE_OUTER_BOUND('',#1210,.T.);
#796=FACE_OUTER_BOUND('',#1211,.T.);
#797=FACE_OUTER_BOUND('',#1212,.T.);
#798=FACE_OUTER_BOUND('',#1213,.T.);
#799=FACE_OUTER_BOUND('',#1214,.T.);
#800=FACE_OUTER_BOUND('',#1215,.T.);
#801=FACE_OUTER_BOUND('',#1216,.T.);
#802=FACE_OUTER_BOUND('',#1217,.T.);
#803=FACE_OUTER_BOUND('',#1218,.T.);
#804=FACE_OUTER_BOUND('',#1219,.T.);
#805=FACE_OUTER_BOUND('',#1220,.T.);
#806=FACE_OUTER_BOUND('',#1221,.T.);
#807=FACE_OUTER_BOUND('',#1222,.T.);
#808=FACE_OUTER_BOUND('',#1223,.T.);
#809=FACE_OUTER_BOUND('',#1224,.T.);
#810=FACE_OUTER_BOUND('',#1225,.T.);
#811=FACE_OUTER_BOUND('',#1226,.T.);
#812=FACE_OUTER_BOUND('',#1227,.T.);
#813=FACE_OUTER_BOUND('',#1228,.T.);
#814=FACE_OUTER_BOUND('',#1229,.T.);
#815=FACE_OUTER_BOUND('',#1230,.T.);
#816=FACE_OUTER_BOUND('',#1231,.T.);
#817=FACE_OUTER_BOUND('',#1232,.T.);
#818=FACE_OUTER_BOUND('',#1233,.T.);
#819=FACE_OUTER_BOUND('',#1234,.T.);
#820=FACE_OUTER_BOUND('',#1235,.T.);
#821=FACE_OUTER_BOUND('',#1236,.T.);
#822=FACE_OUTER_BOUND('',#1237,.T.);
#823=FACE_OUTER_BOUND('',#1238,.T.);
#824=FACE_OUTER_BOUND('',#1239,.T.);
#825=FACE_OUTER_BOUND('',#1240,.T.);
#826=FACE_OUTER_BOUND('',#1241,.T.);
#827=FACE_OUTER_BOUND('',#1242,.T.);
#828=FACE_OUTER_BOUND('',#1243,.T.);
#829=FACE_OUTER_BOUND('',#1244,.T.);
#830=FACE_OUTER_BOUND('',#1245,.T.);
#831=FACE_OUTER_BOUND('',#1246,.T.);
#832=FACE_OUTER_BOUND('',#1247,.T.);
#833=FACE_OUTER_BOUND('',#1248,.T.);
#834=FACE_OUTER_BOUND('',#1249,.T.);
#835=FACE_OUTER_BOUND('',#1250,.T.);
#836=FACE_OUTER_BOUND('',#1251,.T.);
#837=FACE_OUTER_BOUND('',#1252,.T.);
#838=FACE_OUTER_BOUND('',#1253,.T.);
#839=FACE_OUTER_BOUND('',#1254,.T.);
#840=FACE_OUTER_BOUND('',#1255,.T.);
#841=FACE_OUTER_BOUND('',#1256,.T.);
#842=FACE_OUTER_BOUND('',#1257,.T.);
#843=FACE_OUTER_BOUND('',#1258,.T.);
#844=FACE_OUTER_BOUND('',#1259,.T.);
#845=FACE_OUTER_BOUND('',#1260,.T.);
#846=FACE_OUTER_BOUND('',#1261,.T.);
#847=FACE_OUTER_BOUND('',#1262,.T.);
#848=FACE_OUTER_BOUND('',#1263,.T.);
#849=FACE_OUTER_BOUND('',#1264,.T.);
#850=FACE_OUTER_BOUND('',#1265,.T.);
#851=FACE_OUTER_BOUND('',#1266,.T.);
#852=FACE_OUTER_BOUND('',#1267,.T.);
#853=FACE_OUTER_BOUND('',#1268,.T.);
#854=FACE_OUTER_BOUND('',#1269,.T.);
#855=FACE_OUTER_BOUND('',#1270,.T.);
#856=FACE_OUTER_BOUND('',#1271,.T.);
#857=EDGE_LOOP('',(#3994,#3995,#3996,#3997));
#858=EDGE_LOOP('',(#3998,#3999,#4000,#4001));
#859=EDGE_LOOP('',(#4002,#4003,#4004,#4005));
#860=EDGE_LOOP('',(#4006,#4007,#4008,#4009));
#861=EDGE_LOOP('',(#4010,#4011,#4012,#4013));
#862=EDGE_LOOP('',(#4014,#4015,#4016,#4017));
#863=EDGE_LOOP('',(#4018,#4019,#4020,#4021,#4022,#4023,#4024,#4025,#4026,
#4027,#4028,#4029,#4030,#4031,#4032,#4033,#4034,#4035,#4036,#4037));
#864=EDGE_LOOP('',(#4038,#4039,#4040,#4041));
#865=EDGE_LOOP('',(#4042,#4043,#4044,#4045));
#866=EDGE_LOOP('',(#4046,#4047,#4048,#4049));
#867=EDGE_LOOP('',(#4050,#4051,#4052,#4053));
#868=EDGE_LOOP('',(#4054,#4055,#4056,#4057));
#869=EDGE_LOOP('',(#4058,#4059,#4060,#4061));
#870=EDGE_LOOP('',(#4062));
#871=EDGE_LOOP('',(#4063,#4064,#4065,#4066,#4067,#4068));
#872=EDGE_LOOP('',(#4069,#4070,#4071,#4072,#4073,#4074));
#873=EDGE_LOOP('',(#4075,#4076,#4077,#4078,#4079,#4080));
#874=EDGE_LOOP('',(#4081,#4082,#4083,#4084,#4085,#4086));
#875=EDGE_LOOP('',(#4087,#4088,#4089,#4090));
#876=EDGE_LOOP('',(#4091,#4092,#4093,#4094));
#877=EDGE_LOOP('',(#4095,#4096,#4097,#4098));
#878=EDGE_LOOP('',(#4099,#4100,#4101,#4102));
#879=EDGE_LOOP('',(#4103,#4104,#4105,#4106));
#880=EDGE_LOOP('',(#4107,#4108,#4109,#4110));
#881=EDGE_LOOP('',(#4111,#4112,#4113,#4114));
#882=EDGE_LOOP('',(#4115,#4116,#4117,#4118));
#883=EDGE_LOOP('',(#4119,#4120,#4121,#4122));
#884=EDGE_LOOP('',(#4123,#4124,#4125,#4126));
#885=EDGE_LOOP('',(#4127,#4128,#4129,#4130));
#886=EDGE_LOOP('',(#4131,#4132,#4133,#4134));
#887=EDGE_LOOP('',(#4135,#4136,#4137,#4138));
#888=EDGE_LOOP('',(#4139,#4140,#4141,#4142));
#889=EDGE_LOOP('',(#4143,#4144,#4145,#4146));
#890=EDGE_LOOP('',(#4147,#4148,#4149,#4150));
#891=EDGE_LOOP('',(#4151,#4152,#4153,#4154));
#892=EDGE_LOOP('',(#4155,#4156,#4157,#4158));
#893=EDGE_LOOP('',(#4159,#4160,#4161,#4162));
#894=EDGE_LOOP('',(#4163,#4164,#4165,#4166));
#895=EDGE_LOOP('',(#4167,#4168,#4169,#4170));
#896=EDGE_LOOP('',(#4171,#4172,#4173,#4174));
#897=EDGE_LOOP('',(#4175,#4176,#4177,#4178));
#898=EDGE_LOOP('',(#4179,#4180,#4181,#4182));
#899=EDGE_LOOP('',(#4183,#4184,#4185,#4186));
#900=EDGE_LOOP('',(#4187,#4188,#4189,#4190));
#901=EDGE_LOOP('',(#4191,#4192,#4193,#4194));
#902=EDGE_LOOP('',(#4195,#4196,#4197,#4198));
#903=EDGE_LOOP('',(#4199,#4200,#4201,#4202));
#904=EDGE_LOOP('',(#4203,#4204,#4205,#4206));
#905=EDGE_LOOP('',(#4207,#4208,#4209,#4210));
#906=EDGE_LOOP('',(#4211,#4212,#4213,#4214));
#907=EDGE_LOOP('',(#4215,#4216,#4217,#4218));
#908=EDGE_LOOP('',(#4219,#4220,#4221,#4222));
#909=EDGE_LOOP('',(#4223,#4224,#4225,#4226));
#910=EDGE_LOOP('',(#4227,#4228,#4229,#4230));
#911=EDGE_LOOP('',(#4231,#4232,#4233,#4234));
#912=EDGE_LOOP('',(#4235,#4236,#4237,#4238));
#913=EDGE_LOOP('',(#4239,#4240,#4241,#4242));
#914=EDGE_LOOP('',(#4243,#4244,#4245,#4246));
#915=EDGE_LOOP('',(#4247,#4248,#4249,#4250));
#916=EDGE_LOOP('',(#4251,#4252,#4253,#4254));
#917=EDGE_LOOP('',(#4255,#4256,#4257,#4258));
#918=EDGE_LOOP('',(#4259,#4260,#4261,#4262));
#919=EDGE_LOOP('',(#4263,#4264,#4265,#4266));
#920=EDGE_LOOP('',(#4267,#4268,#4269,#4270));
#921=EDGE_LOOP('',(#4271,#4272,#4273,#4274));
#922=EDGE_LOOP('',(#4275,#4276,#4277,#4278));
#923=EDGE_LOOP('',(#4279,#4280,#4281,#4282));
#924=EDGE_LOOP('',(#4283,#4284,#4285,#4286));
#925=EDGE_LOOP('',(#4287,#4288,#4289,#4290));
#926=EDGE_LOOP('',(#4291,#4292,#4293,#4294));
#927=EDGE_LOOP('',(#4295,#4296,#4297,#4298));
#928=EDGE_LOOP('',(#4299,#4300,#4301,#4302));
#929=EDGE_LOOP('',(#4303,#4304,#4305,#4306));
#930=EDGE_LOOP('',(#4307,#4308,#4309,#4310));
#931=EDGE_LOOP('',(#4311,#4312,#4313,#4314));
#932=EDGE_LOOP('',(#4315,#4316,#4317,#4318));
#933=EDGE_LOOP('',(#4319,#4320,#4321,#4322));
#934=EDGE_LOOP('',(#4323,#4324,#4325,#4326));
#935=EDGE_LOOP('',(#4327,#4328,#4329,#4330));
#936=EDGE_LOOP('',(#4331,#4332,#4333,#4334));
#937=EDGE_LOOP('',(#4335,#4336,#4337,#4338));
#938=EDGE_LOOP('',(#4339,#4340,#4341,#4342));
#939=EDGE_LOOP('',(#4343,#4344,#4345,#4346));
#940=EDGE_LOOP('',(#4347,#4348,#4349,#4350));
#941=EDGE_LOOP('',(#4351,#4352,#4353,#4354));
#942=EDGE_LOOP('',(#4355,#4356,#4357,#4358));
#943=EDGE_LOOP('',(#4359,#4360,#4361,#4362));
#944=EDGE_LOOP('',(#4363,#4364,#4365,#4366));
#945=EDGE_LOOP('',(#4367,#4368,#4369,#4370));
#946=EDGE_LOOP('',(#4371,#4372,#4373,#4374));
#947=EDGE_LOOP('',(#4375,#4376,#4377,#4378));
#948=EDGE_LOOP('',(#4379,#4380,#4381,#4382));
#949=EDGE_LOOP('',(#4383,#4384,#4385,#4386));
#950=EDGE_LOOP('',(#4387,#4388,#4389,#4390));
#951=EDGE_LOOP('',(#4391,#4392,#4393,#4394));
#952=EDGE_LOOP('',(#4395,#4396,#4397,#4398));
#953=EDGE_LOOP('',(#4399,#4400,#4401,#4402));
#954=EDGE_LOOP('',(#4403,#4404,#4405,#4406));
#955=EDGE_LOOP('',(#4407,#4408,#4409,#4410));
#956=EDGE_LOOP('',(#4411,#4412,#4413,#4414));
#957=EDGE_LOOP('',(#4415,#4416,#4417,#4418));
#958=EDGE_LOOP('',(#4419,#4420,#4421,#4422));
#959=EDGE_LOOP('',(#4423,#4424,#4425,#4426));
#960=EDGE_LOOP('',(#4427,#4428,#4429,#4430));
#961=EDGE_LOOP('',(#4431,#4432,#4433,#4434));
#962=EDGE_LOOP('',(#4435,#4436,#4437,#4438));
#963=EDGE_LOOP('',(#4439,#4440,#4441,#4442));
#964=EDGE_LOOP('',(#4443,#4444,#4445,#4446));
#965=EDGE_LOOP('',(#4447,#4448,#4449,#4450));
#966=EDGE_LOOP('',(#4451,#4452,#4453,#4454));
#967=EDGE_LOOP('',(#4455,#4456,#4457,#4458));
#968=EDGE_LOOP('',(#4459,#4460,#4461,#4462));
#969=EDGE_LOOP('',(#4463,#4464,#4465,#4466));
#970=EDGE_LOOP('',(#4467,#4468,#4469,#4470));
#971=EDGE_LOOP('',(#4471,#4472,#4473,#4474));
#972=EDGE_LOOP('',(#4475,#4476,#4477,#4478));
#973=EDGE_LOOP('',(#4479,#4480,#4481,#4482));
#974=EDGE_LOOP('',(#4483,#4484,#4485,#4486));
#975=EDGE_LOOP('',(#4487,#4488,#4489,#4490));
#976=EDGE_LOOP('',(#4491,#4492,#4493,#4494));
#977=EDGE_LOOP('',(#4495,#4496,#4497,#4498));
#978=EDGE_LOOP('',(#4499,#4500,#4501,#4502));
#979=EDGE_LOOP('',(#4503,#4504,#4505,#4506));
#980=EDGE_LOOP('',(#4507,#4508,#4509,#4510));
#981=EDGE_LOOP('',(#4511,#4512,#4513,#4514));
#982=EDGE_LOOP('',(#4515,#4516,#4517,#4518));
#983=EDGE_LOOP('',(#4519,#4520,#4521,#4522));
#984=EDGE_LOOP('',(#4523,#4524,#4525,#4526));
#985=EDGE_LOOP('',(#4527,#4528,#4529,#4530));
#986=EDGE_LOOP('',(#4531,#4532,#4533,#4534));
#987=EDGE_LOOP('',(#4535,#4536,#4537,#4538));
#988=EDGE_LOOP('',(#4539,#4540,#4541,#4542));
#989=EDGE_LOOP('',(#4543,#4544,#4545,#4546));
#990=EDGE_LOOP('',(#4547,#4548,#4549,#4550));
#991=EDGE_LOOP('',(#4551,#4552,#4553,#4554));
#992=EDGE_LOOP('',(#4555,#4556,#4557,#4558));
#993=EDGE_LOOP('',(#4559,#4560,#4561,#4562));
#994=EDGE_LOOP('',(#4563,#4564,#4565,#4566));
#995=EDGE_LOOP('',(#4567,#4568,#4569,#4570));
#996=EDGE_LOOP('',(#4571,#4572,#4573,#4574));
#997=EDGE_LOOP('',(#4575,#4576,#4577,#4578));
#998=EDGE_LOOP('',(#4579,#4580,#4581,#4582));
#999=EDGE_LOOP('',(#4583,#4584,#4585,#4586));
#1000=EDGE_LOOP('',(#4587,#4588,#4589,#4590));
#1001=EDGE_LOOP('',(#4591,#4592,#4593,#4594));
#1002=EDGE_LOOP('',(#4595,#4596,#4597,#4598));
#1003=EDGE_LOOP('',(#4599,#4600,#4601,#4602));
#1004=EDGE_LOOP('',(#4603,#4604,#4605,#4606));
#1005=EDGE_LOOP('',(#4607,#4608,#4609,#4610));
#1006=EDGE_LOOP('',(#4611,#4612,#4613,#4614));
#1007=EDGE_LOOP('',(#4615,#4616,#4617,#4618));
#1008=EDGE_LOOP('',(#4619,#4620,#4621,#4622));
#1009=EDGE_LOOP('',(#4623,#4624,#4625,#4626));
#1010=EDGE_LOOP('',(#4627,#4628,#4629,#4630));
#1011=EDGE_LOOP('',(#4631,#4632,#4633,#4634));
#1012=EDGE_LOOP('',(#4635,#4636,#4637,#4638));
#1013=EDGE_LOOP('',(#4639,#4640,#4641,#4642));
#1014=EDGE_LOOP('',(#4643,#4644,#4645,#4646));
#1015=EDGE_LOOP('',(#4647,#4648,#4649,#4650));
#1016=EDGE_LOOP('',(#4651,#4652,#4653,#4654));
#1017=EDGE_LOOP('',(#4655,#4656,#4657,#4658));
#1018=EDGE_LOOP('',(#4659,#4660,#4661,#4662));
#1019=EDGE_LOOP('',(#4663,#4664,#4665,#4666));
#1020=EDGE_LOOP('',(#4667,#4668,#4669,#4670));
#1021=EDGE_LOOP('',(#4671,#4672,#4673,#4674));
#1022=EDGE_LOOP('',(#4675,#4676,#4677,#4678));
#1023=EDGE_LOOP('',(#4679,#4680,#4681,#4682));
#1024=EDGE_LOOP('',(#4683,#4684,#4685,#4686));
#1025=EDGE_LOOP('',(#4687,#4688,#4689,#4690));
#1026=EDGE_LOOP('',(#4691,#4692,#4693,#4694));
#1027=EDGE_LOOP('',(#4695,#4696,#4697,#4698));
#1028=EDGE_LOOP('',(#4699,#4700,#4701,#4702));
#1029=EDGE_LOOP('',(#4703,#4704,#4705,#4706));
#1030=EDGE_LOOP('',(#4707,#4708,#4709,#4710));
#1031=EDGE_LOOP('',(#4711,#4712,#4713));
#1032=EDGE_LOOP('',(#4714,#4715,#4716));
#1033=EDGE_LOOP('',(#4717,#4718,#4719,#4720,#4721));
#1034=EDGE_LOOP('',(#4722,#4723,#4724,#4725));
#1035=EDGE_LOOP('',(#4726,#4727,#4728,#4729));
#1036=EDGE_LOOP('',(#4730,#4731,#4732,#4733));
#1037=EDGE_LOOP('',(#4734,#4735,#4736,#4737));
#1038=EDGE_LOOP('',(#4738,#4739,#4740));
#1039=EDGE_LOOP('',(#4741,#4742,#4743));
#1040=EDGE_LOOP('',(#4744,#4745,#4746,#4747,#4748));
#1041=EDGE_LOOP('',(#4749,#4750,#4751,#4752,#4753,#4754,#4755));
#1042=EDGE_LOOP('',(#4756,#4757,#4758,#4759,#4760));
#1043=EDGE_LOOP('',(#4761,#4762,#4763,#4764,#4765,#4766,#4767,#4768,#4769,
#4770,#4771,#4772));
#1044=EDGE_LOOP('',(#4773,#4774,#4775,#4776));
#1045=EDGE_LOOP('',(#4777,#4778,#4779,#4780));
#1046=EDGE_LOOP('',(#4781,#4782,#4783));
#1047=EDGE_LOOP('',(#4784,#4785,#4786));
#1048=EDGE_LOOP('',(#4787,#4788,#4789,#4790,#4791));
#1049=EDGE_LOOP('',(#4792,#4793,#4794,#4795));
#1050=EDGE_LOOP('',(#4796,#4797,#4798,#4799));
#1051=EDGE_LOOP('',(#4800,#4801,#4802,#4803));
#1052=EDGE_LOOP('',(#4804,#4805,#4806,#4807));
#1053=EDGE_LOOP('',(#4808,#4809,#4810));
#1054=EDGE_LOOP('',(#4811,#4812,#4813));
#1055=EDGE_LOOP('',(#4814,#4815,#4816,#4817,#4818));
#1056=EDGE_LOOP('',(#4819,#4820,#4821,#4822,#4823,#4824,#4825));
#1057=EDGE_LOOP('',(#4826,#4827,#4828,#4829,#4830));
#1058=EDGE_LOOP('',(#4831,#4832,#4833,#4834,#4835,#4836,#4837,#4838,#4839,
#4840,#4841,#4842));
#1059=EDGE_LOOP('',(#4843,#4844,#4845,#4846));
#1060=EDGE_LOOP('',(#4847,#4848,#4849,#4850));
#1061=EDGE_LOOP('',(#4851,#4852,#4853));
#1062=EDGE_LOOP('',(#4854,#4855,#4856,#4857,#4858));
#1063=EDGE_LOOP('',(#4859,#4860,#4861));
#1064=EDGE_LOOP('',(#4862,#4863,#4864,#4865));
#1065=EDGE_LOOP('',(#4866,#4867,#4868,#4869));
#1066=EDGE_LOOP('',(#4870,#4871,#4872,#4873));
#1067=EDGE_LOOP('',(#4874,#4875,#4876,#4877));
#1068=EDGE_LOOP('',(#4878,#4879,#4880));
#1069=EDGE_LOOP('',(#4881,#4882,#4883,#4884,#4885));
#1070=EDGE_LOOP('',(#4886,#4887,#4888));
#1071=EDGE_LOOP('',(#4889,#4890,#4891,#4892,#4893,#4894,#4895));
#1072=EDGE_LOOP('',(#4896,#4897,#4898,#4899,#4900));
#1073=EDGE_LOOP('',(#4901,#4902,#4903,#4904,#4905,#4906,#4907,#4908,#4909,
#4910,#4911,#4912));
#1074=EDGE_LOOP('',(#4913,#4914,#4915,#4916));
#1075=EDGE_LOOP('',(#4917,#4918,#4919,#4920));
#1076=EDGE_LOOP('',(#4921,#4922,#4923));
#1077=EDGE_LOOP('',(#4924,#4925,#4926,#4927,#4928));
#1078=EDGE_LOOP('',(#4929,#4930,#4931));
#1079=EDGE_LOOP('',(#4932,#4933,#4934,#4935));
#1080=EDGE_LOOP('',(#4936,#4937,#4938,#4939));
#1081=EDGE_LOOP('',(#4940,#4941,#4942,#4943));
#1082=EDGE_LOOP('',(#4944,#4945,#4946,#4947));
#1083=EDGE_LOOP('',(#4948,#4949,#4950));
#1084=EDGE_LOOP('',(#4951,#4952,#4953,#4954,#4955));
#1085=EDGE_LOOP('',(#4956,#4957,#4958));
#1086=EDGE_LOOP('',(#4959,#4960,#4961,#4962,#4963,#4964,#4965));
#1087=EDGE_LOOP('',(#4966,#4967,#4968,#4969,#4970));
#1088=EDGE_LOOP('',(#4971,#4972,#4973,#4974,#4975,#4976,#4977,#4978,#4979,
#4980,#4981,#4982));
#1089=EDGE_LOOP('',(#4983,#4984,#4985,#4986));
#1090=EDGE_LOOP('',(#4987,#4988,#4989,#4990));
#1091=EDGE_LOOP('',(#4991,#4992,#4993,#4994));
#1092=EDGE_LOOP('',(#4995,#4996,#4997,#4998));
#1093=EDGE_LOOP('',(#4999,#5000,#5001,#5002));
#1094=EDGE_LOOP('',(#5003,#5004,#5005,#5006));
#1095=EDGE_LOOP('',(#5007,#5008));
#1096=EDGE_LOOP('',(#5009,#5010,#5011,#5012));
#1097=EDGE_LOOP('',(#5013,#5014,#5015,#5016));
#1098=EDGE_LOOP('',(#5017,#5018,#5019,#5020));
#1099=EDGE_LOOP('',(#5021,#5022,#5023,#5024));
#1100=EDGE_LOOP('',(#5025,#5026));
#1101=EDGE_LOOP('',(#5027,#5028,#5029,#5030));
#1102=EDGE_LOOP('',(#5031,#5032,#5033,#5034));
#1103=EDGE_LOOP('',(#5035,#5036,#5037,#5038));
#1104=EDGE_LOOP('',(#5039,#5040,#5041,#5042));
#1105=EDGE_LOOP('',(#5043,#5044,#5045,#5046,#5047));
#1106=EDGE_LOOP('',(#5048,#5049,#5050,#5051,#5052,#5053,#5054));
#1107=EDGE_LOOP('',(#5055,#5056,#5057,#5058));
#1108=EDGE_LOOP('',(#5059,#5060));
#1109=EDGE_LOOP('',(#5061,#5062,#5063,#5064));
#1110=EDGE_LOOP('',(#5065,#5066,#5067,#5068));
#1111=EDGE_LOOP('',(#5069,#5070,#5071,#5072));
#1112=EDGE_LOOP('',(#5073,#5074,#5075,#5076));
#1113=EDGE_LOOP('',(#5077,#5078,#5079,#5080,#5081));
#1114=EDGE_LOOP('',(#5082,#5083,#5084,#5085,#5086,#5087,#5088));
#1115=EDGE_LOOP('',(#5089,#5090,#5091,#5092));
#1116=EDGE_LOOP('',(#5093,#5094));
#1117=EDGE_LOOP('',(#5095,#5096,#5097,#5098,#5099,#5100,#5101));
#1118=EDGE_LOOP('',(#5102,#5103,#5104,#5105,#5106,#5107,#5108));
#1119=EDGE_LOOP('',(#5109,#5110,#5111,#5112,#5113,#5114,#5115));
#1120=EDGE_LOOP('',(#5116,#5117,#5118,#5119,#5120,#5121,#5122));
#1121=EDGE_LOOP('',(#5123,#5124,#5125,#5126,#5127,#5128,#5129));
#1122=EDGE_LOOP('',(#5130,#5131,#5132,#5133,#5134,#5135,#5136));
#1123=EDGE_LOOP('',(#5137,#5138,#5139,#5140,#5141,#5142,#5143));
#1124=EDGE_LOOP('',(#5144,#5145,#5146,#5147,#5148,#5149,#5150));
#1125=EDGE_LOOP('',(#5151,#5152,#5153,#5154,#5155,#5156));
#1126=EDGE_LOOP('',(#5157,#5158,#5159,#5160,#5161));
#1127=EDGE_LOOP('',(#5162,#5163,#5164,#5165,#5166,#5167,#5168));
#1128=EDGE_LOOP('',(#5169,#5170,#5171,#5172));
#1129=EDGE_LOOP('',(#5173,#5174,#5175,#5176,#5177,#5178));
#1130=EDGE_LOOP('',(#5179,#5180,#5181,#5182,#5183));
#1131=EDGE_LOOP('',(#5184,#5185,#5186,#5187,#5188,#5189,#5190));
#1132=EDGE_LOOP('',(#5191,#5192,#5193,#5194));
#1133=EDGE_LOOP('',(#5195,#5196,#5197,#5198,#5199,#5200));
#1134=EDGE_LOOP('',(#5201,#5202,#5203,#5204,#5205,#5206));
#1135=EDGE_LOOP('',(#5207,#5208,#5209,#5210));
#1136=EDGE_LOOP('',(#5211,#5212,#5213,#5214));
#1137=EDGE_LOOP('',(#5215,#5216,#5217,#5218));
#1138=EDGE_LOOP('',(#5219,#5220,#5221,#5222,#5223,#5224,#5225,#5226,#5227,
#5228,#5229,#5230,#5231,#5232,#5233,#5234,#5235,#5236,#5237,#5238,#5239,
#5240,#5241,#5242));
#1139=EDGE_LOOP('',(#5243));
#1140=EDGE_LOOP('',(#5244));
#1141=EDGE_LOOP('',(#5245,#5246,#5247,#5248,#5249,#5250));
#1142=EDGE_LOOP('',(#5251,#5252,#5253,#5254,#5255,#5256));
#1143=EDGE_LOOP('',(#5257,#5258,#5259,#5260,#5261,#5262));
#1144=EDGE_LOOP('',(#5263,#5264,#5265,#5266,#5267,#5268));
#1145=EDGE_LOOP('',(#5269));
#1146=EDGE_LOOP('',(#5270));
#1147=EDGE_LOOP('',(#5271));
#1148=EDGE_LOOP('',(#5272,#5273,#5274,#5275));
#1149=EDGE_LOOP('',(#5276,#5277,#5278,#5279));
#1150=EDGE_LOOP('',(#5280,#5281,#5282,#5283));
#1151=EDGE_LOOP('',(#5284,#5285,#5286,#5287));
#1152=EDGE_LOOP('',(#5288,#5289,#5290,#5291));
#1153=EDGE_LOOP('',(#5292,#5293,#5294,#5295));
#1154=EDGE_LOOP('',(#5296,#5297,#5298,#5299));
#1155=EDGE_LOOP('',(#5300,#5301,#5302,#5303));
#1156=EDGE_LOOP('',(#5304,#5305,#5306,#5307));
#1157=EDGE_LOOP('',(#5308,#5309,#5310,#5311));
#1158=EDGE_LOOP('',(#5312,#5313,#5314,#5315));
#1159=EDGE_LOOP('',(#5316,#5317,#5318,#5319));
#1160=EDGE_LOOP('',(#5320,#5321,#5322,#5323));
#1161=EDGE_LOOP('',(#5324,#5325,#5326,#5327));
#1162=EDGE_LOOP('',(#5328,#5329,#5330,#5331));
#1163=EDGE_LOOP('',(#5332,#5333,#5334,#5335));
#1164=EDGE_LOOP('',(#5336,#5337,#5338,#5339));
#1165=EDGE_LOOP('',(#5340,#5341,#5342,#5343));
#1166=EDGE_LOOP('',(#5344,#5345,#5346,#5347));
#1167=EDGE_LOOP('',(#5348,#5349,#5350,#5351));
#1168=EDGE_LOOP('',(#5352,#5353,#5354,#5355));
#1169=EDGE_LOOP('',(#5356,#5357,#5358,#5359));
#1170=EDGE_LOOP('',(#5360,#5361,#5362,#5363));
#1171=EDGE_LOOP('',(#5364,#5365,#5366,#5367));
#1172=EDGE_LOOP('',(#5368,#5369,#5370,#5371));
#1173=EDGE_LOOP('',(#5372,#5373,#5374,#5375));
#1174=EDGE_LOOP('',(#5376,#5377,#5378,#5379));
#1175=EDGE_LOOP('',(#5380,#5381,#5382,#5383));
#1176=EDGE_LOOP('',(#5384,#5385,#5386,#5387));
#1177=EDGE_LOOP('',(#5388,#5389,#5390,#5391));
#1178=EDGE_LOOP('',(#5392,#5393,#5394,#5395));
#1179=EDGE_LOOP('',(#5396,#5397,#5398,#5399));
#1180=EDGE_LOOP('',(#5400,#5401,#5402,#5403));
#1181=EDGE_LOOP('',(#5404,#5405,#5406,#5407));
#1182=EDGE_LOOP('',(#5408,#5409,#5410,#5411));
#1183=EDGE_LOOP('',(#5412,#5413,#5414,#5415));
#1184=EDGE_LOOP('',(#5416,#5417,#5418,#5419));
#1185=EDGE_LOOP('',(#5420,#5421,#5422,#5423));
#1186=EDGE_LOOP('',(#5424,#5425,#5426,#5427));
#1187=EDGE_LOOP('',(#5428,#5429,#5430,#5431));
#1188=EDGE_LOOP('',(#5432,#5433,#5434,#5435));
#1189=EDGE_LOOP('',(#5436,#5437,#5438,#5439));
#1190=EDGE_LOOP('',(#5440,#5441,#5442,#5443));
#1191=EDGE_LOOP('',(#5444,#5445,#5446,#5447));
#1192=EDGE_LOOP('',(#5448,#5449,#5450,#5451));
#1193=EDGE_LOOP('',(#5452,#5453,#5454,#5455));
#1194=EDGE_LOOP('',(#5456,#5457,#5458,#5459));
#1195=EDGE_LOOP('',(#5460,#5461,#5462,#5463));
#1196=EDGE_LOOP('',(#5464,#5465,#5466,#5467));
#1197=EDGE_LOOP('',(#5468,#5469,#5470,#5471));
#1198=EDGE_LOOP('',(#5472,#5473,#5474,#5475));
#1199=EDGE_LOOP('',(#5476,#5477,#5478,#5479));
#1200=EDGE_LOOP('',(#5480,#5481,#5482,#5483));
#1201=EDGE_LOOP('',(#5484,#5485,#5486,#5487));
#1202=EDGE_LOOP('',(#5488,#5489,#5490,#5491));
#1203=EDGE_LOOP('',(#5492,#5493,#5494,#5495));
#1204=EDGE_LOOP('',(#5496,#5497,#5498,#5499));
#1205=EDGE_LOOP('',(#5500,#5501,#5502,#5503));
#1206=EDGE_LOOP('',(#5504,#5505,#5506,#5507));
#1207=EDGE_LOOP('',(#5508,#5509,#5510,#5511,#5512,#5513,#5514,#5515,#5516,
#5517,#5518,#5519,#5520,#5521,#5522,#5523,#5524,#5525,#5526,#5527));
#1208=EDGE_LOOP('',(#5528,#5529,#5530,#5531,#5532,#5533,#5534,#5535,#5536,
#5537,#5538,#5539,#5540,#5541,#5542,#5543,#5544,#5545,#5546,#5547,#5548,
#5549,#5550,#5551));
#1209=EDGE_LOOP('',(#5552,#5553,#5554,#5555));
#1210=EDGE_LOOP('',(#5556));
#1211=EDGE_LOOP('',(#5557,#5558,#5559,#5560));
#1212=EDGE_LOOP('',(#5561,#5562,#5563,#5564));
#1213=EDGE_LOOP('',(#5565,#5566,#5567,#5568));
#1214=EDGE_LOOP('',(#5569,#5570,#5571,#5572));
#1215=EDGE_LOOP('',(#5573,#5574,#5575,#5576));
#1216=EDGE_LOOP('',(#5577,#5578,#5579,#5580));
#1217=EDGE_LOOP('',(#5581,#5582,#5583,#5584));
#1218=EDGE_LOOP('',(#5585,#5586,#5587,#5588));
#1219=EDGE_LOOP('',(#5589,#5590,#5591,#5592));
#1220=EDGE_LOOP('',(#5593,#5594,#5595,#5596));
#1221=EDGE_LOOP('',(#5597,#5598,#5599,#5600));
#1222=EDGE_LOOP('',(#5601,#5602,#5603,#5604));
#1223=EDGE_LOOP('',(#5605,#5606,#5607,#5608));
#1224=EDGE_LOOP('',(#5609,#5610,#5611,#5612));
#1225=EDGE_LOOP('',(#5613,#5614,#5615,#5616));
#1226=EDGE_LOOP('',(#5617,#5618,#5619,#5620));
#1227=EDGE_LOOP('',(#5621,#5622,#5623,#5624));
#1228=EDGE_LOOP('',(#5625,#5626,#5627,#5628));
#1229=EDGE_LOOP('',(#5629,#5630,#5631,#5632));
#1230=EDGE_LOOP('',(#5633,#5634,#5635,#5636));
#1231=EDGE_LOOP('',(#5637,#5638,#5639,#5640));
#1232=EDGE_LOOP('',(#5641,#5642,#5643,#5644));
#1233=EDGE_LOOP('',(#5645,#5646,#5647,#5648));
#1234=EDGE_LOOP('',(#5649,#5650,#5651,#5652));
#1235=EDGE_LOOP('',(#5653,#5654,#5655,#5656,#5657,#5658));
#1236=EDGE_LOOP('',(#5659,#5660,#5661,#5662,#5663,#5664));
#1237=EDGE_LOOP('',(#5665,#5666,#5667,#5668,#5669,#5670));
#1238=EDGE_LOOP('',(#5671,#5672,#5673,#5674,#5675,#5676));
#1239=EDGE_LOOP('',(#5677));
#1240=EDGE_LOOP('',(#5678));
#1241=EDGE_LOOP('',(#5679));
#1242=EDGE_LOOP('',(#5680));
#1243=EDGE_LOOP('',(#5681));
#1244=EDGE_LOOP('',(#5682,#5683,#5684,#5685));
#1245=EDGE_LOOP('',(#5686,#5687,#5688,#5689));
#1246=EDGE_LOOP('',(#5690,#5691,#5692,#5693));
#1247=EDGE_LOOP('',(#5694,#5695,#5696,#5697));
#1248=EDGE_LOOP('',(#5698,#5699,#5700,#5701));
#1249=EDGE_LOOP('',(#5702,#5703,#5704,#5705));
#1250=EDGE_LOOP('',(#5706,#5707,#5708,#5709));
#1251=EDGE_LOOP('',(#5710,#5711,#5712,#5713));
#1252=EDGE_LOOP('',(#5714,#5715,#5716,#5717));
#1253=EDGE_LOOP('',(#5718,#5719,#5720,#5721));
#1254=EDGE_LOOP('',(#5722,#5723,#5724,#5725));
#1255=EDGE_LOOP('',(#5726,#5727,#5728,#5729));
#1256=EDGE_LOOP('',(#5730,#5731,#5732,#5733));
#1257=EDGE_LOOP('',(#5734,#5735,#5736,#5737));
#1258=EDGE_LOOP('',(#5738,#5739,#5740,#5741));
#1259=EDGE_LOOP('',(#5742,#5743,#5744,#5745));
#1260=EDGE_LOOP('',(#5746,#5747,#5748,#5749));
#1261=EDGE_LOOP('',(#5750,#5751,#5752,#5753));
#1262=EDGE_LOOP('',(#5754,#5755,#5756,#5757));
#1263=EDGE_LOOP('',(#5758,#5759,#5760,#5761));
#1264=EDGE_LOOP('',(#5762,#5763,#5764,#5765));
#1265=EDGE_LOOP('',(#5766,#5767,#5768,#5769));
#1266=EDGE_LOOP('',(#5770,#5771,#5772,#5773));
#1267=EDGE_LOOP('',(#5774,#5775,#5776,#5777));
#1268=EDGE_LOOP('',(#5778,#5779,#5780,#5781,#5782,#5783));
#1269=EDGE_LOOP('',(#5784,#5785,#5786,#5787,#5788,#5789));
#1270=EDGE_LOOP('',(#5790,#5791,#5792,#5793,#5794,#5795));
#1271=EDGE_LOOP('',(#5796,#5797,#5798,#5799,#5800,#5801));
#1272=CIRCLE('',#6294,0.4);
#1273=CIRCLE('',#6295,0.3);
#1274=CIRCLE('',#6298,0.4);
#1275=CIRCLE('',#6299,0.3);
#1276=CIRCLE('',#6303,0.3);
#1277=CIRCLE('',#6305,11.0221300732164);
#1278=CIRCLE('',#6306,11.0221300732164);
#1279=CIRCLE('',#6307,11.0221300732164);
#1280=CIRCLE('',#6308,11.0221300732164);
#1281=CIRCLE('',#6309,11.0221300732164);
#1282=CIRCLE('',#6310,11.0221300732164);
#1283=CIRCLE('',#6311,11.0221300732164);
#1284=CIRCLE('',#6312,11.0221300732164);
#1285=CIRCLE('',#6313,0.4);
#1286=CIRCLE('',#6314,0.4);
#1287=CIRCLE('',#6315,0.4);
#1288=CIRCLE('',#6316,0.4);
#1289=CIRCLE('',#6317,0.4);
#1290=CIRCLE('',#6318,0.4);
#1291=CIRCLE('',#6319,0.4);
#1292=CIRCLE('',#6320,0.4);
#1293=CIRCLE('',#6321,0.4);
#1294=CIRCLE('',#6322,0.4);
#1295=CIRCLE('',#6323,0.4);
#1296=CIRCLE('',#6324,0.4);
#1297=CIRCLE('',#6325,1.8138358910626);
#1298=CIRCLE('',#6326,0.750000000000001);
#1299=CIRCLE('',#6327,0.75);
#1300=CIRCLE('',#6328,0.75);
#1301=CIRCLE('',#6329,0.750000000000001);
#1302=CIRCLE('',#6330,0.75);
#1303=CIRCLE('',#6331,0.75);
#1304=CIRCLE('',#6332,0.75);
#1305=CIRCLE('',#6333,0.75);
#1306=CIRCLE('',#6334,0.750000000000001);
#1307=CIRCLE('',#6335,0.75);
#1308=CIRCLE('',#6336,0.75);
#1309=CIRCLE('',#6337,0.75);
#1310=CIRCLE('',#6338,0.4);
#1311=CIRCLE('',#6339,0.4);
#1312=CIRCLE('',#6340,0.4);
#1313=CIRCLE('',#6341,0.4);
#1314=CIRCLE('',#6342,0.4);
#1315=CIRCLE('',#6343,0.4);
#1316=CIRCLE('',#6344,0.4);
#1317=CIRCLE('',#6345,0.4);
#1318=CIRCLE('',#6346,0.4);
#1319=CIRCLE('',#6347,0.4);
#1320=CIRCLE('',#6349,0.3);
#1321=CIRCLE('',#6352,0.3);
#1322=CIRCLE('',#6356,0.3);
#1323=CIRCLE('',#6359,0.3);
#1324=CIRCLE('',#6362,0.3);
#1325=CIRCLE('',#6364,0.3);
#1326=CIRCLE('',#6368,0.3);
#1327=CIRCLE('',#6371,0.3);
#1328=CIRCLE('',#6373,0.3);
#1329=CIRCLE('',#6377,0.3);
#1330=CIRCLE('',#6380,0.3);
#1331=CIRCLE('',#6382,0.3);
#1332=CIRCLE('',#6386,0.3);
#1333=CIRCLE('',#6389,0.3);
#1334=CIRCLE('',#6391,0.3);
#1335=CIRCLE('',#6395,0.3);
#1336=CIRCLE('',#6398,0.3);
#1337=CIRCLE('',#6400,0.3);
#1338=CIRCLE('',#6404,0.3);
#1339=CIRCLE('',#6407,0.3);
#1340=CIRCLE('',#6409,0.3);
#1341=CIRCLE('',#6413,0.3);
#1342=CIRCLE('',#6416,0.3);
#1343=CIRCLE('',#6418,0.3);
#1344=CIRCLE('',#6421,0.3);
#1345=CIRCLE('',#6424,0.3);
#1346=CIRCLE('',#6428,0.3);
#1347=CIRCLE('',#6430,0.3);
#1348=CIRCLE('',#6433,0.3);
#1349=CIRCLE('',#6437,0.3);
#1350=CIRCLE('',#6440,0.3);
#1351=CIRCLE('',#6443,0.3);
#1352=CIRCLE('',#6445,0.3);
#1353=CIRCLE('',#6448,0.175);
#1354=CIRCLE('',#6451,0.3);
#1355=CIRCLE('',#6452,0.175);
#1356=CIRCLE('',#6458,0.3);
#1357=CIRCLE('',#6459,0.175);
#1358=CIRCLE('',#6462,0.175);
#1359=CIRCLE('',#6465,0.3);
#1360=CIRCLE('',#6466,0.175);
#1361=CIRCLE('',#6469,0.175);
#1362=CIRCLE('',#6475,0.3);
#1363=CIRCLE('',#6476,0.175);
#1364=CIRCLE('',#6479,0.175);
#1365=CIRCLE('',#6486,0.175);
#1366=CIRCLE('',#6489,0.3);
#1367=CIRCLE('',#6490,0.175);
#1368=CIRCLE('',#6494,0.175);
#1369=CIRCLE('',#6497,0.3);
#1370=CIRCLE('',#6498,0.175);
#1371=CIRCLE('',#6502,0.175);
#1372=CIRCLE('',#6505,0.3);
#1373=CIRCLE('',#6506,0.175);
#1374=CIRCLE('',#6511,0.3);
#1375=CIRCLE('',#6512,0.175);
#1376=CIRCLE('',#6515,0.175);
#1377=CIRCLE('',#6520,0.175);
#1378=CIRCLE('',#6523,0.3);
#1379=CIRCLE('',#6524,0.175);
#1380=CIRCLE('',#6528,0.3);
#1381=CIRCLE('',#6529,0.175);
#1382=CIRCLE('',#6532,0.175);
#1383=CIRCLE('',#6539,0.175);
#1384=CIRCLE('',#6542,0.3);
#1385=CIRCLE('',#6543,0.175);
#1386=CIRCLE('',#6547,0.175);
#1387=CIRCLE('',#6550,0.3);
#1388=CIRCLE('',#6551,0.175);
#1389=CIRCLE('',#6567,0.5);
#1390=CIRCLE('',#6568,0.5);
#1391=CIRCLE('',#6569,0.5);
#1392=CIRCLE('',#6571,0.5);
#1393=CIRCLE('',#6572,0.5);
#1394=CIRCLE('',#6573,0.5);
#1395=CIRCLE('',#6575,0.5);
#1396=CIRCLE('',#6577,0.499999999999999);
#1397=CIRCLE('',#6579,0.499999999999999);
#1398=CIRCLE('',#6580,0.5);
#1399=CIRCLE('',#6583,1.1);
#1400=CIRCLE('',#6585,11.5143889353942);
#1401=CIRCLE('',#6586,11.5143889353942);
#1402=CIRCLE('',#6587,12.2579481029834);
#1403=CIRCLE('',#6588,12.2579481029834);
#1404=CIRCLE('',#6589,0.5);
#1405=CIRCLE('',#6592,0.500000000000002);
#1406=CIRCLE('',#6593,0.5);
#1407=CIRCLE('',#6594,0.5);
#1408=CIRCLE('',#6596,0.500000000000001);
#1409=CIRCLE('',#6597,0.5);
#1410=CIRCLE('',#6598,0.5);
#1411=CIRCLE('',#6600,0.5);
#1412=CIRCLE('',#6602,0.5);
#1413=CIRCLE('',#6604,0.499999999999999);
#1414=CIRCLE('',#6605,0.500000000000002);
#1415=CIRCLE('',#6608,1.1);
#1416=CIRCLE('',#6610,11.5143889353942);
#1417=CIRCLE('',#6611,11.5143889353942);
#1418=CIRCLE('',#6612,12.2579481029834);
#1419=CIRCLE('',#6613,12.2579481029834);
#1420=CIRCLE('',#6614,0.5);
#1421=CIRCLE('',#6617,0.5);
#1422=CIRCLE('',#6618,0.5);
#1423=CIRCLE('',#6619,0.500000000000004);
#1424=CIRCLE('',#6621,0.500000000000001);
#1425=CIRCLE('',#6622,0.5);
#1426=CIRCLE('',#6623,0.5);
#1427=CIRCLE('',#6625,0.5);
#1428=CIRCLE('',#6627,0.499999999999998);
#1429=CIRCLE('',#6628,0.499999999999999);
#1430=CIRCLE('',#6630,0.500000000000001);
#1431=CIRCLE('',#6633,1.1);
#1432=CIRCLE('',#6635,12.2579481029834);
#1433=CIRCLE('',#6636,12.2579481029834);
#1434=CIRCLE('',#6637,11.5143889353942);
#1435=CIRCLE('',#6638,11.5143889353942);
#1436=CIRCLE('',#6639,0.5);
#1437=CIRCLE('',#6642,0.5);
#1438=CIRCLE('',#6643,0.5);
#1439=CIRCLE('',#6644,0.499999999999998);
#1440=CIRCLE('',#6646,0.5);
#1441=CIRCLE('',#6647,0.5);
#1442=CIRCLE('',#6648,0.5);
#1443=CIRCLE('',#6650,0.5);
#1444=CIRCLE('',#6652,0.499999999999998);
#1445=CIRCLE('',#6653,0.500000000000001);
#1446=CIRCLE('',#6655,0.5);
#1447=CIRCLE('',#6658,1.1);
#1448=CIRCLE('',#6660,12.2579481029834);
#1449=CIRCLE('',#6661,12.2579481029834);
#1450=CIRCLE('',#6662,11.5143889353942);
#1451=CIRCLE('',#6663,11.5143889353942);
#1452=CIRCLE('',#6664,0.5);
#1453=CIRCLE('',#6667,0.499999999999999);
#1454=CIRCLE('',#6668,0.5);
#1455=CIRCLE('',#6669,0.499999999999998);
#1456=CIRCLE('',#6673,0.500000000000002);
#1457=CIRCLE('',#6674,0.500000000000001);
#1458=CIRCLE('',#6675,0.5);
#1459=CIRCLE('',#6679,0.499999999999998);
#1460=CIRCLE('',#6680,0.500000000000002);
#1461=CIRCLE('',#6681,0.5);
#1462=CIRCLE('',#6685,1.1);
#1463=CIRCLE('',#6690,0.5);
#1464=CIRCLE('',#6691,0.500000000000001);
#1465=CIRCLE('',#6692,0.499999999999999);
#1466=CIRCLE('',#6696,1.1);
#1467=CIRCLE('',#6711,1.1);
#1468=CIRCLE('',#6717,1.1);
#1469=CIRCLE('',#6724,0.9);
#1470=CIRCLE('',#6725,1.1);
#1471=CIRCLE('',#6727,0.700000000000001);
#1472=CIRCLE('',#6728,0.700000000000001);
#1473=CIRCLE('',#6729,0.3);
#1474=CIRCLE('',#6730,0.700000000000001);
#1475=CIRCLE('',#6731,0.700000000000001);
#1476=CIRCLE('',#6732,0.3);
#1477=CIRCLE('',#6733,0.700000000000001);
#1478=CIRCLE('',#6734,0.700000000000001);
#1479=CIRCLE('',#6735,0.3);
#1480=CIRCLE('',#6736,0.700000000000001);
#1481=CIRCLE('',#6737,0.700000000000001);
#1482=CIRCLE('',#6738,0.3);
#1483=CIRCLE('',#6739,1.1);
#1484=CIRCLE('',#6740,1.1);
#1485=CIRCLE('',#6741,0.5);
#1486=CIRCLE('',#6742,0.5);
#1487=CIRCLE('',#6743,0.5);
#1488=CIRCLE('',#6744,0.5);
#1489=CIRCLE('',#6745,0.5);
#1490=CIRCLE('',#6746,0.5);
#1491=CIRCLE('',#6747,0.5);
#1492=CIRCLE('',#6748,0.5);
#1493=CIRCLE('',#6749,1.1);
#1494=CIRCLE('',#6750,2.49782500715755);
#1495=CIRCLE('',#6752,0.9);
#1496=CIRCLE('',#6754,0.9);
#1497=CIRCLE('',#6756,0.9);
#1498=CIRCLE('',#6758,2.28045014810365);
#1499=CIRCLE('',#6760,1.22575888345823);
#1500=CIRCLE('',#6761,2.29999994859099);
#1501=CIRCLE('',#6763,0.9);
#1502=CIRCLE('',#6765,0.9);
#1503=CIRCLE('',#6767,0.9);
#1504=CIRCLE('',#6769,0.9);
#1505=CIRCLE('',#6773,0.5);
#1506=CIRCLE('',#6776,0.5);
#1507=CIRCLE('',#6781,0.5);
#1508=CIRCLE('',#6785,0.5);
#1509=CIRCLE('',#6788,0.3);
#1510=CIRCLE('',#6789,0.200000000000001);
#1511=CIRCLE('',#6792,0.700000000000001);
#1512=CIRCLE('',#6793,0.800000000000001);
#1513=CIRCLE('',#6796,0.700000000000001);
#1514=CIRCLE('',#6797,0.800000000000001);
#1515=CIRCLE('',#6800,0.3);
#1516=CIRCLE('',#6801,0.200000000000001);
#1517=CIRCLE('',#6804,0.700000000000001);
#1518=CIRCLE('',#6805,0.800000000000001);
#1519=CIRCLE('',#6808,0.700000000000001);
#1520=CIRCLE('',#6809,0.800000000000001);
#1521=CIRCLE('',#6812,0.3);
#1522=CIRCLE('',#6813,0.200000000000001);
#1523=CIRCLE('',#6816,0.700000000000001);
#1524=CIRCLE('',#6817,0.800000000000001);
#1525=CIRCLE('',#6820,0.700000000000001);
#1526=CIRCLE('',#6821,0.800000000000001);
#1527=CIRCLE('',#6824,0.3);
#1528=CIRCLE('',#6825,0.200000000000001);
#1529=CIRCLE('',#6828,0.700000000000001);
#1530=CIRCLE('',#6829,0.800000000000001);
#1531=CIRCLE('',#6832,0.700000000000001);
#1532=CIRCLE('',#6833,0.800000000000001);
#1533=CIRCLE('',#6847,1.);
#1534=CIRCLE('',#6848,0.692820226564284);
#1535=CIRCLE('',#6865,0.5);
#1536=CIRCLE('',#6868,0.5);
#1537=CIRCLE('',#6872,0.5);
#1538=CIRCLE('',#6876,0.5);
#1539=CIRCLE('',#6889,0.5);
#1540=CIRCLE('',#6892,0.5);
#1541=CIRCLE('',#6895,0.5);
#1542=CIRCLE('',#6897,0.5);
#1543=CIRCLE('',#6900,0.5);
#1544=CIRCLE('',#6903,0.5);
#1545=CIRCLE('',#6907,0.5);
#1546=CIRCLE('',#6910,0.5);
#1547=CIRCLE('',#6913,0.5);
#1548=CIRCLE('',#6915,0.5);
#1549=CIRCLE('',#6918,0.500000000000001);
#1550=CIRCLE('',#6921,0.5);
#1551=LINE('',#8698,#2048);
#1552=LINE('',#8702,#2049);
#1553=LINE('',#8707,#2050);
#1554=LINE('',#8708,#2051);
#1555=LINE('',#8709,#2052);
#1556=LINE('',#8713,#2053);
#1557=LINE('',#8717,#2054);
#1558=LINE('',#8718,#2055);
#1559=LINE('',#8721,#2056);
#1560=LINE('',#8723,#2057);
#1561=LINE('',#8724,#2058);
#1562=LINE('',#8727,#2059);
#1563=LINE('',#8734,#2060);
#1564=LINE('',#8738,#2061);
#1565=LINE('',#8740,#2062);
#1566=LINE('',#8744,#2063);
#1567=LINE('',#8748,#2064);
#1568=LINE('',#8750,#2065);
#1569=LINE('',#8754,#2066);
#1570=LINE('',#8758,#2067);
#1571=LINE('',#8760,#2068);
#1572=LINE('',#8764,#2069);
#1573=LINE('',#8768,#2070);
#1574=LINE('',#8769,#2071);
#1575=LINE('',#8774,#2072);
#1576=LINE('',#8777,#2073);
#1577=LINE('',#8780,#2074);
#1578=LINE('',#8784,#2075);
#1579=LINE('',#8788,#2076);
#1580=LINE('',#8792,#2077);
#1581=LINE('',#8796,#2078);
#1582=LINE('',#8800,#2079);
#1583=LINE('',#8806,#2080);
#1584=LINE('',#8809,#2081);
#1585=LINE('',#8812,#2082);
#1586=LINE('',#8816,#2083);
#1587=LINE('',#8824,#2084);
#1588=LINE('',#8828,#2085);
#1589=LINE('',#8831,#2086);
#1590=LINE('',#8836,#2087);
#1591=LINE('',#8840,#2088);
#1592=LINE('',#8843,#2089);
#1593=LINE('',#8846,#2090);
#1594=LINE('',#8850,#2091);
#1595=LINE('',#8854,#2092);
#1596=LINE('',#8858,#2093);
#1597=LINE('',#8862,#2094);
#1598=LINE('',#8866,#2095);
#1599=LINE('',#8872,#2096);
#1600=LINE('',#8875,#2097);
#1601=LINE('',#8878,#2098);
#1602=LINE('',#8882,#2099);
#1603=LINE('',#8886,#2100);
#1604=LINE('',#8890,#2101);
#1605=LINE('',#8894,#2102);
#1606=LINE('',#8898,#2103);
#1607=LINE('',#8902,#2104);
#1608=LINE('',#8906,#2105);
#1609=LINE('',#8910,#2106);
#1610=LINE('',#8912,#2107);
#1611=LINE('',#8916,#2108);
#1612=LINE('',#8917,#2109);
#1613=LINE('',#8920,#2110);
#1614=LINE('',#8923,#2111);
#1615=LINE('',#8926,#2112);
#1616=LINE('',#8928,#2113);
#1617=LINE('',#8929,#2114);
#1618=LINE('',#8932,#2115);
#1619=LINE('',#8936,#2116);
#1620=LINE('',#8938,#2117);
#1621=LINE('',#8939,#2118);
#1622=LINE('',#8942,#2119);
#1623=LINE('',#8946,#2120);
#1624=LINE('',#8947,#2121);
#1625=LINE('',#8952,#2122);
#1626=LINE('',#8955,#2123);
#1627=LINE('',#8958,#2124);
#1628=LINE('',#8959,#2125);
#1629=LINE('',#8962,#2126);
#1630=LINE('',#8964,#2127);
#1631=LINE('',#8965,#2128);
#1632=LINE('',#8968,#2129);
#1633=LINE('',#8972,#2130);
#1634=LINE('',#8973,#2131);
#1635=LINE('',#8978,#2132);
#1636=LINE('',#8981,#2133);
#1637=LINE('',#8984,#2134);
#1638=LINE('',#8985,#2135);
#1639=LINE('',#8988,#2136);
#1640=LINE('',#8990,#2137);
#1641=LINE('',#8991,#2138);
#1642=LINE('',#8994,#2139);
#1643=LINE('',#8998,#2140);
#1644=LINE('',#8999,#2141);
#1645=LINE('',#9004,#2142);
#1646=LINE('',#9007,#2143);
#1647=LINE('',#9010,#2144);
#1648=LINE('',#9011,#2145);
#1649=LINE('',#9014,#2146);
#1650=LINE('',#9016,#2147);
#1651=LINE('',#9017,#2148);
#1652=LINE('',#9020,#2149);
#1653=LINE('',#9024,#2150);
#1654=LINE('',#9025,#2151);
#1655=LINE('',#9030,#2152);
#1656=LINE('',#9033,#2153);
#1657=LINE('',#9036,#2154);
#1658=LINE('',#9037,#2155);
#1659=LINE('',#9040,#2156);
#1660=LINE('',#9042,#2157);
#1661=LINE('',#9043,#2158);
#1662=LINE('',#9046,#2159);
#1663=LINE('',#9050,#2160);
#1664=LINE('',#9051,#2161);
#1665=LINE('',#9056,#2162);
#1666=LINE('',#9059,#2163);
#1667=LINE('',#9062,#2164);
#1668=LINE('',#9063,#2165);
#1669=LINE('',#9066,#2166);
#1670=LINE('',#9068,#2167);
#1671=LINE('',#9069,#2168);
#1672=LINE('',#9072,#2169);
#1673=LINE('',#9076,#2170);
#1674=LINE('',#9077,#2171);
#1675=LINE('',#9082,#2172);
#1676=LINE('',#9085,#2173);
#1677=LINE('',#9088,#2174);
#1678=LINE('',#9089,#2175);
#1679=LINE('',#9092,#2176);
#1680=LINE('',#9094,#2177);
#1681=LINE('',#9095,#2178);
#1682=LINE('',#9098,#2179);
#1683=LINE('',#9102,#2180);
#1684=LINE('',#9103,#2181);
#1685=LINE('',#9108,#2182);
#1686=LINE('',#9111,#2183);
#1687=LINE('',#9114,#2184);
#1688=LINE('',#9115,#2185);
#1689=LINE('',#9118,#2186);
#1690=LINE('',#9120,#2187);
#1691=LINE('',#9124,#2188);
#1692=LINE('',#9125,#2189);
#1693=LINE('',#9128,#2190);
#1694=LINE('',#9131,#2191);
#1695=LINE('',#9134,#2192);
#1696=LINE('',#9136,#2193);
#1697=LINE('',#9137,#2194);
#1698=LINE('',#9140,#2195);
#1699=LINE('',#9144,#2196);
#1700=LINE('',#9146,#2197);
#1701=LINE('',#9150,#2198);
#1702=LINE('',#9151,#2199);
#1703=LINE('',#9154,#2200);
#1704=LINE('',#9157,#2201);
#1705=LINE('',#9160,#2202);
#1706=LINE('',#9162,#2203);
#1707=LINE('',#9163,#2204);
#1708=LINE('',#9166,#2205);
#1709=LINE('',#9170,#2206);
#1710=LINE('',#9172,#2207);
#1711=LINE('',#9173,#2208);
#1712=LINE('',#9176,#2209);
#1713=LINE('',#9180,#2210);
#1714=LINE('',#9181,#2211);
#1715=LINE('',#9186,#2212);
#1716=LINE('',#9189,#2213);
#1717=LINE('',#9192,#2214);
#1718=LINE('',#9193,#2215);
#1719=LINE('',#9196,#2216);
#1720=LINE('',#9198,#2217);
#1721=LINE('',#9202,#2218);
#1722=LINE('',#9203,#2219);
#1723=LINE('',#9207,#2220);
#1724=LINE('',#9211,#2221);
#1725=LINE('',#9212,#2222);
#1726=LINE('',#9214,#2223);
#1727=LINE('',#9218,#2224);
#1728=LINE('',#9220,#2225);
#1729=LINE('',#9221,#2226);
#1730=LINE('',#9225,#2227);
#1731=LINE('',#9230,#2228);
#1732=LINE('',#9231,#2229);
#1733=LINE('',#9232,#2230);
#1734=LINE('',#9238,#2231);
#1735=LINE('',#9242,#2232);
#1736=LINE('',#9246,#2233);
#1737=LINE('',#9247,#2234);
#1738=LINE('',#9250,#2235);
#1739=LINE('',#9253,#2236);
#1740=LINE('',#9254,#2237);
#1741=LINE('',#9256,#2238);
#1742=LINE('',#9261,#2239);
#1743=LINE('',#9265,#2240);
#1744=LINE('',#9269,#2241);
#1745=LINE('',#9270,#2242);
#1746=LINE('',#9273,#2243);
#1747=LINE('',#9276,#2244);
#1748=LINE('',#9277,#2245);
#1749=LINE('',#9279,#2246);
#1750=LINE('',#9284,#2247);
#1751=LINE('',#9286,#2248);
#1752=LINE('',#9287,#2249);
#1753=LINE('',#9290,#2250);
#1754=LINE('',#9295,#2251);
#1755=LINE('',#9296,#2252);
#1756=LINE('',#9297,#2253);
#1757=LINE('',#9302,#2254);
#1758=LINE('',#9306,#2255);
#1759=LINE('',#9308,#2256);
#1760=LINE('',#9313,#2257);
#1761=LINE('',#9314,#2258);
#1762=LINE('',#9315,#2259);
#1763=LINE('',#9318,#2260);
#1764=LINE('',#9322,#2261);
#1765=LINE('',#9326,#2262);
#1766=LINE('',#9328,#2263);
#1767=LINE('',#9332,#2264);
#1768=LINE('',#9333,#2265);
#1769=LINE('',#9337,#2266);
#1770=LINE('',#9341,#2267);
#1771=LINE('',#9342,#2268);
#1772=LINE('',#9344,#2269);
#1773=LINE('',#9349,#2270);
#1774=LINE('',#9352,#2271);
#1775=LINE('',#9356,#2272);
#1776=LINE('',#9357,#2273);
#1777=LINE('',#9358,#2274);
#1778=LINE('',#9361,#2275);
#1779=LINE('',#9364,#2276);
#1780=LINE('',#9366,#2277);
#1781=LINE('',#9370,#2278);
#1782=LINE('',#9372,#2279);
#1783=LINE('',#9377,#2280);
#1784=LINE('',#9378,#2281);
#1785=LINE('',#9379,#2282);
#1786=LINE('',#9382,#2283);
#1787=LINE('',#9386,#2284);
#1788=LINE('',#9390,#2285);
#1789=LINE('',#9394,#2286);
#1790=LINE('',#9398,#2287);
#1791=LINE('',#9399,#2288);
#1792=LINE('',#9402,#2289);
#1793=LINE('',#9405,#2290);
#1794=LINE('',#9406,#2291);
#1795=LINE('',#9408,#2292);
#1796=LINE('',#9413,#2293);
#1797=LINE('',#9415,#2294);
#1798=LINE('',#9416,#2295);
#1799=LINE('',#9419,#2296);
#1800=LINE('',#9424,#2297);
#1801=LINE('',#9425,#2298);
#1802=LINE('',#9426,#2299);
#1803=LINE('',#9431,#2300);
#1804=LINE('',#9435,#2301);
#1805=LINE('',#9437,#2302);
#1806=LINE('',#9442,#2303);
#1807=LINE('',#9443,#2304);
#1808=LINE('',#9444,#2305);
#1809=LINE('',#9447,#2306);
#1810=LINE('',#9451,#2307);
#1811=LINE('',#9454,#2308);
#1812=LINE('',#9457,#2309);
#1813=LINE('',#9464,#2310);
#1814=LINE('',#9468,#2311);
#1815=LINE('',#9606,#2312);
#1816=LINE('',#9609,#2313);
#1817=LINE('',#9687,#2314);
#1818=LINE('',#9688,#2315);
#1819=LINE('',#9734,#2316);
#1820=LINE('',#9736,#2317);
#1821=LINE('',#9737,#2318);
#1822=LINE('',#9760,#2319);
#1823=LINE('',#9956,#2320);
#1824=LINE('',#9959,#2321);
#1825=LINE('',#10037,#2322);
#1826=LINE('',#10038,#2323);
#1827=LINE('',#10079,#2324);
#1828=LINE('',#10081,#2325);
#1829=LINE('',#10082,#2326);
#1830=LINE('',#10105,#2327);
#1831=LINE('',#10308,#2328);
#1832=LINE('',#10311,#2329);
#1833=LINE('',#10389,#2330);
#1834=LINE('',#10390,#2331);
#1835=LINE('',#10436,#2332);
#1836=LINE('',#10438,#2333);
#1837=LINE('',#10439,#2334);
#1838=LINE('',#10462,#2335);
#1839=LINE('',#10646,#2336);
#1840=LINE('',#10649,#2337);
#1841=LINE('',#10727,#2338);
#1842=LINE('',#10728,#2339);
#1843=LINE('',#10769,#2340);
#1844=LINE('',#10771,#2341);
#1845=LINE('',#10772,#2342);
#1846=LINE('',#10795,#2343);
#1847=LINE('',#11021,#2344);
#1848=LINE('',#11025,#2345);
#1849=LINE('',#11039,#2346);
#1850=LINE('',#11109,#2347);
#1851=LINE('',#11113,#2348);
#1852=LINE('',#11127,#2349);
#1853=LINE('',#11216,#2350);
#1854=LINE('',#11217,#2351);
#1855=LINE('',#11220,#2352);
#1856=LINE('',#11223,#2353);
#1857=LINE('',#11228,#2354);
#1858=LINE('',#11229,#2355);
#1859=LINE('',#11232,#2356);
#1860=LINE('',#11235,#2357);
#1861=LINE('',#11239,#2358);
#1862=LINE('',#11241,#2359);
#1863=LINE('',#11278,#2360);
#1864=LINE('',#11283,#2361);
#1865=LINE('',#11287,#2362);
#1866=LINE('',#11291,#2363);
#1867=LINE('',#11295,#2364);
#1868=LINE('',#11299,#2365);
#1869=LINE('',#11303,#2366);
#1870=LINE('',#11307,#2367);
#1871=LINE('',#11311,#2368);
#1872=LINE('',#11315,#2369);
#1873=LINE('',#11319,#2370);
#1874=LINE('',#11323,#2371);
#1875=LINE('',#11327,#2372);
#1876=LINE('',#11335,#2373);
#1877=LINE('',#11339,#2374);
#1878=LINE('',#11341,#2375);
#1879=LINE('',#11343,#2376);
#1880=LINE('',#11349,#2377);
#1881=LINE('',#11353,#2378);
#1882=LINE('',#11355,#2379);
#1883=LINE('',#11356,#2380);
#1884=LINE('',#11359,#2381);
#1885=LINE('',#11363,#2382);
#1886=LINE('',#11365,#2383);
#1887=LINE('',#11367,#2384);
#1888=LINE('',#11371,#2385);
#1889=LINE('',#11375,#2386);
#1890=LINE('',#11377,#2387);
#1891=LINE('',#11379,#2388);
#1892=LINE('',#11387,#2389);
#1893=LINE('',#11392,#2390);
#1894=LINE('',#11395,#2391);
#1895=LINE('',#11400,#2392);
#1896=LINE('',#11408,#2393);
#1897=LINE('',#11411,#2394);
#1898=LINE('',#11416,#2395);
#1899=LINE('',#11419,#2396);
#1900=LINE('',#11423,#2397);
#1901=LINE('',#11425,#2398);
#1902=LINE('',#11426,#2399);
#1903=LINE('',#11429,#2400);
#1904=LINE('',#11430,#2401);
#1905=LINE('',#11433,#2402);
#1906=LINE('',#11437,#2403);
#1907=LINE('',#11439,#2404);
#1908=LINE('',#11440,#2405);
#1909=LINE('',#11443,#2406);
#1910=LINE('',#11447,#2407);
#1911=LINE('',#11448,#2408);
#1912=LINE('',#11451,#2409);
#1913=LINE('',#11453,#2410);
#1914=LINE('',#11454,#2411);
#1915=LINE('',#11457,#2412);
#1916=LINE('',#11458,#2413);
#1917=LINE('',#11461,#2414);
#1918=LINE('',#11465,#2415);
#1919=LINE('',#11467,#2416);
#1920=LINE('',#11468,#2417);
#1921=LINE('',#11471,#2418);
#1922=LINE('',#11472,#2419);
#1923=LINE('',#11475,#2420);
#1924=LINE('',#11512,#2421);
#1925=LINE('',#11514,#2422);
#1926=LINE('',#11516,#2423);
#1927=LINE('',#11517,#2424);
#1928=LINE('',#11521,#2425);
#1929=LINE('',#11527,#2426);
#1930=LINE('',#11528,#2427);
#1931=LINE('',#11529,#2428);
#1932=LINE('',#11533,#2429);
#1933=LINE('',#11539,#2430);
#1934=LINE('',#11540,#2431);
#1935=LINE('',#11541,#2432);
#1936=LINE('',#11545,#2433);
#1937=LINE('',#11551,#2434);
#1938=LINE('',#11552,#2435);
#1939=LINE('',#11553,#2436);
#1940=LINE('',#11557,#2437);
#1941=LINE('',#11563,#2438);
#1942=LINE('',#11564,#2439);
#1943=LINE('',#11565,#2440);
#1944=LINE('',#11569,#2441);
#1945=LINE('',#11575,#2442);
#1946=LINE('',#11576,#2443);
#1947=LINE('',#11577,#2444);
#1948=LINE('',#11581,#2445);
#1949=LINE('',#11587,#2446);
#1950=LINE('',#11588,#2447);
#1951=LINE('',#11589,#2448);
#1952=LINE('',#11593,#2449);
#1953=LINE('',#11599,#2450);
#1954=LINE('',#11600,#2451);
#1955=LINE('',#11601,#2452);
#1956=LINE('',#11605,#2453);
#1957=LINE('',#11611,#2454);
#1958=LINE('',#11612,#2455);
#1959=LINE('',#11613,#2456);
#1960=LINE('',#11617,#2457);
#1961=LINE('',#11623,#2458);
#1962=LINE('',#11624,#2459);
#1963=LINE('',#11625,#2460);
#1964=LINE('',#11629,#2461);
#1965=LINE('',#11635,#2462);
#1966=LINE('',#11636,#2463);
#1967=LINE('',#11637,#2464);
#1968=LINE('',#11641,#2465);
#1969=LINE('',#11647,#2466);
#1970=LINE('',#11648,#2467);
#1971=LINE('',#11649,#2468);
#1972=LINE('',#11654,#2469);
#1973=LINE('',#11655,#2470);
#1974=LINE('',#11657,#2471);
#1975=LINE('',#11659,#2472);
#1976=LINE('',#11661,#2473);
#1977=LINE('',#11663,#2474);
#1978=LINE('',#11665,#2475);
#1979=LINE('',#11667,#2476);
#1980=LINE('',#11669,#2477);
#1981=LINE('',#11671,#2478);
#1982=LINE('',#11673,#2479);
#1983=LINE('',#11675,#2480);
#1984=LINE('',#11677,#2481);
#1985=LINE('',#11712,#2482);
#1986=LINE('',#11713,#2483);
#1987=LINE('',#11715,#2484);
#1988=LINE('',#11716,#2485);
#1989=LINE('',#11718,#2486);
#1990=LINE('',#11720,#2487);
#1991=LINE('',#11722,#2488);
#1992=LINE('',#11724,#2489);
#1993=LINE('',#11726,#2490);
#1994=LINE('',#11728,#2491);
#1995=LINE('',#11730,#2492);
#1996=LINE('',#11733,#2493);
#1997=LINE('',#11735,#2494);
#1998=LINE('',#11739,#2495);
#1999=LINE('',#11740,#2496);
#2000=LINE('',#11743,#2497);
#2001=LINE('',#11746,#2498);
#2002=LINE('',#11749,#2499);
#2003=LINE('',#11753,#2500);
#2004=LINE('',#11754,#2501);
#2005=LINE('',#11756,#2502);
#2006=LINE('',#11759,#2503);
#2007=LINE('',#11762,#2504);
#2008=LINE('',#11765,#2505);
#2009=LINE('',#11766,#2506);
#2010=LINE('',#11769,#2507);
#2011=LINE('',#11772,#2508);
#2012=LINE('',#11784,#2509);
#2013=LINE('',#11786,#2510);
#2014=LINE('',#11787,#2511);
#2015=LINE('',#11790,#2512);
#2016=LINE('',#11794,#2513);
#2017=LINE('',#11795,#2514);
#2018=LINE('',#11798,#2515);
#2019=LINE('',#11802,#2516);
#2020=LINE('',#11803,#2517);
#2021=LINE('',#11808,#2518);
#2022=LINE('',#11810,#2519);
#2023=LINE('',#11814,#2520);
#2024=LINE('',#11815,#2521);
#2025=LINE('',#11818,#2522);
#2026=LINE('',#11822,#2523);
#2027=LINE('',#11823,#2524);
#2028=LINE('',#11826,#2525);
#2029=LINE('',#11829,#2526);
#2030=LINE('',#11832,#2527);
#2031=LINE('',#11834,#2528);
#2032=LINE('',#11835,#2529);
#2033=LINE('',#11838,#2530);
#2034=LINE('',#11842,#2531);
#2035=LINE('',#11843,#2532);
#2036=LINE('',#11846,#2533);
#2037=LINE('',#11850,#2534);
#2038=LINE('',#11851,#2535);
#2039=LINE('',#11856,#2536);
#2040=LINE('',#11858,#2537);
#2041=LINE('',#11862,#2538);
#2042=LINE('',#11863,#2539);
#2043=LINE('',#11866,#2540);
#2044=LINE('',#11870,#2541);
#2045=LINE('',#11871,#2542);
#2046=LINE('',#11874,#2543);
#2047=LINE('',#11877,#2544);
#2048=VECTOR('',#6931,10.);
#2049=VECTOR('',#6934,10.);
#2050=VECTOR('',#6939,10.);
#2051=VECTOR('',#6940,10.);
#2052=VECTOR('',#6941,10.);
#2053=VECTOR('',#6944,10.);
#2054=VECTOR('',#6951,10.);
#2055=VECTOR('',#6952,10.);
#2056=VECTOR('',#6955,10.);
#2057=VECTOR('',#6956,10.);
#2058=VECTOR('',#6957,10.);
#2059=VECTOR('',#6960,10.);
#2060=VECTOR('',#6967,10.);
#2061=VECTOR('',#6970,10.);
#2062=VECTOR('',#6971,10.);
#2063=VECTOR('',#6974,10.);
#2064=VECTOR('',#6977,10.);
#2065=VECTOR('',#6978,10.);
#2066=VECTOR('',#6981,10.);
#2067=VECTOR('',#6984,10.);
#2068=VECTOR('',#6985,10.);
#2069=VECTOR('',#6988,10.);
#2070=VECTOR('',#6991,10.);
#2071=VECTOR('',#6992,10.);
#2072=VECTOR('',#6995,10.);
#2073=VECTOR('',#6998,10.);
#2074=VECTOR('',#6999,10.);
#2075=VECTOR('',#7002,10.);
#2076=VECTOR('',#7005,10.);
#2077=VECTOR('',#7008,10.);
#2078=VECTOR('',#7011,10.);
#2079=VECTOR('',#7014,10.);
#2080=VECTOR('',#7019,10.);
#2081=VECTOR('',#7022,10.);
#2082=VECTOR('',#7023,10.);
#2083=VECTOR('',#7026,10.);
#2084=VECTOR('',#7033,10.);
#2085=VECTOR('',#7036,10.);
#2086=VECTOR('',#7039,10.);
#2087=VECTOR('',#7042,10.);
#2088=VECTOR('',#7045,10.);
#2089=VECTOR('',#7048,10.);
#2090=VECTOR('',#7049,10.);
#2091=VECTOR('',#7052,10.);
#2092=VECTOR('',#7055,10.);
#2093=VECTOR('',#7058,10.);
#2094=VECTOR('',#7061,10.);
#2095=VECTOR('',#7064,10.);
#2096=VECTOR('',#7069,10.);
#2097=VECTOR('',#7072,10.);
#2098=VECTOR('',#7073,10.);
#2099=VECTOR('',#7076,10.);
#2100=VECTOR('',#7079,10.);
#2101=VECTOR('',#7082,10.);
#2102=VECTOR('',#7085,10.);
#2103=VECTOR('',#7088,10.);
#2104=VECTOR('',#7091,10.);
#2105=VECTOR('',#7094,10.);
#2106=VECTOR('',#7099,10.);
#2107=VECTOR('',#7100,10.);
#2108=VECTOR('',#7105,10.);
#2109=VECTOR('',#7106,10.);
#2110=VECTOR('',#7109,10.);
#2111=VECTOR('',#7114,10.);
#2112=VECTOR('',#7117,10.);
#2113=VECTOR('',#7118,10.);
#2114=VECTOR('',#7119,10.);
#2115=VECTOR('',#7122,10.);
#2116=VECTOR('',#7127,10.);
#2117=VECTOR('',#7128,10.);
#2118=VECTOR('',#7129,10.);
#2119=VECTOR('',#7132,10.);
#2120=VECTOR('',#7137,10.);
#2121=VECTOR('',#7138,10.);
#2122=VECTOR('',#7145,10.);
#2123=VECTOR('',#7148,10.);
#2124=VECTOR('',#7151,10.);
#2125=VECTOR('',#7152,10.);
#2126=VECTOR('',#7155,10.);
#2127=VECTOR('',#7156,10.);
#2128=VECTOR('',#7157,10.);
#2129=VECTOR('',#7160,10.);
#2130=VECTOR('',#7165,10.);
#2131=VECTOR('',#7166,10.);
#2132=VECTOR('',#7173,10.);
#2133=VECTOR('',#7176,10.);
#2134=VECTOR('',#7179,10.);
#2135=VECTOR('',#7180,10.);
#2136=VECTOR('',#7183,10.);
#2137=VECTOR('',#7184,10.);
#2138=VECTOR('',#7185,10.);
#2139=VECTOR('',#7188,10.);
#2140=VECTOR('',#7193,10.);
#2141=VECTOR('',#7194,10.);
#2142=VECTOR('',#7201,10.);
#2143=VECTOR('',#7204,10.);
#2144=VECTOR('',#7207,10.);
#2145=VECTOR('',#7208,10.);
#2146=VECTOR('',#7211,10.);
#2147=VECTOR('',#7212,10.);
#2148=VECTOR('',#7213,10.);
#2149=VECTOR('',#7216,10.);
#2150=VECTOR('',#7221,10.);
#2151=VECTOR('',#7222,10.);
#2152=VECTOR('',#7229,10.);
#2153=VECTOR('',#7232,10.);
#2154=VECTOR('',#7235,10.);
#2155=VECTOR('',#7236,10.);
#2156=VECTOR('',#7239,10.);
#2157=VECTOR('',#7240,10.);
#2158=VECTOR('',#7241,10.);
#2159=VECTOR('',#7244,10.);
#2160=VECTOR('',#7249,10.);
#2161=VECTOR('',#7250,10.);
#2162=VECTOR('',#7257,10.);
#2163=VECTOR('',#7260,10.);
#2164=VECTOR('',#7263,10.);
#2165=VECTOR('',#7264,10.);
#2166=VECTOR('',#7267,10.);
#2167=VECTOR('',#7268,10.);
#2168=VECTOR('',#7269,10.);
#2169=VECTOR('',#7272,10.);
#2170=VECTOR('',#7277,10.);
#2171=VECTOR('',#7278,10.);
#2172=VECTOR('',#7285,10.);
#2173=VECTOR('',#7288,10.);
#2174=VECTOR('',#7291,10.);
#2175=VECTOR('',#7292,10.);
#2176=VECTOR('',#7295,10.);
#2177=VECTOR('',#7296,10.);
#2178=VECTOR('',#7297,10.);
#2179=VECTOR('',#7300,10.);
#2180=VECTOR('',#7305,10.);
#2181=VECTOR('',#7306,10.);
#2182=VECTOR('',#7313,10.);
#2183=VECTOR('',#7316,10.);
#2184=VECTOR('',#7319,10.);
#2185=VECTOR('',#7320,10.);
#2186=VECTOR('',#7323,10.);
#2187=VECTOR('',#7324,10.);
#2188=VECTOR('',#7329,10.);
#2189=VECTOR('',#7330,10.);
#2190=VECTOR('',#7333,10.);
#2191=VECTOR('',#7338,10.);
#2192=VECTOR('',#7341,10.);
#2193=VECTOR('',#7342,10.);
#2194=VECTOR('',#7343,10.);
#2195=VECTOR('',#7346,10.);
#2196=VECTOR('',#7351,10.);
#2197=VECTOR('',#7352,10.);
#2198=VECTOR('',#7357,10.);
#2199=VECTOR('',#7358,10.);
#2200=VECTOR('',#7361,10.);
#2201=VECTOR('',#7366,10.);
#2202=VECTOR('',#7369,10.);
#2203=VECTOR('',#7370,10.);
#2204=VECTOR('',#7371,10.);
#2205=VECTOR('',#7374,10.);
#2206=VECTOR('',#7379,10.);
#2207=VECTOR('',#7380,10.);
#2208=VECTOR('',#7381,10.);
#2209=VECTOR('',#7384,10.);
#2210=VECTOR('',#7389,10.);
#2211=VECTOR('',#7390,10.);
#2212=VECTOR('',#7397,10.);
#2213=VECTOR('',#7400,10.);
#2214=VECTOR('',#7403,10.);
#2215=VECTOR('',#7404,10.);
#2216=VECTOR('',#7407,10.);
#2217=VECTOR('',#7408,10.);
#2218=VECTOR('',#7413,10.);
#2219=VECTOR('',#7414,10.);
#2220=VECTOR('',#7417,10.);
#2221=VECTOR('',#7424,10.);
#2222=VECTOR('',#7425,10.);
#2223=VECTOR('',#7428,10.);
#2224=VECTOR('',#7433,10.);
#2225=VECTOR('',#7434,10.);
#2226=VECTOR('',#7435,10.);
#2227=VECTOR('',#7438,10.);
#2228=VECTOR('',#7445,10.);
#2229=VECTOR('',#7446,10.);
#2230=VECTOR('',#7447,10.);
#2231=VECTOR('',#7456,10.);
#2232=VECTOR('',#7459,10.);
#2233=VECTOR('',#7464,10.);
#2234=VECTOR('',#7465,10.);
#2235=VECTOR('',#7468,10.);
#2236=VECTOR('',#7473,10.);
#2237=VECTOR('',#7474,10.);
#2238=VECTOR('',#7477,10.);
#2239=VECTOR('',#7484,10.);
#2240=VECTOR('',#7487,10.);
#2241=VECTOR('',#7492,10.);
#2242=VECTOR('',#7493,10.);
#2243=VECTOR('',#7496,10.);
#2244=VECTOR('',#7501,10.);
#2245=VECTOR('',#7502,10.);
#2246=VECTOR('',#7505,10.);
#2247=VECTOR('',#7512,10.);
#2248=VECTOR('',#7513,10.);
#2249=VECTOR('',#7514,10.);
#2250=VECTOR('',#7517,10.);
#2251=VECTOR('',#7522,10.);
#2252=VECTOR('',#7523,10.);
#2253=VECTOR('',#7524,10.);
#2254=VECTOR('',#7533,10.);
#2255=VECTOR('',#7538,10.);
#2256=VECTOR('',#7539,10.);
#2257=VECTOR('',#7544,10.);
#2258=VECTOR('',#7545,10.);
#2259=VECTOR('',#7546,10.);
#2260=VECTOR('',#7549,10.);
#2261=VECTOR('',#7556,10.);
#2262=VECTOR('',#7561,10.);
#2263=VECTOR('',#7562,10.);
#2264=VECTOR('',#7567,10.);
#2265=VECTOR('',#7568,10.);
#2266=VECTOR('',#7571,10.);
#2267=VECTOR('',#7578,10.);
#2268=VECTOR('',#7579,10.);
#2269=VECTOR('',#7582,10.);
#2270=VECTOR('',#7587,10.);
#2271=VECTOR('',#7590,10.);
#2272=VECTOR('',#7595,10.);
#2273=VECTOR('',#7596,10.);
#2274=VECTOR('',#7597,10.);
#2275=VECTOR('',#7600,10.);
#2276=VECTOR('',#7605,10.);
#2277=VECTOR('',#7608,10.);
#2278=VECTOR('',#7613,10.);
#2279=VECTOR('',#7614,10.);
#2280=VECTOR('',#7619,10.);
#2281=VECTOR('',#7620,10.);
#2282=VECTOR('',#7621,10.);
#2283=VECTOR('',#7624,10.);
#2284=VECTOR('',#7631,10.);
#2285=VECTOR('',#7636,10.);
#2286=VECTOR('',#7639,10.);
#2287=VECTOR('',#7644,10.);
#2288=VECTOR('',#7645,10.);
#2289=VECTOR('',#7648,10.);
#2290=VECTOR('',#7653,10.);
#2291=VECTOR('',#7654,10.);
#2292=VECTOR('',#7657,10.);
#2293=VECTOR('',#7664,10.);
#2294=VECTOR('',#7665,10.);
#2295=VECTOR('',#7666,10.);
#2296=VECTOR('',#7669,10.);
#2297=VECTOR('',#7674,10.);
#2298=VECTOR('',#7675,10.);
#2299=VECTOR('',#7676,10.);
#2300=VECTOR('',#7685,10.);
#2301=VECTOR('',#7690,10.);
#2302=VECTOR('',#7691,10.);
#2303=VECTOR('',#7696,10.);
#2304=VECTOR('',#7697,10.);
#2305=VECTOR('',#7698,10.);
#2306=VECTOR('',#7701,10.);
#2307=VECTOR('',#7708,10.);
#2308=VECTOR('',#7713,10.);
#2309=VECTOR('',#7718,10.);
#2310=VECTOR('',#7731,10.);
#2311=VECTOR('',#7738,10.);
#2312=VECTOR('',#7751,10.);
#2313=VECTOR('',#7754,10.);
#2314=VECTOR('',#7761,10.);
#2315=VECTOR('',#7762,10.);
#2316=VECTOR('',#7775,10.);
#2317=VECTOR('',#7776,10.);
#2318=VECTOR('',#7777,10.);
#2319=VECTOR('',#7780,10.);
#2320=VECTOR('',#7809,10.);
#2321=VECTOR('',#7812,10.);
#2322=VECTOR('',#7819,10.);
#2323=VECTOR('',#7820,10.);
#2324=VECTOR('',#7833,10.);
#2325=VECTOR('',#7834,10.);
#2326=VECTOR('',#7835,10.);
#2327=VECTOR('',#7838,10.);
#2328=VECTOR('',#7867,10.);
#2329=VECTOR('',#7870,10.);
#2330=VECTOR('',#7877,10.);
#2331=VECTOR('',#7878,10.);
#2332=VECTOR('',#7891,10.);
#2333=VECTOR('',#7892,10.);
#2334=VECTOR('',#7893,10.);
#2335=VECTOR('',#7896,10.);
#2336=VECTOR('',#7925,10.);
#2337=VECTOR('',#7928,10.);
#2338=VECTOR('',#7935,10.);
#2339=VECTOR('',#7936,10.);
#2340=VECTOR('',#7949,10.);
#2341=VECTOR('',#7950,10.);
#2342=VECTOR('',#7951,10.);
#2343=VECTOR('',#7954,10.);
#2344=VECTOR('',#8009,10.);
#2345=VECTOR('',#8012,10.);
#2346=VECTOR('',#8015,10.);
#2347=VECTOR('',#8034,10.);
#2348=VECTOR('',#8037,10.);
#2349=VECTOR('',#8040,10.);
#2350=VECTOR('',#8065,10.);
#2351=VECTOR('',#8066,10.);
#2352=VECTOR('',#8069,10.);
#2353=VECTOR('',#8074,10.);
#2354=VECTOR('',#8081,10.);
#2355=VECTOR('',#8082,10.);
#2356=VECTOR('',#8085,10.);
#2357=VECTOR('',#8090,10.);
#2358=VECTOR('',#8097,10.);
#2359=VECTOR('',#8100,10.);
#2360=VECTOR('',#8105,1.);
#2361=VECTOR('',#8110,10.);
#2362=VECTOR('',#8113,10.);
#2363=VECTOR('',#8116,10.);
#2364=VECTOR('',#8119,10.);
#2365=VECTOR('',#8122,10.);
#2366=VECTOR('',#8125,10.);
#2367=VECTOR('',#8128,10.);
#2368=VECTOR('',#8131,10.);
#2369=VECTOR('',#8134,10.);
#2370=VECTOR('',#8137,10.);
#2371=VECTOR('',#8140,10.);
#2372=VECTOR('',#8143,10.);
#2373=VECTOR('',#8150,10.);
#2374=VECTOR('',#8153,10.);
#2375=VECTOR('',#8154,10.);
#2376=VECTOR('',#8155,10.);
#2377=VECTOR('',#8160,10.);
#2378=VECTOR('',#8163,10.);
#2379=VECTOR('',#8164,10.);
#2380=VECTOR('',#8165,10.);
#2381=VECTOR('',#8166,10.);
#2382=VECTOR('',#8169,10.);
#2383=VECTOR('',#8170,10.);
#2384=VECTOR('',#8171,10.);
#2385=VECTOR('',#8174,10.);
#2386=VECTOR('',#8177,10.);
#2387=VECTOR('',#8178,10.);
#2388=VECTOR('',#8179,10.);
#2389=VECTOR('',#8188,0.9);
#2390=VECTOR('',#8195,1.);
#2391=VECTOR('',#8198,0.9);
#2392=VECTOR('',#8205,2.3891375776306);
#2393=VECTOR('',#8216,1.);
#2394=VECTOR('',#8219,0.9);
#2395=VECTOR('',#8226,1.);
#2396=VECTOR('',#8229,0.9);
#2397=VECTOR('',#8234,10.);
#2398=VECTOR('',#8235,10.);
#2399=VECTOR('',#8236,10.);
#2400=VECTOR('',#8239,10.);
#2401=VECTOR('',#8240,10.);
#2402=VECTOR('',#8243,10.);
#2403=VECTOR('',#8248,10.);
#2404=VECTOR('',#8249,10.);
#2405=VECTOR('',#8250,10.);
#2406=VECTOR('',#8253,10.);
#2407=VECTOR('',#8258,10.);
#2408=VECTOR('',#8259,10.);
#2409=VECTOR('',#8262,10.);
#2410=VECTOR('',#8263,10.);
#2411=VECTOR('',#8264,10.);
#2412=VECTOR('',#8267,10.);
#2413=VECTOR('',#8268,10.);
#2414=VECTOR('',#8271,10.);
#2415=VECTOR('',#8276,10.);
#2416=VECTOR('',#8277,10.);
#2417=VECTOR('',#8278,10.);
#2418=VECTOR('',#8281,10.);
#2419=VECTOR('',#8282,10.);
#2420=VECTOR('',#8285,10.);
#2421=VECTOR('',#8290,10.);
#2422=VECTOR('',#8291,10.);
#2423=VECTOR('',#8292,10.);
#2424=VECTOR('',#8293,10.);
#2425=VECTOR('',#8296,10.);
#2426=VECTOR('',#8303,10.);
#2427=VECTOR('',#8304,10.);
#2428=VECTOR('',#8305,10.);
#2429=VECTOR('',#8308,10.);
#2430=VECTOR('',#8315,10.);
#2431=VECTOR('',#8316,10.);
#2432=VECTOR('',#8317,10.);
#2433=VECTOR('',#8320,10.);
#2434=VECTOR('',#8327,10.);
#2435=VECTOR('',#8328,10.);
#2436=VECTOR('',#8329,10.);
#2437=VECTOR('',#8332,10.);
#2438=VECTOR('',#8339,10.);
#2439=VECTOR('',#8340,10.);
#2440=VECTOR('',#8341,10.);
#2441=VECTOR('',#8344,10.);
#2442=VECTOR('',#8351,10.);
#2443=VECTOR('',#8352,10.);
#2444=VECTOR('',#8353,10.);
#2445=VECTOR('',#8356,10.);
#2446=VECTOR('',#8363,10.);
#2447=VECTOR('',#8364,10.);
#2448=VECTOR('',#8365,10.);
#2449=VECTOR('',#8368,10.);
#2450=VECTOR('',#8375,10.);
#2451=VECTOR('',#8376,10.);
#2452=VECTOR('',#8377,10.);
#2453=VECTOR('',#8380,10.);
#2454=VECTOR('',#8387,10.);
#2455=VECTOR('',#8388,10.);
#2456=VECTOR('',#8389,10.);
#2457=VECTOR('',#8392,10.);
#2458=VECTOR('',#8399,10.);
#2459=VECTOR('',#8400,10.);
#2460=VECTOR('',#8401,10.);
#2461=VECTOR('',#8404,10.);
#2462=VECTOR('',#8411,10.);
#2463=VECTOR('',#8412,10.);
#2464=VECTOR('',#8413,10.);
#2465=VECTOR('',#8416,10.);
#2466=VECTOR('',#8423,10.);
#2467=VECTOR('',#8424,10.);
#2468=VECTOR('',#8425,10.);
#2469=VECTOR('',#8434,10.);
#2470=VECTOR('',#8435,10.);
#2471=VECTOR('',#8438,10.);
#2472=VECTOR('',#8441,10.);
#2473=VECTOR('',#8444,10.);
#2474=VECTOR('',#8447,10.);
#2475=VECTOR('',#8450,10.);
#2476=VECTOR('',#8453,10.);
#2477=VECTOR('',#8456,10.);
#2478=VECTOR('',#8459,10.);
#2479=VECTOR('',#8462,10.);
#2480=VECTOR('',#8465,10.);
#2481=VECTOR('',#8468,10.);
#2482=VECTOR('',#8479,10.);
#2483=VECTOR('',#8480,10.);
#2484=VECTOR('',#8483,10.);
#2485=VECTOR('',#8484,10.);
#2486=VECTOR('',#8487,10.);
#2487=VECTOR('',#8490,10.);
#2488=VECTOR('',#8493,10.);
#2489=VECTOR('',#8496,10.);
#2490=VECTOR('',#8499,10.);
#2491=VECTOR('',#8502,10.);
#2492=VECTOR('',#8505,10.);
#2493=VECTOR('',#8510,10.);
#2494=VECTOR('',#8513,10.);
#2495=VECTOR('',#8518,10.);
#2496=VECTOR('',#8519,10.);
#2497=VECTOR('',#8522,10.);
#2498=VECTOR('',#8527,10.);
#2499=VECTOR('',#8530,10.);
#2500=VECTOR('',#8535,10.);
#2501=VECTOR('',#8536,10.);
#2502=VECTOR('',#8539,10.);
#2503=VECTOR('',#8542,10.);
#2504=VECTOR('',#8547,10.);
#2505=VECTOR('',#8550,10.);
#2506=VECTOR('',#8551,10.);
#2507=VECTOR('',#8554,10.);
#2508=VECTOR('',#8559,10.);
#2509=VECTOR('',#8580,10.);
#2510=VECTOR('',#8581,10.);
#2511=VECTOR('',#8582,10.);
#2512=VECTOR('',#8585,10.);
#2513=VECTOR('',#8590,10.);
#2514=VECTOR('',#8591,10.);
#2515=VECTOR('',#8594,10.);
#2516=VECTOR('',#8599,10.);
#2517=VECTOR('',#8600,10.);
#2518=VECTOR('',#8607,10.);
#2519=VECTOR('',#8608,10.);
#2520=VECTOR('',#8613,10.);
#2521=VECTOR('',#8614,10.);
#2522=VECTOR('',#8617,10.);
#2523=VECTOR('',#8622,10.);
#2524=VECTOR('',#8623,10.);
#2525=VECTOR('',#8626,10.);
#2526=VECTOR('',#8631,10.);
#2527=VECTOR('',#8634,10.);
#2528=VECTOR('',#8635,10.);
#2529=VECTOR('',#8636,10.);
#2530=VECTOR('',#8639,10.);
#2531=VECTOR('',#8644,10.);
#2532=VECTOR('',#8645,10.);
#2533=VECTOR('',#8648,10.);
#2534=VECTOR('',#8653,10.);
#2535=VECTOR('',#8654,10.);
#2536=VECTOR('',#8661,10.);
#2537=VECTOR('',#8662,10.);
#2538=VECTOR('',#8667,10.);
#2539=VECTOR('',#8668,10.);
#2540=VECTOR('',#8671,10.);
#2541=VECTOR('',#8676,10.);
#2542=VECTOR('',#8677,10.);
#2543=VECTOR('',#8680,10.);
#2544=VECTOR('',#8685,10.);
#2545=VERTEX_POINT('',#8696);
#2546=VERTEX_POINT('',#8697);
#2547=VERTEX_POINT('',#8699);
#2548=VERTEX_POINT('',#8701);
#2549=VERTEX_POINT('',#8705);
#2550=VERTEX_POINT('',#8706);
#2551=VERTEX_POINT('',#8711);
#2552=VERTEX_POINT('',#8712);
#2553=VERTEX_POINT('',#8720);
#2554=VERTEX_POINT('',#8722);
#2555=VERTEX_POINT('',#8726);
#2556=VERTEX_POINT('',#8730);
#2557=VERTEX_POINT('',#8731);
#2558=VERTEX_POINT('',#8733);
#2559=VERTEX_POINT('',#8735);
#2560=VERTEX_POINT('',#8737);
#2561=VERTEX_POINT('',#8739);
#2562=VERTEX_POINT('',#8741);
#2563=VERTEX_POINT('',#8743);
#2564=VERTEX_POINT('',#8745);
#2565=VERTEX_POINT('',#8747);
#2566=VERTEX_POINT('',#8749);
#2567=VERTEX_POINT('',#8751);
#2568=VERTEX_POINT('',#8753);
#2569=VERTEX_POINT('',#8755);
#2570=VERTEX_POINT('',#8757);
#2571=VERTEX_POINT('',#8759);
#2572=VERTEX_POINT('',#8761);
#2573=VERTEX_POINT('',#8763);
#2574=VERTEX_POINT('',#8765);
#2575=VERTEX_POINT('',#8767);
#2576=VERTEX_POINT('',#8770);
#2577=VERTEX_POINT('',#8771);
#2578=VERTEX_POINT('',#8773);
#2579=VERTEX_POINT('',#8775);
#2580=VERTEX_POINT('',#8778);
#2581=VERTEX_POINT('',#8779);
#2582=VERTEX_POINT('',#8781);
#2583=VERTEX_POINT('',#8783);
#2584=VERTEX_POINT('',#8786);
#2585=VERTEX_POINT('',#8787);
#2586=VERTEX_POINT('',#8789);
#2587=VERTEX_POINT('',#8791);
#2588=VERTEX_POINT('',#8794);
#2589=VERTEX_POINT('',#8795);
#2590=VERTEX_POINT('',#8797);
#2591=VERTEX_POINT('',#8799);
#2592=VERTEX_POINT('',#8802);
#2593=VERTEX_POINT('',#8803);
#2594=VERTEX_POINT('',#8805);
#2595=VERTEX_POINT('',#8807);
#2596=VERTEX_POINT('',#8810);
#2597=VERTEX_POINT('',#8811);
#2598=VERTEX_POINT('',#8813);
#2599=VERTEX_POINT('',#8815);
#2600=VERTEX_POINT('',#8818);
#2601=VERTEX_POINT('',#8820);
#2602=VERTEX_POINT('',#8821);
#2603=VERTEX_POINT('',#8823);
#2604=VERTEX_POINT('',#8825);
#2605=VERTEX_POINT('',#8827);
#2606=VERTEX_POINT('',#8829);
#2607=VERTEX_POINT('',#8832);
#2608=VERTEX_POINT('',#8833);
#2609=VERTEX_POINT('',#8835);
#2610=VERTEX_POINT('',#8837);
#2611=VERTEX_POINT('',#8839);
#2612=VERTEX_POINT('',#8841);
#2613=VERTEX_POINT('',#8844);
#2614=VERTEX_POINT('',#8845);
#2615=VERTEX_POINT('',#8847);
#2616=VERTEX_POINT('',#8849);
#2617=VERTEX_POINT('',#8851);
#2618=VERTEX_POINT('',#8853);
#2619=VERTEX_POINT('',#8856);
#2620=VERTEX_POINT('',#8857);
#2621=VERTEX_POINT('',#8859);
#2622=VERTEX_POINT('',#8861);
#2623=VERTEX_POINT('',#8863);
#2624=VERTEX_POINT('',#8865);
#2625=VERTEX_POINT('',#8868);
#2626=VERTEX_POINT('',#8869);
#2627=VERTEX_POINT('',#8871);
#2628=VERTEX_POINT('',#8873);
#2629=VERTEX_POINT('',#8876);
#2630=VERTEX_POINT('',#8877);
#2631=VERTEX_POINT('',#8879);
#2632=VERTEX_POINT('',#8881);
#2633=VERTEX_POINT('',#8884);
#2634=VERTEX_POINT('',#8885);
#2635=VERTEX_POINT('',#8887);
#2636=VERTEX_POINT('',#8889);
#2637=VERTEX_POINT('',#8892);
#2638=VERTEX_POINT('',#8893);
#2639=VERTEX_POINT('',#8895);
#2640=VERTEX_POINT('',#8897);
#2641=VERTEX_POINT('',#8900);
#2642=VERTEX_POINT('',#8901);
#2643=VERTEX_POINT('',#8903);
#2644=VERTEX_POINT('',#8905);
#2645=VERTEX_POINT('',#8909);
#2646=VERTEX_POINT('',#8911);
#2647=VERTEX_POINT('',#8915);
#2648=VERTEX_POINT('',#8919);
#2649=VERTEX_POINT('',#8925);
#2650=VERTEX_POINT('',#8927);
#2651=VERTEX_POINT('',#8931);
#2652=VERTEX_POINT('',#8935);
#2653=VERTEX_POINT('',#8937);
#2654=VERTEX_POINT('',#8941);
#2655=VERTEX_POINT('',#8945);
#2656=VERTEX_POINT('',#8951);
#2657=VERTEX_POINT('',#8953);
#2658=VERTEX_POINT('',#8957);
#2659=VERTEX_POINT('',#8961);
#2660=VERTEX_POINT('',#8963);
#2661=VERTEX_POINT('',#8967);
#2662=VERTEX_POINT('',#8971);
#2663=VERTEX_POINT('',#8977);
#2664=VERTEX_POINT('',#8979);
#2665=VERTEX_POINT('',#8983);
#2666=VERTEX_POINT('',#8987);
#2667=VERTEX_POINT('',#8989);
#2668=VERTEX_POINT('',#8993);
#2669=VERTEX_POINT('',#8997);
#2670=VERTEX_POINT('',#9003);
#2671=VERTEX_POINT('',#9005);
#2672=VERTEX_POINT('',#9009);
#2673=VERTEX_POINT('',#9013);
#2674=VERTEX_POINT('',#9015);
#2675=VERTEX_POINT('',#9019);
#2676=VERTEX_POINT('',#9023);
#2677=VERTEX_POINT('',#9029);
#2678=VERTEX_POINT('',#9031);
#2679=VERTEX_POINT('',#9035);
#2680=VERTEX_POINT('',#9039);
#2681=VERTEX_POINT('',#9041);
#2682=VERTEX_POINT('',#9045);
#2683=VERTEX_POINT('',#9049);
#2684=VERTEX_POINT('',#9055);
#2685=VERTEX_POINT('',#9057);
#2686=VERTEX_POINT('',#9061);
#2687=VERTEX_POINT('',#9065);
#2688=VERTEX_POINT('',#9067);
#2689=VERTEX_POINT('',#9071);
#2690=VERTEX_POINT('',#9075);
#2691=VERTEX_POINT('',#9081);
#2692=VERTEX_POINT('',#9083);
#2693=VERTEX_POINT('',#9087);
#2694=VERTEX_POINT('',#9091);
#2695=VERTEX_POINT('',#9093);
#2696=VERTEX_POINT('',#9097);
#2697=VERTEX_POINT('',#9101);
#2698=VERTEX_POINT('',#9107);
#2699=VERTEX_POINT('',#9109);
#2700=VERTEX_POINT('',#9113);
#2701=VERTEX_POINT('',#9117);
#2702=VERTEX_POINT('',#9119);
#2703=VERTEX_POINT('',#9123);
#2704=VERTEX_POINT('',#9127);
#2705=VERTEX_POINT('',#9133);
#2706=VERTEX_POINT('',#9135);
#2707=VERTEX_POINT('',#9139);
#2708=VERTEX_POINT('',#9143);
#2709=VERTEX_POINT('',#9145);
#2710=VERTEX_POINT('',#9149);
#2711=VERTEX_POINT('',#9153);
#2712=VERTEX_POINT('',#9159);
#2713=VERTEX_POINT('',#9161);
#2714=VERTEX_POINT('',#9165);
#2715=VERTEX_POINT('',#9169);
#2716=VERTEX_POINT('',#9171);
#2717=VERTEX_POINT('',#9175);
#2718=VERTEX_POINT('',#9179);
#2719=VERTEX_POINT('',#9185);
#2720=VERTEX_POINT('',#9187);
#2721=VERTEX_POINT('',#9191);
#2722=VERTEX_POINT('',#9195);
#2723=VERTEX_POINT('',#9197);
#2724=VERTEX_POINT('',#9201);
#2725=VERTEX_POINT('',#9205);
#2726=VERTEX_POINT('',#9206);
#2727=VERTEX_POINT('',#9217);
#2728=VERTEX_POINT('',#9219);
#2729=VERTEX_POINT('',#9223);
#2730=VERTEX_POINT('',#9224);
#2731=VERTEX_POINT('',#9229);
#2732=VERTEX_POINT('',#9237);
#2733=VERTEX_POINT('',#9239);
#2734=VERTEX_POINT('',#9241);
#2735=VERTEX_POINT('',#9245);
#2736=VERTEX_POINT('',#9249);
#2737=VERTEX_POINT('',#9260);
#2738=VERTEX_POINT('',#9262);
#2739=VERTEX_POINT('',#9264);
#2740=VERTEX_POINT('',#9268);
#2741=VERTEX_POINT('',#9272);
#2742=VERTEX_POINT('',#9283);
#2743=VERTEX_POINT('',#9285);
#2744=VERTEX_POINT('',#9289);
#2745=VERTEX_POINT('',#9293);
#2746=VERTEX_POINT('',#9294);
#2747=VERTEX_POINT('',#9305);
#2748=VERTEX_POINT('',#9307);
#2749=VERTEX_POINT('',#9311);
#2750=VERTEX_POINT('',#9312);
#2751=VERTEX_POINT('',#9317);
#2752=VERTEX_POINT('',#9325);
#2753=VERTEX_POINT('',#9327);
#2754=VERTEX_POINT('',#9331);
#2755=VERTEX_POINT('',#9335);
#2756=VERTEX_POINT('',#9336);
#2757=VERTEX_POINT('',#9347);
#2758=VERTEX_POINT('',#9348);
#2759=VERTEX_POINT('',#9351);
#2760=VERTEX_POINT('',#9355);
#2761=VERTEX_POINT('',#9360);
#2762=VERTEX_POINT('',#9369);
#2763=VERTEX_POINT('',#9371);
#2764=VERTEX_POINT('',#9375);
#2765=VERTEX_POINT('',#9376);
#2766=VERTEX_POINT('',#9381);
#2767=VERTEX_POINT('',#9389);
#2768=VERTEX_POINT('',#9391);
#2769=VERTEX_POINT('',#9393);
#2770=VERTEX_POINT('',#9397);
#2771=VERTEX_POINT('',#9401);
#2772=VERTEX_POINT('',#9412);
#2773=VERTEX_POINT('',#9414);
#2774=VERTEX_POINT('',#9418);
#2775=VERTEX_POINT('',#9422);
#2776=VERTEX_POINT('',#9423);
#2777=VERTEX_POINT('',#9434);
#2778=VERTEX_POINT('',#9436);
#2779=VERTEX_POINT('',#9440);
#2780=VERTEX_POINT('',#9441);
#2781=VERTEX_POINT('',#9446);
#2782=VERTEX_POINT('',#9495);
#2783=VERTEX_POINT('',#9496);
#2784=VERTEX_POINT('',#9511);
#2785=VERTEX_POINT('',#9543);
#2786=VERTEX_POINT('',#9544);
#2787=VERTEX_POINT('',#9559);
#2788=VERTEX_POINT('',#9586);
#2789=VERTEX_POINT('',#9591);
#2790=VERTEX_POINT('',#9596);
#2791=VERTEX_POINT('',#9603);
#2792=VERTEX_POINT('',#9605);
#2793=VERTEX_POINT('',#9607);
#2794=VERTEX_POINT('',#9630);
#2795=VERTEX_POINT('',#9635);
#2796=VERTEX_POINT('',#9672);
#2797=VERTEX_POINT('',#9677);
#2798=VERTEX_POINT('',#9684);
#2799=VERTEX_POINT('',#9685);
#2800=VERTEX_POINT('',#9692);
#2801=VERTEX_POINT('',#9715);
#2802=VERTEX_POINT('',#9729);
#2803=VERTEX_POINT('',#9733);
#2804=VERTEX_POINT('',#9735);
#2805=VERTEX_POINT('',#9739);
#2806=VERTEX_POINT('',#9746);
#2807=VERTEX_POINT('',#9759);
#2808=VERTEX_POINT('',#9763);
#2809=VERTEX_POINT('',#9768);
#2810=VERTEX_POINT('',#9770);
#2811=VERTEX_POINT('',#9775);
#2812=VERTEX_POINT('',#9777);
#2813=VERTEX_POINT('',#9782);
#2814=VERTEX_POINT('',#9787);
#2815=VERTEX_POINT('',#9793);
#2816=VERTEX_POINT('',#9795);
#2817=VERTEX_POINT('',#9852);
#2818=VERTEX_POINT('',#9893);
#2819=VERTEX_POINT('',#9894);
#2820=VERTEX_POINT('',#9909);
#2821=VERTEX_POINT('',#9936);
#2822=VERTEX_POINT('',#9941);
#2823=VERTEX_POINT('',#9946);
#2824=VERTEX_POINT('',#9953);
#2825=VERTEX_POINT('',#9955);
#2826=VERTEX_POINT('',#9957);
#2827=VERTEX_POINT('',#9980);
#2828=VERTEX_POINT('',#9985);
#2829=VERTEX_POINT('',#10022);
#2830=VERTEX_POINT('',#10027);
#2831=VERTEX_POINT('',#10034);
#2832=VERTEX_POINT('',#10035);
#2833=VERTEX_POINT('',#10064);
#2834=VERTEX_POINT('',#10074);
#2835=VERTEX_POINT('',#10078);
#2836=VERTEX_POINT('',#10080);
#2837=VERTEX_POINT('',#10084);
#2838=VERTEX_POINT('',#10091);
#2839=VERTEX_POINT('',#10104);
#2840=VERTEX_POINT('',#10108);
#2841=VERTEX_POINT('',#10113);
#2842=VERTEX_POINT('',#10115);
#2843=VERTEX_POINT('',#10120);
#2844=VERTEX_POINT('',#10122);
#2845=VERTEX_POINT('',#10127);
#2846=VERTEX_POINT('',#10132);
#2847=VERTEX_POINT('',#10138);
#2848=VERTEX_POINT('',#10140);
#2849=VERTEX_POINT('',#10197);
#2850=VERTEX_POINT('',#10198);
#2851=VERTEX_POINT('',#10213);
#2852=VERTEX_POINT('',#10240);
#2853=VERTEX_POINT('',#10245);
#2854=VERTEX_POINT('',#10250);
#2855=VERTEX_POINT('',#10281);
#2856=VERTEX_POINT('',#10282);
#2857=VERTEX_POINT('',#10297);
#2858=VERTEX_POINT('',#10305);
#2859=VERTEX_POINT('',#10307);
#2860=VERTEX_POINT('',#10309);
#2861=VERTEX_POINT('',#10332);
#2862=VERTEX_POINT('',#10337);
#2863=VERTEX_POINT('',#10374);
#2864=VERTEX_POINT('',#10379);
#2865=VERTEX_POINT('',#10386);
#2866=VERTEX_POINT('',#10387);
#2867=VERTEX_POINT('',#10392);
#2868=VERTEX_POINT('',#10415);
#2869=VERTEX_POINT('',#10431);
#2870=VERTEX_POINT('',#10435);
#2871=VERTEX_POINT('',#10437);
#2872=VERTEX_POINT('',#10441);
#2873=VERTEX_POINT('',#10448);
#2874=VERTEX_POINT('',#10461);
#2875=VERTEX_POINT('',#10465);
#2876=VERTEX_POINT('',#10467);
#2877=VERTEX_POINT('',#10472);
#2878=VERTEX_POINT('',#10477);
#2879=VERTEX_POINT('',#10479);
#2880=VERTEX_POINT('',#10484);
#2881=VERTEX_POINT('',#10542);
#2882=VERTEX_POINT('',#10543);
#2883=VERTEX_POINT('',#10558);
#2884=VERTEX_POINT('',#10585);
#2885=VERTEX_POINT('',#10590);
#2886=VERTEX_POINT('',#10595);
#2887=VERTEX_POINT('',#10626);
#2888=VERTEX_POINT('',#10643);
#2889=VERTEX_POINT('',#10645);
#2890=VERTEX_POINT('',#10647);
#2891=VERTEX_POINT('',#10670);
#2892=VERTEX_POINT('',#10675);
#2893=VERTEX_POINT('',#10712);
#2894=VERTEX_POINT('',#10717);
#2895=VERTEX_POINT('',#10724);
#2896=VERTEX_POINT('',#10725);
#2897=VERTEX_POINT('',#10752);
#2898=VERTEX_POINT('',#10764);
#2899=VERTEX_POINT('',#10768);
#2900=VERTEX_POINT('',#10770);
#2901=VERTEX_POINT('',#10774);
#2902=VERTEX_POINT('',#10781);
#2903=VERTEX_POINT('',#10794);
#2904=VERTEX_POINT('',#10798);
#2905=VERTEX_POINT('',#10800);
#2906=VERTEX_POINT('',#10805);
#2907=VERTEX_POINT('',#10810);
#2908=VERTEX_POINT('',#10812);
#2909=VERTEX_POINT('',#10817);
#2910=VERTEX_POINT('',#11012);
#2911=VERTEX_POINT('',#11013);
#2912=VERTEX_POINT('',#11020);
#2913=VERTEX_POINT('',#11022);
#2914=VERTEX_POINT('',#11024);
#2915=VERTEX_POINT('',#11100);
#2916=VERTEX_POINT('',#11101);
#2917=VERTEX_POINT('',#11108);
#2918=VERTEX_POINT('',#11110);
#2919=VERTEX_POINT('',#11112);
#2920=VERTEX_POINT('',#11135);
#2921=VERTEX_POINT('',#11139);
#2922=VERTEX_POINT('',#11143);
#2923=VERTEX_POINT('',#11163);
#2924=VERTEX_POINT('',#11167);
#2925=VERTEX_POINT('',#11171);
#2926=VERTEX_POINT('',#11215);
#2927=VERTEX_POINT('',#11219);
#2928=VERTEX_POINT('',#11227);
#2929=VERTEX_POINT('',#11231);
#2930=VERTEX_POINT('',#11275);
#2931=VERTEX_POINT('',#11277);
#2932=VERTEX_POINT('',#11281);
#2933=VERTEX_POINT('',#11282);
#2934=VERTEX_POINT('',#11284);
#2935=VERTEX_POINT('',#11286);
#2936=VERTEX_POINT('',#11288);
#2937=VERTEX_POINT('',#11290);
#2938=VERTEX_POINT('',#11292);
#2939=VERTEX_POINT('',#11294);
#2940=VERTEX_POINT('',#11296);
#2941=VERTEX_POINT('',#11298);
#2942=VERTEX_POINT('',#11300);
#2943=VERTEX_POINT('',#11302);
#2944=VERTEX_POINT('',#11304);
#2945=VERTEX_POINT('',#11306);
#2946=VERTEX_POINT('',#11308);
#2947=VERTEX_POINT('',#11310);
#2948=VERTEX_POINT('',#11312);
#2949=VERTEX_POINT('',#11314);
#2950=VERTEX_POINT('',#11316);
#2951=VERTEX_POINT('',#11318);
#2952=VERTEX_POINT('',#11320);
#2953=VERTEX_POINT('',#11322);
#2954=VERTEX_POINT('',#11324);
#2955=VERTEX_POINT('',#11326);
#2956=VERTEX_POINT('',#11329);
#2957=VERTEX_POINT('',#11331);
#2958=VERTEX_POINT('',#11333);
#2959=VERTEX_POINT('',#11334);
#2960=VERTEX_POINT('',#11336);
#2961=VERTEX_POINT('',#11338);
#2962=VERTEX_POINT('',#11340);
#2963=VERTEX_POINT('',#11342);
#2964=VERTEX_POINT('',#11345);
#2965=VERTEX_POINT('',#11346);
#2966=VERTEX_POINT('',#11348);
#2967=VERTEX_POINT('',#11350);
#2968=VERTEX_POINT('',#11352);
#2969=VERTEX_POINT('',#11354);
#2970=VERTEX_POINT('',#11357);
#2971=VERTEX_POINT('',#11358);
#2972=VERTEX_POINT('',#11360);
#2973=VERTEX_POINT('',#11362);
#2974=VERTEX_POINT('',#11364);
#2975=VERTEX_POINT('',#11366);
#2976=VERTEX_POINT('',#11369);
#2977=VERTEX_POINT('',#11370);
#2978=VERTEX_POINT('',#11372);
#2979=VERTEX_POINT('',#11374);
#2980=VERTEX_POINT('',#11376);
#2981=VERTEX_POINT('',#11378);
#2982=VERTEX_POINT('',#11381);
#2983=VERTEX_POINT('',#11383);
#2984=VERTEX_POINT('',#11386);
#2985=VERTEX_POINT('',#11390);
#2986=VERTEX_POINT('',#11394);
#2987=VERTEX_POINT('',#11398);
#2988=VERTEX_POINT('',#11402);
#2989=VERTEX_POINT('',#11406);
#2990=VERTEX_POINT('',#11410);
#2991=VERTEX_POINT('',#11414);
#2992=VERTEX_POINT('',#11418);
#2993=VERTEX_POINT('',#11422);
#2994=VERTEX_POINT('',#11424);
#2995=VERTEX_POINT('',#11428);
#2996=VERTEX_POINT('',#11432);
#2997=VERTEX_POINT('',#11436);
#2998=VERTEX_POINT('',#11438);
#2999=VERTEX_POINT('',#11442);
#3000=VERTEX_POINT('',#11446);
#3001=VERTEX_POINT('',#11450);
#3002=VERTEX_POINT('',#11452);
#3003=VERTEX_POINT('',#11456);
#3004=VERTEX_POINT('',#11460);
#3005=VERTEX_POINT('',#11464);
#3006=VERTEX_POINT('',#11466);
#3007=VERTEX_POINT('',#11470);
#3008=VERTEX_POINT('',#11474);
#3009=VERTEX_POINT('',#11510);
#3010=VERTEX_POINT('',#11511);
#3011=VERTEX_POINT('',#11513);
#3012=VERTEX_POINT('',#11515);
#3013=VERTEX_POINT('',#11519);
#3014=VERTEX_POINT('',#11520);
#3015=VERTEX_POINT('',#11525);
#3016=VERTEX_POINT('',#11526);
#3017=VERTEX_POINT('',#11531);
#3018=VERTEX_POINT('',#11532);
#3019=VERTEX_POINT('',#11537);
#3020=VERTEX_POINT('',#11538);
#3021=VERTEX_POINT('',#11543);
#3022=VERTEX_POINT('',#11544);
#3023=VERTEX_POINT('',#11549);
#3024=VERTEX_POINT('',#11550);
#3025=VERTEX_POINT('',#11555);
#3026=VERTEX_POINT('',#11556);
#3027=VERTEX_POINT('',#11561);
#3028=VERTEX_POINT('',#11562);
#3029=VERTEX_POINT('',#11567);
#3030=VERTEX_POINT('',#11568);
#3031=VERTEX_POINT('',#11573);
#3032=VERTEX_POINT('',#11574);
#3033=VERTEX_POINT('',#11579);
#3034=VERTEX_POINT('',#11580);
#3035=VERTEX_POINT('',#11585);
#3036=VERTEX_POINT('',#11586);
#3037=VERTEX_POINT('',#11591);
#3038=VERTEX_POINT('',#11592);
#3039=VERTEX_POINT('',#11597);
#3040=VERTEX_POINT('',#11598);
#3041=VERTEX_POINT('',#11603);
#3042=VERTEX_POINT('',#11604);
#3043=VERTEX_POINT('',#11609);
#3044=VERTEX_POINT('',#11610);
#3045=VERTEX_POINT('',#11615);
#3046=VERTEX_POINT('',#11616);
#3047=VERTEX_POINT('',#11621);
#3048=VERTEX_POINT('',#11622);
#3049=VERTEX_POINT('',#11627);
#3050=VERTEX_POINT('',#11628);
#3051=VERTEX_POINT('',#11633);
#3052=VERTEX_POINT('',#11634);
#3053=VERTEX_POINT('',#11639);
#3054=VERTEX_POINT('',#11640);
#3055=VERTEX_POINT('',#11645);
#3056=VERTEX_POINT('',#11646);
#3057=VERTEX_POINT('',#11706);
#3058=VERTEX_POINT('',#11711);
#3059=VERTEX_POINT('',#11738);
#3060=VERTEX_POINT('',#11742);
#3061=VERTEX_POINT('',#11748);
#3062=VERTEX_POINT('',#11752);
#3063=VERTEX_POINT('',#11758);
#3064=VERTEX_POINT('',#11764);
#3065=VERTEX_POINT('',#11768);
#3066=VERTEX_POINT('',#11783);
#3067=VERTEX_POINT('',#11785);
#3068=VERTEX_POINT('',#11789);
#3069=VERTEX_POINT('',#11793);
#3070=VERTEX_POINT('',#11797);
#3071=VERTEX_POINT('',#11801);
#3072=VERTEX_POINT('',#11807);
#3073=VERTEX_POINT('',#11809);
#3074=VERTEX_POINT('',#11813);
#3075=VERTEX_POINT('',#11817);
#3076=VERTEX_POINT('',#11821);
#3077=VERTEX_POINT('',#11825);
#3078=VERTEX_POINT('',#11831);
#3079=VERTEX_POINT('',#11833);
#3080=VERTEX_POINT('',#11837);
#3081=VERTEX_POINT('',#11841);
#3082=VERTEX_POINT('',#11845);
#3083=VERTEX_POINT('',#11849);
#3084=VERTEX_POINT('',#11855);
#3085=VERTEX_POINT('',#11857);
#3086=VERTEX_POINT('',#11861);
#3087=VERTEX_POINT('',#11865);
#3088=VERTEX_POINT('',#11869);
#3089=VERTEX_POINT('',#11873);
#3090=EDGE_CURVE('',#2545,#2546,#1551,.T.);
#3091=EDGE_CURVE('',#2546,#2547,#1272,.T.);
#3092=EDGE_CURVE('',#2547,#2548,#1552,.T.);
#3093=EDGE_CURVE('',#2548,#2545,#1273,.T.);
#3094=EDGE_CURVE('',#2549,#2550,#1553,.T.);
#3095=EDGE_CURVE('',#2550,#2546,#1554,.T.);
#3096=EDGE_CURVE('',#2545,#2549,#1555,.T.);
#3097=EDGE_CURVE('',#2551,#2552,#1556,.T.);
#3098=EDGE_CURVE('',#2552,#2550,#1274,.T.);
#3099=EDGE_CURVE('',#2549,#2551,#1275,.T.);
#3100=EDGE_CURVE('',#2547,#2552,#1557,.T.);
#3101=EDGE_CURVE('',#2551,#2548,#1558,.T.);
#3102=EDGE_CURVE('',#2545,#2553,#1559,.T.);
#3103=EDGE_CURVE('',#2554,#2553,#1560,.T.);
#3104=EDGE_CURVE('',#2549,#2554,#1561,.T.);
#3105=EDGE_CURVE('',#2548,#2555,#1562,.T.);
#3106=EDGE_CURVE('',#2553,#2555,#1276,.T.);
#3107=EDGE_CURVE('',#2556,#2557,#1277,.T.);
#3108=EDGE_CURVE('',#2558,#2556,#1563,.T.);
#3109=EDGE_CURVE('',#2559,#2558,#1278,.T.);
#3110=EDGE_CURVE('',#2560,#2559,#1564,.T.);
#3111=EDGE_CURVE('',#2561,#2560,#1565,.T.);
#3112=EDGE_CURVE('',#2562,#2561,#1279,.T.);
#3113=EDGE_CURVE('',#2563,#2562,#1566,.T.);
#3114=EDGE_CURVE('',#2564,#2563,#1280,.T.);
#3115=EDGE_CURVE('',#2565,#2564,#1567,.T.);
#3116=EDGE_CURVE('',#2566,#2565,#1568,.T.);
#3117=EDGE_CURVE('',#2567,#2566,#1281,.T.);
#3118=EDGE_CURVE('',#2568,#2567,#1569,.T.);
#3119=EDGE_CURVE('',#2569,#2568,#1282,.T.);
#3120=EDGE_CURVE('',#2570,#2569,#1570,.T.);
#3121=EDGE_CURVE('',#2571,#2570,#1571,.T.);
#3122=EDGE_CURVE('',#2572,#2571,#1283,.T.);
#3123=EDGE_CURVE('',#2573,#2572,#1572,.T.);
#3124=EDGE_CURVE('',#2574,#2573,#1284,.T.);
#3125=EDGE_CURVE('',#2575,#2574,#1573,.T.);
#3126=EDGE_CURVE('',#2557,#2575,#1574,.T.);
#3127=EDGE_CURVE('',#2576,#2577,#1285,.T.);
#3128=EDGE_CURVE('',#2578,#2576,#1575,.T.);
#3129=EDGE_CURVE('',#2579,#2578,#1286,.T.);
#3130=EDGE_CURVE('',#2577,#2579,#1576,.T.);
#3131=EDGE_CURVE('',#2580,#2581,#1577,.T.);
#3132=EDGE_CURVE('',#2582,#2580,#1287,.T.);
#3133=EDGE_CURVE('',#2583,#2582,#1578,.T.);
#3134=EDGE_CURVE('',#2581,#2583,#1288,.T.);
#3135=EDGE_CURVE('',#2584,#2585,#1579,.T.);
#3136=EDGE_CURVE('',#2586,#2584,#1289,.T.);
#3137=EDGE_CURVE('',#2587,#2586,#1580,.T.);
#3138=EDGE_CURVE('',#2585,#2587,#1290,.T.);
#3139=EDGE_CURVE('',#2588,#2589,#1581,.T.);
#3140=EDGE_CURVE('',#2590,#2588,#1291,.T.);
#3141=EDGE_CURVE('',#2591,#2590,#1582,.T.);
#3142=EDGE_CURVE('',#2589,#2591,#1292,.T.);
#3143=EDGE_CURVE('',#2592,#2593,#1293,.T.);
#3144=EDGE_CURVE('',#2594,#2592,#1583,.T.);
#3145=EDGE_CURVE('',#2595,#2594,#1294,.T.);
#3146=EDGE_CURVE('',#2593,#2595,#1584,.T.);
#3147=EDGE_CURVE('',#2596,#2597,#1585,.T.);
#3148=EDGE_CURVE('',#2598,#2596,#1295,.T.);
#3149=EDGE_CURVE('',#2599,#2598,#1586,.T.);
#3150=EDGE_CURVE('',#2597,#2599,#1296,.T.);
#3151=EDGE_CURVE('',#2600,#2600,#1297,.T.);
#3152=EDGE_CURVE('',#2601,#2602,#1298,.T.);
#3153=EDGE_CURVE('',#2603,#2601,#1587,.T.);
#3154=EDGE_CURVE('',#2604,#2603,#1299,.T.);
#3155=EDGE_CURVE('',#2605,#2604,#1588,.T.);
#3156=EDGE_CURVE('',#2606,#2605,#1300,.T.);
#3157=EDGE_CURVE('',#2602,#2606,#1589,.T.);
#3158=EDGE_CURVE('',#2607,#2608,#1301,.T.);
#3159=EDGE_CURVE('',#2609,#2607,#1590,.T.);
#3160=EDGE_CURVE('',#2610,#2609,#1302,.T.);
#3161=EDGE_CURVE('',#2611,#2610,#1591,.T.);
#3162=EDGE_CURVE('',#2612,#2611,#1303,.T.);
#3163=EDGE_CURVE('',#2608,#2612,#1592,.T.);
#3164=EDGE_CURVE('',#2613,#2614,#1593,.T.);
#3165=EDGE_CURVE('',#2615,#2613,#1304,.T.);
#3166=EDGE_CURVE('',#2616,#2615,#1594,.T.);
#3167=EDGE_CURVE('',#2617,#2616,#1305,.T.);
#3168=EDGE_CURVE('',#2618,#2617,#1595,.T.);
#3169=EDGE_CURVE('',#2614,#2618,#1306,.T.);
#3170=EDGE_CURVE('',#2619,#2620,#1596,.T.);
#3171=EDGE_CURVE('',#2621,#2619,#1307,.T.);
#3172=EDGE_CURVE('',#2622,#2621,#1597,.T.);
#3173=EDGE_CURVE('',#2623,#2622,#1308,.T.);
#3174=EDGE_CURVE('',#2624,#2623,#1598,.T.);
#3175=EDGE_CURVE('',#2620,#2624,#1309,.T.);
#3176=EDGE_CURVE('',#2625,#2626,#1310,.T.);
#3177=EDGE_CURVE('',#2627,#2625,#1599,.T.);
#3178=EDGE_CURVE('',#2628,#2627,#1311,.T.);
#3179=EDGE_CURVE('',#2626,#2628,#1600,.T.);
#3180=EDGE_CURVE('',#2629,#2630,#1601,.T.);
#3181=EDGE_CURVE('',#2631,#2629,#1312,.T.);
#3182=EDGE_CURVE('',#2632,#2631,#1602,.T.);
#3183=EDGE_CURVE('',#2630,#2632,#1313,.T.);
#3184=EDGE_CURVE('',#2633,#2634,#1603,.T.);
#3185=EDGE_CURVE('',#2635,#2633,#1314,.T.);
#3186=EDGE_CURVE('',#2636,#2635,#1604,.T.);
#3187=EDGE_CURVE('',#2634,#2636,#1315,.T.);
#3188=EDGE_CURVE('',#2637,#2638,#1605,.T.);
#3189=EDGE_CURVE('',#2639,#2637,#1316,.T.);
#3190=EDGE_CURVE('',#2640,#2639,#1606,.T.);
#3191=EDGE_CURVE('',#2638,#2640,#1317,.T.);
#3192=EDGE_CURVE('',#2641,#2642,#1607,.T.);
#3193=EDGE_CURVE('',#2643,#2641,#1318,.T.);
#3194=EDGE_CURVE('',#2644,#2643,#1608,.T.);
#3195=EDGE_CURVE('',#2642,#2644,#1319,.T.);
#3196=EDGE_CURVE('',#2645,#2576,#1609,.T.);
#3197=EDGE_CURVE('',#2577,#2646,#1610,.T.);
#3198=EDGE_CURVE('',#2646,#2645,#1320,.T.);
#3199=EDGE_CURVE('',#2647,#2578,#1611,.T.);
#3200=EDGE_CURVE('',#2645,#2647,#1612,.T.);
#3201=EDGE_CURVE('',#2648,#2579,#1613,.T.);
#3202=EDGE_CURVE('',#2647,#2648,#1321,.T.);
#3203=EDGE_CURVE('',#2648,#2646,#1614,.T.);
#3204=EDGE_CURVE('',#2645,#2649,#1615,.T.);
#3205=EDGE_CURVE('',#2650,#2649,#1616,.T.);
#3206=EDGE_CURVE('',#2647,#2650,#1617,.T.);
#3207=EDGE_CURVE('',#2646,#2651,#1618,.T.);
#3208=EDGE_CURVE('',#2649,#2651,#1322,.T.);
#3209=EDGE_CURVE('',#2652,#2641,#1619,.T.);
#3210=EDGE_CURVE('',#2642,#2653,#1620,.T.);
#3211=EDGE_CURVE('',#2653,#2652,#1621,.T.);
#3212=EDGE_CURVE('',#2654,#2643,#1622,.T.);
#3213=EDGE_CURVE('',#2652,#2654,#1323,.T.);
#3214=EDGE_CURVE('',#2655,#2644,#1623,.T.);
#3215=EDGE_CURVE('',#2654,#2655,#1624,.T.);
#3216=EDGE_CURVE('',#2655,#2653,#1324,.T.);
#3217=EDGE_CURVE('',#2652,#2656,#1625,.T.);
#3218=EDGE_CURVE('',#2657,#2656,#1325,.T.);
#3219=EDGE_CURVE('',#2654,#2657,#1626,.T.);
#3220=EDGE_CURVE('',#2653,#2658,#1627,.T.);
#3221=EDGE_CURVE('',#2656,#2658,#1628,.T.);
#3222=EDGE_CURVE('',#2659,#2580,#1629,.T.);
#3223=EDGE_CURVE('',#2581,#2660,#1630,.T.);
#3224=EDGE_CURVE('',#2660,#2659,#1631,.T.);
#3225=EDGE_CURVE('',#2661,#2582,#1632,.T.);
#3226=EDGE_CURVE('',#2659,#2661,#1326,.T.);
#3227=EDGE_CURVE('',#2662,#2583,#1633,.T.);
#3228=EDGE_CURVE('',#2661,#2662,#1634,.T.);
#3229=EDGE_CURVE('',#2662,#2660,#1327,.T.);
#3230=EDGE_CURVE('',#2659,#2663,#1635,.T.);
#3231=EDGE_CURVE('',#2664,#2663,#1328,.T.);
#3232=EDGE_CURVE('',#2661,#2664,#1636,.T.);
#3233=EDGE_CURVE('',#2660,#2665,#1637,.T.);
#3234=EDGE_CURVE('',#2663,#2665,#1638,.T.);
#3235=EDGE_CURVE('',#2666,#2637,#1639,.T.);
#3236=EDGE_CURVE('',#2638,#2667,#1640,.T.);
#3237=EDGE_CURVE('',#2667,#2666,#1641,.T.);
#3238=EDGE_CURVE('',#2668,#2639,#1642,.T.);
#3239=EDGE_CURVE('',#2666,#2668,#1329,.T.);
#3240=EDGE_CURVE('',#2669,#2640,#1643,.T.);
#3241=EDGE_CURVE('',#2668,#2669,#1644,.T.);
#3242=EDGE_CURVE('',#2669,#2667,#1330,.T.);
#3243=EDGE_CURVE('',#2666,#2670,#1645,.T.);
#3244=EDGE_CURVE('',#2671,#2670,#1331,.T.);
#3245=EDGE_CURVE('',#2668,#2671,#1646,.T.);
#3246=EDGE_CURVE('',#2667,#2672,#1647,.T.);
#3247=EDGE_CURVE('',#2670,#2672,#1648,.T.);
#3248=EDGE_CURVE('',#2673,#2584,#1649,.T.);
#3249=EDGE_CURVE('',#2585,#2674,#1650,.T.);
#3250=EDGE_CURVE('',#2674,#2673,#1651,.T.);
#3251=EDGE_CURVE('',#2675,#2586,#1652,.T.);
#3252=EDGE_CURVE('',#2673,#2675,#1332,.T.);
#3253=EDGE_CURVE('',#2676,#2587,#1653,.T.);
#3254=EDGE_CURVE('',#2675,#2676,#1654,.T.);
#3255=EDGE_CURVE('',#2676,#2674,#1333,.T.);
#3256=EDGE_CURVE('',#2673,#2677,#1655,.T.);
#3257=EDGE_CURVE('',#2678,#2677,#1334,.T.);
#3258=EDGE_CURVE('',#2675,#2678,#1656,.T.);
#3259=EDGE_CURVE('',#2674,#2679,#1657,.T.);
#3260=EDGE_CURVE('',#2677,#2679,#1658,.T.);
#3261=EDGE_CURVE('',#2680,#2633,#1659,.T.);
#3262=EDGE_CURVE('',#2634,#2681,#1660,.T.);
#3263=EDGE_CURVE('',#2681,#2680,#1661,.T.);
#3264=EDGE_CURVE('',#2682,#2635,#1662,.T.);
#3265=EDGE_CURVE('',#2680,#2682,#1335,.T.);
#3266=EDGE_CURVE('',#2683,#2636,#1663,.T.);
#3267=EDGE_CURVE('',#2682,#2683,#1664,.T.);
#3268=EDGE_CURVE('',#2683,#2681,#1336,.T.);
#3269=EDGE_CURVE('',#2680,#2684,#1665,.T.);
#3270=EDGE_CURVE('',#2685,#2684,#1337,.T.);
#3271=EDGE_CURVE('',#2682,#2685,#1666,.T.);
#3272=EDGE_CURVE('',#2681,#2686,#1667,.T.);
#3273=EDGE_CURVE('',#2684,#2686,#1668,.T.);
#3274=EDGE_CURVE('',#2687,#2588,#1669,.T.);
#3275=EDGE_CURVE('',#2589,#2688,#1670,.T.);
#3276=EDGE_CURVE('',#2688,#2687,#1671,.T.);
#3277=EDGE_CURVE('',#2689,#2590,#1672,.T.);
#3278=EDGE_CURVE('',#2687,#2689,#1338,.T.);
#3279=EDGE_CURVE('',#2690,#2591,#1673,.T.);
#3280=EDGE_CURVE('',#2689,#2690,#1674,.T.);
#3281=EDGE_CURVE('',#2690,#2688,#1339,.T.);
#3282=EDGE_CURVE('',#2687,#2691,#1675,.T.);
#3283=EDGE_CURVE('',#2692,#2691,#1340,.T.);
#3284=EDGE_CURVE('',#2689,#2692,#1676,.T.);
#3285=EDGE_CURVE('',#2688,#2693,#1677,.T.);
#3286=EDGE_CURVE('',#2691,#2693,#1678,.T.);
#3287=EDGE_CURVE('',#2694,#2629,#1679,.T.);
#3288=EDGE_CURVE('',#2630,#2695,#1680,.T.);
#3289=EDGE_CURVE('',#2695,#2694,#1681,.T.);
#3290=EDGE_CURVE('',#2696,#2631,#1682,.T.);
#3291=EDGE_CURVE('',#2694,#2696,#1341,.T.);
#3292=EDGE_CURVE('',#2697,#2632,#1683,.T.);
#3293=EDGE_CURVE('',#2696,#2697,#1684,.T.);
#3294=EDGE_CURVE('',#2697,#2695,#1342,.T.);
#3295=EDGE_CURVE('',#2694,#2698,#1685,.T.);
#3296=EDGE_CURVE('',#2699,#2698,#1343,.T.);
#3297=EDGE_CURVE('',#2696,#2699,#1686,.T.);
#3298=EDGE_CURVE('',#2695,#2700,#1687,.T.);
#3299=EDGE_CURVE('',#2698,#2700,#1688,.T.);
#3300=EDGE_CURVE('',#2701,#2592,#1689,.T.);
#3301=EDGE_CURVE('',#2593,#2702,#1690,.T.);
#3302=EDGE_CURVE('',#2702,#2701,#1344,.T.);
#3303=EDGE_CURVE('',#2703,#2594,#1691,.T.);
#3304=EDGE_CURVE('',#2701,#2703,#1692,.T.);
#3305=EDGE_CURVE('',#2704,#2595,#1693,.T.);
#3306=EDGE_CURVE('',#2703,#2704,#1345,.T.);
#3307=EDGE_CURVE('',#2704,#2702,#1694,.T.);
#3308=EDGE_CURVE('',#2701,#2705,#1695,.T.);
#3309=EDGE_CURVE('',#2706,#2705,#1696,.T.);
#3310=EDGE_CURVE('',#2703,#2706,#1697,.T.);
#3311=EDGE_CURVE('',#2702,#2707,#1698,.T.);
#3312=EDGE_CURVE('',#2705,#2707,#1346,.T.);
#3313=EDGE_CURVE('',#2708,#2625,#1699,.T.);
#3314=EDGE_CURVE('',#2626,#2709,#1700,.T.);
#3315=EDGE_CURVE('',#2709,#2708,#1347,.T.);
#3316=EDGE_CURVE('',#2710,#2627,#1701,.T.);
#3317=EDGE_CURVE('',#2708,#2710,#1702,.T.);
#3318=EDGE_CURVE('',#2711,#2628,#1703,.T.);
#3319=EDGE_CURVE('',#2710,#2711,#1348,.T.);
#3320=EDGE_CURVE('',#2711,#2709,#1704,.T.);
#3321=EDGE_CURVE('',#2708,#2712,#1705,.T.);
#3322=EDGE_CURVE('',#2713,#2712,#1706,.T.);
#3323=EDGE_CURVE('',#2710,#2713,#1707,.T.);
#3324=EDGE_CURVE('',#2709,#2714,#1708,.T.);
#3325=EDGE_CURVE('',#2712,#2714,#1349,.T.);
#3326=EDGE_CURVE('',#2715,#2596,#1709,.T.);
#3327=EDGE_CURVE('',#2597,#2716,#1710,.T.);
#3328=EDGE_CURVE('',#2716,#2715,#1711,.T.);
#3329=EDGE_CURVE('',#2717,#2598,#1712,.T.);
#3330=EDGE_CURVE('',#2715,#2717,#1350,.T.);
#3331=EDGE_CURVE('',#2718,#2599,#1713,.T.);
#3332=EDGE_CURVE('',#2717,#2718,#1714,.T.);
#3333=EDGE_CURVE('',#2718,#2716,#1351,.T.);
#3334=EDGE_CURVE('',#2715,#2719,#1715,.T.);
#3335=EDGE_CURVE('',#2720,#2719,#1352,.T.);
#3336=EDGE_CURVE('',#2717,#2720,#1716,.T.);
#3337=EDGE_CURVE('',#2716,#2721,#1717,.T.);
#3338=EDGE_CURVE('',#2719,#2721,#1718,.T.);
#3339=EDGE_CURVE('',#2722,#2553,#1719,.T.);
#3340=EDGE_CURVE('',#2555,#2723,#1720,.T.);
#3341=EDGE_CURVE('',#2723,#2722,#1353,.T.);
#3342=EDGE_CURVE('',#2724,#2554,#1721,.T.);
#3343=EDGE_CURVE('',#2722,#2724,#1722,.T.);
#3344=EDGE_CURVE('',#2725,#2726,#1723,.T.);
#3345=EDGE_CURVE('',#2726,#2554,#1354,.T.);
#3346=EDGE_CURVE('',#2724,#2725,#1355,.T.);
#3347=EDGE_CURVE('',#2555,#2726,#1724,.T.);
#3348=EDGE_CURVE('',#2725,#2723,#1725,.T.);
#3349=EDGE_CURVE('',#2551,#2726,#1726,.T.);
#3350=EDGE_CURVE('',#2727,#2650,#1727,.T.);
#3351=EDGE_CURVE('',#2649,#2728,#1728,.T.);
#3352=EDGE_CURVE('',#2728,#2727,#1729,.T.);
#3353=EDGE_CURVE('',#2729,#2730,#1730,.T.);
#3354=EDGE_CURVE('',#2730,#2650,#1356,.T.);
#3355=EDGE_CURVE('',#2727,#2729,#1357,.T.);
#3356=EDGE_CURVE('',#2731,#2651,#1731,.T.);
#3357=EDGE_CURVE('',#2651,#2730,#1732,.T.);
#3358=EDGE_CURVE('',#2729,#2731,#1733,.T.);
#3359=EDGE_CURVE('',#2731,#2728,#1358,.T.);
#3360=EDGE_CURVE('',#2732,#2658,#1734,.T.);
#3361=EDGE_CURVE('',#2658,#2733,#1359,.T.);
#3362=EDGE_CURVE('',#2733,#2734,#1735,.T.);
#3363=EDGE_CURVE('',#2734,#2732,#1360,.T.);
#3364=EDGE_CURVE('',#2735,#2656,#1736,.T.);
#3365=EDGE_CURVE('',#2732,#2735,#1737,.T.);
#3366=EDGE_CURVE('',#2736,#2657,#1738,.T.);
#3367=EDGE_CURVE('',#2735,#2736,#1361,.T.);
#3368=EDGE_CURVE('',#2733,#2657,#1739,.T.);
#3369=EDGE_CURVE('',#2736,#2734,#1740,.T.);
#3370=EDGE_CURVE('',#2655,#2733,#1741,.T.);
#3371=EDGE_CURVE('',#2737,#2665,#1742,.T.);
#3372=EDGE_CURVE('',#2665,#2738,#1362,.T.);
#3373=EDGE_CURVE('',#2738,#2739,#1743,.T.);
#3374=EDGE_CURVE('',#2739,#2737,#1363,.T.);
#3375=EDGE_CURVE('',#2740,#2663,#1744,.T.);
#3376=EDGE_CURVE('',#2737,#2740,#1745,.T.);
#3377=EDGE_CURVE('',#2741,#2664,#1746,.T.);
#3378=EDGE_CURVE('',#2740,#2741,#1364,.T.);
#3379=EDGE_CURVE('',#2738,#2664,#1747,.T.);
#3380=EDGE_CURVE('',#2741,#2739,#1748,.T.);
#3381=EDGE_CURVE('',#2662,#2738,#1749,.T.);
#3382=EDGE_CURVE('',#2742,#2670,#1750,.T.);
#3383=EDGE_CURVE('',#2672,#2743,#1751,.T.);
#3384=EDGE_CURVE('',#2743,#2742,#1752,.T.);
#3385=EDGE_CURVE('',#2744,#2671,#1753,.T.);
#3386=EDGE_CURVE('',#2742,#2744,#1365,.T.);
#3387=EDGE_CURVE('',#2745,#2746,#1754,.T.);
#3388=EDGE_CURVE('',#2746,#2671,#1755,.T.);
#3389=EDGE_CURVE('',#2744,#2745,#1756,.T.);
#3390=EDGE_CURVE('',#2672,#2746,#1366,.T.);
#3391=EDGE_CURVE('',#2745,#2743,#1367,.T.);
#3392=EDGE_CURVE('',#2669,#2746,#1757,.T.);
#3393=EDGE_CURVE('',#2747,#2678,#1758,.T.);
#3394=EDGE_CURVE('',#2677,#2748,#1759,.T.);
#3395=EDGE_CURVE('',#2748,#2747,#1368,.T.);
#3396=EDGE_CURVE('',#2749,#2750,#1760,.T.);
#3397=EDGE_CURVE('',#2750,#2678,#1761,.T.);
#3398=EDGE_CURVE('',#2747,#2749,#1762,.T.);
#3399=EDGE_CURVE('',#2751,#2679,#1763,.T.);
#3400=EDGE_CURVE('',#2679,#2750,#1369,.T.);
#3401=EDGE_CURVE('',#2749,#2751,#1370,.T.);
#3402=EDGE_CURVE('',#2751,#2748,#1764,.T.);
#3403=EDGE_CURVE('',#2752,#2705,#1765,.T.);
#3404=EDGE_CURVE('',#2707,#2753,#1766,.T.);
#3405=EDGE_CURVE('',#2753,#2752,#1371,.T.);
#3406=EDGE_CURVE('',#2754,#2706,#1767,.T.);
#3407=EDGE_CURVE('',#2752,#2754,#1768,.T.);
#3408=EDGE_CURVE('',#2755,#2756,#1769,.T.);
#3409=EDGE_CURVE('',#2756,#2706,#1372,.T.);
#3410=EDGE_CURVE('',#2754,#2755,#1373,.T.);
#3411=EDGE_CURVE('',#2707,#2756,#1770,.T.);
#3412=EDGE_CURVE('',#2755,#2753,#1771,.T.);
#3413=EDGE_CURVE('',#2704,#2756,#1772,.T.);
#3414=EDGE_CURVE('',#2757,#2758,#1773,.T.);
#3415=EDGE_CURVE('',#2758,#2713,#1374,.T.);
#3416=EDGE_CURVE('',#2713,#2759,#1774,.T.);
#3417=EDGE_CURVE('',#2759,#2757,#1375,.T.);
#3418=EDGE_CURVE('',#2760,#2714,#1775,.T.);
#3419=EDGE_CURVE('',#2714,#2758,#1776,.T.);
#3420=EDGE_CURVE('',#2757,#2760,#1777,.T.);
#3421=EDGE_CURVE('',#2761,#2712,#1778,.T.);
#3422=EDGE_CURVE('',#2760,#2761,#1376,.T.);
#3423=EDGE_CURVE('',#2761,#2759,#1779,.T.);
#3424=EDGE_CURVE('',#2711,#2758,#1780,.T.);
#3425=EDGE_CURVE('',#2762,#2720,#1781,.T.);
#3426=EDGE_CURVE('',#2719,#2763,#1782,.T.);
#3427=EDGE_CURVE('',#2763,#2762,#1377,.T.);
#3428=EDGE_CURVE('',#2764,#2765,#1783,.T.);
#3429=EDGE_CURVE('',#2765,#2720,#1784,.T.);
#3430=EDGE_CURVE('',#2762,#2764,#1785,.T.);
#3431=EDGE_CURVE('',#2766,#2721,#1786,.T.);
#3432=EDGE_CURVE('',#2721,#2765,#1378,.T.);
#3433=EDGE_CURVE('',#2764,#2766,#1379,.T.);
#3434=EDGE_CURVE('',#2766,#2763,#1787,.T.);
#3435=EDGE_CURVE('',#2767,#2686,#1788,.T.);
#3436=EDGE_CURVE('',#2686,#2768,#1380,.T.);
#3437=EDGE_CURVE('',#2768,#2769,#1789,.T.);
#3438=EDGE_CURVE('',#2769,#2767,#1381,.T.);
#3439=EDGE_CURVE('',#2770,#2684,#1790,.T.);
#3440=EDGE_CURVE('',#2767,#2770,#1791,.T.);
#3441=EDGE_CURVE('',#2771,#2685,#1792,.T.);
#3442=EDGE_CURVE('',#2770,#2771,#1382,.T.);
#3443=EDGE_CURVE('',#2768,#2685,#1793,.T.);
#3444=EDGE_CURVE('',#2771,#2769,#1794,.T.);
#3445=EDGE_CURVE('',#2683,#2768,#1795,.T.);
#3446=EDGE_CURVE('',#2772,#2691,#1796,.T.);
#3447=EDGE_CURVE('',#2693,#2773,#1797,.T.);
#3448=EDGE_CURVE('',#2773,#2772,#1798,.T.);
#3449=EDGE_CURVE('',#2774,#2692,#1799,.T.);
#3450=EDGE_CURVE('',#2772,#2774,#1383,.T.);
#3451=EDGE_CURVE('',#2775,#2776,#1800,.T.);
#3452=EDGE_CURVE('',#2776,#2692,#1801,.T.);
#3453=EDGE_CURVE('',#2774,#2775,#1802,.T.);
#3454=EDGE_CURVE('',#2693,#2776,#1384,.T.);
#3455=EDGE_CURVE('',#2775,#2773,#1385,.T.);
#3456=EDGE_CURVE('',#2690,#2776,#1803,.T.);
#3457=EDGE_CURVE('',#2777,#2699,#1804,.T.);
#3458=EDGE_CURVE('',#2698,#2778,#1805,.T.);
#3459=EDGE_CURVE('',#2778,#2777,#1386,.T.);
#3460=EDGE_CURVE('',#2779,#2780,#1806,.T.);
#3461=EDGE_CURVE('',#2780,#2699,#1807,.T.);
#3462=EDGE_CURVE('',#2777,#2779,#1808,.T.);
#3463=EDGE_CURVE('',#2781,#2700,#1809,.T.);
#3464=EDGE_CURVE('',#2700,#2780,#1387,.T.);
#3465=EDGE_CURVE('',#2779,#2781,#1388,.T.);
#3466=EDGE_CURVE('',#2781,#2778,#1810,.T.);
#3467=EDGE_CURVE('',#2648,#2730,#1811,.T.);
#3468=EDGE_CURVE('',#2676,#2750,#1812,.T.);
#3469=EDGE_CURVE('',#2718,#2765,#1813,.T.);
#3470=EDGE_CURVE('',#2697,#2780,#1814,.T.);
#3471=EDGE_CURVE('',#2782,#2783,#62,.F.);
#3472=EDGE_CURVE('',#2783,#2784,#63,.T.);
#3473=EDGE_CURVE('',#2784,#2782,#1389,.T.);
#3474=EDGE_CURVE('',#2785,#2786,#64,.T.);
#3475=EDGE_CURVE('',#2785,#2787,#1390,.T.);
#3476=EDGE_CURVE('',#2787,#2786,#65,.T.);
#3477=EDGE_CURVE('',#2788,#2785,#66,.T.);
#3478=EDGE_CURVE('',#2788,#2789,#67,.T.);
#3479=EDGE_CURVE('',#2789,#2790,#1391,.T.);
#3480=EDGE_CURVE('',#2790,#2787,#68,.T.);
#3481=EDGE_CURVE('',#2791,#2789,#1392,.T.);
#3482=EDGE_CURVE('',#2789,#2792,#1815,.T.);
#3483=EDGE_CURVE('',#2792,#2793,#1393,.T.);
#3484=EDGE_CURVE('',#2793,#2791,#1816,.T.);
#3485=EDGE_CURVE('',#2794,#2793,#69,.T.);
#3486=EDGE_CURVE('',#2792,#2795,#70,.T.);
#3487=EDGE_CURVE('',#2795,#2794,#71,.T.);
#3488=EDGE_CURVE('',#2795,#2796,#72,.T.);
#3489=EDGE_CURVE('',#2796,#2797,#1394,.T.);
#3490=EDGE_CURVE('',#2797,#2794,#73,.T.);
#3491=EDGE_CURVE('',#2798,#2799,#1395,.T.);
#3492=EDGE_CURVE('',#2799,#2797,#1817,.T.);
#3493=EDGE_CURVE('',#2796,#2798,#1818,.T.);
#3494=EDGE_CURVE('',#2791,#2790,#1396,.T.);
#3495=EDGE_CURVE('',#2798,#2800,#1397,.T.);
#3496=EDGE_CURVE('',#2800,#2799,#1398,.T.);
#3497=EDGE_CURVE('',#2801,#2782,#74,.F.);
#3498=EDGE_CURVE('',#2784,#2800,#75,.T.);
#3499=EDGE_CURVE('',#2798,#2801,#76,.T.);
#3500=EDGE_CURVE('',#2802,#2788,#32,.T.);
#3501=EDGE_CURVE('',#2803,#2802,#1819,.T.);
#3502=EDGE_CURVE('',#2804,#2803,#1820,.T.);
#3503=EDGE_CURVE('',#2804,#2795,#1821,.T.);
#3504=EDGE_CURVE('',#2802,#2805,#77,.T.);
#3505=EDGE_CURVE('',#2806,#2805,#78,.T.);
#3506=EDGE_CURVE('',#2807,#2806,#1822,.T.);
#3507=EDGE_CURVE('',#2803,#2807,#1399,.T.);
#3508=EDGE_CURVE('',#2808,#2790,#79,.T.);
#3509=EDGE_CURVE('',#2809,#2808,#1400,.T.);
#3510=EDGE_CURVE('',#2810,#2809,#80,.T.);
#3511=EDGE_CURVE('',#2811,#2810,#1401,.T.);
#3512=EDGE_CURVE('',#2812,#2811,#81,.T.);
#3513=EDGE_CURVE('',#2813,#2812,#82,.T.);
#3514=EDGE_CURVE('',#2814,#2813,#83,.T.);
#3515=EDGE_CURVE('',#2814,#2815,#1402,.T.);
#3516=EDGE_CURVE('',#2816,#2815,#33,.T.);
#3517=EDGE_CURVE('',#2816,#2786,#1403,.T.);
#3518=EDGE_CURVE('',#2791,#2564,#84,.T.);
#3519=EDGE_CURVE('',#2564,#2808,#1404,.T.);
#3520=EDGE_CURVE('',#2565,#2793,#24,.T.);
#3521=EDGE_CURVE('',#2817,#2814,#85,.F.);
#3522=EDGE_CURVE('',#2813,#2817,#1405,.T.);
#3523=EDGE_CURVE('',#2818,#2819,#86,.T.);
#3524=EDGE_CURVE('',#2818,#2820,#1406,.T.);
#3525=EDGE_CURVE('',#2820,#2819,#87,.T.);
#3526=EDGE_CURVE('',#2821,#2818,#88,.T.);
#3527=EDGE_CURVE('',#2821,#2822,#89,.T.);
#3528=EDGE_CURVE('',#2822,#2823,#1407,.T.);
#3529=EDGE_CURVE('',#2823,#2820,#90,.T.);
#3530=EDGE_CURVE('',#2824,#2822,#1408,.T.);
#3531=EDGE_CURVE('',#2822,#2825,#1823,.T.);
#3532=EDGE_CURVE('',#2825,#2826,#1409,.T.);
#3533=EDGE_CURVE('',#2826,#2824,#1824,.T.);
#3534=EDGE_CURVE('',#2827,#2826,#91,.T.);
#3535=EDGE_CURVE('',#2825,#2828,#92,.T.);
#3536=EDGE_CURVE('',#2828,#2827,#93,.T.);
#3537=EDGE_CURVE('',#2828,#2829,#94,.T.);
#3538=EDGE_CURVE('',#2829,#2830,#1410,.T.);
#3539=EDGE_CURVE('',#2830,#2827,#95,.T.);
#3540=EDGE_CURVE('',#2831,#2832,#1411,.T.);
#3541=EDGE_CURVE('',#2832,#2830,#1825,.T.);
#3542=EDGE_CURVE('',#2829,#2831,#1826,.T.);
#3543=EDGE_CURVE('',#2824,#2823,#1412,.T.);
#3544=EDGE_CURVE('',#2831,#2812,#1413,.T.);
#3545=EDGE_CURVE('',#2812,#2832,#1414,.T.);
#3546=EDGE_CURVE('',#2833,#2817,#96,.F.);
#3547=EDGE_CURVE('',#2831,#2833,#97,.T.);
#3548=EDGE_CURVE('',#2834,#2821,#34,.T.);
#3549=EDGE_CURVE('',#2835,#2834,#1827,.T.);
#3550=EDGE_CURVE('',#2836,#2835,#1828,.T.);
#3551=EDGE_CURVE('',#2836,#2828,#1829,.T.);
#3552=EDGE_CURVE('',#2834,#2837,#98,.T.);
#3553=EDGE_CURVE('',#2838,#2837,#99,.T.);
#3554=EDGE_CURVE('',#2839,#2838,#1830,.T.);
#3555=EDGE_CURVE('',#2835,#2839,#1415,.T.);
#3556=EDGE_CURVE('',#2840,#2823,#100,.T.);
#3557=EDGE_CURVE('',#2841,#2840,#1416,.T.);
#3558=EDGE_CURVE('',#2842,#2841,#101,.T.);
#3559=EDGE_CURVE('',#2843,#2842,#1417,.T.);
#3560=EDGE_CURVE('',#2844,#2843,#102,.T.);
#3561=EDGE_CURVE('',#2845,#2844,#103,.T.);
#3562=EDGE_CURVE('',#2846,#2845,#104,.T.);
#3563=EDGE_CURVE('',#2846,#2847,#1418,.T.);
#3564=EDGE_CURVE('',#2848,#2847,#35,.T.);
#3565=EDGE_CURVE('',#2848,#2819,#1419,.T.);
#3566=EDGE_CURVE('',#2824,#2559,#105,.T.);
#3567=EDGE_CURVE('',#2559,#2840,#1420,.T.);
#3568=EDGE_CURVE('',#2560,#2826,#25,.T.);
#3569=EDGE_CURVE('',#2849,#2850,#106,.T.);
#3570=EDGE_CURVE('',#2849,#2851,#1421,.T.);
#3571=EDGE_CURVE('',#2851,#2850,#107,.T.);
#3572=EDGE_CURVE('',#2852,#2849,#108,.T.);
#3573=EDGE_CURVE('',#2852,#2853,#109,.T.);
#3574=EDGE_CURVE('',#2853,#2854,#1422,.T.);
#3575=EDGE_CURVE('',#2854,#2851,#110,.T.);
#3576=EDGE_CURVE('',#2855,#2856,#111,.F.);
#3577=EDGE_CURVE('',#2856,#2857,#112,.T.);
#3578=EDGE_CURVE('',#2857,#2855,#1423,.T.);
#3579=EDGE_CURVE('',#2858,#2853,#1424,.T.);
#3580=EDGE_CURVE('',#2853,#2859,#1831,.T.);
#3581=EDGE_CURVE('',#2859,#2860,#1425,.T.);
#3582=EDGE_CURVE('',#2860,#2858,#1832,.T.);
#3583=EDGE_CURVE('',#2861,#2860,#113,.T.);
#3584=EDGE_CURVE('',#2859,#2862,#114,.T.);
#3585=EDGE_CURVE('',#2862,#2861,#115,.T.);
#3586=EDGE_CURVE('',#2862,#2863,#116,.T.);
#3587=EDGE_CURVE('',#2863,#2864,#1426,.T.);
#3588=EDGE_CURVE('',#2864,#2861,#117,.T.);
#3589=EDGE_CURVE('',#2865,#2866,#1427,.T.);
#3590=EDGE_CURVE('',#2866,#2864,#1833,.T.);
#3591=EDGE_CURVE('',#2863,#2865,#1834,.T.);
#3592=EDGE_CURVE('',#2865,#2867,#1428,.T.);
#3593=EDGE_CURVE('',#2867,#2866,#1429,.T.);
#3594=EDGE_CURVE('',#2868,#2855,#118,.F.);
#3595=EDGE_CURVE('',#2857,#2867,#119,.T.);
#3596=EDGE_CURVE('',#2865,#2868,#120,.T.);
#3597=EDGE_CURVE('',#2858,#2854,#1430,.T.);
#3598=EDGE_CURVE('',#2869,#2852,#36,.T.);
#3599=EDGE_CURVE('',#2870,#2869,#1835,.T.);
#3600=EDGE_CURVE('',#2871,#2870,#1836,.T.);
#3601=EDGE_CURVE('',#2871,#2862,#1837,.T.);
#3602=EDGE_CURVE('',#2869,#2872,#121,.T.);
#3603=EDGE_CURVE('',#2873,#2872,#122,.T.);
#3604=EDGE_CURVE('',#2874,#2873,#1838,.T.);
#3605=EDGE_CURVE('',#2870,#2874,#1431,.T.);
#3606=EDGE_CURVE('',#2783,#2875,#1432,.T.);
#3607=EDGE_CURVE('',#2876,#2875,#37,.T.);
#3608=EDGE_CURVE('',#2876,#2850,#1433,.T.);
#3609=EDGE_CURVE('',#2877,#2854,#123,.T.);
#3610=EDGE_CURVE('',#2878,#2877,#1434,.T.);
#3611=EDGE_CURVE('',#2879,#2878,#124,.T.);
#3612=EDGE_CURVE('',#2880,#2879,#1435,.T.);
#3613=EDGE_CURVE('',#2800,#2880,#125,.T.);
#3614=EDGE_CURVE('',#2858,#2569,#126,.T.);
#3615=EDGE_CURVE('',#2569,#2877,#1436,.T.);
#3616=EDGE_CURVE('',#2570,#2860,#26,.T.);
#3617=EDGE_CURVE('',#2881,#2882,#127,.T.);
#3618=EDGE_CURVE('',#2881,#2883,#1437,.T.);
#3619=EDGE_CURVE('',#2883,#2882,#128,.T.);
#3620=EDGE_CURVE('',#2884,#2881,#129,.T.);
#3621=EDGE_CURVE('',#2884,#2885,#130,.T.);
#3622=EDGE_CURVE('',#2885,#2886,#1438,.T.);
#3623=EDGE_CURVE('',#2886,#2883,#131,.T.);
#3624=EDGE_CURVE('',#2887,#2846,#132,.F.);
#3625=EDGE_CURVE('',#2845,#2887,#1439,.T.);
#3626=EDGE_CURVE('',#2888,#2885,#1440,.T.);
#3627=EDGE_CURVE('',#2885,#2889,#1839,.T.);
#3628=EDGE_CURVE('',#2889,#2890,#1441,.T.);
#3629=EDGE_CURVE('',#2890,#2888,#1840,.T.);
#3630=EDGE_CURVE('',#2891,#2890,#133,.T.);
#3631=EDGE_CURVE('',#2889,#2892,#134,.T.);
#3632=EDGE_CURVE('',#2892,#2891,#135,.T.);
#3633=EDGE_CURVE('',#2892,#2893,#136,.T.);
#3634=EDGE_CURVE('',#2893,#2894,#1442,.T.);
#3635=EDGE_CURVE('',#2894,#2891,#137,.T.);
#3636=EDGE_CURVE('',#2895,#2896,#1443,.T.);
#3637=EDGE_CURVE('',#2896,#2894,#1841,.T.);
#3638=EDGE_CURVE('',#2893,#2895,#1842,.T.);
#3639=EDGE_CURVE('',#2895,#2844,#1444,.T.);
#3640=EDGE_CURVE('',#2844,#2896,#1445,.T.);
#3641=EDGE_CURVE('',#2897,#2887,#138,.F.);
#3642=EDGE_CURVE('',#2895,#2897,#139,.T.);
#3643=EDGE_CURVE('',#2888,#2886,#1446,.T.);
#3644=EDGE_CURVE('',#2898,#2884,#38,.T.);
#3645=EDGE_CURVE('',#2899,#2898,#1843,.T.);
#3646=EDGE_CURVE('',#2900,#2899,#1844,.T.);
#3647=EDGE_CURVE('',#2900,#2892,#1845,.T.);
#3648=EDGE_CURVE('',#2898,#2901,#140,.T.);
#3649=EDGE_CURVE('',#2902,#2901,#141,.T.);
#3650=EDGE_CURVE('',#2903,#2902,#1846,.T.);
#3651=EDGE_CURVE('',#2899,#2903,#1447,.T.);
#3652=EDGE_CURVE('',#2856,#2904,#1448,.T.);
#3653=EDGE_CURVE('',#2905,#2904,#39,.T.);
#3654=EDGE_CURVE('',#2905,#2882,#1449,.T.);
#3655=EDGE_CURVE('',#2906,#2886,#142,.T.);
#3656=EDGE_CURVE('',#2907,#2906,#1450,.T.);
#3657=EDGE_CURVE('',#2908,#2907,#143,.T.);
#3658=EDGE_CURVE('',#2909,#2908,#1451,.T.);
#3659=EDGE_CURVE('',#2867,#2909,#144,.T.);
#3660=EDGE_CURVE('',#2888,#2574,#145,.T.);
#3661=EDGE_CURVE('',#2574,#2906,#1452,.T.);
#3662=EDGE_CURVE('',#2575,#2890,#27,.T.);
#3663=EDGE_CURVE('',#2843,#2557,#1453,.T.);
#3664=EDGE_CURVE('',#2557,#2896,#146,.T.);
#3665=EDGE_CURVE('',#2841,#2558,#1454,.T.);
#3666=EDGE_CURVE('',#2558,#2556,#147,.T.);
#3667=EDGE_CURVE('',#2556,#2842,#1455,.T.);
#3668=EDGE_CURVE('',#2811,#2561,#1456,.T.);
#3669=EDGE_CURVE('',#2561,#2832,#148,.T.);
#3670=EDGE_CURVE('',#2809,#2563,#1457,.T.);
#3671=EDGE_CURVE('',#2563,#2562,#149,.T.);
#3672=EDGE_CURVE('',#2562,#2810,#1458,.T.);
#3673=EDGE_CURVE('',#2880,#2566,#1459,.T.);
#3674=EDGE_CURVE('',#2566,#2799,#150,.T.);
#3675=EDGE_CURVE('',#2878,#2568,#1460,.T.);
#3676=EDGE_CURVE('',#2568,#2567,#151,.T.);
#3677=EDGE_CURVE('',#2567,#2879,#1461,.T.);
#3678=EDGE_CURVE('',#2910,#2911,#152,.T.);
#3679=EDGE_CURVE('',#2912,#2911,#1847,.T.);
#3680=EDGE_CURVE('',#2913,#2912,#1462,.T.);
#3681=EDGE_CURVE('',#2913,#2914,#1848,.T.);
#3682=EDGE_CURVE('',#2910,#2914,#153,.T.);
#3683=EDGE_CURVE('',#2912,#2804,#1849,.T.);
#3684=EDGE_CURVE('',#2801,#2911,#40,.T.);
#3685=EDGE_CURVE('',#2797,#2565,#28,.T.);
#3686=EDGE_CURVE('',#2909,#2571,#1463,.T.);
#3687=EDGE_CURVE('',#2571,#2866,#154,.T.);
#3688=EDGE_CURVE('',#2907,#2573,#1464,.T.);
#3689=EDGE_CURVE('',#2573,#2572,#155,.T.);
#3690=EDGE_CURVE('',#2572,#2908,#1465,.T.);
#3691=EDGE_CURVE('',#2915,#2916,#156,.T.);
#3692=EDGE_CURVE('',#2917,#2916,#1850,.T.);
#3693=EDGE_CURVE('',#2918,#2917,#1466,.T.);
#3694=EDGE_CURVE('',#2918,#2919,#1851,.T.);
#3695=EDGE_CURVE('',#2915,#2919,#157,.T.);
#3696=EDGE_CURVE('',#2917,#2871,#1852,.T.);
#3697=EDGE_CURVE('',#2868,#2916,#41,.T.);
#3698=EDGE_CURVE('',#2864,#2570,#29,.T.);
#3699=EDGE_CURVE('',#2815,#2920,#42,.T.);
#3700=EDGE_CURVE('',#2833,#2921,#43,.T.);
#3701=EDGE_CURVE('',#2922,#2921,#158,.T.);
#3702=EDGE_CURVE('',#2922,#2920,#159,.T.);
#3703=EDGE_CURVE('',#2847,#2923,#44,.T.);
#3704=EDGE_CURVE('',#2897,#2924,#45,.T.);
#3705=EDGE_CURVE('',#2925,#2924,#160,.T.);
#3706=EDGE_CURVE('',#2925,#2923,#161,.T.);
#3707=EDGE_CURVE('',#2806,#2816,#46,.T.);
#3708=EDGE_CURVE('',#2838,#2848,#47,.T.);
#3709=EDGE_CURVE('',#2902,#2905,#48,.T.);
#3710=EDGE_CURVE('',#2904,#2919,#49,.T.);
#3711=EDGE_CURVE('',#2873,#2876,#50,.T.);
#3712=EDGE_CURVE('',#2875,#2914,#51,.T.);
#3713=EDGE_CURVE('',#2926,#2923,#1853,.T.);
#3714=EDGE_CURVE('',#2839,#2926,#1854,.T.);
#3715=EDGE_CURVE('',#2927,#2924,#1855,.T.);
#3716=EDGE_CURVE('',#2926,#2927,#1467,.T.);
#3717=EDGE_CURVE('',#2927,#2900,#1856,.T.);
#3718=EDGE_CURVE('',#2894,#2575,#30,.T.);
#3719=EDGE_CURVE('',#2928,#2920,#1857,.T.);
#3720=EDGE_CURVE('',#2807,#2928,#1858,.T.);
#3721=EDGE_CURVE('',#2929,#2921,#1859,.T.);
#3722=EDGE_CURVE('',#2928,#2929,#1468,.T.);
#3723=EDGE_CURVE('',#2929,#2836,#1860,.T.);
#3724=EDGE_CURVE('',#2830,#2560,#31,.T.);
#3725=EDGE_CURVE('',#2874,#2913,#1861,.T.);
#3726=EDGE_CURVE('',#2903,#2918,#1862,.T.);
#3727=EDGE_CURVE('',#2930,#2930,#1469,.T.);
#3728=EDGE_CURVE('',#2930,#2931,#1863,.T.);
#3729=EDGE_CURVE('',#2931,#2931,#1470,.T.);
#3730=EDGE_CURVE('',#2932,#2933,#1864,.T.);
#3731=EDGE_CURVE('',#2934,#2932,#1471,.T.);
#3732=EDGE_CURVE('',#2935,#2934,#1865,.T.);
#3733=EDGE_CURVE('',#2936,#2935,#1472,.T.);
#3734=EDGE_CURVE('',#2937,#2936,#1866,.T.);
#3735=EDGE_CURVE('',#2938,#2937,#1473,.T.);
#3736=EDGE_CURVE('',#2939,#2938,#1867,.T.);
#3737=EDGE_CURVE('',#2940,#2939,#1474,.T.);
#3738=EDGE_CURVE('',#2941,#2940,#1868,.T.);
#3739=EDGE_CURVE('',#2942,#2941,#1475,.T.);
#3740=EDGE_CURVE('',#2943,#2942,#1869,.T.);
#3741=EDGE_CURVE('',#2944,#2943,#1476,.T.);
#3742=EDGE_CURVE('',#2945,#2944,#1870,.T.);
#3743=EDGE_CURVE('',#2946,#2945,#1477,.T.);
#3744=EDGE_CURVE('',#2947,#2946,#1871,.T.);
#3745=EDGE_CURVE('',#2948,#2947,#1478,.T.);
#3746=EDGE_CURVE('',#2949,#2948,#1872,.T.);
#3747=EDGE_CURVE('',#2950,#2949,#1479,.T.);
#3748=EDGE_CURVE('',#2951,#2950,#1873,.T.);
#3749=EDGE_CURVE('',#2952,#2951,#1480,.T.);
#3750=EDGE_CURVE('',#2953,#2952,#1874,.T.);
#3751=EDGE_CURVE('',#2954,#2953,#1481,.T.);
#3752=EDGE_CURVE('',#2955,#2954,#1875,.T.);
#3753=EDGE_CURVE('',#2933,#2955,#1482,.T.);
#3754=EDGE_CURVE('',#2956,#2956,#1483,.T.);
#3755=EDGE_CURVE('',#2957,#2957,#1484,.T.);
#3756=EDGE_CURVE('',#2958,#2959,#1876,.T.);
#3757=EDGE_CURVE('',#2960,#2958,#1485,.T.);
#3758=EDGE_CURVE('',#2961,#2960,#1877,.T.);
#3759=EDGE_CURVE('',#2962,#2961,#1878,.T.);
#3760=EDGE_CURVE('',#2963,#2962,#1879,.T.);
#3761=EDGE_CURVE('',#2959,#2963,#1486,.T.);
#3762=EDGE_CURVE('',#2964,#2965,#1487,.T.);
#3763=EDGE_CURVE('',#2966,#2964,#1880,.T.);
#3764=EDGE_CURVE('',#2967,#2966,#1488,.T.);
#3765=EDGE_CURVE('',#2968,#2967,#1881,.T.);
#3766=EDGE_CURVE('',#2969,#2968,#1882,.T.);
#3767=EDGE_CURVE('',#2965,#2969,#1883,.T.);
#3768=EDGE_CURVE('',#2970,#2971,#1884,.T.);
#3769=EDGE_CURVE('',#2972,#2970,#1489,.T.);
#3770=EDGE_CURVE('',#2973,#2972,#1885,.T.);
#3771=EDGE_CURVE('',#2974,#2973,#1886,.T.);
#3772=EDGE_CURVE('',#2975,#2974,#1887,.T.);
#3773=EDGE_CURVE('',#2971,#2975,#1490,.T.);
#3774=EDGE_CURVE('',#2976,#2977,#1888,.T.);
#3775=EDGE_CURVE('',#2978,#2976,#1491,.T.);
#3776=EDGE_CURVE('',#2979,#2978,#1889,.T.);
#3777=EDGE_CURVE('',#2980,#2979,#1890,.T.);
#3778=EDGE_CURVE('',#2981,#2980,#1891,.T.);
#3779=EDGE_CURVE('',#2977,#2981,#1492,.T.);
#3780=EDGE_CURVE('',#2982,#2982,#1493,.T.);
#3781=EDGE_CURVE('',#2983,#2983,#1494,.T.);
#3782=EDGE_CURVE('',#2930,#2984,#1892,.T.);
#3783=EDGE_CURVE('',#2984,#2984,#1495,.T.);
#3784=EDGE_CURVE('',#2985,#2985,#1496,.T.);
#3785=EDGE_CURVE('',#2985,#2956,#1893,.T.);
#3786=EDGE_CURVE('',#2985,#2986,#1894,.T.);
#3787=EDGE_CURVE('',#2986,#2986,#1497,.T.);
#3788=EDGE_CURVE('',#2987,#2987,#1498,.T.);
#3789=EDGE_CURVE('',#2987,#2983,#1895,.T.);
#3790=EDGE_CURVE('',#2988,#2988,#1499,.T.);
#3791=EDGE_CURVE('',#2988,#2987,#1500,.T.);
#3792=EDGE_CURVE('',#2989,#2989,#1501,.T.);
#3793=EDGE_CURVE('',#2989,#2957,#1896,.T.);
#3794=EDGE_CURVE('',#2989,#2990,#1897,.T.);
#3795=EDGE_CURVE('',#2990,#2990,#1502,.T.);
#3796=EDGE_CURVE('',#2991,#2991,#1503,.T.);
#3797=EDGE_CURVE('',#2991,#2982,#1898,.T.);
#3798=EDGE_CURVE('',#2991,#2992,#1899,.T.);
#3799=EDGE_CURVE('',#2992,#2992,#1504,.T.);
#3800=EDGE_CURVE('',#2993,#2961,#1900,.T.);
#3801=EDGE_CURVE('',#2993,#2994,#1901,.T.);
#3802=EDGE_CURVE('',#2962,#2994,#1902,.T.);
#3803=EDGE_CURVE('',#2995,#2960,#1903,.T.);
#3804=EDGE_CURVE('',#2995,#2993,#1904,.T.);
#3805=EDGE_CURVE('',#2958,#2996,#1905,.T.);
#3806=EDGE_CURVE('',#2996,#2995,#1505,.T.);
#3807=EDGE_CURVE('',#2997,#2967,#1906,.T.);
#3808=EDGE_CURVE('',#2997,#2998,#1907,.T.);
#3809=EDGE_CURVE('',#2998,#2968,#1908,.T.);
#3810=EDGE_CURVE('',#2966,#2999,#1909,.T.);
#3811=EDGE_CURVE('',#2999,#2997,#1506,.T.);
#3812=EDGE_CURVE('',#3000,#2964,#1910,.T.);
#3813=EDGE_CURVE('',#3000,#2999,#1911,.T.);
#3814=EDGE_CURVE('',#3001,#2973,#1912,.T.);
#3815=EDGE_CURVE('',#3001,#3002,#1913,.T.);
#3816=EDGE_CURVE('',#2974,#3002,#1914,.T.);
#3817=EDGE_CURVE('',#3003,#2972,#1915,.T.);
#3818=EDGE_CURVE('',#3003,#3001,#1916,.T.);
#3819=EDGE_CURVE('',#2970,#3004,#1917,.T.);
#3820=EDGE_CURVE('',#3004,#3003,#1507,.T.);
#3821=EDGE_CURVE('',#3005,#2979,#1918,.T.);
#3822=EDGE_CURVE('',#3005,#3006,#1919,.T.);
#3823=EDGE_CURVE('',#2980,#3006,#1920,.T.);
#3824=EDGE_CURVE('',#3007,#2978,#1921,.T.);
#3825=EDGE_CURVE('',#3007,#3005,#1922,.T.);
#3826=EDGE_CURVE('',#2976,#3008,#1923,.T.);
#3827=EDGE_CURVE('',#3008,#3007,#1508,.T.);
#3828=EDGE_CURVE('',#3009,#3010,#1924,.T.);
#3829=EDGE_CURVE('',#3010,#3011,#1925,.T.);
#3830=EDGE_CURVE('',#3011,#3012,#1926,.T.);
#3831=EDGE_CURVE('',#3012,#3009,#1927,.T.);
#3832=EDGE_CURVE('',#3013,#3014,#1928,.T.);
#3833=EDGE_CURVE('',#3014,#3010,#1509,.T.);
#3834=EDGE_CURVE('',#3009,#3013,#1510,.T.);
#3835=EDGE_CURVE('',#3015,#3016,#1929,.T.);
#3836=EDGE_CURVE('',#3016,#3014,#1930,.T.);
#3837=EDGE_CURVE('',#3013,#3015,#1931,.T.);
#3838=EDGE_CURVE('',#3017,#3018,#1932,.T.);
#3839=EDGE_CURVE('',#3018,#3016,#1511,.T.);
#3840=EDGE_CURVE('',#3015,#3017,#1512,.T.);
#3841=EDGE_CURVE('',#3019,#3020,#1933,.T.);
#3842=EDGE_CURVE('',#3020,#3018,#1934,.T.);
#3843=EDGE_CURVE('',#3017,#3019,#1935,.T.);
#3844=EDGE_CURVE('',#3021,#3022,#1936,.T.);
#3845=EDGE_CURVE('',#3022,#3020,#1513,.T.);
#3846=EDGE_CURVE('',#3019,#3021,#1514,.T.);
#3847=EDGE_CURVE('',#3023,#3024,#1937,.T.);
#3848=EDGE_CURVE('',#3024,#3022,#1938,.T.);
#3849=EDGE_CURVE('',#3021,#3023,#1939,.T.);
#3850=EDGE_CURVE('',#3025,#3026,#1940,.T.);
#3851=EDGE_CURVE('',#3026,#3024,#1515,.T.);
#3852=EDGE_CURVE('',#3023,#3025,#1516,.T.);
#3853=EDGE_CURVE('',#3027,#3028,#1941,.T.);
#3854=EDGE_CURVE('',#3028,#3026,#1942,.T.);
#3855=EDGE_CURVE('',#3025,#3027,#1943,.T.);
#3856=EDGE_CURVE('',#3029,#3030,#1944,.T.);
#3857=EDGE_CURVE('',#3030,#3028,#1517,.T.);
#3858=EDGE_CURVE('',#3027,#3029,#1518,.T.);
#3859=EDGE_CURVE('',#3031,#3032,#1945,.T.);
#3860=EDGE_CURVE('',#3032,#3030,#1946,.T.);
#3861=EDGE_CURVE('',#3029,#3031,#1947,.T.);
#3862=EDGE_CURVE('',#3033,#3034,#1948,.T.);
#3863=EDGE_CURVE('',#3034,#3032,#1519,.T.);
#3864=EDGE_CURVE('',#3031,#3033,#1520,.T.);
#3865=EDGE_CURVE('',#3035,#3036,#1949,.T.);
#3866=EDGE_CURVE('',#3036,#3034,#1950,.T.);
#3867=EDGE_CURVE('',#3033,#3035,#1951,.T.);
#3868=EDGE_CURVE('',#3037,#3038,#1952,.T.);
#3869=EDGE_CURVE('',#3038,#3036,#1521,.T.);
#3870=EDGE_CURVE('',#3035,#3037,#1522,.T.);
#3871=EDGE_CURVE('',#3039,#3040,#1953,.T.);
#3872=EDGE_CURVE('',#3040,#3038,#1954,.T.);
#3873=EDGE_CURVE('',#3037,#3039,#1955,.T.);
#3874=EDGE_CURVE('',#3041,#3042,#1956,.T.);
#3875=EDGE_CURVE('',#3042,#3040,#1523,.T.);
#3876=EDGE_CURVE('',#3039,#3041,#1524,.T.);
#3877=EDGE_CURVE('',#3043,#3044,#1957,.T.);
#3878=EDGE_CURVE('',#3044,#3042,#1958,.T.);
#3879=EDGE_CURVE('',#3041,#3043,#1959,.T.);
#3880=EDGE_CURVE('',#3045,#3046,#1960,.T.);
#3881=EDGE_CURVE('',#3046,#3044,#1525,.T.);
#3882=EDGE_CURVE('',#3043,#3045,#1526,.T.);
#3883=EDGE_CURVE('',#3047,#3048,#1961,.T.);
#3884=EDGE_CURVE('',#3048,#3046,#1962,.T.);
#3885=EDGE_CURVE('',#3045,#3047,#1963,.T.);
#3886=EDGE_CURVE('',#3049,#3050,#1964,.T.);
#3887=EDGE_CURVE('',#3050,#3048,#1527,.T.);
#3888=EDGE_CURVE('',#3047,#3049,#1528,.T.);
#3889=EDGE_CURVE('',#3051,#3052,#1965,.T.);
#3890=EDGE_CURVE('',#3052,#3050,#1966,.T.);
#3891=EDGE_CURVE('',#3049,#3051,#1967,.T.);
#3892=EDGE_CURVE('',#3053,#3054,#1968,.T.);
#3893=EDGE_CURVE('',#3054,#3052,#1529,.T.);
#3894=EDGE_CURVE('',#3051,#3053,#1530,.T.);
#3895=EDGE_CURVE('',#3055,#3056,#1969,.T.);
#3896=EDGE_CURVE('',#3056,#3054,#1970,.T.);
#3897=EDGE_CURVE('',#3053,#3055,#1971,.T.);
#3898=EDGE_CURVE('',#3011,#3056,#1531,.T.);
#3899=EDGE_CURVE('',#3055,#3012,#1532,.T.);
#3900=EDGE_CURVE('',#3038,#2950,#1972,.T.);
#3901=EDGE_CURVE('',#3036,#2949,#1973,.T.);
#3902=EDGE_CURVE('',#3040,#2951,#1974,.T.);
#3903=EDGE_CURVE('',#3042,#2952,#1975,.T.);
#3904=EDGE_CURVE('',#3044,#2953,#1976,.T.);
#3905=EDGE_CURVE('',#3046,#2954,#1977,.T.);
#3906=EDGE_CURVE('',#3048,#2955,#1978,.T.);
#3907=EDGE_CURVE('',#3050,#2933,#1979,.T.);
#3908=EDGE_CURVE('',#3052,#2932,#1980,.T.);
#3909=EDGE_CURVE('',#3054,#2934,#1981,.T.);
#3910=EDGE_CURVE('',#3056,#2935,#1982,.T.);
#3911=EDGE_CURVE('',#3011,#2936,#1983,.T.);
#3912=EDGE_CURVE('',#3010,#2937,#1984,.T.);
#3913=EDGE_CURVE('',#2988,#3057,#1533,.T.);
#3914=EDGE_CURVE('',#3057,#3057,#1534,.T.);
#3915=EDGE_CURVE('',#2998,#3058,#1985,.T.);
#3916=EDGE_CURVE('',#2969,#3058,#1986,.T.);
#3917=EDGE_CURVE('',#3020,#2941,#1987,.T.);
#3918=EDGE_CURVE('',#3018,#2940,#1988,.T.);
#3919=EDGE_CURVE('',#3022,#2942,#1989,.T.);
#3920=EDGE_CURVE('',#3024,#2943,#1990,.T.);
#3921=EDGE_CURVE('',#3026,#2944,#1991,.T.);
#3922=EDGE_CURVE('',#3028,#2945,#1992,.T.);
#3923=EDGE_CURVE('',#3030,#2946,#1993,.T.);
#3924=EDGE_CURVE('',#3032,#2947,#1994,.T.);
#3925=EDGE_CURVE('',#3034,#2948,#1995,.T.);
#3926=EDGE_CURVE('',#3014,#2938,#1996,.T.);
#3927=EDGE_CURVE('',#3016,#2939,#1997,.T.);
#3928=EDGE_CURVE('',#3059,#2959,#1998,.T.);
#3929=EDGE_CURVE('',#3059,#2996,#1999,.T.);
#3930=EDGE_CURVE('',#2963,#3060,#2000,.T.);
#3931=EDGE_CURVE('',#3060,#3059,#1535,.T.);
#3932=EDGE_CURVE('',#2994,#3060,#2001,.T.);
#3933=EDGE_CURVE('',#2965,#3061,#2002,.T.);
#3934=EDGE_CURVE('',#3061,#3000,#1536,.T.);
#3935=EDGE_CURVE('',#3062,#2971,#2003,.T.);
#3936=EDGE_CURVE('',#3062,#3004,#2004,.T.);
#3937=EDGE_CURVE('',#3058,#3061,#2005,.T.);
#3938=EDGE_CURVE('',#2975,#3063,#2006,.T.);
#3939=EDGE_CURVE('',#3063,#3062,#1537,.T.);
#3940=EDGE_CURVE('',#3002,#3063,#2007,.T.);
#3941=EDGE_CURVE('',#3064,#2977,#2008,.T.);
#3942=EDGE_CURVE('',#3064,#3008,#2009,.T.);
#3943=EDGE_CURVE('',#2981,#3065,#2010,.T.);
#3944=EDGE_CURVE('',#3065,#3064,#1538,.T.);
#3945=EDGE_CURVE('',#3006,#3065,#2011,.T.);
#3946=EDGE_CURVE('',#3066,#2619,#2012,.T.);
#3947=EDGE_CURVE('',#2620,#3067,#2013,.T.);
#3948=EDGE_CURVE('',#3067,#3066,#2014,.T.);
#3949=EDGE_CURVE('',#3068,#2621,#2015,.T.);
#3950=EDGE_CURVE('',#3066,#3068,#1539,.T.);
#3951=EDGE_CURVE('',#3069,#2622,#2016,.T.);
#3952=EDGE_CURVE('',#3068,#3069,#2017,.T.);
#3953=EDGE_CURVE('',#3070,#2623,#2018,.T.);
#3954=EDGE_CURVE('',#3069,#3070,#1540,.T.);
#3955=EDGE_CURVE('',#3071,#2624,#2019,.T.);
#3956=EDGE_CURVE('',#3070,#3071,#2020,.T.);
#3957=EDGE_CURVE('',#3071,#3067,#1541,.T.);
#3958=EDGE_CURVE('',#3072,#2601,#2021,.T.);
#3959=EDGE_CURVE('',#2602,#3073,#2022,.T.);
#3960=EDGE_CURVE('',#3073,#3072,#1542,.T.);
#3961=EDGE_CURVE('',#3074,#2603,#2023,.T.);
#3962=EDGE_CURVE('',#3072,#3074,#2024,.T.);
#3963=EDGE_CURVE('',#3075,#2604,#2025,.T.);
#3964=EDGE_CURVE('',#3074,#3075,#1543,.T.);
#3965=EDGE_CURVE('',#3076,#2605,#2026,.T.);
#3966=EDGE_CURVE('',#3075,#3076,#2027,.T.);
#3967=EDGE_CURVE('',#3077,#2606,#2028,.T.);
#3968=EDGE_CURVE('',#3076,#3077,#1544,.T.);
#3969=EDGE_CURVE('',#3077,#3073,#2029,.T.);
#3970=EDGE_CURVE('',#3078,#2613,#2030,.T.);
#3971=EDGE_CURVE('',#2614,#3079,#2031,.T.);
#3972=EDGE_CURVE('',#3079,#3078,#2032,.T.);
#3973=EDGE_CURVE('',#3080,#2615,#2033,.T.);
#3974=EDGE_CURVE('',#3078,#3080,#1545,.T.);
#3975=EDGE_CURVE('',#3081,#2616,#2034,.T.);
#3976=EDGE_CURVE('',#3080,#3081,#2035,.T.);
#3977=EDGE_CURVE('',#3082,#2617,#2036,.T.);
#3978=EDGE_CURVE('',#3081,#3082,#1546,.T.);
#3979=EDGE_CURVE('',#3083,#2618,#2037,.T.);
#3980=EDGE_CURVE('',#3082,#3083,#2038,.T.);
#3981=EDGE_CURVE('',#3083,#3079,#1547,.T.);
#3982=EDGE_CURVE('',#3084,#2607,#2039,.T.);
#3983=EDGE_CURVE('',#2608,#3085,#2040,.T.);
#3984=EDGE_CURVE('',#3085,#3084,#1548,.T.);
#3985=EDGE_CURVE('',#3086,#2609,#2041,.T.);
#3986=EDGE_CURVE('',#3084,#3086,#2042,.T.);
#3987=EDGE_CURVE('',#3087,#2610,#2043,.T.);
#3988=EDGE_CURVE('',#3086,#3087,#1549,.T.);
#3989=EDGE_CURVE('',#3088,#2611,#2044,.T.);
#3990=EDGE_CURVE('',#3087,#3088,#2045,.T.);
#3991=EDGE_CURVE('',#3089,#2612,#2046,.T.);
#3992=EDGE_CURVE('',#3088,#3089,#1550,.T.);
#3993=EDGE_CURVE('',#3089,#3085,#2047,.T.);
#3994=ORIENTED_EDGE('',*,*,#3090,.T.);
#3995=ORIENTED_EDGE('',*,*,#3091,.T.);
#3996=ORIENTED_EDGE('',*,*,#3092,.T.);
#3997=ORIENTED_EDGE('',*,*,#3093,.T.);
#3998=ORIENTED_EDGE('',*,*,#3094,.T.);
#3999=ORIENTED_EDGE('',*,*,#3095,.T.);
#4000=ORIENTED_EDGE('',*,*,#3090,.F.);
#4001=ORIENTED_EDGE('',*,*,#3096,.T.);
#4002=ORIENTED_EDGE('',*,*,#3097,.T.);
#4003=ORIENTED_EDGE('',*,*,#3098,.T.);
#4004=ORIENTED_EDGE('',*,*,#3094,.F.);
#4005=ORIENTED_EDGE('',*,*,#3099,.T.);
#4006=ORIENTED_EDGE('',*,*,#3092,.F.);
#4007=ORIENTED_EDGE('',*,*,#3100,.T.);
#4008=ORIENTED_EDGE('',*,*,#3097,.F.);
#4009=ORIENTED_EDGE('',*,*,#3101,.T.);
#4010=ORIENTED_EDGE('',*,*,#3096,.F.);
#4011=ORIENTED_EDGE('',*,*,#3102,.T.);
#4012=ORIENTED_EDGE('',*,*,#3103,.F.);
#4013=ORIENTED_EDGE('',*,*,#3104,.F.);
#4014=ORIENTED_EDGE('',*,*,#3093,.F.);
#4015=ORIENTED_EDGE('',*,*,#3105,.T.);
#4016=ORIENTED_EDGE('',*,*,#3106,.F.);
#4017=ORIENTED_EDGE('',*,*,#3102,.F.);
#4018=ORIENTED_EDGE('',*,*,#3107,.F.);
#4019=ORIENTED_EDGE('',*,*,#3108,.F.);
#4020=ORIENTED_EDGE('',*,*,#3109,.F.);
#4021=ORIENTED_EDGE('',*,*,#3110,.F.);
#4022=ORIENTED_EDGE('',*,*,#3111,.F.);
#4023=ORIENTED_EDGE('',*,*,#3112,.F.);
#4024=ORIENTED_EDGE('',*,*,#3113,.F.);
#4025=ORIENTED_EDGE('',*,*,#3114,.F.);
#4026=ORIENTED_EDGE('',*,*,#3115,.F.);
#4027=ORIENTED_EDGE('',*,*,#3116,.F.);
#4028=ORIENTED_EDGE('',*,*,#3117,.F.);
#4029=ORIENTED_EDGE('',*,*,#3118,.F.);
#4030=ORIENTED_EDGE('',*,*,#3119,.F.);
#4031=ORIENTED_EDGE('',*,*,#3120,.F.);
#4032=ORIENTED_EDGE('',*,*,#3121,.F.);
#4033=ORIENTED_EDGE('',*,*,#3122,.F.);
#4034=ORIENTED_EDGE('',*,*,#3123,.F.);
#4035=ORIENTED_EDGE('',*,*,#3124,.F.);
#4036=ORIENTED_EDGE('',*,*,#3125,.F.);
#4037=ORIENTED_EDGE('',*,*,#3126,.F.);
#4038=ORIENTED_EDGE('',*,*,#3127,.F.);
#4039=ORIENTED_EDGE('',*,*,#3128,.F.);
#4040=ORIENTED_EDGE('',*,*,#3129,.F.);
#4041=ORIENTED_EDGE('',*,*,#3130,.F.);
#4042=ORIENTED_EDGE('',*,*,#3131,.F.);
#4043=ORIENTED_EDGE('',*,*,#3132,.F.);
#4044=ORIENTED_EDGE('',*,*,#3133,.F.);
#4045=ORIENTED_EDGE('',*,*,#3134,.F.);
#4046=ORIENTED_EDGE('',*,*,#3135,.F.);
#4047=ORIENTED_EDGE('',*,*,#3136,.F.);
#4048=ORIENTED_EDGE('',*,*,#3137,.F.);
#4049=ORIENTED_EDGE('',*,*,#3138,.F.);
#4050=ORIENTED_EDGE('',*,*,#3139,.F.);
#4051=ORIENTED_EDGE('',*,*,#3140,.F.);
#4052=ORIENTED_EDGE('',*,*,#3141,.F.);
#4053=ORIENTED_EDGE('',*,*,#3142,.F.);
#4054=ORIENTED_EDGE('',*,*,#3143,.F.);
#4055=ORIENTED_EDGE('',*,*,#3144,.F.);
#4056=ORIENTED_EDGE('',*,*,#3145,.F.);
#4057=ORIENTED_EDGE('',*,*,#3146,.F.);
#4058=ORIENTED_EDGE('',*,*,#3147,.F.);
#4059=ORIENTED_EDGE('',*,*,#3148,.F.);
#4060=ORIENTED_EDGE('',*,*,#3149,.F.);
#4061=ORIENTED_EDGE('',*,*,#3150,.F.);
#4062=ORIENTED_EDGE('',*,*,#3151,.T.);
#4063=ORIENTED_EDGE('',*,*,#3152,.F.);
#4064=ORIENTED_EDGE('',*,*,#3153,.F.);
#4065=ORIENTED_EDGE('',*,*,#3154,.F.);
#4066=ORIENTED_EDGE('',*,*,#3155,.F.);
#4067=ORIENTED_EDGE('',*,*,#3156,.F.);
#4068=ORIENTED_EDGE('',*,*,#3157,.F.);
#4069=ORIENTED_EDGE('',*,*,#3158,.F.);
#4070=ORIENTED_EDGE('',*,*,#3159,.F.);
#4071=ORIENTED_EDGE('',*,*,#3160,.F.);
#4072=ORIENTED_EDGE('',*,*,#3161,.F.);
#4073=ORIENTED_EDGE('',*,*,#3162,.F.);
#4074=ORIENTED_EDGE('',*,*,#3163,.F.);
#4075=ORIENTED_EDGE('',*,*,#3164,.F.);
#4076=ORIENTED_EDGE('',*,*,#3165,.F.);
#4077=ORIENTED_EDGE('',*,*,#3166,.F.);
#4078=ORIENTED_EDGE('',*,*,#3167,.F.);
#4079=ORIENTED_EDGE('',*,*,#3168,.F.);
#4080=ORIENTED_EDGE('',*,*,#3169,.F.);
#4081=ORIENTED_EDGE('',*,*,#3170,.F.);
#4082=ORIENTED_EDGE('',*,*,#3171,.F.);
#4083=ORIENTED_EDGE('',*,*,#3172,.F.);
#4084=ORIENTED_EDGE('',*,*,#3173,.F.);
#4085=ORIENTED_EDGE('',*,*,#3174,.F.);
#4086=ORIENTED_EDGE('',*,*,#3175,.F.);
#4087=ORIENTED_EDGE('',*,*,#3176,.F.);
#4088=ORIENTED_EDGE('',*,*,#3177,.F.);
#4089=ORIENTED_EDGE('',*,*,#3178,.F.);
#4090=ORIENTED_EDGE('',*,*,#3179,.F.);
#4091=ORIENTED_EDGE('',*,*,#3180,.F.);
#4092=ORIENTED_EDGE('',*,*,#3181,.F.);
#4093=ORIENTED_EDGE('',*,*,#3182,.F.);
#4094=ORIENTED_EDGE('',*,*,#3183,.F.);
#4095=ORIENTED_EDGE('',*,*,#3184,.F.);
#4096=ORIENTED_EDGE('',*,*,#3185,.F.);
#4097=ORIENTED_EDGE('',*,*,#3186,.F.);
#4098=ORIENTED_EDGE('',*,*,#3187,.F.);
#4099=ORIENTED_EDGE('',*,*,#3188,.F.);
#4100=ORIENTED_EDGE('',*,*,#3189,.F.);
#4101=ORIENTED_EDGE('',*,*,#3190,.F.);
#4102=ORIENTED_EDGE('',*,*,#3191,.F.);
#4103=ORIENTED_EDGE('',*,*,#3192,.F.);
#4104=ORIENTED_EDGE('',*,*,#3193,.F.);
#4105=ORIENTED_EDGE('',*,*,#3194,.F.);
#4106=ORIENTED_EDGE('',*,*,#3195,.F.);
#4107=ORIENTED_EDGE('',*,*,#3091,.F.);
#4108=ORIENTED_EDGE('',*,*,#3095,.F.);
#4109=ORIENTED_EDGE('',*,*,#3098,.F.);
#4110=ORIENTED_EDGE('',*,*,#3100,.F.);
#4111=ORIENTED_EDGE('',*,*,#3196,.T.);
#4112=ORIENTED_EDGE('',*,*,#3127,.T.);
#4113=ORIENTED_EDGE('',*,*,#3197,.T.);
#4114=ORIENTED_EDGE('',*,*,#3198,.T.);
#4115=ORIENTED_EDGE('',*,*,#3199,.T.);
#4116=ORIENTED_EDGE('',*,*,#3128,.T.);
#4117=ORIENTED_EDGE('',*,*,#3196,.F.);
#4118=ORIENTED_EDGE('',*,*,#3200,.T.);
#4119=ORIENTED_EDGE('',*,*,#3201,.T.);
#4120=ORIENTED_EDGE('',*,*,#3129,.T.);
#4121=ORIENTED_EDGE('',*,*,#3199,.F.);
#4122=ORIENTED_EDGE('',*,*,#3202,.T.);
#4123=ORIENTED_EDGE('',*,*,#3197,.F.);
#4124=ORIENTED_EDGE('',*,*,#3130,.T.);
#4125=ORIENTED_EDGE('',*,*,#3201,.F.);
#4126=ORIENTED_EDGE('',*,*,#3203,.T.);
#4127=ORIENTED_EDGE('',*,*,#3200,.F.);
#4128=ORIENTED_EDGE('',*,*,#3204,.T.);
#4129=ORIENTED_EDGE('',*,*,#3205,.F.);
#4130=ORIENTED_EDGE('',*,*,#3206,.F.);
#4131=ORIENTED_EDGE('',*,*,#3198,.F.);
#4132=ORIENTED_EDGE('',*,*,#3207,.T.);
#4133=ORIENTED_EDGE('',*,*,#3208,.F.);
#4134=ORIENTED_EDGE('',*,*,#3204,.F.);
#4135=ORIENTED_EDGE('',*,*,#3209,.T.);
#4136=ORIENTED_EDGE('',*,*,#3192,.T.);
#4137=ORIENTED_EDGE('',*,*,#3210,.T.);
#4138=ORIENTED_EDGE('',*,*,#3211,.T.);
#4139=ORIENTED_EDGE('',*,*,#3212,.T.);
#4140=ORIENTED_EDGE('',*,*,#3193,.T.);
#4141=ORIENTED_EDGE('',*,*,#3209,.F.);
#4142=ORIENTED_EDGE('',*,*,#3213,.T.);
#4143=ORIENTED_EDGE('',*,*,#3214,.T.);
#4144=ORIENTED_EDGE('',*,*,#3194,.T.);
#4145=ORIENTED_EDGE('',*,*,#3212,.F.);
#4146=ORIENTED_EDGE('',*,*,#3215,.T.);
#4147=ORIENTED_EDGE('',*,*,#3210,.F.);
#4148=ORIENTED_EDGE('',*,*,#3195,.T.);
#4149=ORIENTED_EDGE('',*,*,#3214,.F.);
#4150=ORIENTED_EDGE('',*,*,#3216,.T.);
#4151=ORIENTED_EDGE('',*,*,#3213,.F.);
#4152=ORIENTED_EDGE('',*,*,#3217,.T.);
#4153=ORIENTED_EDGE('',*,*,#3218,.F.);
#4154=ORIENTED_EDGE('',*,*,#3219,.F.);
#4155=ORIENTED_EDGE('',*,*,#3211,.F.);
#4156=ORIENTED_EDGE('',*,*,#3220,.T.);
#4157=ORIENTED_EDGE('',*,*,#3221,.F.);
#4158=ORIENTED_EDGE('',*,*,#3217,.F.);
#4159=ORIENTED_EDGE('',*,*,#3222,.T.);
#4160=ORIENTED_EDGE('',*,*,#3131,.T.);
#4161=ORIENTED_EDGE('',*,*,#3223,.T.);
#4162=ORIENTED_EDGE('',*,*,#3224,.T.);
#4163=ORIENTED_EDGE('',*,*,#3225,.T.);
#4164=ORIENTED_EDGE('',*,*,#3132,.T.);
#4165=ORIENTED_EDGE('',*,*,#3222,.F.);
#4166=ORIENTED_EDGE('',*,*,#3226,.T.);
#4167=ORIENTED_EDGE('',*,*,#3227,.T.);
#4168=ORIENTED_EDGE('',*,*,#3133,.T.);
#4169=ORIENTED_EDGE('',*,*,#3225,.F.);
#4170=ORIENTED_EDGE('',*,*,#3228,.T.);
#4171=ORIENTED_EDGE('',*,*,#3223,.F.);
#4172=ORIENTED_EDGE('',*,*,#3134,.T.);
#4173=ORIENTED_EDGE('',*,*,#3227,.F.);
#4174=ORIENTED_EDGE('',*,*,#3229,.T.);
#4175=ORIENTED_EDGE('',*,*,#3226,.F.);
#4176=ORIENTED_EDGE('',*,*,#3230,.T.);
#4177=ORIENTED_EDGE('',*,*,#3231,.F.);
#4178=ORIENTED_EDGE('',*,*,#3232,.F.);
#4179=ORIENTED_EDGE('',*,*,#3224,.F.);
#4180=ORIENTED_EDGE('',*,*,#3233,.T.);
#4181=ORIENTED_EDGE('',*,*,#3234,.F.);
#4182=ORIENTED_EDGE('',*,*,#3230,.F.);
#4183=ORIENTED_EDGE('',*,*,#3235,.T.);
#4184=ORIENTED_EDGE('',*,*,#3188,.T.);
#4185=ORIENTED_EDGE('',*,*,#3236,.T.);
#4186=ORIENTED_EDGE('',*,*,#3237,.T.);
#4187=ORIENTED_EDGE('',*,*,#3238,.T.);
#4188=ORIENTED_EDGE('',*,*,#3189,.T.);
#4189=ORIENTED_EDGE('',*,*,#3235,.F.);
#4190=ORIENTED_EDGE('',*,*,#3239,.T.);
#4191=ORIENTED_EDGE('',*,*,#3240,.T.);
#4192=ORIENTED_EDGE('',*,*,#3190,.T.);
#4193=ORIENTED_EDGE('',*,*,#3238,.F.);
#4194=ORIENTED_EDGE('',*,*,#3241,.T.);
#4195=ORIENTED_EDGE('',*,*,#3236,.F.);
#4196=ORIENTED_EDGE('',*,*,#3191,.T.);
#4197=ORIENTED_EDGE('',*,*,#3240,.F.);
#4198=ORIENTED_EDGE('',*,*,#3242,.T.);
#4199=ORIENTED_EDGE('',*,*,#3239,.F.);
#4200=ORIENTED_EDGE('',*,*,#3243,.T.);
#4201=ORIENTED_EDGE('',*,*,#3244,.F.);
#4202=ORIENTED_EDGE('',*,*,#3245,.F.);
#4203=ORIENTED_EDGE('',*,*,#3237,.F.);
#4204=ORIENTED_EDGE('',*,*,#3246,.T.);
#4205=ORIENTED_EDGE('',*,*,#3247,.F.);
#4206=ORIENTED_EDGE('',*,*,#3243,.F.);
#4207=ORIENTED_EDGE('',*,*,#3248,.T.);
#4208=ORIENTED_EDGE('',*,*,#3135,.T.);
#4209=ORIENTED_EDGE('',*,*,#3249,.T.);
#4210=ORIENTED_EDGE('',*,*,#3250,.T.);
#4211=ORIENTED_EDGE('',*,*,#3251,.T.);
#4212=ORIENTED_EDGE('',*,*,#3136,.T.);
#4213=ORIENTED_EDGE('',*,*,#3248,.F.);
#4214=ORIENTED_EDGE('',*,*,#3252,.T.);
#4215=ORIENTED_EDGE('',*,*,#3253,.T.);
#4216=ORIENTED_EDGE('',*,*,#3137,.T.);
#4217=ORIENTED_EDGE('',*,*,#3251,.F.);
#4218=ORIENTED_EDGE('',*,*,#3254,.T.);
#4219=ORIENTED_EDGE('',*,*,#3249,.F.);
#4220=ORIENTED_EDGE('',*,*,#3138,.T.);
#4221=ORIENTED_EDGE('',*,*,#3253,.F.);
#4222=ORIENTED_EDGE('',*,*,#3255,.T.);
#4223=ORIENTED_EDGE('',*,*,#3252,.F.);
#4224=ORIENTED_EDGE('',*,*,#3256,.T.);
#4225=ORIENTED_EDGE('',*,*,#3257,.F.);
#4226=ORIENTED_EDGE('',*,*,#3258,.F.);
#4227=ORIENTED_EDGE('',*,*,#3250,.F.);
#4228=ORIENTED_EDGE('',*,*,#3259,.T.);
#4229=ORIENTED_EDGE('',*,*,#3260,.F.);
#4230=ORIENTED_EDGE('',*,*,#3256,.F.);
#4231=ORIENTED_EDGE('',*,*,#3261,.T.);
#4232=ORIENTED_EDGE('',*,*,#3184,.T.);
#4233=ORIENTED_EDGE('',*,*,#3262,.T.);
#4234=ORIENTED_EDGE('',*,*,#3263,.T.);
#4235=ORIENTED_EDGE('',*,*,#3264,.T.);
#4236=ORIENTED_EDGE('',*,*,#3185,.T.);
#4237=ORIENTED_EDGE('',*,*,#3261,.F.);
#4238=ORIENTED_EDGE('',*,*,#3265,.T.);
#4239=ORIENTED_EDGE('',*,*,#3266,.T.);
#4240=ORIENTED_EDGE('',*,*,#3186,.T.);
#4241=ORIENTED_EDGE('',*,*,#3264,.F.);
#4242=ORIENTED_EDGE('',*,*,#3267,.T.);
#4243=ORIENTED_EDGE('',*,*,#3262,.F.);
#4244=ORIENTED_EDGE('',*,*,#3187,.T.);
#4245=ORIENTED_EDGE('',*,*,#3266,.F.);
#4246=ORIENTED_EDGE('',*,*,#3268,.T.);
#4247=ORIENTED_EDGE('',*,*,#3265,.F.);
#4248=ORIENTED_EDGE('',*,*,#3269,.T.);
#4249=ORIENTED_EDGE('',*,*,#3270,.F.);
#4250=ORIENTED_EDGE('',*,*,#3271,.F.);
#4251=ORIENTED_EDGE('',*,*,#3263,.F.);
#4252=ORIENTED_EDGE('',*,*,#3272,.T.);
#4253=ORIENTED_EDGE('',*,*,#3273,.F.);
#4254=ORIENTED_EDGE('',*,*,#3269,.F.);
#4255=ORIENTED_EDGE('',*,*,#3274,.T.);
#4256=ORIENTED_EDGE('',*,*,#3139,.T.);
#4257=ORIENTED_EDGE('',*,*,#3275,.T.);
#4258=ORIENTED_EDGE('',*,*,#3276,.T.);
#4259=ORIENTED_EDGE('',*,*,#3277,.T.);
#4260=ORIENTED_EDGE('',*,*,#3140,.T.);
#4261=ORIENTED_EDGE('',*,*,#3274,.F.);
#4262=ORIENTED_EDGE('',*,*,#3278,.T.);
#4263=ORIENTED_EDGE('',*,*,#3279,.T.);
#4264=ORIENTED_EDGE('',*,*,#3141,.T.);
#4265=ORIENTED_EDGE('',*,*,#3277,.F.);
#4266=ORIENTED_EDGE('',*,*,#3280,.T.);
#4267=ORIENTED_EDGE('',*,*,#3275,.F.);
#4268=ORIENTED_EDGE('',*,*,#3142,.T.);
#4269=ORIENTED_EDGE('',*,*,#3279,.F.);
#4270=ORIENTED_EDGE('',*,*,#3281,.T.);
#4271=ORIENTED_EDGE('',*,*,#3278,.F.);
#4272=ORIENTED_EDGE('',*,*,#3282,.T.);
#4273=ORIENTED_EDGE('',*,*,#3283,.F.);
#4274=ORIENTED_EDGE('',*,*,#3284,.F.);
#4275=ORIENTED_EDGE('',*,*,#3276,.F.);
#4276=ORIENTED_EDGE('',*,*,#3285,.T.);
#4277=ORIENTED_EDGE('',*,*,#3286,.F.);
#4278=ORIENTED_EDGE('',*,*,#3282,.F.);
#4279=ORIENTED_EDGE('',*,*,#3287,.T.);
#4280=ORIENTED_EDGE('',*,*,#3180,.T.);
#4281=ORIENTED_EDGE('',*,*,#3288,.T.);
#4282=ORIENTED_EDGE('',*,*,#3289,.T.);
#4283=ORIENTED_EDGE('',*,*,#3290,.T.);
#4284=ORIENTED_EDGE('',*,*,#3181,.T.);
#4285=ORIENTED_EDGE('',*,*,#3287,.F.);
#4286=ORIENTED_EDGE('',*,*,#3291,.T.);
#4287=ORIENTED_EDGE('',*,*,#3292,.T.);
#4288=ORIENTED_EDGE('',*,*,#3182,.T.);
#4289=ORIENTED_EDGE('',*,*,#3290,.F.);
#4290=ORIENTED_EDGE('',*,*,#3293,.T.);
#4291=ORIENTED_EDGE('',*,*,#3288,.F.);
#4292=ORIENTED_EDGE('',*,*,#3183,.T.);
#4293=ORIENTED_EDGE('',*,*,#3292,.F.);
#4294=ORIENTED_EDGE('',*,*,#3294,.T.);
#4295=ORIENTED_EDGE('',*,*,#3291,.F.);
#4296=ORIENTED_EDGE('',*,*,#3295,.T.);
#4297=ORIENTED_EDGE('',*,*,#3296,.F.);
#4298=ORIENTED_EDGE('',*,*,#3297,.F.);
#4299=ORIENTED_EDGE('',*,*,#3289,.F.);
#4300=ORIENTED_EDGE('',*,*,#3298,.T.);
#4301=ORIENTED_EDGE('',*,*,#3299,.F.);
#4302=ORIENTED_EDGE('',*,*,#3295,.F.);
#4303=ORIENTED_EDGE('',*,*,#3300,.T.);
#4304=ORIENTED_EDGE('',*,*,#3143,.T.);
#4305=ORIENTED_EDGE('',*,*,#3301,.T.);
#4306=ORIENTED_EDGE('',*,*,#3302,.T.);
#4307=ORIENTED_EDGE('',*,*,#3303,.T.);
#4308=ORIENTED_EDGE('',*,*,#3144,.T.);
#4309=ORIENTED_EDGE('',*,*,#3300,.F.);
#4310=ORIENTED_EDGE('',*,*,#3304,.T.);
#4311=ORIENTED_EDGE('',*,*,#3305,.T.);
#4312=ORIENTED_EDGE('',*,*,#3145,.T.);
#4313=ORIENTED_EDGE('',*,*,#3303,.F.);
#4314=ORIENTED_EDGE('',*,*,#3306,.T.);
#4315=ORIENTED_EDGE('',*,*,#3301,.F.);
#4316=ORIENTED_EDGE('',*,*,#3146,.T.);
#4317=ORIENTED_EDGE('',*,*,#3305,.F.);
#4318=ORIENTED_EDGE('',*,*,#3307,.T.);
#4319=ORIENTED_EDGE('',*,*,#3304,.F.);
#4320=ORIENTED_EDGE('',*,*,#3308,.T.);
#4321=ORIENTED_EDGE('',*,*,#3309,.F.);
#4322=ORIENTED_EDGE('',*,*,#3310,.F.);
#4323=ORIENTED_EDGE('',*,*,#3302,.F.);
#4324=ORIENTED_EDGE('',*,*,#3311,.T.);
#4325=ORIENTED_EDGE('',*,*,#3312,.F.);
#4326=ORIENTED_EDGE('',*,*,#3308,.F.);
#4327=ORIENTED_EDGE('',*,*,#3313,.T.);
#4328=ORIENTED_EDGE('',*,*,#3176,.T.);
#4329=ORIENTED_EDGE('',*,*,#3314,.T.);
#4330=ORIENTED_EDGE('',*,*,#3315,.T.);
#4331=ORIENTED_EDGE('',*,*,#3316,.T.);
#4332=ORIENTED_EDGE('',*,*,#3177,.T.);
#4333=ORIENTED_EDGE('',*,*,#3313,.F.);
#4334=ORIENTED_EDGE('',*,*,#3317,.T.);
#4335=ORIENTED_EDGE('',*,*,#3318,.T.);
#4336=ORIENTED_EDGE('',*,*,#3178,.T.);
#4337=ORIENTED_EDGE('',*,*,#3316,.F.);
#4338=ORIENTED_EDGE('',*,*,#3319,.T.);
#4339=ORIENTED_EDGE('',*,*,#3314,.F.);
#4340=ORIENTED_EDGE('',*,*,#3179,.T.);
#4341=ORIENTED_EDGE('',*,*,#3318,.F.);
#4342=ORIENTED_EDGE('',*,*,#3320,.T.);
#4343=ORIENTED_EDGE('',*,*,#3317,.F.);
#4344=ORIENTED_EDGE('',*,*,#3321,.T.);
#4345=ORIENTED_EDGE('',*,*,#3322,.F.);
#4346=ORIENTED_EDGE('',*,*,#3323,.F.);
#4347=ORIENTED_EDGE('',*,*,#3315,.F.);
#4348=ORIENTED_EDGE('',*,*,#3324,.T.);
#4349=ORIENTED_EDGE('',*,*,#3325,.F.);
#4350=ORIENTED_EDGE('',*,*,#3321,.F.);
#4351=ORIENTED_EDGE('',*,*,#3326,.T.);
#4352=ORIENTED_EDGE('',*,*,#3147,.T.);
#4353=ORIENTED_EDGE('',*,*,#3327,.T.);
#4354=ORIENTED_EDGE('',*,*,#3328,.T.);
#4355=ORIENTED_EDGE('',*,*,#3329,.T.);
#4356=ORIENTED_EDGE('',*,*,#3148,.T.);
#4357=ORIENTED_EDGE('',*,*,#3326,.F.);
#4358=ORIENTED_EDGE('',*,*,#3330,.T.);
#4359=ORIENTED_EDGE('',*,*,#3331,.T.);
#4360=ORIENTED_EDGE('',*,*,#3149,.T.);
#4361=ORIENTED_EDGE('',*,*,#3329,.F.);
#4362=ORIENTED_EDGE('',*,*,#3332,.T.);
#4363=ORIENTED_EDGE('',*,*,#3327,.F.);
#4364=ORIENTED_EDGE('',*,*,#3150,.T.);
#4365=ORIENTED_EDGE('',*,*,#3331,.F.);
#4366=ORIENTED_EDGE('',*,*,#3333,.T.);
#4367=ORIENTED_EDGE('',*,*,#3330,.F.);
#4368=ORIENTED_EDGE('',*,*,#3334,.T.);
#4369=ORIENTED_EDGE('',*,*,#3335,.F.);
#4370=ORIENTED_EDGE('',*,*,#3336,.F.);
#4371=ORIENTED_EDGE('',*,*,#3328,.F.);
#4372=ORIENTED_EDGE('',*,*,#3337,.T.);
#4373=ORIENTED_EDGE('',*,*,#3338,.F.);
#4374=ORIENTED_EDGE('',*,*,#3334,.F.);
#4375=ORIENTED_EDGE('',*,*,#3339,.T.);
#4376=ORIENTED_EDGE('',*,*,#3106,.T.);
#4377=ORIENTED_EDGE('',*,*,#3340,.T.);
#4378=ORIENTED_EDGE('',*,*,#3341,.T.);
#4379=ORIENTED_EDGE('',*,*,#3342,.T.);
#4380=ORIENTED_EDGE('',*,*,#3103,.T.);
#4381=ORIENTED_EDGE('',*,*,#3339,.F.);
#4382=ORIENTED_EDGE('',*,*,#3343,.T.);
#4383=ORIENTED_EDGE('',*,*,#3344,.T.);
#4384=ORIENTED_EDGE('',*,*,#3345,.T.);
#4385=ORIENTED_EDGE('',*,*,#3342,.F.);
#4386=ORIENTED_EDGE('',*,*,#3346,.T.);
#4387=ORIENTED_EDGE('',*,*,#3340,.F.);
#4388=ORIENTED_EDGE('',*,*,#3347,.T.);
#4389=ORIENTED_EDGE('',*,*,#3344,.F.);
#4390=ORIENTED_EDGE('',*,*,#3348,.T.);
#4391=ORIENTED_EDGE('',*,*,#3101,.F.);
#4392=ORIENTED_EDGE('',*,*,#3349,.T.);
#4393=ORIENTED_EDGE('',*,*,#3347,.F.);
#4394=ORIENTED_EDGE('',*,*,#3105,.F.);
#4395=ORIENTED_EDGE('',*,*,#3341,.F.);
#4396=ORIENTED_EDGE('',*,*,#3348,.F.);
#4397=ORIENTED_EDGE('',*,*,#3346,.F.);
#4398=ORIENTED_EDGE('',*,*,#3343,.F.);
#4399=ORIENTED_EDGE('',*,*,#3350,.T.);
#4400=ORIENTED_EDGE('',*,*,#3205,.T.);
#4401=ORIENTED_EDGE('',*,*,#3351,.T.);
#4402=ORIENTED_EDGE('',*,*,#3352,.T.);
#4403=ORIENTED_EDGE('',*,*,#3353,.T.);
#4404=ORIENTED_EDGE('',*,*,#3354,.T.);
#4405=ORIENTED_EDGE('',*,*,#3350,.F.);
#4406=ORIENTED_EDGE('',*,*,#3355,.T.);
#4407=ORIENTED_EDGE('',*,*,#3356,.T.);
#4408=ORIENTED_EDGE('',*,*,#3357,.T.);
#4409=ORIENTED_EDGE('',*,*,#3353,.F.);
#4410=ORIENTED_EDGE('',*,*,#3358,.T.);
#4411=ORIENTED_EDGE('',*,*,#3351,.F.);
#4412=ORIENTED_EDGE('',*,*,#3208,.T.);
#4413=ORIENTED_EDGE('',*,*,#3356,.F.);
#4414=ORIENTED_EDGE('',*,*,#3359,.T.);
#4415=ORIENTED_EDGE('',*,*,#3352,.F.);
#4416=ORIENTED_EDGE('',*,*,#3359,.F.);
#4417=ORIENTED_EDGE('',*,*,#3358,.F.);
#4418=ORIENTED_EDGE('',*,*,#3355,.F.);
#4419=ORIENTED_EDGE('',*,*,#3360,.T.);
#4420=ORIENTED_EDGE('',*,*,#3361,.T.);
#4421=ORIENTED_EDGE('',*,*,#3362,.T.);
#4422=ORIENTED_EDGE('',*,*,#3363,.T.);
#4423=ORIENTED_EDGE('',*,*,#3364,.T.);
#4424=ORIENTED_EDGE('',*,*,#3221,.T.);
#4425=ORIENTED_EDGE('',*,*,#3360,.F.);
#4426=ORIENTED_EDGE('',*,*,#3365,.T.);
#4427=ORIENTED_EDGE('',*,*,#3366,.T.);
#4428=ORIENTED_EDGE('',*,*,#3218,.T.);
#4429=ORIENTED_EDGE('',*,*,#3364,.F.);
#4430=ORIENTED_EDGE('',*,*,#3367,.T.);
#4431=ORIENTED_EDGE('',*,*,#3362,.F.);
#4432=ORIENTED_EDGE('',*,*,#3368,.T.);
#4433=ORIENTED_EDGE('',*,*,#3366,.F.);
#4434=ORIENTED_EDGE('',*,*,#3369,.T.);
#4435=ORIENTED_EDGE('',*,*,#3215,.F.);
#4436=ORIENTED_EDGE('',*,*,#3219,.T.);
#4437=ORIENTED_EDGE('',*,*,#3368,.F.);
#4438=ORIENTED_EDGE('',*,*,#3370,.F.);
#4439=ORIENTED_EDGE('',*,*,#3216,.F.);
#4440=ORIENTED_EDGE('',*,*,#3370,.T.);
#4441=ORIENTED_EDGE('',*,*,#3361,.F.);
#4442=ORIENTED_EDGE('',*,*,#3220,.F.);
#4443=ORIENTED_EDGE('',*,*,#3363,.F.);
#4444=ORIENTED_EDGE('',*,*,#3369,.F.);
#4445=ORIENTED_EDGE('',*,*,#3367,.F.);
#4446=ORIENTED_EDGE('',*,*,#3365,.F.);
#4447=ORIENTED_EDGE('',*,*,#3371,.T.);
#4448=ORIENTED_EDGE('',*,*,#3372,.T.);
#4449=ORIENTED_EDGE('',*,*,#3373,.T.);
#4450=ORIENTED_EDGE('',*,*,#3374,.T.);
#4451=ORIENTED_EDGE('',*,*,#3375,.T.);
#4452=ORIENTED_EDGE('',*,*,#3234,.T.);
#4453=ORIENTED_EDGE('',*,*,#3371,.F.);
#4454=ORIENTED_EDGE('',*,*,#3376,.T.);
#4455=ORIENTED_EDGE('',*,*,#3377,.T.);
#4456=ORIENTED_EDGE('',*,*,#3231,.T.);
#4457=ORIENTED_EDGE('',*,*,#3375,.F.);
#4458=ORIENTED_EDGE('',*,*,#3378,.T.);
#4459=ORIENTED_EDGE('',*,*,#3373,.F.);
#4460=ORIENTED_EDGE('',*,*,#3379,.T.);
#4461=ORIENTED_EDGE('',*,*,#3377,.F.);
#4462=ORIENTED_EDGE('',*,*,#3380,.T.);
#4463=ORIENTED_EDGE('',*,*,#3228,.F.);
#4464=ORIENTED_EDGE('',*,*,#3232,.T.);
#4465=ORIENTED_EDGE('',*,*,#3379,.F.);
#4466=ORIENTED_EDGE('',*,*,#3381,.F.);
#4467=ORIENTED_EDGE('',*,*,#3229,.F.);
#4468=ORIENTED_EDGE('',*,*,#3381,.T.);
#4469=ORIENTED_EDGE('',*,*,#3372,.F.);
#4470=ORIENTED_EDGE('',*,*,#3233,.F.);
#4471=ORIENTED_EDGE('',*,*,#3374,.F.);
#4472=ORIENTED_EDGE('',*,*,#3380,.F.);
#4473=ORIENTED_EDGE('',*,*,#3378,.F.);
#4474=ORIENTED_EDGE('',*,*,#3376,.F.);
#4475=ORIENTED_EDGE('',*,*,#3382,.T.);
#4476=ORIENTED_EDGE('',*,*,#3247,.T.);
#4477=ORIENTED_EDGE('',*,*,#3383,.T.);
#4478=ORIENTED_EDGE('',*,*,#3384,.T.);
#4479=ORIENTED_EDGE('',*,*,#3385,.T.);
#4480=ORIENTED_EDGE('',*,*,#3244,.T.);
#4481=ORIENTED_EDGE('',*,*,#3382,.F.);
#4482=ORIENTED_EDGE('',*,*,#3386,.T.);
#4483=ORIENTED_EDGE('',*,*,#3387,.T.);
#4484=ORIENTED_EDGE('',*,*,#3388,.T.);
#4485=ORIENTED_EDGE('',*,*,#3385,.F.);
#4486=ORIENTED_EDGE('',*,*,#3389,.T.);
#4487=ORIENTED_EDGE('',*,*,#3383,.F.);
#4488=ORIENTED_EDGE('',*,*,#3390,.T.);
#4489=ORIENTED_EDGE('',*,*,#3387,.F.);
#4490=ORIENTED_EDGE('',*,*,#3391,.T.);
#4491=ORIENTED_EDGE('',*,*,#3242,.F.);
#4492=ORIENTED_EDGE('',*,*,#3392,.T.);
#4493=ORIENTED_EDGE('',*,*,#3390,.F.);
#4494=ORIENTED_EDGE('',*,*,#3246,.F.);
#4495=ORIENTED_EDGE('',*,*,#3384,.F.);
#4496=ORIENTED_EDGE('',*,*,#3391,.F.);
#4497=ORIENTED_EDGE('',*,*,#3389,.F.);
#4498=ORIENTED_EDGE('',*,*,#3386,.F.);
#4499=ORIENTED_EDGE('',*,*,#3393,.T.);
#4500=ORIENTED_EDGE('',*,*,#3257,.T.);
#4501=ORIENTED_EDGE('',*,*,#3394,.T.);
#4502=ORIENTED_EDGE('',*,*,#3395,.T.);
#4503=ORIENTED_EDGE('',*,*,#3396,.T.);
#4504=ORIENTED_EDGE('',*,*,#3397,.T.);
#4505=ORIENTED_EDGE('',*,*,#3393,.F.);
#4506=ORIENTED_EDGE('',*,*,#3398,.T.);
#4507=ORIENTED_EDGE('',*,*,#3399,.T.);
#4508=ORIENTED_EDGE('',*,*,#3400,.T.);
#4509=ORIENTED_EDGE('',*,*,#3396,.F.);
#4510=ORIENTED_EDGE('',*,*,#3401,.T.);
#4511=ORIENTED_EDGE('',*,*,#3394,.F.);
#4512=ORIENTED_EDGE('',*,*,#3260,.T.);
#4513=ORIENTED_EDGE('',*,*,#3399,.F.);
#4514=ORIENTED_EDGE('',*,*,#3402,.T.);
#4515=ORIENTED_EDGE('',*,*,#3395,.F.);
#4516=ORIENTED_EDGE('',*,*,#3402,.F.);
#4517=ORIENTED_EDGE('',*,*,#3401,.F.);
#4518=ORIENTED_EDGE('',*,*,#3398,.F.);
#4519=ORIENTED_EDGE('',*,*,#3403,.T.);
#4520=ORIENTED_EDGE('',*,*,#3312,.T.);
#4521=ORIENTED_EDGE('',*,*,#3404,.T.);
#4522=ORIENTED_EDGE('',*,*,#3405,.T.);
#4523=ORIENTED_EDGE('',*,*,#3406,.T.);
#4524=ORIENTED_EDGE('',*,*,#3309,.T.);
#4525=ORIENTED_EDGE('',*,*,#3403,.F.);
#4526=ORIENTED_EDGE('',*,*,#3407,.T.);
#4527=ORIENTED_EDGE('',*,*,#3408,.T.);
#4528=ORIENTED_EDGE('',*,*,#3409,.T.);
#4529=ORIENTED_EDGE('',*,*,#3406,.F.);
#4530=ORIENTED_EDGE('',*,*,#3410,.T.);
#4531=ORIENTED_EDGE('',*,*,#3404,.F.);
#4532=ORIENTED_EDGE('',*,*,#3411,.T.);
#4533=ORIENTED_EDGE('',*,*,#3408,.F.);
#4534=ORIENTED_EDGE('',*,*,#3412,.T.);
#4535=ORIENTED_EDGE('',*,*,#3307,.F.);
#4536=ORIENTED_EDGE('',*,*,#3413,.T.);
#4537=ORIENTED_EDGE('',*,*,#3411,.F.);
#4538=ORIENTED_EDGE('',*,*,#3311,.F.);
#4539=ORIENTED_EDGE('',*,*,#3405,.F.);
#4540=ORIENTED_EDGE('',*,*,#3412,.F.);
#4541=ORIENTED_EDGE('',*,*,#3410,.F.);
#4542=ORIENTED_EDGE('',*,*,#3407,.F.);
#4543=ORIENTED_EDGE('',*,*,#3414,.T.);
#4544=ORIENTED_EDGE('',*,*,#3415,.T.);
#4545=ORIENTED_EDGE('',*,*,#3416,.T.);
#4546=ORIENTED_EDGE('',*,*,#3417,.T.);
#4547=ORIENTED_EDGE('',*,*,#3418,.T.);
#4548=ORIENTED_EDGE('',*,*,#3419,.T.);
#4549=ORIENTED_EDGE('',*,*,#3414,.F.);
#4550=ORIENTED_EDGE('',*,*,#3420,.T.);
#4551=ORIENTED_EDGE('',*,*,#3421,.T.);
#4552=ORIENTED_EDGE('',*,*,#3325,.T.);
#4553=ORIENTED_EDGE('',*,*,#3418,.F.);
#4554=ORIENTED_EDGE('',*,*,#3422,.T.);
#4555=ORIENTED_EDGE('',*,*,#3416,.F.);
#4556=ORIENTED_EDGE('',*,*,#3322,.T.);
#4557=ORIENTED_EDGE('',*,*,#3421,.F.);
#4558=ORIENTED_EDGE('',*,*,#3423,.T.);
#4559=ORIENTED_EDGE('',*,*,#3319,.F.);
#4560=ORIENTED_EDGE('',*,*,#3323,.T.);
#4561=ORIENTED_EDGE('',*,*,#3415,.F.);
#4562=ORIENTED_EDGE('',*,*,#3424,.F.);
#4563=ORIENTED_EDGE('',*,*,#3417,.F.);
#4564=ORIENTED_EDGE('',*,*,#3423,.F.);
#4565=ORIENTED_EDGE('',*,*,#3422,.F.);
#4566=ORIENTED_EDGE('',*,*,#3420,.F.);
#4567=ORIENTED_EDGE('',*,*,#3425,.T.);
#4568=ORIENTED_EDGE('',*,*,#3335,.T.);
#4569=ORIENTED_EDGE('',*,*,#3426,.T.);
#4570=ORIENTED_EDGE('',*,*,#3427,.T.);
#4571=ORIENTED_EDGE('',*,*,#3428,.T.);
#4572=ORIENTED_EDGE('',*,*,#3429,.T.);
#4573=ORIENTED_EDGE('',*,*,#3425,.F.);
#4574=ORIENTED_EDGE('',*,*,#3430,.T.);
#4575=ORIENTED_EDGE('',*,*,#3431,.T.);
#4576=ORIENTED_EDGE('',*,*,#3432,.T.);
#4577=ORIENTED_EDGE('',*,*,#3428,.F.);
#4578=ORIENTED_EDGE('',*,*,#3433,.T.);
#4579=ORIENTED_EDGE('',*,*,#3426,.F.);
#4580=ORIENTED_EDGE('',*,*,#3338,.T.);
#4581=ORIENTED_EDGE('',*,*,#3431,.F.);
#4582=ORIENTED_EDGE('',*,*,#3434,.T.);
#4583=ORIENTED_EDGE('',*,*,#3427,.F.);
#4584=ORIENTED_EDGE('',*,*,#3434,.F.);
#4585=ORIENTED_EDGE('',*,*,#3433,.F.);
#4586=ORIENTED_EDGE('',*,*,#3430,.F.);
#4587=ORIENTED_EDGE('',*,*,#3435,.T.);
#4588=ORIENTED_EDGE('',*,*,#3436,.T.);
#4589=ORIENTED_EDGE('',*,*,#3437,.T.);
#4590=ORIENTED_EDGE('',*,*,#3438,.T.);
#4591=ORIENTED_EDGE('',*,*,#3439,.T.);
#4592=ORIENTED_EDGE('',*,*,#3273,.T.);
#4593=ORIENTED_EDGE('',*,*,#3435,.F.);
#4594=ORIENTED_EDGE('',*,*,#3440,.T.);
#4595=ORIENTED_EDGE('',*,*,#3441,.T.);
#4596=ORIENTED_EDGE('',*,*,#3270,.T.);
#4597=ORIENTED_EDGE('',*,*,#3439,.F.);
#4598=ORIENTED_EDGE('',*,*,#3442,.T.);
#4599=ORIENTED_EDGE('',*,*,#3437,.F.);
#4600=ORIENTED_EDGE('',*,*,#3443,.T.);
#4601=ORIENTED_EDGE('',*,*,#3441,.F.);
#4602=ORIENTED_EDGE('',*,*,#3444,.T.);
#4603=ORIENTED_EDGE('',*,*,#3267,.F.);
#4604=ORIENTED_EDGE('',*,*,#3271,.T.);
#4605=ORIENTED_EDGE('',*,*,#3443,.F.);
#4606=ORIENTED_EDGE('',*,*,#3445,.F.);
#4607=ORIENTED_EDGE('',*,*,#3268,.F.);
#4608=ORIENTED_EDGE('',*,*,#3445,.T.);
#4609=ORIENTED_EDGE('',*,*,#3436,.F.);
#4610=ORIENTED_EDGE('',*,*,#3272,.F.);
#4611=ORIENTED_EDGE('',*,*,#3438,.F.);
#4612=ORIENTED_EDGE('',*,*,#3444,.F.);
#4613=ORIENTED_EDGE('',*,*,#3442,.F.);
#4614=ORIENTED_EDGE('',*,*,#3440,.F.);
#4615=ORIENTED_EDGE('',*,*,#3446,.T.);
#4616=ORIENTED_EDGE('',*,*,#3286,.T.);
#4617=ORIENTED_EDGE('',*,*,#3447,.T.);
#4618=ORIENTED_EDGE('',*,*,#3448,.T.);
#4619=ORIENTED_EDGE('',*,*,#3449,.T.);
#4620=ORIENTED_EDGE('',*,*,#3283,.T.);
#4621=ORIENTED_EDGE('',*,*,#3446,.F.);
#4622=ORIENTED_EDGE('',*,*,#3450,.T.);
#4623=ORIENTED_EDGE('',*,*,#3451,.T.);
#4624=ORIENTED_EDGE('',*,*,#3452,.T.);
#4625=ORIENTED_EDGE('',*,*,#3449,.F.);
#4626=ORIENTED_EDGE('',*,*,#3453,.T.);
#4627=ORIENTED_EDGE('',*,*,#3447,.F.);
#4628=ORIENTED_EDGE('',*,*,#3454,.T.);
#4629=ORIENTED_EDGE('',*,*,#3451,.F.);
#4630=ORIENTED_EDGE('',*,*,#3455,.T.);
#4631=ORIENTED_EDGE('',*,*,#3281,.F.);
#4632=ORIENTED_EDGE('',*,*,#3456,.T.);
#4633=ORIENTED_EDGE('',*,*,#3454,.F.);
#4634=ORIENTED_EDGE('',*,*,#3285,.F.);
#4635=ORIENTED_EDGE('',*,*,#3448,.F.);
#4636=ORIENTED_EDGE('',*,*,#3455,.F.);
#4637=ORIENTED_EDGE('',*,*,#3453,.F.);
#4638=ORIENTED_EDGE('',*,*,#3450,.F.);
#4639=ORIENTED_EDGE('',*,*,#3457,.T.);
#4640=ORIENTED_EDGE('',*,*,#3296,.T.);
#4641=ORIENTED_EDGE('',*,*,#3458,.T.);
#4642=ORIENTED_EDGE('',*,*,#3459,.T.);
#4643=ORIENTED_EDGE('',*,*,#3460,.T.);
#4644=ORIENTED_EDGE('',*,*,#3461,.T.);
#4645=ORIENTED_EDGE('',*,*,#3457,.F.);
#4646=ORIENTED_EDGE('',*,*,#3462,.T.);
#4647=ORIENTED_EDGE('',*,*,#3463,.T.);
#4648=ORIENTED_EDGE('',*,*,#3464,.T.);
#4649=ORIENTED_EDGE('',*,*,#3460,.F.);
#4650=ORIENTED_EDGE('',*,*,#3465,.T.);
#4651=ORIENTED_EDGE('',*,*,#3458,.F.);
#4652=ORIENTED_EDGE('',*,*,#3299,.T.);
#4653=ORIENTED_EDGE('',*,*,#3463,.F.);
#4654=ORIENTED_EDGE('',*,*,#3466,.T.);
#4655=ORIENTED_EDGE('',*,*,#3459,.F.);
#4656=ORIENTED_EDGE('',*,*,#3466,.F.);
#4657=ORIENTED_EDGE('',*,*,#3465,.F.);
#4658=ORIENTED_EDGE('',*,*,#3462,.F.);
#4659=ORIENTED_EDGE('',*,*,#3203,.F.);
#4660=ORIENTED_EDGE('',*,*,#3467,.T.);
#4661=ORIENTED_EDGE('',*,*,#3357,.F.);
#4662=ORIENTED_EDGE('',*,*,#3207,.F.);
#4663=ORIENTED_EDGE('',*,*,#3202,.F.);
#4664=ORIENTED_EDGE('',*,*,#3206,.T.);
#4665=ORIENTED_EDGE('',*,*,#3354,.F.);
#4666=ORIENTED_EDGE('',*,*,#3467,.F.);
#4667=ORIENTED_EDGE('',*,*,#3255,.F.);
#4668=ORIENTED_EDGE('',*,*,#3468,.T.);
#4669=ORIENTED_EDGE('',*,*,#3400,.F.);
#4670=ORIENTED_EDGE('',*,*,#3259,.F.);
#4671=ORIENTED_EDGE('',*,*,#3254,.F.);
#4672=ORIENTED_EDGE('',*,*,#3258,.T.);
#4673=ORIENTED_EDGE('',*,*,#3397,.F.);
#4674=ORIENTED_EDGE('',*,*,#3468,.F.);
#4675=ORIENTED_EDGE('',*,*,#3320,.F.);
#4676=ORIENTED_EDGE('',*,*,#3424,.T.);
#4677=ORIENTED_EDGE('',*,*,#3419,.F.);
#4678=ORIENTED_EDGE('',*,*,#3324,.F.);
#4679=ORIENTED_EDGE('',*,*,#3306,.F.);
#4680=ORIENTED_EDGE('',*,*,#3310,.T.);
#4681=ORIENTED_EDGE('',*,*,#3409,.F.);
#4682=ORIENTED_EDGE('',*,*,#3413,.F.);
#4683=ORIENTED_EDGE('',*,*,#3241,.F.);
#4684=ORIENTED_EDGE('',*,*,#3245,.T.);
#4685=ORIENTED_EDGE('',*,*,#3388,.F.);
#4686=ORIENTED_EDGE('',*,*,#3392,.F.);
#4687=ORIENTED_EDGE('',*,*,#3099,.F.);
#4688=ORIENTED_EDGE('',*,*,#3104,.T.);
#4689=ORIENTED_EDGE('',*,*,#3345,.F.);
#4690=ORIENTED_EDGE('',*,*,#3349,.F.);
#4691=ORIENTED_EDGE('',*,*,#3333,.F.);
#4692=ORIENTED_EDGE('',*,*,#3469,.T.);
#4693=ORIENTED_EDGE('',*,*,#3432,.F.);
#4694=ORIENTED_EDGE('',*,*,#3337,.F.);
#4695=ORIENTED_EDGE('',*,*,#3332,.F.);
#4696=ORIENTED_EDGE('',*,*,#3336,.T.);
#4697=ORIENTED_EDGE('',*,*,#3429,.F.);
#4698=ORIENTED_EDGE('',*,*,#3469,.F.);
#4699=ORIENTED_EDGE('',*,*,#3280,.F.);
#4700=ORIENTED_EDGE('',*,*,#3284,.T.);
#4701=ORIENTED_EDGE('',*,*,#3452,.F.);
#4702=ORIENTED_EDGE('',*,*,#3456,.F.);
#4703=ORIENTED_EDGE('',*,*,#3294,.F.);
#4704=ORIENTED_EDGE('',*,*,#3470,.T.);
#4705=ORIENTED_EDGE('',*,*,#3464,.F.);
#4706=ORIENTED_EDGE('',*,*,#3298,.F.);
#4707=ORIENTED_EDGE('',*,*,#3293,.F.);
#4708=ORIENTED_EDGE('',*,*,#3297,.T.);
#4709=ORIENTED_EDGE('',*,*,#3461,.F.);
#4710=ORIENTED_EDGE('',*,*,#3470,.F.);
#4711=ORIENTED_EDGE('',*,*,#3471,.T.);
#4712=ORIENTED_EDGE('',*,*,#3472,.T.);
#4713=ORIENTED_EDGE('',*,*,#3473,.T.);
#4714=ORIENTED_EDGE('',*,*,#3474,.F.);
#4715=ORIENTED_EDGE('',*,*,#3475,.T.);
#4716=ORIENTED_EDGE('',*,*,#3476,.T.);
#4717=ORIENTED_EDGE('',*,*,#3477,.F.);
#4718=ORIENTED_EDGE('',*,*,#3478,.T.);
#4719=ORIENTED_EDGE('',*,*,#3479,.T.);
#4720=ORIENTED_EDGE('',*,*,#3480,.T.);
#4721=ORIENTED_EDGE('',*,*,#3475,.F.);
#4722=ORIENTED_EDGE('',*,*,#3481,.T.);
#4723=ORIENTED_EDGE('',*,*,#3482,.T.);
#4724=ORIENTED_EDGE('',*,*,#3483,.T.);
#4725=ORIENTED_EDGE('',*,*,#3484,.T.);
#4726=ORIENTED_EDGE('',*,*,#3485,.T.);
#4727=ORIENTED_EDGE('',*,*,#3483,.F.);
#4728=ORIENTED_EDGE('',*,*,#3486,.T.);
#4729=ORIENTED_EDGE('',*,*,#3487,.T.);
#4730=ORIENTED_EDGE('',*,*,#3488,.T.);
#4731=ORIENTED_EDGE('',*,*,#3489,.T.);
#4732=ORIENTED_EDGE('',*,*,#3490,.T.);
#4733=ORIENTED_EDGE('',*,*,#3487,.F.);
#4734=ORIENTED_EDGE('',*,*,#3491,.T.);
#4735=ORIENTED_EDGE('',*,*,#3492,.T.);
#4736=ORIENTED_EDGE('',*,*,#3489,.F.);
#4737=ORIENTED_EDGE('',*,*,#3493,.T.);
#4738=ORIENTED_EDGE('',*,*,#3481,.F.);
#4739=ORIENTED_EDGE('',*,*,#3494,.T.);
#4740=ORIENTED_EDGE('',*,*,#3479,.F.);
#4741=ORIENTED_EDGE('',*,*,#3495,.T.);
#4742=ORIENTED_EDGE('',*,*,#3496,.T.);
#4743=ORIENTED_EDGE('',*,*,#3491,.F.);
#4744=ORIENTED_EDGE('',*,*,#3497,.T.);
#4745=ORIENTED_EDGE('',*,*,#3473,.F.);
#4746=ORIENTED_EDGE('',*,*,#3498,.T.);
#4747=ORIENTED_EDGE('',*,*,#3495,.F.);
#4748=ORIENTED_EDGE('',*,*,#3499,.T.);
#4749=ORIENTED_EDGE('',*,*,#3486,.F.);
#4750=ORIENTED_EDGE('',*,*,#3482,.F.);
#4751=ORIENTED_EDGE('',*,*,#3478,.F.);
#4752=ORIENTED_EDGE('',*,*,#3500,.F.);
#4753=ORIENTED_EDGE('',*,*,#3501,.F.);
#4754=ORIENTED_EDGE('',*,*,#3502,.F.);
#4755=ORIENTED_EDGE('',*,*,#3503,.T.);
#4756=ORIENTED_EDGE('',*,*,#3504,.T.);
#4757=ORIENTED_EDGE('',*,*,#3505,.F.);
#4758=ORIENTED_EDGE('',*,*,#3506,.F.);
#4759=ORIENTED_EDGE('',*,*,#3507,.F.);
#4760=ORIENTED_EDGE('',*,*,#3501,.T.);
#4761=ORIENTED_EDGE('',*,*,#3476,.F.);
#4762=ORIENTED_EDGE('',*,*,#3480,.F.);
#4763=ORIENTED_EDGE('',*,*,#3508,.F.);
#4764=ORIENTED_EDGE('',*,*,#3509,.F.);
#4765=ORIENTED_EDGE('',*,*,#3510,.F.);
#4766=ORIENTED_EDGE('',*,*,#3511,.F.);
#4767=ORIENTED_EDGE('',*,*,#3512,.F.);
#4768=ORIENTED_EDGE('',*,*,#3513,.F.);
#4769=ORIENTED_EDGE('',*,*,#3514,.F.);
#4770=ORIENTED_EDGE('',*,*,#3515,.T.);
#4771=ORIENTED_EDGE('',*,*,#3516,.F.);
#4772=ORIENTED_EDGE('',*,*,#3517,.T.);
#4773=ORIENTED_EDGE('',*,*,#3494,.F.);
#4774=ORIENTED_EDGE('',*,*,#3518,.T.);
#4775=ORIENTED_EDGE('',*,*,#3519,.T.);
#4776=ORIENTED_EDGE('',*,*,#3508,.T.);
#4777=ORIENTED_EDGE('',*,*,#3484,.F.);
#4778=ORIENTED_EDGE('',*,*,#3520,.F.);
#4779=ORIENTED_EDGE('',*,*,#3115,.T.);
#4780=ORIENTED_EDGE('',*,*,#3518,.F.);
#4781=ORIENTED_EDGE('',*,*,#3521,.T.);
#4782=ORIENTED_EDGE('',*,*,#3514,.T.);
#4783=ORIENTED_EDGE('',*,*,#3522,.T.);
#4784=ORIENTED_EDGE('',*,*,#3523,.F.);
#4785=ORIENTED_EDGE('',*,*,#3524,.T.);
#4786=ORIENTED_EDGE('',*,*,#3525,.T.);
#4787=ORIENTED_EDGE('',*,*,#3526,.F.);
#4788=ORIENTED_EDGE('',*,*,#3527,.T.);
#4789=ORIENTED_EDGE('',*,*,#3528,.T.);
#4790=ORIENTED_EDGE('',*,*,#3529,.T.);
#4791=ORIENTED_EDGE('',*,*,#3524,.F.);
#4792=ORIENTED_EDGE('',*,*,#3530,.T.);
#4793=ORIENTED_EDGE('',*,*,#3531,.T.);
#4794=ORIENTED_EDGE('',*,*,#3532,.T.);
#4795=ORIENTED_EDGE('',*,*,#3533,.T.);
#4796=ORIENTED_EDGE('',*,*,#3534,.T.);
#4797=ORIENTED_EDGE('',*,*,#3532,.F.);
#4798=ORIENTED_EDGE('',*,*,#3535,.T.);
#4799=ORIENTED_EDGE('',*,*,#3536,.T.);
#4800=ORIENTED_EDGE('',*,*,#3537,.T.);
#4801=ORIENTED_EDGE('',*,*,#3538,.T.);
#4802=ORIENTED_EDGE('',*,*,#3539,.T.);
#4803=ORIENTED_EDGE('',*,*,#3536,.F.);
#4804=ORIENTED_EDGE('',*,*,#3540,.T.);
#4805=ORIENTED_EDGE('',*,*,#3541,.T.);
#4806=ORIENTED_EDGE('',*,*,#3538,.F.);
#4807=ORIENTED_EDGE('',*,*,#3542,.T.);
#4808=ORIENTED_EDGE('',*,*,#3530,.F.);
#4809=ORIENTED_EDGE('',*,*,#3543,.T.);
#4810=ORIENTED_EDGE('',*,*,#3528,.F.);
#4811=ORIENTED_EDGE('',*,*,#3544,.T.);
#4812=ORIENTED_EDGE('',*,*,#3545,.T.);
#4813=ORIENTED_EDGE('',*,*,#3540,.F.);
#4814=ORIENTED_EDGE('',*,*,#3546,.T.);
#4815=ORIENTED_EDGE('',*,*,#3522,.F.);
#4816=ORIENTED_EDGE('',*,*,#3513,.T.);
#4817=ORIENTED_EDGE('',*,*,#3544,.F.);
#4818=ORIENTED_EDGE('',*,*,#3547,.T.);
#4819=ORIENTED_EDGE('',*,*,#3535,.F.);
#4820=ORIENTED_EDGE('',*,*,#3531,.F.);
#4821=ORIENTED_EDGE('',*,*,#3527,.F.);
#4822=ORIENTED_EDGE('',*,*,#3548,.F.);
#4823=ORIENTED_EDGE('',*,*,#3549,.F.);
#4824=ORIENTED_EDGE('',*,*,#3550,.F.);
#4825=ORIENTED_EDGE('',*,*,#3551,.T.);
#4826=ORIENTED_EDGE('',*,*,#3552,.T.);
#4827=ORIENTED_EDGE('',*,*,#3553,.F.);
#4828=ORIENTED_EDGE('',*,*,#3554,.F.);
#4829=ORIENTED_EDGE('',*,*,#3555,.F.);
#4830=ORIENTED_EDGE('',*,*,#3549,.T.);
#4831=ORIENTED_EDGE('',*,*,#3525,.F.);
#4832=ORIENTED_EDGE('',*,*,#3529,.F.);
#4833=ORIENTED_EDGE('',*,*,#3556,.F.);
#4834=ORIENTED_EDGE('',*,*,#3557,.F.);
#4835=ORIENTED_EDGE('',*,*,#3558,.F.);
#4836=ORIENTED_EDGE('',*,*,#3559,.F.);
#4837=ORIENTED_EDGE('',*,*,#3560,.F.);
#4838=ORIENTED_EDGE('',*,*,#3561,.F.);
#4839=ORIENTED_EDGE('',*,*,#3562,.F.);
#4840=ORIENTED_EDGE('',*,*,#3563,.T.);
#4841=ORIENTED_EDGE('',*,*,#3564,.F.);
#4842=ORIENTED_EDGE('',*,*,#3565,.T.);
#4843=ORIENTED_EDGE('',*,*,#3543,.F.);
#4844=ORIENTED_EDGE('',*,*,#3566,.T.);
#4845=ORIENTED_EDGE('',*,*,#3567,.T.);
#4846=ORIENTED_EDGE('',*,*,#3556,.T.);
#4847=ORIENTED_EDGE('',*,*,#3533,.F.);
#4848=ORIENTED_EDGE('',*,*,#3568,.F.);
#4849=ORIENTED_EDGE('',*,*,#3110,.T.);
#4850=ORIENTED_EDGE('',*,*,#3566,.F.);
#4851=ORIENTED_EDGE('',*,*,#3569,.F.);
#4852=ORIENTED_EDGE('',*,*,#3570,.T.);
#4853=ORIENTED_EDGE('',*,*,#3571,.T.);
#4854=ORIENTED_EDGE('',*,*,#3572,.F.);
#4855=ORIENTED_EDGE('',*,*,#3573,.T.);
#4856=ORIENTED_EDGE('',*,*,#3574,.T.);
#4857=ORIENTED_EDGE('',*,*,#3575,.T.);
#4858=ORIENTED_EDGE('',*,*,#3570,.F.);
#4859=ORIENTED_EDGE('',*,*,#3576,.T.);
#4860=ORIENTED_EDGE('',*,*,#3577,.T.);
#4861=ORIENTED_EDGE('',*,*,#3578,.T.);
#4862=ORIENTED_EDGE('',*,*,#3579,.T.);
#4863=ORIENTED_EDGE('',*,*,#3580,.T.);
#4864=ORIENTED_EDGE('',*,*,#3581,.T.);
#4865=ORIENTED_EDGE('',*,*,#3582,.T.);
#4866=ORIENTED_EDGE('',*,*,#3583,.T.);
#4867=ORIENTED_EDGE('',*,*,#3581,.F.);
#4868=ORIENTED_EDGE('',*,*,#3584,.T.);
#4869=ORIENTED_EDGE('',*,*,#3585,.T.);
#4870=ORIENTED_EDGE('',*,*,#3586,.T.);
#4871=ORIENTED_EDGE('',*,*,#3587,.T.);
#4872=ORIENTED_EDGE('',*,*,#3588,.T.);
#4873=ORIENTED_EDGE('',*,*,#3585,.F.);
#4874=ORIENTED_EDGE('',*,*,#3589,.T.);
#4875=ORIENTED_EDGE('',*,*,#3590,.T.);
#4876=ORIENTED_EDGE('',*,*,#3587,.F.);
#4877=ORIENTED_EDGE('',*,*,#3591,.T.);
#4878=ORIENTED_EDGE('',*,*,#3592,.T.);
#4879=ORIENTED_EDGE('',*,*,#3593,.T.);
#4880=ORIENTED_EDGE('',*,*,#3589,.F.);
#4881=ORIENTED_EDGE('',*,*,#3594,.T.);
#4882=ORIENTED_EDGE('',*,*,#3578,.F.);
#4883=ORIENTED_EDGE('',*,*,#3595,.T.);
#4884=ORIENTED_EDGE('',*,*,#3592,.F.);
#4885=ORIENTED_EDGE('',*,*,#3596,.T.);
#4886=ORIENTED_EDGE('',*,*,#3579,.F.);
#4887=ORIENTED_EDGE('',*,*,#3597,.T.);
#4888=ORIENTED_EDGE('',*,*,#3574,.F.);
#4889=ORIENTED_EDGE('',*,*,#3584,.F.);
#4890=ORIENTED_EDGE('',*,*,#3580,.F.);
#4891=ORIENTED_EDGE('',*,*,#3573,.F.);
#4892=ORIENTED_EDGE('',*,*,#3598,.F.);
#4893=ORIENTED_EDGE('',*,*,#3599,.F.);
#4894=ORIENTED_EDGE('',*,*,#3600,.F.);
#4895=ORIENTED_EDGE('',*,*,#3601,.T.);
#4896=ORIENTED_EDGE('',*,*,#3602,.T.);
#4897=ORIENTED_EDGE('',*,*,#3603,.F.);
#4898=ORIENTED_EDGE('',*,*,#3604,.F.);
#4899=ORIENTED_EDGE('',*,*,#3605,.F.);
#4900=ORIENTED_EDGE('',*,*,#3599,.T.);
#4901=ORIENTED_EDGE('',*,*,#3472,.F.);
#4902=ORIENTED_EDGE('',*,*,#3606,.T.);
#4903=ORIENTED_EDGE('',*,*,#3607,.F.);
#4904=ORIENTED_EDGE('',*,*,#3608,.T.);
#4905=ORIENTED_EDGE('',*,*,#3571,.F.);
#4906=ORIENTED_EDGE('',*,*,#3575,.F.);
#4907=ORIENTED_EDGE('',*,*,#3609,.F.);
#4908=ORIENTED_EDGE('',*,*,#3610,.F.);
#4909=ORIENTED_EDGE('',*,*,#3611,.F.);
#4910=ORIENTED_EDGE('',*,*,#3612,.F.);
#4911=ORIENTED_EDGE('',*,*,#3613,.F.);
#4912=ORIENTED_EDGE('',*,*,#3498,.F.);
#4913=ORIENTED_EDGE('',*,*,#3597,.F.);
#4914=ORIENTED_EDGE('',*,*,#3614,.T.);
#4915=ORIENTED_EDGE('',*,*,#3615,.T.);
#4916=ORIENTED_EDGE('',*,*,#3609,.T.);
#4917=ORIENTED_EDGE('',*,*,#3582,.F.);
#4918=ORIENTED_EDGE('',*,*,#3616,.F.);
#4919=ORIENTED_EDGE('',*,*,#3120,.T.);
#4920=ORIENTED_EDGE('',*,*,#3614,.F.);
#4921=ORIENTED_EDGE('',*,*,#3617,.F.);
#4922=ORIENTED_EDGE('',*,*,#3618,.T.);
#4923=ORIENTED_EDGE('',*,*,#3619,.T.);
#4924=ORIENTED_EDGE('',*,*,#3620,.F.);
#4925=ORIENTED_EDGE('',*,*,#3621,.T.);
#4926=ORIENTED_EDGE('',*,*,#3622,.T.);
#4927=ORIENTED_EDGE('',*,*,#3623,.T.);
#4928=ORIENTED_EDGE('',*,*,#3618,.F.);
#4929=ORIENTED_EDGE('',*,*,#3624,.T.);
#4930=ORIENTED_EDGE('',*,*,#3562,.T.);
#4931=ORIENTED_EDGE('',*,*,#3625,.T.);
#4932=ORIENTED_EDGE('',*,*,#3626,.T.);
#4933=ORIENTED_EDGE('',*,*,#3627,.T.);
#4934=ORIENTED_EDGE('',*,*,#3628,.T.);
#4935=ORIENTED_EDGE('',*,*,#3629,.T.);
#4936=ORIENTED_EDGE('',*,*,#3630,.T.);
#4937=ORIENTED_EDGE('',*,*,#3628,.F.);
#4938=ORIENTED_EDGE('',*,*,#3631,.T.);
#4939=ORIENTED_EDGE('',*,*,#3632,.T.);
#4940=ORIENTED_EDGE('',*,*,#3633,.T.);
#4941=ORIENTED_EDGE('',*,*,#3634,.T.);
#4942=ORIENTED_EDGE('',*,*,#3635,.T.);
#4943=ORIENTED_EDGE('',*,*,#3632,.F.);
#4944=ORIENTED_EDGE('',*,*,#3636,.T.);
#4945=ORIENTED_EDGE('',*,*,#3637,.T.);
#4946=ORIENTED_EDGE('',*,*,#3634,.F.);
#4947=ORIENTED_EDGE('',*,*,#3638,.T.);
#4948=ORIENTED_EDGE('',*,*,#3639,.T.);
#4949=ORIENTED_EDGE('',*,*,#3640,.T.);
#4950=ORIENTED_EDGE('',*,*,#3636,.F.);
#4951=ORIENTED_EDGE('',*,*,#3641,.T.);
#4952=ORIENTED_EDGE('',*,*,#3625,.F.);
#4953=ORIENTED_EDGE('',*,*,#3561,.T.);
#4954=ORIENTED_EDGE('',*,*,#3639,.F.);
#4955=ORIENTED_EDGE('',*,*,#3642,.T.);
#4956=ORIENTED_EDGE('',*,*,#3626,.F.);
#4957=ORIENTED_EDGE('',*,*,#3643,.T.);
#4958=ORIENTED_EDGE('',*,*,#3622,.F.);
#4959=ORIENTED_EDGE('',*,*,#3631,.F.);
#4960=ORIENTED_EDGE('',*,*,#3627,.F.);
#4961=ORIENTED_EDGE('',*,*,#3621,.F.);
#4962=ORIENTED_EDGE('',*,*,#3644,.F.);
#4963=ORIENTED_EDGE('',*,*,#3645,.F.);
#4964=ORIENTED_EDGE('',*,*,#3646,.F.);
#4965=ORIENTED_EDGE('',*,*,#3647,.T.);
#4966=ORIENTED_EDGE('',*,*,#3648,.T.);
#4967=ORIENTED_EDGE('',*,*,#3649,.F.);
#4968=ORIENTED_EDGE('',*,*,#3650,.F.);
#4969=ORIENTED_EDGE('',*,*,#3651,.F.);
#4970=ORIENTED_EDGE('',*,*,#3645,.T.);
#4971=ORIENTED_EDGE('',*,*,#3577,.F.);
#4972=ORIENTED_EDGE('',*,*,#3652,.T.);
#4973=ORIENTED_EDGE('',*,*,#3653,.F.);
#4974=ORIENTED_EDGE('',*,*,#3654,.T.);
#4975=ORIENTED_EDGE('',*,*,#3619,.F.);
#4976=ORIENTED_EDGE('',*,*,#3623,.F.);
#4977=ORIENTED_EDGE('',*,*,#3655,.F.);
#4978=ORIENTED_EDGE('',*,*,#3656,.F.);
#4979=ORIENTED_EDGE('',*,*,#3657,.F.);
#4980=ORIENTED_EDGE('',*,*,#3658,.F.);
#4981=ORIENTED_EDGE('',*,*,#3659,.F.);
#4982=ORIENTED_EDGE('',*,*,#3595,.F.);
#4983=ORIENTED_EDGE('',*,*,#3643,.F.);
#4984=ORIENTED_EDGE('',*,*,#3660,.T.);
#4985=ORIENTED_EDGE('',*,*,#3661,.T.);
#4986=ORIENTED_EDGE('',*,*,#3655,.T.);
#4987=ORIENTED_EDGE('',*,*,#3629,.F.);
#4988=ORIENTED_EDGE('',*,*,#3662,.F.);
#4989=ORIENTED_EDGE('',*,*,#3125,.T.);
#4990=ORIENTED_EDGE('',*,*,#3660,.F.);
#4991=ORIENTED_EDGE('',*,*,#3640,.F.);
#4992=ORIENTED_EDGE('',*,*,#3560,.T.);
#4993=ORIENTED_EDGE('',*,*,#3663,.T.);
#4994=ORIENTED_EDGE('',*,*,#3664,.T.);
#4995=ORIENTED_EDGE('',*,*,#3665,.T.);
#4996=ORIENTED_EDGE('',*,*,#3666,.T.);
#4997=ORIENTED_EDGE('',*,*,#3667,.T.);
#4998=ORIENTED_EDGE('',*,*,#3558,.T.);
#4999=ORIENTED_EDGE('',*,*,#3667,.F.);
#5000=ORIENTED_EDGE('',*,*,#3107,.T.);
#5001=ORIENTED_EDGE('',*,*,#3663,.F.);
#5002=ORIENTED_EDGE('',*,*,#3559,.T.);
#5003=ORIENTED_EDGE('',*,*,#3567,.F.);
#5004=ORIENTED_EDGE('',*,*,#3109,.T.);
#5005=ORIENTED_EDGE('',*,*,#3665,.F.);
#5006=ORIENTED_EDGE('',*,*,#3557,.T.);
#5007=ORIENTED_EDGE('',*,*,#3666,.F.);
#5008=ORIENTED_EDGE('',*,*,#3108,.T.);
#5009=ORIENTED_EDGE('',*,*,#3545,.F.);
#5010=ORIENTED_EDGE('',*,*,#3512,.T.);
#5011=ORIENTED_EDGE('',*,*,#3668,.T.);
#5012=ORIENTED_EDGE('',*,*,#3669,.T.);
#5013=ORIENTED_EDGE('',*,*,#3670,.T.);
#5014=ORIENTED_EDGE('',*,*,#3671,.T.);
#5015=ORIENTED_EDGE('',*,*,#3672,.T.);
#5016=ORIENTED_EDGE('',*,*,#3510,.T.);
#5017=ORIENTED_EDGE('',*,*,#3672,.F.);
#5018=ORIENTED_EDGE('',*,*,#3112,.T.);
#5019=ORIENTED_EDGE('',*,*,#3668,.F.);
#5020=ORIENTED_EDGE('',*,*,#3511,.T.);
#5021=ORIENTED_EDGE('',*,*,#3519,.F.);
#5022=ORIENTED_EDGE('',*,*,#3114,.T.);
#5023=ORIENTED_EDGE('',*,*,#3670,.F.);
#5024=ORIENTED_EDGE('',*,*,#3509,.T.);
#5025=ORIENTED_EDGE('',*,*,#3671,.F.);
#5026=ORIENTED_EDGE('',*,*,#3113,.T.);
#5027=ORIENTED_EDGE('',*,*,#3496,.F.);
#5028=ORIENTED_EDGE('',*,*,#3613,.T.);
#5029=ORIENTED_EDGE('',*,*,#3673,.T.);
#5030=ORIENTED_EDGE('',*,*,#3674,.T.);
#5031=ORIENTED_EDGE('',*,*,#3675,.T.);
#5032=ORIENTED_EDGE('',*,*,#3676,.T.);
#5033=ORIENTED_EDGE('',*,*,#3677,.T.);
#5034=ORIENTED_EDGE('',*,*,#3611,.T.);
#5035=ORIENTED_EDGE('',*,*,#3677,.F.);
#5036=ORIENTED_EDGE('',*,*,#3117,.T.);
#5037=ORIENTED_EDGE('',*,*,#3673,.F.);
#5038=ORIENTED_EDGE('',*,*,#3612,.T.);
#5039=ORIENTED_EDGE('',*,*,#3615,.F.);
#5040=ORIENTED_EDGE('',*,*,#3119,.T.);
#5041=ORIENTED_EDGE('',*,*,#3675,.F.);
#5042=ORIENTED_EDGE('',*,*,#3610,.T.);
#5043=ORIENTED_EDGE('',*,*,#3678,.T.);
#5044=ORIENTED_EDGE('',*,*,#3679,.F.);
#5045=ORIENTED_EDGE('',*,*,#3680,.F.);
#5046=ORIENTED_EDGE('',*,*,#3681,.T.);
#5047=ORIENTED_EDGE('',*,*,#3682,.F.);
#5048=ORIENTED_EDGE('',*,*,#3488,.F.);
#5049=ORIENTED_EDGE('',*,*,#3503,.F.);
#5050=ORIENTED_EDGE('',*,*,#3683,.F.);
#5051=ORIENTED_EDGE('',*,*,#3679,.T.);
#5052=ORIENTED_EDGE('',*,*,#3684,.F.);
#5053=ORIENTED_EDGE('',*,*,#3499,.F.);
#5054=ORIENTED_EDGE('',*,*,#3493,.F.);
#5055=ORIENTED_EDGE('',*,*,#3492,.F.);
#5056=ORIENTED_EDGE('',*,*,#3674,.F.);
#5057=ORIENTED_EDGE('',*,*,#3116,.T.);
#5058=ORIENTED_EDGE('',*,*,#3685,.F.);
#5059=ORIENTED_EDGE('',*,*,#3676,.F.);
#5060=ORIENTED_EDGE('',*,*,#3118,.T.);
#5061=ORIENTED_EDGE('',*,*,#3593,.F.);
#5062=ORIENTED_EDGE('',*,*,#3659,.T.);
#5063=ORIENTED_EDGE('',*,*,#3686,.T.);
#5064=ORIENTED_EDGE('',*,*,#3687,.T.);
#5065=ORIENTED_EDGE('',*,*,#3688,.T.);
#5066=ORIENTED_EDGE('',*,*,#3689,.T.);
#5067=ORIENTED_EDGE('',*,*,#3690,.T.);
#5068=ORIENTED_EDGE('',*,*,#3657,.T.);
#5069=ORIENTED_EDGE('',*,*,#3690,.F.);
#5070=ORIENTED_EDGE('',*,*,#3122,.T.);
#5071=ORIENTED_EDGE('',*,*,#3686,.F.);
#5072=ORIENTED_EDGE('',*,*,#3658,.T.);
#5073=ORIENTED_EDGE('',*,*,#3661,.F.);
#5074=ORIENTED_EDGE('',*,*,#3124,.T.);
#5075=ORIENTED_EDGE('',*,*,#3688,.F.);
#5076=ORIENTED_EDGE('',*,*,#3656,.T.);
#5077=ORIENTED_EDGE('',*,*,#3691,.T.);
#5078=ORIENTED_EDGE('',*,*,#3692,.F.);
#5079=ORIENTED_EDGE('',*,*,#3693,.F.);
#5080=ORIENTED_EDGE('',*,*,#3694,.T.);
#5081=ORIENTED_EDGE('',*,*,#3695,.F.);
#5082=ORIENTED_EDGE('',*,*,#3586,.F.);
#5083=ORIENTED_EDGE('',*,*,#3601,.F.);
#5084=ORIENTED_EDGE('',*,*,#3696,.F.);
#5085=ORIENTED_EDGE('',*,*,#3692,.T.);
#5086=ORIENTED_EDGE('',*,*,#3697,.F.);
#5087=ORIENTED_EDGE('',*,*,#3596,.F.);
#5088=ORIENTED_EDGE('',*,*,#3591,.F.);
#5089=ORIENTED_EDGE('',*,*,#3590,.F.);
#5090=ORIENTED_EDGE('',*,*,#3687,.F.);
#5091=ORIENTED_EDGE('',*,*,#3121,.T.);
#5092=ORIENTED_EDGE('',*,*,#3698,.F.);
#5093=ORIENTED_EDGE('',*,*,#3689,.F.);
#5094=ORIENTED_EDGE('',*,*,#3123,.T.);
#5095=ORIENTED_EDGE('',*,*,#3699,.F.);
#5096=ORIENTED_EDGE('',*,*,#3515,.F.);
#5097=ORIENTED_EDGE('',*,*,#3521,.F.);
#5098=ORIENTED_EDGE('',*,*,#3546,.F.);
#5099=ORIENTED_EDGE('',*,*,#3700,.T.);
#5100=ORIENTED_EDGE('',*,*,#3701,.F.);
#5101=ORIENTED_EDGE('',*,*,#3702,.T.);
#5102=ORIENTED_EDGE('',*,*,#3703,.F.);
#5103=ORIENTED_EDGE('',*,*,#3563,.F.);
#5104=ORIENTED_EDGE('',*,*,#3624,.F.);
#5105=ORIENTED_EDGE('',*,*,#3641,.F.);
#5106=ORIENTED_EDGE('',*,*,#3704,.T.);
#5107=ORIENTED_EDGE('',*,*,#3705,.F.);
#5108=ORIENTED_EDGE('',*,*,#3706,.T.);
#5109=ORIENTED_EDGE('',*,*,#3707,.F.);
#5110=ORIENTED_EDGE('',*,*,#3505,.T.);
#5111=ORIENTED_EDGE('',*,*,#3504,.F.);
#5112=ORIENTED_EDGE('',*,*,#3500,.T.);
#5113=ORIENTED_EDGE('',*,*,#3477,.T.);
#5114=ORIENTED_EDGE('',*,*,#3474,.T.);
#5115=ORIENTED_EDGE('',*,*,#3517,.F.);
#5116=ORIENTED_EDGE('',*,*,#3708,.F.);
#5117=ORIENTED_EDGE('',*,*,#3553,.T.);
#5118=ORIENTED_EDGE('',*,*,#3552,.F.);
#5119=ORIENTED_EDGE('',*,*,#3548,.T.);
#5120=ORIENTED_EDGE('',*,*,#3526,.T.);
#5121=ORIENTED_EDGE('',*,*,#3523,.T.);
#5122=ORIENTED_EDGE('',*,*,#3565,.F.);
#5123=ORIENTED_EDGE('',*,*,#3709,.F.);
#5124=ORIENTED_EDGE('',*,*,#3649,.T.);
#5125=ORIENTED_EDGE('',*,*,#3648,.F.);
#5126=ORIENTED_EDGE('',*,*,#3644,.T.);
#5127=ORIENTED_EDGE('',*,*,#3620,.T.);
#5128=ORIENTED_EDGE('',*,*,#3617,.T.);
#5129=ORIENTED_EDGE('',*,*,#3654,.F.);
#5130=ORIENTED_EDGE('',*,*,#3695,.T.);
#5131=ORIENTED_EDGE('',*,*,#3710,.F.);
#5132=ORIENTED_EDGE('',*,*,#3652,.F.);
#5133=ORIENTED_EDGE('',*,*,#3576,.F.);
#5134=ORIENTED_EDGE('',*,*,#3594,.F.);
#5135=ORIENTED_EDGE('',*,*,#3697,.T.);
#5136=ORIENTED_EDGE('',*,*,#3691,.F.);
#5137=ORIENTED_EDGE('',*,*,#3711,.F.);
#5138=ORIENTED_EDGE('',*,*,#3603,.T.);
#5139=ORIENTED_EDGE('',*,*,#3602,.F.);
#5140=ORIENTED_EDGE('',*,*,#3598,.T.);
#5141=ORIENTED_EDGE('',*,*,#3572,.T.);
#5142=ORIENTED_EDGE('',*,*,#3569,.T.);
#5143=ORIENTED_EDGE('',*,*,#3608,.F.);
#5144=ORIENTED_EDGE('',*,*,#3682,.T.);
#5145=ORIENTED_EDGE('',*,*,#3712,.F.);
#5146=ORIENTED_EDGE('',*,*,#3606,.F.);
#5147=ORIENTED_EDGE('',*,*,#3471,.F.);
#5148=ORIENTED_EDGE('',*,*,#3497,.F.);
#5149=ORIENTED_EDGE('',*,*,#3684,.T.);
#5150=ORIENTED_EDGE('',*,*,#3678,.F.);
#5151=ORIENTED_EDGE('',*,*,#3708,.T.);
#5152=ORIENTED_EDGE('',*,*,#3564,.T.);
#5153=ORIENTED_EDGE('',*,*,#3703,.T.);
#5154=ORIENTED_EDGE('',*,*,#3713,.F.);
#5155=ORIENTED_EDGE('',*,*,#3714,.F.);
#5156=ORIENTED_EDGE('',*,*,#3554,.T.);
#5157=ORIENTED_EDGE('',*,*,#3705,.T.);
#5158=ORIENTED_EDGE('',*,*,#3715,.F.);
#5159=ORIENTED_EDGE('',*,*,#3716,.F.);
#5160=ORIENTED_EDGE('',*,*,#3713,.T.);
#5161=ORIENTED_EDGE('',*,*,#3706,.F.);
#5162=ORIENTED_EDGE('',*,*,#3633,.F.);
#5163=ORIENTED_EDGE('',*,*,#3647,.F.);
#5164=ORIENTED_EDGE('',*,*,#3717,.F.);
#5165=ORIENTED_EDGE('',*,*,#3715,.T.);
#5166=ORIENTED_EDGE('',*,*,#3704,.F.);
#5167=ORIENTED_EDGE('',*,*,#3642,.F.);
#5168=ORIENTED_EDGE('',*,*,#3638,.F.);
#5169=ORIENTED_EDGE('',*,*,#3637,.F.);
#5170=ORIENTED_EDGE('',*,*,#3664,.F.);
#5171=ORIENTED_EDGE('',*,*,#3126,.T.);
#5172=ORIENTED_EDGE('',*,*,#3718,.F.);
#5173=ORIENTED_EDGE('',*,*,#3707,.T.);
#5174=ORIENTED_EDGE('',*,*,#3516,.T.);
#5175=ORIENTED_EDGE('',*,*,#3699,.T.);
#5176=ORIENTED_EDGE('',*,*,#3719,.F.);
#5177=ORIENTED_EDGE('',*,*,#3720,.F.);
#5178=ORIENTED_EDGE('',*,*,#3506,.T.);
#5179=ORIENTED_EDGE('',*,*,#3701,.T.);
#5180=ORIENTED_EDGE('',*,*,#3721,.F.);
#5181=ORIENTED_EDGE('',*,*,#3722,.F.);
#5182=ORIENTED_EDGE('',*,*,#3719,.T.);
#5183=ORIENTED_EDGE('',*,*,#3702,.F.);
#5184=ORIENTED_EDGE('',*,*,#3537,.F.);
#5185=ORIENTED_EDGE('',*,*,#3551,.F.);
#5186=ORIENTED_EDGE('',*,*,#3723,.F.);
#5187=ORIENTED_EDGE('',*,*,#3721,.T.);
#5188=ORIENTED_EDGE('',*,*,#3700,.F.);
#5189=ORIENTED_EDGE('',*,*,#3547,.F.);
#5190=ORIENTED_EDGE('',*,*,#3542,.F.);
#5191=ORIENTED_EDGE('',*,*,#3541,.F.);
#5192=ORIENTED_EDGE('',*,*,#3669,.F.);
#5193=ORIENTED_EDGE('',*,*,#3111,.T.);
#5194=ORIENTED_EDGE('',*,*,#3724,.F.);
#5195=ORIENTED_EDGE('',*,*,#3712,.T.);
#5196=ORIENTED_EDGE('',*,*,#3681,.F.);
#5197=ORIENTED_EDGE('',*,*,#3725,.F.);
#5198=ORIENTED_EDGE('',*,*,#3604,.T.);
#5199=ORIENTED_EDGE('',*,*,#3711,.T.);
#5200=ORIENTED_EDGE('',*,*,#3607,.T.);
#5201=ORIENTED_EDGE('',*,*,#3710,.T.);
#5202=ORIENTED_EDGE('',*,*,#3694,.F.);
#5203=ORIENTED_EDGE('',*,*,#3726,.F.);
#5204=ORIENTED_EDGE('',*,*,#3650,.T.);
#5205=ORIENTED_EDGE('',*,*,#3709,.T.);
#5206=ORIENTED_EDGE('',*,*,#3653,.T.);
#5207=ORIENTED_EDGE('',*,*,#3490,.F.);
#5208=ORIENTED_EDGE('',*,*,#3685,.T.);
#5209=ORIENTED_EDGE('',*,*,#3520,.T.);
#5210=ORIENTED_EDGE('',*,*,#3485,.F.);
#5211=ORIENTED_EDGE('',*,*,#3588,.F.);
#5212=ORIENTED_EDGE('',*,*,#3698,.T.);
#5213=ORIENTED_EDGE('',*,*,#3616,.T.);
#5214=ORIENTED_EDGE('',*,*,#3583,.F.);
#5215=ORIENTED_EDGE('',*,*,#3727,.T.);
#5216=ORIENTED_EDGE('',*,*,#3728,.T.);
#5217=ORIENTED_EDGE('',*,*,#3729,.T.);
#5218=ORIENTED_EDGE('',*,*,#3728,.F.);
#5219=ORIENTED_EDGE('',*,*,#3730,.F.);
#5220=ORIENTED_EDGE('',*,*,#3731,.F.);
#5221=ORIENTED_EDGE('',*,*,#3732,.F.);
#5222=ORIENTED_EDGE('',*,*,#3733,.F.);
#5223=ORIENTED_EDGE('',*,*,#3734,.F.);
#5224=ORIENTED_EDGE('',*,*,#3735,.F.);
#5225=ORIENTED_EDGE('',*,*,#3736,.F.);
#5226=ORIENTED_EDGE('',*,*,#3737,.F.);
#5227=ORIENTED_EDGE('',*,*,#3738,.F.);
#5228=ORIENTED_EDGE('',*,*,#3739,.F.);
#5229=ORIENTED_EDGE('',*,*,#3740,.F.);
#5230=ORIENTED_EDGE('',*,*,#3741,.F.);
#5231=ORIENTED_EDGE('',*,*,#3742,.F.);
#5232=ORIENTED_EDGE('',*,*,#3743,.F.);
#5233=ORIENTED_EDGE('',*,*,#3744,.F.);
#5234=ORIENTED_EDGE('',*,*,#3745,.F.);
#5235=ORIENTED_EDGE('',*,*,#3746,.F.);
#5236=ORIENTED_EDGE('',*,*,#3747,.F.);
#5237=ORIENTED_EDGE('',*,*,#3748,.F.);
#5238=ORIENTED_EDGE('',*,*,#3749,.F.);
#5239=ORIENTED_EDGE('',*,*,#3750,.F.);
#5240=ORIENTED_EDGE('',*,*,#3751,.F.);
#5241=ORIENTED_EDGE('',*,*,#3752,.F.);
#5242=ORIENTED_EDGE('',*,*,#3753,.F.);
#5243=ORIENTED_EDGE('',*,*,#3754,.F.);
#5244=ORIENTED_EDGE('',*,*,#3755,.F.);
#5245=ORIENTED_EDGE('',*,*,#3756,.F.);
#5246=ORIENTED_EDGE('',*,*,#3757,.F.);
#5247=ORIENTED_EDGE('',*,*,#3758,.F.);
#5248=ORIENTED_EDGE('',*,*,#3759,.F.);
#5249=ORIENTED_EDGE('',*,*,#3760,.F.);
#5250=ORIENTED_EDGE('',*,*,#3761,.F.);
#5251=ORIENTED_EDGE('',*,*,#3762,.F.);
#5252=ORIENTED_EDGE('',*,*,#3763,.F.);
#5253=ORIENTED_EDGE('',*,*,#3764,.F.);
#5254=ORIENTED_EDGE('',*,*,#3765,.F.);
#5255=ORIENTED_EDGE('',*,*,#3766,.F.);
#5256=ORIENTED_EDGE('',*,*,#3767,.F.);
#5257=ORIENTED_EDGE('',*,*,#3768,.F.);
#5258=ORIENTED_EDGE('',*,*,#3769,.F.);
#5259=ORIENTED_EDGE('',*,*,#3770,.F.);
#5260=ORIENTED_EDGE('',*,*,#3771,.F.);
#5261=ORIENTED_EDGE('',*,*,#3772,.F.);
#5262=ORIENTED_EDGE('',*,*,#3773,.F.);
#5263=ORIENTED_EDGE('',*,*,#3774,.F.);
#5264=ORIENTED_EDGE('',*,*,#3775,.F.);
#5265=ORIENTED_EDGE('',*,*,#3776,.F.);
#5266=ORIENTED_EDGE('',*,*,#3777,.F.);
#5267=ORIENTED_EDGE('',*,*,#3778,.F.);
#5268=ORIENTED_EDGE('',*,*,#3779,.F.);
#5269=ORIENTED_EDGE('',*,*,#3780,.F.);
#5270=ORIENTED_EDGE('',*,*,#3781,.F.);
#5271=ORIENTED_EDGE('',*,*,#3729,.F.);
#5272=ORIENTED_EDGE('',*,*,#3727,.F.);
#5273=ORIENTED_EDGE('',*,*,#3782,.T.);
#5274=ORIENTED_EDGE('',*,*,#3783,.T.);
#5275=ORIENTED_EDGE('',*,*,#3782,.F.);
#5276=ORIENTED_EDGE('',*,*,#3784,.T.);
#5277=ORIENTED_EDGE('',*,*,#3785,.T.);
#5278=ORIENTED_EDGE('',*,*,#3754,.T.);
#5279=ORIENTED_EDGE('',*,*,#3785,.F.);
#5280=ORIENTED_EDGE('',*,*,#3784,.F.);
#5281=ORIENTED_EDGE('',*,*,#3786,.T.);
#5282=ORIENTED_EDGE('',*,*,#3787,.T.);
#5283=ORIENTED_EDGE('',*,*,#3786,.F.);
#5284=ORIENTED_EDGE('',*,*,#3788,.T.);
#5285=ORIENTED_EDGE('',*,*,#3789,.T.);
#5286=ORIENTED_EDGE('',*,*,#3781,.T.);
#5287=ORIENTED_EDGE('',*,*,#3789,.F.);
#5288=ORIENTED_EDGE('',*,*,#3790,.F.);
#5289=ORIENTED_EDGE('',*,*,#3791,.T.);
#5290=ORIENTED_EDGE('',*,*,#3788,.F.);
#5291=ORIENTED_EDGE('',*,*,#3791,.F.);
#5292=ORIENTED_EDGE('',*,*,#3792,.T.);
#5293=ORIENTED_EDGE('',*,*,#3793,.T.);
#5294=ORIENTED_EDGE('',*,*,#3755,.T.);
#5295=ORIENTED_EDGE('',*,*,#3793,.F.);
#5296=ORIENTED_EDGE('',*,*,#3792,.F.);
#5297=ORIENTED_EDGE('',*,*,#3794,.T.);
#5298=ORIENTED_EDGE('',*,*,#3795,.T.);
#5299=ORIENTED_EDGE('',*,*,#3794,.F.);
#5300=ORIENTED_EDGE('',*,*,#3796,.T.);
#5301=ORIENTED_EDGE('',*,*,#3797,.T.);
#5302=ORIENTED_EDGE('',*,*,#3780,.T.);
#5303=ORIENTED_EDGE('',*,*,#3797,.F.);
#5304=ORIENTED_EDGE('',*,*,#3796,.F.);
#5305=ORIENTED_EDGE('',*,*,#3798,.T.);
#5306=ORIENTED_EDGE('',*,*,#3799,.T.);
#5307=ORIENTED_EDGE('',*,*,#3798,.F.);
#5308=ORIENTED_EDGE('',*,*,#3759,.T.);
#5309=ORIENTED_EDGE('',*,*,#3800,.F.);
#5310=ORIENTED_EDGE('',*,*,#3801,.T.);
#5311=ORIENTED_EDGE('',*,*,#3802,.F.);
#5312=ORIENTED_EDGE('',*,*,#3758,.T.);
#5313=ORIENTED_EDGE('',*,*,#3803,.F.);
#5314=ORIENTED_EDGE('',*,*,#3804,.T.);
#5315=ORIENTED_EDGE('',*,*,#3800,.T.);
#5316=ORIENTED_EDGE('',*,*,#3757,.T.);
#5317=ORIENTED_EDGE('',*,*,#3805,.T.);
#5318=ORIENTED_EDGE('',*,*,#3806,.T.);
#5319=ORIENTED_EDGE('',*,*,#3803,.T.);
#5320=ORIENTED_EDGE('',*,*,#3765,.T.);
#5321=ORIENTED_EDGE('',*,*,#3807,.F.);
#5322=ORIENTED_EDGE('',*,*,#3808,.T.);
#5323=ORIENTED_EDGE('',*,*,#3809,.T.);
#5324=ORIENTED_EDGE('',*,*,#3764,.T.);
#5325=ORIENTED_EDGE('',*,*,#3810,.T.);
#5326=ORIENTED_EDGE('',*,*,#3811,.T.);
#5327=ORIENTED_EDGE('',*,*,#3807,.T.);
#5328=ORIENTED_EDGE('',*,*,#3763,.T.);
#5329=ORIENTED_EDGE('',*,*,#3812,.F.);
#5330=ORIENTED_EDGE('',*,*,#3813,.T.);
#5331=ORIENTED_EDGE('',*,*,#3810,.F.);
#5332=ORIENTED_EDGE('',*,*,#3771,.T.);
#5333=ORIENTED_EDGE('',*,*,#3814,.F.);
#5334=ORIENTED_EDGE('',*,*,#3815,.T.);
#5335=ORIENTED_EDGE('',*,*,#3816,.F.);
#5336=ORIENTED_EDGE('',*,*,#3770,.T.);
#5337=ORIENTED_EDGE('',*,*,#3817,.F.);
#5338=ORIENTED_EDGE('',*,*,#3818,.T.);
#5339=ORIENTED_EDGE('',*,*,#3814,.T.);
#5340=ORIENTED_EDGE('',*,*,#3769,.T.);
#5341=ORIENTED_EDGE('',*,*,#3819,.T.);
#5342=ORIENTED_EDGE('',*,*,#3820,.T.);
#5343=ORIENTED_EDGE('',*,*,#3817,.T.);
#5344=ORIENTED_EDGE('',*,*,#3777,.T.);
#5345=ORIENTED_EDGE('',*,*,#3821,.F.);
#5346=ORIENTED_EDGE('',*,*,#3822,.T.);
#5347=ORIENTED_EDGE('',*,*,#3823,.F.);
#5348=ORIENTED_EDGE('',*,*,#3776,.T.);
#5349=ORIENTED_EDGE('',*,*,#3824,.F.);
#5350=ORIENTED_EDGE('',*,*,#3825,.T.);
#5351=ORIENTED_EDGE('',*,*,#3821,.T.);
#5352=ORIENTED_EDGE('',*,*,#3775,.T.);
#5353=ORIENTED_EDGE('',*,*,#3826,.T.);
#5354=ORIENTED_EDGE('',*,*,#3827,.T.);
#5355=ORIENTED_EDGE('',*,*,#3824,.T.);
#5356=ORIENTED_EDGE('',*,*,#3635,.F.);
#5357=ORIENTED_EDGE('',*,*,#3718,.T.);
#5358=ORIENTED_EDGE('',*,*,#3662,.T.);
#5359=ORIENTED_EDGE('',*,*,#3630,.F.);
#5360=ORIENTED_EDGE('',*,*,#3539,.F.);
#5361=ORIENTED_EDGE('',*,*,#3724,.T.);
#5362=ORIENTED_EDGE('',*,*,#3568,.T.);
#5363=ORIENTED_EDGE('',*,*,#3534,.F.);
#5364=ORIENTED_EDGE('',*,*,#3828,.T.);
#5365=ORIENTED_EDGE('',*,*,#3829,.T.);
#5366=ORIENTED_EDGE('',*,*,#3830,.T.);
#5367=ORIENTED_EDGE('',*,*,#3831,.T.);
#5368=ORIENTED_EDGE('',*,*,#3832,.T.);
#5369=ORIENTED_EDGE('',*,*,#3833,.T.);
#5370=ORIENTED_EDGE('',*,*,#3828,.F.);
#5371=ORIENTED_EDGE('',*,*,#3834,.T.);
#5372=ORIENTED_EDGE('',*,*,#3835,.T.);
#5373=ORIENTED_EDGE('',*,*,#3836,.T.);
#5374=ORIENTED_EDGE('',*,*,#3832,.F.);
#5375=ORIENTED_EDGE('',*,*,#3837,.T.);
#5376=ORIENTED_EDGE('',*,*,#3838,.T.);
#5377=ORIENTED_EDGE('',*,*,#3839,.T.);
#5378=ORIENTED_EDGE('',*,*,#3835,.F.);
#5379=ORIENTED_EDGE('',*,*,#3840,.T.);
#5380=ORIENTED_EDGE('',*,*,#3841,.T.);
#5381=ORIENTED_EDGE('',*,*,#3842,.T.);
#5382=ORIENTED_EDGE('',*,*,#3838,.F.);
#5383=ORIENTED_EDGE('',*,*,#3843,.T.);
#5384=ORIENTED_EDGE('',*,*,#3844,.T.);
#5385=ORIENTED_EDGE('',*,*,#3845,.T.);
#5386=ORIENTED_EDGE('',*,*,#3841,.F.);
#5387=ORIENTED_EDGE('',*,*,#3846,.T.);
#5388=ORIENTED_EDGE('',*,*,#3847,.T.);
#5389=ORIENTED_EDGE('',*,*,#3848,.T.);
#5390=ORIENTED_EDGE('',*,*,#3844,.F.);
#5391=ORIENTED_EDGE('',*,*,#3849,.T.);
#5392=ORIENTED_EDGE('',*,*,#3850,.T.);
#5393=ORIENTED_EDGE('',*,*,#3851,.T.);
#5394=ORIENTED_EDGE('',*,*,#3847,.F.);
#5395=ORIENTED_EDGE('',*,*,#3852,.T.);
#5396=ORIENTED_EDGE('',*,*,#3853,.T.);
#5397=ORIENTED_EDGE('',*,*,#3854,.T.);
#5398=ORIENTED_EDGE('',*,*,#3850,.F.);
#5399=ORIENTED_EDGE('',*,*,#3855,.T.);
#5400=ORIENTED_EDGE('',*,*,#3856,.T.);
#5401=ORIENTED_EDGE('',*,*,#3857,.T.);
#5402=ORIENTED_EDGE('',*,*,#3853,.F.);
#5403=ORIENTED_EDGE('',*,*,#3858,.T.);
#5404=ORIENTED_EDGE('',*,*,#3859,.T.);
#5405=ORIENTED_EDGE('',*,*,#3860,.T.);
#5406=ORIENTED_EDGE('',*,*,#3856,.F.);
#5407=ORIENTED_EDGE('',*,*,#3861,.T.);
#5408=ORIENTED_EDGE('',*,*,#3862,.T.);
#5409=ORIENTED_EDGE('',*,*,#3863,.T.);
#5410=ORIENTED_EDGE('',*,*,#3859,.F.);
#5411=ORIENTED_EDGE('',*,*,#3864,.T.);
#5412=ORIENTED_EDGE('',*,*,#3865,.T.);
#5413=ORIENTED_EDGE('',*,*,#3866,.T.);
#5414=ORIENTED_EDGE('',*,*,#3862,.F.);
#5415=ORIENTED_EDGE('',*,*,#3867,.T.);
#5416=ORIENTED_EDGE('',*,*,#3868,.T.);
#5417=ORIENTED_EDGE('',*,*,#3869,.T.);
#5418=ORIENTED_EDGE('',*,*,#3865,.F.);
#5419=ORIENTED_EDGE('',*,*,#3870,.T.);
#5420=ORIENTED_EDGE('',*,*,#3871,.T.);
#5421=ORIENTED_EDGE('',*,*,#3872,.T.);
#5422=ORIENTED_EDGE('',*,*,#3868,.F.);
#5423=ORIENTED_EDGE('',*,*,#3873,.T.);
#5424=ORIENTED_EDGE('',*,*,#3874,.T.);
#5425=ORIENTED_EDGE('',*,*,#3875,.T.);
#5426=ORIENTED_EDGE('',*,*,#3871,.F.);
#5427=ORIENTED_EDGE('',*,*,#3876,.T.);
#5428=ORIENTED_EDGE('',*,*,#3877,.T.);
#5429=ORIENTED_EDGE('',*,*,#3878,.T.);
#5430=ORIENTED_EDGE('',*,*,#3874,.F.);
#5431=ORIENTED_EDGE('',*,*,#3879,.T.);
#5432=ORIENTED_EDGE('',*,*,#3880,.T.);
#5433=ORIENTED_EDGE('',*,*,#3881,.T.);
#5434=ORIENTED_EDGE('',*,*,#3877,.F.);
#5435=ORIENTED_EDGE('',*,*,#3882,.T.);
#5436=ORIENTED_EDGE('',*,*,#3883,.T.);
#5437=ORIENTED_EDGE('',*,*,#3884,.T.);
#5438=ORIENTED_EDGE('',*,*,#3880,.F.);
#5439=ORIENTED_EDGE('',*,*,#3885,.T.);
#5440=ORIENTED_EDGE('',*,*,#3886,.T.);
#5441=ORIENTED_EDGE('',*,*,#3887,.T.);
#5442=ORIENTED_EDGE('',*,*,#3883,.F.);
#5443=ORIENTED_EDGE('',*,*,#3888,.T.);
#5444=ORIENTED_EDGE('',*,*,#3889,.T.);
#5445=ORIENTED_EDGE('',*,*,#3890,.T.);
#5446=ORIENTED_EDGE('',*,*,#3886,.F.);
#5447=ORIENTED_EDGE('',*,*,#3891,.T.);
#5448=ORIENTED_EDGE('',*,*,#3892,.T.);
#5449=ORIENTED_EDGE('',*,*,#3893,.T.);
#5450=ORIENTED_EDGE('',*,*,#3889,.F.);
#5451=ORIENTED_EDGE('',*,*,#3894,.T.);
#5452=ORIENTED_EDGE('',*,*,#3895,.T.);
#5453=ORIENTED_EDGE('',*,*,#3896,.T.);
#5454=ORIENTED_EDGE('',*,*,#3892,.F.);
#5455=ORIENTED_EDGE('',*,*,#3897,.T.);
#5456=ORIENTED_EDGE('',*,*,#3830,.F.);
#5457=ORIENTED_EDGE('',*,*,#3898,.T.);
#5458=ORIENTED_EDGE('',*,*,#3895,.F.);
#5459=ORIENTED_EDGE('',*,*,#3899,.T.);
#5460=ORIENTED_EDGE('',*,*,#3869,.F.);
#5461=ORIENTED_EDGE('',*,*,#3900,.T.);
#5462=ORIENTED_EDGE('',*,*,#3747,.T.);
#5463=ORIENTED_EDGE('',*,*,#3901,.F.);
#5464=ORIENTED_EDGE('',*,*,#3872,.F.);
#5465=ORIENTED_EDGE('',*,*,#3902,.T.);
#5466=ORIENTED_EDGE('',*,*,#3748,.T.);
#5467=ORIENTED_EDGE('',*,*,#3900,.F.);
#5468=ORIENTED_EDGE('',*,*,#3875,.F.);
#5469=ORIENTED_EDGE('',*,*,#3903,.T.);
#5470=ORIENTED_EDGE('',*,*,#3749,.T.);
#5471=ORIENTED_EDGE('',*,*,#3902,.F.);
#5472=ORIENTED_EDGE('',*,*,#3878,.F.);
#5473=ORIENTED_EDGE('',*,*,#3904,.T.);
#5474=ORIENTED_EDGE('',*,*,#3750,.T.);
#5475=ORIENTED_EDGE('',*,*,#3903,.F.);
#5476=ORIENTED_EDGE('',*,*,#3881,.F.);
#5477=ORIENTED_EDGE('',*,*,#3905,.T.);
#5478=ORIENTED_EDGE('',*,*,#3751,.T.);
#5479=ORIENTED_EDGE('',*,*,#3904,.F.);
#5480=ORIENTED_EDGE('',*,*,#3884,.F.);
#5481=ORIENTED_EDGE('',*,*,#3906,.T.);
#5482=ORIENTED_EDGE('',*,*,#3752,.T.);
#5483=ORIENTED_EDGE('',*,*,#3905,.F.);
#5484=ORIENTED_EDGE('',*,*,#3887,.F.);
#5485=ORIENTED_EDGE('',*,*,#3907,.T.);
#5486=ORIENTED_EDGE('',*,*,#3753,.T.);
#5487=ORIENTED_EDGE('',*,*,#3906,.F.);
#5488=ORIENTED_EDGE('',*,*,#3890,.F.);
#5489=ORIENTED_EDGE('',*,*,#3908,.T.);
#5490=ORIENTED_EDGE('',*,*,#3730,.T.);
#5491=ORIENTED_EDGE('',*,*,#3907,.F.);
#5492=ORIENTED_EDGE('',*,*,#3893,.F.);
#5493=ORIENTED_EDGE('',*,*,#3909,.T.);
#5494=ORIENTED_EDGE('',*,*,#3731,.T.);
#5495=ORIENTED_EDGE('',*,*,#3908,.F.);
#5496=ORIENTED_EDGE('',*,*,#3896,.F.);
#5497=ORIENTED_EDGE('',*,*,#3910,.T.);
#5498=ORIENTED_EDGE('',*,*,#3732,.T.);
#5499=ORIENTED_EDGE('',*,*,#3909,.F.);
#5500=ORIENTED_EDGE('',*,*,#3898,.F.);
#5501=ORIENTED_EDGE('',*,*,#3911,.T.);
#5502=ORIENTED_EDGE('',*,*,#3733,.T.);
#5503=ORIENTED_EDGE('',*,*,#3910,.F.);
#5504=ORIENTED_EDGE('',*,*,#3829,.F.);
#5505=ORIENTED_EDGE('',*,*,#3912,.T.);
#5506=ORIENTED_EDGE('',*,*,#3734,.T.);
#5507=ORIENTED_EDGE('',*,*,#3911,.F.);
#5508=ORIENTED_EDGE('',*,*,#3714,.T.);
#5509=ORIENTED_EDGE('',*,*,#3716,.T.);
#5510=ORIENTED_EDGE('',*,*,#3717,.T.);
#5511=ORIENTED_EDGE('',*,*,#3646,.T.);
#5512=ORIENTED_EDGE('',*,*,#3651,.T.);
#5513=ORIENTED_EDGE('',*,*,#3726,.T.);
#5514=ORIENTED_EDGE('',*,*,#3693,.T.);
#5515=ORIENTED_EDGE('',*,*,#3696,.T.);
#5516=ORIENTED_EDGE('',*,*,#3600,.T.);
#5517=ORIENTED_EDGE('',*,*,#3605,.T.);
#5518=ORIENTED_EDGE('',*,*,#3725,.T.);
#5519=ORIENTED_EDGE('',*,*,#3680,.T.);
#5520=ORIENTED_EDGE('',*,*,#3683,.T.);
#5521=ORIENTED_EDGE('',*,*,#3502,.T.);
#5522=ORIENTED_EDGE('',*,*,#3507,.T.);
#5523=ORIENTED_EDGE('',*,*,#3720,.T.);
#5524=ORIENTED_EDGE('',*,*,#3722,.T.);
#5525=ORIENTED_EDGE('',*,*,#3723,.T.);
#5526=ORIENTED_EDGE('',*,*,#3550,.T.);
#5527=ORIENTED_EDGE('',*,*,#3555,.T.);
#5528=ORIENTED_EDGE('',*,*,#3831,.F.);
#5529=ORIENTED_EDGE('',*,*,#3899,.F.);
#5530=ORIENTED_EDGE('',*,*,#3897,.F.);
#5531=ORIENTED_EDGE('',*,*,#3894,.F.);
#5532=ORIENTED_EDGE('',*,*,#3891,.F.);
#5533=ORIENTED_EDGE('',*,*,#3888,.F.);
#5534=ORIENTED_EDGE('',*,*,#3885,.F.);
#5535=ORIENTED_EDGE('',*,*,#3882,.F.);
#5536=ORIENTED_EDGE('',*,*,#3879,.F.);
#5537=ORIENTED_EDGE('',*,*,#3876,.F.);
#5538=ORIENTED_EDGE('',*,*,#3873,.F.);
#5539=ORIENTED_EDGE('',*,*,#3870,.F.);
#5540=ORIENTED_EDGE('',*,*,#3867,.F.);
#5541=ORIENTED_EDGE('',*,*,#3864,.F.);
#5542=ORIENTED_EDGE('',*,*,#3861,.F.);
#5543=ORIENTED_EDGE('',*,*,#3858,.F.);
#5544=ORIENTED_EDGE('',*,*,#3855,.F.);
#5545=ORIENTED_EDGE('',*,*,#3852,.F.);
#5546=ORIENTED_EDGE('',*,*,#3849,.F.);
#5547=ORIENTED_EDGE('',*,*,#3846,.F.);
#5548=ORIENTED_EDGE('',*,*,#3843,.F.);
#5549=ORIENTED_EDGE('',*,*,#3840,.F.);
#5550=ORIENTED_EDGE('',*,*,#3837,.F.);
#5551=ORIENTED_EDGE('',*,*,#3834,.F.);
#5552=ORIENTED_EDGE('',*,*,#3790,.T.);
#5553=ORIENTED_EDGE('',*,*,#3913,.T.);
#5554=ORIENTED_EDGE('',*,*,#3914,.T.);
#5555=ORIENTED_EDGE('',*,*,#3913,.F.);
#5556=ORIENTED_EDGE('',*,*,#3914,.F.);
#5557=ORIENTED_EDGE('',*,*,#3766,.T.);
#5558=ORIENTED_EDGE('',*,*,#3809,.F.);
#5559=ORIENTED_EDGE('',*,*,#3915,.T.);
#5560=ORIENTED_EDGE('',*,*,#3916,.F.);
#5561=ORIENTED_EDGE('',*,*,#3842,.F.);
#5562=ORIENTED_EDGE('',*,*,#3917,.T.);
#5563=ORIENTED_EDGE('',*,*,#3738,.T.);
#5564=ORIENTED_EDGE('',*,*,#3918,.F.);
#5565=ORIENTED_EDGE('',*,*,#3845,.F.);
#5566=ORIENTED_EDGE('',*,*,#3919,.T.);
#5567=ORIENTED_EDGE('',*,*,#3739,.T.);
#5568=ORIENTED_EDGE('',*,*,#3917,.F.);
#5569=ORIENTED_EDGE('',*,*,#3848,.F.);
#5570=ORIENTED_EDGE('',*,*,#3920,.T.);
#5571=ORIENTED_EDGE('',*,*,#3740,.T.);
#5572=ORIENTED_EDGE('',*,*,#3919,.F.);
#5573=ORIENTED_EDGE('',*,*,#3851,.F.);
#5574=ORIENTED_EDGE('',*,*,#3921,.T.);
#5575=ORIENTED_EDGE('',*,*,#3741,.T.);
#5576=ORIENTED_EDGE('',*,*,#3920,.F.);
#5577=ORIENTED_EDGE('',*,*,#3854,.F.);
#5578=ORIENTED_EDGE('',*,*,#3922,.T.);
#5579=ORIENTED_EDGE('',*,*,#3742,.T.);
#5580=ORIENTED_EDGE('',*,*,#3921,.F.);
#5581=ORIENTED_EDGE('',*,*,#3857,.F.);
#5582=ORIENTED_EDGE('',*,*,#3923,.T.);
#5583=ORIENTED_EDGE('',*,*,#3743,.T.);
#5584=ORIENTED_EDGE('',*,*,#3922,.F.);
#5585=ORIENTED_EDGE('',*,*,#3860,.F.);
#5586=ORIENTED_EDGE('',*,*,#3924,.T.);
#5587=ORIENTED_EDGE('',*,*,#3744,.T.);
#5588=ORIENTED_EDGE('',*,*,#3923,.F.);
#5589=ORIENTED_EDGE('',*,*,#3863,.F.);
#5590=ORIENTED_EDGE('',*,*,#3925,.T.);
#5591=ORIENTED_EDGE('',*,*,#3745,.T.);
#5592=ORIENTED_EDGE('',*,*,#3924,.F.);
#5593=ORIENTED_EDGE('',*,*,#3866,.F.);
#5594=ORIENTED_EDGE('',*,*,#3901,.T.);
#5595=ORIENTED_EDGE('',*,*,#3746,.T.);
#5596=ORIENTED_EDGE('',*,*,#3925,.F.);
#5597=ORIENTED_EDGE('',*,*,#3833,.F.);
#5598=ORIENTED_EDGE('',*,*,#3926,.T.);
#5599=ORIENTED_EDGE('',*,*,#3735,.T.);
#5600=ORIENTED_EDGE('',*,*,#3912,.F.);
#5601=ORIENTED_EDGE('',*,*,#3836,.F.);
#5602=ORIENTED_EDGE('',*,*,#3927,.T.);
#5603=ORIENTED_EDGE('',*,*,#3736,.T.);
#5604=ORIENTED_EDGE('',*,*,#3926,.F.);
#5605=ORIENTED_EDGE('',*,*,#3839,.F.);
#5606=ORIENTED_EDGE('',*,*,#3918,.T.);
#5607=ORIENTED_EDGE('',*,*,#3737,.T.);
#5608=ORIENTED_EDGE('',*,*,#3927,.F.);
#5609=ORIENTED_EDGE('',*,*,#3756,.T.);
#5610=ORIENTED_EDGE('',*,*,#3928,.F.);
#5611=ORIENTED_EDGE('',*,*,#3929,.T.);
#5612=ORIENTED_EDGE('',*,*,#3805,.F.);
#5613=ORIENTED_EDGE('',*,*,#3761,.T.);
#5614=ORIENTED_EDGE('',*,*,#3930,.T.);
#5615=ORIENTED_EDGE('',*,*,#3931,.T.);
#5616=ORIENTED_EDGE('',*,*,#3928,.T.);
#5617=ORIENTED_EDGE('',*,*,#3760,.T.);
#5618=ORIENTED_EDGE('',*,*,#3802,.T.);
#5619=ORIENTED_EDGE('',*,*,#3932,.T.);
#5620=ORIENTED_EDGE('',*,*,#3930,.F.);
#5621=ORIENTED_EDGE('',*,*,#3762,.T.);
#5622=ORIENTED_EDGE('',*,*,#3933,.T.);
#5623=ORIENTED_EDGE('',*,*,#3934,.T.);
#5624=ORIENTED_EDGE('',*,*,#3812,.T.);
#5625=ORIENTED_EDGE('',*,*,#3768,.T.);
#5626=ORIENTED_EDGE('',*,*,#3935,.F.);
#5627=ORIENTED_EDGE('',*,*,#3936,.T.);
#5628=ORIENTED_EDGE('',*,*,#3819,.F.);
#5629=ORIENTED_EDGE('',*,*,#3767,.T.);
#5630=ORIENTED_EDGE('',*,*,#3916,.T.);
#5631=ORIENTED_EDGE('',*,*,#3937,.T.);
#5632=ORIENTED_EDGE('',*,*,#3933,.F.);
#5633=ORIENTED_EDGE('',*,*,#3773,.T.);
#5634=ORIENTED_EDGE('',*,*,#3938,.T.);
#5635=ORIENTED_EDGE('',*,*,#3939,.T.);
#5636=ORIENTED_EDGE('',*,*,#3935,.T.);
#5637=ORIENTED_EDGE('',*,*,#3772,.T.);
#5638=ORIENTED_EDGE('',*,*,#3816,.T.);
#5639=ORIENTED_EDGE('',*,*,#3940,.T.);
#5640=ORIENTED_EDGE('',*,*,#3938,.F.);
#5641=ORIENTED_EDGE('',*,*,#3774,.T.);
#5642=ORIENTED_EDGE('',*,*,#3941,.F.);
#5643=ORIENTED_EDGE('',*,*,#3942,.T.);
#5644=ORIENTED_EDGE('',*,*,#3826,.F.);
#5645=ORIENTED_EDGE('',*,*,#3779,.T.);
#5646=ORIENTED_EDGE('',*,*,#3943,.T.);
#5647=ORIENTED_EDGE('',*,*,#3944,.T.);
#5648=ORIENTED_EDGE('',*,*,#3941,.T.);
#5649=ORIENTED_EDGE('',*,*,#3778,.T.);
#5650=ORIENTED_EDGE('',*,*,#3823,.T.);
#5651=ORIENTED_EDGE('',*,*,#3945,.T.);
#5652=ORIENTED_EDGE('',*,*,#3943,.F.);
#5653=ORIENTED_EDGE('',*,*,#3915,.F.);
#5654=ORIENTED_EDGE('',*,*,#3808,.F.);
#5655=ORIENTED_EDGE('',*,*,#3811,.F.);
#5656=ORIENTED_EDGE('',*,*,#3813,.F.);
#5657=ORIENTED_EDGE('',*,*,#3934,.F.);
#5658=ORIENTED_EDGE('',*,*,#3937,.F.);
#5659=ORIENTED_EDGE('',*,*,#3815,.F.);
#5660=ORIENTED_EDGE('',*,*,#3818,.F.);
#5661=ORIENTED_EDGE('',*,*,#3820,.F.);
#5662=ORIENTED_EDGE('',*,*,#3936,.F.);
#5663=ORIENTED_EDGE('',*,*,#3939,.F.);
#5664=ORIENTED_EDGE('',*,*,#3940,.F.);
#5665=ORIENTED_EDGE('',*,*,#3801,.F.);
#5666=ORIENTED_EDGE('',*,*,#3804,.F.);
#5667=ORIENTED_EDGE('',*,*,#3806,.F.);
#5668=ORIENTED_EDGE('',*,*,#3929,.F.);
#5669=ORIENTED_EDGE('',*,*,#3931,.F.);
#5670=ORIENTED_EDGE('',*,*,#3932,.F.);
#5671=ORIENTED_EDGE('',*,*,#3822,.F.);
#5672=ORIENTED_EDGE('',*,*,#3825,.F.);
#5673=ORIENTED_EDGE('',*,*,#3827,.F.);
#5674=ORIENTED_EDGE('',*,*,#3942,.F.);
#5675=ORIENTED_EDGE('',*,*,#3944,.F.);
#5676=ORIENTED_EDGE('',*,*,#3945,.F.);
#5677=ORIENTED_EDGE('',*,*,#3799,.F.);
#5678=ORIENTED_EDGE('',*,*,#3783,.F.);
#5679=ORIENTED_EDGE('',*,*,#3787,.F.);
#5680=ORIENTED_EDGE('',*,*,#3795,.F.);
#5681=ORIENTED_EDGE('',*,*,#3151,.F.);
#5682=ORIENTED_EDGE('',*,*,#3946,.T.);
#5683=ORIENTED_EDGE('',*,*,#3170,.T.);
#5684=ORIENTED_EDGE('',*,*,#3947,.T.);
#5685=ORIENTED_EDGE('',*,*,#3948,.T.);
#5686=ORIENTED_EDGE('',*,*,#3949,.T.);
#5687=ORIENTED_EDGE('',*,*,#3171,.T.);
#5688=ORIENTED_EDGE('',*,*,#3946,.F.);
#5689=ORIENTED_EDGE('',*,*,#3950,.T.);
#5690=ORIENTED_EDGE('',*,*,#3951,.T.);
#5691=ORIENTED_EDGE('',*,*,#3172,.T.);
#5692=ORIENTED_EDGE('',*,*,#3949,.F.);
#5693=ORIENTED_EDGE('',*,*,#3952,.T.);
#5694=ORIENTED_EDGE('',*,*,#3953,.T.);
#5695=ORIENTED_EDGE('',*,*,#3173,.T.);
#5696=ORIENTED_EDGE('',*,*,#3951,.F.);
#5697=ORIENTED_EDGE('',*,*,#3954,.T.);
#5698=ORIENTED_EDGE('',*,*,#3955,.T.);
#5699=ORIENTED_EDGE('',*,*,#3174,.T.);
#5700=ORIENTED_EDGE('',*,*,#3953,.F.);
#5701=ORIENTED_EDGE('',*,*,#3956,.T.);
#5702=ORIENTED_EDGE('',*,*,#3947,.F.);
#5703=ORIENTED_EDGE('',*,*,#3175,.T.);
#5704=ORIENTED_EDGE('',*,*,#3955,.F.);
#5705=ORIENTED_EDGE('',*,*,#3957,.T.);
#5706=ORIENTED_EDGE('',*,*,#3958,.T.);
#5707=ORIENTED_EDGE('',*,*,#3152,.T.);
#5708=ORIENTED_EDGE('',*,*,#3959,.T.);
#5709=ORIENTED_EDGE('',*,*,#3960,.T.);
#5710=ORIENTED_EDGE('',*,*,#3961,.T.);
#5711=ORIENTED_EDGE('',*,*,#3153,.T.);
#5712=ORIENTED_EDGE('',*,*,#3958,.F.);
#5713=ORIENTED_EDGE('',*,*,#3962,.T.);
#5714=ORIENTED_EDGE('',*,*,#3963,.T.);
#5715=ORIENTED_EDGE('',*,*,#3154,.T.);
#5716=ORIENTED_EDGE('',*,*,#3961,.F.);
#5717=ORIENTED_EDGE('',*,*,#3964,.T.);
#5718=ORIENTED_EDGE('',*,*,#3965,.T.);
#5719=ORIENTED_EDGE('',*,*,#3155,.T.);
#5720=ORIENTED_EDGE('',*,*,#3963,.F.);
#5721=ORIENTED_EDGE('',*,*,#3966,.T.);
#5722=ORIENTED_EDGE('',*,*,#3967,.T.);
#5723=ORIENTED_EDGE('',*,*,#3156,.T.);
#5724=ORIENTED_EDGE('',*,*,#3965,.F.);
#5725=ORIENTED_EDGE('',*,*,#3968,.T.);
#5726=ORIENTED_EDGE('',*,*,#3959,.F.);
#5727=ORIENTED_EDGE('',*,*,#3157,.T.);
#5728=ORIENTED_EDGE('',*,*,#3967,.F.);
#5729=ORIENTED_EDGE('',*,*,#3969,.T.);
#5730=ORIENTED_EDGE('',*,*,#3970,.T.);
#5731=ORIENTED_EDGE('',*,*,#3164,.T.);
#5732=ORIENTED_EDGE('',*,*,#3971,.T.);
#5733=ORIENTED_EDGE('',*,*,#3972,.T.);
#5734=ORIENTED_EDGE('',*,*,#3973,.T.);
#5735=ORIENTED_EDGE('',*,*,#3165,.T.);
#5736=ORIENTED_EDGE('',*,*,#3970,.F.);
#5737=ORIENTED_EDGE('',*,*,#3974,.T.);
#5738=ORIENTED_EDGE('',*,*,#3975,.T.);
#5739=ORIENTED_EDGE('',*,*,#3166,.T.);
#5740=ORIENTED_EDGE('',*,*,#3973,.F.);
#5741=ORIENTED_EDGE('',*,*,#3976,.T.);
#5742=ORIENTED_EDGE('',*,*,#3977,.T.);
#5743=ORIENTED_EDGE('',*,*,#3167,.T.);
#5744=ORIENTED_EDGE('',*,*,#3975,.F.);
#5745=ORIENTED_EDGE('',*,*,#3978,.T.);
#5746=ORIENTED_EDGE('',*,*,#3979,.T.);
#5747=ORIENTED_EDGE('',*,*,#3168,.T.);
#5748=ORIENTED_EDGE('',*,*,#3977,.F.);
#5749=ORIENTED_EDGE('',*,*,#3980,.T.);
#5750=ORIENTED_EDGE('',*,*,#3971,.F.);
#5751=ORIENTED_EDGE('',*,*,#3169,.T.);
#5752=ORIENTED_EDGE('',*,*,#3979,.F.);
#5753=ORIENTED_EDGE('',*,*,#3981,.T.);
#5754=ORIENTED_EDGE('',*,*,#3982,.T.);
#5755=ORIENTED_EDGE('',*,*,#3158,.T.);
#5756=ORIENTED_EDGE('',*,*,#3983,.T.);
#5757=ORIENTED_EDGE('',*,*,#3984,.T.);
#5758=ORIENTED_EDGE('',*,*,#3985,.T.);
#5759=ORIENTED_EDGE('',*,*,#3159,.T.);
#5760=ORIENTED_EDGE('',*,*,#3982,.F.);
#5761=ORIENTED_EDGE('',*,*,#3986,.T.);
#5762=ORIENTED_EDGE('',*,*,#3987,.T.);
#5763=ORIENTED_EDGE('',*,*,#3160,.T.);
#5764=ORIENTED_EDGE('',*,*,#3985,.F.);
#5765=ORIENTED_EDGE('',*,*,#3988,.T.);
#5766=ORIENTED_EDGE('',*,*,#3989,.T.);
#5767=ORIENTED_EDGE('',*,*,#3161,.T.);
#5768=ORIENTED_EDGE('',*,*,#3987,.F.);
#5769=ORIENTED_EDGE('',*,*,#3990,.T.);
#5770=ORIENTED_EDGE('',*,*,#3991,.T.);
#5771=ORIENTED_EDGE('',*,*,#3162,.T.);
#5772=ORIENTED_EDGE('',*,*,#3989,.F.);
#5773=ORIENTED_EDGE('',*,*,#3992,.T.);
#5774=ORIENTED_EDGE('',*,*,#3983,.F.);
#5775=ORIENTED_EDGE('',*,*,#3163,.T.);
#5776=ORIENTED_EDGE('',*,*,#3991,.F.);
#5777=ORIENTED_EDGE('',*,*,#3993,.T.);
#5778=ORIENTED_EDGE('',*,*,#3974,.F.);
#5779=ORIENTED_EDGE('',*,*,#3972,.F.);
#5780=ORIENTED_EDGE('',*,*,#3981,.F.);
#5781=ORIENTED_EDGE('',*,*,#3980,.F.);
#5782=ORIENTED_EDGE('',*,*,#3978,.F.);
#5783=ORIENTED_EDGE('',*,*,#3976,.F.);
#5784=ORIENTED_EDGE('',*,*,#3984,.F.);
#5785=ORIENTED_EDGE('',*,*,#3993,.F.);
#5786=ORIENTED_EDGE('',*,*,#3992,.F.);
#5787=ORIENTED_EDGE('',*,*,#3990,.F.);
#5788=ORIENTED_EDGE('',*,*,#3988,.F.);
#5789=ORIENTED_EDGE('',*,*,#3986,.F.);
#5790=ORIENTED_EDGE('',*,*,#3957,.F.);
#5791=ORIENTED_EDGE('',*,*,#3956,.F.);
#5792=ORIENTED_EDGE('',*,*,#3954,.F.);
#5793=ORIENTED_EDGE('',*,*,#3952,.F.);
#5794=ORIENTED_EDGE('',*,*,#3950,.F.);
#5795=ORIENTED_EDGE('',*,*,#3948,.F.);
#5796=ORIENTED_EDGE('',*,*,#3968,.F.);
#5797=ORIENTED_EDGE('',*,*,#3966,.F.);
#5798=ORIENTED_EDGE('',*,*,#3964,.F.);
#5799=ORIENTED_EDGE('',*,*,#3962,.F.);
#5800=ORIENTED_EDGE('',*,*,#3960,.F.);
#5801=ORIENTED_EDGE('',*,*,#3969,.F.);
#5802=CONICAL_SURFACE('',#6293,0.35,0.785398163397448);
#5803=CONICAL_SURFACE('',#6297,0.35,0.785398163397448);
#5804=CONICAL_SURFACE('',#6348,0.35,0.785398163397448);
#5805=CONICAL_SURFACE('',#6351,0.35,0.785398163397448);
#5806=CONICAL_SURFACE('',#6358,0.35,0.785398163397448);
#5807=CONICAL_SURFACE('',#6361,0.35,0.785398163397448);
#5808=CONICAL_SURFACE('',#6367,0.35,0.785398163397448);
#5809=CONICAL_SURFACE('',#6370,0.35,0.785398163397448);
#5810=CONICAL_SURFACE('',#6376,0.35,0.785398163397448);
#5811=CONICAL_SURFACE('',#6379,0.35,0.785398163397448);
#5812=CONICAL_SURFACE('',#6385,0.35,0.785398163397448);
#5813=CONICAL_SURFACE('',#6388,0.35,0.785398163397448);
#5814=CONICAL_SURFACE('',#6394,0.35,0.785398163397448);
#5815=CONICAL_SURFACE('',#6397,0.35,0.785398163397448);
#5816=CONICAL_SURFACE('',#6403,0.35,0.785398163397448);
#5817=CONICAL_SURFACE('',#6406,0.35,0.785398163397448);
#5818=CONICAL_SURFACE('',#6412,0.35,0.785398163397448);
#5819=CONICAL_SURFACE('',#6415,0.35,0.785398163397448);
#5820=CONICAL_SURFACE('',#6420,0.35,0.785398163397448);
#5821=CONICAL_SURFACE('',#6423,0.35,0.785398163397448);
#5822=CONICAL_SURFACE('',#6429,0.35,0.785398163397448);
#5823=CONICAL_SURFACE('',#6432,0.35,0.785398163397448);
#5824=CONICAL_SURFACE('',#6439,0.35,0.785398163397448);
#5825=CONICAL_SURFACE('',#6442,0.35,0.785398163397448);
#5826=CONICAL_SURFACE('',#6447,0.2375,0.78539816339745);
#5827=CONICAL_SURFACE('',#6450,0.2375,0.78539816339745);
#5828=CONICAL_SURFACE('',#6457,0.2375,0.78539816339745);
#5829=CONICAL_SURFACE('',#6461,0.2375,0.78539816339745);
#5830=CONICAL_SURFACE('',#6464,0.2375,0.78539816339745);
#5831=CONICAL_SURFACE('',#6468,0.2375,0.78539816339745);
#5832=CONICAL_SURFACE('',#6474,0.2375,0.78539816339745);
#5833=CONICAL_SURFACE('',#6478,0.2375,0.78539816339745);
#5834=CONICAL_SURFACE('',#6485,0.2375,0.78539816339745);
#5835=CONICAL_SURFACE('',#6488,0.2375,0.78539816339745);
#5836=CONICAL_SURFACE('',#6493,0.2375,0.78539816339745);
#5837=CONICAL_SURFACE('',#6496,0.2375,0.78539816339745);
#5838=CONICAL_SURFACE('',#6501,0.2375,0.78539816339745);
#5839=CONICAL_SURFACE('',#6504,0.2375,0.78539816339745);
#5840=CONICAL_SURFACE('',#6510,0.2375,0.78539816339745);
#5841=CONICAL_SURFACE('',#6514,0.2375,0.78539816339745);
#5842=CONICAL_SURFACE('',#6519,0.2375,0.78539816339745);
#5843=CONICAL_SURFACE('',#6522,0.2375,0.78539816339745);
#5844=CONICAL_SURFACE('',#6527,0.2375,0.78539816339745);
#5845=CONICAL_SURFACE('',#6531,0.2375,0.78539816339745);
#5846=CONICAL_SURFACE('',#6538,0.2375,0.78539816339745);
#5847=CONICAL_SURFACE('',#6541,0.2375,0.78539816339745);
#5848=CONICAL_SURFACE('',#6546,0.2375,0.78539816339745);
#5849=CONICAL_SURFACE('',#6549,0.2375,0.78539816339745);
#5850=CONICAL_SURFACE('',#6584,11.7788588593723,0.176195298185852);
#5851=CONICAL_SURFACE('',#6609,11.7788588593723,0.176195298185852);
#5852=CONICAL_SURFACE('',#6634,11.7788588593723,0.176195298185852);
#5853=CONICAL_SURFACE('',#6659,11.7788588593723,0.176195298185852);
#5854=CONICAL_SURFACE('',#6701,12.4974927247889,0.332059467542883);
#5855=CONICAL_SURFACE('',#6702,12.4974927247889,0.332059467542883);
#5856=CONICAL_SURFACE('',#6703,12.4974927247889,0.332059467542883);
#5857=CONICAL_SURFACE('',#6704,12.4974927247889,0.332059467542883);
#5858=CONICAL_SURFACE('',#6705,12.4974927247889,0.332059467542883);
#5859=CONICAL_SURFACE('',#6706,12.4974927247889,0.332059467542883);
#5860=CONICAL_SURFACE('',#6707,12.4974927247889,0.332059467542883);
#5861=CONICAL_SURFACE('',#6708,12.4974927247889,0.332059467542883);
#5862=CONICAL_SURFACE('',#6723,1.,0.785398163397449);
#5863=CONICAL_SURFACE('',#6753,1.,0.785398163397449);
#5864=CONICAL_SURFACE('',#6757,2.3891375776306,0.828890135160299);
#5865=CONICAL_SURFACE('',#6762,1.,0.785398163397447);
#5866=CONICAL_SURFACE('',#6766,1.,0.785398163397449);
#5867=CONICAL_SURFACE('',#6787,0.25,0.785398163397447);
#5868=CONICAL_SURFACE('',#6791,0.750000000000001,0.785398163397449);
#5869=CONICAL_SURFACE('',#6795,0.750000000000001,0.785398163397449);
#5870=CONICAL_SURFACE('',#6799,0.25,0.785398163397447);
#5871=CONICAL_SURFACE('',#6803,0.750000000000001,0.785398163397449);
#5872=CONICAL_SURFACE('',#6807,0.750000000000001,0.78539816339745);
#5873=CONICAL_SURFACE('',#6811,0.25,0.785398163397447);
#5874=CONICAL_SURFACE('',#6815,0.750000000000001,0.785398163397449);
#5875=CONICAL_SURFACE('',#6819,0.750000000000001,0.78539816339745);
#5876=CONICAL_SURFACE('',#6823,0.25,0.785398163397447);
#5877=CONICAL_SURFACE('',#6827,0.750000000000001,0.785398163397449);
#5878=CONICAL_SURFACE('',#6831,0.750000000000001,0.78539816339745);
#5879=CONICAL_SURFACE('',#6888,0.625,0.785398163397447);
#5880=CONICAL_SURFACE('',#6891,0.625,0.785398163397449);
#5881=CONICAL_SURFACE('',#6894,0.625,0.785398163397447);
#5882=CONICAL_SURFACE('',#6896,0.625,0.785398163397449);
#5883=CONICAL_SURFACE('',#6899,0.625,0.785398163397448);
#5884=CONICAL_SURFACE('',#6902,0.625,0.785398163397447);
#5885=CONICAL_SURFACE('',#6906,0.625,0.785398163397449);
#5886=CONICAL_SURFACE('',#6909,0.625,0.785398163397447);
#5887=CONICAL_SURFACE('',#6912,0.625,0.785398163397449);
#5888=CONICAL_SURFACE('',#6914,0.625000000000001,0.785398163397448);
#5889=CONICAL_SURFACE('',#6917,0.625000000000001,0.785398163397447);
#5890=CONICAL_SURFACE('',#6920,0.625,0.785398163397449);
#5891=ADVANCED_FACE('',(#469),#5802,.F.);
#5892=ADVANCED_FACE('',(#470),#305,.T.);
#5893=ADVANCED_FACE('',(#471),#5803,.F.);
#5894=ADVANCED_FACE('',(#472),#306,.T.);
#5895=ADVANCED_FACE('',(#473),#307,.F.);
#5896=ADVANCED_FACE('',(#474),#229,.F.);
#5897=ADVANCED_FACE('',(#475,#202,#203,#204,#205,#206,#207,#208,#209,#210,
#211,#212,#213,#214,#215,#216,#217,#218),#308,.T.);
#5898=ADVANCED_FACE('',(#476),#5804,.F.);
#5899=ADVANCED_FACE('',(#477),#309,.T.);
#5900=ADVANCED_FACE('',(#478),#5805,.F.);
#5901=ADVANCED_FACE('',(#479),#310,.T.);
#5902=ADVANCED_FACE('',(#480),#311,.F.);
#5903=ADVANCED_FACE('',(#481),#230,.F.);
#5904=ADVANCED_FACE('',(#482),#312,.T.);
#5905=ADVANCED_FACE('',(#483),#5806,.F.);
#5906=ADVANCED_FACE('',(#484),#313,.T.);
#5907=ADVANCED_FACE('',(#485),#5807,.F.);
#5908=ADVANCED_FACE('',(#486),#231,.F.);
#5909=ADVANCED_FACE('',(#487),#314,.F.);
#5910=ADVANCED_FACE('',(#488),#315,.T.);
#5911=ADVANCED_FACE('',(#489),#5808,.F.);
#5912=ADVANCED_FACE('',(#490),#316,.T.);
#5913=ADVANCED_FACE('',(#491),#5809,.F.);
#5914=ADVANCED_FACE('',(#492),#232,.F.);
#5915=ADVANCED_FACE('',(#493),#317,.F.);
#5916=ADVANCED_FACE('',(#494),#318,.T.);
#5917=ADVANCED_FACE('',(#495),#5810,.F.);
#5918=ADVANCED_FACE('',(#496),#319,.T.);
#5919=ADVANCED_FACE('',(#497),#5811,.F.);
#5920=ADVANCED_FACE('',(#498),#233,.F.);
#5921=ADVANCED_FACE('',(#499),#320,.F.);
#5922=ADVANCED_FACE('',(#500),#321,.T.);
#5923=ADVANCED_FACE('',(#501),#5812,.F.);
#5924=ADVANCED_FACE('',(#502),#322,.T.);
#5925=ADVANCED_FACE('',(#503),#5813,.F.);
#5926=ADVANCED_FACE('',(#504),#234,.F.);
#5927=ADVANCED_FACE('',(#505),#323,.F.);
#5928=ADVANCED_FACE('',(#506),#324,.T.);
#5929=ADVANCED_FACE('',(#507),#5814,.F.);
#5930=ADVANCED_FACE('',(#508),#325,.T.);
#5931=ADVANCED_FACE('',(#509),#5815,.F.);
#5932=ADVANCED_FACE('',(#510),#235,.F.);
#5933=ADVANCED_FACE('',(#511),#326,.F.);
#5934=ADVANCED_FACE('',(#512),#327,.T.);
#5935=ADVANCED_FACE('',(#513),#5816,.F.);
#5936=ADVANCED_FACE('',(#514),#328,.T.);
#5937=ADVANCED_FACE('',(#515),#5817,.F.);
#5938=ADVANCED_FACE('',(#516),#236,.F.);
#5939=ADVANCED_FACE('',(#517),#329,.F.);
#5940=ADVANCED_FACE('',(#518),#330,.T.);
#5941=ADVANCED_FACE('',(#519),#5818,.F.);
#5942=ADVANCED_FACE('',(#520),#331,.T.);
#5943=ADVANCED_FACE('',(#521),#5819,.F.);
#5944=ADVANCED_FACE('',(#522),#237,.F.);
#5945=ADVANCED_FACE('',(#523),#332,.F.);
#5946=ADVANCED_FACE('',(#524),#5820,.F.);
#5947=ADVANCED_FACE('',(#525),#333,.T.);
#5948=ADVANCED_FACE('',(#526),#5821,.F.);
#5949=ADVANCED_FACE('',(#527),#334,.T.);
#5950=ADVANCED_FACE('',(#528),#335,.F.);
#5951=ADVANCED_FACE('',(#529),#238,.F.);
#5952=ADVANCED_FACE('',(#530),#5822,.F.);
#5953=ADVANCED_FACE('',(#531),#336,.T.);
#5954=ADVANCED_FACE('',(#532),#5823,.F.);
#5955=ADVANCED_FACE('',(#533),#337,.T.);
#5956=ADVANCED_FACE('',(#534),#338,.F.);
#5957=ADVANCED_FACE('',(#535),#239,.F.);
#5958=ADVANCED_FACE('',(#536),#339,.T.);
#5959=ADVANCED_FACE('',(#537),#5824,.F.);
#5960=ADVANCED_FACE('',(#538),#340,.T.);
#5961=ADVANCED_FACE('',(#539),#5825,.F.);
#5962=ADVANCED_FACE('',(#540),#240,.F.);
#5963=ADVANCED_FACE('',(#541),#341,.F.);
#5964=ADVANCED_FACE('',(#542),#5826,.F.);
#5965=ADVANCED_FACE('',(#543),#342,.T.);
#5966=ADVANCED_FACE('',(#544),#5827,.F.);
#5967=ADVANCED_FACE('',(#545),#343,.T.);
#5968=ADVANCED_FACE('',(#546),#344,.F.);
#5969=ADVANCED_FACE('',(#547),#345,.T.);
#5970=ADVANCED_FACE('',(#548),#346,.T.);
#5971=ADVANCED_FACE('',(#549),#5828,.F.);
#5972=ADVANCED_FACE('',(#550),#347,.T.);
#5973=ADVANCED_FACE('',(#551),#5829,.F.);
#5974=ADVANCED_FACE('',(#552),#348,.T.);
#5975=ADVANCED_FACE('',(#553),#5830,.F.);
#5976=ADVANCED_FACE('',(#554),#349,.T.);
#5977=ADVANCED_FACE('',(#555),#5831,.F.);
#5978=ADVANCED_FACE('',(#556),#350,.T.);
#5979=ADVANCED_FACE('',(#557),#351,.F.);
#5980=ADVANCED_FACE('',(#558),#241,.F.);
#5981=ADVANCED_FACE('',(#559),#352,.T.);
#5982=ADVANCED_FACE('',(#560),#5832,.F.);
#5983=ADVANCED_FACE('',(#561),#353,.T.);
#5984=ADVANCED_FACE('',(#562),#5833,.F.);
#5985=ADVANCED_FACE('',(#563),#354,.T.);
#5986=ADVANCED_FACE('',(#564),#355,.F.);
#5987=ADVANCED_FACE('',(#565),#242,.F.);
#5988=ADVANCED_FACE('',(#566),#356,.T.);
#5989=ADVANCED_FACE('',(#567),#357,.T.);
#5990=ADVANCED_FACE('',(#568),#5834,.F.);
#5991=ADVANCED_FACE('',(#569),#358,.T.);
#5992=ADVANCED_FACE('',(#570),#5835,.F.);
#5993=ADVANCED_FACE('',(#571),#243,.F.);
#5994=ADVANCED_FACE('',(#572),#359,.T.);
#5995=ADVANCED_FACE('',(#573),#5836,.F.);
#5996=ADVANCED_FACE('',(#574),#360,.T.);
#5997=ADVANCED_FACE('',(#575),#5837,.F.);
#5998=ADVANCED_FACE('',(#576),#361,.T.);
#5999=ADVANCED_FACE('',(#577),#362,.T.);
#6000=ADVANCED_FACE('',(#578),#5838,.F.);
#6001=ADVANCED_FACE('',(#579),#363,.T.);
#6002=ADVANCED_FACE('',(#580),#5839,.F.);
#6003=ADVANCED_FACE('',(#581),#364,.T.);
#6004=ADVANCED_FACE('',(#582),#365,.F.);
#6005=ADVANCED_FACE('',(#583),#366,.T.);
#6006=ADVANCED_FACE('',(#584),#5840,.F.);
#6007=ADVANCED_FACE('',(#585),#367,.T.);
#6008=ADVANCED_FACE('',(#586),#5841,.F.);
#6009=ADVANCED_FACE('',(#587),#368,.T.);
#6010=ADVANCED_FACE('',(#588),#244,.F.);
#6011=ADVANCED_FACE('',(#589),#369,.T.);
#6012=ADVANCED_FACE('',(#590),#5842,.F.);
#6013=ADVANCED_FACE('',(#591),#370,.T.);
#6014=ADVANCED_FACE('',(#592),#5843,.F.);
#6015=ADVANCED_FACE('',(#593),#371,.T.);
#6016=ADVANCED_FACE('',(#594),#372,.T.);
#6017=ADVANCED_FACE('',(#595),#5844,.F.);
#6018=ADVANCED_FACE('',(#596),#373,.T.);
#6019=ADVANCED_FACE('',(#597),#5845,.F.);
#6020=ADVANCED_FACE('',(#598),#374,.T.);
#6021=ADVANCED_FACE('',(#599),#375,.F.);
#6022=ADVANCED_FACE('',(#600),#245,.F.);
#6023=ADVANCED_FACE('',(#601),#376,.T.);
#6024=ADVANCED_FACE('',(#602),#377,.T.);
#6025=ADVANCED_FACE('',(#603),#5846,.F.);
#6026=ADVANCED_FACE('',(#604),#378,.T.);
#6027=ADVANCED_FACE('',(#605),#5847,.F.);
#6028=ADVANCED_FACE('',(#606),#246,.F.);
#6029=ADVANCED_FACE('',(#607),#379,.T.);
#6030=ADVANCED_FACE('',(#608),#5848,.F.);
#6031=ADVANCED_FACE('',(#609),#380,.T.);
#6032=ADVANCED_FACE('',(#610),#5849,.F.);
#6033=ADVANCED_FACE('',(#611),#381,.T.);
#6034=ADVANCED_FACE('',(#612),#382,.T.);
#6035=ADVANCED_FACE('',(#613),#383,.F.);
#6036=ADVANCED_FACE('',(#614),#247,.F.);
#6037=ADVANCED_FACE('',(#615),#248,.F.);
#6038=ADVANCED_FACE('',(#616),#384,.F.);
#6039=ADVANCED_FACE('',(#617),#385,.F.);
#6040=ADVANCED_FACE('',(#618),#249,.F.);
#6041=ADVANCED_FACE('',(#619),#386,.F.);
#6042=ADVANCED_FACE('',(#620),#250,.F.);
#6043=ADVANCED_FACE('',(#621),#251,.F.);
#6044=ADVANCED_FACE('',(#622),#387,.F.);
#6045=ADVANCED_FACE('',(#623),#388,.F.);
#6046=ADVANCED_FACE('',(#624),#252,.F.);
#6047=ADVANCED_FACE('',(#625),#389,.F.);
#6048=ADVANCED_FACE('',(#626),#162,.F.);
#6049=ADVANCED_FACE('',(#627),#163,.F.);
#6050=ADVANCED_FACE('',(#628),#164,.F.);
#6051=ADVANCED_FACE('',(#629),#253,.T.);
#6052=ADVANCED_FACE('',(#630),#165,.F.);
#6053=ADVANCED_FACE('',(#631),#166,.F.);
#6054=ADVANCED_FACE('',(#632),#254,.T.);
#6055=ADVANCED_FACE('',(#633),#52,.T.);
#6056=ADVANCED_FACE('',(#634),#53,.T.);
#6057=ADVANCED_FACE('',(#635),#167,.F.);
#6058=ADVANCED_FACE('',(#636),#390,.F.);
#6059=ADVANCED_FACE('',(#637),#255,.T.);
#6060=ADVANCED_FACE('',(#638),#5850,.T.);
#6061=ADVANCED_FACE('',(#639),#168,.F.);
#6062=ADVANCED_FACE('',(#640),#256,.T.);
#6063=ADVANCED_FACE('',(#641),#169,.F.);
#6064=ADVANCED_FACE('',(#642),#170,.F.);
#6065=ADVANCED_FACE('',(#643),#171,.F.);
#6066=ADVANCED_FACE('',(#644),#257,.T.);
#6067=ADVANCED_FACE('',(#645),#172,.F.);
#6068=ADVANCED_FACE('',(#646),#173,.F.);
#6069=ADVANCED_FACE('',(#647),#258,.T.);
#6070=ADVANCED_FACE('',(#648),#54,.T.);
#6071=ADVANCED_FACE('',(#649),#55,.T.);
#6072=ADVANCED_FACE('',(#650),#174,.F.);
#6073=ADVANCED_FACE('',(#651),#391,.F.);
#6074=ADVANCED_FACE('',(#652),#259,.T.);
#6075=ADVANCED_FACE('',(#653),#5851,.T.);
#6076=ADVANCED_FACE('',(#654),#175,.F.);
#6077=ADVANCED_FACE('',(#655),#260,.T.);
#6078=ADVANCED_FACE('',(#656),#176,.F.);
#6079=ADVANCED_FACE('',(#657),#177,.F.);
#6080=ADVANCED_FACE('',(#658),#178,.F.);
#6081=ADVANCED_FACE('',(#659),#261,.T.);
#6082=ADVANCED_FACE('',(#660),#179,.F.);
#6083=ADVANCED_FACE('',(#661),#180,.F.);
#6084=ADVANCED_FACE('',(#662),#262,.T.);
#6085=ADVANCED_FACE('',(#663),#56,.T.);
#6086=ADVANCED_FACE('',(#664),#181,.F.);
#6087=ADVANCED_FACE('',(#665),#57,.T.);
#6088=ADVANCED_FACE('',(#666),#392,.F.);
#6089=ADVANCED_FACE('',(#667),#263,.T.);
#6090=ADVANCED_FACE('',(#668),#5852,.T.);
#6091=ADVANCED_FACE('',(#669),#182,.F.);
#6092=ADVANCED_FACE('',(#670),#264,.T.);
#6093=ADVANCED_FACE('',(#671),#183,.F.);
#6094=ADVANCED_FACE('',(#672),#184,.F.);
#6095=ADVANCED_FACE('',(#673),#185,.F.);
#6096=ADVANCED_FACE('',(#674),#265,.T.);
#6097=ADVANCED_FACE('',(#675),#186,.F.);
#6098=ADVANCED_FACE('',(#676),#187,.F.);
#6099=ADVANCED_FACE('',(#677),#266,.T.);
#6100=ADVANCED_FACE('',(#678),#58,.T.);
#6101=ADVANCED_FACE('',(#679),#188,.F.);
#6102=ADVANCED_FACE('',(#680),#59,.T.);
#6103=ADVANCED_FACE('',(#681),#393,.F.);
#6104=ADVANCED_FACE('',(#682),#267,.T.);
#6105=ADVANCED_FACE('',(#683),#5853,.T.);
#6106=ADVANCED_FACE('',(#684),#189,.F.);
#6107=ADVANCED_FACE('',(#685),#268,.T.);
#6108=ADVANCED_FACE('',(#686),#190,.F.);
#6109=ADVANCED_FACE('',(#687),#191,.F.);
#6110=ADVANCED_FACE('',(#688),#16,.T.);
#6111=ADVANCED_FACE('',(#689),#17,.T.);
#6112=ADVANCED_FACE('',(#690),#269,.T.);
#6113=ADVANCED_FACE('',(#691),#192,.F.);
#6114=ADVANCED_FACE('',(#692),#193,.F.);
#6115=ADVANCED_FACE('',(#693),#18,.T.);
#6116=ADVANCED_FACE('',(#694),#19,.T.);
#6117=ADVANCED_FACE('',(#695),#270,.T.);
#6118=ADVANCED_FACE('',(#696),#194,.F.);
#6119=ADVANCED_FACE('',(#697),#195,.F.);
#6120=ADVANCED_FACE('',(#698),#20,.T.);
#6121=ADVANCED_FACE('',(#699),#21,.T.);
#6122=ADVANCED_FACE('',(#700),#271,.T.);
#6123=ADVANCED_FACE('',(#701),#394,.F.);
#6124=ADVANCED_FACE('',(#702),#272,.T.);
#6125=ADVANCED_FACE('',(#703),#273,.T.);
#6126=ADVANCED_FACE('',(#704),#196,.F.);
#6127=ADVANCED_FACE('',(#705),#197,.F.);
#6128=ADVANCED_FACE('',(#706),#22,.T.);
#6129=ADVANCED_FACE('',(#707),#23,.T.);
#6130=ADVANCED_FACE('',(#708),#274,.T.);
#6131=ADVANCED_FACE('',(#709),#395,.F.);
#6132=ADVANCED_FACE('',(#710),#275,.T.);
#6133=ADVANCED_FACE('',(#711),#276,.T.);
#6134=ADVANCED_FACE('',(#712),#5854,.T.);
#6135=ADVANCED_FACE('',(#713),#5855,.T.);
#6136=ADVANCED_FACE('',(#714),#5856,.T.);
#6137=ADVANCED_FACE('',(#715),#5857,.T.);
#6138=ADVANCED_FACE('',(#716),#5858,.T.);
#6139=ADVANCED_FACE('',(#717),#5859,.T.);
#6140=ADVANCED_FACE('',(#718),#5860,.T.);
#6141=ADVANCED_FACE('',(#719),#5861,.T.);
#6142=ADVANCED_FACE('',(#720),#396,.F.);
#6143=ADVANCED_FACE('',(#721),#277,.T.);
#6144=ADVANCED_FACE('',(#722),#397,.F.);
#6145=ADVANCED_FACE('',(#723),#278,.T.);
#6146=ADVANCED_FACE('',(#724),#398,.F.);
#6147=ADVANCED_FACE('',(#725),#279,.T.);
#6148=ADVANCED_FACE('',(#726),#399,.F.);
#6149=ADVANCED_FACE('',(#727),#280,.T.);
#6150=ADVANCED_FACE('',(#728),#400,.F.);
#6151=ADVANCED_FACE('',(#729),#401,.F.);
#6152=ADVANCED_FACE('',(#730),#198,.T.);
#6153=ADVANCED_FACE('',(#731),#199,.T.);
#6154=ADVANCED_FACE('',(#732),#5862,.F.);
#6155=ADVANCED_FACE('',(#733,#219,#220,#221,#222,#223,#224,#225,#226,#227),
#402,.T.);
#6156=ADVANCED_FACE('',(#734),#281,.F.);
#6157=ADVANCED_FACE('',(#735),#5863,.F.);
#6158=ADVANCED_FACE('',(#736),#282,.F.);
#6159=ADVANCED_FACE('',(#737),#5864,.F.);
#6160=ADVANCED_FACE('',(#738),#60,.F.);
#6161=ADVANCED_FACE('',(#739),#5865,.F.);
#6162=ADVANCED_FACE('',(#740),#283,.F.);
#6163=ADVANCED_FACE('',(#741),#5866,.F.);
#6164=ADVANCED_FACE('',(#742),#284,.F.);
#6165=ADVANCED_FACE('',(#743),#403,.T.);
#6166=ADVANCED_FACE('',(#744),#404,.T.);
#6167=ADVANCED_FACE('',(#745),#285,.F.);
#6168=ADVANCED_FACE('',(#746),#405,.T.);
#6169=ADVANCED_FACE('',(#747),#286,.F.);
#6170=ADVANCED_FACE('',(#748),#406,.T.);
#6171=ADVANCED_FACE('',(#749),#407,.T.);
#6172=ADVANCED_FACE('',(#750),#408,.T.);
#6173=ADVANCED_FACE('',(#751),#287,.F.);
#6174=ADVANCED_FACE('',(#752),#409,.T.);
#6175=ADVANCED_FACE('',(#753),#410,.T.);
#6176=ADVANCED_FACE('',(#754),#288,.F.);
#6177=ADVANCED_FACE('',(#755),#200,.T.);
#6178=ADVANCED_FACE('',(#756),#201,.T.);
#6179=ADVANCED_FACE('',(#757),#411,.T.);
#6180=ADVANCED_FACE('',(#758),#5867,.T.);
#6181=ADVANCED_FACE('',(#759),#412,.T.);
#6182=ADVANCED_FACE('',(#760),#5868,.F.);
#6183=ADVANCED_FACE('',(#761),#413,.T.);
#6184=ADVANCED_FACE('',(#762),#5869,.F.);
#6185=ADVANCED_FACE('',(#763),#414,.T.);
#6186=ADVANCED_FACE('',(#764),#5870,.T.);
#6187=ADVANCED_FACE('',(#765),#415,.T.);
#6188=ADVANCED_FACE('',(#766),#5871,.F.);
#6189=ADVANCED_FACE('',(#767),#416,.T.);
#6190=ADVANCED_FACE('',(#768),#5872,.F.);
#6191=ADVANCED_FACE('',(#769),#417,.T.);
#6192=ADVANCED_FACE('',(#770),#5873,.T.);
#6193=ADVANCED_FACE('',(#771),#418,.T.);
#6194=ADVANCED_FACE('',(#772),#5874,.F.);
#6195=ADVANCED_FACE('',(#773),#419,.T.);
#6196=ADVANCED_FACE('',(#774),#5875,.F.);
#6197=ADVANCED_FACE('',(#775),#420,.T.);
#6198=ADVANCED_FACE('',(#776),#5876,.T.);
#6199=ADVANCED_FACE('',(#777),#421,.T.);
#6200=ADVANCED_FACE('',(#778),#5877,.F.);
#6201=ADVANCED_FACE('',(#779),#422,.T.);
#6202=ADVANCED_FACE('',(#780),#5878,.F.);
#6203=ADVANCED_FACE('',(#781),#289,.T.);
#6204=ADVANCED_FACE('',(#782),#423,.F.);
#6205=ADVANCED_FACE('',(#783),#290,.F.);
#6206=ADVANCED_FACE('',(#784),#424,.F.);
#6207=ADVANCED_FACE('',(#785),#291,.F.);
#6208=ADVANCED_FACE('',(#786),#425,.F.);
#6209=ADVANCED_FACE('',(#787),#292,.T.);
#6210=ADVANCED_FACE('',(#788),#426,.F.);
#6211=ADVANCED_FACE('',(#789),#293,.F.);
#6212=ADVANCED_FACE('',(#790),#427,.F.);
#6213=ADVANCED_FACE('',(#791),#294,.F.);
#6214=ADVANCED_FACE('',(#792),#428,.F.);
#6215=ADVANCED_FACE('',(#793,#228),#429,.T.);
#6216=ADVANCED_FACE('',(#794),#15,.T.);
#6217=ADVANCED_FACE('',(#795),#430,.T.);
#6218=ADVANCED_FACE('',(#796),#431,.T.);
#6219=ADVANCED_FACE('',(#797),#432,.F.);
#6220=ADVANCED_FACE('',(#798),#295,.F.);
#6221=ADVANCED_FACE('',(#799),#433,.F.);
#6222=ADVANCED_FACE('',(#800),#296,.T.);
#6223=ADVANCED_FACE('',(#801),#434,.F.);
#6224=ADVANCED_FACE('',(#802),#297,.F.);
#6225=ADVANCED_FACE('',(#803),#435,.F.);
#6226=ADVANCED_FACE('',(#804),#298,.F.);
#6227=ADVANCED_FACE('',(#805),#436,.F.);
#6228=ADVANCED_FACE('',(#806),#299,.T.);
#6229=ADVANCED_FACE('',(#807),#437,.F.);
#6230=ADVANCED_FACE('',(#808),#300,.F.);
#6231=ADVANCED_FACE('',(#809),#438,.T.);
#6232=ADVANCED_FACE('',(#810),#301,.F.);
#6233=ADVANCED_FACE('',(#811),#439,.T.);
#6234=ADVANCED_FACE('',(#812),#302,.F.);
#6235=ADVANCED_FACE('',(#813),#440,.T.);
#6236=ADVANCED_FACE('',(#814),#441,.T.);
#6237=ADVANCED_FACE('',(#815),#303,.F.);
#6238=ADVANCED_FACE('',(#816),#442,.T.);
#6239=ADVANCED_FACE('',(#817),#443,.T.);
#6240=ADVANCED_FACE('',(#818),#304,.F.);
#6241=ADVANCED_FACE('',(#819),#444,.T.);
#6242=ADVANCED_FACE('',(#820),#445,.F.);
#6243=ADVANCED_FACE('',(#821),#446,.T.);
#6244=ADVANCED_FACE('',(#822),#447,.F.);
#6245=ADVANCED_FACE('',(#823),#448,.F.);
#6246=ADVANCED_FACE('',(#824),#449,.F.);
#6247=ADVANCED_FACE('',(#825),#450,.F.);
#6248=ADVANCED_FACE('',(#826),#451,.F.);
#6249=ADVANCED_FACE('',(#827),#452,.F.);
#6250=ADVANCED_FACE('',(#828),#61,.F.);
#6251=ADVANCED_FACE('',(#829),#453,.T.);
#6252=ADVANCED_FACE('',(#830),#5879,.F.);
#6253=ADVANCED_FACE('',(#831),#454,.T.);
#6254=ADVANCED_FACE('',(#832),#5880,.F.);
#6255=ADVANCED_FACE('',(#833),#455,.T.);
#6256=ADVANCED_FACE('',(#834),#5881,.F.);
#6257=ADVANCED_FACE('',(#835),#5882,.F.);
#6258=ADVANCED_FACE('',(#836),#456,.T.);
#6259=ADVANCED_FACE('',(#837),#5883,.F.);
#6260=ADVANCED_FACE('',(#838),#457,.T.);
#6261=ADVANCED_FACE('',(#839),#5884,.F.);
#6262=ADVANCED_FACE('',(#840),#458,.T.);
#6263=ADVANCED_FACE('',(#841),#459,.T.);
#6264=ADVANCED_FACE('',(#842),#5885,.F.);
#6265=ADVANCED_FACE('',(#843),#460,.T.);
#6266=ADVANCED_FACE('',(#844),#5886,.F.);
#6267=ADVANCED_FACE('',(#845),#461,.T.);
#6268=ADVANCED_FACE('',(#846),#5887,.F.);
#6269=ADVANCED_FACE('',(#847),#5888,.F.);
#6270=ADVANCED_FACE('',(#848),#462,.T.);
#6271=ADVANCED_FACE('',(#849),#5889,.F.);
#6272=ADVANCED_FACE('',(#850),#463,.T.);
#6273=ADVANCED_FACE('',(#851),#5890,.F.);
#6274=ADVANCED_FACE('',(#852),#464,.T.);
#6275=ADVANCED_FACE('',(#853),#465,.T.);
#6276=ADVANCED_FACE('',(#854),#466,.T.);
#6277=ADVANCED_FACE('',(#855),#467,.T.);
#6278=ADVANCED_FACE('',(#856),#468,.T.);
#6279=CLOSED_SHELL('',(#5891,#5892,#5893,#5894,#5895,#5896,#5897,#5898,
#5899,#5900,#5901,#5902,#5903,#5904,#5905,#5906,#5907,#5908,#5909,#5910,
#5911,#5912,#5913,#5914,#5915,#5916,#5917,#5918,#5919,#5920,#5921,#5922,
#5923,#5924,#5925,#5926,#5927,#5928,#5929,#5930,#5931,#5932,#5933,#5934,
#5935,#5936,#5937,#5938,#5939,#5940,#5941,#5942,#5943,#5944,#5945,#5946,
#5947,#5948,#5949,#5950,#5951,#5952,#5953,#5954,#5955,#5956,#5957,#5958,
#5959,#5960,#5961,#5962,#5963,#5964,#5965,#5966,#5967,#5968,#5969,#5970,
#5971,#5972,#5973,#5974,#5975,#5976,#5977,#5978,#5979,#5980,#5981,#5982,
#5983,#5984,#5985,#5986,#5987,#5988,#5989,#5990,#5991,#5992,#5993,#5994,
#5995,#5996,#5997,#5998,#5999,#6000,#6001,#6002,#6003,#6004,#6005,#6006,
#6007,#6008,#6009,#6010,#6011,#6012,#6013,#6014,#6015,#6016,#6017,#6018,
#6019,#6020,#6021,#6022,#6023,#6024,#6025,#6026,#6027,#6028,#6029,#6030,
#6031,#6032,#6033,#6034,#6035,#6036,#6037,#6038,#6039,#6040,#6041,#6042,
#6043,#6044,#6045,#6046,#6047,#6048,#6049,#6050,#6051,#6052,#6053,#6054,
#6055,#6056,#6057,#6058,#6059,#6060,#6061,#6062,#6063,#6064,#6065,#6066,
#6067,#6068,#6069,#6070,#6071,#6072,#6073,#6074,#6075,#6076,#6077,#6078,
#6079,#6080,#6081,#6082,#6083,#6084,#6085,#6086,#6087,#6088,#6089,#6090,
#6091,#6092,#6093,#6094,#6095,#6096,#6097,#6098,#6099,#6100,#6101,#6102,
#6103,#6104,#6105,#6106,#6107,#6108,#6109,#6110,#6111,#6112,#6113,#6114,
#6115,#6116,#6117,#6118,#6119,#6120,#6121,#6122,#6123,#6124,#6125,#6126,
#6127,#6128,#6129,#6130,#6131,#6132,#6133,#6134,#6135,#6136,#6137,#6138,
#6139,#6140,#6141,#6142,#6143,#6144,#6145,#6146,#6147,#6148,#6149,#6150,
#6151,#6152,#6153,#6154,#6155,#6156,#6157,#6158,#6159,#6160,#6161,#6162,
#6163,#6164,#6165,#6166,#6167,#6168,#6169,#6170,#6171,#6172,#6173,#6174,
#6175,#6176,#6177,#6178,#6179,#6180,#6181,#6182,#6183,#6184,#6185,#6186,
#6187,#6188,#6189,#6190,#6191,#6192,#6193,#6194,#6195,#6196,#6197,#6198,
#6199,#6200,#6201,#6202,#6203,#6204,#6205,#6206,#6207,#6208,#6209,#6210,
#6211,#6212,#6213,#6214,#6215,#6216,#6217,#6218,#6219,#6220,#6221,#6222,
#6223,#6224,#6225,#6226,#6227,#6228,#6229,#6230,#6231,#6232,#6233,#6234,
#6235,#6236,#6237,#6238,#6239,#6240,#6241,#6242,#6243,#6244,#6245,#6246,
#6247,#6248,#6249,#6250,#6251,#6252,#6253,#6254,#6255,#6256,#6257,#6258,
#6259,#6260,#6261,#6262,#6263,#6264,#6265,#6266,#6267,#6268,#6269,#6270,
#6271,#6272,#6273,#6274,#6275,#6276,#6277,#6278));
#6280=DERIVED_UNIT_ELEMENT(#6282,1.);
#6281=DERIVED_UNIT_ELEMENT(#11887,-3.);
#6282=(
MASS_UNIT()
NAMED_UNIT(*)
SI_UNIT(.KILO.,.GRAM.)
);
#6283=DERIVED_UNIT((#6280,#6281));
#6284=MEASURE_REPRESENTATION_ITEM('density measure',
POSITIVE_RATIO_MEASURE(7850.),#6283);
#6285=PROPERTY_DEFINITION_REPRESENTATION(#6290,#6287);
#6286=PROPERTY_DEFINITION_REPRESENTATION(#6291,#6288);
#6287=REPRESENTATION('material name',(#6289),#11884);
#6288=REPRESENTATION('density',(#6284),#11884);
#6289=DESCRIPTIVE_REPRESENTATION_ITEM('Steel','Steel');
#6290=PROPERTY_DEFINITION('material property','material name',#11894);
#6291=PROPERTY_DEFINITION('material property','density of part',#11894);
#6292=AXIS2_PLACEMENT_3D('',#8694,#6927,#6928);
#6293=AXIS2_PLACEMENT_3D('',#8695,#6929,#6930);
#6294=AXIS2_PLACEMENT_3D('',#8700,#6932,#6933);
#6295=AXIS2_PLACEMENT_3D('',#8703,#6935,#6936);
#6296=AXIS2_PLACEMENT_3D('',#8704,#6937,#6938);
#6297=AXIS2_PLACEMENT_3D('',#8710,#6942,#6943);
#6298=AXIS2_PLACEMENT_3D('',#8714,#6945,#6946);
#6299=AXIS2_PLACEMENT_3D('',#8715,#6947,#6948);
#6300=AXIS2_PLACEMENT_3D('',#8716,#6949,#6950);
#6301=AXIS2_PLACEMENT_3D('',#8719,#6953,#6954);
#6302=AXIS2_PLACEMENT_3D('',#8725,#6958,#6959);
#6303=AXIS2_PLACEMENT_3D('',#8728,#6961,#6962);
#6304=AXIS2_PLACEMENT_3D('',#8729,#6963,#6964);
#6305=AXIS2_PLACEMENT_3D('',#8732,#6965,#6966);
#6306=AXIS2_PLACEMENT_3D('',#8736,#6968,#6969);
#6307=AXIS2_PLACEMENT_3D('',#8742,#6972,#6973);
#6308=AXIS2_PLACEMENT_3D('',#8746,#6975,#6976);
#6309=AXIS2_PLACEMENT_3D('',#8752,#6979,#6980);
#6310=AXIS2_PLACEMENT_3D('',#8756,#6982,#6983);
#6311=AXIS2_PLACEMENT_3D('',#8762,#6986,#6987);
#6312=AXIS2_PLACEMENT_3D('',#8766,#6989,#6990);
#6313=AXIS2_PLACEMENT_3D('',#8772,#6993,#6994);
#6314=AXIS2_PLACEMENT_3D('',#8776,#6996,#6997);
#6315=AXIS2_PLACEMENT_3D('',#8782,#7000,#7001);
#6316=AXIS2_PLACEMENT_3D('',#8785,#7003,#7004);
#6317=AXIS2_PLACEMENT_3D('',#8790,#7006,#7007);
#6318=AXIS2_PLACEMENT_3D('',#8793,#7009,#7010);
#6319=AXIS2_PLACEMENT_3D('',#8798,#7012,#7013);
#6320=AXIS2_PLACEMENT_3D('',#8801,#7015,#7016);
#6321=AXIS2_PLACEMENT_3D('',#8804,#7017,#7018);
#6322=AXIS2_PLACEMENT_3D('',#8808,#7020,#7021);
#6323=AXIS2_PLACEMENT_3D('',#8814,#7024,#7025);
#6324=AXIS2_PLACEMENT_3D('',#8817,#7027,#7028);
#6325=AXIS2_PLACEMENT_3D('',#8819,#7029,#7030);
#6326=AXIS2_PLACEMENT_3D('',#8822,#7031,#7032);
#6327=AXIS2_PLACEMENT_3D('',#8826,#7034,#7035);
#6328=AXIS2_PLACEMENT_3D('',#8830,#7037,#7038);
#6329=AXIS2_PLACEMENT_3D('',#8834,#7040,#7041);
#6330=AXIS2_PLACEMENT_3D('',#8838,#7043,#7044);
#6331=AXIS2_PLACEMENT_3D('',#8842,#7046,#7047);
#6332=AXIS2_PLACEMENT_3D('',#8848,#7050,#7051);
#6333=AXIS2_PLACEMENT_3D('',#8852,#7053,#7054);
#6334=AXIS2_PLACEMENT_3D('',#8855,#7056,#7057);
#6335=AXIS2_PLACEMENT_3D('',#8860,#7059,#7060);
#6336=AXIS2_PLACEMENT_3D('',#8864,#7062,#7063);
#6337=AXIS2_PLACEMENT_3D('',#8867,#7065,#7066);
#6338=AXIS2_PLACEMENT_3D('',#8870,#7067,#7068);
#6339=AXIS2_PLACEMENT_3D('',#8874,#7070,#7071);
#6340=AXIS2_PLACEMENT_3D('',#8880,#7074,#7075);
#6341=AXIS2_PLACEMENT_3D('',#8883,#7077,#7078);
#6342=AXIS2_PLACEMENT_3D('',#8888,#7080,#7081);
#6343=AXIS2_PLACEMENT_3D('',#8891,#7083,#7084);
#6344=AXIS2_PLACEMENT_3D('',#8896,#7086,#7087);
#6345=AXIS2_PLACEMENT_3D('',#8899,#7089,#7090);
#6346=AXIS2_PLACEMENT_3D('',#8904,#7092,#7093);
#6347=AXIS2_PLACEMENT_3D('',#8907,#7095,#7096);
#6348=AXIS2_PLACEMENT_3D('',#8908,#7097,#7098);
#6349=AXIS2_PLACEMENT_3D('',#8913,#7101,#7102);
#6350=AXIS2_PLACEMENT_3D('',#8914,#7103,#7104);
#6351=AXIS2_PLACEMENT_3D('',#8918,#7107,#7108);
#6352=AXIS2_PLACEMENT_3D('',#8921,#7110,#7111);
#6353=AXIS2_PLACEMENT_3D('',#8922,#7112,#7113);
#6354=AXIS2_PLACEMENT_3D('',#8924,#7115,#7116);
#6355=AXIS2_PLACEMENT_3D('',#8930,#7120,#7121);
#6356=AXIS2_PLACEMENT_3D('',#8933,#7123,#7124);
#6357=AXIS2_PLACEMENT_3D('',#8934,#7125,#7126);
#6358=AXIS2_PLACEMENT_3D('',#8940,#7130,#7131);
#6359=AXIS2_PLACEMENT_3D('',#8943,#7133,#7134);
#6360=AXIS2_PLACEMENT_3D('',#8944,#7135,#7136);
#6361=AXIS2_PLACEMENT_3D('',#8948,#7139,#7140);
#6362=AXIS2_PLACEMENT_3D('',#8949,#7141,#7142);
#6363=AXIS2_PLACEMENT_3D('',#8950,#7143,#7144);
#6364=AXIS2_PLACEMENT_3D('',#8954,#7146,#7147);
#6365=AXIS2_PLACEMENT_3D('',#8956,#7149,#7150);
#6366=AXIS2_PLACEMENT_3D('',#8960,#7153,#7154);
#6367=AXIS2_PLACEMENT_3D('',#8966,#7158,#7159);
#6368=AXIS2_PLACEMENT_3D('',#8969,#7161,#7162);
#6369=AXIS2_PLACEMENT_3D('',#8970,#7163,#7164);
#6370=AXIS2_PLACEMENT_3D('',#8974,#7167,#7168);
#6371=AXIS2_PLACEMENT_3D('',#8975,#7169,#7170);
#6372=AXIS2_PLACEMENT_3D('',#8976,#7171,#7172);
#6373=AXIS2_PLACEMENT_3D('',#8980,#7174,#7175);
#6374=AXIS2_PLACEMENT_3D('',#8982,#7177,#7178);
#6375=AXIS2_PLACEMENT_3D('',#8986,#7181,#7182);
#6376=AXIS2_PLACEMENT_3D('',#8992,#7186,#7187);
#6377=AXIS2_PLACEMENT_3D('',#8995,#7189,#7190);
#6378=AXIS2_PLACEMENT_3D('',#8996,#7191,#7192);
#6379=AXIS2_PLACEMENT_3D('',#9000,#7195,#7196);
#6380=AXIS2_PLACEMENT_3D('',#9001,#7197,#7198);
#6381=AXIS2_PLACEMENT_3D('',#9002,#7199,#7200);
#6382=AXIS2_PLACEMENT_3D('',#9006,#7202,#7203);
#6383=AXIS2_PLACEMENT_3D('',#9008,#7205,#7206);
#6384=AXIS2_PLACEMENT_3D('',#9012,#7209,#7210);
#6385=AXIS2_PLACEMENT_3D('',#9018,#7214,#7215);
#6386=AXIS2_PLACEMENT_3D('',#9021,#7217,#7218);
#6387=AXIS2_PLACEMENT_3D('',#9022,#7219,#7220);
#6388=AXIS2_PLACEMENT_3D('',#9026,#7223,#7224);
#6389=AXIS2_PLACEMENT_3D('',#9027,#7225,#7226);
#6390=AXIS2_PLACEMENT_3D('',#9028,#7227,#7228);
#6391=AXIS2_PLACEMENT_3D('',#9032,#7230,#7231);
#6392=AXIS2_PLACEMENT_3D('',#9034,#7233,#7234);
#6393=AXIS2_PLACEMENT_3D('',#9038,#7237,#7238);
#6394=AXIS2_PLACEMENT_3D('',#9044,#7242,#7243);
#6395=AXIS2_PLACEMENT_3D('',#9047,#7245,#7246);
#6396=AXIS2_PLACEMENT_3D('',#9048,#7247,#7248);
#6397=AXIS2_PLACEMENT_3D('',#9052,#7251,#7252);
#6398=AXIS2_PLACEMENT_3D('',#9053,#7253,#7254);
#6399=AXIS2_PLACEMENT_3D('',#9054,#7255,#7256);
#6400=AXIS2_PLACEMENT_3D('',#9058,#7258,#7259);
#6401=AXIS2_PLACEMENT_3D('',#9060,#7261,#7262);
#6402=AXIS2_PLACEMENT_3D('',#9064,#7265,#7266);
#6403=AXIS2_PLACEMENT_3D('',#9070,#7270,#7271);
#6404=AXIS2_PLACEMENT_3D('',#9073,#7273,#7274);
#6405=AXIS2_PLACEMENT_3D('',#9074,#7275,#7276);
#6406=AXIS2_PLACEMENT_3D('',#9078,#7279,#7280);
#6407=AXIS2_PLACEMENT_3D('',#9079,#7281,#7282);
#6408=AXIS2_PLACEMENT_3D('',#9080,#7283,#7284);
#6409=AXIS2_PLACEMENT_3D('',#9084,#7286,#7287);
#6410=AXIS2_PLACEMENT_3D('',#9086,#7289,#7290);
#6411=AXIS2_PLACEMENT_3D('',#9090,#7293,#7294);
#6412=AXIS2_PLACEMENT_3D('',#9096,#7298,#7299);
#6413=AXIS2_PLACEMENT_3D('',#9099,#7301,#7302);
#6414=AXIS2_PLACEMENT_3D('',#9100,#7303,#7304);
#6415=AXIS2_PLACEMENT_3D('',#9104,#7307,#7308);
#6416=AXIS2_PLACEMENT_3D('',#9105,#7309,#7310);
#6417=AXIS2_PLACEMENT_3D('',#9106,#7311,#7312);
#6418=AXIS2_PLACEMENT_3D('',#9110,#7314,#7315);
#6419=AXIS2_PLACEMENT_3D('',#9112,#7317,#7318);
#6420=AXIS2_PLACEMENT_3D('',#9116,#7321,#7322);
#6421=AXIS2_PLACEMENT_3D('',#9121,#7325,#7326);
#6422=AXIS2_PLACEMENT_3D('',#9122,#7327,#7328);
#6423=AXIS2_PLACEMENT_3D('',#9126,#7331,#7332);
#6424=AXIS2_PLACEMENT_3D('',#9129,#7334,#7335);
#6425=AXIS2_PLACEMENT_3D('',#9130,#7336,#7337);
#6426=AXIS2_PLACEMENT_3D('',#9132,#7339,#7340);
#6427=AXIS2_PLACEMENT_3D('',#9138,#7344,#7345);
#6428=AXIS2_PLACEMENT_3D('',#9141,#7347,#7348);
#6429=AXIS2_PLACEMENT_3D('',#9142,#7349,#7350);
#6430=AXIS2_PLACEMENT_3D('',#9147,#7353,#7354);
#6431=AXIS2_PLACEMENT_3D('',#9148,#7355,#7356);
#6432=AXIS2_PLACEMENT_3D('',#9152,#7359,#7360);
#6433=AXIS2_PLACEMENT_3D('',#9155,#7362,#7363);
#6434=AXIS2_PLACEMENT_3D('',#9156,#7364,#7365);
#6435=AXIS2_PLACEMENT_3D('',#9158,#7367,#7368);
#6436=AXIS2_PLACEMENT_3D('',#9164,#7372,#7373);
#6437=AXIS2_PLACEMENT_3D('',#9167,#7375,#7376);
#6438=AXIS2_PLACEMENT_3D('',#9168,#7377,#7378);
#6439=AXIS2_PLACEMENT_3D('',#9174,#7382,#7383);
#6440=AXIS2_PLACEMENT_3D('',#9177,#7385,#7386);
#6441=AXIS2_PLACEMENT_3D('',#9178,#7387,#7388);
#6442=AXIS2_PLACEMENT_3D('',#9182,#7391,#7392);
#6443=AXIS2_PLACEMENT_3D('',#9183,#7393,#7394);
#6444=AXIS2_PLACEMENT_3D('',#9184,#7395,#7396);
#6445=AXIS2_PLACEMENT_3D('',#9188,#7398,#7399);
#6446=AXIS2_PLACEMENT_3D('',#9190,#7401,#7402);
#6447=AXIS2_PLACEMENT_3D('',#9194,#7405,#7406);
#6448=AXIS2_PLACEMENT_3D('',#9199,#7409,#7410);
#6449=AXIS2_PLACEMENT_3D('',#9200,#7411,#7412);
#6450=AXIS2_PLACEMENT_3D('',#9204,#7415,#7416);
#6451=AXIS2_PLACEMENT_3D('',#9208,#7418,#7419);
#6452=AXIS2_PLACEMENT_3D('',#9209,#7420,#7421);
#6453=AXIS2_PLACEMENT_3D('',#9210,#7422,#7423);
#6454=AXIS2_PLACEMENT_3D('',#9213,#7426,#7427);
#6455=AXIS2_PLACEMENT_3D('',#9215,#7429,#7430);
#6456=AXIS2_PLACEMENT_3D('',#9216,#7431,#7432);
#6457=AXIS2_PLACEMENT_3D('',#9222,#7436,#7437);
#6458=AXIS2_PLACEMENT_3D('',#9226,#7439,#7440);
#6459=AXIS2_PLACEMENT_3D('',#9227,#7441,#7442);
#6460=AXIS2_PLACEMENT_3D('',#9228,#7443,#7444);
#6461=AXIS2_PLACEMENT_3D('',#9233,#7448,#7449);
#6462=AXIS2_PLACEMENT_3D('',#9234,#7450,#7451);
#6463=AXIS2_PLACEMENT_3D('',#9235,#7452,#7453);
#6464=AXIS2_PLACEMENT_3D('',#9236,#7454,#7455);
#6465=AXIS2_PLACEMENT_3D('',#9240,#7457,#7458);
#6466=AXIS2_PLACEMENT_3D('',#9243,#7460,#7461);
#6467=AXIS2_PLACEMENT_3D('',#9244,#7462,#7463);
#6468=AXIS2_PLACEMENT_3D('',#9248,#7466,#7467);
#6469=AXIS2_PLACEMENT_3D('',#9251,#7469,#7470);
#6470=AXIS2_PLACEMENT_3D('',#9252,#7471,#7472);
#6471=AXIS2_PLACEMENT_3D('',#9255,#7475,#7476);
#6472=AXIS2_PLACEMENT_3D('',#9257,#7478,#7479);
#6473=AXIS2_PLACEMENT_3D('',#9258,#7480,#7481);
#6474=AXIS2_PLACEMENT_3D('',#9259,#7482,#7483);
#6475=AXIS2_PLACEMENT_3D('',#9263,#7485,#7486);
#6476=AXIS2_PLACEMENT_3D('',#9266,#7488,#7489);
#6477=AXIS2_PLACEMENT_3D('',#9267,#7490,#7491);
#6478=AXIS2_PLACEMENT_3D('',#9271,#7494,#7495);
#6479=AXIS2_PLACEMENT_3D('',#9274,#7497,#7498);
#6480=AXIS2_PLACEMENT_3D('',#9275,#7499,#7500);
#6481=AXIS2_PLACEMENT_3D('',#9278,#7503,#7504);
#6482=AXIS2_PLACEMENT_3D('',#9280,#7506,#7507);
#6483=AXIS2_PLACEMENT_3D('',#9281,#7508,#7509);
#6484=AXIS2_PLACEMENT_3D('',#9282,#7510,#7511);
#6485=AXIS2_PLACEMENT_3D('',#9288,#7515,#7516);
#6486=AXIS2_PLACEMENT_3D('',#9291,#7518,#7519);
#6487=AXIS2_PLACEMENT_3D('',#9292,#7520,#7521);
#6488=AXIS2_PLACEMENT_3D('',#9298,#7525,#7526);
#6489=AXIS2_PLACEMENT_3D('',#9299,#7527,#7528);
#6490=AXIS2_PLACEMENT_3D('',#9300,#7529,#7530);
#6491=AXIS2_PLACEMENT_3D('',#9301,#7531,#7532);
#6492=AXIS2_PLACEMENT_3D('',#9303,#7534,#7535);
#6493=AXIS2_PLACEMENT_3D('',#9304,#7536,#7537);
#6494=AXIS2_PLACEMENT_3D('',#9309,#7540,#7541);
#6495=AXIS2_PLACEMENT_3D('',#9310,#7542,#7543);
#6496=AXIS2_PLACEMENT_3D('',#9316,#7547,#7548);
#6497=AXIS2_PLACEMENT_3D('',#9319,#7550,#7551);
#6498=AXIS2_PLACEMENT_3D('',#9320,#7552,#7553);
#6499=AXIS2_PLACEMENT_3D('',#9321,#7554,#7555);
#6500=AXIS2_PLACEMENT_3D('',#9323,#7557,#7558);
#6501=AXIS2_PLACEMENT_3D('',#9324,#7559,#7560);
#6502=AXIS2_PLACEMENT_3D('',#9329,#7563,#7564);
#6503=AXIS2_PLACEMENT_3D('',#9330,#7565,#7566);
#6504=AXIS2_PLACEMENT_3D('',#9334,#7569,#7570);
#6505=AXIS2_PLACEMENT_3D('',#9338,#7572,#7573);
#6506=AXIS2_PLACEMENT_3D('',#9339,#7574,#7575);
#6507=AXIS2_PLACEMENT_3D('',#9340,#7576,#7577);
#6508=AXIS2_PLACEMENT_3D('',#9343,#7580,#7581);
#6509=AXIS2_PLACEMENT_3D('',#9345,#7583,#7584);
#6510=AXIS2_PLACEMENT_3D('',#9346,#7585,#7586);
#6511=AXIS2_PLACEMENT_3D('',#9350,#7588,#7589);
#6512=AXIS2_PLACEMENT_3D('',#9353,#7591,#7592);
#6513=AXIS2_PLACEMENT_3D('',#9354,#7593,#7594);
#6514=AXIS2_PLACEMENT_3D('',#9359,#7598,#7599);
#6515=AXIS2_PLACEMENT_3D('',#9362,#7601,#7602);
#6516=AXIS2_PLACEMENT_3D('',#9363,#7603,#7604);
#6517=AXIS2_PLACEMENT_3D('',#9365,#7606,#7607);
#6518=AXIS2_PLACEMENT_3D('',#9367,#7609,#7610);
#6519=AXIS2_PLACEMENT_3D('',#9368,#7611,#7612);
#6520=AXIS2_PLACEMENT_3D('',#9373,#7615,#7616);
#6521=AXIS2_PLACEMENT_3D('',#9374,#7617,#7618);
#6522=AXIS2_PLACEMENT_3D('',#9380,#7622,#7623);
#6523=AXIS2_PLACEMENT_3D('',#9383,#7625,#7626);
#6524=AXIS2_PLACEMENT_3D('',#9384,#7627,#7628);
#6525=AXIS2_PLACEMENT_3D('',#9385,#7629,#7630);
#6526=AXIS2_PLACEMENT_3D('',#9387,#7632,#7633);
#6527=AXIS2_PLACEMENT_3D('',#9388,#7634,#7635);
#6528=AXIS2_PLACEMENT_3D('',#9392,#7637,#7638);
#6529=AXIS2_PLACEMENT_3D('',#9395,#7640,#7641);
#6530=AXIS2_PLACEMENT_3D('',#9396,#7642,#7643);
#6531=AXIS2_PLACEMENT_3D('',#9400,#7646,#7647);
#6532=AXIS2_PLACEMENT_3D('',#9403,#7649,#7650);
#6533=AXIS2_PLACEMENT_3D('',#9404,#7651,#7652);
#6534=AXIS2_PLACEMENT_3D('',#9407,#7655,#7656);
#6535=AXIS2_PLACEMENT_3D('',#9409,#7658,#7659);
#6536=AXIS2_PLACEMENT_3D('',#9410,#7660,#7661);
#6537=AXIS2_PLACEMENT_3D('',#9411,#7662,#7663);
#6538=AXIS2_PLACEMENT_3D('',#9417,#7667,#7668);
#6539=AXIS2_PLACEMENT_3D('',#9420,#7670,#7671);
#6540=AXIS2_PLACEMENT_3D('',#9421,#7672,#7673);
#6541=AXIS2_PLACEMENT_3D('',#9427,#7677,#7678);
#6542=AXIS2_PLACEMENT_3D('',#9428,#7679,#7680);
#6543=AXIS2_PLACEMENT_3D('',#9429,#7681,#7682);
#6544=AXIS2_PLACEMENT_3D('',#9430,#7683,#7684);
#6545=AXIS2_PLACEMENT_3D('',#9432,#7686,#7687);
#6546=AXIS2_PLACEMENT_3D('',#9433,#7688,#7689);
#6547=AXIS2_PLACEMENT_3D('',#9438,#7692,#7693);
#6548=AXIS2_PLACEMENT_3D('',#9439,#7694,#7695);
#6549=AXIS2_PLACEMENT_3D('',#9445,#7699,#7700);
#6550=AXIS2_PLACEMENT_3D('',#9448,#7702,#7703);
#6551=AXIS2_PLACEMENT_3D('',#9449,#7704,#7705);
#6552=AXIS2_PLACEMENT_3D('',#9450,#7706,#7707);
#6553=AXIS2_PLACEMENT_3D('',#9452,#7709,#7710);
#6554=AXIS2_PLACEMENT_3D('',#9453,#7711,#7712);
#6555=AXIS2_PLACEMENT_3D('',#9455,#7714,#7715);
#6556=AXIS2_PLACEMENT_3D('',#9456,#7716,#7717);
#6557=AXIS2_PLACEMENT_3D('',#9458,#7719,#7720);
#6558=AXIS2_PLACEMENT_3D('',#9459,#7721,#7722);
#6559=AXIS2_PLACEMENT_3D('',#9460,#7723,#7724);
#6560=AXIS2_PLACEMENT_3D('',#9461,#7725,#7726);
#6561=AXIS2_PLACEMENT_3D('',#9462,#7727,#7728);
#6562=AXIS2_PLACEMENT_3D('',#9463,#7729,#7730);
#6563=AXIS2_PLACEMENT_3D('',#9465,#7732,#7733);
#6564=AXIS2_PLACEMENT_3D('',#9466,#7734,#7735);
#6565=AXIS2_PLACEMENT_3D('',#9467,#7736,#7737);
#6566=AXIS2_PLACEMENT_3D('',#9469,#7739,#7740);
#6567=AXIS2_PLACEMENT_3D('',#9517,#7741,#7742);
#6568=AXIS2_PLACEMENT_3D('',#9560,#7743,#7744);
#6569=AXIS2_PLACEMENT_3D('',#9597,#7745,#7746);
#6570=AXIS2_PLACEMENT_3D('',#9602,#7747,#7748);
#6571=AXIS2_PLACEMENT_3D('',#9604,#7749,#7750);
#6572=AXIS2_PLACEMENT_3D('',#9608,#7752,#7753);
#6573=AXIS2_PLACEMENT_3D('',#9678,#7755,#7756);
#6574=AXIS2_PLACEMENT_3D('',#9683,#7757,#7758);
#6575=AXIS2_PLACEMENT_3D('',#9686,#7759,#7760);
#6576=AXIS2_PLACEMENT_3D('',#9689,#7763,#7764);
#6577=AXIS2_PLACEMENT_3D('',#9690,#7765,#7766);
#6578=AXIS2_PLACEMENT_3D('',#9691,#7767,#7768);
#6579=AXIS2_PLACEMENT_3D('',#9693,#7769,#7770);
#6580=AXIS2_PLACEMENT_3D('',#9694,#7771,#7772);
#6581=AXIS2_PLACEMENT_3D('',#9728,#7773,#7774);
#6582=AXIS2_PLACEMENT_3D('',#9738,#7778,#7779);
#6583=AXIS2_PLACEMENT_3D('',#9761,#7781,#7782);
#6584=AXIS2_PLACEMENT_3D('',#9762,#7783,#7784);
#6585=AXIS2_PLACEMENT_3D('',#9769,#7785,#7786);
#6586=AXIS2_PLACEMENT_3D('',#9776,#7787,#7788);
#6587=AXIS2_PLACEMENT_3D('',#9794,#7789,#7790);
#6588=AXIS2_PLACEMENT_3D('',#9799,#7791,#7792);
#6589=AXIS2_PLACEMENT_3D('',#9824,#7793,#7794);
#6590=AXIS2_PLACEMENT_3D('',#9825,#7795,#7796);
#6591=AXIS2_PLACEMENT_3D('',#9826,#7797,#7798);
#6592=AXIS2_PLACEMENT_3D('',#9867,#7799,#7800);
#6593=AXIS2_PLACEMENT_3D('',#9910,#7801,#7802);
#6594=AXIS2_PLACEMENT_3D('',#9947,#7803,#7804);
#6595=AXIS2_PLACEMENT_3D('',#9952,#7805,#7806);
#6596=AXIS2_PLACEMENT_3D('',#9954,#7807,#7808);
#6597=AXIS2_PLACEMENT_3D('',#9958,#7810,#7811);
#6598=AXIS2_PLACEMENT_3D('',#10028,#7813,#7814);
#6599=AXIS2_PLACEMENT_3D('',#10033,#7815,#7816);
#6600=AXIS2_PLACEMENT_3D('',#10036,#7817,#7818);
#6601=AXIS2_PLACEMENT_3D('',#10039,#7821,#7822);
#6602=AXIS2_PLACEMENT_3D('',#10040,#7823,#7824);
#6603=AXIS2_PLACEMENT_3D('',#10041,#7825,#7826);
#6604=AXIS2_PLACEMENT_3D('',#10042,#7827,#7828);
#6605=AXIS2_PLACEMENT_3D('',#10043,#7829,#7830);
#6606=AXIS2_PLACEMENT_3D('',#10073,#7831,#7832);
#6607=AXIS2_PLACEMENT_3D('',#10083,#7836,#7837);
#6608=AXIS2_PLACEMENT_3D('',#10106,#7839,#7840);
#6609=AXIS2_PLACEMENT_3D('',#10107,#7841,#7842);
#6610=AXIS2_PLACEMENT_3D('',#10114,#7843,#7844);
#6611=AXIS2_PLACEMENT_3D('',#10121,#7845,#7846);
#6612=AXIS2_PLACEMENT_3D('',#10139,#7847,#7848);
#6613=AXIS2_PLACEMENT_3D('',#10144,#7849,#7850);
#6614=AXIS2_PLACEMENT_3D('',#10169,#7851,#7852);
#6615=AXIS2_PLACEMENT_3D('',#10170,#7853,#7854);
#6616=AXIS2_PLACEMENT_3D('',#10171,#7855,#7856);
#6617=AXIS2_PLACEMENT_3D('',#10214,#7857,#7858);
#6618=AXIS2_PLACEMENT_3D('',#10251,#7859,#7860);
#6619=AXIS2_PLACEMENT_3D('',#10303,#7861,#7862);
#6620=AXIS2_PLACEMENT_3D('',#10304,#7863,#7864);
#6621=AXIS2_PLACEMENT_3D('',#10306,#7865,#7866);
#6622=AXIS2_PLACEMENT_3D('',#10310,#7868,#7869);
#6623=AXIS2_PLACEMENT_3D('',#10380,#7871,#7872);
#6624=AXIS2_PLACEMENT_3D('',#10385,#7873,#7874);
#6625=AXIS2_PLACEMENT_3D('',#10388,#7875,#7876);
#6626=AXIS2_PLACEMENT_3D('',#10391,#7879,#7880);
#6627=AXIS2_PLACEMENT_3D('',#10393,#7881,#7882);
#6628=AXIS2_PLACEMENT_3D('',#10394,#7883,#7884);
#6629=AXIS2_PLACEMENT_3D('',#10428,#7885,#7886);
#6630=AXIS2_PLACEMENT_3D('',#10429,#7887,#7888);
#6631=AXIS2_PLACEMENT_3D('',#10430,#7889,#7890);
#6632=AXIS2_PLACEMENT_3D('',#10440,#7894,#7895);
#6633=AXIS2_PLACEMENT_3D('',#10463,#7897,#7898);
#6634=AXIS2_PLACEMENT_3D('',#10464,#7899,#7900);
#6635=AXIS2_PLACEMENT_3D('',#10466,#7901,#7902);
#6636=AXIS2_PLACEMENT_3D('',#10471,#7903,#7904);
#6637=AXIS2_PLACEMENT_3D('',#10478,#7905,#7906);
#6638=AXIS2_PLACEMENT_3D('',#10485,#7907,#7908);
#6639=AXIS2_PLACEMENT_3D('',#10514,#7909,#7910);
#6640=AXIS2_PLACEMENT_3D('',#10515,#7911,#7912);
#6641=AXIS2_PLACEMENT_3D('',#10516,#7913,#7914);
#6642=AXIS2_PLACEMENT_3D('',#10559,#7915,#7916);
#6643=AXIS2_PLACEMENT_3D('',#10596,#7917,#7918);
#6644=AXIS2_PLACEMENT_3D('',#10641,#7919,#7920);
#6645=AXIS2_PLACEMENT_3D('',#10642,#7921,#7922);
#6646=AXIS2_PLACEMENT_3D('',#10644,#7923,#7924);
#6647=AXIS2_PLACEMENT_3D('',#10648,#7926,#7927);
#6648=AXIS2_PLACEMENT_3D('',#10718,#7929,#7930);
#6649=AXIS2_PLACEMENT_3D('',#10723,#7931,#7932);
#6650=AXIS2_PLACEMENT_3D('',#10726,#7933,#7934);
#6651=AXIS2_PLACEMENT_3D('',#10729,#7937,#7938);
#6652=AXIS2_PLACEMENT_3D('',#10730,#7939,#7940);
#6653=AXIS2_PLACEMENT_3D('',#10731,#7941,#7942);
#6654=AXIS2_PLACEMENT_3D('',#10761,#7943,#7944);
#6655=AXIS2_PLACEMENT_3D('',#10762,#7945,#7946);
#6656=AXIS2_PLACEMENT_3D('',#10763,#7947,#7948);
#6657=AXIS2_PLACEMENT_3D('',#10773,#7952,#7953);
#6658=AXIS2_PLACEMENT_3D('',#10796,#7955,#7956);
#6659=AXIS2_PLACEMENT_3D('',#10797,#7957,#7958);
#6660=AXIS2_PLACEMENT_3D('',#10799,#7959,#7960);
#6661=AXIS2_PLACEMENT_3D('',#10804,#7961,#7962);
#6662=AXIS2_PLACEMENT_3D('',#10811,#7963,#7964);
#6663=AXIS2_PLACEMENT_3D('',#10818,#7965,#7966);
#6664=AXIS2_PLACEMENT_3D('',#10847,#7967,#7968);
#6665=AXIS2_PLACEMENT_3D('',#10848,#7969,#7970);
#6666=AXIS2_PLACEMENT_3D('',#10849,#7971,#7972);
#6667=AXIS2_PLACEMENT_3D('',#10870,#7973,#7974);
#6668=AXIS2_PLACEMENT_3D('',#10895,#7975,#7976);
#6669=AXIS2_PLACEMENT_3D('',#10900,#7977,#7978);
#6670=AXIS2_PLACEMENT_3D('',#10901,#7979,#7980);
#6671=AXIS2_PLACEMENT_3D('',#10902,#7981,#7982);
#6672=AXIS2_PLACEMENT_3D('',#10903,#7983,#7984);
#6673=AXIS2_PLACEMENT_3D('',#10924,#7985,#7986);
#6674=AXIS2_PLACEMENT_3D('',#10949,#7987,#7988);
#6675=AXIS2_PLACEMENT_3D('',#10954,#7989,#7990);
#6676=AXIS2_PLACEMENT_3D('',#10955,#7991,#7992);
#6677=AXIS2_PLACEMENT_3D('',#10956,#7993,#7994);
#6678=AXIS2_PLACEMENT_3D('',#10957,#7995,#7996);
#6679=AXIS2_PLACEMENT_3D('',#10978,#7997,#7998);
#6680=AXIS2_PLACEMENT_3D('',#11003,#7999,#8000);
#6681=AXIS2_PLACEMENT_3D('',#11008,#8001,#8002);
#6682=AXIS2_PLACEMENT_3D('',#11009,#8003,#8004);
#6683=AXIS2_PLACEMENT_3D('',#11010,#8005,#8006);
#6684=AXIS2_PLACEMENT_3D('',#11011,#8007,#8008);
#6685=AXIS2_PLACEMENT_3D('',#11023,#8010,#8011);
#6686=AXIS2_PLACEMENT_3D('',#11038,#8013,#8014);
#6687=AXIS2_PLACEMENT_3D('',#11043,#8016,#8017);
#6688=AXIS2_PLACEMENT_3D('',#11044,#8018,#8019);
#6689=AXIS2_PLACEMENT_3D('',#11045,#8020,#8021);
#6690=AXIS2_PLACEMENT_3D('',#11066,#8022,#8023);
#6691=AXIS2_PLACEMENT_3D('',#11091,#8024,#8025);
#6692=AXIS2_PLACEMENT_3D('',#11096,#8026,#8027);
#6693=AXIS2_PLACEMENT_3D('',#11097,#8028,#8029);
#6694=AXIS2_PLACEMENT_3D('',#11098,#8030,#8031);
#6695=AXIS2_PLACEMENT_3D('',#11099,#8032,#8033);
#6696=AXIS2_PLACEMENT_3D('',#11111,#8035,#8036);
#6697=AXIS2_PLACEMENT_3D('',#11126,#8038,#8039);
#6698=AXIS2_PLACEMENT_3D('',#11131,#8041,#8042);
#6699=AXIS2_PLACEMENT_3D('',#11132,#8043,#8044);
#6700=AXIS2_PLACEMENT_3D('',#11133,#8045,#8046);
#6701=AXIS2_PLACEMENT_3D('',#11134,#8047,#8048);
#6702=AXIS2_PLACEMENT_3D('',#11162,#8049,#8050);
#6703=AXIS2_PLACEMENT_3D('',#11190,#8051,#8052);
#6704=AXIS2_PLACEMENT_3D('',#11194,#8053,#8054);
#6705=AXIS2_PLACEMENT_3D('',#11198,#8055,#8056);
#6706=AXIS2_PLACEMENT_3D('',#11202,#8057,#8058);
#6707=AXIS2_PLACEMENT_3D('',#11206,#8059,#8060);
#6708=AXIS2_PLACEMENT_3D('',#11210,#8061,#8062);
#6709=AXIS2_PLACEMENT_3D('',#11214,#8063,#8064);
#6710=AXIS2_PLACEMENT_3D('',#11218,#8067,#8068);
#6711=AXIS2_PLACEMENT_3D('',#11221,#8070,#8071);
#6712=AXIS2_PLACEMENT_3D('',#11222,#8072,#8073);
#6713=AXIS2_PLACEMENT_3D('',#11224,#8075,#8076);
#6714=AXIS2_PLACEMENT_3D('',#11225,#8077,#8078);
#6715=AXIS2_PLACEMENT_3D('',#11226,#8079,#8080);
#6716=AXIS2_PLACEMENT_3D('',#11230,#8083,#8084);
#6717=AXIS2_PLACEMENT_3D('',#11233,#8086,#8087);
#6718=AXIS2_PLACEMENT_3D('',#11234,#8088,#8089);
#6719=AXIS2_PLACEMENT_3D('',#11236,#8091,#8092);
#6720=AXIS2_PLACEMENT_3D('',#11237,#8093,#8094);
#6721=AXIS2_PLACEMENT_3D('',#11238,#8095,#8096);
#6722=AXIS2_PLACEMENT_3D('',#11240,#8098,#8099);
#6723=AXIS2_PLACEMENT_3D('',#11274,#8101,#8102);
#6724=AXIS2_PLACEMENT_3D('',#11276,#8103,#8104);
#6725=AXIS2_PLACEMENT_3D('',#11279,#8106,#8107);
#6726=AXIS2_PLACEMENT_3D('',#11280,#8108,#8109);
#6727=AXIS2_PLACEMENT_3D('',#11285,#8111,#8112);
#6728=AXIS2_PLACEMENT_3D('',#11289,#8114,#8115);
#6729=AXIS2_PLACEMENT_3D('',#11293,#8117,#8118);
#6730=AXIS2_PLACEMENT_3D('',#11297,#8120,#8121);
#6731=AXIS2_PLACEMENT_3D('',#11301,#8123,#8124);
#6732=AXIS2_PLACEMENT_3D('',#11305,#8126,#8127);
#6733=AXIS2_PLACEMENT_3D('',#11309,#8129,#8130);
#6734=AXIS2_PLACEMENT_3D('',#11313,#8132,#8133);
#6735=AXIS2_PLACEMENT_3D('',#11317,#8135,#8136);
#6736=AXIS2_PLACEMENT_3D('',#11321,#8138,#8139);
#6737=AXIS2_PLACEMENT_3D('',#11325,#8141,#8142);
#6738=AXIS2_PLACEMENT_3D('',#11328,#8144,#8145);
#6739=AXIS2_PLACEMENT_3D('',#11330,#8146,#8147);
#6740=AXIS2_PLACEMENT_3D('',#11332,#8148,#8149);
#6741=AXIS2_PLACEMENT_3D('',#11337,#8151,#8152);
#6742=AXIS2_PLACEMENT_3D('',#11344,#8156,#8157);
#6743=AXIS2_PLACEMENT_3D('',#11347,#8158,#8159);
#6744=AXIS2_PLACEMENT_3D('',#11351,#8161,#8162);
#6745=AXIS2_PLACEMENT_3D('',#11361,#8167,#8168);
#6746=AXIS2_PLACEMENT_3D('',#11368,#8172,#8173);
#6747=AXIS2_PLACEMENT_3D('',#11373,#8175,#8176);
#6748=AXIS2_PLACEMENT_3D('',#11380,#8180,#8181);
#6749=AXIS2_PLACEMENT_3D('',#11382,#8182,#8183);
#6750=AXIS2_PLACEMENT_3D('',#11384,#8184,#8185);
#6751=AXIS2_PLACEMENT_3D('',#11385,#8186,#8187);
#6752=AXIS2_PLACEMENT_3D('',#11388,#8189,#8190);
#6753=AXIS2_PLACEMENT_3D('',#11389,#8191,#8192);
#6754=AXIS2_PLACEMENT_3D('',#11391,#8193,#8194);
#6755=AXIS2_PLACEMENT_3D('',#11393,#8196,#8197);
#6756=AXIS2_PLACEMENT_3D('',#11396,#8199,#8200);
#6757=AXIS2_PLACEMENT_3D('',#11397,#8201,#8202);
#6758=AXIS2_PLACEMENT_3D('',#11399,#8203,#8204);
#6759=AXIS2_PLACEMENT_3D('',#11401,#8206,#8207);
#6760=AXIS2_PLACEMENT_3D('',#11403,#8208,#8209);
#6761=AXIS2_PLACEMENT_3D('',#11404,#8210,#8211);
#6762=AXIS2_PLACEMENT_3D('',#11405,#8212,#8213);
#6763=AXIS2_PLACEMENT_3D('',#11407,#8214,#8215);
#6764=AXIS2_PLACEMENT_3D('',#11409,#8217,#8218);
#6765=AXIS2_PLACEMENT_3D('',#11412,#8220,#8221);
#6766=AXIS2_PLACEMENT_3D('',#11413,#8222,#8223);
#6767=AXIS2_PLACEMENT_3D('',#11415,#8224,#8225);
#6768=AXIS2_PLACEMENT_3D('',#11417,#8227,#8228);
#6769=AXIS2_PLACEMENT_3D('',#11420,#8230,#8231);
#6770=AXIS2_PLACEMENT_3D('',#11421,#8232,#8233);
#6771=AXIS2_PLACEMENT_3D('',#11427,#8237,#8238);
#6772=AXIS2_PLACEMENT_3D('',#11431,#8241,#8242);
#6773=AXIS2_PLACEMENT_3D('',#11434,#8244,#8245);
#6774=AXIS2_PLACEMENT_3D('',#11435,#8246,#8247);
#6775=AXIS2_PLACEMENT_3D('',#11441,#8251,#8252);
#6776=AXIS2_PLACEMENT_3D('',#11444,#8254,#8255);
#6777=AXIS2_PLACEMENT_3D('',#11445,#8256,#8257);
#6778=AXIS2_PLACEMENT_3D('',#11449,#8260,#8261);
#6779=AXIS2_PLACEMENT_3D('',#11455,#8265,#8266);
#6780=AXIS2_PLACEMENT_3D('',#11459,#8269,#8270);
#6781=AXIS2_PLACEMENT_3D('',#11462,#8272,#8273);
#6782=AXIS2_PLACEMENT_3D('',#11463,#8274,#8275);
#6783=AXIS2_PLACEMENT_3D('',#11469,#8279,#8280);
#6784=AXIS2_PLACEMENT_3D('',#11473,#8283,#8284);
#6785=AXIS2_PLACEMENT_3D('',#11476,#8286,#8287);
#6786=AXIS2_PLACEMENT_3D('',#11509,#8288,#8289);
#6787=AXIS2_PLACEMENT_3D('',#11518,#8294,#8295);
#6788=AXIS2_PLACEMENT_3D('',#11522,#8297,#8298);
#6789=AXIS2_PLACEMENT_3D('',#11523,#8299,#8300);
#6790=AXIS2_PLACEMENT_3D('',#11524,#8301,#8302);
#6791=AXIS2_PLACEMENT_3D('',#11530,#8306,#8307);
#6792=AXIS2_PLACEMENT_3D('',#11534,#8309,#8310);
#6793=AXIS2_PLACEMENT_3D('',#11535,#8311,#8312);
#6794=AXIS2_PLACEMENT_3D('',#11536,#8313,#8314);
#6795=AXIS2_PLACEMENT_3D('',#11542,#8318,#8319);
#6796=AXIS2_PLACEMENT_3D('',#11546,#8321,#8322);
#6797=AXIS2_PLACEMENT_3D('',#11547,#8323,#8324);
#6798=AXIS2_PLACEMENT_3D('',#11548,#8325,#8326);
#6799=AXIS2_PLACEMENT_3D('',#11554,#8330,#8331);
#6800=AXIS2_PLACEMENT_3D('',#11558,#8333,#8334);
#6801=AXIS2_PLACEMENT_3D('',#11559,#8335,#8336);
#6802=AXIS2_PLACEMENT_3D('',#11560,#8337,#8338);
#6803=AXIS2_PLACEMENT_3D('',#11566,#8342,#8343);
#6804=AXIS2_PLACEMENT_3D('',#11570,#8345,#8346);
#6805=AXIS2_PLACEMENT_3D('',#11571,#8347,#8348);
#6806=AXIS2_PLACEMENT_3D('',#11572,#8349,#8350);
#6807=AXIS2_PLACEMENT_3D('',#11578,#8354,#8355);
#6808=AXIS2_PLACEMENT_3D('',#11582,#8357,#8358);
#6809=AXIS2_PLACEMENT_3D('',#11583,#8359,#8360);
#6810=AXIS2_PLACEMENT_3D('',#11584,#8361,#8362);
#6811=AXIS2_PLACEMENT_3D('',#11590,#8366,#8367);
#6812=AXIS2_PLACEMENT_3D('',#11594,#8369,#8370);
#6813=AXIS2_PLACEMENT_3D('',#11595,#8371,#8372);
#6814=AXIS2_PLACEMENT_3D('',#11596,#8373,#8374);
#6815=AXIS2_PLACEMENT_3D('',#11602,#8378,#8379);
#6816=AXIS2_PLACEMENT_3D('',#11606,#8381,#8382);
#6817=AXIS2_PLACEMENT_3D('',#11607,#8383,#8384);
#6818=AXIS2_PLACEMENT_3D('',#11608,#8385,#8386);
#6819=AXIS2_PLACEMENT_3D('',#11614,#8390,#8391);
#6820=AXIS2_PLACEMENT_3D('',#11618,#8393,#8394);
#6821=AXIS2_PLACEMENT_3D('',#11619,#8395,#8396);
#6822=AXIS2_PLACEMENT_3D('',#11620,#8397,#8398);
#6823=AXIS2_PLACEMENT_3D('',#11626,#8402,#8403);
#6824=AXIS2_PLACEMENT_3D('',#11630,#8405,#8406);
#6825=AXIS2_PLACEMENT_3D('',#11631,#8407,#8408);
#6826=AXIS2_PLACEMENT_3D('',#11632,#8409,#8410);
#6827=AXIS2_PLACEMENT_3D('',#11638,#8414,#8415);
#6828=AXIS2_PLACEMENT_3D('',#11642,#8417,#8418);
#6829=AXIS2_PLACEMENT_3D('',#11643,#8419,#8420);
#6830=AXIS2_PLACEMENT_3D('',#11644,#8421,#8422);
#6831=AXIS2_PLACEMENT_3D('',#11650,#8426,#8427);
#6832=AXIS2_PLACEMENT_3D('',#11651,#8428,#8429);
#6833=AXIS2_PLACEMENT_3D('',#11652,#8430,#8431);
#6834=AXIS2_PLACEMENT_3D('',#11653,#8432,#8433);
#6835=AXIS2_PLACEMENT_3D('',#11656,#8436,#8437);
#6836=AXIS2_PLACEMENT_3D('',#11658,#8439,#8440);
#6837=AXIS2_PLACEMENT_3D('',#11660,#8442,#8443);
#6838=AXIS2_PLACEMENT_3D('',#11662,#8445,#8446);
#6839=AXIS2_PLACEMENT_3D('',#11664,#8448,#8449);
#6840=AXIS2_PLACEMENT_3D('',#11666,#8451,#8452);
#6841=AXIS2_PLACEMENT_3D('',#11668,#8454,#8455);
#6842=AXIS2_PLACEMENT_3D('',#11670,#8457,#8458);
#6843=AXIS2_PLACEMENT_3D('',#11672,#8460,#8461);
#6844=AXIS2_PLACEMENT_3D('',#11674,#8463,#8464);
#6845=AXIS2_PLACEMENT_3D('',#11676,#8466,#8467);
#6846=AXIS2_PLACEMENT_3D('',#11678,#8469,#8470);
#6847=AXIS2_PLACEMENT_3D('',#11707,#8471,#8472);
#6848=AXIS2_PLACEMENT_3D('',#11708,#8473,#8474);
#6849=AXIS2_PLACEMENT_3D('',#11709,#8475,#8476);
#6850=AXIS2_PLACEMENT_3D('',#11710,#8477,#8478);
#6851=AXIS2_PLACEMENT_3D('',#11714,#8481,#8482);
#6852=AXIS2_PLACEMENT_3D('',#11717,#8485,#8486);
#6853=AXIS2_PLACEMENT_3D('',#11719,#8488,#8489);
#6854=AXIS2_PLACEMENT_3D('',#11721,#8491,#8492);
#6855=AXIS2_PLACEMENT_3D('',#11723,#8494,#8495);
#6856=AXIS2_PLACEMENT_3D('',#11725,#8497,#8498);
#6857=AXIS2_PLACEMENT_3D('',#11727,#8500,#8501);
#6858=AXIS2_PLACEMENT_3D('',#11729,#8503,#8504);
#6859=AXIS2_PLACEMENT_3D('',#11731,#8506,#8507);
#6860=AXIS2_PLACEMENT_3D('',#11732,#8508,#8509);
#6861=AXIS2_PLACEMENT_3D('',#11734,#8511,#8512);
#6862=AXIS2_PLACEMENT_3D('',#11736,#8514,#8515);
#6863=AXIS2_PLACEMENT_3D('',#11737,#8516,#8517);
#6864=AXIS2_PLACEMENT_3D('',#11741,#8520,#8521);
#6865=AXIS2_PLACEMENT_3D('',#11744,#8523,#8524);
#6866=AXIS2_PLACEMENT_3D('',#11745,#8525,#8526);
#6867=AXIS2_PLACEMENT_3D('',#11747,#8528,#8529);
#6868=AXIS2_PLACEMENT_3D('',#11750,#8531,#8532);
#6869=AXIS2_PLACEMENT_3D('',#11751,#8533,#8534);
#6870=AXIS2_PLACEMENT_3D('',#11755,#8537,#8538);
#6871=AXIS2_PLACEMENT_3D('',#11757,#8540,#8541);
#6872=AXIS2_PLACEMENT_3D('',#11760,#8543,#8544);
#6873=AXIS2_PLACEMENT_3D('',#11761,#8545,#8546);
#6874=AXIS2_PLACEMENT_3D('',#11763,#8548,#8549);
#6875=AXIS2_PLACEMENT_3D('',#11767,#8552,#8553);
#6876=AXIS2_PLACEMENT_3D('',#11770,#8555,#8556);
#6877=AXIS2_PLACEMENT_3D('',#11771,#8557,#8558);
#6878=AXIS2_PLACEMENT_3D('',#11773,#8560,#8561);
#6879=AXIS2_PLACEMENT_3D('',#11774,#8562,#8563);
#6880=AXIS2_PLACEMENT_3D('',#11775,#8564,#8565);
#6881=AXIS2_PLACEMENT_3D('',#11776,#8566,#8567);
#6882=AXIS2_PLACEMENT_3D('',#11777,#8568,#8569);
#6883=AXIS2_PLACEMENT_3D('',#11778,#8570,#8571);
#6884=AXIS2_PLACEMENT_3D('',#11779,#8572,#8573);
#6885=AXIS2_PLACEMENT_3D('',#11780,#8574,#8575);
#6886=AXIS2_PLACEMENT_3D('',#11781,#8576,#8577);
#6887=AXIS2_PLACEMENT_3D('',#11782,#8578,#8579);
#6888=AXIS2_PLACEMENT_3D('',#11788,#8583,#8584);
#6889=AXIS2_PLACEMENT_3D('',#11791,#8586,#8587);
#6890=AXIS2_PLACEMENT_3D('',#11792,#8588,#8589);
#6891=AXIS2_PLACEMENT_3D('',#11796,#8592,#8593);
#6892=AXIS2_PLACEMENT_3D('',#11799,#8595,#8596);
#6893=AXIS2_PLACEMENT_3D('',#11800,#8597,#8598);
#6894=AXIS2_PLACEMENT_3D('',#11804,#8601,#8602);
#6895=AXIS2_PLACEMENT_3D('',#11805,#8603,#8604);
#6896=AXIS2_PLACEMENT_3D('',#11806,#8605,#8606);
#6897=AXIS2_PLACEMENT_3D('',#11811,#8609,#8610);
#6898=AXIS2_PLACEMENT_3D('',#11812,#8611,#8612);
#6899=AXIS2_PLACEMENT_3D('',#11816,#8615,#8616);
#6900=AXIS2_PLACEMENT_3D('',#11819,#8618,#8619);
#6901=AXIS2_PLACEMENT_3D('',#11820,#8620,#8621);
#6902=AXIS2_PLACEMENT_3D('',#11824,#8624,#8625);
#6903=AXIS2_PLACEMENT_3D('',#11827,#8627,#8628);
#6904=AXIS2_PLACEMENT_3D('',#11828,#8629,#8630);
#6905=AXIS2_PLACEMENT_3D('',#11830,#8632,#8633);
#6906=AXIS2_PLACEMENT_3D('',#11836,#8637,#8638);
#6907=AXIS2_PLACEMENT_3D('',#11839,#8640,#8641);
#6908=AXIS2_PLACEMENT_3D('',#11840,#8642,#8643);
#6909=AXIS2_PLACEMENT_3D('',#11844,#8646,#8647);
#6910=AXIS2_PLACEMENT_3D('',#11847,#8649,#8650);
#6911=AXIS2_PLACEMENT_3D('',#11848,#8651,#8652);
#6912=AXIS2_PLACEMENT_3D('',#11852,#8655,#8656);
#6913=AXIS2_PLACEMENT_3D('',#11853,#8657,#8658);
#6914=AXIS2_PLACEMENT_3D('',#11854,#8659,#8660);
#6915=AXIS2_PLACEMENT_3D('',#11859,#8663,#8664);
#6916=AXIS2_PLACEMENT_3D('',#11860,#8665,#8666);
#6917=AXIS2_PLACEMENT_3D('',#11864,#8669,#8670);
#6918=AXIS2_PLACEMENT_3D('',#11867,#8672,#8673);
#6919=AXIS2_PLACEMENT_3D('',#11868,#8674,#8675);
#6920=AXIS2_PLACEMENT_3D('',#11872,#8678,#8679);
#6921=AXIS2_PLACEMENT_3D('',#11875,#8681,#8682);
#6922=AXIS2_PLACEMENT_3D('',#11876,#8683,#8684);
#6923=AXIS2_PLACEMENT_3D('',#11878,#8686,#8687);
#6924=AXIS2_PLACEMENT_3D('',#11879,#8688,#8689);
#6925=AXIS2_PLACEMENT_3D('',#11880,#8690,#8691);
#6926=AXIS2_PLACEMENT_3D('',#11881,#8692,#8693);
#6927=DIRECTION('axis',(0.,0.,1.));
#6928=DIRECTION('refdir',(1.,0.,0.));
#6929=DIRECTION('center_axis',(0.,1.,0.));
#6930=DIRECTION('ref_axis',(-4.62592926927148E-16,0.,-1.));
#6931=DIRECTION('',(-9.81307786677358E-16,0.707106781186548,-0.707106781186548));
#6932=DIRECTION('center_axis',(0.,1.,0.));
#6933=DIRECTION('ref_axis',(-4.62592926927148E-16,0.,-1.));
#6934=DIRECTION('',(0.,-0.707106781186548,-0.707106781186548));
#6935=DIRECTION('center_axis',(0.,-1.,0.));
#6936=DIRECTION('ref_axis',(-4.62592926927148E-16,0.,-1.));
#6937=DIRECTION('center_axis',(3.92523108821894E-16,0.707106781186548,0.707106781186548));
#6938=DIRECTION('ref_axis',(1.,0.,-5.55111504040772E-16));
#6939=DIRECTION('',(-9.81307786677358E-16,0.707106781186548,-0.707106781186548));
#6940=DIRECTION('',(-1.,0.,5.55111504040772E-16));
#6941=DIRECTION('',(1.,0.,-5.55111504040772E-16));
#6942=DIRECTION('center_axis',(0.,1.,0.));
#6943=DIRECTION('ref_axis',(9.25185853854296E-16,0.,1.));
#6944=DIRECTION('',(1.96261557335472E-15,0.707106781186548,0.707106781186548));
#6945=DIRECTION('center_axis',(0.,1.,0.));
#6946=DIRECTION('ref_axis',(9.25185853854296E-16,0.,1.));
#6947=DIRECTION('center_axis',(0.,-1.,0.));
#6948=DIRECTION('ref_axis',(9.25185853854296E-16,0.,1.));
#6949=DIRECTION('center_axis',(-3.92523108821896E-16,0.707106781186544,
-0.707106781186551));
#6950=DIRECTION('ref_axis',(-1.,0.,5.55111504040772E-16));
#6951=DIRECTION('',(1.,0.,-5.55111504040772E-16));
#6952=DIRECTION('',(-1.,0.,5.55111504040772E-16));
#6953=DIRECTION('center_axis',(-5.55111504040772E-16,0.,-1.));
#6954=DIRECTION('ref_axis',(1.,6.98089570935189E-17,-5.55111504040772E-16));
#6955=DIRECTION('',(0.,-1.,0.));
#6956=DIRECTION('',(-1.,-6.98089570935189E-17,5.55111504040772E-16));
#6957=DIRECTION('',(0.,-1.,0.));
#6958=DIRECTION('center_axis',(0.,-1.,0.));
#6959=DIRECTION('ref_axis',(-4.62592926927148E-16,0.,-1.));
#6960=DIRECTION('',(0.,-1.,0.));
#6961=DIRECTION('center_axis',(-6.98089570935189E-17,1.,5.17865248023375E-18));
#6962=DIRECTION('ref_axis',(-4.62592926927148E-16,0.,-1.));
#6963=DIRECTION('center_axis',(0.,1.,0.));
#6964=DIRECTION('ref_axis',(0.,0.,1.));
#6965=DIRECTION('center_axis',(0.,-1.,0.));
#6966=DIRECTION('ref_axis',(0.989347326852116,0.,0.145574265756598));
#6967=DIRECTION('',(0.,0.,1.));
#6968=DIRECTION('center_axis',(0.,-1.,0.));
#6969=DIRECTION('ref_axis',(0.989347326852115,0.,-0.145574265756601));
#6970=DIRECTION('',(1.,0.,0.));
#6971=DIRECTION('',(0.,0.,1.));
#6972=DIRECTION('center_axis',(0.,-1.,0.));
#6973=DIRECTION('ref_axis',(0.145574265756583,0.,-0.989347326852118));
#6974=DIRECTION('',(1.,0.,0.));
#6975=DIRECTION('center_axis',(0.,-1.,0.));
#6976=DIRECTION('ref_axis',(-0.145574265756581,0.,-0.989347326852118));
#6977=DIRECTION('',(0.,0.,-1.));
#6978=DIRECTION('',(1.,0.,0.));
#6979=DIRECTION('center_axis',(0.,-1.,0.));
#6980=DIRECTION('ref_axis',(-0.98934732685211,0.,-0.145574265756635));
#6981=DIRECTION('',(2.77555756156291E-16,0.,-1.));
#6982=DIRECTION('center_axis',(0.,-1.,0.));
#6983=DIRECTION('ref_axis',(-0.989347326852111,0.,0.145574265756634));
#6984=DIRECTION('',(-1.,0.,0.));
#6985=DIRECTION('',(0.,0.,-1.));
#6986=DIRECTION('center_axis',(0.,-1.,0.));
#6987=DIRECTION('ref_axis',(-0.14557426575662,0.,0.989347326852113));
#6988=DIRECTION('',(-1.,0.,0.));
#6989=DIRECTION('center_axis',(0.,-1.,0.));
#6990=DIRECTION('ref_axis',(0.145574265756622,0.,0.989347326852112));
#6991=DIRECTION('',(0.,0.,1.));
#6992=DIRECTION('',(-1.,0.,0.));
#6993=DIRECTION('center_axis',(0.,1.,0.));
#6994=DIRECTION('ref_axis',(-4.62592926927148E-16,0.,-1.));
#6995=DIRECTION('',(-1.,0.,5.55111504040772E-16));
#6996=DIRECTION('center_axis',(0.,1.,0.));
#6997=DIRECTION('ref_axis',(9.25185853854296E-16,0.,1.));
#6998=DIRECTION('',(1.,0.,-5.55111504040772E-16));
#6999=DIRECTION('',(5.55111504040772E-16,0.,1.));
#7000=DIRECTION('center_axis',(0.,1.,0.));
#7001=DIRECTION('ref_axis',(1.,0.,-4.62592926927148E-16));
#7002=DIRECTION('',(-5.55111504040772E-16,0.,-1.));
#7003=DIRECTION('center_axis',(0.,1.,0.));
#7004=DIRECTION('ref_axis',(-1.,0.,4.62592926927148E-16));
#7005=DIRECTION('',(5.55111504040772E-16,0.,1.));
#7006=DIRECTION('center_axis',(0.,1.,0.));
#7007=DIRECTION('ref_axis',(1.,0.,-4.62592926927148E-16));
#7008=DIRECTION('',(-5.55111504040772E-16,0.,-1.));
#7009=DIRECTION('center_axis',(0.,1.,0.));
#7010=DIRECTION('ref_axis',(-1.,0.,1.23259516440783E-32));
#7011=DIRECTION('',(1.,0.,-5.55111504040772E-16));
#7012=DIRECTION('center_axis',(0.,1.,0.));
#7013=DIRECTION('ref_axis',(-1.26874679728732E-32,0.,-1.));
#7014=DIRECTION('',(-1.,0.,5.55111504040772E-16));
#7015=DIRECTION('center_axis',(0.,1.,0.));
#7016=DIRECTION('ref_axis',(4.62592926927148E-16,0.,1.));
#7017=DIRECTION('center_axis',(0.,1.,0.));
#7018=DIRECTION('ref_axis',(-1.,0.,4.62592926927148E-16));
#7019=DIRECTION('',(5.55111504040772E-16,0.,1.));
#7020=DIRECTION('center_axis',(0.,1.,0.));
#7021=DIRECTION('ref_axis',(1.,0.,-4.62592926927148E-16));
#7022=DIRECTION('',(-5.55111504040772E-16,0.,-1.));
#7023=DIRECTION('',(5.55111504040772E-16,0.,1.));
#7024=DIRECTION('center_axis',(0.,1.,0.));
#7025=DIRECTION('ref_axis',(1.,0.,-4.62592926927148E-16));
#7026=DIRECTION('',(-5.55111504040772E-16,0.,-1.));
#7027=DIRECTION('center_axis',(0.,1.,0.));
#7028=DIRECTION('ref_axis',(-1.,0.,4.62592926927148E-16));
#7029=DIRECTION('center_axis',(0.,-1.,0.));
#7030=DIRECTION('ref_axis',(0.,0.,-1.));
#7031=DIRECTION('center_axis',(0.,1.,0.));
#7032=DIRECTION('ref_axis',(-0.86602540378444,0.,-0.499999999999998));
#7033=DIRECTION('',(-0.500000000000001,0.,0.866025403784438));
#7034=DIRECTION('center_axis',(0.,1.,0.));
#7035=DIRECTION('ref_axis',(0.866025403784439,0.,-0.5));
#7036=DIRECTION('',(-0.499999999999999,0.,-0.866025403784439));
#7037=DIRECTION('center_axis',(0.,1.,0.));
#7038=DIRECTION('ref_axis',(0.,0.,1.));
#7039=DIRECTION('',(1.,0.,9.15696517325507E-16));
#7040=DIRECTION('center_axis',(0.,1.,0.));
#7041=DIRECTION('ref_axis',(-1.,0.,2.77555756156289E-16));
#7042=DIRECTION('',(-9.15696517325506E-16,0.,1.));
#7043=DIRECTION('center_axis',(0.,1.,0.));
#7044=DIRECTION('ref_axis',(0.5,0.,-0.866025403784439));
#7045=DIRECTION('',(-0.866025403784438,0.,-0.500000000000001));
#7046=DIRECTION('center_axis',(0.,1.,0.));
#7047=DIRECTION('ref_axis',(0.5,0.,0.866025403784439));
#7048=DIRECTION('',(0.866025403784439,0.,-0.5));
#7049=DIRECTION('',(0.500000000000001,0.,-0.866025403784438));
#7050=DIRECTION('center_axis',(0.,1.,0.));
#7051=DIRECTION('ref_axis',(-0.866025403784438,0.,0.5));
#7052=DIRECTION('',(0.499999999999999,0.,0.866025403784439));
#7053=DIRECTION('center_axis',(0.,1.,0.));
#7054=DIRECTION('ref_axis',(0.,0.,-1.));
#7055=DIRECTION('',(-1.,0.,-9.15696517325507E-16));
#7056=DIRECTION('center_axis',(0.,1.,0.));
#7057=DIRECTION('ref_axis',(0.86602540378444,0.,0.499999999999998));
#7058=DIRECTION('',(9.15696517325507E-16,0.,-1.));
#7059=DIRECTION('center_axis',(0.,1.,0.));
#7060=DIRECTION('ref_axis',(-0.499999999999998,0.,0.86602540378444));
#7061=DIRECTION('',(0.866025403784438,0.,0.500000000000001));
#7062=DIRECTION('center_axis',(0.,1.,0.));
#7063=DIRECTION('ref_axis',(-0.5,0.,-0.866025403784439));
#7064=DIRECTION('',(-0.866025403784439,0.,0.499999999999999));
#7065=DIRECTION('center_axis',(0.,1.,0.));
#7066=DIRECTION('ref_axis',(1.,0.,2.77555756156289E-16));
#7067=DIRECTION('center_axis',(0.,1.,0.));
#7068=DIRECTION('ref_axis',(-1.,0.,4.62592926927148E-16));
#7069=DIRECTION('',(5.55111504040772E-16,0.,1.));
#7070=DIRECTION('center_axis',(0.,1.,0.));
#7071=DIRECTION('ref_axis',(1.,0.,-4.62592926927148E-16));
#7072=DIRECTION('',(-5.55111504040772E-16,0.,-1.));
#7073=DIRECTION('',(1.,0.,-5.55111504040772E-16));
#7074=DIRECTION('center_axis',(0.,1.,0.));
#7075=DIRECTION('ref_axis',(-4.62592926927148E-16,0.,-1.));
#7076=DIRECTION('',(-1.,0.,5.55111504040772E-16));
#7077=DIRECTION('center_axis',(0.,1.,0.));
#7078=DIRECTION('ref_axis',(1.26874679728732E-32,0.,1.));
#7079=DIRECTION('',(1.,0.,-5.55111504040772E-16));
#7080=DIRECTION('center_axis',(0.,1.,0.));
#7081=DIRECTION('ref_axis',(-1.26874679728732E-32,0.,-1.));
#7082=DIRECTION('',(-1.,0.,5.55111504040772E-16));
#7083=DIRECTION('center_axis',(0.,1.,0.));
#7084=DIRECTION('ref_axis',(4.62592926927148E-16,0.,1.));
#7085=DIRECTION('',(5.55111504040772E-16,0.,1.));
#7086=DIRECTION('center_axis',(0.,1.,0.));
#7087=DIRECTION('ref_axis',(1.,0.,-1.23259516440783E-32));
#7088=DIRECTION('',(-5.55111504040772E-16,0.,-1.));
#7089=DIRECTION('center_axis',(0.,1.,0.));
#7090=DIRECTION('ref_axis',(-1.,0.,4.62592926927148E-16));
#7091=DIRECTION('',(1.,0.,-5.55111504040772E-16));
#7092=DIRECTION('center_axis',(0.,1.,0.));
#7093=DIRECTION('ref_axis',(-9.25185853854296E-16,0.,-1.));
#7094=DIRECTION('',(-1.,0.,5.55111504040772E-16));
#7095=DIRECTION('center_axis',(0.,1.,0.));
#7096=DIRECTION('ref_axis',(4.62592926927148E-16,0.,1.));
#7097=DIRECTION('center_axis',(0.,1.,0.));
#7098=DIRECTION('ref_axis',(-4.62592926927148E-16,0.,-1.));
#7099=DIRECTION('',(-9.81307786677358E-16,0.707106781186548,-0.707106781186548));
#7100=DIRECTION('',(0.,-0.707106781186548,-0.707106781186548));
#7101=DIRECTION('center_axis',(0.,-1.,0.));
#7102=DIRECTION('ref_axis',(-4.62592926927148E-16,0.,-1.));
#7103=DIRECTION('center_axis',(3.92523108821894E-16,0.707106781186548,0.707106781186548));
#7104=DIRECTION('ref_axis',(1.,0.,-5.55111504040772E-16));
#7105=DIRECTION('',(-9.81307786677361E-16,0.70710678118655,-0.707106781186545));
#7106=DIRECTION('',(1.,0.,-5.55111504040772E-16));
#7107=DIRECTION('center_axis',(0.,1.,0.));
#7108=DIRECTION('ref_axis',(9.25185853854296E-16,0.,1.));
#7109=DIRECTION('',(1.96261557335472E-15,0.707106781186548,0.707106781186548));
#7110=DIRECTION('center_axis',(0.,-1.,0.));
#7111=DIRECTION('ref_axis',(9.25185853854296E-16,0.,1.));
#7112=DIRECTION('center_axis',(-3.92523108821894E-16,0.707106781186548,
-0.707106781186548));
#7113=DIRECTION('ref_axis',(-1.,0.,5.55111504040772E-16));
#7114=DIRECTION('',(-1.,0.,5.55111504040772E-16));
#7115=DIRECTION('center_axis',(-5.55111504040772E-16,0.,-1.));
#7116=DIRECTION('ref_axis',(1.,6.98089570935189E-17,-5.55111504040772E-16));
#7117=DIRECTION('',(0.,-1.,0.));
#7118=DIRECTION('',(-1.,-6.98089570935189E-17,5.55111504040772E-16));
#7119=DIRECTION('',(0.,-1.,0.));
#7120=DIRECTION('center_axis',(0.,-1.,0.));
#7121=DIRECTION('ref_axis',(-4.62592926927148E-16,0.,-1.));
#7122=DIRECTION('',(0.,-1.,0.));
#7123=DIRECTION('center_axis',(-6.98089570935189E-17,1.,5.17865248023375E-18));
#7124=DIRECTION('ref_axis',(-4.62592926927148E-16,0.,-1.));
#7125=DIRECTION('center_axis',(-3.92523108821893E-16,0.707106781186549,
-0.707106781186547));
#7126=DIRECTION('ref_axis',(-1.,0.,5.55111504040772E-16));
#7127=DIRECTION('',(9.81307786677358E-16,0.707106781186548,0.707106781186548));
#7128=DIRECTION('',(-9.81307786677358E-16,-0.707106781186548,-0.707106781186548));
#7129=DIRECTION('',(-1.,0.,5.55111504040772E-16));
#7130=DIRECTION('center_axis',(0.,1.,0.));
#7131=DIRECTION('ref_axis',(-9.25185853854296E-16,0.,-1.));
#7132=DIRECTION('',(-1.96261557335472E-15,0.707106781186548,-0.707106781186548));
#7133=DIRECTION('center_axis',(0.,-1.,0.));
#7134=DIRECTION('ref_axis',(-9.25185853854296E-16,0.,-1.));
#7135=DIRECTION('center_axis',(3.92523108821894E-16,0.707106781186548,0.707106781186548));
#7136=DIRECTION('ref_axis',(1.,0.,-5.55111504040772E-16));
#7137=DIRECTION('',(-9.81307786677361E-16,0.70710678118655,-0.707106781186545));
#7138=DIRECTION('',(1.,0.,-5.55111504040772E-16));
#7139=DIRECTION('center_axis',(0.,1.,0.));
#7140=DIRECTION('ref_axis',(4.62592926927148E-16,0.,1.));
#7141=DIRECTION('center_axis',(0.,-1.,0.));
#7142=DIRECTION('ref_axis',(4.62592926927148E-16,0.,1.));
#7143=DIRECTION('center_axis',(0.,-1.,0.));
#7144=DIRECTION('ref_axis',(-9.25185853854296E-16,0.,-1.));
#7145=DIRECTION('',(0.,-1.,0.));
#7146=DIRECTION('center_axis',(-6.98089570935189E-17,1.,5.17865248023375E-18));
#7147=DIRECTION('ref_axis',(-9.25185853854296E-16,0.,-1.));
#7148=DIRECTION('',(0.,-1.,0.));
#7149=DIRECTION('center_axis',(5.55111504040772E-16,0.,1.));
#7150=DIRECTION('ref_axis',(-1.,-6.98089570935189E-17,5.55111504040772E-16));
#7151=DIRECTION('',(0.,-1.,0.));
#7152=DIRECTION('',(1.,6.98089570935189E-17,-5.55111504040772E-16));
#7153=DIRECTION('center_axis',(0.707106781186544,0.707106781186551,-3.92523108821891E-16));
#7154=DIRECTION('ref_axis',(-5.55111504040772E-16,0.,-1.));
#7155=DIRECTION('',(-0.707106781186551,0.707106781186544,0.));
#7156=DIRECTION('',(0.707106781186551,-0.707106781186544,0.));
#7157=DIRECTION('',(-5.55111504040772E-16,0.,-1.));
#7158=DIRECTION('center_axis',(0.,1.,0.));
#7159=DIRECTION('ref_axis',(1.,0.,-4.62592926927148E-16));
#7160=DIRECTION('',(0.707106781186548,0.707106781186548,-9.81307786677358E-16));
#7161=DIRECTION('center_axis',(0.,-1.,0.));
#7162=DIRECTION('ref_axis',(1.,0.,-4.62592926927148E-16));
#7163=DIRECTION('center_axis',(-0.707106781186548,0.707106781186548,3.92523108821894E-16));
#7164=DIRECTION('ref_axis',(5.55111504040772E-16,0.,1.));
#7165=DIRECTION('',(0.707106781186548,0.707106781186548,-9.81307786677358E-16));
#7166=DIRECTION('',(5.55111504040772E-16,0.,1.));
#7167=DIRECTION('center_axis',(0.,1.,0.));
#7168=DIRECTION('ref_axis',(-1.,0.,4.62592926927148E-16));
#7169=DIRECTION('center_axis',(0.,-1.,0.));
#7170=DIRECTION('ref_axis',(-1.,0.,4.62592926927148E-16));
#7171=DIRECTION('center_axis',(0.,-1.,0.));
#7172=DIRECTION('ref_axis',(1.,0.,-4.62592926927148E-16));
#7173=DIRECTION('',(0.,-1.,0.));
#7174=DIRECTION('center_axis',(-6.98089570935189E-17,1.,5.17865248023375E-18));
#7175=DIRECTION('ref_axis',(1.,0.,-4.62592926927148E-16));
#7176=DIRECTION('',(0.,-1.,0.));
#7177=DIRECTION('center_axis',(-1.,0.,5.55111504040772E-16));
#7178=DIRECTION('ref_axis',(-5.55111504040772E-16,5.17865248023371E-18,
-1.));
#7179=DIRECTION('',(0.,-1.,0.));
#7180=DIRECTION('',(5.55111504040772E-16,-5.17865248023371E-18,1.));
#7181=DIRECTION('center_axis',(0.707106781186548,0.707106781186548,-3.92523108821894E-16));
#7182=DIRECTION('ref_axis',(-5.55111504040772E-16,0.,-1.));
#7183=DIRECTION('',(-0.707106781186545,0.70710678118655,9.81307786677361E-16));
#7184=DIRECTION('',(0.707106781186545,-0.70710678118655,-9.81307786677361E-16));
#7185=DIRECTION('',(-5.55111504040772E-16,0.,-1.));
#7186=DIRECTION('center_axis',(0.,1.,0.));
#7187=DIRECTION('ref_axis',(1.,0.,-1.23259516440783E-32));
#7188=DIRECTION('',(0.707106781186548,0.707106781186548,-9.81307786677358E-16));
#7189=DIRECTION('center_axis',(0.,-1.,0.));
#7190=DIRECTION('ref_axis',(1.,0.,-1.23259516440783E-32));
#7191=DIRECTION('center_axis',(-0.707106781186548,0.707106781186548,3.92523108821894E-16));
#7192=DIRECTION('ref_axis',(5.55111504040772E-16,0.,1.));
#7193=DIRECTION('',(0.707106781186548,0.707106781186548,-9.81307786677358E-16));
#7194=DIRECTION('',(5.55111504040772E-16,0.,1.));
#7195=DIRECTION('center_axis',(0.,1.,0.));
#7196=DIRECTION('ref_axis',(-1.,0.,4.62592926927148E-16));
#7197=DIRECTION('center_axis',(0.,-1.,0.));
#7198=DIRECTION('ref_axis',(-1.,0.,4.62592926927148E-16));
#7199=DIRECTION('center_axis',(0.,-1.,0.));
#7200=DIRECTION('ref_axis',(1.,0.,-1.23259516440783E-32));
#7201=DIRECTION('',(0.,-1.,0.));
#7202=DIRECTION('center_axis',(-6.98089570935189E-17,1.,5.17865248023375E-18));
#7203=DIRECTION('ref_axis',(1.,0.,-1.23259516440783E-32));
#7204=DIRECTION('',(0.,-1.,0.));
#7205=DIRECTION('center_axis',(-1.,0.,5.55111504040772E-16));
#7206=DIRECTION('ref_axis',(-5.55111504040772E-16,5.17865248023371E-18,
-1.));
#7207=DIRECTION('',(0.,-1.,0.));
#7208=DIRECTION('',(5.55111504040772E-16,-5.17865248023371E-18,1.));
#7209=DIRECTION('center_axis',(0.707106781186548,0.707106781186548,-3.92523108821894E-16));
#7210=DIRECTION('ref_axis',(-5.55111504040772E-16,0.,-1.));
#7211=DIRECTION('',(-0.707106781186545,0.70710678118655,9.81307786677361E-16));
#7212=DIRECTION('',(0.707106781186545,-0.70710678118655,0.));
#7213=DIRECTION('',(-5.55111504040772E-16,0.,-1.));
#7214=DIRECTION('center_axis',(0.,1.,0.));
#7215=DIRECTION('ref_axis',(1.,0.,-4.62592926927148E-16));
#7216=DIRECTION('',(0.707106781186548,0.707106781186548,-9.81307786677358E-16));
#7217=DIRECTION('center_axis',(0.,-1.,0.));
#7218=DIRECTION('ref_axis',(1.,0.,-4.62592926927148E-16));
#7219=DIRECTION('center_axis',(-0.707106781186547,0.707106781186549,3.92523108821893E-16));
#7220=DIRECTION('ref_axis',(5.55111504040772E-16,0.,1.));
#7221=DIRECTION('',(0.707106781186548,0.707106781186548,-9.81307786677358E-16));
#7222=DIRECTION('',(5.55111504040772E-16,0.,1.));
#7223=DIRECTION('center_axis',(0.,1.,0.));
#7224=DIRECTION('ref_axis',(-1.,0.,1.23259516440783E-32));
#7225=DIRECTION('center_axis',(0.,-1.,0.));
#7226=DIRECTION('ref_axis',(-1.,0.,1.23259516440783E-32));
#7227=DIRECTION('center_axis',(0.,-1.,0.));
#7228=DIRECTION('ref_axis',(1.,0.,-4.62592926927148E-16));
#7229=DIRECTION('',(0.,-1.,0.));
#7230=DIRECTION('center_axis',(-6.98089570935189E-17,1.,5.17865248023375E-18));
#7231=DIRECTION('ref_axis',(1.,0.,-4.62592926927148E-16));
#7232=DIRECTION('',(0.,-1.,0.));
#7233=DIRECTION('center_axis',(-1.,0.,5.55111504040772E-16));
#7234=DIRECTION('ref_axis',(-5.55111504040772E-16,5.17865248023371E-18,
-1.));
#7235=DIRECTION('',(0.,-1.,0.));
#7236=DIRECTION('',(5.55111504040772E-16,-5.17865248023371E-18,1.));
#7237=DIRECTION('center_axis',(-3.92523108821894E-16,0.707106781186548,
-0.707106781186548));
#7238=DIRECTION('ref_axis',(-1.,0.,5.55111504040772E-16));
#7239=DIRECTION('',(9.81307786677358E-16,0.707106781186548,0.707106781186548));
#7240=DIRECTION('',(0.,-0.707106781186548,-0.707106781186548));
#7241=DIRECTION('',(-1.,0.,5.55111504040772E-16));
#7242=DIRECTION('center_axis',(0.,1.,0.));
#7243=DIRECTION('ref_axis',(-1.26874679728732E-32,0.,-1.));
#7244=DIRECTION('',(-9.81307786677358E-16,0.707106781186548,-0.707106781186548));
#7245=DIRECTION('center_axis',(0.,-1.,0.));
#7246=DIRECTION('ref_axis',(-1.26874679728732E-32,0.,-1.));
#7247=DIRECTION('center_axis',(3.92523108821894E-16,0.707106781186548,0.707106781186548));
#7248=DIRECTION('ref_axis',(1.,0.,-5.55111504040772E-16));
#7249=DIRECTION('',(0.,0.707106781186548,-0.707106781186548));
#7250=DIRECTION('',(1.,0.,-5.55111504040772E-16));
#7251=DIRECTION('center_axis',(0.,1.,0.));
#7252=DIRECTION('ref_axis',(4.62592926927148E-16,0.,1.));
#7253=DIRECTION('center_axis',(0.,-1.,0.));
#7254=DIRECTION('ref_axis',(4.62592926927148E-16,0.,1.));
#7255=DIRECTION('center_axis',(0.,-1.,0.));
#7256=DIRECTION('ref_axis',(-1.26874679728732E-32,0.,-1.));
#7257=DIRECTION('',(0.,-1.,0.));
#7258=DIRECTION('center_axis',(-6.98089570935189E-17,1.,5.17865248023375E-18));
#7259=DIRECTION('ref_axis',(-1.26874679728732E-32,0.,-1.));
#7260=DIRECTION('',(0.,-1.,0.));
#7261=DIRECTION('center_axis',(5.55111504040772E-16,0.,1.));
#7262=DIRECTION('ref_axis',(-1.,-6.98089570935189E-17,5.55111504040772E-16));
#7263=DIRECTION('',(0.,-1.,0.));
#7264=DIRECTION('',(1.,6.98089570935189E-17,-5.55111504040772E-16));
#7265=DIRECTION('center_axis',(-3.92523108821894E-16,0.707106781186548,
-0.707106781186548));
#7266=DIRECTION('ref_axis',(-1.,0.,5.55111504040772E-16));
#7267=DIRECTION('',(9.81307786677358E-16,0.707106781186548,0.707106781186548));
#7268=DIRECTION('',(0.,-0.707106781186548,-0.707106781186548));
#7269=DIRECTION('',(-1.,0.,5.55111504040772E-16));
#7270=DIRECTION('center_axis',(0.,1.,0.));
#7271=DIRECTION('ref_axis',(-1.26874679728732E-32,0.,-1.));
#7272=DIRECTION('',(-9.81307786677358E-16,0.707106781186548,-0.707106781186548));
#7273=DIRECTION('center_axis',(0.,-1.,0.));
#7274=DIRECTION('ref_axis',(-1.26874679728732E-32,0.,-1.));
#7275=DIRECTION('center_axis',(3.92523108821894E-16,0.707106781186548,0.707106781186548));
#7276=DIRECTION('ref_axis',(1.,0.,-5.55111504040772E-16));
#7277=DIRECTION('',(-9.81307786677361E-16,0.70710678118655,-0.707106781186545));
#7278=DIRECTION('',(1.,0.,-5.55111504040772E-16));
#7279=DIRECTION('center_axis',(0.,1.,0.));
#7280=DIRECTION('ref_axis',(4.62592926927148E-16,0.,1.));
#7281=DIRECTION('center_axis',(0.,-1.,0.));
#7282=DIRECTION('ref_axis',(4.62592926927148E-16,0.,1.));
#7283=DIRECTION('center_axis',(0.,-1.,0.));
#7284=DIRECTION('ref_axis',(-1.26874679728732E-32,0.,-1.));
#7285=DIRECTION('',(0.,-1.,0.));
#7286=DIRECTION('center_axis',(-6.98089570935189E-17,1.,5.17865248023375E-18));
#7287=DIRECTION('ref_axis',(-1.26874679728732E-32,0.,-1.));
#7288=DIRECTION('',(0.,-1.,0.));
#7289=DIRECTION('center_axis',(5.55111504040772E-16,0.,1.));
#7290=DIRECTION('ref_axis',(-1.,-6.98089570935189E-17,5.55111504040772E-16));
#7291=DIRECTION('',(0.,-1.,0.));
#7292=DIRECTION('',(1.,6.98089570935189E-17,-5.55111504040772E-16));
#7293=DIRECTION('center_axis',(-3.92523108821894E-16,0.707106781186548,
-0.707106781186548));
#7294=DIRECTION('ref_axis',(-1.,0.,5.55111504040772E-16));
#7295=DIRECTION('',(9.81307786677356E-16,0.707106781186546,0.707106781186549));
#7296=DIRECTION('',(0.,-0.707106781186546,-0.707106781186549));
#7297=DIRECTION('',(-1.,0.,5.55111504040772E-16));
#7298=DIRECTION('center_axis',(0.,1.,0.));
#7299=DIRECTION('ref_axis',(-4.62592926927148E-16,0.,-1.));
#7300=DIRECTION('',(-9.81307786677358E-16,0.707106781186548,-0.707106781186548));
#7301=DIRECTION('center_axis',(0.,-1.,0.));
#7302=DIRECTION('ref_axis',(-4.62592926927148E-16,0.,-1.));
#7303=DIRECTION('center_axis',(3.92523108821894E-16,0.707106781186547,0.707106781186548));
#7304=DIRECTION('ref_axis',(1.,0.,-5.55111504040772E-16));
#7305=DIRECTION('',(9.81307786677358E-16,0.707106781186548,-0.707106781186548));
#7306=DIRECTION('',(1.,0.,-5.55111504040772E-16));
#7307=DIRECTION('center_axis',(0.,1.,0.));
#7308=DIRECTION('ref_axis',(1.26874679728732E-32,0.,1.));
#7309=DIRECTION('center_axis',(0.,-1.,0.));
#7310=DIRECTION('ref_axis',(1.26874679728732E-32,0.,1.));
#7311=DIRECTION('center_axis',(0.,-1.,0.));
#7312=DIRECTION('ref_axis',(-4.62592926927148E-16,0.,-1.));
#7313=DIRECTION('',(0.,-1.,0.));
#7314=DIRECTION('center_axis',(-6.98089570935189E-17,1.,5.17865248023375E-18));
#7315=DIRECTION('ref_axis',(-4.62592926927148E-16,0.,-1.));
#7316=DIRECTION('',(0.,-1.,0.));
#7317=DIRECTION('center_axis',(5.55111504040772E-16,0.,1.));
#7318=DIRECTION('ref_axis',(-1.,-6.98089570935189E-17,5.55111504040772E-16));
#7319=DIRECTION('',(0.,-1.,0.));
#7320=DIRECTION('',(1.,6.98089570935189E-17,-5.55111504040772E-16));
#7321=DIRECTION('center_axis',(0.,1.,0.));
#7322=DIRECTION('ref_axis',(-1.,0.,4.62592926927148E-16));
#7323=DIRECTION('',(-0.707106781186548,0.707106781186548,9.81307786677358E-16));
#7324=DIRECTION('',(-0.707106781186548,-0.707106781186548,0.));
#7325=DIRECTION('center_axis',(0.,-1.,0.));
#7326=DIRECTION('ref_axis',(-1.,0.,4.62592926927148E-16));
#7327=DIRECTION('center_axis',(0.707106781186548,0.707106781186548,-3.92523108821894E-16));
#7328=DIRECTION('ref_axis',(-5.55111504040772E-16,0.,-1.));
#7329=DIRECTION('',(-0.707106781186548,0.707106781186548,9.81307786677358E-16));
#7330=DIRECTION('',(-5.55111504040772E-16,0.,-1.));
#7331=DIRECTION('center_axis',(0.,1.,0.));
#7332=DIRECTION('ref_axis',(1.,0.,-4.62592926927148E-16));
#7333=DIRECTION('',(0.707106781186548,0.707106781186548,-9.81307786677358E-16));
#7334=DIRECTION('center_axis',(0.,-1.,0.));
#7335=DIRECTION('ref_axis',(1.,0.,-4.62592926927148E-16));
#7336=DIRECTION('center_axis',(-0.707106781186551,0.707106781186544,3.92523108821896E-16));
#7337=DIRECTION('ref_axis',(5.55111504040772E-16,0.,1.));
#7338=DIRECTION('',(5.55111504040772E-16,0.,1.));
#7339=DIRECTION('center_axis',(-1.,0.,5.55111504040772E-16));
#7340=DIRECTION('ref_axis',(-5.55111504040772E-16,5.17865248023371E-18,
-1.));
#7341=DIRECTION('',(0.,-1.,0.));
#7342=DIRECTION('',(5.55111504040772E-16,-5.17865248023371E-18,1.));
#7343=DIRECTION('',(0.,-1.,0.));
#7344=DIRECTION('center_axis',(0.,-1.,0.));
#7345=DIRECTION('ref_axis',(-1.,0.,4.62592926927148E-16));
#7346=DIRECTION('',(0.,-1.,0.));
#7347=DIRECTION('center_axis',(-6.98089570935189E-17,1.,5.17865248023375E-18));
#7348=DIRECTION('ref_axis',(-1.,0.,4.62592926927148E-16));
#7349=DIRECTION('center_axis',(0.,1.,0.));
#7350=DIRECTION('ref_axis',(-1.,0.,4.62592926927148E-16));
#7351=DIRECTION('',(-0.707106781186548,0.707106781186548,9.81307786677358E-16));
#7352=DIRECTION('',(-0.707106781186548,-0.707106781186548,0.));
#7353=DIRECTION('center_axis',(0.,-1.,0.));
#7354=DIRECTION('ref_axis',(-1.,0.,4.62592926927148E-16));
#7355=DIRECTION('center_axis',(0.707106781186548,0.707106781186548,-3.92523108821894E-16));
#7356=DIRECTION('ref_axis',(-5.55111504040772E-16,0.,-1.));
#7357=DIRECTION('',(-0.707106781186545,0.70710678118655,0.));
#7358=DIRECTION('',(-5.55111504040772E-16,0.,-1.));
#7359=DIRECTION('center_axis',(0.,1.,0.));
#7360=DIRECTION('ref_axis',(1.,0.,-4.62592926927148E-16));
#7361=DIRECTION('',(0.707106781186548,0.707106781186548,-9.81307786677358E-16));
#7362=DIRECTION('center_axis',(0.,-1.,0.));
#7363=DIRECTION('ref_axis',(1.,0.,-4.62592926927148E-16));
#7364=DIRECTION('center_axis',(-0.707106781186548,0.707106781186548,3.92523108821894E-16));
#7365=DIRECTION('ref_axis',(5.55111504040772E-16,0.,1.));
#7366=DIRECTION('',(5.55111504040772E-16,0.,1.));
#7367=DIRECTION('center_axis',(-1.,0.,5.55111504040772E-16));
#7368=DIRECTION('ref_axis',(-5.55111504040772E-16,5.17865248023371E-18,
-1.));
#7369=DIRECTION('',(0.,-1.,0.));
#7370=DIRECTION('',(5.55111504040772E-16,-5.17865248023371E-18,1.));
#7371=DIRECTION('',(0.,-1.,0.));
#7372=DIRECTION('center_axis',(0.,-1.,0.));
#7373=DIRECTION('ref_axis',(-1.,0.,4.62592926927148E-16));
#7374=DIRECTION('',(0.,-1.,0.));
#7375=DIRECTION('center_axis',(-6.98089570935189E-17,1.,5.17865248023375E-18));
#7376=DIRECTION('ref_axis',(-1.,0.,4.62592926927148E-16));
#7377=DIRECTION('center_axis',(0.707106781186548,0.707106781186547,-3.92523108821894E-16));
#7378=DIRECTION('ref_axis',(-5.55111504040772E-16,0.,-1.));
#7379=DIRECTION('',(-0.707106781186545,0.70710678118655,9.81307786677361E-16));
#7380=DIRECTION('',(0.707106781186545,-0.70710678118655,-9.81307786677361E-16));
#7381=DIRECTION('',(-5.55111504040772E-16,0.,-1.));
#7382=DIRECTION('center_axis',(0.,1.,0.));
#7383=DIRECTION('ref_axis',(1.,0.,-4.62592926927148E-16));
#7384=DIRECTION('',(0.707106781186548,0.707106781186548,-9.81307786677358E-16));
#7385=DIRECTION('center_axis',(0.,-1.,0.));
#7386=DIRECTION('ref_axis',(1.,0.,-4.62592926927148E-16));
#7387=DIRECTION('center_axis',(-0.707106781186548,0.707106781186548,3.92523108821894E-16));
#7388=DIRECTION('ref_axis',(5.55111504040772E-16,0.,1.));
#7389=DIRECTION('',(0.707106781186548,0.707106781186548,0.));
#7390=DIRECTION('',(5.55111504040772E-16,0.,1.));
#7391=DIRECTION('center_axis',(0.,1.,0.));
#7392=DIRECTION('ref_axis',(-1.,0.,4.62592926927148E-16));
#7393=DIRECTION('center_axis',(0.,-1.,0.));
#7394=DIRECTION('ref_axis',(-1.,0.,4.62592926927148E-16));
#7395=DIRECTION('center_axis',(0.,-1.,0.));
#7396=DIRECTION('ref_axis',(1.,0.,-4.62592926927148E-16));
#7397=DIRECTION('',(0.,-1.,0.));
#7398=DIRECTION('center_axis',(-6.98089570935189E-17,1.,5.17865248023375E-18));
#7399=DIRECTION('ref_axis',(1.,0.,-4.62592926927148E-16));
#7400=DIRECTION('',(0.,-1.,0.));
#7401=DIRECTION('center_axis',(-1.,0.,5.55111504040772E-16));
#7402=DIRECTION('ref_axis',(-5.55111504040772E-16,5.17865248023371E-18,
-1.));
#7403=DIRECTION('',(0.,-1.,0.));
#7404=DIRECTION('',(5.55111504040772E-16,-5.17865248023371E-18,1.));
#7405=DIRECTION('center_axis',(0.,1.,0.));
#7406=DIRECTION('ref_axis',(-4.62592926927148E-16,1.90792459798084E-18,
-1.));
#7407=DIRECTION('',(0.,0.707106781186548,-0.707106781186548));
#7408=DIRECTION('',(0.,-0.707106781186548,-0.707106781186548));
#7409=DIRECTION('center_axis',(6.98089570935189E-17,-1.,-5.17865248023375E-18));
#7410=DIRECTION('ref_axis',(-4.62592926927148E-16,5.17865248023371E-18,
-1.));
#7411=DIRECTION('center_axis',(3.43160721873506E-16,0.707106781186548,0.707106781186548));
#7412=DIRECTION('ref_axis',(1.,0.,-4.85302546947253E-16));
#7413=DIRECTION('',(0.,0.707106781186548,-0.707106781186548));
#7414=DIRECTION('',(1.,6.98089570935189E-17,-5.55111504040772E-16));
#7415=DIRECTION('center_axis',(0.,1.,0.));
#7416=DIRECTION('ref_axis',(9.25185853854296E-16,-1.90792459798083E-18,
1.));
#7417=DIRECTION('',(7.8504622934189E-16,0.707106781186548,0.707106781186548));
#7418=DIRECTION('center_axis',(-6.98089570935189E-17,1.,5.17865248023375E-18));
#7419=DIRECTION('ref_axis',(9.25185853854296E-16,0.,1.));
#7420=DIRECTION('center_axis',(6.98089570935189E-17,-1.,-5.17865248023375E-18));
#7421=DIRECTION('ref_axis',(9.25185853854296E-16,-5.17865248023368E-18,
1.));
#7422=DIRECTION('center_axis',(-4.41885495770283E-16,0.707106781186544,
-0.707106781186551));
#7423=DIRECTION('ref_axis',(-1.,0.,6.2492046113429E-16));
#7424=DIRECTION('',(1.,6.98089570935189E-17,-5.55111504040772E-16));
#7425=DIRECTION('',(-1.,-6.98089570935189E-17,5.55111504040772E-16));
#7426=DIRECTION('center_axis',(5.55111504040772E-16,0.,1.));
#7427=DIRECTION('ref_axis',(-1.,-6.98089570935189E-17,5.55111504040772E-16));
#7428=DIRECTION('',(0.,-1.,0.));
#7429=DIRECTION('center_axis',(-6.98089570935189E-17,1.,5.17865248023375E-18));
#7430=DIRECTION('ref_axis',(-1.,-6.98089570935189E-17,1.23259516440783E-32));
#7431=DIRECTION('center_axis',(3.43160721873506E-16,0.707106781186548,0.707106781186548));
#7432=DIRECTION('ref_axis',(1.,0.,-4.85302546947253E-16));
#7433=DIRECTION('',(-1.57009245868378E-15,0.707106781186548,-0.707106781186548));
#7434=DIRECTION('',(0.,-0.707106781186548,0.707106781186548));
#7435=DIRECTION('',(1.,6.98089570935189E-17,-5.55111504040772E-16));
#7436=DIRECTION('center_axis',(0.,1.,0.));
#7437=DIRECTION('ref_axis',(9.25185853854296E-16,-1.90792459798083E-18,
1.));
#7438=DIRECTION('',(7.85046229341889E-16,0.707106781186546,0.707106781186549));
#7439=DIRECTION('center_axis',(-6.98089570935189E-17,1.,5.17865248023375E-18));
#7440=DIRECTION('ref_axis',(9.25185853854296E-16,0.,1.));
#7441=DIRECTION('center_axis',(6.98089570935189E-17,-1.,-5.17865248023375E-18));
#7442=DIRECTION('ref_axis',(9.25185853854296E-16,-5.17865248023368E-18,
1.));
#7443=DIRECTION('center_axis',(-4.41885495770281E-16,0.707106781186548,
-0.707106781186548));
#7444=DIRECTION('ref_axis',(-1.,0.,6.24920461134291E-16));
#7445=DIRECTION('',(0.,0.707106781186548,0.707106781186548));
#7446=DIRECTION('',(1.,6.98089570935189E-17,-5.55111504040772E-16));
#7447=DIRECTION('',(-1.,-6.98089570935189E-17,5.55111504040772E-16));
#7448=DIRECTION('center_axis',(0.,1.,0.));
#7449=DIRECTION('ref_axis',(-4.62592926927148E-16,1.90792459798084E-18,
-1.));
#7450=DIRECTION('center_axis',(6.98089570935189E-17,-1.,-5.17865248023375E-18));
#7451=DIRECTION('ref_axis',(-4.62592926927148E-16,5.17865248023371E-18,
-1.));
#7452=DIRECTION('center_axis',(-6.98089570935189E-17,1.,5.17865248023375E-18));
#7453=DIRECTION('ref_axis',(-1.,-6.98089570935189E-17,1.23259516440783E-32));
#7454=DIRECTION('center_axis',(0.,1.,0.));
#7455=DIRECTION('ref_axis',(4.62592926927148E-16,-1.90792459798084E-18,
1.));
#7456=DIRECTION('',(0.,0.707106781186546,0.707106781186549));
#7457=DIRECTION('center_axis',(-6.98089570935189E-17,1.,5.17865248023375E-18));
#7458=DIRECTION('ref_axis',(4.62592926927148E-16,0.,1.));
#7459=DIRECTION('',(0.,-0.707106781186546,0.707106781186549));
#7460=DIRECTION('center_axis',(6.98089570935189E-17,-1.,-5.17865248023375E-18));
#7461=DIRECTION('ref_axis',(4.62592926927148E-16,-5.17865248023371E-18,
1.));
#7462=DIRECTION('center_axis',(-4.41885495770281E-16,0.707106781186548,
-0.707106781186548));
#7463=DIRECTION('ref_axis',(-1.,0.,6.24920461134291E-16));
#7464=DIRECTION('',(7.8504622934189E-16,0.707106781186548,0.707106781186548));
#7465=DIRECTION('',(-1.,-6.98089570935189E-17,5.55111504040772E-16));
#7466=DIRECTION('center_axis',(0.,1.,0.));
#7467=DIRECTION('ref_axis',(-9.25185853854296E-16,1.90792459798083E-18,
-1.));
#7468=DIRECTION('',(-7.85046229341889E-16,0.707106781186546,-0.707106781186549));
#7469=DIRECTION('center_axis',(6.98089570935189E-17,-1.,-5.17865248023375E-18));
#7470=DIRECTION('ref_axis',(-9.25185853854296E-16,5.17865248023368E-18,
-1.));
#7471=DIRECTION('center_axis',(3.43160721873506E-16,0.707106781186548,0.707106781186548));
#7472=DIRECTION('ref_axis',(1.,0.,-4.85302546947253E-16));
#7473=DIRECTION('',(-1.,-6.98089570935189E-17,5.55111504040772E-16));
#7474=DIRECTION('',(1.,6.98089570935189E-17,-5.55111504040772E-16));
#7475=DIRECTION('center_axis',(-5.55111504040772E-16,0.,-1.));
#7476=DIRECTION('ref_axis',(1.,6.98089570935189E-17,-5.55111504040772E-16));
#7477=DIRECTION('',(0.,-1.,0.));
#7478=DIRECTION('center_axis',(0.,-1.,0.));
#7479=DIRECTION('ref_axis',(4.62592926927148E-16,0.,1.));
#7480=DIRECTION('center_axis',(-6.98089570935189E-17,1.,5.17865248023375E-18));
#7481=DIRECTION('ref_axis',(-1.,-6.98089570935189E-17,1.23259516440783E-32));
#7482=DIRECTION('center_axis',(0.,1.,0.));
#7483=DIRECTION('ref_axis',(-1.,-2.5719089455507E-17,4.62592926927148E-16));
#7484=DIRECTION('',(-0.707106781186548,0.707106781186548,0.));
#7485=DIRECTION('center_axis',(-6.98089570935189E-17,1.,5.17865248023375E-18));
#7486=DIRECTION('ref_axis',(-1.,0.,4.62592926927148E-16));
#7487=DIRECTION('',(-0.707106781186548,-0.707106781186548,0.));
#7488=DIRECTION('center_axis',(6.98089570935189E-17,-1.,-5.17865248023375E-18));
#7489=DIRECTION('ref_axis',(-1.,-6.98089570935189E-17,4.62592926927148E-16));
#7490=DIRECTION('center_axis',(0.707106781186551,0.707106781186544,-3.88861248535714E-16));
#7491=DIRECTION('ref_axis',(-5.49932851560539E-16,0.,-1.));
#7492=DIRECTION('',(-0.707106781186544,0.707106781186551,0.));
#7493=DIRECTION('',(-5.55111504040772E-16,5.17865248023371E-18,-1.));
#7494=DIRECTION('center_axis',(0.,1.,0.));
#7495=DIRECTION('ref_axis',(1.,2.5719089455507E-17,-4.62592926927148E-16));
#7496=DIRECTION('',(0.707106781186548,0.707106781186548,0.));
#7497=DIRECTION('center_axis',(6.98089570935189E-17,-1.,-5.17865248023375E-18));
#7498=DIRECTION('ref_axis',(1.,6.98089570935189E-17,-4.62592926927148E-16));
#7499=DIRECTION('center_axis',(-0.707106781186548,0.707106781186548,3.96184969108075E-16));
#7500=DIRECTION('ref_axis',(5.60290156521006E-16,0.,1.));
#7501=DIRECTION('',(-5.55111504040772E-16,5.17865248023371E-18,-1.));
#7502=DIRECTION('',(5.55111504040772E-16,-5.17865248023371E-18,1.));
#7503=DIRECTION('center_axis',(1.,0.,-5.55111504040772E-16));
#7504=DIRECTION('ref_axis',(5.55111504040772E-16,-5.17865248023371E-18,
1.));
#7505=DIRECTION('',(0.,-1.,0.));
#7506=DIRECTION('center_axis',(0.,-1.,0.));
#7507=DIRECTION('ref_axis',(-1.,0.,4.62592926927148E-16));
#7508=DIRECTION('center_axis',(-6.98089570935189E-17,1.,5.17865248023375E-18));
#7509=DIRECTION('ref_axis',(-1.,-6.98089570935189E-17,1.23259516440783E-32));
#7510=DIRECTION('center_axis',(0.707106781186546,0.707106781186549,-3.88861248535711E-16));
#7511=DIRECTION('ref_axis',(-5.49932851560539E-16,0.,-1.));
#7512=DIRECTION('',(-0.707106781186551,0.707106781186544,0.));
#7513=DIRECTION('',(0.707106781186549,-0.707106781186546,-7.85046229341889E-16));
#7514=DIRECTION('',(-5.55111504040772E-16,5.17865248023371E-18,-1.));
#7515=DIRECTION('center_axis',(0.,1.,0.));
#7516=DIRECTION('ref_axis',(1.,2.5719089455507E-17,-1.21927614176802E-32));
#7517=DIRECTION('',(0.707106781186549,0.707106781186546,0.));
#7518=DIRECTION('center_axis',(6.98089570935189E-17,-1.,-5.17865248023375E-18));
#7519=DIRECTION('ref_axis',(1.,6.98089570935189E-17,-1.19644353152835E-32));
#7520=DIRECTION('center_axis',(-0.707106781186548,0.707106781186548,3.96184969108075E-16));
#7521=DIRECTION('ref_axis',(5.60290156521006E-16,0.,1.));
#7522=DIRECTION('',(0.707106781186548,0.707106781186548,-7.8504622934189E-16));
#7523=DIRECTION('',(-5.55111504040772E-16,5.17865248023371E-18,-1.));
#7524=DIRECTION('',(5.55111504040772E-16,-5.17865248023371E-18,1.));
#7525=DIRECTION('center_axis',(0.,1.,0.));
#7526=DIRECTION('ref_axis',(-1.,-2.5719089455507E-17,4.62592926927148E-16));
#7527=DIRECTION('center_axis',(-6.98089570935189E-17,1.,5.17865248023375E-18));
#7528=DIRECTION('ref_axis',(-1.,0.,4.62592926927148E-16));
#7529=DIRECTION('center_axis',(6.98089570935189E-17,-1.,-5.17865248023375E-18));
#7530=DIRECTION('ref_axis',(-1.,-6.98089570935189E-17,4.62592926927148E-16));
#7531=DIRECTION('center_axis',(0.,-1.,0.));
#7532=DIRECTION('ref_axis',(-1.,0.,4.62592926927148E-16));
#7533=DIRECTION('',(0.,-1.,0.));
#7534=DIRECTION('center_axis',(-6.98089570935189E-17,1.,5.17865248023375E-18));
#7535=DIRECTION('ref_axis',(-1.,-6.98089570935189E-17,1.23259516440783E-32));
#7536=DIRECTION('center_axis',(0.,1.,0.));
#7537=DIRECTION('ref_axis',(1.,2.5719089455507E-17,-4.62592926927148E-16));
#7538=DIRECTION('',(0.707106781186549,0.707106781186546,0.));
#7539=DIRECTION('',(0.707106781186549,-0.707106781186546,0.));
#7540=DIRECTION('center_axis',(6.98089570935189E-17,-1.,-5.17865248023375E-18));
#7541=DIRECTION('ref_axis',(1.,6.98089570935189E-17,-4.62592926927148E-16));
#7542=DIRECTION('center_axis',(-0.707106781186546,0.707106781186549,3.96184969108075E-16));
#7543=DIRECTION('ref_axis',(5.60290156521006E-16,0.,1.));
#7544=DIRECTION('',(0.707106781186551,0.707106781186544,0.));
#7545=DIRECTION('',(-5.55111504040772E-16,5.17865248023371E-18,-1.));
#7546=DIRECTION('',(5.55111504040772E-16,-5.17865248023371E-18,1.));
#7547=DIRECTION('center_axis',(0.,1.,0.));
#7548=DIRECTION('ref_axis',(-1.,-2.5719089455507E-17,1.21927614176802E-32));
#7549=DIRECTION('',(-0.707106781186549,0.707106781186546,0.));
#7550=DIRECTION('center_axis',(-6.98089570935189E-17,1.,5.17865248023375E-18));
#7551=DIRECTION('ref_axis',(-1.,0.,1.23259516440783E-32));
#7552=DIRECTION('center_axis',(6.98089570935189E-17,-1.,-5.17865248023375E-18));
#7553=DIRECTION('ref_axis',(-1.,-6.98089570935189E-17,1.19644353152835E-32));
#7554=DIRECTION('center_axis',(0.707106781186548,0.707106781186548,-3.88861248535712E-16));
#7555=DIRECTION('ref_axis',(-5.49932851560538E-16,0.,-1.));
#7556=DIRECTION('',(-5.55111504040772E-16,5.17865248023371E-18,-1.));
#7557=DIRECTION('center_axis',(-6.98089570935189E-17,1.,5.17865248023375E-18));
#7558=DIRECTION('ref_axis',(-1.,-6.98089570935189E-17,1.23259516440783E-32));
#7559=DIRECTION('center_axis',(0.,1.,0.));
#7560=DIRECTION('ref_axis',(-1.,-2.5719089455507E-17,4.62592926927148E-16));
#7561=DIRECTION('',(-0.707106781186548,0.707106781186548,0.));
#7562=DIRECTION('',(-0.707106781186548,-0.707106781186548,0.));
#7563=DIRECTION('center_axis',(6.98089570935189E-17,-1.,-5.17865248023375E-18));
#7564=DIRECTION('ref_axis',(-1.,-6.98089570935189E-17,4.62592926927148E-16));
#7565=DIRECTION('center_axis',(0.707106781186548,0.707106781186548,-3.88861248535712E-16));
#7566=DIRECTION('ref_axis',(-5.49932851560538E-16,0.,-1.));
#7567=DIRECTION('',(-0.707106781186548,0.707106781186548,0.));
#7568=DIRECTION('',(-5.55111504040772E-16,5.17865248023371E-18,-1.));
#7569=DIRECTION('center_axis',(0.,1.,0.));
#7570=DIRECTION('ref_axis',(1.,2.5719089455507E-17,-4.62592926927148E-16));
#7571=DIRECTION('',(0.707106781186548,0.707106781186548,0.));
#7572=DIRECTION('center_axis',(-6.98089570935189E-17,1.,5.17865248023375E-18));
#7573=DIRECTION('ref_axis',(1.,0.,-4.62592926927148E-16));
#7574=DIRECTION('center_axis',(6.98089570935189E-17,-1.,-5.17865248023375E-18));
#7575=DIRECTION('ref_axis',(1.,6.98089570935189E-17,-4.62592926927148E-16));
#7576=DIRECTION('center_axis',(-0.707106781186551,0.707106781186544,3.96184969108077E-16));
#7577=DIRECTION('ref_axis',(5.60290156521006E-16,0.,1.));
#7578=DIRECTION('',(-5.55111504040772E-16,5.17865248023371E-18,-1.));
#7579=DIRECTION('',(5.55111504040772E-16,-5.17865248023371E-18,1.));
#7580=DIRECTION('center_axis',(1.,0.,-5.55111504040772E-16));
#7581=DIRECTION('ref_axis',(5.55111504040772E-16,-5.17865248023371E-18,
1.));
#7582=DIRECTION('',(0.,-1.,0.));
#7583=DIRECTION('center_axis',(-6.98089570935189E-17,1.,5.17865248023375E-18));
#7584=DIRECTION('ref_axis',(-1.,-6.98089570935189E-17,1.23259516440783E-32));
#7585=DIRECTION('center_axis',(0.,1.,0.));
#7586=DIRECTION('ref_axis',(1.,2.5719089455507E-17,-4.62592926927148E-16));
#7587=DIRECTION('',(0.707106781186549,0.707106781186546,0.));
#7588=DIRECTION('center_axis',(-6.98089570935189E-17,1.,5.17865248023375E-18));
#7589=DIRECTION('ref_axis',(1.,0.,-4.62592926927148E-16));
#7590=DIRECTION('',(0.707106781186549,-0.707106781186546,0.));
#7591=DIRECTION('center_axis',(6.98089570935189E-17,-1.,-5.17865248023375E-18));
#7592=DIRECTION('ref_axis',(1.,6.98089570935189E-17,-4.62592926927148E-16));
#7593=DIRECTION('center_axis',(-0.707106781186548,0.707106781186548,3.96184969108075E-16));
#7594=DIRECTION('ref_axis',(5.60290156521006E-16,0.,1.));
#7595=DIRECTION('',(0.707106781186548,0.707106781186548,0.));
#7596=DIRECTION('',(-5.55111504040772E-16,5.17865248023371E-18,-1.));
#7597=DIRECTION('',(5.55111504040772E-16,-5.17865248023371E-18,1.));
#7598=DIRECTION('center_axis',(0.,1.,0.));
#7599=DIRECTION('ref_axis',(-1.,-2.5719089455507E-17,4.62592926927148E-16));
#7600=DIRECTION('',(-0.707106781186549,0.707106781186546,0.));
#7601=DIRECTION('center_axis',(6.98089570935189E-17,-1.,-5.17865248023375E-18));
#7602=DIRECTION('ref_axis',(-1.,-6.98089570935189E-17,4.62592926927148E-16));
#7603=DIRECTION('center_axis',(0.707106781186546,0.707106781186549,-3.88861248535711E-16));
#7604=DIRECTION('ref_axis',(-5.49932851560539E-16,0.,-1.));
#7605=DIRECTION('',(-5.55111504040772E-16,5.17865248023371E-18,-1.));
#7606=DIRECTION('center_axis',(0.,-1.,0.));
#7607=DIRECTION('ref_axis',(1.,0.,-4.62592926927148E-16));
#7608=DIRECTION('',(0.,-1.,0.));
#7609=DIRECTION('center_axis',(-6.98089570935189E-17,1.,5.17865248023375E-18));
#7610=DIRECTION('ref_axis',(-1.,-6.98089570935189E-17,1.23259516440783E-32));
#7611=DIRECTION('center_axis',(0.,1.,0.));
#7612=DIRECTION('ref_axis',(1.,2.5719089455507E-17,-4.62592926927148E-16));
#7613=DIRECTION('',(0.707106781186549,0.707106781186546,0.));
#7614=DIRECTION('',(0.707106781186549,-0.707106781186546,0.));
#7615=DIRECTION('center_axis',(6.98089570935189E-17,-1.,-5.17865248023375E-18));
#7616=DIRECTION('ref_axis',(1.,6.98089570935189E-17,-4.62592926927148E-16));
#7617=DIRECTION('center_axis',(-0.707106781186546,0.707106781186549,3.96184969108075E-16));
#7618=DIRECTION('ref_axis',(5.60290156521006E-16,0.,1.));
#7619=DIRECTION('',(0.707106781186551,0.707106781186544,0.));
#7620=DIRECTION('',(-5.55111504040772E-16,5.17865248023371E-18,-1.));
#7621=DIRECTION('',(5.55111504040772E-16,-5.17865248023371E-18,1.));
#7622=DIRECTION('center_axis',(0.,1.,0.));
#7623=DIRECTION('ref_axis',(-1.,-2.5719089455507E-17,4.62592926927148E-16));
#7624=DIRECTION('',(-0.707106781186549,0.707106781186546,0.));
#7625=DIRECTION('center_axis',(-6.98089570935189E-17,1.,5.17865248023375E-18));
#7626=DIRECTION('ref_axis',(-1.,0.,4.62592926927148E-16));
#7627=DIRECTION('center_axis',(6.98089570935189E-17,-1.,-5.17865248023375E-18));
#7628=DIRECTION('ref_axis',(-1.,-6.98089570935189E-17,4.62592926927148E-16));
#7629=DIRECTION('center_axis',(0.707106781186548,0.707106781186548,-3.88861248535712E-16));
#7630=DIRECTION('ref_axis',(-5.49932851560538E-16,0.,-1.));
#7631=DIRECTION('',(-5.55111504040772E-16,5.17865248023371E-18,-1.));
#7632=DIRECTION('center_axis',(-6.98089570935189E-17,1.,5.17865248023375E-18));
#7633=DIRECTION('ref_axis',(-1.,-6.98089570935189E-17,1.23259516440783E-32));
#7634=DIRECTION('center_axis',(0.,1.,0.));
#7635=DIRECTION('ref_axis',(4.62592926927148E-16,-1.90792459798084E-18,
1.));
#7636=DIRECTION('',(0.,0.707106781186548,0.707106781186548));
#7637=DIRECTION('center_axis',(-6.98089570935189E-17,1.,5.17865248023375E-18));
#7638=DIRECTION('ref_axis',(4.62592926927148E-16,0.,1.));
#7639=DIRECTION('',(0.,-0.707106781186548,0.707106781186548));
#7640=DIRECTION('center_axis',(6.98089570935189E-17,-1.,-5.17865248023375E-18));
#7641=DIRECTION('ref_axis',(4.62592926927148E-16,-5.17865248023371E-18,
1.));
#7642=DIRECTION('center_axis',(-4.41885495770283E-16,0.707106781186544,
-0.707106781186551));
#7643=DIRECTION('ref_axis',(-1.,0.,6.24920461134291E-16));
#7644=DIRECTION('',(0.,0.707106781186551,0.707106781186544));
#7645=DIRECTION('',(-1.,-6.98089570935189E-17,5.55111504040772E-16));
#7646=DIRECTION('center_axis',(0.,1.,0.));
#7647=DIRECTION('ref_axis',(-1.28206581992713E-32,1.90792459798085E-18,
-1.));
#7648=DIRECTION('',(0.,0.707106781186548,-0.707106781186548));
#7649=DIRECTION('center_axis',(6.98089570935189E-17,-1.,-5.17865248023375E-18));
#7650=DIRECTION('ref_axis',(-1.30489843016681E-32,5.17865248023375E-18,
-1.));
#7651=DIRECTION('center_axis',(3.43160721873506E-16,0.707106781186548,0.707106781186548));
#7652=DIRECTION('ref_axis',(1.,0.,-4.85302546947253E-16));
#7653=DIRECTION('',(-1.,-6.98089570935189E-17,5.55111504040772E-16));
#7654=DIRECTION('',(1.,6.98089570935189E-17,-5.55111504040772E-16));
#7655=DIRECTION('center_axis',(-5.55111504040772E-16,0.,-1.));
#7656=DIRECTION('ref_axis',(1.,6.98089570935189E-17,-5.55111504040772E-16));
#7657=DIRECTION('',(0.,-1.,0.));
#7658=DIRECTION('center_axis',(0.,-1.,0.));
#7659=DIRECTION('ref_axis',(4.62592926927148E-16,0.,1.));
#7660=DIRECTION('center_axis',(-6.98089570935189E-17,1.,5.17865248023375E-18));
#7661=DIRECTION('ref_axis',(-1.,-6.98089570935189E-17,1.23259516440783E-32));
#7662=DIRECTION('center_axis',(-4.41885495770282E-16,0.707106781186548,
-0.707106781186548));
#7663=DIRECTION('ref_axis',(-1.,0.,6.24920461134291E-16));
#7664=DIRECTION('',(0.,0.707106781186548,0.707106781186548));
#7665=DIRECTION('',(0.,-0.707106781186548,-0.707106781186548));
#7666=DIRECTION('',(-1.,-6.98089570935189E-17,5.55111504040772E-16));
#7667=DIRECTION('center_axis',(0.,1.,0.));
#7668=DIRECTION('ref_axis',(-1.28206581992713E-32,1.90792459798085E-18,
-1.));
#7669=DIRECTION('',(0.,0.707106781186546,-0.707106781186549));
#7670=DIRECTION('center_axis',(6.98089570935189E-17,-1.,-5.17865248023375E-18));
#7671=DIRECTION('ref_axis',(-1.30489843016681E-32,5.17865248023375E-18,
-1.));
#7672=DIRECTION('center_axis',(3.43160721873506E-16,0.707106781186548,0.707106781186548));
#7673=DIRECTION('ref_axis',(1.,0.,-4.85302546947253E-16));
#7674=DIRECTION('',(0.,0.707106781186548,-0.707106781186548));
#7675=DIRECTION('',(-1.,-6.98089570935189E-17,5.55111504040772E-16));
#7676=DIRECTION('',(1.,6.98089570935189E-17,-5.55111504040772E-16));
#7677=DIRECTION('center_axis',(0.,1.,0.));
#7678=DIRECTION('ref_axis',(4.62592926927148E-16,-1.90792459798084E-18,
1.));
#7679=DIRECTION('center_axis',(-6.98089570935189E-17,1.,5.17865248023375E-18));
#7680=DIRECTION('ref_axis',(4.62592926927148E-16,0.,1.));
#7681=DIRECTION('center_axis',(6.98089570935189E-17,-1.,-5.17865248023375E-18));
#7682=DIRECTION('ref_axis',(4.62592926927148E-16,-5.17865248023371E-18,
1.));
#7683=DIRECTION('center_axis',(0.,-1.,0.));
#7684=DIRECTION('ref_axis',(4.62592926927148E-16,0.,1.));
#7685=DIRECTION('',(0.,-1.,0.));
#7686=DIRECTION('center_axis',(-6.98089570935189E-17,1.,5.17865248023375E-18));
#7687=DIRECTION('ref_axis',(-1.,-6.98089570935189E-17,1.23259516440783E-32));
#7688=DIRECTION('center_axis',(0.,1.,0.));
#7689=DIRECTION('ref_axis',(-4.62592926927148E-16,1.90792459798084E-18,
-1.));
#7690=DIRECTION('',(0.,0.707106781186546,-0.707106781186549));
#7691=DIRECTION('',(0.,-0.707106781186546,-0.707106781186549));
#7692=DIRECTION('center_axis',(6.98089570935189E-17,-1.,-5.17865248023375E-18));
#7693=DIRECTION('ref_axis',(-4.62592926927148E-16,5.17865248023371E-18,
-1.));
#7694=DIRECTION('center_axis',(3.43160721873504E-16,0.707106781186551,0.707106781186544));
#7695=DIRECTION('ref_axis',(1.,0.,-4.85302546947253E-16));
#7696=DIRECTION('',(0.,0.707106781186546,-0.707106781186549));
#7697=DIRECTION('',(-1.,-6.98089570935189E-17,5.55111504040772E-16));
#7698=DIRECTION('',(1.,6.98089570935189E-17,-5.55111504040772E-16));
#7699=DIRECTION('center_axis',(0.,1.,0.));
#7700=DIRECTION('ref_axis',(1.28206581992713E-32,-1.90792459798085E-18,
1.));
#7701=DIRECTION('',(0.,0.707106781186546,0.707106781186549));
#7702=DIRECTION('center_axis',(-6.98089570935189E-17,1.,5.17865248023375E-18));
#7703=DIRECTION('ref_axis',(1.26874679728732E-32,0.,1.));
#7704=DIRECTION('center_axis',(6.98089570935189E-17,-1.,-5.17865248023375E-18));
#7705=DIRECTION('ref_axis',(1.30489843016681E-32,-5.17865248023375E-18,
1.));
#7706=DIRECTION('center_axis',(-4.4188549577028E-16,0.707106781186551,-0.707106781186544));
#7707=DIRECTION('ref_axis',(-1.,0.,6.24920461134292E-16));
#7708=DIRECTION('',(-1.,-6.98089570935189E-17,5.55111504040772E-16));
#7709=DIRECTION('center_axis',(-6.98089570935189E-17,1.,5.17865248023375E-18));
#7710=DIRECTION('ref_axis',(-1.,-6.98089570935189E-17,1.23259516440783E-32));
#7711=DIRECTION('center_axis',(5.55111504040772E-16,0.,1.));
#7712=DIRECTION('ref_axis',(-1.,-6.98089570935189E-17,5.55111504040772E-16));
#7713=DIRECTION('',(0.,-1.,0.));
#7714=DIRECTION('center_axis',(0.,-1.,0.));
#7715=DIRECTION('ref_axis',(9.25185853854296E-16,0.,1.));
#7716=DIRECTION('center_axis',(0.,-1.,0.));
#7717=DIRECTION('ref_axis',(-1.,0.,1.23259516440783E-32));
#7718=DIRECTION('',(0.,-1.,0.));
#7719=DIRECTION('center_axis',(1.,0.,-5.55111504040772E-16));
#7720=DIRECTION('ref_axis',(5.55111504040772E-16,-5.17865248023371E-18,
1.));
#7721=DIRECTION('center_axis',(1.,0.,-5.55111504040772E-16));
#7722=DIRECTION('ref_axis',(5.55111504040772E-16,-5.17865248023371E-18,
1.));
#7723=DIRECTION('center_axis',(0.,-1.,0.));
#7724=DIRECTION('ref_axis',(1.,0.,-4.62592926927148E-16));
#7725=DIRECTION('center_axis',(1.,0.,-5.55111504040772E-16));
#7726=DIRECTION('ref_axis',(5.55111504040772E-16,-5.17865248023371E-18,
1.));
#7727=DIRECTION('center_axis',(0.,-1.,0.));
#7728=DIRECTION('ref_axis',(9.25185853854296E-16,0.,1.));
#7729=DIRECTION('center_axis',(0.,-1.,0.));
#7730=DIRECTION('ref_axis',(-1.,0.,4.62592926927148E-16));
#7731=DIRECTION('',(0.,-1.,0.));
#7732=DIRECTION('center_axis',(1.,0.,-5.55111504040772E-16));
#7733=DIRECTION('ref_axis',(5.55111504040772E-16,-5.17865248023371E-18,
1.));
#7734=DIRECTION('center_axis',(-5.55111504040772E-16,0.,-1.));
#7735=DIRECTION('ref_axis',(1.,6.98089570935189E-17,-5.55111504040772E-16));
#7736=DIRECTION('center_axis',(0.,-1.,0.));
#7737=DIRECTION('ref_axis',(1.26874679728732E-32,0.,1.));
#7738=DIRECTION('',(0.,-1.,0.));
#7739=DIRECTION('center_axis',(-5.55111504040772E-16,0.,-1.));
#7740=DIRECTION('ref_axis',(1.,6.98089570935189E-17,-5.55111504040772E-16));
#7741=DIRECTION('center_axis',(-0.18189098660973,-0.983318701637541,7.91832419459962E-10));
#7742=DIRECTION('ref_axis',(-0.947606453229058,0.175285054781408,-0.267052727694222));
#7743=DIRECTION('center_axis',(1.45767689681452E-10,-0.983318701669858,
-0.181890986435021));
#7744=DIRECTION('ref_axis',(-1.,-1.51431089889798E-10,1.72484249105764E-11));
#7745=DIRECTION('center_axis',(0.,-0.983230155238571,-0.182369026508163));
#7746=DIRECTION('ref_axis',(-1.,0.,0.));
#7747=DIRECTION('center_axis',(1.26874679728732E-32,9.5156009796549E-33,
1.));
#7748=DIRECTION('ref_axis',(-0.894427190999916,0.447213595499958,0.));
#7749=DIRECTION('center_axis',(0.,0.,1.));
#7750=DIRECTION('ref_axis',(-0.599999999999997,0.800000000000002,0.));
#7751=DIRECTION('',(1.26874679728732E-32,9.5156009796549E-33,1.));
#7752=DIRECTION('center_axis',(0.,0.,-1.));
#7753=DIRECTION('ref_axis',(-1.,0.,0.));
#7754=DIRECTION('',(0.,0.,-1.));
#7755=DIRECTION('center_axis',(1.,-8.32667268468871E-16,-1.11022302462516E-15));
#7756=DIRECTION('ref_axis',(-1.11022302462516E-15,2.22044604925031E-15,
-1.));
#7757=DIRECTION('center_axis',(-1.,-1.12522603847145E-16,-1.50030138462859E-16));
#7758=DIRECTION('ref_axis',(0.,0.447213595499958,-0.894427190999916));
#7759=DIRECTION('center_axis',(1.,0.,0.));
#7760=DIRECTION('ref_axis',(0.,0.,-1.));
#7761=DIRECTION('',(1.,0.,0.));
#7762=DIRECTION('',(-1.,-1.12522603847145E-16,-1.50030138462859E-16));
#7763=DIRECTION('center_axis',(0.,0.,1.));
#7764=DIRECTION('ref_axis',(1.,0.,0.));
#7765=DIRECTION('center_axis',(-0.794077713665679,-0.595558285249258,0.121453338902032));
#7766=DIRECTION('ref_axis',(-0.276006253730832,0.175285054781409,-0.945037405329413));
#7767=DIRECTION('center_axis',(-0.189455481279204,-0.907007439232308,-0.376090581895526));
#7768=DIRECTION('ref_axis',(-0.40805408191406,0.421114598627559,-0.810033555512377));
#7769=DIRECTION('center_axis',(0.182369026508162,0.983230155238571,0.));
#7770=DIRECTION('ref_axis',(0.,0.,-1.));
#7771=DIRECTION('center_axis',(0.121453338902032,-0.595558285249263,-0.794077713665675));
#7772=DIRECTION('ref_axis',(-0.945037405329412,0.175285054781407,-0.276006253730837));
#7773=DIRECTION('center_axis',(1.,0.,-1.26874679728732E-32));
#7774=DIRECTION('ref_axis',(-1.26874679728732E-32,5.17865248023375E-18,
-1.));
#7775=DIRECTION('',(0.,1.,0.));
#7776=DIRECTION('',(-1.26874679728732E-32,0.,-1.));
#7777=DIRECTION('',(0.,1.,0.));
#7778=DIRECTION('center_axis',(0.,1.,0.));
#7779=DIRECTION('ref_axis',(-1.,0.,1.23259516440783E-32));
#7780=DIRECTION('',(0.,1.,0.));
#7781=DIRECTION('center_axis',(0.,-1.,0.));
#7782=DIRECTION('ref_axis',(-1.,0.,1.23259516440783E-32));
#7783=DIRECTION('center_axis',(-9.61130210412003E-82,-1.,0.));
#7784=DIRECTION('ref_axis',(-1.,0.,0.));
#7785=DIRECTION('center_axis',(0.,1.,0.));
#7786=DIRECTION('ref_axis',(-0.145574265756581,0.,-0.989347326852118));
#7787=DIRECTION('center_axis',(0.,1.,0.));
#7788=DIRECTION('ref_axis',(0.145574265756583,0.,-0.989347326852118));
#7789=DIRECTION('center_axis',(9.61130210412003E-82,1.,0.));
#7790=DIRECTION('ref_axis',(1.,-9.61130210412003E-82,0.));
#7791=DIRECTION('center_axis',(9.61130210412003E-82,1.,0.));
#7792=DIRECTION('ref_axis',(1.,-9.61130210412003E-82,0.));
#7793=DIRECTION('center_axis',(-0.973937531402689,-5.40643935954926E-16,
0.226816412380664));
#7794=DIRECTION('ref_axis',(-5.55111512312578E-16,1.,0.));
#7795=DIRECTION('center_axis',(0.,0.,1.));
#7796=DIRECTION('ref_axis',(-0.707106781186547,0.707106781186548,0.));
#7797=DIRECTION('center_axis',(-0.8,0.,0.6));
#7798=DIRECTION('ref_axis',(-0.6,0.,-0.8));
#7799=DIRECTION('center_axis',(-8.16486220253872E-10,-0.983318701636308,
-0.181890986616397));
#7800=DIRECTION('ref_axis',(0.267052727693242,0.175285054781408,-0.947606453229334));
#7801=DIRECTION('center_axis',(0.181890986435026,-0.983318701669857,1.45767973626271E-10));
#7802=DIRECTION('ref_axis',(-1.72528658026749E-11,-1.51432200112822E-10,
-1.));
#7803=DIRECTION('center_axis',(0.182369026508164,-0.983230155238571,-2.18320951370326E-15));
#7804=DIRECTION('ref_axis',(0.,2.22044604925031E-15,-1.));
#7805=DIRECTION('center_axis',(-1.,9.24446373305876E-33,1.23259516440783E-32));
#7806=DIRECTION('ref_axis',(0.,0.447213595499958,-0.894427190999916));
#7807=DIRECTION('center_axis',(-1.,0.,0.));
#7808=DIRECTION('ref_axis',(0.,0.799999999999999,-0.600000000000001));
#7809=DIRECTION('',(-1.,9.24446373305876E-33,1.23259516440783E-32));
#7810=DIRECTION('center_axis',(1.,0.,0.));
#7811=DIRECTION('ref_axis',(0.,0.,-1.));
#7812=DIRECTION('',(1.,0.,0.));
#7813=DIRECTION('center_axis',(0.,-1.38777878078144E-15,1.));
#7814=DIRECTION('ref_axis',(1.,0.,0.));
#7815=DIRECTION('center_axis',(-7.50150692314292E-17,5.62613019235719E-17,
-1.));
#7816=DIRECTION('ref_axis',(0.894427190999916,0.447213595499958,0.));
#7817=DIRECTION('center_axis',(0.,0.,1.));
#7818=DIRECTION('ref_axis',(1.,0.,0.));
#7819=DIRECTION('',(0.,0.,1.));
#7820=DIRECTION('',(-7.50150692314292E-17,5.62613019235719E-17,-1.));
#7821=DIRECTION('center_axis',(0.189455481279207,-0.907007439232305,-0.376090581895533));
#7822=DIRECTION('ref_axis',(0.408054081914056,0.421114598627567,-0.810033555512375));
#7823=DIRECTION('center_axis',(-0.121453338902033,-0.59555828524926,-0.794077713665677));
#7824=DIRECTION('ref_axis',(0.945037405329413,0.175285054781407,-0.276006253730836));
#7825=DIRECTION('center_axis',(0.,0.,1.));
#7826=DIRECTION('ref_axis',(1.,0.,0.));
#7827=DIRECTION('center_axis',(0.,0.983230155238571,0.182369026508165));
#7828=DIRECTION('ref_axis',(1.,0.,0.));
#7829=DIRECTION('center_axis',(0.794077713665678,-0.595558285249258,0.121453338902035));
#7830=DIRECTION('ref_axis',(0.276006253730835,0.17528505478141,-0.945037405329412));
#7831=DIRECTION('center_axis',(1.23259516440783E-32,0.,1.));
#7832=DIRECTION('ref_axis',(1.,6.98089570935189E-17,-1.23259516440783E-32));
#7833=DIRECTION('',(0.,1.,0.));
#7834=DIRECTION('',(1.,0.,-1.23259516440783E-32));
#7835=DIRECTION('',(0.,1.,0.));
#7836=DIRECTION('center_axis',(0.,1.,0.));
#7837=DIRECTION('ref_axis',(-2.01858731750029E-15,0.,-1.));
#7838=DIRECTION('',(0.,1.,0.));
#7839=DIRECTION('center_axis',(0.,-1.,0.));
#7840=DIRECTION('ref_axis',(-2.01858731750029E-15,0.,-1.));
#7841=DIRECTION('center_axis',(-9.61130210412003E-82,-1.,0.));
#7842=DIRECTION('ref_axis',(1.,-1.92226042082401E-81,-1.89882151931499E-15));
#7843=DIRECTION('center_axis',(0.,1.,0.));
#7844=DIRECTION('ref_axis',(0.989347326852115,0.,-0.145574265756601));
#7845=DIRECTION('center_axis',(-1.40363420536431E-17,1.,9.53933541576138E-17));
#7846=DIRECTION('ref_axis',(0.989347326852116,0.,0.145574265756598));
#7847=DIRECTION('center_axis',(9.61130210412003E-82,1.,0.));
#7848=DIRECTION('ref_axis',(1.,-9.61130210412003E-82,0.));
#7849=DIRECTION('center_axis',(9.61130210412003E-82,1.,0.));
#7850=DIRECTION('ref_axis',(1.,-9.61130210412003E-82,0.));
#7851=DIRECTION('center_axis',(-0.226816412380667,0.,-0.973937531402689));
#7852=DIRECTION('ref_axis',(0.,1.,0.));
#7853=DIRECTION('center_axis',(-1.,0.,0.));
#7854=DIRECTION('ref_axis',(0.,0.707106781186548,-0.707106781186547));
#7855=DIRECTION('center_axis',(-0.6,0.,-0.8));
#7856=DIRECTION('ref_axis',(0.8,2.22044604925031E-16,-0.6));
#7857=DIRECTION('center_axis',(-0.181890986431261,-0.983318701670553,-1.31851494646927E-10));
#7858=DIRECTION('ref_axis',(1.56052948341312E-11,-1.36974875886153E-10,
1.));
#7859=DIRECTION('center_axis',(-0.182369026508166,-0.983230155238571,-2.18320951370326E-15));
#7860=DIRECTION('ref_axis',(0.,-2.22044604925031E-15,1.));
#7861=DIRECTION('center_axis',(7.91831327756899E-10,-0.983318701637541,
0.18189098660973));
#7862=DIRECTION('ref_axis',(-0.267052727694218,0.175285054781409,0.947606453229059));
#7863=DIRECTION('center_axis',(1.,9.24446373305876E-33,-1.23259516440783E-32));
#7864=DIRECTION('ref_axis',(0.,0.447213595499958,0.894427190999916));
#7865=DIRECTION('center_axis',(1.,0.,0.));
#7866=DIRECTION('ref_axis',(0.,0.799999999999999,0.600000000000001));
#7867=DIRECTION('',(1.,9.24446373305876E-33,-1.23259516440783E-32));
#7868=DIRECTION('center_axis',(-1.,0.,0.));
#7869=DIRECTION('ref_axis',(0.,0.,1.));
#7870=DIRECTION('',(-1.,0.,0.));
#7871=DIRECTION('center_axis',(0.,0.,-1.));
#7872=DIRECTION('ref_axis',(-1.,0.,0.));
#7873=DIRECTION('center_axis',(1.26874679728732E-32,9.51560097965492E-33,
1.));
#7874=DIRECTION('ref_axis',(-0.894427190999916,0.447213595499958,0.));
#7875=DIRECTION('center_axis',(0.,0.,-1.));
#7876=DIRECTION('ref_axis',(-1.,0.,0.));
#7877=DIRECTION('',(0.,0.,-1.));
#7878=DIRECTION('',(1.26874679728732E-32,9.51560097965492E-33,1.));
#7879=DIRECTION('center_axis',(0.,0.,1.));
#7880=DIRECTION('ref_axis',(-0.894427190999917,0.447213595499957,0.));
#7881=DIRECTION('center_axis',(0.,0.983230155238571,-0.182369026508166));
#7882=DIRECTION('ref_axis',(-1.,0.,0.));
#7883=DIRECTION('center_axis',(-0.794077713665677,-0.595558285249261,-0.121453338902031));
#7884=DIRECTION('ref_axis',(-0.276006253730832,0.175285054781411,0.945037405329413));
#7885=DIRECTION('center_axis',(-0.189455481279207,-0.907007439232306,0.37609058189553));
#7886=DIRECTION('ref_axis',(-0.40805408191406,0.421114598627565,0.810033555512374));
#7887=DIRECTION('center_axis',(0.12145333890203,-0.595558285249259,0.794077713665678));
#7888=DIRECTION('ref_axis',(-0.945037405329414,0.175285054781408,0.27600625373083));
#7889=DIRECTION('center_axis',(-1.23259516440783E-32,0.,-1.));
#7890=DIRECTION('ref_axis',(-1.,-6.98089570935189E-17,1.23259516440783E-32));
#7891=DIRECTION('',(0.,1.,0.));
#7892=DIRECTION('',(-1.,0.,1.23259516440783E-32));
#7893=DIRECTION('',(0.,1.,0.));
#7894=DIRECTION('center_axis',(0.,1.,0.));
#7895=DIRECTION('ref_axis',(1.26874679728732E-32,0.,1.));
#7896=DIRECTION('',(0.,1.,0.));
#7897=DIRECTION('center_axis',(0.,-1.,0.));
#7898=DIRECTION('ref_axis',(1.26874679728732E-32,0.,1.));
#7899=DIRECTION('center_axis',(-9.61130210412003E-82,-1.,0.));
#7900=DIRECTION('ref_axis',(-1.,0.,0.));
#7901=DIRECTION('center_axis',(9.61130210412003E-82,1.,0.));
#7902=DIRECTION('ref_axis',(1.,-9.61130210412003E-82,0.));
#7903=DIRECTION('center_axis',(9.61130210412003E-82,1.,0.));
#7904=DIRECTION('ref_axis',(1.,-9.61130210412003E-82,0.));
#7905=DIRECTION('center_axis',(0.,1.,0.));
#7906=DIRECTION('ref_axis',(-0.989347326852111,0.,0.145574265756634));
#7907=DIRECTION('center_axis',(0.,1.,0.));
#7908=DIRECTION('ref_axis',(-0.98934732685211,0.,-0.145574265756635));
#7909=DIRECTION('center_axis',(0.226816412380661,5.40643935954926E-16,0.97393753140269));
#7910=DIRECTION('ref_axis',(0.,1.,-5.55111512312578E-16));
#7911=DIRECTION('center_axis',(1.,0.,0.));
#7912=DIRECTION('ref_axis',(0.,0.707106781186548,0.707106781186547));
#7913=DIRECTION('center_axis',(0.6,-7.40148683083438E-17,0.8));
#7914=DIRECTION('ref_axis',(-0.8,2.22044604925031E-16,0.6));
#7915=DIRECTION('center_axis',(-1.31851778591745E-10,-0.983318701670553,
0.181890986431261));
#7916=DIRECTION('ref_axis',(1.,-1.36975986109178E-10,-1.56097357262297E-11));
#7917=DIRECTION('center_axis',(0.,-0.983230155238571,0.182369026508164));
#7918=DIRECTION('ref_axis',(1.,0.,0.));
#7919=DIRECTION('center_axis',(0.181890986616396,-0.983318701636308,-8.16485696440444E-10));
#7920=DIRECTION('ref_axis',(0.947606453229336,0.175285054781407,0.267052727693235));
#7921=DIRECTION('center_axis',(-1.26874679728732E-32,9.5156009796549E-33,
-1.));
#7922=DIRECTION('ref_axis',(0.894427190999916,0.447213595499958,0.));
#7923=DIRECTION('center_axis',(0.,0.,-1.));
#7924=DIRECTION('ref_axis',(0.599999999999999,0.8,0.));
#7925=DIRECTION('',(-1.26874679728732E-32,9.5156009796549E-33,-1.));
#7926=DIRECTION('center_axis',(0.,0.,1.));
#7927=DIRECTION('ref_axis',(1.,0.,0.));
#7928=DIRECTION('',(0.,0.,1.));
#7929=DIRECTION('center_axis',(-1.,0.,0.));
#7930=DIRECTION('ref_axis',(0.,-2.22044604925031E-15,1.));
#7931=DIRECTION('center_axis',(1.,9.24446373305876E-33,-1.23259516440783E-32));
#7932=DIRECTION('ref_axis',(0.,0.447213595499958,0.894427190999916));
#7933=DIRECTION('center_axis',(-1.,0.,0.));
#7934=DIRECTION('ref_axis',(0.,0.,1.));
#7935=DIRECTION('',(-1.,0.,0.));
#7936=DIRECTION('',(1.,9.24446373305876E-33,-1.23259516440783E-32));
#7937=DIRECTION('center_axis',(0.189455481279211,-0.907007439232305,0.37609058189553));
#7938=DIRECTION('ref_axis',(0.408054081914063,0.421114598627565,0.810033555512373));
#7939=DIRECTION('center_axis',(-0.182369026508165,0.983230155238571,0.));
#7940=DIRECTION('ref_axis',(0.,0.,1.));
#7941=DIRECTION('center_axis',(-0.121453338902029,-0.595558285249261,0.794077713665677));
#7942=DIRECTION('ref_axis',(0.945037405329414,0.175285054781411,0.276006253730828));
#7943=DIRECTION('center_axis',(0.,0.,1.));
#7944=DIRECTION('ref_axis',(1.,0.,0.));
#7945=DIRECTION('center_axis',(0.794077713665679,-0.595558285249257,-0.121453338902036));
#7946=DIRECTION('ref_axis',(0.276006253730837,0.175285054781409,0.945037405329412));
#7947=DIRECTION('center_axis',(-1.,0.,1.26874679728732E-32));
#7948=DIRECTION('ref_axis',(1.26874679728732E-32,-5.17865248023375E-18,
1.));
#7949=DIRECTION('',(0.,1.,0.));
#7950=DIRECTION('',(1.26874679728732E-32,0.,1.));
#7951=DIRECTION('',(0.,1.,0.));
#7952=DIRECTION('center_axis',(0.,1.,0.));
#7953=DIRECTION('ref_axis',(1.,0.,-1.23259516440783E-32));
#7954=DIRECTION('',(0.,1.,0.));
#7955=DIRECTION('center_axis',(0.,-1.,0.));
#7956=DIRECTION('ref_axis',(1.,0.,-1.23259516440783E-32));
#7957=DIRECTION('center_axis',(-9.61130210412003E-82,-1.,0.));
#7958=DIRECTION('ref_axis',(-1.,0.,0.));
#7959=DIRECTION('center_axis',(9.61130210412003E-82,1.,0.));
#7960=DIRECTION('ref_axis',(1.,-9.61130210412003E-82,0.));
#7961=DIRECTION('center_axis',(9.61130210412003E-82,1.,0.));
#7962=DIRECTION('ref_axis',(1.,-9.61130210412003E-82,0.));
#7963=DIRECTION('center_axis',(0.,1.,0.));
#7964=DIRECTION('ref_axis',(0.145574265756622,0.,0.989347326852112));
#7965=DIRECTION('center_axis',(0.,1.,0.));
#7966=DIRECTION('ref_axis',(-0.145574265756619,0.,0.989347326852113));
#7967=DIRECTION('center_axis',(0.973937531402688,-1.08128787190985E-15,
-0.226816412380668));
#7968=DIRECTION('ref_axis',(1.11022302462516E-15,1.,0.));
#7969=DIRECTION('center_axis',(0.,0.,-1.));
#7970=DIRECTION('ref_axis',(0.707106781186547,0.707106781186548,0.));
#7971=DIRECTION('center_axis',(0.8,0.,-0.6));
#7972=DIRECTION('ref_axis',(0.6,0.,0.8));
#7973=DIRECTION('center_axis',(-0.226816412380661,0.,0.97393753140269));
#7974=DIRECTION('ref_axis',(0.958858762081062,0.175285054781409,0.223304778163504));
#7975=DIRECTION('center_axis',(0.06333671896501,-2.12222142988924E-11,0.997992214413894));
#7976=DIRECTION('ref_axis',(0.982541023859583,0.175285054781409,-0.0623561224198677));
#7977=DIRECTION('center_axis',(0.0633367189650091,-2.12219373004083E-11,
-0.997992214413894));
#7978=DIRECTION('ref_axis',(3.35065308831873E-10,1.,0.));
#7979=DIRECTION('center_axis',(0.,1.,0.));
#7980=DIRECTION('ref_axis',(0.,0.,1.));
#7981=DIRECTION('center_axis',(0.,1.,0.));
#7982=DIRECTION('ref_axis',(0.,0.,1.));
#7983=DIRECTION('center_axis',(0.,0.,-1.));
#7984=DIRECTION('ref_axis',(0.707106781186548,0.707106781186547,0.));
#7985=DIRECTION('center_axis',(0.973937531402689,1.08128787190985E-15,0.226816412380666));
#7986=DIRECTION('ref_axis',(0.223304778163509,0.175285054781408,-0.958858762081061));
#7987=DIRECTION('center_axis',(0.997992214413896,-2.12216560288607E-11,
-0.0633367189649711));
#7988=DIRECTION('ref_axis',(-0.0623561224198295,0.175285054781409,-0.982541023859585));
#7989=DIRECTION('center_axis',(-0.997992214413896,-2.12219373003956E-11,
-0.0633367189649715));
#7990=DIRECTION('ref_axis',(0.,1.,-3.35065308831872E-10));
#7991=DIRECTION('center_axis',(0.,1.,0.));
#7992=DIRECTION('ref_axis',(0.,0.,1.));
#7993=DIRECTION('center_axis',(0.,1.,0.));
#7994=DIRECTION('ref_axis',(0.,0.,1.));
#7995=DIRECTION('center_axis',(-1.,0.,0.));
#7996=DIRECTION('ref_axis',(0.,0.707106781186548,-0.707106781186547));
#7997=DIRECTION('center_axis',(0.226816412380667,1.08128787190985E-15,-0.973937531402689));
#7998=DIRECTION('ref_axis',(-0.95885876208106,0.17528505478141,-0.22330477816351));
#7999=DIRECTION('center_axis',(-0.06333671896508,-2.12213833034646E-11,
-0.997992214413889));
#8000=DIRECTION('ref_axis',(-0.982541023859579,0.175285054781408,0.0623561224199368));
#8001=DIRECTION('center_axis',(-0.0633367189650798,-2.1221937300432E-11,
0.997992214413889));
#8002=DIRECTION('ref_axis',(-3.35065308831872E-10,1.,0.));
#8003=DIRECTION('center_axis',(0.,1.,0.));
#8004=DIRECTION('ref_axis',(0.,0.,1.));
#8005=DIRECTION('center_axis',(0.,1.,0.));
#8006=DIRECTION('ref_axis',(0.,0.,1.));
#8007=DIRECTION('center_axis',(0.,1.,0.));
#8008=DIRECTION('ref_axis',(-1.,0.,-1.00929365875014E-15));
#8009=DIRECTION('',(0.,1.,0.));
#8010=DIRECTION('center_axis',(0.,-1.,0.));
#8011=DIRECTION('ref_axis',(-1.,0.,-1.00929365875014E-15));
#8012=DIRECTION('',(0.,1.,0.));
#8013=DIRECTION('center_axis',(-1.50030138462859E-16,0.,1.));
#8014=DIRECTION('ref_axis',(1.,6.98089570935189E-17,1.50030138462859E-16));
#8015=DIRECTION('',(1.,0.,1.50030138462859E-16));
#8016=DIRECTION('center_axis',(-1.,0.,0.));
#8017=DIRECTION('ref_axis',(0.,0.707106781186548,-0.707106781186547));
#8018=DIRECTION('center_axis',(0.6,0.,-0.8));
#8019=DIRECTION('ref_axis',(-0.8,0.,-0.6));
#8020=DIRECTION('center_axis',(-2.77555756156291E-16,0.,1.));
#8021=DIRECTION('ref_axis',(-0.707106781186548,0.707106781186547,-2.61682076447295E-16));
#8022=DIRECTION('center_axis',(-0.973937531402689,-1.62193180786478E-15,
-0.226816412380665));
#8023=DIRECTION('ref_axis',(-0.223304778163508,0.175285054781409,0.958858762081061));
#8024=DIRECTION('center_axis',(-0.997992214413891,-2.12219373004219E-11,
0.0633367189650498));
#8025=DIRECTION('ref_axis',(0.0623561224199069,0.175285054781409,0.98254102385958));
#8026=DIRECTION('center_axis',(0.997992214413891,-2.1221660301938E-11,0.0633367189650492));
#8027=DIRECTION('ref_axis',(-2.7755575615629E-16,1.,3.35065308831873E-10));
#8028=DIRECTION('center_axis',(0.,1.,0.));
#8029=DIRECTION('ref_axis',(0.,0.,1.));
#8030=DIRECTION('center_axis',(0.,1.,0.));
#8031=DIRECTION('ref_axis',(0.,0.,1.));
#8032=DIRECTION('center_axis',(0.,1.,0.));
#8033=DIRECTION('ref_axis',(2.52323414687536E-16,0.,1.));
#8034=DIRECTION('',(0.,1.,0.));
#8035=DIRECTION('center_axis',(0.,-1.,0.));
#8036=DIRECTION('ref_axis',(2.52323414687536E-16,0.,1.));
#8037=DIRECTION('',(0.,1.,0.));
#8038=DIRECTION('center_axis',(1.,0.,-1.26874679728732E-32));
#8039=DIRECTION('ref_axis',(-1.26874679728732E-32,5.17865248023375E-18,
-1.));
#8040=DIRECTION('',(-1.26874679728732E-32,0.,-1.));
#8041=DIRECTION('center_axis',(0.,0.,1.));
#8042=DIRECTION('ref_axis',(-0.707106781186547,0.707106781186548,0.));
#8043=DIRECTION('center_axis',(-0.8,3.70074341541718E-17,-0.6));
#8044=DIRECTION('ref_axis',(-0.6,2.22044604925031E-16,0.8));
#8045=DIRECTION('center_axis',(1.,0.,0.));
#8046=DIRECTION('ref_axis',(0.,0.707106781186548,0.707106781186547));
#8047=DIRECTION('center_axis',(-9.61130210412003E-82,-1.,0.));
#8048=DIRECTION('ref_axis',(-1.,0.,0.));
#8049=DIRECTION('center_axis',(-9.61130210412003E-82,-1.,0.));
#8050=DIRECTION('ref_axis',(-1.,0.,0.));
#8051=DIRECTION('center_axis',(-9.61130210412003E-82,-1.,0.));
#8052=DIRECTION('ref_axis',(-1.,0.,0.));
#8053=DIRECTION('center_axis',(-9.61130210412003E-82,-1.,0.));
#8054=DIRECTION('ref_axis',(-1.,0.,0.));
#8055=DIRECTION('center_axis',(-9.61130210412003E-82,-1.,0.));
#8056=DIRECTION('ref_axis',(-1.,0.,0.));
#8057=DIRECTION('center_axis',(-9.61130210412003E-82,-1.,0.));
#8058=DIRECTION('ref_axis',(-1.,0.,0.));
#8059=DIRECTION('center_axis',(-9.61130210412003E-82,-1.,0.));
#8060=DIRECTION('ref_axis',(-1.,0.,0.));
#8061=DIRECTION('center_axis',(-9.61130210412003E-82,-1.,0.));
#8062=DIRECTION('ref_axis',(-1.,0.,0.));
#8063=DIRECTION('center_axis',(-1.,0.,1.26874679728732E-32));
#8064=DIRECTION('ref_axis',(1.26874679728732E-32,-5.17865248023375E-18,
1.));
#8065=DIRECTION('',(0.,1.,0.));
#8066=DIRECTION('',(1.26874679728732E-32,0.,1.));
#8067=DIRECTION('center_axis',(0.,1.,0.));
#8068=DIRECTION('ref_axis',(1.,0.,-1.51394048812522E-15));
#8069=DIRECTION('',(0.,1.,0.));
#8070=DIRECTION('center_axis',(0.,-1.,0.));
#8071=DIRECTION('ref_axis',(1.,0.,-1.51394048812522E-15));
#8072=DIRECTION('center_axis',(-1.23259516440783E-32,0.,-1.));
#8073=DIRECTION('ref_axis',(-1.,-6.98089570935189E-17,1.23259516440783E-32));
#8074=DIRECTION('',(-1.,0.,1.23259516440783E-32));
#8075=DIRECTION('center_axis',(1.,0.,0.));
#8076=DIRECTION('ref_axis',(0.,0.707106781186548,0.707106781186547));
#8077=DIRECTION('center_axis',(-0.6,0.,0.8));
#8078=DIRECTION('ref_axis',(0.8,0.,0.6));
#8079=DIRECTION('center_axis',(1.23259516440783E-32,0.,1.));
#8080=DIRECTION('ref_axis',(1.,6.98089570935189E-17,-1.23259516440783E-32));
#8081=DIRECTION('',(0.,1.,0.));
#8082=DIRECTION('',(1.,0.,-1.23259516440783E-32));
#8083=DIRECTION('center_axis',(0.,1.,0.));
#8084=DIRECTION('ref_axis',(-1.51394048812522E-15,0.,-1.));
#8085=DIRECTION('',(0.,1.,0.));
#8086=DIRECTION('center_axis',(0.,-1.,0.));
#8087=DIRECTION('ref_axis',(-1.51394048812522E-15,0.,-1.));
#8088=DIRECTION('center_axis',(-1.,0.,7.50150692314292E-17));
#8089=DIRECTION('ref_axis',(7.50150692314292E-17,-5.17865248023374E-18,
1.));
#8090=DIRECTION('',(7.50150692314292E-17,0.,1.));
#8091=DIRECTION('center_axis',(0.,0.,-1.));
#8092=DIRECTION('ref_axis',(0.707106781186547,0.707106781186548,0.));
#8093=DIRECTION('center_axis',(0.8,0.,0.6));
#8094=DIRECTION('ref_axis',(0.6,2.22044604925031E-16,-0.8));
#8095=DIRECTION('center_axis',(1.,0.,-1.26874679728732E-32));
#8096=DIRECTION('ref_axis',(-1.26874679728732E-32,5.17865248023375E-18,
-1.));
#8097=DIRECTION('',(-1.26874679728732E-32,0.,-1.));
#8098=DIRECTION('center_axis',(-1.23259516440783E-32,0.,-1.));
#8099=DIRECTION('ref_axis',(-1.,-6.98089570935189E-17,1.23259516440783E-32));
#8100=DIRECTION('',(-1.,0.,1.23259516440783E-32));
#8101=DIRECTION('center_axis',(0.,-1.,-5.17865248023375E-18));
#8102=DIRECTION('ref_axis',(1.,3.83949264014354E-17,1.98833980837186E-34));
#8103=DIRECTION('center_axis',(-6.98089570935189E-17,1.,5.17865248023375E-18));
#8104=DIRECTION('ref_axis',(1.,0.,0.));
#8105=DIRECTION('',(-0.707106781186548,-0.707106781186547,8.29337453373676E-17));
#8106=DIRECTION('center_axis',(6.98089570935189E-17,-1.,-5.17865248023375E-18));
#8107=DIRECTION('ref_axis',(1.,6.98089570935189E-17,3.61516328794883E-34));
#8108=DIRECTION('center_axis',(6.98089570935189E-17,-1.,-5.17865248023375E-18));
#8109=DIRECTION('ref_axis',(1.,6.98089570935189E-17,-1.23259516440783E-32));
#8110=DIRECTION('',(-1.48029736616687E-16,5.17865248023374E-18,-1.));
#8111=DIRECTION('center_axis',(-6.98089570935189E-17,1.,5.17865248023375E-18));
#8112=DIRECTION('ref_axis',(1.,6.98089570935189E-17,-1.23259516440783E-32));
#8113=DIRECTION('',(1.,6.98089570935189E-17,5.84327907697451E-16));
#8114=DIRECTION('center_axis',(-6.98089570935189E-17,1.,5.17865248023375E-18));
#8115=DIRECTION('ref_axis',(1.26874679728732E-32,-5.17865248023375E-18,
1.));
#8116=DIRECTION('',(1.26874679728732E-32,-5.17865248023375E-18,1.));
#8117=DIRECTION('center_axis',(6.98089570935189E-17,-1.,-5.17865248023375E-18));
#8118=DIRECTION('ref_axis',(-1.26874679728732E-32,5.17865248023375E-18,
-1.));
#8119=DIRECTION('',(1.,6.98089570935189E-17,-1.48029736616688E-16));
#8120=DIRECTION('center_axis',(-6.98089570935189E-17,1.,5.17865248023375E-18));
#8121=DIRECTION('ref_axis',(1.26874679728732E-32,-5.17865248023375E-18,
1.));
#8122=DIRECTION('',(1.26874679728732E-32,-5.17865248023375E-18,1.));
#8123=DIRECTION('center_axis',(-6.98089570935189E-17,1.,5.17865248023375E-18));
#8124=DIRECTION('ref_axis',(-1.,-6.98089570935189E-17,-7.93016446160825E-16));
#8125=DIRECTION('',(-1.,-6.98089570935189E-17,1.48029736616688E-16));
#8126=DIRECTION('center_axis',(6.98089570935189E-17,-1.,-5.17865248023375E-18));
#8127=DIRECTION('ref_axis',(1.,6.98089570935189E-17,1.85037170770859E-15));
#8128=DIRECTION('',(1.48029736616687E-16,-5.17865248023374E-18,1.));
#8129=DIRECTION('center_axis',(-6.98089570935189E-17,1.,5.17865248023375E-18));
#8130=DIRECTION('ref_axis',(-1.,-6.98089570935189E-17,1.23259516440783E-32));
#8131=DIRECTION('',(-1.,-6.98089570935189E-17,-5.84327907697451E-16));
#8132=DIRECTION('center_axis',(-6.98089570935189E-17,1.,5.17865248023375E-18));
#8133=DIRECTION('ref_axis',(1.98254111540206E-15,5.17865248023388E-18,-1.));
#8134=DIRECTION('',(-1.48029736616687E-16,5.17865248023374E-18,-1.));
#8135=DIRECTION('center_axis',(6.98089570935189E-17,-1.,-5.17865248023375E-18));
#8136=DIRECTION('ref_axis',(1.26874679728732E-32,-5.17865248023375E-18,
1.));
#8137=DIRECTION('',(-1.,-6.98089570935189E-17,1.48029736616688E-16));
#8138=DIRECTION('center_axis',(-6.98089570935189E-17,1.,5.17865248023375E-18));
#8139=DIRECTION('ref_axis',(-1.26874679728732E-32,5.17865248023375E-18,
-1.));
#8140=DIRECTION('',(5.84327907697458E-16,5.17865248023379E-18,-1.));
#8141=DIRECTION('center_axis',(-6.98089570935189E-17,1.,5.17865248023375E-18));
#8142=DIRECTION('ref_axis',(1.,6.98089570935189E-17,1.98254111540206E-15));
#8143=DIRECTION('',(1.,6.98089570935189E-17,-1.48029736616688E-16));
#8144=DIRECTION('center_axis',(6.98089570935189E-17,-1.,-5.17865248023375E-18));
#8145=DIRECTION('ref_axis',(-1.,-6.98089570935189E-17,-1.85037170770859E-15));
#8146=DIRECTION('center_axis',(6.98089570935189E-17,-1.,-5.17865248023375E-18));
#8147=DIRECTION('ref_axis',(1.,6.98089570935189E-17,3.61516328794883E-34));
#8148=DIRECTION('center_axis',(6.98089570935189E-17,-1.,-5.17865248023375E-18));
#8149=DIRECTION('ref_axis',(1.,6.98089570935189E-17,3.61516328794883E-34));
#8150=DIRECTION('',(0.,-5.17865248023375E-18,1.));
#8151=DIRECTION('center_axis',(6.98089570935189E-17,-1.,-5.17865248023375E-18));
#8152=DIRECTION('ref_axis',(0.707106781186546,0.,-0.707106781186549));
#8153=DIRECTION('',(1.,6.98089570935189E-17,6.53072367426564E-17));
#8154=DIRECTION('',(5.17865248023375E-18,5.17865248023375E-18,-1.));
#8155=DIRECTION('',(-1.,-6.98089570935189E-17,6.53072367426564E-17));
#8156=DIRECTION('center_axis',(6.98089570935189E-17,-1.,-5.17865248023375E-18));
#8157=DIRECTION('ref_axis',(0.707106781186549,0.,0.707106781186546));
#8158=DIRECTION('center_axis',(6.98089570935189E-17,-1.,-5.17865248023375E-18));
#8159=DIRECTION('ref_axis',(0.707106781186546,0.,-0.707106781186549));
#8160=DIRECTION('',(1.,6.98089570935189E-17,0.));
#8161=DIRECTION('center_axis',(6.98089570935189E-17,-1.,-5.17865248023375E-18));
#8162=DIRECTION('ref_axis',(-0.707106781186549,0.,-0.707106781186546));
#8163=DIRECTION('',(-6.53072367426561E-17,5.17865248023374E-18,-1.));
#8164=DIRECTION('',(-1.,-6.98089570935189E-17,6.98089570935189E-17));
#8165=DIRECTION('',(0.,-5.17865248023375E-18,1.));
#8166=DIRECTION('',(-1.,-6.98089570935189E-17,0.));
#8167=DIRECTION('center_axis',(6.98089570935189E-17,-1.,-5.17865248023375E-18));
#8168=DIRECTION('ref_axis',(0.707106781186549,0.,0.707106781186546));
#8169=DIRECTION('',(6.53072367426561E-17,-5.17865248023374E-18,1.));
#8170=DIRECTION('',(1.,6.98089570935189E-17,6.98089570935189E-17));
#8171=DIRECTION('',(0.,5.17865248023375E-18,-1.));
#8172=DIRECTION('center_axis',(6.98089570935189E-17,-1.,-5.17865248023375E-18));
#8173=DIRECTION('ref_axis',(-0.707106781186546,0.,0.707106781186549));
#8174=DIRECTION('',(4.62592926927153E-16,5.17865248023378E-18,-1.));
#8175=DIRECTION('center_axis',(6.98089570935189E-17,-1.,-5.17865248023375E-18));
#8176=DIRECTION('ref_axis',(-0.70710678118655,0.,0.707106781186545));
#8177=DIRECTION('',(-1.,-6.98089570935189E-17,-6.53072367426564E-17));
#8178=DIRECTION('',(5.17865248023375E-18,-5.17865248023375E-18,1.));
#8179=DIRECTION('',(1.,6.98089570935189E-17,-1.30614473485313E-16));
#8180=DIRECTION('center_axis',(6.98089570935189E-17,-1.,-5.17865248023375E-18));
#8181=DIRECTION('ref_axis',(-0.707106781186546,0.,-0.707106781186549));
#8182=DIRECTION('center_axis',(6.98089570935189E-17,-1.,-5.17865248023375E-18));
#8183=DIRECTION('ref_axis',(1.,6.98089570935189E-17,3.61516328794883E-34));
#8184=DIRECTION('center_axis',(6.98089570935189E-17,-1.,-5.17865248023375E-18));
#8185=DIRECTION('ref_axis',(0.,5.17865248023375E-18,-1.));
#8186=DIRECTION('center_axis',(0.,-1.,0.));
#8187=DIRECTION('ref_axis',(1.,0.,0.));
#8188=DIRECTION('',(0.,1.,0.));
#8189=DIRECTION('center_axis',(0.,1.,0.));
#8190=DIRECTION('ref_axis',(1.,0.,0.));
#8191=DIRECTION('center_axis',(6.98089570935192E-17,-1.,0.));
#8192=DIRECTION('ref_axis',(1.,3.83949264014354E-17,1.98833980837186E-34));
#8193=DIRECTION('center_axis',(-6.98089570935189E-17,1.,5.17865248023375E-18));
#8194=DIRECTION('ref_axis',(1.,0.,0.));
#8195=DIRECTION('',(-0.707106781186548,-0.707106781186547,8.65956056235494E-17));
#8196=DIRECTION('center_axis',(0.,-1.,0.));
#8197=DIRECTION('ref_axis',(1.,0.,0.));
#8198=DIRECTION('',(0.,1.,0.));
#8199=DIRECTION('center_axis',(0.,1.,0.));
#8200=DIRECTION('ref_axis',(1.,0.,0.));
#8201=DIRECTION('center_axis',(6.9808957093519E-17,-1.,-5.17865248023375E-18));
#8202=DIRECTION('ref_axis',(0.,5.17865248023375E-18,-1.));
#8203=DIRECTION('center_axis',(-6.98089570935189E-17,1.,5.17865248023375E-18));
#8204=DIRECTION('ref_axis',(0.,5.17865248023374E-18,-1.));
#8205=DIRECTION('',(1.37448262690579E-16,-0.675694348330107,0.737181895894596));
#8206=DIRECTION('center_axis',(0.,1.,-6.12323399573677E-17));
#8207=DIRECTION('ref_axis',(0.,0.,-1.));
#8208=DIRECTION('center_axis',(0.,-1.,0.));
#8209=DIRECTION('ref_axis',(1.,0.,-1.83697019872103E-16));
#8210=DIRECTION('center_axis',(1.,0.,-1.22464679914735E-16));
#8211=DIRECTION('ref_axis',(1.22464679914735E-16,0.,1.));
#8212=DIRECTION('center_axis',(0.,-1.,-5.17865248023287E-18));
#8213=DIRECTION('ref_axis',(1.,3.83949264014354E-17,1.98833980837186E-34));
#8214=DIRECTION('center_axis',(-6.98089570935189E-17,1.,5.17865248023375E-18));
#8215=DIRECTION('ref_axis',(1.,0.,0.));
#8216=DIRECTION('',(-0.707106781186547,-0.707106781186548,8.29337453373681E-17));
#8217=DIRECTION('center_axis',(0.,-1.,0.));
#8218=DIRECTION('ref_axis',(1.,0.,0.));
#8219=DIRECTION('',(0.,1.,0.));
#8220=DIRECTION('center_axis',(0.,1.,0.));
#8221=DIRECTION('ref_axis',(1.,0.,0.));
#8222=DIRECTION('center_axis',(6.98089570935192E-17,-1.,0.));
#8223=DIRECTION('ref_axis',(1.,3.83949264014354E-17,1.98833980837186E-34));
#8224=DIRECTION('center_axis',(-6.98089570935189E-17,1.,5.17865248023375E-18));
#8225=DIRECTION('ref_axis',(1.,0.,0.));
#8226=DIRECTION('',(-0.707106781186548,-0.707106781186547,8.65956056235494E-17));
#8227=DIRECTION('center_axis',(0.,-1.,0.));
#8228=DIRECTION('ref_axis',(1.,0.,0.));
#8229=DIRECTION('',(0.,1.,0.));
#8230=DIRECTION('center_axis',(0.,1.,0.));
#8231=DIRECTION('ref_axis',(1.,0.,0.));
#8232=DIRECTION('center_axis',(0.707106781186547,-0.707106781186548,0.));
#8233=DIRECTION('ref_axis',(0.,0.,-1.));
#8234=DIRECTION('',(-0.707106781186548,-0.707106781186547,-4.61791899612876E-17));
#8235=DIRECTION('',(0.,0.,1.));
#8236=DIRECTION('',(0.707106781186548,0.707106781186547,-4.61791899612876E-17));
#8237=DIRECTION('center_axis',(-6.53072367426564E-17,0.,1.));
#8238=DIRECTION('ref_axis',(-1.,0.,-6.53072367426564E-17));
#8239=DIRECTION('',(0.,-1.,0.));
#8240=DIRECTION('',(-1.,0.,-6.53072367426564E-17));
#8241=DIRECTION('center_axis',(0.,-1.,0.));
#8242=DIRECTION('ref_axis',(0.707106781186546,0.,-0.707106781186549));
#8243=DIRECTION('',(0.,1.,0.));
#8244=DIRECTION('center_axis',(0.,1.,0.));
#8245=DIRECTION('ref_axis',(0.707106781186546,0.,-0.707106781186549));
#8246=DIRECTION('center_axis',(1.,0.,-6.53072367426561E-17));
#8247=DIRECTION('ref_axis',(6.53072367426561E-17,0.,1.));
#8248=DIRECTION('',(0.,-1.,0.));
#8249=DIRECTION('',(6.53072367426561E-17,0.,1.));
#8250=DIRECTION('',(4.61791899612874E-17,-0.707106781186547,0.707106781186548));
#8251=DIRECTION('center_axis',(0.,-1.,0.));
#8252=DIRECTION('ref_axis',(-0.707106781186549,0.,-0.707106781186546));
#8253=DIRECTION('',(0.,1.,0.));
#8254=DIRECTION('center_axis',(0.,1.,0.));
#8255=DIRECTION('ref_axis',(-0.707106781186549,0.,-0.707106781186546));
#8256=DIRECTION('center_axis',(0.,0.,1.));
#8257=DIRECTION('ref_axis',(-1.,0.,0.));
#8258=DIRECTION('',(0.,-1.,0.));
#8259=DIRECTION('',(-1.,0.,0.));
#8260=DIRECTION('center_axis',(0.,-0.707106781186547,0.707106781186548));
#8261=DIRECTION('ref_axis',(1.,0.,0.));
#8262=DIRECTION('',(-4.61791899612874E-17,-0.707106781186548,-0.707106781186547));
#8263=DIRECTION('',(-1.,0.,0.));
#8264=DIRECTION('',(0.,0.707106781186548,0.707106781186547));
#8265=DIRECTION('center_axis',(-1.,0.,6.53072367426561E-17));
#8266=DIRECTION('ref_axis',(-6.53072367426561E-17,0.,-1.));
#8267=DIRECTION('',(0.,-1.,0.));
#8268=DIRECTION('',(5.38943222075034E-17,0.,-1.));
#8269=DIRECTION('center_axis',(0.,-1.,0.));
#8270=DIRECTION('ref_axis',(0.707106781186549,0.,0.707106781186546));
#8271=DIRECTION('',(0.,1.,0.));
#8272=DIRECTION('center_axis',(0.,1.,0.));
#8273=DIRECTION('ref_axis',(1.,0.,0.));
#8274=DIRECTION('center_axis',(-0.707106781186547,-0.707106781186548,0.));
#8275=DIRECTION('ref_axis',(0.,0.,1.));
#8276=DIRECTION('',(0.707106781186548,-0.707106781186547,4.61791899612876E-17));
#8277=DIRECTION('',(0.,0.,-1.));
#8278=DIRECTION('',(-0.707106781186548,0.707106781186547,9.23583799225753E-17));
#8279=DIRECTION('center_axis',(6.53072367426564E-17,0.,-1.));
#8280=DIRECTION('ref_axis',(1.,0.,6.53072367426564E-17));
#8281=DIRECTION('',(0.,-1.,0.));
#8282=DIRECTION('',(1.,0.,6.53072367426564E-17));
#8283=DIRECTION('center_axis',(0.,-1.,0.));
#8284=DIRECTION('ref_axis',(-0.70710678118655,0.,0.707106781186545));
#8285=DIRECTION('',(0.,1.,0.));
#8286=DIRECTION('center_axis',(0.,1.,0.));
#8287=DIRECTION('ref_axis',(-0.70710678118655,0.,0.707106781186545));
#8288=DIRECTION('center_axis',(0.707106781186547,-0.707106781186548,0.));
#8289=DIRECTION('ref_axis',(0.,0.,-1.));
#8290=DIRECTION('',(0.70710678118655,0.707106781186545,0.));
#8291=DIRECTION('',(0.,0.,1.));
#8292=DIRECTION('',(-0.707106781186546,-0.707106781186549,0.));
#8293=DIRECTION('',(0.,0.,-1.));
#8294=DIRECTION('center_axis',(0.,1.,0.));
#8295=DIRECTION('ref_axis',(0.,0.,-1.));
#8296=DIRECTION('',(0.,0.707106781186549,-0.707106781186546));
#8297=DIRECTION('center_axis',(0.,-1.,0.));
#8298=DIRECTION('ref_axis',(0.,0.,-1.));
#8299=DIRECTION('center_axis',(0.,1.,0.));
#8300=DIRECTION('ref_axis',(0.,0.,-1.));
#8301=DIRECTION('center_axis',(-1.04672830578919E-16,-0.707106781186546,
-0.707106781186549));
#8302=DIRECTION('ref_axis',(-1.,0.,1.48029736616688E-16));
#8303=DIRECTION('',(0.,0.707106781186549,-0.707106781186546));
#8304=DIRECTION('',(1.,0.,-1.48029736616688E-16));
#8305=DIRECTION('',(-1.,0.,1.48029736616688E-16));
#8306=DIRECTION('center_axis',(0.,-1.,0.));
#8307=DIRECTION('ref_axis',(0.,0.,1.));
#8308=DIRECTION('',(0.707106781186548,0.707106781186547,0.));
#8309=DIRECTION('center_axis',(0.,1.,0.));
#8310=DIRECTION('ref_axis',(0.,0.,1.));
#8311=DIRECTION('center_axis',(0.,-1.,0.));
#8312=DIRECTION('ref_axis',(0.,0.,1.));
#8313=DIRECTION('center_axis',(0.707106781186555,-0.70710678118654,4.13182225969424E-16));
#8314=DIRECTION('ref_axis',(5.84327907697459E-16,0.,-1.));
#8315=DIRECTION('',(0.70710678118654,0.707106781186555,0.));
#8316=DIRECTION('',(-5.84327907697459E-16,0.,1.));
#8317=DIRECTION('',(5.84327907697459E-16,0.,-1.));
#8318=DIRECTION('center_axis',(0.,-1.,0.));
#8319=DIRECTION('ref_axis',(-1.,0.,-7.93016446160825E-16));
#8320=DIRECTION('',(0.,0.707106781186547,0.707106781186548));
#8321=DIRECTION('center_axis',(0.,1.,0.));
#8322=DIRECTION('ref_axis',(-1.,0.,-7.93016446160825E-16));
#8323=DIRECTION('center_axis',(0.,-1.,0.));
#8324=DIRECTION('ref_axis',(-1.,0.,-7.93016446160825E-16));
#8325=DIRECTION('center_axis',(1.04672830578919E-16,-0.707106781186548,
0.707106781186547));
#8326=DIRECTION('ref_axis',(1.,0.,-1.48029736616688E-16));
#8327=DIRECTION('',(0.,0.707106781186547,0.707106781186548));
#8328=DIRECTION('',(-1.,0.,1.48029736616688E-16));
#8329=DIRECTION('',(1.,0.,-1.48029736616688E-16));
#8330=DIRECTION('center_axis',(0.,1.,0.));
#8331=DIRECTION('ref_axis',(1.,0.,1.85037170770859E-15));
#8332=DIRECTION('',(0.707106781186546,0.707106781186549,0.));
#8333=DIRECTION('center_axis',(0.,-1.,0.));
#8334=DIRECTION('ref_axis',(1.,0.,1.85037170770859E-15));
#8335=DIRECTION('center_axis',(0.,1.,0.));
#8336=DIRECTION('ref_axis',(1.,0.,1.85037170770859E-15));
#8337=DIRECTION('center_axis',(0.707106781186549,-0.707106781186546,-1.04672830578918E-16));
#8338=DIRECTION('ref_axis',(-1.48029736616687E-16,0.,-1.));
#8339=DIRECTION('',(0.707106781186546,0.707106781186549,0.));
#8340=DIRECTION('',(1.48029736616687E-16,0.,1.));
#8341=DIRECTION('',(-1.48029736616687E-16,0.,-1.));
#8342=DIRECTION('center_axis',(0.,-1.,0.));
#8343=DIRECTION('ref_axis',(-1.,0.,0.));
#8344=DIRECTION('',(0.,0.707106781186547,0.707106781186548));
#8345=DIRECTION('center_axis',(0.,1.,0.));
#8346=DIRECTION('ref_axis',(-1.,0.,0.));
#8347=DIRECTION('center_axis',(0.,-1.,0.));
#8348=DIRECTION('ref_axis',(-1.,0.,0.));
#8349=DIRECTION('center_axis',(0.,-0.707106781186548,0.707106781186547));
#8350=DIRECTION('ref_axis',(1.,0.,0.));
#8351=DIRECTION('',(0.,0.707106781186547,0.707106781186548));
#8352=DIRECTION('',(-1.,0.,0.));
#8353=DIRECTION('',(1.,0.,0.));
#8354=DIRECTION('center_axis',(0.,-1.,0.));
#8355=DIRECTION('ref_axis',(0.,0.,-1.));
#8356=DIRECTION('',(-0.707106781186548,0.707106781186547,0.));
#8357=DIRECTION('center_axis',(0.,1.,0.));
#8358=DIRECTION('ref_axis',(0.,0.,-1.));
#8359=DIRECTION('center_axis',(0.,-1.,0.));
#8360=DIRECTION('ref_axis',(0.,0.,-1.));
#8361=DIRECTION('center_axis',(-0.707106781186547,-0.707106781186548,0.));
#8362=DIRECTION('ref_axis',(0.,0.,1.));
#8363=DIRECTION('',(-0.707106781186548,0.707106781186547,0.));
#8364=DIRECTION('',(0.,0.,-1.));
#8365=DIRECTION('',(0.,0.,1.));
#8366=DIRECTION('center_axis',(0.,1.,0.));
#8367=DIRECTION('ref_axis',(0.,0.,1.));
#8368=DIRECTION('',(0.,0.707106781186549,0.707106781186546));
#8369=DIRECTION('center_axis',(0.,-1.,0.));
#8370=DIRECTION('ref_axis',(0.,0.,1.));
#8371=DIRECTION('center_axis',(0.,1.,0.));
#8372=DIRECTION('ref_axis',(0.,0.,1.));
#8373=DIRECTION('center_axis',(1.04672830578919E-16,-0.707106781186546,
0.707106781186549));
#8374=DIRECTION('ref_axis',(1.,0.,-1.48029736616688E-16));
#8375=DIRECTION('',(0.,0.707106781186549,0.707106781186546));
#8376=DIRECTION('',(-1.,0.,1.48029736616688E-16));
#8377=DIRECTION('',(1.,0.,-1.48029736616688E-16));
#8378=DIRECTION('center_axis',(0.,-1.,0.));
#8379=DIRECTION('ref_axis',(0.,0.,-1.));
#8380=DIRECTION('',(-0.707106781186548,0.707106781186547,0.));
#8381=DIRECTION('center_axis',(0.,1.,0.));
#8382=DIRECTION('ref_axis',(0.,0.,-1.));
#8383=DIRECTION('center_axis',(0.,-1.,0.));
#8384=DIRECTION('ref_axis',(0.,0.,-1.));
#8385=DIRECTION('center_axis',(-0.707106781186547,-0.707106781186548,0.));
#8386=DIRECTION('ref_axis',(0.,0.,1.));
#8387=DIRECTION('',(-0.707106781186548,0.707106781186547,0.));
#8388=DIRECTION('',(0.,0.,-1.));
#8389=DIRECTION('',(0.,0.,1.));
#8390=DIRECTION('center_axis',(0.,-1.,0.));
#8391=DIRECTION('ref_axis',(1.,0.,0.));
#8392=DIRECTION('',(0.,0.707106781186547,-0.707106781186548));
#8393=DIRECTION('center_axis',(0.,1.,0.));
#8394=DIRECTION('ref_axis',(1.,0.,0.));
#8395=DIRECTION('center_axis',(0.,-1.,0.));
#8396=DIRECTION('ref_axis',(1.,0.,0.));
#8397=DIRECTION('center_axis',(-5.23364152894594E-17,-0.707106781186546,
-0.707106781186549));
#8398=DIRECTION('ref_axis',(-1.,0.,7.4014868308344E-17));
#8399=DIRECTION('',(0.,0.707106781186549,-0.707106781186546));
#8400=DIRECTION('',(1.,0.,-7.4014868308344E-17));
#8401=DIRECTION('',(-1.,0.,7.4014868308344E-17));
#8402=DIRECTION('center_axis',(0.,1.,0.));
#8403=DIRECTION('ref_axis',(-1.,0.,-1.85037170770859E-15));
#8404=DIRECTION('',(-0.707106781186546,0.707106781186549,0.));
#8405=DIRECTION('center_axis',(0.,-1.,0.));
#8406=DIRECTION('ref_axis',(-1.,0.,-1.85037170770859E-15));
#8407=DIRECTION('center_axis',(0.,1.,0.));
#8408=DIRECTION('ref_axis',(-1.,0.,-1.85037170770859E-15));
#8409=DIRECTION('center_axis',(-0.707106781186549,-0.707106781186546,1.04672830578918E-16));
#8410=DIRECTION('ref_axis',(1.48029736616687E-16,0.,1.));
#8411=DIRECTION('',(-0.707106781186546,0.707106781186549,0.));
#8412=DIRECTION('',(-1.48029736616687E-16,0.,-1.));
#8413=DIRECTION('',(1.48029736616687E-16,0.,1.));
#8414=DIRECTION('center_axis',(0.,-1.,0.));
#8415=DIRECTION('ref_axis',(1.,0.,0.));
#8416=DIRECTION('',(0.,0.707106781186547,-0.707106781186548));
#8417=DIRECTION('center_axis',(0.,1.,0.));
#8418=DIRECTION('ref_axis',(1.,0.,0.));
#8419=DIRECTION('center_axis',(0.,-1.,0.));
#8420=DIRECTION('ref_axis',(1.,0.,0.));
#8421=DIRECTION('center_axis',(0.,-0.707106781186548,-0.707106781186547));
#8422=DIRECTION('ref_axis',(-1.,0.,0.));
#8423=DIRECTION('',(0.,0.707106781186547,-0.707106781186548));
#8424=DIRECTION('',(1.,0.,0.));
#8425=DIRECTION('',(-1.,0.,0.));
#8426=DIRECTION('center_axis',(0.,-1.,0.));
#8427=DIRECTION('ref_axis',(0.,0.,1.));
#8428=DIRECTION('center_axis',(0.,1.,0.));
#8429=DIRECTION('ref_axis',(0.,0.,1.));
#8430=DIRECTION('center_axis',(0.,-1.,0.));
#8431=DIRECTION('ref_axis',(0.,0.,1.));
#8432=DIRECTION('center_axis',(0.,1.,0.));
#8433=DIRECTION('ref_axis',(0.,0.,1.));
#8434=DIRECTION('',(0.,1.,0.));
#8435=DIRECTION('',(0.,1.,0.));
#8436=DIRECTION('center_axis',(-1.48029736616688E-16,0.,-1.));
#8437=DIRECTION('ref_axis',(-1.,0.,1.48029736616688E-16));
#8438=DIRECTION('',(0.,1.,0.));
#8439=DIRECTION('center_axis',(0.,1.,0.));
#8440=DIRECTION('ref_axis',(0.,0.,-1.));
#8441=DIRECTION('',(0.,1.,0.));
#8442=DIRECTION('center_axis',(1.,0.,0.));
#8443=DIRECTION('ref_axis',(0.,0.,-1.));
#8444=DIRECTION('',(0.,1.,0.));
#8445=DIRECTION('center_axis',(0.,1.,0.));
#8446=DIRECTION('ref_axis',(1.,0.,0.));
#8447=DIRECTION('',(0.,1.,0.));
#8448=DIRECTION('center_axis',(7.4014868308344E-17,0.,1.));
#8449=DIRECTION('ref_axis',(1.,0.,-7.4014868308344E-17));
#8450=DIRECTION('',(0.,1.,0.));
#8451=DIRECTION('center_axis',(0.,1.,0.));
#8452=DIRECTION('ref_axis',(-1.,0.,-1.85037170770859E-15));
#8453=DIRECTION('',(0.,1.,0.));
#8454=DIRECTION('center_axis',(1.,0.,-1.48029736616687E-16));
#8455=DIRECTION('ref_axis',(-1.48029736616687E-16,0.,-1.));
#8456=DIRECTION('',(0.,1.,0.));
#8457=DIRECTION('center_axis',(0.,1.,0.));
#8458=DIRECTION('ref_axis',(1.,0.,0.));
#8459=DIRECTION('',(0.,1.,0.));
#8460=DIRECTION('center_axis',(0.,0.,1.));
#8461=DIRECTION('ref_axis',(1.,0.,0.));
#8462=DIRECTION('',(0.,1.,0.));
#8463=DIRECTION('center_axis',(0.,1.,0.));
#8464=DIRECTION('ref_axis',(0.,0.,1.));
#8465=DIRECTION('',(0.,1.,0.));
#8466=DIRECTION('center_axis',(-1.,0.,0.));
#8467=DIRECTION('ref_axis',(0.,0.,1.));
#8468=DIRECTION('',(0.,1.,0.));
#8469=DIRECTION('center_axis',(0.,-1.,0.));
#8470=DIRECTION('ref_axis',(0.,0.,-1.));
#8471=DIRECTION('center_axis',(-1.,0.,-1.22464679914735E-16));
#8472=DIRECTION('ref_axis',(-1.22464679914735E-16,0.,1.));
#8473=DIRECTION('center_axis',(0.,1.,0.));
#8474=DIRECTION('ref_axis',(1.,0.,-1.83697019872103E-16));
#8475=DIRECTION('center_axis',(0.,-1.,0.));
#8476=DIRECTION('ref_axis',(1.,0.,0.));
#8477=DIRECTION('center_axis',(0.,-0.707106781186548,-0.707106781186547));
#8478=DIRECTION('ref_axis',(-1.,0.,0.));
#8479=DIRECTION('',(1.,0.,0.));
#8480=DIRECTION('',(0.,0.707106781186547,-0.707106781186548));
#8481=DIRECTION('center_axis',(-1.,0.,-5.84327907697459E-16));
#8482=DIRECTION('ref_axis',(-5.84327907697459E-16,0.,1.));
#8483=DIRECTION('',(0.,1.,0.));
#8484=DIRECTION('',(0.,1.,0.));
#8485=DIRECTION('center_axis',(0.,1.,0.));
#8486=DIRECTION('ref_axis',(-1.,0.,-7.93016446160825E-16));
#8487=DIRECTION('',(0.,1.,0.));
#8488=DIRECTION('center_axis',(-1.48029736616688E-16,0.,-1.));
#8489=DIRECTION('ref_axis',(-1.,0.,1.48029736616688E-16));
#8490=DIRECTION('',(0.,1.,0.));
#8491=DIRECTION('center_axis',(0.,1.,0.));
#8492=DIRECTION('ref_axis',(1.,0.,1.85037170770859E-15));
#8493=DIRECTION('',(0.,1.,0.));
#8494=DIRECTION('center_axis',(-1.,0.,1.48029736616687E-16));
#8495=DIRECTION('ref_axis',(1.48029736616687E-16,0.,1.));
#8496=DIRECTION('',(0.,1.,0.));
#8497=DIRECTION('center_axis',(0.,1.,0.));
#8498=DIRECTION('ref_axis',(-1.,0.,0.));
#8499=DIRECTION('',(0.,1.,0.));
#8500=DIRECTION('center_axis',(0.,0.,-1.));
#8501=DIRECTION('ref_axis',(-1.,0.,0.));
#8502=DIRECTION('',(0.,1.,0.));
#8503=DIRECTION('center_axis',(0.,1.,0.));
#8504=DIRECTION('ref_axis',(0.,0.,-1.));
#8505=DIRECTION('',(0.,1.,0.));
#8506=DIRECTION('center_axis',(1.,0.,0.));
#8507=DIRECTION('ref_axis',(0.,0.,-1.));
#8508=DIRECTION('center_axis',(0.,1.,0.));
#8509=DIRECTION('ref_axis',(0.,0.,-1.));
#8510=DIRECTION('',(0.,1.,0.));
#8511=DIRECTION('center_axis',(1.48029736616688E-16,0.,1.));
#8512=DIRECTION('ref_axis',(1.,0.,-1.48029736616688E-16));
#8513=DIRECTION('',(0.,1.,0.));
#8514=DIRECTION('center_axis',(0.,1.,0.));
#8515=DIRECTION('ref_axis',(0.,0.,1.));
#8516=DIRECTION('center_axis',(-1.,0.,0.));
#8517=DIRECTION('ref_axis',(0.,0.,-1.));
#8518=DIRECTION('',(0.,-1.,0.));
#8519=DIRECTION('',(0.,0.,-1.));
#8520=DIRECTION('center_axis',(0.,-1.,0.));
#8521=DIRECTION('ref_axis',(0.707106781186549,0.,0.707106781186546));
#8522=DIRECTION('',(0.,1.,0.));
#8523=DIRECTION('center_axis',(0.,1.,0.));
#8524=DIRECTION('ref_axis',(0.707106781186549,0.,0.707106781186546));
#8525=DIRECTION('center_axis',(-6.53072367426564E-17,0.,-1.));
#8526=DIRECTION('ref_axis',(1.,0.,-6.53072367426564E-17));
#8527=DIRECTION('',(1.,0.,-6.53072367426564E-17));
#8528=DIRECTION('center_axis',(0.,-1.,0.));
#8529=DIRECTION('ref_axis',(0.707106781186546,0.,-0.707106781186549));
#8530=DIRECTION('',(0.,1.,0.));
#8531=DIRECTION('center_axis',(0.,1.,0.));
#8532=DIRECTION('ref_axis',(0.707106781186546,0.,-0.707106781186549));
#8533=DIRECTION('center_axis',(0.,0.,-1.));
#8534=DIRECTION('ref_axis',(1.,0.,0.));
#8535=DIRECTION('',(0.,-1.,0.));
#8536=DIRECTION('',(1.,0.,5.84327907697451E-16));
#8537=DIRECTION('center_axis',(-1.,0.,0.));
#8538=DIRECTION('ref_axis',(0.,0.,-1.));
#8539=DIRECTION('',(0.,0.,-1.));
#8540=DIRECTION('center_axis',(0.,-1.,0.));
#8541=DIRECTION('ref_axis',(-0.707106781186546,0.,0.707106781186549));
#8542=DIRECTION('',(0.,1.,0.));
#8543=DIRECTION('center_axis',(0.,1.,0.));
#8544=DIRECTION('ref_axis',(5.55111512312578E-16,0.,1.));
#8545=DIRECTION('center_axis',(1.,0.,0.));
#8546=DIRECTION('ref_axis',(0.,0.,1.));
#8547=DIRECTION('',(8.62309155320055E-15,0.,1.));
#8548=DIRECTION('center_axis',(1.,0.,4.62592926927153E-16));
#8549=DIRECTION('ref_axis',(-4.62592926927153E-16,0.,1.));
#8550=DIRECTION('',(0.,-1.,0.));
#8551=DIRECTION('',(-4.62592926927153E-16,0.,1.));
#8552=DIRECTION('center_axis',(0.,-1.,0.));
#8553=DIRECTION('ref_axis',(-0.707106781186546,0.,-0.707106781186549));
#8554=DIRECTION('',(0.,1.,0.));
#8555=DIRECTION('center_axis',(0.,1.,0.));
#8556=DIRECTION('ref_axis',(-0.707106781186546,0.,-0.707106781186549));
#8557=DIRECTION('center_axis',(1.30614473485313E-16,0.,1.));
#8558=DIRECTION('ref_axis',(-1.,0.,1.30614473485313E-16));
#8559=DIRECTION('',(-1.,0.,1.30614473485313E-16));
#8560=DIRECTION('center_axis',(0.,1.,0.));
#8561=DIRECTION('ref_axis',(0.,0.,1.));
#8562=DIRECTION('center_axis',(0.,-1.,0.));
#8563=DIRECTION('ref_axis',(1.,0.,0.));
#8564=DIRECTION('center_axis',(0.,1.,0.));
#8565=DIRECTION('ref_axis',(0.,0.,1.));
#8566=DIRECTION('center_axis',(0.,1.,0.));
#8567=DIRECTION('ref_axis',(0.,0.,1.));
#8568=DIRECTION('center_axis',(0.,1.,0.));
#8569=DIRECTION('ref_axis',(0.,0.,1.));
#8570=DIRECTION('center_axis',(0.,1.,0.));
#8571=DIRECTION('ref_axis',(0.,0.,1.));
#8572=DIRECTION('center_axis',(0.,1.,0.));
#8573=DIRECTION('ref_axis',(0.,0.,1.));
#8574=DIRECTION('center_axis',(0.,1.,0.));
#8575=DIRECTION('ref_axis',(0.,0.,1.));
#8576=DIRECTION('center_axis',(6.12323399573674E-17,0.,1.));
#8577=DIRECTION('ref_axis',(1.,0.,0.));
#8578=DIRECTION('center_axis',(-0.707106781186548,0.707106781186548,-6.47495216909771E-16));
#8579=DIRECTION('ref_axis',(-9.15696517325507E-16,0.,1.));
#8580=DIRECTION('',(0.707106781186544,0.707106781186551,7.8504622934189E-16));
#8581=DIRECTION('',(-0.707106781186544,-0.707106781186551,-3.92523114670945E-16));
#8582=DIRECTION('',(-9.15696517325507E-16,0.,1.));
#8583=DIRECTION('center_axis',(0.,1.,0.));
#8584=DIRECTION('ref_axis',(-0.499999999999998,0.,0.86602540378444));
#8585=DIRECTION('',(-0.353553390593273,0.707106781186548,0.612372435695794));
#8586=DIRECTION('center_axis',(0.,-1.,0.));
#8587=DIRECTION('ref_axis',(-0.499999999999998,0.,0.86602540378444));
#8588=DIRECTION('center_axis',(0.353553390593274,0.707106781186549,-0.612372435695793));
#8589=DIRECTION('ref_axis',(-0.866025403784438,0.,-0.500000000000001));
#8590=DIRECTION('',(-0.353553390593275,0.707106781186547,0.612372435695794));
#8591=DIRECTION('',(-0.866025403784438,0.,-0.500000000000001));
#8592=DIRECTION('center_axis',(0.,1.,0.));
#8593=DIRECTION('ref_axis',(-0.5,0.,-0.866025403784439));
#8594=DIRECTION('',(-0.353553390593273,0.707106781186548,-0.612372435695795));
#8595=DIRECTION('center_axis',(0.,-1.,0.));
#8596=DIRECTION('ref_axis',(-0.5,0.,-0.866025403784439));
#8597=DIRECTION('center_axis',(0.353553390593273,0.707106781186548,0.612372435695795));
#8598=DIRECTION('ref_axis',(0.866025403784439,0.,-0.499999999999999));
#8599=DIRECTION('',(-0.353553390593273,0.707106781186549,-0.612372435695793));
#8600=DIRECTION('',(0.866025403784439,0.,-0.499999999999999));
#8601=DIRECTION('center_axis',(0.,1.,0.));
#8602=DIRECTION('ref_axis',(1.,0.,2.77555756156289E-16));
#8603=DIRECTION('center_axis',(0.,-1.,0.));
#8604=DIRECTION('ref_axis',(1.,0.,2.77555756156289E-16));
#8605=DIRECTION('center_axis',(0.,1.,0.));
#8606=DIRECTION('ref_axis',(-0.86602540378444,0.,-0.499999999999998));
#8607=DIRECTION('',(-0.612372435695796,0.707106781186547,-0.353553390593272));
#8608=DIRECTION('',(7.85046229341885E-16,-0.707106781186546,-0.707106781186549));
#8609=DIRECTION('center_axis',(0.,-1.,0.));
#8610=DIRECTION('ref_axis',(-0.86602540378444,0.,-0.499999999999998));
#8611=DIRECTION('center_axis',(0.612372435695792,0.70710678118655,0.353553390593273));
#8612=DIRECTION('ref_axis',(0.500000000000001,0.,-0.866025403784438));
#8613=DIRECTION('',(-0.612372435695796,0.707106781186547,-0.353553390593272));
#8614=DIRECTION('',(0.500000000000001,0.,-0.866025403784438));
#8615=DIRECTION('center_axis',(0.,1.,0.));
#8616=DIRECTION('ref_axis',(0.866025403784439,0.,-0.5));
#8617=DIRECTION('',(0.612372435695795,0.707106781186548,-0.353553390593273));
#8618=DIRECTION('center_axis',(0.,-1.,0.));
#8619=DIRECTION('ref_axis',(0.866025403784439,0.,-0.5));
#8620=DIRECTION('center_axis',(-0.612372435695795,0.707106781186548,0.353553390593273));
#8621=DIRECTION('ref_axis',(0.499999999999999,0.,0.866025403784439));
#8622=DIRECTION('',(0.612372435695793,0.707106781186549,-0.353553390593273));
#8623=DIRECTION('',(0.499999999999999,0.,0.866025403784439));
#8624=DIRECTION('center_axis',(0.,1.,0.));
#8625=DIRECTION('ref_axis',(0.,0.,1.));
#8626=DIRECTION('',(0.,0.707106781186549,0.707106781186546));
#8627=DIRECTION('center_axis',(0.,-1.,0.));
#8628=DIRECTION('ref_axis',(0.,0.,1.));
#8629=DIRECTION('center_axis',(6.47495216909771E-16,0.707106781186548,-0.707106781186548));
#8630=DIRECTION('ref_axis',(-1.,0.,-9.15696517325507E-16));
#8631=DIRECTION('',(-1.,0.,-9.15696517325507E-16));
#8632=DIRECTION('center_axis',(-0.612372435695792,0.70710678118655,-0.353553390593273));
#8633=DIRECTION('ref_axis',(-0.500000000000001,0.,0.866025403784438));
#8634=DIRECTION('',(0.612372435695793,0.707106781186547,0.353553390593278));
#8635=DIRECTION('',(-0.612372435695793,-0.707106781186547,-0.353553390593278));
#8636=DIRECTION('',(-0.500000000000001,0.,0.866025403784438));
#8637=DIRECTION('center_axis',(0.,1.,0.));
#8638=DIRECTION('ref_axis',(-0.866025403784438,0.,0.5));
#8639=DIRECTION('',(-0.612372435695794,0.707106781186547,0.353553390593275));
#8640=DIRECTION('center_axis',(0.,-1.,0.));
#8641=DIRECTION('ref_axis',(-0.866025403784438,0.,0.5));
#8642=DIRECTION('center_axis',(0.612372435695794,0.707106781186548,-0.353553390593273));
#8643=DIRECTION('ref_axis',(-0.5,0.,-0.866025403784439));
#8644=DIRECTION('',(-0.612372435695795,0.707106781186548,0.353553390593272));
#8645=DIRECTION('',(-0.499999999999999,0.,-0.866025403784439));
#8646=DIRECTION('center_axis',(0.,1.,0.));
#8647=DIRECTION('ref_axis',(0.,0.,-1.));
#8648=DIRECTION('',(0.,0.707106781186549,-0.707106781186546));
#8649=DIRECTION('center_axis',(0.,-1.,0.));
#8650=DIRECTION('ref_axis',(0.,0.,-1.));
#8651=DIRECTION('center_axis',(-6.47495216909768E-16,0.707106781186551,
0.707106781186544));
#8652=DIRECTION('ref_axis',(1.,0.,9.15696517325507E-16));
#8653=DIRECTION('',(3.92523114670942E-16,0.707106781186546,-0.707106781186549));
#8654=DIRECTION('',(1.,0.,9.15696517325507E-16));
#8655=DIRECTION('center_axis',(0.,1.,0.));
#8656=DIRECTION('ref_axis',(0.86602540378444,0.,0.499999999999998));
#8657=DIRECTION('center_axis',(0.,-1.,0.));
#8658=DIRECTION('ref_axis',(0.86602540378444,0.,0.499999999999998));
#8659=DIRECTION('center_axis',(0.,1.,0.));
#8660=DIRECTION('ref_axis',(-1.,0.,2.77555756156289E-16));
#8661=DIRECTION('',(-0.707106781186547,0.707106781186547,3.92523114670943E-16));
#8662=DIRECTION('',(-0.353553390593275,-0.707106781186547,-0.612372435695794));
#8663=DIRECTION('center_axis',(0.,-1.,0.));
#8664=DIRECTION('ref_axis',(-1.,0.,2.77555756156289E-16));
#8665=DIRECTION('center_axis',(0.707106781186544,0.707106781186551,6.47495216909768E-16));
#8666=DIRECTION('ref_axis',(9.15696517325506E-16,0.,-1.));
#8667=DIRECTION('',(-0.707106781186551,0.707106781186544,-7.85046229341883E-16));
#8668=DIRECTION('',(9.15696517325506E-16,0.,-1.));
#8669=DIRECTION('center_axis',(0.,1.,0.));
#8670=DIRECTION('ref_axis',(0.5,0.,-0.866025403784439));
#8671=DIRECTION('',(0.353553390593273,0.707106781186549,-0.612372435695793));
#8672=DIRECTION('center_axis',(0.,-1.,0.));
#8673=DIRECTION('ref_axis',(0.5,0.,-0.866025403784439));
#8674=DIRECTION('center_axis',(-0.353553390593273,0.707106781186551,0.612372435695792));
#8675=DIRECTION('ref_axis',(0.866025403784438,0.,0.500000000000001));
#8676=DIRECTION('',(0.353553390593277,0.707106781186545,-0.612372435695796));
#8677=DIRECTION('',(0.866025403784438,0.,0.500000000000001));
#8678=DIRECTION('center_axis',(0.,1.,0.));
#8679=DIRECTION('ref_axis',(0.5,0.,0.866025403784439));
#8680=DIRECTION('',(0.353553390593272,0.707106781186548,0.612372435695795));
#8681=DIRECTION('center_axis',(0.,-1.,0.));
#8682=DIRECTION('ref_axis',(0.5,0.,0.866025403784439));
#8683=DIRECTION('center_axis',(-0.353553390593274,0.707106781186548,-0.612372435695794));
#8684=DIRECTION('ref_axis',(-0.866025403784439,0.,0.5));
#8685=DIRECTION('',(-0.866025403784439,0.,0.5));
#8686=DIRECTION('center_axis',(0.,1.,0.));
#8687=DIRECTION('ref_axis',(-1.,0.,0.));
#8688=DIRECTION('center_axis',(0.,1.,0.));
#8689=DIRECTION('ref_axis',(-1.,0.,0.));
#8690=DIRECTION('center_axis',(0.,1.,0.));
#8691=DIRECTION('ref_axis',(-1.,0.,0.));
#8692=DIRECTION('center_axis',(0.,1.,0.));
#8693=DIRECTION('ref_axis',(-1.,0.,0.));
#8694=CARTESIAN_POINT('',(0.,0.,0.));
#8695=CARTESIAN_POINT('Origin',(-1.00000001490116,5.95,-5.50000008195639));
#8696=CARTESIAN_POINT('',(-1.00000001490116,5.9,-5.80000008195639));
#8697=CARTESIAN_POINT('',(-1.00000001490116,6.,-5.90000008195639));
#8698=CARTESIAN_POINT('',(-1.00000001490116,5.9,-5.80000008195639));
#8699=CARTESIAN_POINT('',(-1.00000001490116,6.,-5.10000008195639));
#8700=CARTESIAN_POINT('Origin',(-1.00000001490116,6.,-5.50000008195639));
#8701=CARTESIAN_POINT('',(-1.00000001490116,5.9,-5.20000008195639));
#8702=CARTESIAN_POINT('',(-1.00000001490116,6.,-5.10000008195639));
#8703=CARTESIAN_POINT('Origin',(-1.00000001490116,5.9,-5.50000008195639));
#8704=CARTESIAN_POINT('Origin',(-0.500000007450572,5.95,-5.85000008195639));
#8705=CARTESIAN_POINT('',(1.00000001490116,5.9,-5.80000008195639));
#8706=CARTESIAN_POINT('',(1.00000001490116,6.,-5.90000008195639));
#8707=CARTESIAN_POINT('',(1.00000001490116,5.9,-5.80000008195639));
#8708=CARTESIAN_POINT('',(-0.500000007450572,6.,-5.90000008195639));
#8709=CARTESIAN_POINT('',(-0.500000007450572,5.9,-5.80000008195639));
#8710=CARTESIAN_POINT('Origin',(1.00000001490116,5.95,-5.50000008195639));
#8711=CARTESIAN_POINT('',(1.00000001490116,5.9,-5.20000008195639));
#8712=CARTESIAN_POINT('',(1.00000001490116,6.,-5.10000008195639));
#8713=CARTESIAN_POINT('',(1.00000001490116,5.9,-5.20000008195639));
#8714=CARTESIAN_POINT('Origin',(1.00000001490116,6.,-5.50000008195639));
#8715=CARTESIAN_POINT('Origin',(1.00000001490116,5.9,-5.50000008195639));
#8716=CARTESIAN_POINT('Origin',(0.50000000745059,5.95,-5.15000008195639));
#8717=CARTESIAN_POINT('',(0.50000000745059,6.,-5.10000008195639));
#8718=CARTESIAN_POINT('',(0.50000000745059,5.9,-5.20000008195639));
#8719=CARTESIAN_POINT('Origin',(-1.00000001490116,6.,-5.80000008195639));
#8720=CARTESIAN_POINT('',(-1.00000001490116,5.875,-5.80000008195639));
#8721=CARTESIAN_POINT('',(-1.00000001490116,6.,-5.80000008195639));
#8722=CARTESIAN_POINT('',(1.00000001490116,5.875,-5.80000008195639));
#8723=CARTESIAN_POINT('',(-0.500000007450583,5.875,-5.80000008195639));
#8724=CARTESIAN_POINT('',(1.00000001490116,6.,-5.80000008195639));
#8725=CARTESIAN_POINT('Origin',(-1.00000001490116,6.,-5.50000008195639));
#8726=CARTESIAN_POINT('',(-1.00000001490116,5.875,-5.20000008195639));
#8727=CARTESIAN_POINT('',(-1.00000001490116,6.,-5.20000008195639));
#8728=CARTESIAN_POINT('Origin',(-1.00000001490116,5.875,-5.50000008195639));
#8729=CARTESIAN_POINT('Origin',(2.22044604925031E-14,6.,-2.66453525910038E-14));
#8730=CARTESIAN_POINT('',(10.9999999994974,6.,0.698105554801516));
#8731=CARTESIAN_POINT('',(10.7348661543078,6.,2.49999999999995));
#8732=CARTESIAN_POINT('Origin',(5.28621615726602E-81,6.,0.));
#8733=CARTESIAN_POINT('',(10.9999999994974,6.,-0.698105554801535));
#8734=CARTESIAN_POINT('',(11.,6.,1.99999999999996));
#8735=CARTESIAN_POINT('',(10.7348661543077,6.,-2.5));
#8736=CARTESIAN_POINT('Origin',(5.28621615726602E-81,6.,0.));
#8737=CARTESIAN_POINT('',(2.50000000000002,6.,-2.5));
#8738=CARTESIAN_POINT('',(6.25000000000001,6.,-2.5));
#8739=CARTESIAN_POINT('',(2.50000000000002,6.,-10.7348661543077));
#8740=CARTESIAN_POINT('',(2.50000000000002,6.,-2.00000000000001));
#8741=CARTESIAN_POINT('',(0.698105554801109,6.,-10.9999999994974));
#8742=CARTESIAN_POINT('Origin',(5.28621615726602E-81,6.,0.));
#8743=CARTESIAN_POINT('',(-0.698105554801105,6.,-10.9999999994974));
#8744=CARTESIAN_POINT('',(2.00000000000002,6.,-11.));
#8745=CARTESIAN_POINT('',(-2.49999999999998,6.,-10.7348661543077));
#8746=CARTESIAN_POINT('Origin',(5.28621615726602E-81,6.,0.));
#8747=CARTESIAN_POINT('',(-2.49999999999998,6.,-2.5));
#8748=CARTESIAN_POINT('',(-2.49999999999998,6.,-6.25000000000003));
#8749=CARTESIAN_POINT('',(-10.7348661543077,6.,-2.5));
#8750=CARTESIAN_POINT('',(-1.99999999999998,6.,-2.5));
#8751=CARTESIAN_POINT('',(-10.9999999994974,6.,-0.698105554802294));
#8752=CARTESIAN_POINT('Origin',(5.28621615726602E-81,6.,0.));
#8753=CARTESIAN_POINT('',(-10.9999999994974,6.,0.698105554802307));
#8754=CARTESIAN_POINT('',(-11.,6.,-2.00000000000002));
#8755=CARTESIAN_POINT('',(-10.7348661543078,6.,2.49999999999995));
#8756=CARTESIAN_POINT('Origin',(5.28621615726602E-81,6.,0.));
#8757=CARTESIAN_POINT('',(-2.49999999999998,6.,2.49999999999995));
#8758=CARTESIAN_POINT('',(-6.24999999999997,6.,2.49999999999995));
#8759=CARTESIAN_POINT('',(-2.49999999999998,6.,10.7348661543077));
#8760=CARTESIAN_POINT('',(-2.49999999999998,6.,1.99999999999996));
#8761=CARTESIAN_POINT('',(-0.698105554801966,6.,10.9999999994974));
#8762=CARTESIAN_POINT('Origin',(5.28621615726602E-81,6.,0.));
#8763=CARTESIAN_POINT('',(0.698105554801966,6.,10.9999999994974));
#8764=CARTESIAN_POINT('',(-1.99999999999998,6.,11.));
#8765=CARTESIAN_POINT('',(2.50000000000002,6.,10.7348661543077));
#8766=CARTESIAN_POINT('Origin',(5.28621615726602E-81,6.,0.));
#8767=CARTESIAN_POINT('',(2.50000000000002,6.,2.49999999999995));
#8768=CARTESIAN_POINT('',(2.50000000000002,6.,6.24999999999997));
#8769=CARTESIAN_POINT('',(2.00000000000002,6.,2.49999999999995));
#8770=CARTESIAN_POINT('',(-1.00000001490116,6.,-4.55000008195639));
#8771=CARTESIAN_POINT('',(-1.00000001490116,6.,-3.75000008195639));
#8772=CARTESIAN_POINT('Origin',(-1.00000001490116,6.,-4.15000008195639));
#8773=CARTESIAN_POINT('',(1.00000001490116,6.,-4.55000008195639));
#8774=CARTESIAN_POINT('',(-0.500000007450572,6.,-4.55000008195639));
#8775=CARTESIAN_POINT('',(1.00000001490116,6.,-3.75000008195639));
#8776=CARTESIAN_POINT('Origin',(1.00000001490116,6.,-4.15000008195639));
#8777=CARTESIAN_POINT('',(0.50000000745059,6.,-3.75000008195639));
#8778=CARTESIAN_POINT('',(-5.90000008195639,6.,-1.00000001490116));
#8779=CARTESIAN_POINT('',(-5.90000008195639,6.,1.00000001490116));
#8780=CARTESIAN_POINT('',(-5.90000008195639,6.,0.500000007450569));
#8781=CARTESIAN_POINT('',(-5.10000008195639,6.,-1.00000001490116));
#8782=CARTESIAN_POINT('Origin',(-5.50000008195639,6.,-1.00000001490116));
#8783=CARTESIAN_POINT('',(-5.10000008195639,6.,1.00000001490116));
#8784=CARTESIAN_POINT('',(-5.10000008195639,6.,-0.500000007450593));
#8785=CARTESIAN_POINT('Origin',(-5.50000008195639,6.,1.00000001490116));
#8786=CARTESIAN_POINT('',(-3.20000008195639,6.,-1.00000001490116));
#8787=CARTESIAN_POINT('',(-3.20000008195638,6.,1.00000001490116));
#8788=CARTESIAN_POINT('',(-3.20000008195639,6.,0.500000007450568));
#8789=CARTESIAN_POINT('',(-2.40000008195639,6.,-1.00000001490116));
#8790=CARTESIAN_POINT('Origin',(-2.80000008195639,6.,-1.00000001490116));
#8791=CARTESIAN_POINT('',(-2.40000008195639,6.,1.00000001490116));
#8792=CARTESIAN_POINT('',(-2.40000008195639,6.,-0.500000007450593));
#8793=CARTESIAN_POINT('Origin',(-2.80000008195639,6.,1.00000001490116));
#8794=CARTESIAN_POINT('',(-1.00000001490116,6.,4.55000008195639));
#8795=CARTESIAN_POINT('',(1.00000001490116,6.,4.55000008195639));
#8796=CARTESIAN_POINT('',(0.500000007450592,6.,4.55000008195639));
#8797=CARTESIAN_POINT('',(-1.00000001490116,6.,3.75000008195639));
#8798=CARTESIAN_POINT('Origin',(-1.00000001490116,6.,4.15000008195639));
#8799=CARTESIAN_POINT('',(1.00000001490116,6.,3.75000008195639));
#8800=CARTESIAN_POINT('',(-0.500000007450569,6.,3.75000008195639));
#8801=CARTESIAN_POINT('Origin',(1.00000001490116,6.,4.15000008195639));
#8802=CARTESIAN_POINT('',(5.10000008195639,6.,1.00000001490116));
#8803=CARTESIAN_POINT('',(5.90000008195639,6.,1.00000001490116));
#8804=CARTESIAN_POINT('Origin',(5.50000008195639,6.,1.00000001490116));
#8805=CARTESIAN_POINT('',(5.10000008195639,6.,-1.00000001490116));
#8806=CARTESIAN_POINT('',(5.10000008195639,6.,0.500000007450566));
#8807=CARTESIAN_POINT('',(5.90000008195639,6.,-1.00000001490116));
#8808=CARTESIAN_POINT('Origin',(5.50000008195639,6.,-1.00000001490116));
#8809=CARTESIAN_POINT('',(5.90000008195639,6.,-0.500000007450596));
#8810=CARTESIAN_POINT('',(2.40000008195638,6.,-1.00000001490116));
#8811=CARTESIAN_POINT('',(2.40000008195639,6.,1.00000001490116));
#8812=CARTESIAN_POINT('',(2.40000008195639,6.,0.500000007450567));
#8813=CARTESIAN_POINT('',(3.20000008195638,6.,-1.00000001490116));
#8814=CARTESIAN_POINT('Origin',(2.80000008195638,6.,-1.00000001490116));
#8815=CARTESIAN_POINT('',(3.20000008195639,6.,1.00000001490116));
#8816=CARTESIAN_POINT('',(3.20000008195638,6.,-0.500000007450595));
#8817=CARTESIAN_POINT('Origin',(2.80000008195639,6.,1.00000001490116));
#8818=CARTESIAN_POINT('',(2.22044604925031E-14,6.,1.81383589106258));
#8819=CARTESIAN_POINT('Origin',(2.22044604925031E-14,6.,-2.55351295663786E-14));
#8820=CARTESIAN_POINT('',(-1.86195461813654,6.,-7.675));
#8821=CARTESIAN_POINT('',(-1.21243556529821,6.,-6.55));
#8822=CARTESIAN_POINT('Origin',(-1.21243556529821,6.,-7.3));
#8823=CARTESIAN_POINT('',(-0.649519052838328,6.,-9.775));
#8824=CARTESIAN_POINT('',(-3.29089653438086,6.,-5.20000000000002));
#8825=CARTESIAN_POINT('',(0.649519052838331,6.,-9.775));
#8826=CARTESIAN_POINT('Origin',(2.22669654630413E-15,6.,-9.4));
#8827=CARTESIAN_POINT('',(1.86195461813654,6.,-7.675));
#8828=CARTESIAN_POINT('',(2.68467875173176,6.,-6.25));
#8829=CARTESIAN_POINT('',(1.21243556529821,6.,-6.55));
#8830=CARTESIAN_POINT('Origin',(1.21243556529821,6.,-7.3));
#8831=CARTESIAN_POINT('',(0.606217782649121,6.,-6.55));
#8832=CARTESIAN_POINT('',(6.55,6.,1.21243556529821));
#8833=CARTESIAN_POINT('',(7.675,6.,1.86195461813654));
#8834=CARTESIAN_POINT('Origin',(7.3,6.,1.21243556529821));
#8835=CARTESIAN_POINT('',(6.55,6.,-1.21243556529822));
#8836=CARTESIAN_POINT('',(6.55,6.,0.606217782649095));
#8837=CARTESIAN_POINT('',(7.675,6.,-1.86195461813655));
#8838=CARTESIAN_POINT('Origin',(7.3,6.,-1.21243556529822));
#8839=CARTESIAN_POINT('',(9.77500000000001,6.,-0.649519052838332));
#8840=CARTESIAN_POINT('',(5.20000000000001,6.,-3.29089653438087));
#8841=CARTESIAN_POINT('',(9.775,6.,0.649519052838328));
#8842=CARTESIAN_POINT('Origin',(9.4,6.,-1.01169073118967E-15));
#8843=CARTESIAN_POINT('',(6.25000000000001,6.,2.68467875173175));
#8844=CARTESIAN_POINT('',(0.649519052838328,6.,9.775));
#8845=CARTESIAN_POINT('',(1.86195461813654,6.,7.675));
#8846=CARTESIAN_POINT('',(3.29089653438088,6.,5.19999999999999));
#8847=CARTESIAN_POINT('',(-0.64951905283833,6.,9.775));
#8848=CARTESIAN_POINT('Origin',(-1.07552855510562E-15,6.,9.4));
#8849=CARTESIAN_POINT('',(-1.86195461813654,6.,7.675));
#8850=CARTESIAN_POINT('',(-2.68467875173176,6.,6.24999999999999));
#8851=CARTESIAN_POINT('',(-1.21243556529821,6.,6.55));
#8852=CARTESIAN_POINT('Origin',(-1.21243556529821,6.,7.3));
#8853=CARTESIAN_POINT('',(1.21243556529822,6.,6.55));
#8854=CARTESIAN_POINT('',(-0.606217782649098,6.,6.55));
#8855=CARTESIAN_POINT('Origin',(1.21243556529821,6.,7.3));
#8856=CARTESIAN_POINT('',(-6.55,6.,1.21243556529821));
#8857=CARTESIAN_POINT('',(-6.55,6.,-1.21243556529821));
#8858=CARTESIAN_POINT('',(-6.55,6.,-0.606217782649123));
#8859=CARTESIAN_POINT('',(-7.675,6.,1.86195461813654));
#8860=CARTESIAN_POINT('Origin',(-7.3,6.,1.21243556529821));
#8861=CARTESIAN_POINT('',(-9.775,6.,0.649519052838326));
#8862=CARTESIAN_POINT('',(-5.2,6.,3.29089653438087));
#8863=CARTESIAN_POINT('',(-9.775,6.,-0.649519052838332));
#8864=CARTESIAN_POINT('Origin',(-9.4,6.,-3.16274784140091E-15));
#8865=CARTESIAN_POINT('',(-7.675,6.,-1.86195461813654));
#8866=CARTESIAN_POINT('',(-6.24999999999998,6.,-2.68467875173177));
#8867=CARTESIAN_POINT('Origin',(-7.3,6.,-1.21243556529821));
#8868=CARTESIAN_POINT('',(3.75000008195639,6.,1.00000001490116));
#8869=CARTESIAN_POINT('',(4.55000008195639,6.,1.00000001490116));
#8870=CARTESIAN_POINT('Origin',(4.15000008195639,6.,1.00000001490116));
#8871=CARTESIAN_POINT('',(3.75000008195639,6.,-1.00000001490116));
#8872=CARTESIAN_POINT('',(3.75000008195639,6.,0.500000007450566));
#8873=CARTESIAN_POINT('',(4.55000008195639,6.,-1.00000001490116));
#8874=CARTESIAN_POINT('Origin',(4.15000008195639,6.,-1.00000001490116));
#8875=CARTESIAN_POINT('',(4.55000008195639,6.,-0.500000007450595));
#8876=CARTESIAN_POINT('',(-1.00000001490116,6.,3.20000008195639));
#8877=CARTESIAN_POINT('',(1.00000001490116,6.,3.20000008195639));
#8878=CARTESIAN_POINT('',(0.500000007450592,6.,3.20000008195639));
#8879=CARTESIAN_POINT('',(-1.00000001490116,6.,2.40000008195639));
#8880=CARTESIAN_POINT('Origin',(-1.00000001490116,6.,2.80000008195639));
#8881=CARTESIAN_POINT('',(1.00000001490116,6.,2.40000008195638));
#8882=CARTESIAN_POINT('',(-0.500000007450569,6.,2.40000008195639));
#8883=CARTESIAN_POINT('Origin',(1.00000001490116,6.,2.80000008195638));
#8884=CARTESIAN_POINT('',(-1.00000001490116,6.,5.90000008195639));
#8885=CARTESIAN_POINT('',(1.00000001490116,6.,5.90000008195639));
#8886=CARTESIAN_POINT('',(0.500000007450593,6.,5.90000008195639));
#8887=CARTESIAN_POINT('',(-1.00000001490116,6.,5.10000008195639));
#8888=CARTESIAN_POINT('Origin',(-1.00000001490116,6.,5.50000008195639));
#8889=CARTESIAN_POINT('',(1.00000001490116,6.,5.10000008195639));
#8890=CARTESIAN_POINT('',(-0.500000007450569,6.,5.10000008195639));
#8891=CARTESIAN_POINT('Origin',(1.00000001490116,6.,5.50000008195639));
#8892=CARTESIAN_POINT('',(-4.55000008195639,6.,-1.00000001490116));
#8893=CARTESIAN_POINT('',(-4.55000008195639,6.,1.00000001490116));
#8894=CARTESIAN_POINT('',(-4.55000008195639,6.,0.500000007450568));
#8895=CARTESIAN_POINT('',(-3.75000008195639,6.,-1.00000001490116));
#8896=CARTESIAN_POINT('Origin',(-4.15000008195639,6.,-1.00000001490116));
#8897=CARTESIAN_POINT('',(-3.75000008195638,6.,1.00000001490116));
#8898=CARTESIAN_POINT('',(-3.75000008195639,6.,-0.500000007450593));
#8899=CARTESIAN_POINT('Origin',(-4.15000008195639,6.,1.00000001490116));
#8900=CARTESIAN_POINT('',(-1.00000001490116,6.,-2.40000008195639));
#8901=CARTESIAN_POINT('',(1.00000001490116,6.,-2.40000008195639));
#8902=CARTESIAN_POINT('',(0.500000007450591,6.,-2.40000008195639));
#8903=CARTESIAN_POINT('',(-1.00000001490116,6.,-3.20000008195639));
#8904=CARTESIAN_POINT('Origin',(-1.00000001490116,6.,-2.80000008195639));
#8905=CARTESIAN_POINT('',(1.00000001490116,6.,-3.20000008195639));
#8906=CARTESIAN_POINT('',(-0.500000007450571,6.,-3.20000008195639));
#8907=CARTESIAN_POINT('Origin',(1.00000001490116,6.,-2.80000008195639));
#8908=CARTESIAN_POINT('Origin',(-1.00000001490116,5.95,-4.15000008195639));
#8909=CARTESIAN_POINT('',(-1.00000001490116,5.9,-4.45000008195639));
#8910=CARTESIAN_POINT('',(-1.00000001490116,5.9,-4.45000008195639));
#8911=CARTESIAN_POINT('',(-1.00000001490116,5.9,-3.85000008195639));
#8912=CARTESIAN_POINT('',(-1.00000001490116,6.,-3.75000008195639));
#8913=CARTESIAN_POINT('Origin',(-1.00000001490116,5.9,-4.15000008195639));
#8914=CARTESIAN_POINT('Origin',(-0.500000007450572,5.95,-4.50000008195639));
#8915=CARTESIAN_POINT('',(1.00000001490116,5.9,-4.45000008195639));
#8916=CARTESIAN_POINT('',(1.00000001490116,5.9,-4.45000008195639));
#8917=CARTESIAN_POINT('',(-0.500000007450571,5.9,-4.45000008195639));
#8918=CARTESIAN_POINT('Origin',(1.00000001490116,5.95,-4.15000008195639));
#8919=CARTESIAN_POINT('',(1.00000001490116,5.9,-3.85000008195639));
#8920=CARTESIAN_POINT('',(1.00000001490116,5.9,-3.85000008195639));
#8921=CARTESIAN_POINT('Origin',(1.00000001490116,5.9,-4.15000008195639));
#8922=CARTESIAN_POINT('Origin',(0.50000000745059,5.95,-3.80000008195639));
#8923=CARTESIAN_POINT('',(0.50000000745059,5.9,-3.85000008195639));
#8924=CARTESIAN_POINT('Origin',(-1.00000001490116,6.,-4.45000008195639));
#8925=CARTESIAN_POINT('',(-1.00000001490116,5.875,-4.45000008195639));
#8926=CARTESIAN_POINT('',(-1.00000001490116,6.,-4.45000008195639));
#8927=CARTESIAN_POINT('',(1.00000001490116,5.875,-4.45000008195639));
#8928=CARTESIAN_POINT('',(-0.500000007450582,5.875,-4.45000008195639));
#8929=CARTESIAN_POINT('',(1.00000001490116,6.,-4.45000008195639));
#8930=CARTESIAN_POINT('Origin',(-1.00000001490116,6.,-4.15000008195639));
#8931=CARTESIAN_POINT('',(-1.00000001490116,5.875,-3.85000008195639));
#8932=CARTESIAN_POINT('',(-1.00000001490116,6.,-3.85000008195639));
#8933=CARTESIAN_POINT('Origin',(-1.00000001490116,5.875,-4.15000008195639));
#8934=CARTESIAN_POINT('Origin',(0.500000007450591,5.95,-2.45000008195639));
#8935=CARTESIAN_POINT('',(-1.00000001490116,5.9,-2.50000008195638));
#8936=CARTESIAN_POINT('',(-1.00000001490116,5.9,-2.50000008195638));
#8937=CARTESIAN_POINT('',(1.00000001490116,5.9,-2.50000008195639));
#8938=CARTESIAN_POINT('',(1.00000001490116,6.,-2.40000008195639));
#8939=CARTESIAN_POINT('',(0.500000007450591,5.9,-2.50000008195639));
#8940=CARTESIAN_POINT('Origin',(-1.00000001490116,5.95,-2.80000008195639));
#8941=CARTESIAN_POINT('',(-1.00000001490116,5.9,-3.10000008195639));
#8942=CARTESIAN_POINT('',(-1.00000001490116,5.9,-3.10000008195639));
#8943=CARTESIAN_POINT('Origin',(-1.00000001490116,5.9,-2.80000008195639));
#8944=CARTESIAN_POINT('Origin',(-0.500000007450571,5.95,-3.15000008195639));
#8945=CARTESIAN_POINT('',(1.00000001490116,5.9,-3.10000008195639));
#8946=CARTESIAN_POINT('',(1.00000001490116,5.9,-3.10000008195639));
#8947=CARTESIAN_POINT('',(-0.500000007450571,5.9,-3.10000008195639));
#8948=CARTESIAN_POINT('Origin',(1.00000001490116,5.95,-2.80000008195639));
#8949=CARTESIAN_POINT('Origin',(1.00000001490116,5.9,-2.80000008195639));
#8950=CARTESIAN_POINT('Origin',(-1.00000001490116,6.,-2.80000008195639));
#8951=CARTESIAN_POINT('',(-1.00000001490116,5.875,-2.50000008195638));
#8952=CARTESIAN_POINT('',(-1.00000001490116,6.,-2.50000008195638));
#8953=CARTESIAN_POINT('',(-1.00000001490116,5.875,-3.10000008195639));
#8954=CARTESIAN_POINT('Origin',(-1.00000001490116,5.875,-2.80000008195639));
#8955=CARTESIAN_POINT('',(-1.00000001490116,6.,-3.10000008195639));
#8956=CARTESIAN_POINT('Origin',(1.00000001490116,6.,-2.50000008195639));
#8957=CARTESIAN_POINT('',(1.00000001490116,5.875,-2.50000008195639));
#8958=CARTESIAN_POINT('',(1.00000001490116,6.,-2.50000008195639));
#8959=CARTESIAN_POINT('',(0.50000000745058,5.875,-2.50000008195639));
#8960=CARTESIAN_POINT('Origin',(-5.85000008195639,5.95,0.500000007450569));
#8961=CARTESIAN_POINT('',(-5.80000008195639,5.9,-1.00000001490116));
#8962=CARTESIAN_POINT('',(-5.80000008195639,5.9,-1.00000001490116));
#8963=CARTESIAN_POINT('',(-5.80000008195639,5.9,1.00000001490116));
#8964=CARTESIAN_POINT('',(-5.90000008195639,6.,1.00000001490116));
#8965=CARTESIAN_POINT('',(-5.80000008195639,5.9,0.500000007450569));
#8966=CARTESIAN_POINT('Origin',(-5.50000008195639,5.95,-1.00000001490116));
#8967=CARTESIAN_POINT('',(-5.20000008195639,5.9,-1.00000001490116));
#8968=CARTESIAN_POINT('',(-5.20000008195639,5.9,-1.00000001490116));
#8969=CARTESIAN_POINT('Origin',(-5.50000008195639,5.9,-1.00000001490116));
#8970=CARTESIAN_POINT('Origin',(-5.15000008195639,5.95,-0.500000007450593));
#8971=CARTESIAN_POINT('',(-5.20000008195638,5.9,1.00000001490116));
#8972=CARTESIAN_POINT('',(-5.20000008195638,5.9,1.00000001490116));
#8973=CARTESIAN_POINT('',(-5.20000008195639,5.9,-0.500000007450593));
#8974=CARTESIAN_POINT('Origin',(-5.50000008195639,5.95,1.00000001490116));
#8975=CARTESIAN_POINT('Origin',(-5.50000008195639,5.9,1.00000001490116));
#8976=CARTESIAN_POINT('Origin',(-5.50000008195639,6.,-1.00000001490116));
#8977=CARTESIAN_POINT('',(-5.80000008195639,5.875,-1.00000001490116));
#8978=CARTESIAN_POINT('',(-5.80000008195639,6.,-1.00000001490116));
#8979=CARTESIAN_POINT('',(-5.20000008195639,5.875,-1.00000001490116));
#8980=CARTESIAN_POINT('Origin',(-5.50000008195639,5.875,-1.00000001490116));
#8981=CARTESIAN_POINT('',(-5.20000008195639,6.,-1.00000001490116));
#8982=CARTESIAN_POINT('Origin',(-5.80000008195639,6.,1.00000001490116));
#8983=CARTESIAN_POINT('',(-5.80000008195639,5.875,1.00000001490116));
#8984=CARTESIAN_POINT('',(-5.80000008195639,6.,1.00000001490116));
#8985=CARTESIAN_POINT('',(-5.80000008195639,5.875,0.50000000745058));
#8986=CARTESIAN_POINT('Origin',(-4.50000008195639,5.95,0.500000007450568));
#8987=CARTESIAN_POINT('',(-4.45000008195639,5.9,-1.00000001490116));
#8988=CARTESIAN_POINT('',(-4.45000008195639,5.9,-1.00000001490116));
#8989=CARTESIAN_POINT('',(-4.45000008195639,5.9,1.00000001490116));
#8990=CARTESIAN_POINT('',(-4.55000008195639,6.,1.00000001490116));
#8991=CARTESIAN_POINT('',(-4.45000008195639,5.9,0.500000007450568));
#8992=CARTESIAN_POINT('Origin',(-4.15000008195639,5.95,-1.00000001490116));
#8993=CARTESIAN_POINT('',(-3.85000008195639,5.9,-1.00000001490116));
#8994=CARTESIAN_POINT('',(-3.85000008195639,5.9,-1.00000001490116));
#8995=CARTESIAN_POINT('Origin',(-4.15000008195639,5.9,-1.00000001490116));
#8996=CARTESIAN_POINT('Origin',(-3.80000008195639,5.95,-0.500000007450593));
#8997=CARTESIAN_POINT('',(-3.85000008195639,5.9,1.00000001490116));
#8998=CARTESIAN_POINT('',(-3.85000008195639,5.9,1.00000001490116));
#8999=CARTESIAN_POINT('',(-3.85000008195639,5.9,-0.500000007450593));
#9000=CARTESIAN_POINT('Origin',(-4.15000008195639,5.95,1.00000001490116));
#9001=CARTESIAN_POINT('Origin',(-4.15000008195639,5.9,1.00000001490116));
#9002=CARTESIAN_POINT('Origin',(-4.15000008195639,6.,-1.00000001490116));
#9003=CARTESIAN_POINT('',(-4.45000008195639,5.875,-1.00000001490116));
#9004=CARTESIAN_POINT('',(-4.45000008195639,6.,-1.00000001490116));
#9005=CARTESIAN_POINT('',(-3.85000008195639,5.875,-1.00000001490116));
#9006=CARTESIAN_POINT('Origin',(-4.15000008195639,5.875,-1.00000001490116));
#9007=CARTESIAN_POINT('',(-3.85000008195639,6.,-1.00000001490116));
#9008=CARTESIAN_POINT('Origin',(-4.45000008195639,6.,1.00000001490116));
#9009=CARTESIAN_POINT('',(-4.45000008195639,5.875,1.00000001490116));
#9010=CARTESIAN_POINT('',(-4.45000008195639,6.,1.00000001490116));
#9011=CARTESIAN_POINT('',(-4.45000008195639,5.875,0.50000000745058));
#9012=CARTESIAN_POINT('Origin',(-3.15000008195639,5.95,0.500000007450568));
#9013=CARTESIAN_POINT('',(-3.10000008195639,5.9,-1.00000001490116));
#9014=CARTESIAN_POINT('',(-3.10000008195639,5.9,-1.00000001490116));
#9015=CARTESIAN_POINT('',(-3.10000008195639,5.9,1.00000001490116));
#9016=CARTESIAN_POINT('',(-3.20000008195638,6.,1.00000001490116));
#9017=CARTESIAN_POINT('',(-3.10000008195639,5.9,0.500000007450568));
#9018=CARTESIAN_POINT('Origin',(-2.80000008195639,5.95,-1.00000001490116));
#9019=CARTESIAN_POINT('',(-2.50000008195639,5.9,-1.00000001490116));
#9020=CARTESIAN_POINT('',(-2.50000008195639,5.9,-1.00000001490116));
#9021=CARTESIAN_POINT('Origin',(-2.80000008195639,5.9,-1.00000001490116));
#9022=CARTESIAN_POINT('Origin',(-2.45000008195639,5.95,-0.500000007450593));
#9023=CARTESIAN_POINT('',(-2.50000008195638,5.9,1.00000001490116));
#9024=CARTESIAN_POINT('',(-2.50000008195638,5.9,1.00000001490116));
#9025=CARTESIAN_POINT('',(-2.50000008195639,5.9,-0.500000007450593));
#9026=CARTESIAN_POINT('Origin',(-2.80000008195639,5.95,1.00000001490116));
#9027=CARTESIAN_POINT('Origin',(-2.80000008195639,5.9,1.00000001490116));
#9028=CARTESIAN_POINT('Origin',(-2.80000008195639,6.,-1.00000001490116));
#9029=CARTESIAN_POINT('',(-3.10000008195639,5.875,-1.00000001490116));
#9030=CARTESIAN_POINT('',(-3.10000008195639,6.,-1.00000001490116));
#9031=CARTESIAN_POINT('',(-2.50000008195639,5.875,-1.00000001490116));
#9032=CARTESIAN_POINT('Origin',(-2.80000008195639,5.875,-1.00000001490116));
#9033=CARTESIAN_POINT('',(-2.50000008195639,6.,-1.00000001490116));
#9034=CARTESIAN_POINT('Origin',(-3.10000008195639,6.,1.00000001490116));
#9035=CARTESIAN_POINT('',(-3.10000008195639,5.875,1.00000001490116));
#9036=CARTESIAN_POINT('',(-3.10000008195639,6.,1.00000001490116));
#9037=CARTESIAN_POINT('',(-3.10000008195639,5.875,0.50000000745058));
#9038=CARTESIAN_POINT('Origin',(0.500000007450593,5.95,5.85000008195639));
#9039=CARTESIAN_POINT('',(-1.00000001490116,5.9,5.80000008195639));
#9040=CARTESIAN_POINT('',(-1.00000001490116,5.9,5.80000008195639));
#9041=CARTESIAN_POINT('',(1.00000001490116,5.9,5.80000008195639));
#9042=CARTESIAN_POINT('',(1.00000001490116,6.,5.90000008195639));
#9043=CARTESIAN_POINT('',(0.500000007450593,5.9,5.80000008195639));
#9044=CARTESIAN_POINT('Origin',(-1.00000001490116,5.95,5.50000008195639));
#9045=CARTESIAN_POINT('',(-1.00000001490116,5.9,5.20000008195639));
#9046=CARTESIAN_POINT('',(-1.00000001490116,5.9,5.20000008195639));
#9047=CARTESIAN_POINT('Origin',(-1.00000001490116,5.9,5.50000008195639));
#9048=CARTESIAN_POINT('Origin',(-0.500000007450569,5.95,5.15000008195639));
#9049=CARTESIAN_POINT('',(1.00000001490116,5.9,5.20000008195638));
#9050=CARTESIAN_POINT('',(1.00000001490116,5.9,5.20000008195638));
#9051=CARTESIAN_POINT('',(-0.500000007450569,5.9,5.20000008195639));
#9052=CARTESIAN_POINT('Origin',(1.00000001490116,5.95,5.50000008195639));
#9053=CARTESIAN_POINT('Origin',(1.00000001490116,5.9,5.50000008195639));
#9054=CARTESIAN_POINT('Origin',(-1.00000001490116,6.,5.50000008195639));
#9055=CARTESIAN_POINT('',(-1.00000001490116,5.875,5.80000008195639));
#9056=CARTESIAN_POINT('',(-1.00000001490116,6.,5.80000008195639));
#9057=CARTESIAN_POINT('',(-1.00000001490116,5.875,5.20000008195639));
#9058=CARTESIAN_POINT('Origin',(-1.00000001490116,5.875,5.50000008195639));
#9059=CARTESIAN_POINT('',(-1.00000001490116,6.,5.20000008195639));
#9060=CARTESIAN_POINT('Origin',(1.00000001490116,6.,5.80000008195639));
#9061=CARTESIAN_POINT('',(1.00000001490116,5.875,5.80000008195639));
#9062=CARTESIAN_POINT('',(1.00000001490116,6.,5.80000008195639));
#9063=CARTESIAN_POINT('',(0.500000007450579,5.875,5.80000008195639));
#9064=CARTESIAN_POINT('Origin',(0.500000007450592,5.95,4.50000008195639));
#9065=CARTESIAN_POINT('',(-1.00000001490116,5.9,4.45000008195639));
#9066=CARTESIAN_POINT('',(-1.00000001490116,5.9,4.45000008195639));
#9067=CARTESIAN_POINT('',(1.00000001490116,5.9,4.45000008195639));
#9068=CARTESIAN_POINT('',(1.00000001490116,6.,4.55000008195639));
#9069=CARTESIAN_POINT('',(0.500000007450592,5.9,4.45000008195639));
#9070=CARTESIAN_POINT('Origin',(-1.00000001490116,5.95,4.15000008195639));
#9071=CARTESIAN_POINT('',(-1.00000001490116,5.9,3.85000008195639));
#9072=CARTESIAN_POINT('',(-1.00000001490116,5.9,3.85000008195639));
#9073=CARTESIAN_POINT('Origin',(-1.00000001490116,5.9,4.15000008195639));
#9074=CARTESIAN_POINT('Origin',(-0.500000007450569,5.95,3.80000008195639));
#9075=CARTESIAN_POINT('',(1.00000001490116,5.9,3.85000008195639));
#9076=CARTESIAN_POINT('',(1.00000001490116,5.9,3.85000008195639));
#9077=CARTESIAN_POINT('',(-0.500000007450569,5.9,3.85000008195639));
#9078=CARTESIAN_POINT('Origin',(1.00000001490116,5.95,4.15000008195639));
#9079=CARTESIAN_POINT('Origin',(1.00000001490116,5.9,4.15000008195639));
#9080=CARTESIAN_POINT('Origin',(-1.00000001490116,6.,4.15000008195639));
#9081=CARTESIAN_POINT('',(-1.00000001490116,5.875,4.45000008195639));
#9082=CARTESIAN_POINT('',(-1.00000001490116,6.,4.45000008195639));
#9083=CARTESIAN_POINT('',(-1.00000001490116,5.875,3.85000008195639));
#9084=CARTESIAN_POINT('Origin',(-1.00000001490116,5.875,4.15000008195639));
#9085=CARTESIAN_POINT('',(-1.00000001490116,6.,3.85000008195639));
#9086=CARTESIAN_POINT('Origin',(1.00000001490116,6.,4.45000008195639));
#9087=CARTESIAN_POINT('',(1.00000001490116,5.875,4.45000008195639));
#9088=CARTESIAN_POINT('',(1.00000001490116,6.,4.45000008195639));
#9089=CARTESIAN_POINT('',(0.500000007450579,5.875,4.45000008195639));
#9090=CARTESIAN_POINT('Origin',(0.500000007450592,5.95,3.15000008195639));
#9091=CARTESIAN_POINT('',(-1.00000001490116,5.9,3.10000008195639));
#9092=CARTESIAN_POINT('',(-1.00000001490116,5.9,3.10000008195639));
#9093=CARTESIAN_POINT('',(1.00000001490116,5.9,3.10000008195638));
#9094=CARTESIAN_POINT('',(1.00000001490116,6.,3.20000008195639));
#9095=CARTESIAN_POINT('',(0.500000007450592,5.9,3.10000008195639));
#9096=CARTESIAN_POINT('Origin',(-1.00000001490116,5.95,2.80000008195639));
#9097=CARTESIAN_POINT('',(-1.00000001490116,5.9,2.50000008195639));
#9098=CARTESIAN_POINT('',(-1.00000001490116,5.9,2.50000008195639));
#9099=CARTESIAN_POINT('Origin',(-1.00000001490116,5.9,2.80000008195639));
#9100=CARTESIAN_POINT('Origin',(-0.500000007450569,5.95,2.45000008195638));
#9101=CARTESIAN_POINT('',(1.00000001490116,5.9,2.50000008195638));
#9102=CARTESIAN_POINT('',(1.00000001490116,5.9,2.50000008195638));
#9103=CARTESIAN_POINT('',(-0.500000007450569,5.9,2.50000008195638));
#9104=CARTESIAN_POINT('Origin',(1.00000001490116,5.95,2.80000008195638));
#9105=CARTESIAN_POINT('Origin',(1.00000001490116,5.9,2.80000008195638));
#9106=CARTESIAN_POINT('Origin',(-1.00000001490116,6.,2.80000008195639));
#9107=CARTESIAN_POINT('',(-1.00000001490116,5.875,3.10000008195639));
#9108=CARTESIAN_POINT('',(-1.00000001490116,6.,3.10000008195639));
#9109=CARTESIAN_POINT('',(-1.00000001490116,5.875,2.50000008195639));
#9110=CARTESIAN_POINT('Origin',(-1.00000001490116,5.875,2.80000008195639));
#9111=CARTESIAN_POINT('',(-1.00000001490116,6.,2.50000008195639));
#9112=CARTESIAN_POINT('Origin',(1.00000001490116,6.,3.10000008195638));
#9113=CARTESIAN_POINT('',(1.00000001490116,5.875,3.10000008195638));
#9114=CARTESIAN_POINT('',(1.00000001490116,6.,3.10000008195638));
#9115=CARTESIAN_POINT('',(0.50000000745058,5.875,3.10000008195639));
#9116=CARTESIAN_POINT('Origin',(5.50000008195639,5.95,1.00000001490116));
#9117=CARTESIAN_POINT('',(5.20000008195639,5.9,1.00000001490116));
#9118=CARTESIAN_POINT('',(5.20000008195639,5.9,1.00000001490116));
#9119=CARTESIAN_POINT('',(5.80000008195639,5.9,1.00000001490116));
#9120=CARTESIAN_POINT('',(5.90000008195639,6.,1.00000001490116));
#9121=CARTESIAN_POINT('Origin',(5.50000008195639,5.9,1.00000001490116));
#9122=CARTESIAN_POINT('Origin',(5.15000008195639,5.95,0.500000007450566));
#9123=CARTESIAN_POINT('',(5.20000008195638,5.9,-1.00000001490116));
#9124=CARTESIAN_POINT('',(5.20000008195638,5.9,-1.00000001490116));
#9125=CARTESIAN_POINT('',(5.20000008195639,5.9,0.500000007450566));
#9126=CARTESIAN_POINT('Origin',(5.50000008195639,5.95,-1.00000001490116));
#9127=CARTESIAN_POINT('',(5.80000008195639,5.9,-1.00000001490116));
#9128=CARTESIAN_POINT('',(5.80000008195639,5.9,-1.00000001490116));
#9129=CARTESIAN_POINT('Origin',(5.50000008195639,5.9,-1.00000001490116));
#9130=CARTESIAN_POINT('Origin',(5.85000008195639,5.95,-0.500000007450596));
#9131=CARTESIAN_POINT('',(5.80000008195639,5.9,-0.500000007450596));
#9132=CARTESIAN_POINT('Origin',(5.20000008195639,6.,1.00000001490116));
#9133=CARTESIAN_POINT('',(5.20000008195639,5.875,1.00000001490116));
#9134=CARTESIAN_POINT('',(5.20000008195639,6.,1.00000001490116));
#9135=CARTESIAN_POINT('',(5.20000008195638,5.875,-1.00000001490116));
#9136=CARTESIAN_POINT('',(5.20000008195639,5.875,0.500000007450581));
#9137=CARTESIAN_POINT('',(5.20000008195638,6.,-1.00000001490116));
#9138=CARTESIAN_POINT('Origin',(5.50000008195639,6.,1.00000001490116));
#9139=CARTESIAN_POINT('',(5.80000008195639,5.875,1.00000001490116));
#9140=CARTESIAN_POINT('',(5.80000008195639,6.,1.00000001490116));
#9141=CARTESIAN_POINT('Origin',(5.50000008195639,5.875,1.00000001490116));
#9142=CARTESIAN_POINT('Origin',(4.15000008195639,5.95,1.00000001490116));
#9143=CARTESIAN_POINT('',(3.85000008195639,5.9,1.00000001490116));
#9144=CARTESIAN_POINT('',(3.85000008195639,5.9,1.00000001490116));
#9145=CARTESIAN_POINT('',(4.45000008195639,5.9,1.00000001490116));
#9146=CARTESIAN_POINT('',(4.55000008195639,6.,1.00000001490116));
#9147=CARTESIAN_POINT('Origin',(4.15000008195639,5.9,1.00000001490116));
#9148=CARTESIAN_POINT('Origin',(3.80000008195639,5.95,0.500000007450566));
#9149=CARTESIAN_POINT('',(3.85000008195639,5.9,-1.00000001490116));
#9150=CARTESIAN_POINT('',(3.85000008195639,5.9,-1.00000001490116));
#9151=CARTESIAN_POINT('',(3.85000008195639,5.9,0.500000007450566));
#9152=CARTESIAN_POINT('Origin',(4.15000008195639,5.95,-1.00000001490116));
#9153=CARTESIAN_POINT('',(4.45000008195639,5.9,-1.00000001490116));
#9154=CARTESIAN_POINT('',(4.45000008195639,5.9,-1.00000001490116));
#9155=CARTESIAN_POINT('Origin',(4.15000008195639,5.9,-1.00000001490116));
#9156=CARTESIAN_POINT('Origin',(4.50000008195639,5.95,-0.500000007450595));
#9157=CARTESIAN_POINT('',(4.45000008195639,5.9,-0.500000007450595));
#9158=CARTESIAN_POINT('Origin',(3.85000008195639,6.,1.00000001490116));
#9159=CARTESIAN_POINT('',(3.85000008195639,5.875,1.00000001490116));
#9160=CARTESIAN_POINT('',(3.85000008195639,6.,1.00000001490116));
#9161=CARTESIAN_POINT('',(3.85000008195639,5.875,-1.00000001490116));
#9162=CARTESIAN_POINT('',(3.85000008195639,5.875,0.500000007450581));
#9163=CARTESIAN_POINT('',(3.85000008195639,6.,-1.00000001490116));
#9164=CARTESIAN_POINT('Origin',(4.15000008195639,6.,1.00000001490116));
#9165=CARTESIAN_POINT('',(4.45000008195639,5.875,1.00000001490116));
#9166=CARTESIAN_POINT('',(4.45000008195639,6.,1.00000001490116));
#9167=CARTESIAN_POINT('Origin',(4.15000008195639,5.875,1.00000001490116));
#9168=CARTESIAN_POINT('Origin',(2.45000008195638,5.95,0.500000007450567));
#9169=CARTESIAN_POINT('',(2.50000008195638,5.9,-1.00000001490116));
#9170=CARTESIAN_POINT('',(2.50000008195638,5.9,-1.00000001490116));
#9171=CARTESIAN_POINT('',(2.50000008195638,5.9,1.00000001490116));
#9172=CARTESIAN_POINT('',(2.40000008195639,6.,1.00000001490116));
#9173=CARTESIAN_POINT('',(2.50000008195638,5.9,0.500000007450567));
#9174=CARTESIAN_POINT('Origin',(2.80000008195638,5.95,-1.00000001490116));
#9175=CARTESIAN_POINT('',(3.10000008195638,5.9,-1.00000001490116));
#9176=CARTESIAN_POINT('',(3.10000008195638,5.9,-1.00000001490116));
#9177=CARTESIAN_POINT('Origin',(2.80000008195638,5.9,-1.00000001490116));
#9178=CARTESIAN_POINT('Origin',(3.15000008195638,5.95,-0.500000007450595));
#9179=CARTESIAN_POINT('',(3.10000008195639,5.9,1.00000001490116));
#9180=CARTESIAN_POINT('',(3.10000008195639,5.9,1.00000001490116));
#9181=CARTESIAN_POINT('',(3.10000008195638,5.9,-0.500000007450595));
#9182=CARTESIAN_POINT('Origin',(2.80000008195639,5.95,1.00000001490116));
#9183=CARTESIAN_POINT('Origin',(2.80000008195639,5.9,1.00000001490116));
#9184=CARTESIAN_POINT('Origin',(2.80000008195638,6.,-1.00000001490116));
#9185=CARTESIAN_POINT('',(2.50000008195638,5.875,-1.00000001490116));
#9186=CARTESIAN_POINT('',(2.50000008195638,6.,-1.00000001490116));
#9187=CARTESIAN_POINT('',(3.10000008195638,5.875,-1.00000001490116));
#9188=CARTESIAN_POINT('Origin',(2.80000008195638,5.875,-1.00000001490116));
#9189=CARTESIAN_POINT('',(3.10000008195638,6.,-1.00000001490116));
#9190=CARTESIAN_POINT('Origin',(2.50000008195638,6.,1.00000001490116));
#9191=CARTESIAN_POINT('',(2.50000008195638,5.875,1.00000001490116));
#9192=CARTESIAN_POINT('',(2.50000008195638,6.,1.00000001490116));
#9193=CARTESIAN_POINT('',(2.50000008195638,5.875,0.500000007450581));
#9194=CARTESIAN_POINT('Origin',(-1.00000001490116,5.8125,-5.50000008195639));
#9195=CARTESIAN_POINT('',(-1.00000001490116,5.75,-5.67500008195639));
#9196=CARTESIAN_POINT('',(-1.00000001490116,5.75,-5.67500008195639));
#9197=CARTESIAN_POINT('',(-1.00000001490116,5.75,-5.32500008195639));
#9198=CARTESIAN_POINT('',(-1.00000001490116,5.875,-5.20000008195639));
#9199=CARTESIAN_POINT('Origin',(-1.00000001490116,5.75,-5.50000008195639));
#9200=CARTESIAN_POINT('Origin',(-0.500000007450583,5.8125,-5.73750008195639));
#9201=CARTESIAN_POINT('',(1.00000001490116,5.75,-5.67500008195639));
#9202=CARTESIAN_POINT('',(1.00000001490116,5.75,-5.67500008195639));
#9203=CARTESIAN_POINT('',(-0.500000007450582,5.75,-5.67500008195639));
#9204=CARTESIAN_POINT('Origin',(1.00000001490116,5.8125,-5.50000008195639));
#9205=CARTESIAN_POINT('',(1.00000001490116,5.75,-5.32500008195639));
#9206=CARTESIAN_POINT('',(1.00000001490116,5.875,-5.20000008195639));
#9207=CARTESIAN_POINT('',(1.00000001490116,5.75,-5.32500008195639));
#9208=CARTESIAN_POINT('Origin',(1.00000001490116,5.875,-5.50000008195639));
#9209=CARTESIAN_POINT('Origin',(1.00000001490116,5.75,-5.50000008195639));
#9210=CARTESIAN_POINT('Origin',(0.500000007450579,5.8125,-5.26250008195639));
#9211=CARTESIAN_POINT('',(0.500000007450579,5.875,-5.20000008195639));
#9212=CARTESIAN_POINT('',(0.500000007450579,5.75,-5.32500008195639));
#9213=CARTESIAN_POINT('Origin',(1.00000001490116,6.,-5.20000008195639));
#9214=CARTESIAN_POINT('',(1.00000001490116,6.,-5.20000008195639));
#9215=CARTESIAN_POINT('Origin',(-1.66533453693773E-15,5.75,-5.50000008195639));
#9216=CARTESIAN_POINT('Origin',(-0.500000007450582,5.8125,-4.38750008195639));
#9217=CARTESIAN_POINT('',(1.00000001490116,5.75,-4.32500008195639));
#9218=CARTESIAN_POINT('',(1.00000001490116,5.75,-4.32500008195639));
#9219=CARTESIAN_POINT('',(-1.00000001490116,5.75,-4.32500008195639));
#9220=CARTESIAN_POINT('',(-1.00000001490116,5.875,-4.45000008195639));
#9221=CARTESIAN_POINT('',(-0.500000007450582,5.75,-4.32500008195639));
#9222=CARTESIAN_POINT('Origin',(1.00000001490116,5.8125,-4.15000008195639));
#9223=CARTESIAN_POINT('',(1.00000001490116,5.75,-3.97500008195639));
#9224=CARTESIAN_POINT('',(1.00000001490116,5.875,-3.85000008195639));
#9225=CARTESIAN_POINT('',(1.00000001490116,5.75,-3.97500008195639));
#9226=CARTESIAN_POINT('Origin',(1.00000001490116,5.875,-4.15000008195639));
#9227=CARTESIAN_POINT('Origin',(1.00000001490116,5.75,-4.15000008195639));
#9228=CARTESIAN_POINT('Origin',(0.50000000745058,5.8125,-3.91250008195639));
#9229=CARTESIAN_POINT('',(-1.00000001490116,5.75,-3.97500008195639));
#9230=CARTESIAN_POINT('',(-1.00000001490116,5.75,-3.97500008195639));
#9231=CARTESIAN_POINT('',(0.50000000745058,5.875,-3.85000008195639));
#9232=CARTESIAN_POINT('',(0.50000000745058,5.75,-3.97500008195639));
#9233=CARTESIAN_POINT('Origin',(-1.00000001490116,5.8125,-4.15000008195639));
#9234=CARTESIAN_POINT('Origin',(-1.00000001490116,5.75,-4.15000008195639));
#9235=CARTESIAN_POINT('Origin',(-1.11022302462516E-15,5.75,-4.15000008195639));
#9236=CARTESIAN_POINT('Origin',(1.00000001490116,5.8125,-2.80000008195639));
#9237=CARTESIAN_POINT('',(1.00000001490116,5.75,-2.62500008195639));
#9238=CARTESIAN_POINT('',(1.00000001490116,5.75,-2.62500008195639));
#9239=CARTESIAN_POINT('',(1.00000001490116,5.875,-3.10000008195639));
#9240=CARTESIAN_POINT('Origin',(1.00000001490116,5.875,-2.80000008195639));
#9241=CARTESIAN_POINT('',(1.00000001490116,5.75,-2.97500008195639));
#9242=CARTESIAN_POINT('',(1.00000001490116,5.875,-3.10000008195639));
#9243=CARTESIAN_POINT('Origin',(1.00000001490116,5.75,-2.80000008195639));
#9244=CARTESIAN_POINT('Origin',(0.50000000745058,5.8125,-2.56250008195639));
#9245=CARTESIAN_POINT('',(-1.00000001490116,5.75,-2.62500008195638));
#9246=CARTESIAN_POINT('',(-1.00000001490116,5.75,-2.62500008195638));
#9247=CARTESIAN_POINT('',(0.50000000745058,5.75,-2.62500008195639));
#9248=CARTESIAN_POINT('Origin',(-1.00000001490116,5.8125,-2.80000008195639));
#9249=CARTESIAN_POINT('',(-1.00000001490116,5.75,-2.97500008195639));
#9250=CARTESIAN_POINT('',(-1.00000001490116,5.75,-2.97500008195639));
#9251=CARTESIAN_POINT('Origin',(-1.00000001490116,5.75,-2.80000008195639));
#9252=CARTESIAN_POINT('Origin',(-0.500000007450582,5.8125,-3.03750008195639));
#9253=CARTESIAN_POINT('',(-0.500000007450582,5.875,-3.10000008195639));
#9254=CARTESIAN_POINT('',(-0.500000007450582,5.75,-2.97500008195639));
#9255=CARTESIAN_POINT('Origin',(-1.00000001490116,6.,-3.10000008195639));
#9256=CARTESIAN_POINT('',(1.00000001490116,6.,-3.10000008195639));
#9257=CARTESIAN_POINT('Origin',(1.00000001490116,6.,-2.80000008195639));
#9258=CARTESIAN_POINT('Origin',(-8.32667268468867E-16,5.75,-2.80000008195639));
#9259=CARTESIAN_POINT('Origin',(-5.50000008195639,5.8125,1.00000001490116));
#9260=CARTESIAN_POINT('',(-5.67500008195639,5.75,1.00000001490116));
#9261=CARTESIAN_POINT('',(-5.67500008195639,5.75,1.00000001490116));
#9262=CARTESIAN_POINT('',(-5.20000008195638,5.875,1.00000001490116));
#9263=CARTESIAN_POINT('Origin',(-5.50000008195639,5.875,1.00000001490116));
#9264=CARTESIAN_POINT('',(-5.32500008195638,5.75,1.00000001490116));
#9265=CARTESIAN_POINT('',(-5.20000008195638,5.875,1.00000001490116));
#9266=CARTESIAN_POINT('Origin',(-5.50000008195639,5.75,1.00000001490116));
#9267=CARTESIAN_POINT('Origin',(-5.73750008195639,5.8125,0.50000000745058));
#9268=CARTESIAN_POINT('',(-5.67500008195639,5.75,-1.00000001490116));
#9269=CARTESIAN_POINT('',(-5.67500008195639,5.75,-1.00000001490116));
#9270=CARTESIAN_POINT('',(-5.67500008195639,5.75,0.50000000745058));
#9271=CARTESIAN_POINT('Origin',(-5.50000008195639,5.8125,-1.00000001490116));
#9272=CARTESIAN_POINT('',(-5.32500008195639,5.75,-1.00000001490116));
#9273=CARTESIAN_POINT('',(-5.32500008195639,5.75,-1.00000001490116));
#9274=CARTESIAN_POINT('Origin',(-5.50000008195639,5.75,-1.00000001490116));
#9275=CARTESIAN_POINT('Origin',(-5.26250008195639,5.8125,-0.500000007450581));
#9276=CARTESIAN_POINT('',(-5.20000008195639,5.875,-0.500000007450581));
#9277=CARTESIAN_POINT('',(-5.32500008195639,5.75,-0.500000007450581));
#9278=CARTESIAN_POINT('Origin',(-5.20000008195639,6.,-1.00000001490116));
#9279=CARTESIAN_POINT('',(-5.20000008195638,6.,1.00000001490116));
#9280=CARTESIAN_POINT('Origin',(-5.50000008195639,6.,1.00000001490116));
#9281=CARTESIAN_POINT('Origin',(-5.50000008195639,5.75,-5.55111512312578E-16));
#9282=CARTESIAN_POINT('Origin',(-4.38750008195639,5.8125,0.50000000745058));
#9283=CARTESIAN_POINT('',(-4.32500008195639,5.75,-1.00000001490116));
#9284=CARTESIAN_POINT('',(-4.32500008195639,5.75,-1.00000001490116));
#9285=CARTESIAN_POINT('',(-4.32500008195639,5.75,1.00000001490116));
#9286=CARTESIAN_POINT('',(-4.45000008195639,5.875,1.00000001490116));
#9287=CARTESIAN_POINT('',(-4.32500008195639,5.75,0.50000000745058));
#9288=CARTESIAN_POINT('Origin',(-4.15000008195639,5.8125,-1.00000001490116));
#9289=CARTESIAN_POINT('',(-3.97500008195639,5.75,-1.00000001490116));
#9290=CARTESIAN_POINT('',(-3.97500008195639,5.75,-1.00000001490116));
#9291=CARTESIAN_POINT('Origin',(-4.15000008195639,5.75,-1.00000001490116));
#9292=CARTESIAN_POINT('Origin',(-3.91250008195639,5.8125,-0.500000007450581));
#9293=CARTESIAN_POINT('',(-3.97500008195638,5.75,1.00000001490116));
#9294=CARTESIAN_POINT('',(-3.85000008195639,5.875,1.00000001490116));
#9295=CARTESIAN_POINT('',(-3.97500008195638,5.75,1.00000001490116));
#9296=CARTESIAN_POINT('',(-3.85000008195639,5.875,-0.500000007450581));
#9297=CARTESIAN_POINT('',(-3.97500008195639,5.75,-0.500000007450581));
#9298=CARTESIAN_POINT('Origin',(-4.15000008195639,5.8125,1.00000001490116));
#9299=CARTESIAN_POINT('Origin',(-4.15000008195639,5.875,1.00000001490116));
#9300=CARTESIAN_POINT('Origin',(-4.15000008195639,5.75,1.00000001490116));
#9301=CARTESIAN_POINT('Origin',(-4.15000008195639,6.,1.00000001490116));
#9302=CARTESIAN_POINT('',(-3.85000008195639,6.,1.00000001490116));
#9303=CARTESIAN_POINT('Origin',(-4.15000008195639,5.75,-5.55111512312578E-16));
#9304=CARTESIAN_POINT('Origin',(-2.80000008195639,5.8125,-1.00000001490116));
#9305=CARTESIAN_POINT('',(-2.62500008195639,5.75,-1.00000001490116));
#9306=CARTESIAN_POINT('',(-2.62500008195639,5.75,-1.00000001490116));
#9307=CARTESIAN_POINT('',(-2.97500008195639,5.75,-1.00000001490116));
#9308=CARTESIAN_POINT('',(-3.10000008195639,5.875,-1.00000001490116));
#9309=CARTESIAN_POINT('Origin',(-2.80000008195639,5.75,-1.00000001490116));
#9310=CARTESIAN_POINT('Origin',(-2.56250008195639,5.8125,-0.500000007450581));
#9311=CARTESIAN_POINT('',(-2.62500008195639,5.75,1.00000001490116));
#9312=CARTESIAN_POINT('',(-2.50000008195638,5.875,1.00000001490116));
#9313=CARTESIAN_POINT('',(-2.62500008195639,5.75,1.00000001490116));
#9314=CARTESIAN_POINT('',(-2.50000008195639,5.875,-0.500000007450581));
#9315=CARTESIAN_POINT('',(-2.62500008195639,5.75,-0.500000007450581));
#9316=CARTESIAN_POINT('Origin',(-2.80000008195639,5.8125,1.00000001490116));
#9317=CARTESIAN_POINT('',(-2.97500008195639,5.75,1.00000001490116));
#9318=CARTESIAN_POINT('',(-2.97500008195639,5.75,1.00000001490116));
#9319=CARTESIAN_POINT('Origin',(-2.80000008195639,5.875,1.00000001490116));
#9320=CARTESIAN_POINT('Origin',(-2.80000008195639,5.75,1.00000001490116));
#9321=CARTESIAN_POINT('Origin',(-3.03750008195639,5.8125,0.50000000745058));
#9322=CARTESIAN_POINT('',(-2.97500008195639,5.75,0.50000000745058));
#9323=CARTESIAN_POINT('Origin',(-2.80000008195639,5.75,-2.77555756156289E-16));
#9324=CARTESIAN_POINT('Origin',(5.50000008195639,5.8125,1.00000001490116));
#9325=CARTESIAN_POINT('',(5.32500008195639,5.75,1.00000001490116));
#9326=CARTESIAN_POINT('',(5.32500008195639,5.75,1.00000001490116));
#9327=CARTESIAN_POINT('',(5.67500008195639,5.75,1.00000001490116));
#9328=CARTESIAN_POINT('',(5.80000008195639,5.875,1.00000001490116));
#9329=CARTESIAN_POINT('Origin',(5.50000008195639,5.75,1.00000001490116));
#9330=CARTESIAN_POINT('Origin',(5.26250008195639,5.8125,0.500000007450581));
#9331=CARTESIAN_POINT('',(5.32500008195638,5.75,-1.00000001490116));
#9332=CARTESIAN_POINT('',(5.32500008195638,5.75,-1.00000001490116));
#9333=CARTESIAN_POINT('',(5.32500008195639,5.75,0.500000007450581));
#9334=CARTESIAN_POINT('Origin',(5.50000008195639,5.8125,-1.00000001490116));
#9335=CARTESIAN_POINT('',(5.67500008195639,5.75,-1.00000001490116));
#9336=CARTESIAN_POINT('',(5.80000008195639,5.875,-1.00000001490116));
#9337=CARTESIAN_POINT('',(5.67500008195639,5.75,-1.00000001490116));
#9338=CARTESIAN_POINT('Origin',(5.50000008195639,5.875,-1.00000001490116));
#9339=CARTESIAN_POINT('Origin',(5.50000008195639,5.75,-1.00000001490116));
#9340=CARTESIAN_POINT('Origin',(5.73750008195639,5.8125,-0.500000007450581));
#9341=CARTESIAN_POINT('',(5.80000008195639,5.875,-0.500000007450581));
#9342=CARTESIAN_POINT('',(5.67500008195639,5.75,-0.500000007450581));
#9343=CARTESIAN_POINT('Origin',(5.80000008195639,6.,-1.00000001490116));
#9344=CARTESIAN_POINT('',(5.80000008195639,6.,-1.00000001490116));
#9345=CARTESIAN_POINT('Origin',(5.50000008195639,5.75,-6.77927350526213E-32));
#9346=CARTESIAN_POINT('Origin',(4.15000008195639,5.8125,-1.00000001490116));
#9347=CARTESIAN_POINT('',(4.32500008195639,5.75,-1.00000001490116));
#9348=CARTESIAN_POINT('',(4.45000008195639,5.875,-1.00000001490116));
#9349=CARTESIAN_POINT('',(4.32500008195639,5.75,-1.00000001490116));
#9350=CARTESIAN_POINT('Origin',(4.15000008195639,5.875,-1.00000001490116));
#9351=CARTESIAN_POINT('',(3.97500008195639,5.75,-1.00000001490116));
#9352=CARTESIAN_POINT('',(3.85000008195639,5.875,-1.00000001490116));
#9353=CARTESIAN_POINT('Origin',(4.15000008195639,5.75,-1.00000001490116));
#9354=CARTESIAN_POINT('Origin',(4.38750008195639,5.8125,-0.500000007450581));
#9355=CARTESIAN_POINT('',(4.32500008195639,5.75,1.00000001490116));
#9356=CARTESIAN_POINT('',(4.32500008195639,5.75,1.00000001490116));
#9357=CARTESIAN_POINT('',(4.45000008195639,5.875,-0.500000007450581));
#9358=CARTESIAN_POINT('',(4.32500008195639,5.75,-0.500000007450581));
#9359=CARTESIAN_POINT('Origin',(4.15000008195639,5.8125,1.00000001490116));
#9360=CARTESIAN_POINT('',(3.97500008195639,5.75,1.00000001490116));
#9361=CARTESIAN_POINT('',(3.97500008195639,5.75,1.00000001490116));
#9362=CARTESIAN_POINT('Origin',(4.15000008195639,5.75,1.00000001490116));
#9363=CARTESIAN_POINT('Origin',(3.91250008195639,5.8125,0.500000007450581));
#9364=CARTESIAN_POINT('',(3.97500008195639,5.75,0.500000007450581));
#9365=CARTESIAN_POINT('Origin',(4.15000008195639,6.,-1.00000001490116));
#9366=CARTESIAN_POINT('',(4.45000008195639,6.,-1.00000001490116));
#9367=CARTESIAN_POINT('Origin',(4.15000008195639,5.75,-5.11527003331156E-32));
#9368=CARTESIAN_POINT('Origin',(2.80000008195638,5.8125,-1.00000001490116));
#9369=CARTESIAN_POINT('',(2.97500008195638,5.75,-1.00000001490116));
#9370=CARTESIAN_POINT('',(2.97500008195638,5.75,-1.00000001490116));
#9371=CARTESIAN_POINT('',(2.62500008195638,5.75,-1.00000001490116));
#9372=CARTESIAN_POINT('',(2.50000008195638,5.875,-1.00000001490116));
#9373=CARTESIAN_POINT('Origin',(2.80000008195638,5.75,-1.00000001490116));
#9374=CARTESIAN_POINT('Origin',(3.03750008195638,5.8125,-0.500000007450581));
#9375=CARTESIAN_POINT('',(2.97500008195638,5.75,1.00000001490116));
#9376=CARTESIAN_POINT('',(3.10000008195639,5.875,1.00000001490116));
#9377=CARTESIAN_POINT('',(2.97500008195638,5.75,1.00000001490116));
#9378=CARTESIAN_POINT('',(3.10000008195638,5.875,-0.500000007450581));
#9379=CARTESIAN_POINT('',(2.97500008195638,5.75,-0.500000007450581));
#9380=CARTESIAN_POINT('Origin',(2.80000008195639,5.8125,1.00000001490116));
#9381=CARTESIAN_POINT('',(2.62500008195639,5.75,1.00000001490116));
#9382=CARTESIAN_POINT('',(2.62500008195639,5.75,1.00000001490116));
#9383=CARTESIAN_POINT('Origin',(2.80000008195639,5.875,1.00000001490116));
#9384=CARTESIAN_POINT('Origin',(2.80000008195639,5.75,1.00000001490116));
#9385=CARTESIAN_POINT('Origin',(2.56250008195638,5.8125,0.500000007450581));
#9386=CARTESIAN_POINT('',(2.62500008195638,5.75,0.500000007450581));
#9387=CARTESIAN_POINT('Origin',(2.80000008195639,5.75,-3.45126656136098E-32));
#9388=CARTESIAN_POINT('Origin',(1.00000001490116,5.8125,5.50000008195639));
#9389=CARTESIAN_POINT('',(1.00000001490116,5.75,5.67500008195639));
#9390=CARTESIAN_POINT('',(1.00000001490116,5.75,5.67500008195639));
#9391=CARTESIAN_POINT('',(1.00000001490116,5.875,5.20000008195638));
#9392=CARTESIAN_POINT('Origin',(1.00000001490116,5.875,5.50000008195639));
#9393=CARTESIAN_POINT('',(1.00000001490116,5.75,5.32500008195638));
#9394=CARTESIAN_POINT('',(1.00000001490116,5.875,5.20000008195638));
#9395=CARTESIAN_POINT('Origin',(1.00000001490116,5.75,5.50000008195639));
#9396=CARTESIAN_POINT('Origin',(0.500000007450579,5.8125,5.73750008195639));
#9397=CARTESIAN_POINT('',(-1.00000001490116,5.75,5.67500008195639));
#9398=CARTESIAN_POINT('',(-1.00000001490116,5.75,5.67500008195639));
#9399=CARTESIAN_POINT('',(0.500000007450579,5.75,5.67500008195639));
#9400=CARTESIAN_POINT('Origin',(-1.00000001490116,5.8125,5.50000008195639));
#9401=CARTESIAN_POINT('',(-1.00000001490116,5.75,5.32500008195639));
#9402=CARTESIAN_POINT('',(-1.00000001490116,5.75,5.32500008195639));
#9403=CARTESIAN_POINT('Origin',(-1.00000001490116,5.75,5.50000008195639));
#9404=CARTESIAN_POINT('Origin',(-0.500000007450582,5.8125,5.26250008195639));
#9405=CARTESIAN_POINT('',(-0.500000007450582,5.875,5.20000008195639));
#9406=CARTESIAN_POINT('',(-0.500000007450582,5.75,5.32500008195639));
#9407=CARTESIAN_POINT('Origin',(-1.00000001490116,6.,5.20000008195639));
#9408=CARTESIAN_POINT('',(1.00000001490116,6.,5.20000008195638));
#9409=CARTESIAN_POINT('Origin',(1.00000001490116,6.,5.50000008195639));
#9410=CARTESIAN_POINT('Origin',(-1.38777878078145E-15,5.75,5.50000008195639));
#9411=CARTESIAN_POINT('Origin',(0.500000007450579,5.8125,4.38750008195639));
#9412=CARTESIAN_POINT('',(-1.00000001490116,5.75,4.32500008195639));
#9413=CARTESIAN_POINT('',(-1.00000001490116,5.75,4.32500008195639));
#9414=CARTESIAN_POINT('',(1.00000001490116,5.75,4.32500008195639));
#9415=CARTESIAN_POINT('',(1.00000001490116,5.875,4.45000008195639));
#9416=CARTESIAN_POINT('',(0.500000007450579,5.75,4.32500008195639));
#9417=CARTESIAN_POINT('Origin',(-1.00000001490116,5.8125,4.15000008195639));
#9418=CARTESIAN_POINT('',(-1.00000001490116,5.75,3.97500008195639));
#9419=CARTESIAN_POINT('',(-1.00000001490116,5.75,3.97500008195639));
#9420=CARTESIAN_POINT('Origin',(-1.00000001490116,5.75,4.15000008195639));
#9421=CARTESIAN_POINT('Origin',(-0.500000007450582,5.8125,3.91250008195639));
#9422=CARTESIAN_POINT('',(1.00000001490116,5.75,3.97500008195638));
#9423=CARTESIAN_POINT('',(1.00000001490116,5.875,3.85000008195639));
#9424=CARTESIAN_POINT('',(1.00000001490116,5.75,3.97500008195638));
#9425=CARTESIAN_POINT('',(-0.500000007450582,5.875,3.85000008195639));
#9426=CARTESIAN_POINT('',(-0.500000007450582,5.75,3.97500008195639));
#9427=CARTESIAN_POINT('Origin',(1.00000001490116,5.8125,4.15000008195639));
#9428=CARTESIAN_POINT('Origin',(1.00000001490116,5.875,4.15000008195639));
#9429=CARTESIAN_POINT('Origin',(1.00000001490116,5.75,4.15000008195639));
#9430=CARTESIAN_POINT('Origin',(1.00000001490116,6.,4.15000008195639));
#9431=CARTESIAN_POINT('',(1.00000001490116,6.,3.85000008195639));
#9432=CARTESIAN_POINT('Origin',(-1.38777878078145E-15,5.75,4.15000008195639));
#9433=CARTESIAN_POINT('Origin',(-1.00000001490116,5.8125,2.80000008195639));
#9434=CARTESIAN_POINT('',(-1.00000001490116,5.75,2.62500008195639));
#9435=CARTESIAN_POINT('',(-1.00000001490116,5.75,2.62500008195639));
#9436=CARTESIAN_POINT('',(-1.00000001490116,5.75,2.97500008195639));
#9437=CARTESIAN_POINT('',(-1.00000001490116,5.875,3.10000008195639));
#9438=CARTESIAN_POINT('Origin',(-1.00000001490116,5.75,2.80000008195639));
#9439=CARTESIAN_POINT('Origin',(-0.500000007450582,5.8125,2.56250008195639));
#9440=CARTESIAN_POINT('',(1.00000001490116,5.75,2.62500008195638));
#9441=CARTESIAN_POINT('',(1.00000001490116,5.875,2.50000008195638));
#9442=CARTESIAN_POINT('',(1.00000001490116,5.75,2.62500008195638));
#9443=CARTESIAN_POINT('',(-0.500000007450582,5.875,2.50000008195638));
#9444=CARTESIAN_POINT('',(-0.500000007450582,5.75,2.62500008195639));
#9445=CARTESIAN_POINT('Origin',(1.00000001490116,5.8125,2.80000008195638));
#9446=CARTESIAN_POINT('',(1.00000001490116,5.75,2.97500008195638));
#9447=CARTESIAN_POINT('',(1.00000001490116,5.75,2.97500008195638));
#9448=CARTESIAN_POINT('Origin',(1.00000001490116,5.875,2.80000008195638));
#9449=CARTESIAN_POINT('Origin',(1.00000001490116,5.75,2.80000008195638));
#9450=CARTESIAN_POINT('Origin',(0.50000000745058,5.8125,3.03750008195639));
#9451=CARTESIAN_POINT('',(0.50000000745058,5.75,2.97500008195638));
#9452=CARTESIAN_POINT('Origin',(-8.32667268468867E-16,5.75,2.80000008195639));
#9453=CARTESIAN_POINT('Origin',(1.00000001490116,6.,-3.85000008195639));
#9454=CARTESIAN_POINT('',(1.00000001490116,6.,-3.85000008195639));
#9455=CARTESIAN_POINT('Origin',(1.00000001490116,6.,-4.15000008195639));
#9456=CARTESIAN_POINT('Origin',(-2.80000008195639,6.,1.00000001490116));
#9457=CARTESIAN_POINT('',(-2.50000008195638,6.,1.00000001490116));
#9458=CARTESIAN_POINT('Origin',(-2.50000008195639,6.,-1.00000001490116));
#9459=CARTESIAN_POINT('Origin',(4.45000008195639,6.,-1.00000001490116));
#9460=CARTESIAN_POINT('Origin',(5.50000008195639,6.,-1.00000001490116));
#9461=CARTESIAN_POINT('Origin',(-3.85000008195639,6.,-1.00000001490116));
#9462=CARTESIAN_POINT('Origin',(1.00000001490116,6.,-5.50000008195639));
#9463=CARTESIAN_POINT('Origin',(2.80000008195639,6.,1.00000001490116));
#9464=CARTESIAN_POINT('',(3.10000008195639,6.,1.00000001490116));
#9465=CARTESIAN_POINT('Origin',(3.10000008195638,6.,-1.00000001490116));
#9466=CARTESIAN_POINT('Origin',(-1.00000001490116,6.,3.85000008195639));
#9467=CARTESIAN_POINT('Origin',(1.00000001490116,6.,2.80000008195638));
#9468=CARTESIAN_POINT('',(1.00000001490116,6.,2.50000008195638));
#9469=CARTESIAN_POINT('Origin',(-1.00000001490116,6.,2.50000008195639));
#9470=CARTESIAN_POINT('Ctrl Pts',(-11.0612678869927,3.2290391463519,-3.59610261682676));
#9471=CARTESIAN_POINT('Ctrl Pts',(-11.1639348880472,2.91139041392085,-3.59067987465937));
#9472=CARTESIAN_POINT('Ctrl Pts',(-11.3795945446804,2.26670215281466,-3.54921619672792));
#9473=CARTESIAN_POINT('Ctrl Pts',(-11.6068054769642,1.64347928320275,-3.43193070704748));
#9474=CARTESIAN_POINT('Ctrl Pts',(-11.7326729435039,1.33268506567288,-3.31975079622895));
#9475=CARTESIAN_POINT('Ctrl Pts',(-11.1431896229574,3.24419275357052,-3.58563923862825));
#9476=CARTESIAN_POINT('Ctrl Pts',(-11.2389098040849,2.92585767040676,-3.57369585306057));
#9477=CARTESIAN_POINT('Ctrl Pts',(-11.4383244456712,2.28001252712213,-3.52206252384892));
#9478=CARTESIAN_POINT('Ctrl Pts',(-11.646068613458,1.65594819917304,-3.40208336987072));
#9479=CARTESIAN_POINT('Ctrl Pts',(-11.7609085430446,1.34477916614423,-3.29254932224772));
#9480=CARTESIAN_POINT('Ctrl Pts',(-11.3283279172588,3.27843901265822,-3.51133903367774));
#9481=CARTESIAN_POINT('Ctrl Pts',(-11.4042349846759,2.95871650323206,-3.49228686590907));
#9482=CARTESIAN_POINT('Ctrl Pts',(-11.5621853952326,2.31051748572283,-3.43247912924292));
#9483=CARTESIAN_POINT('Ctrl Pts',(-11.7269916916546,1.68472708920341,-3.31870006490436));
#9484=CARTESIAN_POINT('Ctrl Pts',(-11.8186369120543,1.37278713186729,-3.22051254356388));
#9485=CARTESIAN_POINT('Ctrl Pts',(-11.4444041718523,3.29991040793919,-3.3414150194171));
#9486=CARTESIAN_POINT('Ctrl Pts',(-11.5057891843549,2.98115344071673,-3.33284067135892));
#9487=CARTESIAN_POINT('Ctrl Pts',(-11.6360533121284,2.33454516432026,-3.29641599689994));
#9488=CARTESIAN_POINT('Ctrl Pts',(-11.7753049143689,1.70981989200556,-3.21144441211826));
#9489=CARTESIAN_POINT('Ctrl Pts',(-11.8531828504421,1.39831662429057,-3.13351609288663));
#9490=CARTESIAN_POINT('Ctrl Pts',(-11.4738032280137,3.30534854652477,-3.23352636384711));
#9491=CARTESIAN_POINT('Ctrl Pts',(-11.5326498137855,2.98822375616961,-3.23286668821122));
#9492=CARTESIAN_POINT('Ctrl Pts',(-11.6572723316701,2.34441406814456,-3.21294459309477));
#9493=CARTESIAN_POINT('Ctrl Pts',(-11.7902312361102,1.72182801746799,-3.14676821067492));
#9494=CARTESIAN_POINT('Ctrl Pts',(-11.8642882886172,1.41131853609838,-3.08155076219962));
#9495=CARTESIAN_POINT('',(-11.0612678870473,3.22903914618296,-3.59610261682388));
#9496=CARTESIAN_POINT('',(-11.8642882885594,1.41131853621959,-3.08155076225054));
#9497=CARTESIAN_POINT('Ctrl Pts',(-11.8642882886172,1.41131853609838,-3.08155076219962));
#9498=CARTESIAN_POINT('Ctrl Pts',(-11.8612457619788,1.41131853609838,-3.09326480358664));
#9499=CARTESIAN_POINT('Ctrl Pts',(-11.8574203788606,1.41373172033218,-3.10461007309758));
#9500=CARTESIAN_POINT('Ctrl Pts',(-11.8461448621342,1.42412391609627,-3.13341397744247));
#9501=CARTESIAN_POINT('Ctrl Pts',(-11.8377628374156,1.43504886006033,-3.15029908337604));
#9502=CARTESIAN_POINT('Ctrl Pts',(-11.807363965699,1.4791880253202,-3.20503026682457));
#9503=CARTESIAN_POINT('Ctrl Pts',(-11.7812009110583,1.52645054490372,-3.23875457969507));
#9504=CARTESIAN_POINT('Ctrl Pts',(-11.6916133838267,1.69408481549488,-3.34556225856814));
#9505=CARTESIAN_POINT('Ctrl Pts',(-11.5849571041205,1.9200873252443,-3.43311247710525));
#9506=CARTESIAN_POINT('Ctrl Pts',(-11.3508780018422,2.47598666701144,-3.54320728505988));
#9507=CARTESIAN_POINT('Ctrl Pts',(-11.2544592290196,2.71862783963287,-3.57039037921458));
#9508=CARTESIAN_POINT('Ctrl Pts',(-11.1296050320225,3.04574682675302,-3.59026642104265));
#9509=CARTESIAN_POINT('Ctrl Pts',(-11.0952835871431,3.13711050368767,-3.59400177924114));
#9510=CARTESIAN_POINT('Ctrl Pts',(-11.0612678870473,3.22903914618295,-3.59610261682388));
#9511=CARTESIAN_POINT('',(-11.4738032280137,3.30534854652477,-3.23352636384711));
#9512=CARTESIAN_POINT('Ctrl Pts',(-11.8642882886172,1.41131853609838,-3.08155076219962));
#9513=CARTESIAN_POINT('Ctrl Pts',(-11.7902312361102,1.72182801746799,-3.14676821067492));
#9514=CARTESIAN_POINT('Ctrl Pts',(-11.6572723316701,2.34441406814456,-3.21294459309477));
#9515=CARTESIAN_POINT('Ctrl Pts',(-11.5326498137855,2.98822375616961,-3.23286668821122));
#9516=CARTESIAN_POINT('Ctrl Pts',(-11.4738032280137,3.30534854652477,-3.23352636384711));
#9517=CARTESIAN_POINT('Origin',(-11.0000000013991,3.21770601913406,-3.1));
#9518=CARTESIAN_POINT('Ctrl Pts',(-3.31975079632098,1.33268506563201,-11.7326729434084));
#9519=CARTESIAN_POINT('Ctrl Pts',(-3.43177303920209,1.64304246443216,-11.6069823825253));
#9520=CARTESIAN_POINT('Ctrl Pts',(-3.54944810094207,2.26839838462927,-11.3789975101434));
#9521=CARTESIAN_POINT('Ctrl Pts',(-3.59067626618212,2.91117902506753,-11.1640032105603));
#9522=CARTESIAN_POINT('Ctrl Pts',(-3.59610261696762,3.22903915248209,-11.0612678847179));
#9523=CARTESIAN_POINT('Ctrl Pts',(-3.28348216433947,1.3488105329352,-11.7703204094913));
#9524=CARTESIAN_POINT('Ctrl Pts',(-3.39199583999272,1.65966933368439,-11.6593317714756));
#9525=CARTESIAN_POINT('Ctrl Pts',(-3.5131734401546,2.2861366029922,-11.4573266514191));
#9526=CARTESIAN_POINT('Ctrl Pts',(-3.5679097211579,2.93045141864455,-11.2639004443473));
#9527=CARTESIAN_POINT('Ctrl Pts',(-3.58215144626094,3.24924396213599,-11.1704968662456));
#9528=CARTESIAN_POINT('Ctrl Pts',(-3.20854130450755,1.376739020707,-11.8252515151863));
#9529=CARTESIAN_POINT('Ctrl Pts',(-3.30394090362015,1.68832289877884,-11.7364973595283));
#9530=CARTESIAN_POINT('Ctrl Pts',(-3.41461082704706,2.31642560401234,-11.5765724081948));
#9531=CARTESIAN_POINT('Ctrl Pts',(-3.47181673452628,2.96289948859412,-11.4252927765377));
#9532=CARTESIAN_POINT('Ctrl Pts',(-3.48997054255644,3.2829363247984,-11.3526407478914));
#9533=CARTESIAN_POINT('Ctrl Pts',(-3.12052476023376,1.40156710223782,-11.8559592099818));
#9534=CARTESIAN_POINT('Ctrl Pts',(-3.19516026214526,1.71238250991676,-11.7791297628395));
#9535=CARTESIAN_POINT('Ctrl Pts',(-3.27577571357617,2.33872175878138,-11.6410363642758));
#9536=CARTESIAN_POINT('Ctrl Pts',(-3.30792411344431,2.98272269755674,-11.51259985408));
#9537=CARTESIAN_POINT('Ctrl Pts',(-3.31444285569063,3.30126994877826,-11.451753934698));
#9538=CARTESIAN_POINT('Ctrl Pts',(-3.08155076219967,1.41131853609838,-11.8642882886172));
#9539=CARTESIAN_POINT('Ctrl Pts',(-3.146676548085,1.72139159893387,-11.7903353226913));
#9540=CARTESIAN_POINT('Ctrl Pts',(-3.21307146473197,2.34610827115042,-11.656924977009));
#9541=CARTESIAN_POINT('Ctrl Pts',(-3.23286624932678,2.98801271603922,-11.5326889749651));
#9542=CARTESIAN_POINT('Ctrl Pts',(-3.23352636385992,3.30534855269597,-11.4738032268685));
#9543=CARTESIAN_POINT('',(-3.59610261696709,3.22903915245099,-11.061267884728));
#9544=CARTESIAN_POINT('',(-3.08155076228725,1.41131853630684,-11.8642882885178));
#9545=CARTESIAN_POINT('Ctrl Pts',(-3.59610261696709,3.22903915245099,-11.061267884728));
#9546=CARTESIAN_POINT('Ctrl Pts',(-3.59115945607416,3.01273585967392,-11.1413050497732));
#9547=CARTESIAN_POINT('Ctrl Pts',(-3.57708360018229,2.79535166471577,-11.2246040538441));
#9548=CARTESIAN_POINT('Ctrl Pts',(-3.5151121343168,2.28960739053486,-11.4268564136076));
#9549=CARTESIAN_POINT('Ctrl Pts',(-3.46054796788279,2.0470695953391,-11.5309497970927));
#9550=CARTESIAN_POINT('Ctrl Pts',(-3.33583182798718,1.68106742816118,-11.69890488839));
#9551=CARTESIAN_POINT('Ctrl Pts',(-3.2685485101447,1.55773938961149,-11.761964675789));
#9552=CARTESIAN_POINT('Ctrl Pts',(-3.18648391533964,1.4646980780786,-11.8174940197718));
#9553=CARTESIAN_POINT('Ctrl Pts',(-3.16348406737242,1.4429104523276,-11.8314606072998));
#9554=CARTESIAN_POINT('Ctrl Pts',(-3.1290841647887,1.42309477732289,-11.8476447722378));
#9555=CARTESIAN_POINT('Ctrl Pts',(-3.11920800428252,1.41854072913229,-11.8518734838683));
#9556=CARTESIAN_POINT('Ctrl Pts',(-3.10009282447191,1.4128685869525,-11.8589080108504));
#9557=CARTESIAN_POINT('Ctrl Pts',(-3.09093910690491,1.41131853609838,-11.8618498228552));
#9558=CARTESIAN_POINT('Ctrl Pts',(-3.08155076219967,1.41131853609838,-11.8642882886172));
#9559=CARTESIAN_POINT('',(-3.23352636385992,3.30534855269597,-11.4738032268685));
#9560=CARTESIAN_POINT('Origin',(-3.09999999999998,3.21770602530527,-11.0000000002576));
#9561=CARTESIAN_POINT('Ctrl Pts',(-3.23352636385992,3.30534855269597,-11.4738032268685));
#9562=CARTESIAN_POINT('Ctrl Pts',(-3.23286624932678,2.98801271603922,-11.5326889749651));
#9563=CARTESIAN_POINT('Ctrl Pts',(-3.21307146473197,2.34610827115042,-11.656924977009));
#9564=CARTESIAN_POINT('Ctrl Pts',(-3.146676548085,1.72139159893387,-11.7903353226913));
#9565=CARTESIAN_POINT('Ctrl Pts',(-3.08155076219967,1.41131853609838,-11.8642882886172));
#9566=CARTESIAN_POINT('Ctrl Pts',(-3.59999999999998,3.21770602530527,-11.0000000002576));
#9567=CARTESIAN_POINT('Ctrl Pts',(-3.59999999999998,3.91183470007453,-10.8716024124524));
#9568=CARTESIAN_POINT('Ctrl Pts',(-3.59999999999998,4.60593383080132,-10.7430451015596));
#9569=CARTESIAN_POINT('Ctrl Pts',(-3.59999999999998,5.3,-10.6143100633444));
#9570=CARTESIAN_POINT('Ctrl Pts',(-3.59999999999998,3.23741789925723,-11.1065641279596));
#9571=CARTESIAN_POINT('Ctrl Pts',(-3.59999546322279,3.93151735996692,-10.9779170199065));
#9572=CARTESIAN_POINT('Ctrl Pts',(-3.6000047514572,4.62558698279184,-10.8491046422278));
#9573=CARTESIAN_POINT('Ctrl Pts',(-3.59999999999998,5.31962229724395,-10.7201023392298));
#9574=CARTESIAN_POINT('Ctrl Pts',(-3.5269063720905,3.27676458315477,-11.3192757685537));
#9575=CARTESIAN_POINT('Ctrl Pts',(-3.52725732570281,3.97080727594979,-11.1901392930249));
#9576=CARTESIAN_POINT('Ctrl Pts',(-3.52761330264517,4.66481713889221,-11.0608124311637));
#9577=CARTESIAN_POINT('Ctrl Pts',(-3.52798605427658,5.35879246966871,-10.9312856495284));
#9578=CARTESIAN_POINT('Ctrl Pts',(-3.33796241585778,3.30008444298863,-11.4453449858886));
#9579=CARTESIAN_POINT('Ctrl Pts',(-3.33907815272287,3.99416315934279,-11.3162944639208));
#9580=CARTESIAN_POINT('Ctrl Pts',(-3.34023128156389,4.68821336356086,-11.1870725713783));
#9581=CARTESIAN_POINT('Ctrl Pts',(-3.34142028021939,5.38222665063881,-11.0576294362683));
#9582=CARTESIAN_POINT('Ctrl Pts',(-3.23352636385992,3.30534855269597,-11.4738032268685));
#9583=CARTESIAN_POINT('Ctrl Pts',(-3.23497027392274,3.99947722746523,-11.3449987189548));
#9584=CARTESIAN_POINT('Ctrl Pts',(-3.23646091215345,4.69357635819203,-11.216014221216));
#9585=CARTESIAN_POINT('Ctrl Pts',(-3.23800312686539,5.38764252739071,-11.0868287660091));
#9586=CARTESIAN_POINT('',(-3.60000000187309,3.57825542536603,-10.9332918240814));
#9587=CARTESIAN_POINT('Ctrl Pts',(-3.59999999999991,3.57825542796884,-10.9332918372747));
#9588=CARTESIAN_POINT('Ctrl Pts',(-3.59999976305252,3.4618669043164,-10.9755454109964));
#9589=CARTESIAN_POINT('Ctrl Pts',(-3.59870947977043,3.34511794108126,-11.0183081063627));
#9590=CARTESIAN_POINT('Ctrl Pts',(-3.59600587366851,3.22903627283193,-11.0612523168699));
#9591=CARTESIAN_POINT('',(-3.59999999999998,5.3,-10.6143100633444));
#9592=CARTESIAN_POINT('Ctrl Pts',(-3.59999999999998,3.57825542688257,-10.9332918314048));
#9593=CARTESIAN_POINT('Ctrl Pts',(-3.59999999999998,4.15219153212897,-10.827079300639));
#9594=CARTESIAN_POINT('Ctrl Pts',(-3.59999999999998,4.72610703381944,-10.7207554373035));
#9595=CARTESIAN_POINT('Ctrl Pts',(-3.59999999999998,5.3,-10.6143100633444));
#9596=CARTESIAN_POINT('',(-3.23800312686539,5.38764252739071,-11.0868287660091));
#9597=CARTESIAN_POINT('Origin',(-3.09999999999998,5.3,-10.6143100633444));
#9598=CARTESIAN_POINT('Ctrl Pts',(-3.23800312686539,5.38764252739071,-11.0868287660091));
#9599=CARTESIAN_POINT('Ctrl Pts',(-3.23646091215345,4.69357635819203,-11.216014221216));
#9600=CARTESIAN_POINT('Ctrl Pts',(-3.23497027392274,3.99947722746523,-11.3449987189548));
#9601=CARTESIAN_POINT('Ctrl Pts',(-3.23352636385992,3.30534855269597,-11.4738032268685));
#9602=CARTESIAN_POINT('Origin',(-3.09999999999998,5.3,-6.25000000000003));
#9603=CARTESIAN_POINT('',(-3.39999999999998,5.7,-10.6143100633444));
#9604=CARTESIAN_POINT('Origin',(-3.09999999999998,5.3,-10.6143100633444));
#9605=CARTESIAN_POINT('',(-3.59999999999998,5.3,-3.7));
#9606=CARTESIAN_POINT('',(-3.59999999999998,5.3,-6.25000000000003));
#9607=CARTESIAN_POINT('',(-3.39999999999998,5.7,-3.7));
#9608=CARTESIAN_POINT('Origin',(-3.09999999999998,5.3,-3.7));
#9609=CARTESIAN_POINT('',(-3.39999999999998,5.7,-6.25000000000003));
#9610=CARTESIAN_POINT('Ctrl Pts',(-3.59999999999998,5.3,-3.7));
#9611=CARTESIAN_POINT('Ctrl Pts',(-3.59999999999998,5.3,-3.49810264620109));
#9612=CARTESIAN_POINT('Ctrl Pts',(-3.59999999999998,5.32997526161964,-3.29709101009129));
#9613=CARTESIAN_POINT('Ctrl Pts',(-3.59999999999998,5.37374823939746,-3.10000000000001));
#9614=CARTESIAN_POINT('Ctrl Pts',(-3.59999999999998,5.37727460150014,-3.7));
#9615=CARTESIAN_POINT('Ctrl Pts',(-3.60007678144995,5.38909353451729,-3.50665782083153));
#9616=CARTESIAN_POINT('Ctrl Pts',(-3.59975527499704,5.43023049235066,-3.31292605603599));
#9617=CARTESIAN_POINT('Ctrl Pts',(-3.59999999999998,5.48416516715962,-3.12452307552228));
#9618=CARTESIAN_POINT('Ctrl Pts',(-3.56353376246386,5.53176688123194,-3.7));
#9619=CARTESIAN_POINT('Ctrl Pts',(-3.55213222283946,5.56710347761681,-3.52375100007425));
#9620=CARTESIAN_POINT('Ctrl Pts',(-3.5375889262512,5.6308763533813,-3.34468775168388));
#9621=CARTESIAN_POINT('Ctrl Pts',(-3.52024728308859,5.70458347596435,-3.17347693561293));
#9622=CARTESIAN_POINT('Ctrl Pts',(-3.46181968120008,5.65363523909992,-3.7));
#9623=CARTESIAN_POINT('Ctrl Pts',(-3.4212042076693,5.69788110046919,-3.5372563093374));
#9624=CARTESIAN_POINT('Ctrl Pts',(-3.37045275602801,5.76159221310485,-3.36652489036807));
#9625=CARTESIAN_POINT('Ctrl Pts',(-3.31648378879941,5.82737560960598,-3.20074848561766));
#9626=CARTESIAN_POINT('Ctrl Pts',(-3.39999999999998,5.7,-3.7));
#9627=CARTESIAN_POINT('Ctrl Pts',(-3.34332705858274,5.74250470606293,-3.5423783816833));
#9628=CARTESIAN_POINT('Ctrl Pts',(-3.27480153378263,5.79829972121847,-3.3733470388283));
#9629=CARTESIAN_POINT('Ctrl Pts',(-3.20594466359045,5.85077177813889,-3.20594466359048));
#9630=CARTESIAN_POINT('',(-3.20594466359045,5.85077177813889,-3.20594466359048));
#9631=CARTESIAN_POINT('Ctrl Pts',(-3.20594466359045,5.85077177813889,-3.20594466359048));
#9632=CARTESIAN_POINT('Ctrl Pts',(-3.27480153378263,5.79829972121847,-3.3733470388283));
#9633=CARTESIAN_POINT('Ctrl Pts',(-3.34332705858274,5.74250470606293,-3.5423783816833));
#9634=CARTESIAN_POINT('Ctrl Pts',(-3.39999999999998,5.7,-3.7));
#9635=CARTESIAN_POINT('',(-3.60000000000015,5.30257179959459,-3.6));
#9636=CARTESIAN_POINT('Ctrl Pts',(-3.59999999999998,5.3,-3.7));
#9637=CARTESIAN_POINT('Ctrl Pts',(-3.59999999999998,5.3,-3.6666347668351));
#9638=CARTESIAN_POINT('Ctrl Pts',(-3.59999999999998,5.30081863452562,-3.63329372291964));
#9639=CARTESIAN_POINT('Ctrl Pts',(-3.59999999999998,5.30238289006449,-3.59999056559215));
#9640=CARTESIAN_POINT('Ctrl Pts',(-3.59999999999998,5.30257179959461,-3.6));
#9641=CARTESIAN_POINT('Ctrl Pts',(-3.59999999999998,5.35066601214777,-3.6));
#9642=CARTESIAN_POINT('Ctrl Pts',(-3.59309427129664,5.39757518183556,-3.59309427129667));
#9643=CARTESIAN_POINT('Ctrl Pts',(-3.56430627000245,5.49948029817997,-3.56430627000248));
#9644=CARTESIAN_POINT('Ctrl Pts',(-3.53941675922432,5.5510166820212,-3.53941675922434));
#9645=CARTESIAN_POINT('Ctrl Pts',(-3.45774066294289,5.67658836716523,-3.45774066294292));
#9646=CARTESIAN_POINT('Ctrl Pts',(-3.38707698814818,5.74396792135633,-3.38707698814821));
#9647=CARTESIAN_POINT('Ctrl Pts',(-3.27593468146992,5.81618208301,-3.27593468146995));
#9648=CARTESIAN_POINT('Ctrl Pts',(-3.24278967167438,5.83419498636237,-3.24278967167378));
#9649=CARTESIAN_POINT('Ctrl Pts',(-3.20813023742626,5.84979770300578,-3.20813023742638));
#9650=CARTESIAN_POINT('Ctrl Pts',(-3.20703777695592,5.85028622755967,-3.20703777695595));
#9651=CARTESIAN_POINT('Ctrl Pts',(-3.20594466359045,5.85077177813889,-3.20594466359048));
#9652=CARTESIAN_POINT('Ctrl Pts',(-3.09999999999998,5.37374823939746,-3.6));
#9653=CARTESIAN_POINT('Ctrl Pts',(-3.29709101009126,5.32997526161964,-3.6));
#9654=CARTESIAN_POINT('Ctrl Pts',(-3.49810264620107,5.3,-3.6));
#9655=CARTESIAN_POINT('Ctrl Pts',(-3.69999999999998,5.3,-3.6));
#9656=CARTESIAN_POINT('Ctrl Pts',(-3.12452307552225,5.48416516715962,-3.6));
#9657=CARTESIAN_POINT('Ctrl Pts',(-3.31292605603596,5.43023049235066,-3.59975527499707));
#9658=CARTESIAN_POINT('Ctrl Pts',(-3.50665782083151,5.38909353451729,-3.60007678144998));
#9659=CARTESIAN_POINT('Ctrl Pts',(-3.69999999999998,5.37727460150014,-3.6));
#9660=CARTESIAN_POINT('Ctrl Pts',(-3.1734769356129,5.70458347596435,-3.52024728308861));
#9661=CARTESIAN_POINT('Ctrl Pts',(-3.34468775168385,5.6308763533813,-3.53758892625122));
#9662=CARTESIAN_POINT('Ctrl Pts',(-3.52375100007423,5.56710347761681,-3.55213222283949));
#9663=CARTESIAN_POINT('Ctrl Pts',(-3.69999999999998,5.53176688123194,-3.56353376246388));
#9664=CARTESIAN_POINT('Ctrl Pts',(-3.20074848561763,5.82737560960598,-3.31648378879943));
#9665=CARTESIAN_POINT('Ctrl Pts',(-3.36652489036804,5.76159221310485,-3.37045275602804));
#9666=CARTESIAN_POINT('Ctrl Pts',(-3.53725630933738,5.69788110046919,-3.42120420766933));
#9667=CARTESIAN_POINT('Ctrl Pts',(-3.69999999999998,5.65363523909992,-3.46181968120011));
#9668=CARTESIAN_POINT('Ctrl Pts',(-3.20594466359045,5.85077177813889,-3.20594466359048));
#9669=CARTESIAN_POINT('Ctrl Pts',(-3.37334703882827,5.79829972121847,-3.27480153378265));
#9670=CARTESIAN_POINT('Ctrl Pts',(-3.54237838168327,5.74250470606293,-3.34332705858276));
#9671=CARTESIAN_POINT('Ctrl Pts',(-3.69999999999998,5.7,-3.4));
#9672=CARTESIAN_POINT('',(-3.69999999999998,5.3,-3.6));
#9673=CARTESIAN_POINT('Ctrl Pts',(-3.59999056559231,5.30238289006448,-3.6));
#9674=CARTESIAN_POINT('Ctrl Pts',(-3.63329372291974,5.30081863452561,-3.6));
#9675=CARTESIAN_POINT('Ctrl Pts',(-3.66663476683514,5.3,-3.6));
#9676=CARTESIAN_POINT('Ctrl Pts',(-3.69999999999998,5.3,-3.6));
#9677=CARTESIAN_POINT('',(-3.69999999999998,5.7,-3.4));
#9678=CARTESIAN_POINT('Origin',(-3.69999999999998,5.3,-3.1));
#9679=CARTESIAN_POINT('Ctrl Pts',(-3.69999999999998,5.7,-3.4));
#9680=CARTESIAN_POINT('Ctrl Pts',(-3.54237838168327,5.74250470606293,-3.34332705858276));
#9681=CARTESIAN_POINT('Ctrl Pts',(-3.37334703882827,5.79829972121847,-3.27480153378265));
#9682=CARTESIAN_POINT('Ctrl Pts',(-3.20594466359045,5.85077177813889,-3.20594466359048));
#9683=CARTESIAN_POINT('Origin',(-1.99999999999998,5.3,-3.1));
#9684=CARTESIAN_POINT('',(-10.6143100633444,5.3,-3.6));
#9685=CARTESIAN_POINT('',(-10.6143100633444,5.69999999999999,-3.40000000000001));
#9686=CARTESIAN_POINT('Origin',(-10.6143100633444,5.3,-3.1));
#9687=CARTESIAN_POINT('',(-1.99999999999998,5.7,-3.4));
#9688=CARTESIAN_POINT('',(-1.99999999999998,5.3,-3.6));
#9689=CARTESIAN_POINT('Origin',(-3.09999999999998,5.3,-10.6143100633444));
#9690=CARTESIAN_POINT('Origin',(-3.09999999999998,5.3,-10.6143100633444));
#9691=CARTESIAN_POINT('Origin',(-10.6143100633444,5.3,-3.1));
#9692=CARTESIAN_POINT('',(-11.0868287660091,5.3876425273907,-3.23800312686542));
#9693=CARTESIAN_POINT('Origin',(-10.6143100633444,5.3,-3.1));
#9694=CARTESIAN_POINT('Origin',(-10.6143100633444,5.3,-3.1));
#9695=CARTESIAN_POINT('Ctrl Pts',(-10.6143100633444,5.3,-3.6));
#9696=CARTESIAN_POINT('Ctrl Pts',(-10.7430451019412,4.60593382874444,-3.6));
#9697=CARTESIAN_POINT('Ctrl Pts',(-10.8716024132144,3.91183469596058,-3.6));
#9698=CARTESIAN_POINT('Ctrl Pts',(-11.0000000013991,3.21770601913406,-3.6));
#9699=CARTESIAN_POINT('Ctrl Pts',(-10.7201023392298,5.31962229724395,-3.6));
#9700=CARTESIAN_POINT('Ctrl Pts',(-10.8491046426101,4.62558698073506,-3.60000475145724));
#9701=CARTESIAN_POINT('Ctrl Pts',(-10.97791702067,3.93151735585315,-3.5999954632228));
#9702=CARTESIAN_POINT('Ctrl Pts',(-11.1065641291033,3.23741789308628,-3.6));
#9703=CARTESIAN_POINT('Ctrl Pts',(-10.9312856495284,5.35879246966871,-3.5279860542766));
#9704=CARTESIAN_POINT('Ctrl Pts',(-11.0608124315475,4.6648171368356,-3.52761330264409));
#9705=CARTESIAN_POINT('Ctrl Pts',(-11.1901392937914,3.97080727183637,-3.52725732570071));
#9706=CARTESIAN_POINT('Ctrl Pts',(-11.3192757697019,3.27676457698434,-3.52690637208742));
#9707=CARTESIAN_POINT('Ctrl Pts',(-11.0576294362683,5.38222665063881,-3.34142028021942));
#9708=CARTESIAN_POINT('Ctrl Pts',(-11.1870725717619,4.68821336150413,-3.3402312815604));
#9709=CARTESIAN_POINT('Ctrl Pts',(-11.3162944646868,3.99416315522914,-3.33907815271607));
#9710=CARTESIAN_POINT('Ctrl Pts',(-11.4453449870359,3.30008443681786,-3.33796241584788));
#9711=CARTESIAN_POINT('Ctrl Pts',(-11.0868287660091,5.3876425273907,-3.23800312686542));
#9712=CARTESIAN_POINT('Ctrl Pts',(-11.2160142215988,4.69357635613515,-3.23646091214891));
#9713=CARTESIAN_POINT('Ctrl Pts',(-11.3449987197192,3.99947722335129,-3.23497027391393));
#9714=CARTESIAN_POINT('Ctrl Pts',(-11.4738032280137,3.30534854652477,-3.23352636384711));
#9715=CARTESIAN_POINT('',(-10.9332918240814,3.57825542536602,-3.60000000187312));
#9716=CARTESIAN_POINT('Ctrl Pts',(-11.0612523191325,3.22903626686802,-3.59600587352253));
#9717=CARTESIAN_POINT('Ctrl Pts',(-11.0183081078624,3.34511793708998,-3.59870947972412));
#9718=CARTESIAN_POINT('Ctrl Pts',(-10.9755454117505,3.46186690223919,-3.59999976305254));
#9719=CARTESIAN_POINT('Ctrl Pts',(-10.9332918372747,3.57825542796883,-3.59999999999993));
#9720=CARTESIAN_POINT('Ctrl Pts',(-11.4738032280137,3.30534854652477,-3.23352636384711));
#9721=CARTESIAN_POINT('Ctrl Pts',(-11.3449987197192,3.99947722335129,-3.23497027391393));
#9722=CARTESIAN_POINT('Ctrl Pts',(-11.2160142215988,4.69357635613515,-3.23646091214891));
#9723=CARTESIAN_POINT('Ctrl Pts',(-11.0868287660091,5.3876425273907,-3.23800312686542));
#9724=CARTESIAN_POINT('Ctrl Pts',(-10.6143100633444,5.3,-3.6));
#9725=CARTESIAN_POINT('Ctrl Pts',(-10.7207554373035,4.72610703381943,-3.6));
#9726=CARTESIAN_POINT('Ctrl Pts',(-10.827079300639,4.15219153212897,-3.6));
#9727=CARTESIAN_POINT('Ctrl Pts',(-10.9332918314048,3.57825542688256,-3.6));
#9728=CARTESIAN_POINT('Origin',(-3.59999999999998,-2.32669096607825E-16,
-3.6));
#9729=CARTESIAN_POINT('',(-3.59999999999998,3.3944518274958,-11.));
#9730=CARTESIAN_POINT('Ctrl Pts',(-3.59999999999998,3.3944518274958,-11.));
#9731=CARTESIAN_POINT('Ctrl Pts',(-3.60000000187309,3.48663313640547,-10.966554333379));
#9732=CARTESIAN_POINT('Ctrl Pts',(-3.60000000187309,3.57825542536603,-10.9332918240814));
#9733=CARTESIAN_POINT('',(-3.59999999999998,-1.94347068254095E-16,-11.));
#9734=CARTESIAN_POINT('',(-3.59999999999998,-1.94347068254095E-16,-11.));
#9735=CARTESIAN_POINT('',(-3.59999999999998,-2.32669096607825E-16,-3.6));
#9736=CARTESIAN_POINT('',(-3.59999999999998,0.,-1.80000000000001));
#9737=CARTESIAN_POINT('',(-3.59999999999998,-2.32669096607825E-16,-3.6));
#9738=CARTESIAN_POINT('Origin',(-2.49999999999998,-1.17557215451224E-16,
-11.));
#9739=CARTESIAN_POINT('',(-3.22692936746741,1.41131853609837,-11.8255747662771));
#9740=CARTESIAN_POINT('Ctrl Pts',(-3.59999999999998,3.3944518274958,-11.));
#9741=CARTESIAN_POINT('Ctrl Pts',(-3.59999999999998,2.91782220328771,-11.1729330169543));
#9742=CARTESIAN_POINT('Ctrl Pts',(-3.55991790433492,2.43919209098462,-11.3596972153048));
#9743=CARTESIAN_POINT('Ctrl Pts',(-3.40930686509932,1.8219893474218,-11.6270134272868));
#9744=CARTESIAN_POINT('Ctrl Pts',(-3.33670105841067,1.59792911206265,-11.7289193582841));
#9745=CARTESIAN_POINT('Ctrl Pts',(-3.22692936746737,1.41131853609839,-11.8255747662771));
#9746=CARTESIAN_POINT('',(-2.49999999999998,1.1282279468321,-12.1));
#9747=CARTESIAN_POINT('Ctrl Pts',(-2.49999999999998,1.1282279468321,-12.1));
#9748=CARTESIAN_POINT('Ctrl Pts',(-2.51506905241004,1.11938572673684,-12.1));
#9749=CARTESIAN_POINT('Ctrl Pts',(-2.53049054633504,1.11114185122455,-12.0996894216874));
#9750=CARTESIAN_POINT('Ctrl Pts',(-2.60998227963701,1.07314689596731,-12.0963494905642));
#9751=CARTESIAN_POINT('Ctrl Pts',(-2.67862343676801,1.05587693398246,-12.0874551816388));
#9752=CARTESIAN_POINT('Ctrl Pts',(-2.80894299112767,1.05587693398246,-12.0578371011025));
#9753=CARTESIAN_POINT('Ctrl Pts',(-2.87468570053184,1.07314689596732,-12.036189622179));
#9754=CARTESIAN_POINT('Ctrl Pts',(-2.9920777014671,1.13414108560242,-11.985869032993));
#9755=CARTESIAN_POINT('Ctrl Pts',(-3.04407317265172,1.1773139343238,-11.9573373912522));
#9756=CARTESIAN_POINT('Ctrl Pts',(-3.13968795169283,1.27703643280946,-11.897082632407));
#9757=CARTESIAN_POINT('Ctrl Pts',(-3.18589978021503,1.34156872316446,-11.8617018538858));
#9758=CARTESIAN_POINT('Ctrl Pts',(-3.22692936746737,1.41131853609839,-11.8255747662771));
#9759=CARTESIAN_POINT('',(-2.49999999999998,-1.11860697722967E-16,-12.1));
#9760=CARTESIAN_POINT('',(-2.49999999999998,-1.11860697722967E-16,-12.1));
#9761=CARTESIAN_POINT('Origin',(-2.49999999999998,0.,-11.));
#9762=CARTESIAN_POINT('Origin',(3.94275134888461E-81,4.10220312104693,0.));
#9763=CARTESIAN_POINT('',(-2.61165238908173,5.58764252739071,-11.2142955353483));
#9764=CARTESIAN_POINT('Ctrl Pts',(-2.61165238908173,5.58764252739071,-11.2142955353483));
#9765=CARTESIAN_POINT('Ctrl Pts',(-2.83378495065479,5.58764252739071,-11.1625639724252));
#9766=CARTESIAN_POINT('Ctrl Pts',(-3.0571924028358,5.51767844823654,-11.115517087669));
#9767=CARTESIAN_POINT('Ctrl Pts',(-3.23800312686539,5.3876425273907,-11.0868287660091));
#9768=CARTESIAN_POINT('',(-0.729283616011019,5.58764252739071,-11.4912705112597));
#9769=CARTESIAN_POINT('Origin',(-5.55111512312578E-16,5.58764252739071,
0.));
#9770=CARTESIAN_POINT('',(0.729283616011024,5.58764252739071,-11.4912705112597));
#9771=CARTESIAN_POINT('Ctrl Pts',(0.729283616011024,5.58764252739071,-11.4912705112597));
#9772=CARTESIAN_POINT('Ctrl Pts',(0.243745967593473,5.58764252741047,-11.5220847412058));
#9773=CARTESIAN_POINT('Ctrl Pts',(-0.243745967593468,5.58764252741047,-11.5220847412058));
#9774=CARTESIAN_POINT('Ctrl Pts',(-0.729283616011019,5.58764252739071,-11.4912705112597));
#9775=CARTESIAN_POINT('',(2.61165238908178,5.58764252739071,-11.2142955353483));
#9776=CARTESIAN_POINT('Origin',(-6.93889390390723E-16,5.58764252739071,
0.));
#9777=CARTESIAN_POINT('',(3.23800312686544,5.38764252739071,-11.0868287660091));
#9778=CARTESIAN_POINT('Ctrl Pts',(3.23800312686545,5.3876425273907,-11.0868287660091));
#9779=CARTESIAN_POINT('Ctrl Pts',(3.05719240283585,5.51767844823654,-11.115517087669));
#9780=CARTESIAN_POINT('Ctrl Pts',(2.83378495065484,5.58764252739071,-11.1625639724252));
#9781=CARTESIAN_POINT('Ctrl Pts',(2.61165238908178,5.58764252739071,-11.2142955353483));
#9782=CARTESIAN_POINT('',(3.23352636384664,3.30534854628882,-11.4738032280574));
#9783=CARTESIAN_POINT('Ctrl Pts',(3.23352636384664,3.30534854628881,-11.4738032280574));
#9784=CARTESIAN_POINT('Ctrl Pts',(3.23497027391361,3.9994772231926,-11.3449987197487));
#9785=CARTESIAN_POINT('Ctrl Pts',(3.23646091214876,4.69357635605632,-11.2160142216135));
#9786=CARTESIAN_POINT('Ctrl Pts',(3.23800312686544,5.38764252739071,-11.0868287660091));
#9787=CARTESIAN_POINT('',(3.08155076226032,1.41131853624259,-11.8642882885484));
#9788=CARTESIAN_POINT('Ctrl Pts',(3.08155076219974,1.41131853609838,-11.8642882886172));
#9789=CARTESIAN_POINT('Ctrl Pts',(3.14674521767539,1.72171854455011,-11.7902573455919));
#9790=CARTESIAN_POINT('Ctrl Pts',(3.21303323228401,2.3457856669491,-11.6569946034443));
#9791=CARTESIAN_POINT('Ctrl Pts',(3.23286642753758,2.98809844507801,-11.5326730668723));
#9792=CARTESIAN_POINT('Ctrl Pts',(3.23352636384664,3.30534854628882,-11.4738032280574));
#9793=CARTESIAN_POINT('',(1.96145142571327,1.41131853609837,-12.1));
#9794=CARTESIAN_POINT('Origin',(1.35646088155858E-81,1.41131853609837,0.));
#9795=CARTESIAN_POINT('',(-1.96145142571327,1.41131853609837,-12.1));
#9796=CARTESIAN_POINT('Ctrl Pts',(-1.96145142571327,1.41131853609837,-12.1));
#9797=CARTESIAN_POINT('Ctrl Pts',(0.,3.1741710821473,-12.1));
#9798=CARTESIAN_POINT('Ctrl Pts',(1.96145142571327,1.41131853609837,-12.1));
#9799=CARTESIAN_POINT('Origin',(1.35646088155858E-81,1.41131853609837,0.));
#9800=CARTESIAN_POINT('Ctrl Pts',(-2.61165238908173,5.58764252739071,-11.2142955353483));
#9801=CARTESIAN_POINT('Ctrl Pts',(-2.83378495065479,5.58764252739071,-11.1625639724252));
#9802=CARTESIAN_POINT('Ctrl Pts',(-3.0571924028358,5.51767844823654,-11.115517087669));
#9803=CARTESIAN_POINT('Ctrl Pts',(-3.23800312686539,5.3876425273907,-11.0868287660091));
#9804=CARTESIAN_POINT('Ctrl Pts',(-2.60703189837965,5.70205997997988,-11.1944553956467));
#9805=CARTESIAN_POINT('Ctrl Pts',(-2.85275924675389,5.69806406046063,-11.1378644911654));
#9806=CARTESIAN_POINT('Ctrl Pts',(-3.09742618983492,5.61640550414933,-11.08654798203));
#9807=CARTESIAN_POINT('Ctrl Pts',(-3.2948636908568,5.46995678327853,-11.0549545460735));
#9808=CARTESIAN_POINT('Ctrl Pts',(-2.57895989174182,5.9155772279239,-11.0739157020707));
#9809=CARTESIAN_POINT('Ctrl Pts',(-2.8713979856837,5.90492910169699,-11.014145907591));
#9810=CARTESIAN_POINT('Ctrl Pts',(-3.15880730976795,5.80071478731051,-10.9598246291638));
#9811=CARTESIAN_POINT('Ctrl Pts',(-3.38954211919416,5.62235626215813,-10.9266687159128));
#9812=CARTESIAN_POINT('Ctrl Pts',(-2.52635986683427,6.,-10.8480540112323));
#9813=CARTESIAN_POINT('Ctrl Pts',(-2.84260151148261,5.99429772796765,-10.7950471483996));
#9814=CARTESIAN_POINT('Ctrl Pts',(-3.1567200873634,5.88597883579015,-10.7472962404464));
#9815=CARTESIAN_POINT('Ctrl Pts',(-3.41020195385766,5.69234853460674,-10.7185314698361));
#9816=CARTESIAN_POINT('Ctrl Pts',(-2.49999999999998,6.,-10.7348661543077));
#9817=CARTESIAN_POINT('Ctrl Pts',(-2.8189540496972,6.,-10.6853461998726));
#9818=CARTESIAN_POINT('Ctrl Pts',(-3.13992815830832,5.89505388126875,-10.6408285371111));
#9819=CARTESIAN_POINT('Ctrl Pts',(-3.39999999999998,5.7,-10.6143100633444));
#9820=CARTESIAN_POINT('Ctrl Pts',(-3.39999999999998,5.7,-10.6143100633444));
#9821=CARTESIAN_POINT('Ctrl Pts',(-3.13992815830832,5.89505388126875,-10.6408285371111));
#9822=CARTESIAN_POINT('Ctrl Pts',(-2.8189540496972,6.,-10.6853461998726));
#9823=CARTESIAN_POINT('Ctrl Pts',(-2.49999999999998,6.,-10.7348661543077));
#9824=CARTESIAN_POINT('Origin',(-2.49999999999998,5.5,-10.7348661543077));
#9825=CARTESIAN_POINT('Origin',(-2.49999999999998,4.5,-6.25000000000003));
#9826=CARTESIAN_POINT('Origin',(-2.49999999999998,4.5,-2.5));
#9827=CARTESIAN_POINT('Ctrl Pts',(3.5961026168214,3.22903914611752,-11.0612678870796));
#9828=CARTESIAN_POINT('Ctrl Pts',(3.59067773186651,2.91126489579673,-11.163975456675));
#9829=CARTESIAN_POINT('Ctrl Pts',(3.54938057872334,2.2680754197251,-11.37911672187));
#9830=CARTESIAN_POINT('Ctrl Pts',(3.43189115700451,1.64336970990019,-11.6068498526796));
#9831=CARTESIAN_POINT('Ctrl Pts',(3.31975079622561,1.33268506567445,-11.7326729435074));
#9832=CARTESIAN_POINT('Ctrl Pts',(3.58215144588147,3.24924395574124,-11.1704968683566));
#9833=CARTESIAN_POINT('Ctrl Pts',(3.56791356832332,2.93053754125986,-11.2638752113753));
#9834=CARTESIAN_POINT('Ctrl Pts',(3.51310433347428,2.28581300088211,-11.4574326514619));
#9835=CARTESIAN_POINT('Ctrl Pts',(3.39211025831171,1.65999710782928,-11.659214743514));
#9836=CARTESIAN_POINT('Ctrl Pts',(3.28348216425087,1.34881053296927,-11.7703204095606));
#9837=CARTESIAN_POINT('Ctrl Pts',(3.48997054206707,3.28293631835243,-11.3526407494435));
#9838=CARTESIAN_POINT('Ctrl Pts',(3.47182163857292,2.96298594733693,-11.4252731495203));
#9839=CARTESIAN_POINT('Ctrl Pts',(3.41454792609118,2.3161011044536,-11.5766563740615));
#9840=CARTESIAN_POINT('Ctrl Pts',(3.30404149428961,1.68865143743909,-11.7364037758713));
#9841=CARTESIAN_POINT('Ctrl Pts',(3.20854130444543,1.37673902072538,-11.8252515152116));
#9842=CARTESIAN_POINT('Ctrl Pts',(3.31444285551828,3.30126994234881,-11.4517539359383));
#9843=CARTESIAN_POINT('Ctrl Pts',(3.30792587433658,2.9828087538672,-11.5125834164543));
#9844=CARTESIAN_POINT('Ctrl Pts',(3.27572957845716,2.33839825448917,-11.6411085026035));
#9845=CARTESIAN_POINT('Ctrl Pts',(3.19523895889635,1.71271023827687,-11.7790487527416));
#9846=CARTESIAN_POINT('Ctrl Pts',(3.12052476021428,1.4015671022427,-11.855959209986));
#9847=CARTESIAN_POINT('Ctrl Pts',(3.23352636384664,3.30534854628882,-11.4738032280574));
#9848=CARTESIAN_POINT('Ctrl Pts',(3.23286642753758,2.98809844507801,-11.5326730668723));
#9849=CARTESIAN_POINT('Ctrl Pts',(3.21303323228401,2.3457856669491,-11.6569946034443));
#9850=CARTESIAN_POINT('Ctrl Pts',(3.14674521767539,1.72171854455011,-11.7902573455919));
#9851=CARTESIAN_POINT('Ctrl Pts',(3.08155076219974,1.41131853609838,-11.8642882886172));
#9852=CARTESIAN_POINT('',(3.59610261681842,3.22903914594332,-11.061267887136));
#9853=CARTESIAN_POINT('Ctrl Pts',(3.08155076219974,1.41131853609838,-11.8642882886172));
#9854=CARTESIAN_POINT('Ctrl Pts',(3.09326480314726,1.41131853609838,-11.8612457620929));
#9855=CARTESIAN_POINT('Ctrl Pts',(3.10461007224626,1.41373172015109,-11.8574203791477));
#9856=CARTESIAN_POINT('Ctrl Pts',(3.13341397740313,1.42412391586812,-11.8461448622279));
#9857=CARTESIAN_POINT('Ctrl Pts',(3.15029908438278,1.43504886065426,-11.8377628369368));
#9858=CARTESIAN_POINT('Ctrl Pts',(3.20503042754456,1.47918815552807,-11.8073638762129));
#9859=CARTESIAN_POINT('Ctrl Pts',(3.23875486565326,1.52645093603584,-11.7812006926936));
#9860=CARTESIAN_POINT('Ctrl Pts',(3.34556256667413,1.69408552698533,-11.6916130404774));
#9861=CARTESIAN_POINT('Ctrl Pts',(3.43311272308815,1.92008817249037,-11.5849567259689));
#9862=CARTESIAN_POINT('Ctrl Pts',(3.54321279163536,2.47601474791634,-11.3508661924754));
#9863=CARTESIAN_POINT('Ctrl Pts',(3.57039703666657,2.71868676015027,-11.2544358088713));
#9864=CARTESIAN_POINT('Ctrl Pts',(3.59026878637199,3.04580511166126,-11.1295831419295));
#9865=CARTESIAN_POINT('Ctrl Pts',(3.59400243785395,3.13713932345107,-11.0952729231724));
#9866=CARTESIAN_POINT('Ctrl Pts',(3.59610261681842,3.22903914594332,-11.061267887136));
#9867=CARTESIAN_POINT('Origin',(3.10000000000002,3.21770601889811,-11.0000000014428));
#9868=CARTESIAN_POINT('Ctrl Pts',(11.7326729434084,1.33268506563199,-3.31975079632097));
#9869=CARTESIAN_POINT('Ctrl Pts',(11.6069823825253,1.64304246443216,-3.43177303920211));
#9870=CARTESIAN_POINT('Ctrl Pts',(11.3789975110865,2.26839838596712,-3.54944809488078));
#9871=CARTESIAN_POINT('Ctrl Pts',(11.1640032105603,2.91117902506761,-3.59067626618214));
#9872=CARTESIAN_POINT('Ctrl Pts',(11.0612678847179,3.22903915248219,-3.59610261696765));
#9873=CARTESIAN_POINT('Ctrl Pts',(11.7609085429706,1.34477916610939,-3.29254932233483));
#9874=CARTESIAN_POINT('Ctrl Pts',(11.6462300199355,1.65551085360866,-3.40192942076317));
#9875=CARTESIAN_POINT('Ctrl Pts',(11.437775502704,2.28171142471938,-3.52231036840045));
#9876=CARTESIAN_POINT('Ctrl Pts',(11.2389735036893,2.92564582480734,-3.57368790523913));
#9877=CARTESIAN_POINT('Ctrl Pts',(11.1431896208636,3.24419275972262,-3.58563923893764));
#9878=CARTESIAN_POINT('Ctrl Pts',(11.8186369120248,1.37278713184732,-3.22051254362908));
#9879=CARTESIAN_POINT('Ctrl Pts',(11.7271204982202,1.68428866012713,-3.31856206322698));
#9880=CARTESIAN_POINT('Ctrl Pts',(11.5617498937007,2.31222182262018,-3.43272648941177));
#9881=CARTESIAN_POINT('Ctrl Pts',(11.4042854991798,2.95850373434721,-3.49227418732589));
#9882=CARTESIAN_POINT('Ctrl Pts',(11.3283279156789,3.27843901886111,-3.5113390341728));
#9883=CARTESIAN_POINT('Ctrl Pts',(11.8531828504367,1.39831662428428,-3.13351609291178));
#9884=CARTESIAN_POINT('Ctrl Pts',(11.7754143711633,1.70938207670709,-3.2113348845348));
#9885=CARTESIAN_POINT('Ctrl Pts',(11.6356902277155,2.33624607482067,-3.29659172916902));
#9886=CARTESIAN_POINT('Ctrl Pts',(11.5058300347889,2.98094131439871,-3.33283496546986));
#9887=CARTESIAN_POINT('Ctrl Pts',(11.4444041706411,3.29991041413913,-3.34141501963423));
#9888=CARTESIAN_POINT('Ctrl Pts',(11.8642882886172,1.41131853609837,-3.08155076219968));
#9889=CARTESIAN_POINT('Ctrl Pts',(11.7903353226913,1.72139159893388,-3.14667654808502));
#9890=CARTESIAN_POINT('Ctrl Pts',(11.6569249775801,2.34610827248437,-3.2130714611175));
#9891=CARTESIAN_POINT('Ctrl Pts',(11.5326889749651,2.98801271603931,-3.23286624932681));
#9892=CARTESIAN_POINT('Ctrl Pts',(11.4738032268685,3.30534855269608,-3.23352636385995));
#9893=CARTESIAN_POINT('',(11.0612678847279,3.22903915245109,-3.59610261696712));
#9894=CARTESIAN_POINT('',(11.8642882885178,1.41131853630684,-3.08155076228725));
#9895=CARTESIAN_POINT('Ctrl Pts',(11.0612678847279,3.22903915245109,-3.59610261696712));
#9896=CARTESIAN_POINT('Ctrl Pts',(11.1413050497732,3.012735859674,-3.59115945607419));
#9897=CARTESIAN_POINT('Ctrl Pts',(11.2246040538441,2.79535166471584,-3.57708360018232));
#9898=CARTESIAN_POINT('Ctrl Pts',(11.4268564136076,2.28960739053494,-3.51511213431683));
#9899=CARTESIAN_POINT('Ctrl Pts',(11.5309497970926,2.04706959533918,-3.46054796788283));
#9900=CARTESIAN_POINT('Ctrl Pts',(11.6989048883898,1.68106742816153,-3.33583182798732));
#9901=CARTESIAN_POINT('Ctrl Pts',(11.7619646757889,1.55773938961164,-3.26854851014485));
#9902=CARTESIAN_POINT('Ctrl Pts',(11.8174940197718,1.46469807807859,-3.18648391533964));
#9903=CARTESIAN_POINT('Ctrl Pts',(11.8314606072998,1.4429104523276,-3.16348406737242));
#9904=CARTESIAN_POINT('Ctrl Pts',(11.8476447722378,1.42309477732281,-3.12908416478857));
#9905=CARTESIAN_POINT('Ctrl Pts',(11.8518734838683,1.41854072913229,-3.11920800428248));
#9906=CARTESIAN_POINT('Ctrl Pts',(11.8589080108503,1.41286858695256,-3.10009282447206));
#9907=CARTESIAN_POINT('Ctrl Pts',(11.8618498228552,1.41131853609837,-3.09093910690498));
#9908=CARTESIAN_POINT('Ctrl Pts',(11.8642882886172,1.41131853609837,-3.08155076219968));
#9909=CARTESIAN_POINT('',(11.4738032268685,3.30534855269608,-3.23352636385995));
#9910=CARTESIAN_POINT('Origin',(11.0000000002576,3.21770602530537,-3.1));
#9911=CARTESIAN_POINT('Ctrl Pts',(11.4738032268685,3.30534855269608,-3.23352636385995));
#9912=CARTESIAN_POINT('Ctrl Pts',(11.5326889749651,2.98801271603931,-3.23286624932681));
#9913=CARTESIAN_POINT('Ctrl Pts',(11.6569249775801,2.34610827248437,-3.2130714611175));
#9914=CARTESIAN_POINT('Ctrl Pts',(11.7903353226913,1.72139159893388,-3.14667654808502));
#9915=CARTESIAN_POINT('Ctrl Pts',(11.8642882886172,1.41131853609837,-3.08155076219968));
#9916=CARTESIAN_POINT('Ctrl Pts',(11.0000000002576,3.21770602530537,-3.6));
#9917=CARTESIAN_POINT('Ctrl Pts',(10.8716024124524,3.9118347000746,-3.6));
#9918=CARTESIAN_POINT('Ctrl Pts',(10.7430451015596,4.60593383080137,-3.6));
#9919=CARTESIAN_POINT('Ctrl Pts',(10.6143100633444,5.3,-3.6));
#9920=CARTESIAN_POINT('Ctrl Pts',(11.1065641279595,3.23741789925733,-3.6));
#9921=CARTESIAN_POINT('Ctrl Pts',(10.9779170199065,3.931517359967,-3.59999546322281));
#9922=CARTESIAN_POINT('Ctrl Pts',(10.8491046422278,4.62558698279189,-3.60000475145722));
#9923=CARTESIAN_POINT('Ctrl Pts',(10.7201023392298,5.31962229724395,-3.6));
#9924=CARTESIAN_POINT('Ctrl Pts',(11.3192757685537,3.27676458315488,-3.52690637209052));
#9925=CARTESIAN_POINT('Ctrl Pts',(11.1901392930249,3.97080727594986,-3.52725732570284));
#9926=CARTESIAN_POINT('Ctrl Pts',(11.0608124311637,4.66481713889225,-3.52761330264519));
#9927=CARTESIAN_POINT('Ctrl Pts',(10.9312856495284,5.35879246966871,-3.5279860542766));
#9928=CARTESIAN_POINT('Ctrl Pts',(11.4453449858886,3.30008444298874,-3.33796241585781));
#9929=CARTESIAN_POINT('Ctrl Pts',(11.3162944639208,3.99416315934286,-3.3390781527229));
#9930=CARTESIAN_POINT('Ctrl Pts',(11.1870725713783,4.6882133635609,-3.34023128156392));
#9931=CARTESIAN_POINT('Ctrl Pts',(11.0576294362683,5.38222665063881,-3.34142028021941));
#9932=CARTESIAN_POINT('Ctrl Pts',(11.4738032268685,3.30534855269608,-3.23352636385995));
#9933=CARTESIAN_POINT('Ctrl Pts',(11.3449987189547,3.9994772274653,-3.23497027392277));
#9934=CARTESIAN_POINT('Ctrl Pts',(11.216014221216,4.69357635819207,-3.23646091215348));
#9935=CARTESIAN_POINT('Ctrl Pts',(11.0868287660091,5.38764252739071,-3.23800312686542));
#9936=CARTESIAN_POINT('',(10.9332918240814,3.57825542536603,-3.60000000187312));
#9937=CARTESIAN_POINT('Ctrl Pts',(10.9332918372747,3.57825542796884,-3.59999999999993));
#9938=CARTESIAN_POINT('Ctrl Pts',(10.9755454109964,3.46186690431635,-3.59999976305254));
#9939=CARTESIAN_POINT('Ctrl Pts',(11.0183081063627,3.34511794108129,-3.59870947977045));
#9940=CARTESIAN_POINT('Ctrl Pts',(11.0612523168698,3.22903627283204,-3.59600587366853));
#9941=CARTESIAN_POINT('',(10.6143100633444,5.3,-3.6));
#9942=CARTESIAN_POINT('Ctrl Pts',(10.9332918314048,3.57825542688257,-3.6));
#9943=CARTESIAN_POINT('Ctrl Pts',(10.827079300639,4.15219153212897,-3.6));
#9944=CARTESIAN_POINT('Ctrl Pts',(10.7207554373035,4.72610703381945,-3.6));
#9945=CARTESIAN_POINT('Ctrl Pts',(10.6143100633444,5.3,-3.6));
#9946=CARTESIAN_POINT('',(11.0868287660091,5.3876425273907,-3.23800312686542));
#9947=CARTESIAN_POINT('Origin',(10.6143100633444,5.3,-3.1));
#9948=CARTESIAN_POINT('Ctrl Pts',(11.0868287660091,5.38764252739071,-3.23800312686542));
#9949=CARTESIAN_POINT('Ctrl Pts',(11.216014221216,4.69357635819207,-3.23646091215348));
#9950=CARTESIAN_POINT('Ctrl Pts',(11.3449987189547,3.9994772274653,-3.23497027392277));
#9951=CARTESIAN_POINT('Ctrl Pts',(11.4738032268685,3.30534855269608,-3.23352636385995));
#9952=CARTESIAN_POINT('Origin',(6.25000000000001,5.3,-3.1));
#9953=CARTESIAN_POINT('',(10.6143100633444,5.7,-3.4));
#9954=CARTESIAN_POINT('Origin',(10.6143100633444,5.3,-3.1));
#9955=CARTESIAN_POINT('',(3.70000000000002,5.3,-3.6));
#9956=CARTESIAN_POINT('',(6.25000000000001,5.3,-3.6));
#9957=CARTESIAN_POINT('',(3.70000000000002,5.7,-3.4));
#9958=CARTESIAN_POINT('Origin',(3.70000000000002,5.3,-3.1));
#9959=CARTESIAN_POINT('',(6.25000000000001,5.7,-3.4));
#9960=CARTESIAN_POINT('Ctrl Pts',(3.70000000000002,5.3,-3.6));
#9961=CARTESIAN_POINT('Ctrl Pts',(3.49810264620112,5.3,-3.6));
#9962=CARTESIAN_POINT('Ctrl Pts',(3.29709101009131,5.32997526161963,-3.6));
#9963=CARTESIAN_POINT('Ctrl Pts',(3.10000000000003,5.37374823939746,-3.6));
#9964=CARTESIAN_POINT('Ctrl Pts',(3.70000000000002,5.37727460150014,-3.6));
#9965=CARTESIAN_POINT('Ctrl Pts',(3.50665782083155,5.38909353451729,-3.60007678144998));
#9966=CARTESIAN_POINT('Ctrl Pts',(3.31292605603601,5.43023049235066,-3.59975527499707));
#9967=CARTESIAN_POINT('Ctrl Pts',(3.1245230755223,5.48416516715962,-3.6));
#9968=CARTESIAN_POINT('Ctrl Pts',(3.70000000000002,5.53176688123194,-3.56353376246388));
#9969=CARTESIAN_POINT('Ctrl Pts',(3.52375100007426,5.56710347761681,-3.55213222283949));
#9970=CARTESIAN_POINT('Ctrl Pts',(3.3446877516839,5.6308763533813,-3.53758892625123));
#9971=CARTESIAN_POINT('Ctrl Pts',(3.17347693561296,5.70458347596436,-3.52024728308861));
#9972=CARTESIAN_POINT('Ctrl Pts',(3.70000000000002,5.65363523909992,-3.46181968120011));
#9973=CARTESIAN_POINT('Ctrl Pts',(3.5372563093374,5.69788110046919,-3.42120420766933));
#9974=CARTESIAN_POINT('Ctrl Pts',(3.36652489036809,5.76159221310485,-3.37045275602804));
#9975=CARTESIAN_POINT('Ctrl Pts',(3.20074848561768,5.82737560960598,-3.31648378879943));
#9976=CARTESIAN_POINT('Ctrl Pts',(3.70000000000002,5.7,-3.4));
#9977=CARTESIAN_POINT('Ctrl Pts',(3.54237838168329,5.74250470606293,-3.34332705858276));
#9978=CARTESIAN_POINT('Ctrl Pts',(3.37334703882832,5.79829972121847,-3.27480153378266));
#9979=CARTESIAN_POINT('Ctrl Pts',(3.2059446635905,5.85077177813889,-3.20594466359048));
#9980=CARTESIAN_POINT('',(3.2059446635905,5.85077177813889,-3.20594466359048));
#9981=CARTESIAN_POINT('Ctrl Pts',(3.2059446635905,5.85077177813889,-3.20594466359048));
#9982=CARTESIAN_POINT('Ctrl Pts',(3.37334703882832,5.79829972121847,-3.27480153378266));
#9983=CARTESIAN_POINT('Ctrl Pts',(3.54237838168329,5.74250470606293,-3.34332705858276));
#9984=CARTESIAN_POINT('Ctrl Pts',(3.70000000000002,5.7,-3.4));
#9985=CARTESIAN_POINT('',(3.60000000000002,5.30257179959459,-3.60000000000018));
#9986=CARTESIAN_POINT('Ctrl Pts',(3.70000000000002,5.3,-3.6));
#9987=CARTESIAN_POINT('Ctrl Pts',(3.66663476683513,5.3,-3.6));
#9988=CARTESIAN_POINT('Ctrl Pts',(3.63329372291967,5.30081863452562,-3.6));
#9989=CARTESIAN_POINT('Ctrl Pts',(3.59999056559218,5.30238289006449,-3.6));
#9990=CARTESIAN_POINT('Ctrl Pts',(3.60000000000002,5.30257179959461,-3.6));
#9991=CARTESIAN_POINT('Ctrl Pts',(3.60000000000002,5.35066601214777,-3.6));
#9992=CARTESIAN_POINT('Ctrl Pts',(3.59309427129669,5.39757518183556,-3.59309427129667));
#9993=CARTESIAN_POINT('Ctrl Pts',(3.5643062700025,5.49948029817997,-3.56430627000248));
#9994=CARTESIAN_POINT('Ctrl Pts',(3.53941675922437,5.5510166820212,-3.53941675922434));
#9995=CARTESIAN_POINT('Ctrl Pts',(3.45774066294325,5.67658836716476,-3.45774066294323));
#9996=CARTESIAN_POINT('Ctrl Pts',(3.38707698814909,5.7439679213555,-3.38707698814906));
#9997=CARTESIAN_POINT('Ctrl Pts',(3.27593468147099,5.81618208300945,-3.27593468147096));
#9998=CARTESIAN_POINT('Ctrl Pts',(3.24278967167504,5.83419498636215,-3.24278967167414));
#9999=CARTESIAN_POINT('Ctrl Pts',(3.20813023742621,5.84979770300581,-3.20813023742632));
#10000=CARTESIAN_POINT('Ctrl Pts',(3.20703777695596,5.85028622755967,-3.20703777695594));
#10001=CARTESIAN_POINT('Ctrl Pts',(3.2059446635905,5.85077177813889,-3.20594466359048));
#10002=CARTESIAN_POINT('Ctrl Pts',(3.60000000000002,5.37374823939746,-3.1));
#10003=CARTESIAN_POINT('Ctrl Pts',(3.60000000000002,5.32997526161963,-3.29709101009129));
#10004=CARTESIAN_POINT('Ctrl Pts',(3.60000000000002,5.3,-3.49810264620109));
#10005=CARTESIAN_POINT('Ctrl Pts',(3.60000000000002,5.3,-3.7));
#10006=CARTESIAN_POINT('Ctrl Pts',(3.60000000000002,5.48416516715962,-3.12452307552227));
#10007=CARTESIAN_POINT('Ctrl Pts',(3.59975527499709,5.43023049235066,-3.31292605603599));
#10008=CARTESIAN_POINT('Ctrl Pts',(3.60007678145,5.38909353451729,-3.50665782083153));
#10009=CARTESIAN_POINT('Ctrl Pts',(3.60000000000002,5.37727460150014,-3.7));
#10010=CARTESIAN_POINT('Ctrl Pts',(3.52024728308863,5.70458347596436,-3.17347693561293));
#10011=CARTESIAN_POINT('Ctrl Pts',(3.53758892625125,5.6308763533813,-3.34468775168388));
#10012=CARTESIAN_POINT('Ctrl Pts',(3.55213222283951,5.56710347761681,-3.52375100007423));
#10013=CARTESIAN_POINT('Ctrl Pts',(3.5635337624639,5.53176688123194,-3.7));
#10014=CARTESIAN_POINT('Ctrl Pts',(3.31648378879945,5.82737560960598,-3.20074848561766));
#10015=CARTESIAN_POINT('Ctrl Pts',(3.37045275602806,5.76159221310485,-3.36652489036807));
#10016=CARTESIAN_POINT('Ctrl Pts',(3.42120420766935,5.69788110046919,-3.53725630933736));
#10017=CARTESIAN_POINT('Ctrl Pts',(3.46181968120013,5.65363523909992,-3.7));
#10018=CARTESIAN_POINT('Ctrl Pts',(3.2059446635905,5.85077177813889,-3.20594466359048));
#10019=CARTESIAN_POINT('Ctrl Pts',(3.27480153378268,5.79829972121848,-3.3733470388283));
#10020=CARTESIAN_POINT('Ctrl Pts',(3.34332705858279,5.74250470606293,-3.54237838168325));
#10021=CARTESIAN_POINT('Ctrl Pts',(3.40000000000002,5.7,-3.7));
#10022=CARTESIAN_POINT('',(3.60000000000002,5.3,-3.7));
#10023=CARTESIAN_POINT('Ctrl Pts',(3.60000000000002,5.30238289006448,-3.59999056559233));
#10024=CARTESIAN_POINT('Ctrl Pts',(3.60000000000002,5.30081863452561,-3.63329372291976));
#10025=CARTESIAN_POINT('Ctrl Pts',(3.60000000000002,5.3,-3.66663476683516));
#10026=CARTESIAN_POINT('Ctrl Pts',(3.60000000000002,5.3,-3.7));
#10027=CARTESIAN_POINT('',(3.40000000000002,5.7,-3.7));
#10028=CARTESIAN_POINT('Origin',(3.10000000000002,5.3,-3.7));
#10029=CARTESIAN_POINT('Ctrl Pts',(3.40000000000002,5.7,-3.7));
#10030=CARTESIAN_POINT('Ctrl Pts',(3.34332705858279,5.74250470606293,-3.54237838168325));
#10031=CARTESIAN_POINT('Ctrl Pts',(3.27480153378268,5.79829972121848,-3.3733470388283));
#10032=CARTESIAN_POINT('Ctrl Pts',(3.2059446635905,5.85077177813889,-3.20594466359048));
#10033=CARTESIAN_POINT('Origin',(3.10000000000002,5.3,-2.00000000000001));
#10034=CARTESIAN_POINT('',(3.60000000000002,5.3,-10.6143100633444));
#10035=CARTESIAN_POINT('',(3.40000000000003,5.69999999999999,-10.6143100633444));
#10036=CARTESIAN_POINT('Origin',(3.10000000000002,5.3,-10.6143100633444));
#10037=CARTESIAN_POINT('',(3.40000000000002,5.7,-2.00000000000001));
#10038=CARTESIAN_POINT('',(3.60000000000002,5.3,-2.00000000000001));
#10039=CARTESIAN_POINT('Origin',(10.6143100633444,5.3,-3.1));
#10040=CARTESIAN_POINT('Origin',(10.6143100633444,5.3,-3.1));
#10041=CARTESIAN_POINT('Origin',(3.10000000000002,5.3,-10.6143100633444));
#10042=CARTESIAN_POINT('Origin',(3.10000000000002,5.3,-10.6143100633444));
#10043=CARTESIAN_POINT('Origin',(3.10000000000002,5.3,-10.6143100633444));
#10044=CARTESIAN_POINT('Ctrl Pts',(3.60000000000002,5.3,-10.6143100633444));
#10045=CARTESIAN_POINT('Ctrl Pts',(3.60000000000002,4.60593382866562,-10.7430451019558));
#10046=CARTESIAN_POINT('Ctrl Pts',(3.60000000000002,3.91183469580189,-10.8716024132438));
#10047=CARTESIAN_POINT('Ctrl Pts',(3.60000000000002,3.21770601889811,-11.0000000014428));
#10048=CARTESIAN_POINT('Ctrl Pts',(3.60000000000002,5.31962229724395,-10.7201023392298));
#10049=CARTESIAN_POINT('Ctrl Pts',(3.60000475145726,4.62558698065623,-10.8491046426247));
#10050=CARTESIAN_POINT('Ctrl Pts',(3.59999546322282,3.93151735569447,-10.9779170206994));
#10051=CARTESIAN_POINT('Ctrl Pts',(3.60000000000002,3.23741789285034,-11.106564129147));
#10052=CARTESIAN_POINT('Ctrl Pts',(3.52798605427663,5.35879246966871,-10.9312856495284));
#10053=CARTESIAN_POINT('Ctrl Pts',(3.52761330264407,4.66481713675678,-11.0608124315622));
#10054=CARTESIAN_POINT('Ctrl Pts',(3.52725732570065,3.97080727167771,-11.1901392938209));
#10055=CARTESIAN_POINT('Ctrl Pts',(3.52690637208732,3.27676457674841,-11.3192757697457));
#10056=CARTESIAN_POINT('Ctrl Pts',(3.34142028021944,5.38222665063881,-11.0576294362683));
#10057=CARTESIAN_POINT('Ctrl Pts',(3.34023128156028,4.68821336142531,-11.1870725717766));
#10058=CARTESIAN_POINT('Ctrl Pts',(3.33907815271583,3.99416315507046,-11.3162944647163));
#10059=CARTESIAN_POINT('Ctrl Pts',(3.33796241584752,3.30008443658193,-11.4453449870797));
#10060=CARTESIAN_POINT('Ctrl Pts',(3.23800312686544,5.38764252739071,-11.0868287660091));
#10061=CARTESIAN_POINT('Ctrl Pts',(3.23646091214876,4.69357635605632,-11.2160142216135));
#10062=CARTESIAN_POINT('Ctrl Pts',(3.23497027391361,3.9994772231926,-11.3449987197487));
#10063=CARTESIAN_POINT('Ctrl Pts',(3.23352636384664,3.30534854628881,-11.4738032280574));
#10064=CARTESIAN_POINT('',(3.60000000187314,3.57825542536601,-10.9332918240814));
#10065=CARTESIAN_POINT('Ctrl Pts',(3.59600587351697,3.22903626663999,-11.061252319219));
#10066=CARTESIAN_POINT('Ctrl Pts',(3.59870947972237,3.34511793693738,-11.0183081079197));
#10067=CARTESIAN_POINT('Ctrl Pts',(3.59999976305256,3.46186690215977,-10.9755454117793));
#10068=CARTESIAN_POINT('Ctrl Pts',(3.59999999999995,3.57825542796881,-10.9332918372747));
#10069=CARTESIAN_POINT('Ctrl Pts',(3.60000000000002,5.3,-10.6143100633444));
#10070=CARTESIAN_POINT('Ctrl Pts',(3.60000000000002,4.72610703381945,-10.7207554373035));
#10071=CARTESIAN_POINT('Ctrl Pts',(3.60000000000002,4.15219153212829,-10.8270793006391));
#10072=CARTESIAN_POINT('Ctrl Pts',(3.60000000000002,3.57825542688254,-10.9332918314048));
#10073=CARTESIAN_POINT('Origin',(3.60000000000002,2.69955394465511E-16,
-3.6));
#10074=CARTESIAN_POINT('',(11.,3.39445182749585,-3.6));
#10075=CARTESIAN_POINT('Ctrl Pts',(11.,3.39445182749585,-3.6));
#10076=CARTESIAN_POINT('Ctrl Pts',(10.9665543333789,3.48663313640553,-3.60000000187312));
#10077=CARTESIAN_POINT('Ctrl Pts',(10.9332918240814,3.57825542536603,-3.60000000187312));
#10078=CARTESIAN_POINT('',(11.,7.8654167695755E-16,-3.6));
#10079=CARTESIAN_POINT('',(11.,7.8654167695755E-16,-3.6));
#10080=CARTESIAN_POINT('',(3.60000000000002,2.69955394465511E-16,-3.6));
#10081=CARTESIAN_POINT('',(1.80000000000002,0.,-3.6));
#10082=CARTESIAN_POINT('',(3.60000000000002,2.69955394465511E-16,-3.6));
#10083=CARTESIAN_POINT('Origin',(11.,7.80845159229293E-16,-2.5));
#10084=CARTESIAN_POINT('',(11.8255747662771,1.41131853609837,-3.22692936746737));
#10085=CARTESIAN_POINT('Ctrl Pts',(11.,3.39445182749585,-3.6));
#10086=CARTESIAN_POINT('Ctrl Pts',(11.1729330169543,2.91782220328776,-3.6));
#10087=CARTESIAN_POINT('Ctrl Pts',(11.3596972153048,2.43919209098466,-3.55991790433494));
#10088=CARTESIAN_POINT('Ctrl Pts',(11.6270134272868,1.82198934742182,-3.40930686509934));
#10089=CARTESIAN_POINT('Ctrl Pts',(11.7289193582841,1.59792911206265,-3.33670105841068));
#10090=CARTESIAN_POINT('Ctrl Pts',(11.8255747662771,1.41131853609837,-3.22692936746736));
#10091=CARTESIAN_POINT('',(12.1,1.12822794683215,-2.5));
#10092=CARTESIAN_POINT('Ctrl Pts',(12.1,1.12822794683215,-2.5));
#10093=CARTESIAN_POINT('Ctrl Pts',(12.1,1.11938572673689,-2.51506905241006));
#10094=CARTESIAN_POINT('Ctrl Pts',(12.0996894216874,1.1111418512246,-2.53049054633507));
#10095=CARTESIAN_POINT('Ctrl Pts',(12.0963494905642,1.07314689596737,-2.60998227963704));
#10096=CARTESIAN_POINT('Ctrl Pts',(12.0874551816388,1.05587693398251,-2.67862343676804));
#10097=CARTESIAN_POINT('Ctrl Pts',(12.0578371011025,1.05587693398251,-2.8089429911277));
#10098=CARTESIAN_POINT('Ctrl Pts',(12.036189622179,1.07314689596737,-2.87468570053187));
#10099=CARTESIAN_POINT('Ctrl Pts',(11.9858690329929,1.13414108560247,-2.99207770146713));
#10100=CARTESIAN_POINT('Ctrl Pts',(11.9573373912522,1.17731393432386,-3.04407317265175));
#10101=CARTESIAN_POINT('Ctrl Pts',(11.897082632407,1.2770364328095,-3.13968795169284));
#10102=CARTESIAN_POINT('Ctrl Pts',(11.8617018538858,1.34156872316448,-3.18589978021503));
#10103=CARTESIAN_POINT('Ctrl Pts',(11.8255747662771,1.41131853609837,-3.22692936746736));
#10104=CARTESIAN_POINT('',(12.1,8.57635012032163E-16,-2.5));
#10105=CARTESIAN_POINT('',(12.1,8.57635012032163E-16,-2.5));
#10106=CARTESIAN_POINT('Origin',(11.,0.,-2.5));
#10107=CARTESIAN_POINT('Origin',(3.94275134888461E-81,4.10220312104693,
0.));
#10108=CARTESIAN_POINT('',(11.2142955353483,5.58764252739071,-2.61165238908176));
#10109=CARTESIAN_POINT('Ctrl Pts',(11.2142955353483,5.58764252739071,-2.61165238908175));
#10110=CARTESIAN_POINT('Ctrl Pts',(11.1625639724252,5.58764252739071,-2.83378495065482));
#10111=CARTESIAN_POINT('Ctrl Pts',(11.115517087669,5.51767844823654,-3.05719240283582));
#10112=CARTESIAN_POINT('Ctrl Pts',(11.0868287660091,5.3876425273907,-3.23800312686542));
#10113=CARTESIAN_POINT('',(11.4912705112597,5.58764252739071,-0.729283616011469));
#10114=CARTESIAN_POINT('Origin',(0.,5.58764252739071,6.93889390390723E-16));
#10115=CARTESIAN_POINT('',(11.4912705112597,5.58764252739071,0.72928361601145));
#10116=CARTESIAN_POINT('Ctrl Pts',(11.4912705112597,5.58764252739071,0.72928361601145));
#10117=CARTESIAN_POINT('Ctrl Pts',(11.5220847412058,5.58764252741047,0.243745967593608));
#10118=CARTESIAN_POINT('Ctrl Pts',(11.5220847412058,5.58764252741047,-0.243745967593627));
#10119=CARTESIAN_POINT('Ctrl Pts',(11.4912705112597,5.58764252739071,-0.729283616011469));
#10120=CARTESIAN_POINT('',(11.2142955353483,5.58764252739071,2.6116523890817));
#10121=CARTESIAN_POINT('Origin',(0.,5.5876425273907,1.38777878078145E-16));
#10122=CARTESIAN_POINT('',(11.0868287660091,5.3876425273907,3.23800312686537));
#10123=CARTESIAN_POINT('Ctrl Pts',(11.0868287660091,5.3876425273907,3.23800312686537));
#10124=CARTESIAN_POINT('Ctrl Pts',(11.1155170876691,5.51767844823653,3.05719240283578));
#10125=CARTESIAN_POINT('Ctrl Pts',(11.1625639724252,5.58764252739071,2.83378495065477));
#10126=CARTESIAN_POINT('Ctrl Pts',(11.2142955353483,5.58764252739071,2.6116523890817));
#10127=CARTESIAN_POINT('',(11.4738032280574,3.30534854628908,3.23352636384657));
#10128=CARTESIAN_POINT('Ctrl Pts',(11.4738032280574,3.30534854628908,3.23352636384657));
#10129=CARTESIAN_POINT('Ctrl Pts',(11.3449987197487,3.99947722319278,3.23497027391354));
#10130=CARTESIAN_POINT('Ctrl Pts',(11.2160142216135,4.69357635605641,3.23646091214868));
#10131=CARTESIAN_POINT('Ctrl Pts',(11.0868287660091,5.38764252739071,3.23800312686536));
#10132=CARTESIAN_POINT('',(11.8642882885485,1.41131853624259,3.08155076226019));
#10133=CARTESIAN_POINT('Ctrl Pts',(11.8642882886172,1.41131853609838,3.08155076219961));
#10134=CARTESIAN_POINT('Ctrl Pts',(11.7902573455919,1.72171854455016,3.1467452176753));
#10135=CARTESIAN_POINT('Ctrl Pts',(11.6569946034443,2.34578566694915,3.21303323228393));
#10136=CARTESIAN_POINT('Ctrl Pts',(11.5326730668723,2.98809844507824,3.2328664275375));
#10137=CARTESIAN_POINT('Ctrl Pts',(11.4738032280574,3.30534854628908,3.23352636384657));
#10138=CARTESIAN_POINT('',(12.1,1.41131853609837,1.96145142571342));
#10139=CARTESIAN_POINT('Origin',(1.35646088155858E-81,1.41131853609837,
0.));
#10140=CARTESIAN_POINT('',(12.1,1.41131853609837,-1.96145142571342));
#10141=CARTESIAN_POINT('Ctrl Pts',(12.1,1.41131853609837,-1.96145142571343));
#10142=CARTESIAN_POINT('Ctrl Pts',(12.1,3.17417108214758,0.));
#10143=CARTESIAN_POINT('Ctrl Pts',(12.1,1.41131853609837,1.96145142571343));
#10144=CARTESIAN_POINT('Origin',(1.35646088155858E-81,1.41131853609837,
0.));
#10145=CARTESIAN_POINT('Ctrl Pts',(11.2142955353483,5.58764252739071,-2.61165238908175));
#10146=CARTESIAN_POINT('Ctrl Pts',(11.1625639724252,5.58764252739071,-2.83378495065482));
#10147=CARTESIAN_POINT('Ctrl Pts',(11.115517087669,5.51767844823654,-3.05719240283582));
#10148=CARTESIAN_POINT('Ctrl Pts',(11.0868287660091,5.3876425273907,-3.23800312686542));
#10149=CARTESIAN_POINT('Ctrl Pts',(11.1944553956467,5.70205997997988,-2.60703189837968));
#10150=CARTESIAN_POINT('Ctrl Pts',(11.1378644911654,5.69806406046063,-2.85275924675391));
#10151=CARTESIAN_POINT('Ctrl Pts',(11.08654798203,5.61640550414933,-3.09742618983494));
#10152=CARTESIAN_POINT('Ctrl Pts',(11.0549545460735,5.46995678327852,-3.29486369085683));
#10153=CARTESIAN_POINT('Ctrl Pts',(11.0739157020707,5.91557722792391,-2.57895989174185));
#10154=CARTESIAN_POINT('Ctrl Pts',(11.014145907591,5.90492910169699,-2.8713979856837));
#10155=CARTESIAN_POINT('Ctrl Pts',(10.9598246291638,5.80071478731051,-3.15880730976797));
#10156=CARTESIAN_POINT('Ctrl Pts',(10.9266687159128,5.62235626215813,-3.38954211919418));
#10157=CARTESIAN_POINT('Ctrl Pts',(10.8480540112323,6.,-2.52635986683429));
#10158=CARTESIAN_POINT('Ctrl Pts',(10.7950471483996,5.99429772796765,-2.8426015114826));
#10159=CARTESIAN_POINT('Ctrl Pts',(10.7472962404464,5.88597883579015,-3.15672008736342));
#10160=CARTESIAN_POINT('Ctrl Pts',(10.7185314698361,5.69234853460674,-3.41020195385769));
#10161=CARTESIAN_POINT('Ctrl Pts',(10.7348661543077,6.,-2.5));
#10162=CARTESIAN_POINT('Ctrl Pts',(10.6853461998726,6.,-2.81895404969719));
#10163=CARTESIAN_POINT('Ctrl Pts',(10.6408285371111,5.89505388126875,-3.13992815830834));
#10164=CARTESIAN_POINT('Ctrl Pts',(10.6143100633444,5.7,-3.4));
#10165=CARTESIAN_POINT('Ctrl Pts',(10.6143100633444,5.7,-3.4));
#10166=CARTESIAN_POINT('Ctrl Pts',(10.6408285371111,5.89505388126875,-3.13992815830834));
#10167=CARTESIAN_POINT('Ctrl Pts',(10.6853461998726,6.,-2.81895404969719));
#10168=CARTESIAN_POINT('Ctrl Pts',(10.7348661543077,6.,-2.5));
#10169=CARTESIAN_POINT('Origin',(10.7348661543077,5.5,-2.5));
#10170=CARTESIAN_POINT('Origin',(6.25000000000001,4.5,-2.5));
#10171=CARTESIAN_POINT('Origin',(2.50000000000002,4.5,-2.5));
#10172=CARTESIAN_POINT('Ctrl Pts',(-11.7326729434064,1.33268506563112,3.31975079632281));
#10173=CARTESIAN_POINT('Ctrl Pts',(-11.6070247156453,1.64293793472134,3.43173530962983));
#10174=CARTESIAN_POINT('Ctrl Pts',(-11.3785846173996,2.26958426295895,3.54959120760622));
#10175=CARTESIAN_POINT('Ctrl Pts',(-11.164043052849,2.91105575415752,3.59067416176749));
#10176=CARTESIAN_POINT('Ctrl Pts',(-11.0612678846688,3.22903915261458,3.59610261697064));
#10177=CARTESIAN_POINT('Ctrl Pts',(-11.760908542969,1.34477916610865,3.29254932233657));
#10178=CARTESIAN_POINT('Ctrl Pts',(-11.6462686441542,1.65540619783594,3.40189258107651));
#10179=CARTESIAN_POINT('Ctrl Pts',(-11.4373956215992,2.28289919382689,3.52246616283058));
#10180=CARTESIAN_POINT('Ctrl Pts',(-11.2390106501058,2.92552228754316,3.57368327033882));
#10181=CARTESIAN_POINT('Ctrl Pts',(-11.1431896208184,3.24419275985548,3.58563923894427));
#10182=CARTESIAN_POINT('Ctrl Pts',(-11.8186369120242,1.37278713184691,3.22051254363035));
#10183=CARTESIAN_POINT('Ctrl Pts',(-11.727151321342,1.68418374506906,3.3185290397277));
#10184=CARTESIAN_POINT('Ctrl Pts',(-11.5614486638429,2.31341345299881,3.43288501668728));
#10185=CARTESIAN_POINT('Ctrl Pts',(-11.4043149566637,2.95837965866071,3.49226679369861));
#10186=CARTESIAN_POINT('Ctrl Pts',(-11.3283279156448,3.27843901899507,3.51133903418343));
#10187=CARTESIAN_POINT('Ctrl Pts',(-11.8531828504366,1.39831662428416,3.1335160929122));
#10188=CARTESIAN_POINT('Ctrl Pts',(-11.7754405639223,1.70927730852155,3.21130867483087));
#10189=CARTESIAN_POINT('Ctrl Pts',(-11.635439494907,2.33743526191669,3.29670211750445));
#10190=CARTESIAN_POINT('Ctrl Pts',(-11.5058538566562,2.98081761341351,3.33283163800012));
#10191=CARTESIAN_POINT('Ctrl Pts',(-11.444404170615,3.29991041427303,3.34141501963887));
#10192=CARTESIAN_POINT('Ctrl Pts',(-11.8642882886173,1.41131853609839,3.08155076219956));
#10193=CARTESIAN_POINT('Ctrl Pts',(-11.790360230369,1.72128716498956,3.14665461343947));
#10194=CARTESIAN_POINT('Ctrl Pts',(-11.6566849831024,2.34729270845766,3.21314870091867));
#10195=CARTESIAN_POINT('Ctrl Pts',(-11.5327118117378,2.98788964845809,3.23286599332698));
#10196=CARTESIAN_POINT('Ctrl Pts',(-11.4738032268438,3.30534855282936,3.23352636386017));
#10197=CARTESIAN_POINT('',(-11.0612678846779,3.22903915258645,3.59610261697016));
#10198=CARTESIAN_POINT('',(-11.8642882885183,1.4113185363059,3.08155076228673));
#10199=CARTESIAN_POINT('Ctrl Pts',(-11.0612678846779,3.22903915258645,3.59610261697016));
#10200=CARTESIAN_POINT('Ctrl Pts',(-11.1414624880989,3.0123103769811,3.59114973255788));
#10201=CARTESIAN_POINT('Ctrl Pts',(-11.2249340255052,2.79449048689921,3.57702816939318));
#10202=CARTESIAN_POINT('Ctrl Pts',(-11.4271501111475,2.28892365696831,3.51495796359792));
#10203=CARTESIAN_POINT('Ctrl Pts',(-11.5310638722898,2.04682301477204,3.46046038203898));
#10204=CARTESIAN_POINT('Ctrl Pts',(-11.6988948156523,1.68108747029502,3.33584204240022));
#10205=CARTESIAN_POINT('Ctrl Pts',(-11.7619592953615,1.55774911637665,3.26855542824693));
#10206=CARTESIAN_POINT('Ctrl Pts',(-11.8174920350509,1.46470118895062,3.18648716009103));
#10207=CARTESIAN_POINT('Ctrl Pts',(-11.8314593175505,1.44291222518009,3.16348653321367));
#10208=CARTESIAN_POINT('Ctrl Pts',(-11.8476441992601,1.42309540834273,3.1290854829992));
#10209=CARTESIAN_POINT('Ctrl Pts',(-11.8518730760491,1.41854111112476,3.11920903750257));
#10210=CARTESIAN_POINT('Ctrl Pts',(-11.8589078493524,1.41286867212444,3.10009332684506));
#10211=CARTESIAN_POINT('Ctrl Pts',(-11.8618497558645,1.41131853609839,3.09093936482597));
#10212=CARTESIAN_POINT('Ctrl Pts',(-11.8642882886173,1.41131853609839,3.08155076219956));
#10213=CARTESIAN_POINT('',(-11.4738032268438,3.30534855282936,3.23352636386017));
#10214=CARTESIAN_POINT('Origin',(-11.0000000002329,3.21770602543865,3.09999999999995));
#10215=CARTESIAN_POINT('Ctrl Pts',(-11.4738032268438,3.30534855282936,3.23352636386017));
#10216=CARTESIAN_POINT('Ctrl Pts',(-11.5327118117378,2.98788964845809,3.23286599332698));
#10217=CARTESIAN_POINT('Ctrl Pts',(-11.6566849831024,2.34729270845766,3.21314870091867));
#10218=CARTESIAN_POINT('Ctrl Pts',(-11.790360230369,1.72128716498956,3.14665461343947));
#10219=CARTESIAN_POINT('Ctrl Pts',(-11.8642882886173,1.41131853609839,3.08155076219956));
#10220=CARTESIAN_POINT('Ctrl Pts',(-11.0000000002329,3.21770602543865,3.59999999999995));
#10221=CARTESIAN_POINT('Ctrl Pts',(-10.8716024124362,3.91183470016207,3.59999999999995));
#10222=CARTESIAN_POINT('Ctrl Pts',(-10.7430451015514,4.6059338308456,3.59999999999995));
#10223=CARTESIAN_POINT('Ctrl Pts',(-10.6143100633444,5.3,3.59999999999995));
#10224=CARTESIAN_POINT('Ctrl Pts',(-11.1065641279349,3.23741789939061,3.59999999999995));
#10225=CARTESIAN_POINT('Ctrl Pts',(-10.9779170198903,3.93151736005446,3.59999546322276));
#10226=CARTESIAN_POINT('Ctrl Pts',(-10.8491046422196,4.62558698283612,3.60000475145717));
#10227=CARTESIAN_POINT('Ctrl Pts',(-10.7201023392298,5.31962229724395,3.59999999999995));
#10228=CARTESIAN_POINT('Ctrl Pts',(-11.3192757685289,3.27676458328814,3.52690637209054));
#10229=CARTESIAN_POINT('Ctrl Pts',(-11.1901392930086,3.97080727603732,3.52725732570283));
#10230=CARTESIAN_POINT('Ctrl Pts',(-11.0608124311554,4.66481713893648,3.52761330264516));
#10231=CARTESIAN_POINT('Ctrl Pts',(-10.9312856495284,5.35879246966871,3.52798605427655));
#10232=CARTESIAN_POINT('Ctrl Pts',(-11.4453449858638,3.30008444312201,3.33796241585797));
#10233=CARTESIAN_POINT('Ctrl Pts',(-11.3162944639045,3.99416315943032,3.33907815272299));
#10234=CARTESIAN_POINT('Ctrl Pts',(-11.18707257137,4.68821336360513,3.34023128156394));
#10235=CARTESIAN_POINT('Ctrl Pts',(-11.0576294362683,5.38222665063881,3.34142028021936));
#10236=CARTESIAN_POINT('Ctrl Pts',(-11.4738032268438,3.30534855282936,3.23352636386017));
#10237=CARTESIAN_POINT('Ctrl Pts',(-11.3449987189385,3.99947722755277,3.2349702739229));
#10238=CARTESIAN_POINT('Ctrl Pts',(-11.2160142212078,4.6935763582363,3.23646091215352));
#10239=CARTESIAN_POINT('Ctrl Pts',(-11.0868287660091,5.38764252739071,3.23800312686536));
#10240=CARTESIAN_POINT('',(-10.9332918240814,3.57825542536603,3.60000000187307));
#10241=CARTESIAN_POINT('Ctrl Pts',(-10.9332918372747,3.57825542796884,3.59999999999988));
#10242=CARTESIAN_POINT('Ctrl Pts',(-10.9755454109801,3.46186690436131,3.59999976305249));
#10243=CARTESIAN_POINT('Ctrl Pts',(-11.0183081063303,3.34511794116754,3.5987094797714));
#10244=CARTESIAN_POINT('Ctrl Pts',(-11.061252316821,3.22903627296084,3.59600587367164));
#10245=CARTESIAN_POINT('',(-10.6143100633444,5.3,3.59999999999995));
#10246=CARTESIAN_POINT('Ctrl Pts',(-10.9332918314049,3.57825542688256,3.59999999999995));
#10247=CARTESIAN_POINT('Ctrl Pts',(-10.8270793006392,4.1521915321283,3.59999999999995));
#10248=CARTESIAN_POINT('Ctrl Pts',(-10.7207554373035,4.72610703381945,3.59999999999995));
#10249=CARTESIAN_POINT('Ctrl Pts',(-10.6143100633444,5.3,3.59999999999995));
#10250=CARTESIAN_POINT('',(-11.0868287660091,5.38764252739071,3.23800312686537));
#10251=CARTESIAN_POINT('Origin',(-10.6143100633444,5.3,3.09999999999995));
#10252=CARTESIAN_POINT('Ctrl Pts',(-11.0868287660091,5.38764252739071,3.23800312686536));
#10253=CARTESIAN_POINT('Ctrl Pts',(-11.2160142212078,4.6935763582363,3.23646091215352));
#10254=CARTESIAN_POINT('Ctrl Pts',(-11.3449987189385,3.99947722755277,3.2349702739229));
#10255=CARTESIAN_POINT('Ctrl Pts',(-11.4738032268438,3.30534855282936,3.23352636386017));
#10256=CARTESIAN_POINT('Ctrl Pts',(-3.59610261682673,3.22903914635182,11.0612678869927));
#10257=CARTESIAN_POINT('Ctrl Pts',(-3.59067987465934,2.91139041392078,11.1639348880473));
#10258=CARTESIAN_POINT('Ctrl Pts',(-3.5492161967279,2.26670215281464,11.3795945446805));
#10259=CARTESIAN_POINT('Ctrl Pts',(-3.43193070704746,1.64347928320272,11.6068054769642));
#10260=CARTESIAN_POINT('Ctrl Pts',(-3.31975079622895,1.33268506567286,11.7326729435039));
#10261=CARTESIAN_POINT('Ctrl Pts',(-3.58563923862822,3.24419275357044,11.1431896229574));
#10262=CARTESIAN_POINT('Ctrl Pts',(-3.57369585306054,2.92585767040669,11.2389098040849));
#10263=CARTESIAN_POINT('Ctrl Pts',(-3.5220625238489,2.28001252712211,11.4383244456712));
#10264=CARTESIAN_POINT('Ctrl Pts',(-3.4020833698707,1.65594819917301,11.646068613458));
#10265=CARTESIAN_POINT('Ctrl Pts',(-3.29254932224771,1.34477916614421,11.7609085430446));
#10266=CARTESIAN_POINT('Ctrl Pts',(-3.51133903367771,3.27843901265814,11.3283279172588));
#10267=CARTESIAN_POINT('Ctrl Pts',(-3.49228686590904,2.95871650323199,11.4042349846759));
#10268=CARTESIAN_POINT('Ctrl Pts',(-3.4324791292429,2.31051748572281,11.5621853952327));
#10269=CARTESIAN_POINT('Ctrl Pts',(-3.31870006490434,1.68472708920338,11.7269916916547));
#10270=CARTESIAN_POINT('Ctrl Pts',(-3.22051254356387,1.37278713186728,11.8186369120543));
#10271=CARTESIAN_POINT('Ctrl Pts',(-3.34141501941707,3.29991040793911,11.4444041718523));
#10272=CARTESIAN_POINT('Ctrl Pts',(-3.33284067135889,2.98115344071666,11.5057891843549));
#10273=CARTESIAN_POINT('Ctrl Pts',(-3.29641599689991,2.33454516432024,11.6360533121284));
#10274=CARTESIAN_POINT('Ctrl Pts',(-3.21144441211823,1.70981989200553,11.7753049143689));
#10275=CARTESIAN_POINT('Ctrl Pts',(-3.13351609288662,1.39831662429056,11.8531828504421));
#10276=CARTESIAN_POINT('Ctrl Pts',(-3.23352636384709,3.30534854652469,11.4738032280137));
#10277=CARTESIAN_POINT('Ctrl Pts',(-3.2328666882112,2.98822375616954,11.5326498137855));
#10278=CARTESIAN_POINT('Ctrl Pts',(-3.21294459309474,2.34441406814454,11.6572723316702));
#10279=CARTESIAN_POINT('Ctrl Pts',(-3.1467682106749,1.72182801746795,11.7902312361102));
#10280=CARTESIAN_POINT('Ctrl Pts',(-3.08155076219961,1.41131853609837,11.8642882886172));
#10281=CARTESIAN_POINT('',(-3.59610261682385,3.22903914618288,11.0612678870473));
#10282=CARTESIAN_POINT('',(-3.08155076225053,1.41131853621959,11.8642882885594));
#10283=CARTESIAN_POINT('Ctrl Pts',(-3.08155076219962,1.41131853609837,11.8642882886172));
#10284=CARTESIAN_POINT('Ctrl Pts',(-3.09326480358657,1.41131853609837,11.8612457619788));
#10285=CARTESIAN_POINT('Ctrl Pts',(-3.10461007309739,1.4137317203321,11.8574203788607));
#10286=CARTESIAN_POINT('Ctrl Pts',(-3.13341397744248,1.42412391609626,11.8461448621342));
#10287=CARTESIAN_POINT('Ctrl Pts',(-3.1502990833761,1.43504886006037,11.8377628374156));
#10288=CARTESIAN_POINT('Ctrl Pts',(-3.20503026682454,1.47918802532018,11.807363965699));
#10289=CARTESIAN_POINT('Ctrl Pts',(-3.23875457969503,1.52645054490369,11.7812009110583));
#10290=CARTESIAN_POINT('Ctrl Pts',(-3.34556225856808,1.6940848154948,11.6916133838267));
#10291=CARTESIAN_POINT('Ctrl Pts',(-3.43311247710519,1.92008732524414,11.5849571041206));
#10292=CARTESIAN_POINT('Ctrl Pts',(-3.54320728505983,2.47598666701125,11.3508780018423));
#10293=CARTESIAN_POINT('Ctrl Pts',(-3.57039037921453,2.71862783963258,11.2544592290197));
#10294=CARTESIAN_POINT('Ctrl Pts',(-3.59026642104261,3.04574682675281,11.1296050320225));
#10295=CARTESIAN_POINT('Ctrl Pts',(-3.59400177924112,3.13711050368753,11.0952835871432));
#10296=CARTESIAN_POINT('Ctrl Pts',(-3.59610261682385,3.22903914618288,11.0612678870473));
#10297=CARTESIAN_POINT('',(-3.23352636384709,3.30534854652469,11.4738032280137));
#10298=CARTESIAN_POINT('Ctrl Pts',(-3.08155076219961,1.41131853609837,11.8642882886172));
#10299=CARTESIAN_POINT('Ctrl Pts',(-3.1467682106749,1.72182801746795,11.7902312361102));
#10300=CARTESIAN_POINT('Ctrl Pts',(-3.21294459309474,2.34441406814454,11.6572723316702));
#10301=CARTESIAN_POINT('Ctrl Pts',(-3.2328666882112,2.98822375616954,11.5326498137855));
#10302=CARTESIAN_POINT('Ctrl Pts',(-3.23352636384709,3.30534854652469,11.4738032280137));
#10303=CARTESIAN_POINT('Origin',(-3.09999999999998,3.21770601913399,11.0000000013991));
#10304=CARTESIAN_POINT('Origin',(-6.24999999999997,5.3,3.09999999999995));
#10305=CARTESIAN_POINT('',(-10.6143100633444,5.7,3.39999999999995));
#10306=CARTESIAN_POINT('Origin',(-10.6143100633444,5.3,3.09999999999995));
#10307=CARTESIAN_POINT('',(-3.69999999999998,5.3,3.59999999999995));
#10308=CARTESIAN_POINT('',(-6.24999999999997,5.3,3.59999999999995));
#10309=CARTESIAN_POINT('',(-3.69999999999998,5.7,3.39999999999995));
#10310=CARTESIAN_POINT('Origin',(-3.69999999999998,5.3,3.09999999999995));
#10311=CARTESIAN_POINT('',(-6.24999999999997,5.7,3.39999999999995));
#10312=CARTESIAN_POINT('Ctrl Pts',(-3.69999999999998,5.3,3.59999999999995));
#10313=CARTESIAN_POINT('Ctrl Pts',(-3.49810264620107,5.3,3.59999999999995));
#10314=CARTESIAN_POINT('Ctrl Pts',(-3.29709101009127,5.32997526161963,3.59999999999995));
#10315=CARTESIAN_POINT('Ctrl Pts',(-3.09999999999998,5.37374823939746,3.59999999999995));
#10316=CARTESIAN_POINT('Ctrl Pts',(-3.69999999999998,5.37727460150013,3.59999999999995));
#10317=CARTESIAN_POINT('Ctrl Pts',(-3.50665782083151,5.38909353451729,3.60007678144993));
#10318=CARTESIAN_POINT('Ctrl Pts',(-3.31292605603597,5.43023049235066,3.59975527499701));
#10319=CARTESIAN_POINT('Ctrl Pts',(-3.12452307552225,5.48416516715962,3.59999999999995));
#10320=CARTESIAN_POINT('Ctrl Pts',(-3.69999999999998,5.53176688123194,3.56353376246383));
#10321=CARTESIAN_POINT('Ctrl Pts',(-3.52375100007422,5.56710347761681,3.55213222283944));
#10322=CARTESIAN_POINT('Ctrl Pts',(-3.34468775168385,5.6308763533813,3.53758892625118));
#10323=CARTESIAN_POINT('Ctrl Pts',(-3.17347693561291,5.70458347596435,3.52024728308856));
#10324=CARTESIAN_POINT('Ctrl Pts',(-3.69999999999998,5.65363523909992,3.46181968120006));
#10325=CARTESIAN_POINT('Ctrl Pts',(-3.53725630933736,5.69788110046919,3.42120420766928));
#10326=CARTESIAN_POINT('Ctrl Pts',(-3.36652489036805,5.76159221310485,3.37045275602799));
#10327=CARTESIAN_POINT('Ctrl Pts',(-3.20074848561764,5.82737560960598,3.31648378879938));
#10328=CARTESIAN_POINT('Ctrl Pts',(-3.69999999999998,5.7,3.39999999999995));
#10329=CARTESIAN_POINT('Ctrl Pts',(-3.54237838168325,5.74250470606293,3.34332705858271));
#10330=CARTESIAN_POINT('Ctrl Pts',(-3.37334703882828,5.79829972121847,3.27480153378261));
#10331=CARTESIAN_POINT('Ctrl Pts',(-3.20594466359046,5.85077177813889,3.20594466359043));
#10332=CARTESIAN_POINT('',(-3.20594466359046,5.85077177813889,3.20594466359043));
#10333=CARTESIAN_POINT('Ctrl Pts',(-3.20594466359046,5.85077177813889,3.20594466359043));
#10334=CARTESIAN_POINT('Ctrl Pts',(-3.37334703882828,5.79829972121847,3.27480153378261));
#10335=CARTESIAN_POINT('Ctrl Pts',(-3.54237838168325,5.74250470606293,3.34332705858271));
#10336=CARTESIAN_POINT('Ctrl Pts',(-3.69999999999998,5.7,3.39999999999995));
#10337=CARTESIAN_POINT('',(-3.59999999999998,5.30257179959459,3.60000000000012));
#10338=CARTESIAN_POINT('Ctrl Pts',(-3.69999999999998,5.3,3.59999999999995));
#10339=CARTESIAN_POINT('Ctrl Pts',(-3.66663476683508,5.3,3.59999999999995));
#10340=CARTESIAN_POINT('Ctrl Pts',(-3.63329372291962,5.30081863452562,3.59999999999995));
#10341=CARTESIAN_POINT('Ctrl Pts',(-3.59999056559213,5.30238289006449,3.59999999999995));
#10342=CARTESIAN_POINT('Ctrl Pts',(-3.59999999999998,5.30257179959461,3.59999999999995));
#10343=CARTESIAN_POINT('Ctrl Pts',(-3.59999999999998,5.35066601214777,3.59999999999995));
#10344=CARTESIAN_POINT('Ctrl Pts',(-3.59309427129664,5.39757518183556,3.59309427129662));
#10345=CARTESIAN_POINT('Ctrl Pts',(-3.56430627000245,5.49948029817997,3.56430627000243));
#10346=CARTESIAN_POINT('Ctrl Pts',(-3.53941675922432,5.5510166820212,3.53941675922429));
#10347=CARTESIAN_POINT('Ctrl Pts',(-3.45774066294291,5.67658836716521,3.45774066294288));
#10348=CARTESIAN_POINT('Ctrl Pts',(-3.38707698814823,5.74396792135628,3.3870769881482));
#10349=CARTESIAN_POINT('Ctrl Pts',(-3.27593468147007,5.81618208300991,3.27593468147004));
#10350=CARTESIAN_POINT('Ctrl Pts',(-3.242789671674,5.83419498636227,3.24278967167447));
#10351=CARTESIAN_POINT('Ctrl Pts',(-3.20813023742656,5.84979770300568,3.20813023742646));
#10352=CARTESIAN_POINT('Ctrl Pts',(-3.20703777695592,5.85028622755967,3.20703777695588));
#10353=CARTESIAN_POINT('Ctrl Pts',(-3.20594466359046,5.85077177813889,3.20594466359043));
#10354=CARTESIAN_POINT('Ctrl Pts',(-3.59999999999998,5.37374823939746,3.09999999999995));
#10355=CARTESIAN_POINT('Ctrl Pts',(-3.59999999999998,5.32997526161963,3.29709101009124));
#10356=CARTESIAN_POINT('Ctrl Pts',(-3.59999999999998,5.3,3.49810264620104));
#10357=CARTESIAN_POINT('Ctrl Pts',(-3.59999999999998,5.3,3.69999999999995));
#10358=CARTESIAN_POINT('Ctrl Pts',(-3.59999999999998,5.48416516715962,3.12452307552222));
#10359=CARTESIAN_POINT('Ctrl Pts',(-3.59975527499704,5.43023049235066,3.31292605603594));
#10360=CARTESIAN_POINT('Ctrl Pts',(-3.60007678144995,5.38909353451729,3.50665782083149));
#10361=CARTESIAN_POINT('Ctrl Pts',(-3.59999999999998,5.37727460150014,3.69999999999995));
#10362=CARTESIAN_POINT('Ctrl Pts',(-3.52024728308859,5.70458347596435,3.17347693561288));
#10363=CARTESIAN_POINT('Ctrl Pts',(-3.5375889262512,5.6308763533813,3.34468775168382));
#10364=CARTESIAN_POINT('Ctrl Pts',(-3.55213222283946,5.56710347761681,3.52375100007422));
#10365=CARTESIAN_POINT('Ctrl Pts',(-3.56353376246386,5.53176688123194,3.69999999999995));
#10366=CARTESIAN_POINT('Ctrl Pts',(-3.3164837887994,5.82737560960598,3.2007484856176));
#10367=CARTESIAN_POINT('Ctrl Pts',(-3.37045275602801,5.76159221310485,3.36652489036802));
#10368=CARTESIAN_POINT('Ctrl Pts',(-3.4212042076693,5.69788110046919,3.53725630933738));
#10369=CARTESIAN_POINT('Ctrl Pts',(-3.46181968120008,5.65363523909992,3.69999999999995));
#10370=CARTESIAN_POINT('Ctrl Pts',(-3.20594466359045,5.85077177813889,3.20594466359043));
#10371=CARTESIAN_POINT('Ctrl Pts',(-3.27480153378263,5.79829972121847,3.37334703882825));
#10372=CARTESIAN_POINT('Ctrl Pts',(-3.34332705858274,5.74250470606293,3.54237838168327));
#10373=CARTESIAN_POINT('Ctrl Pts',(-3.39999999999998,5.7,3.69999999999995));
#10374=CARTESIAN_POINT('',(-3.59999999999998,5.3,3.69999999999995));
#10375=CARTESIAN_POINT('Ctrl Pts',(-3.59999999999998,5.30238289006448,3.59999056559228));
#10376=CARTESIAN_POINT('Ctrl Pts',(-3.59999999999998,5.30081863452561,3.63329372291971));
#10377=CARTESIAN_POINT('Ctrl Pts',(-3.59999999999998,5.3,3.66663476683511));
#10378=CARTESIAN_POINT('Ctrl Pts',(-3.59999999999998,5.3,3.69999999999995));
#10379=CARTESIAN_POINT('',(-3.39999999999998,5.7,3.69999999999995));
#10380=CARTESIAN_POINT('Origin',(-3.09999999999998,5.3,3.69999999999995));
#10381=CARTESIAN_POINT('Ctrl Pts',(-3.39999999999998,5.7,3.69999999999995));
#10382=CARTESIAN_POINT('Ctrl Pts',(-3.34332705858274,5.74250470606293,3.54237838168327));
#10383=CARTESIAN_POINT('Ctrl Pts',(-3.27480153378263,5.79829972121847,3.37334703882825));
#10384=CARTESIAN_POINT('Ctrl Pts',(-3.20594466359045,5.85077177813889,3.20594466359043));
#10385=CARTESIAN_POINT('Origin',(-3.09999999999998,5.3,1.99999999999996));
#10386=CARTESIAN_POINT('',(-3.59999999999998,5.3,10.6143100633444));
#10387=CARTESIAN_POINT('',(-3.39999999999998,5.7,10.6143100633444));
#10388=CARTESIAN_POINT('Origin',(-3.09999999999998,5.3,10.6143100633444));
#10389=CARTESIAN_POINT('',(-3.39999999999998,5.7,1.99999999999996));
#10390=CARTESIAN_POINT('',(-3.59999999999998,5.3,1.99999999999996));
#10391=CARTESIAN_POINT('Origin',(-3.09999999999998,5.3,10.6143100633444));
#10392=CARTESIAN_POINT('',(-3.23800312686539,5.3876425273907,11.0868287660091));
#10393=CARTESIAN_POINT('Origin',(-3.09999999999998,5.3,10.6143100633444));
#10394=CARTESIAN_POINT('Origin',(-3.09999999999998,5.3,10.6143100633444));
#10395=CARTESIAN_POINT('Ctrl Pts',(-3.59999999999998,5.3,10.6143100633444));
#10396=CARTESIAN_POINT('Ctrl Pts',(-3.59999999999998,4.60593382874442,10.7430451019412));
#10397=CARTESIAN_POINT('Ctrl Pts',(-3.59999999999998,3.91183469596053,10.8716024132144));
#10398=CARTESIAN_POINT('Ctrl Pts',(-3.59999999999998,3.21770601913398,11.0000000013991));
#10399=CARTESIAN_POINT('Ctrl Pts',(-3.59999999999998,5.31962229724395,10.7201023392298));
#10400=CARTESIAN_POINT('Ctrl Pts',(-3.60000475145721,4.62558698073504,10.8491046426101));
#10401=CARTESIAN_POINT('Ctrl Pts',(-3.59999546322277,3.9315173558531,10.97791702067));
#10402=CARTESIAN_POINT('Ctrl Pts',(-3.59999999999998,3.2374178930862,11.1065641291033));
#10403=CARTESIAN_POINT('Ctrl Pts',(-3.52798605427658,5.35879246966871,10.9312856495284));
#10404=CARTESIAN_POINT('Ctrl Pts',(-3.52761330264406,4.66481713683558,11.0608124315476));
#10405=CARTESIAN_POINT('Ctrl Pts',(-3.52725732570068,3.97080727183632,11.1901392937914));
#10406=CARTESIAN_POINT('Ctrl Pts',(-3.52690637208739,3.27676457698426,11.3192757697019));
#10407=CARTESIAN_POINT('Ctrl Pts',(-3.34142028021939,5.38222665063881,11.0576294362683));
#10408=CARTESIAN_POINT('Ctrl Pts',(-3.34023128156037,4.68821336150411,11.1870725717619));
#10409=CARTESIAN_POINT('Ctrl Pts',(-3.33907815271605,3.99416315522909,11.3162944646868));
#10410=CARTESIAN_POINT('Ctrl Pts',(-3.33796241584786,3.30008443681778,11.4453449870359));
#10411=CARTESIAN_POINT('Ctrl Pts',(-3.23800312686539,5.38764252739071,11.0868287660091));
#10412=CARTESIAN_POINT('Ctrl Pts',(-3.23646091214888,4.69357635613513,11.2160142215988));
#10413=CARTESIAN_POINT('Ctrl Pts',(-3.2349702739139,3.99947722335123,11.3449987197193));
#10414=CARTESIAN_POINT('Ctrl Pts',(-3.23352636384709,3.30534854652469,11.4738032280137));
#10415=CARTESIAN_POINT('',(-3.60000000187309,3.57825542536602,10.9332918240814));
#10416=CARTESIAN_POINT('Ctrl Pts',(-3.5960058735225,3.22903626686794,11.0612523191325));
#10417=CARTESIAN_POINT('Ctrl Pts',(-3.59870947972409,3.34511793708993,11.0183081078624));
#10418=CARTESIAN_POINT('Ctrl Pts',(-3.59999976305251,3.46186690223916,10.9755454117505));
#10419=CARTESIAN_POINT('Ctrl Pts',(-3.59999999999991,3.57825542796883,10.9332918372747));
#10420=CARTESIAN_POINT('Ctrl Pts',(-3.23352636384709,3.30534854652469,11.4738032280137));
#10421=CARTESIAN_POINT('Ctrl Pts',(-3.2349702739139,3.99947722335123,11.3449987197193));
#10422=CARTESIAN_POINT('Ctrl Pts',(-3.23646091214888,4.69357635613513,11.2160142215988));
#10423=CARTESIAN_POINT('Ctrl Pts',(-3.23800312686539,5.38764252739071,11.0868287660091));
#10424=CARTESIAN_POINT('Ctrl Pts',(-3.59999999999998,5.3,10.6143100633444));
#10425=CARTESIAN_POINT('Ctrl Pts',(-3.59999999999998,4.72610703381944,10.7207554373035));
#10426=CARTESIAN_POINT('Ctrl Pts',(-3.59999999999998,4.15219153212897,10.827079300639));
#10427=CARTESIAN_POINT('Ctrl Pts',(-3.59999999999998,3.57825542688256,10.9332918314048));
#10428=CARTESIAN_POINT('Origin',(-10.6143100633444,5.3,3.09999999999995));
#10429=CARTESIAN_POINT('Origin',(-10.6143100633444,5.3,3.09999999999995));
#10430=CARTESIAN_POINT('Origin',(-3.59999999999998,-2.69955394465508E-16,
3.59999999999995));
#10431=CARTESIAN_POINT('',(-11.,3.39445182749603,3.59999999999995));
#10432=CARTESIAN_POINT('Ctrl Pts',(-11.,3.39445182749603,3.59999999999995));
#10433=CARTESIAN_POINT('Ctrl Pts',(-10.9665543333789,3.48663313640561,3.60000000187307));
#10434=CARTESIAN_POINT('Ctrl Pts',(-10.9332918240814,3.57825542536603,3.60000000187307));
#10435=CARTESIAN_POINT('',(-11.,-7.86541676957546E-16,3.59999999999995));
#10436=CARTESIAN_POINT('',(-11.,-7.86541676957546E-16,3.59999999999995));
#10437=CARTESIAN_POINT('',(-3.59999999999998,-2.69955394465508E-16,3.59999999999995));
#10438=CARTESIAN_POINT('',(-1.79999999999998,0.,3.59999999999995));
#10439=CARTESIAN_POINT('',(-3.59999999999998,-2.69955394465508E-16,3.59999999999995));
#10440=CARTESIAN_POINT('Origin',(-11.,-7.80845159229289E-16,2.49999999999995));
#10441=CARTESIAN_POINT('',(-11.8255747662772,1.41131853609837,3.22692936746719));
#10442=CARTESIAN_POINT('Ctrl Pts',(-11.,3.39445182749603,3.59999999999995));
#10443=CARTESIAN_POINT('Ctrl Pts',(-11.1729330169542,2.91782220328794,3.59999999999995));
#10444=CARTESIAN_POINT('Ctrl Pts',(-11.3596972153048,2.43919209098484,3.55991790433489));
#10445=CARTESIAN_POINT('Ctrl Pts',(-11.6270134272868,1.82198934742193,3.40930686509927));
#10446=CARTESIAN_POINT('Ctrl Pts',(-11.7289193582841,1.59792911206268,3.33670105841058));
#10447=CARTESIAN_POINT('Ctrl Pts',(-11.8255747662772,1.41131853609836,3.2269293674672));
#10448=CARTESIAN_POINT('',(-12.1,1.12822794683233,2.49999999999995));
#10449=CARTESIAN_POINT('Ctrl Pts',(-12.1,1.12822794683233,2.49999999999995));
#10450=CARTESIAN_POINT('Ctrl Pts',(-12.1,1.11938572673706,2.51506905241001));
#10451=CARTESIAN_POINT('Ctrl Pts',(-12.0996894216873,1.11114185122477,2.53049054633501));
#10452=CARTESIAN_POINT('Ctrl Pts',(-12.0963494905641,1.07314689596754,2.60998227963698));
#10453=CARTESIAN_POINT('Ctrl Pts',(-12.0874551816387,1.05587693398269,2.67862343676798));
#10454=CARTESIAN_POINT('Ctrl Pts',(-12.0578371011024,1.05587693398269,2.80894299112764));
#10455=CARTESIAN_POINT('Ctrl Pts',(-12.0361896221789,1.07314689596754,2.87468570053182));
#10456=CARTESIAN_POINT('Ctrl Pts',(-11.9858690329929,1.13414108560265,2.99207770146707));
#10457=CARTESIAN_POINT('Ctrl Pts',(-11.9573373912521,1.17731393432403,3.0440731726517));
#10458=CARTESIAN_POINT('Ctrl Pts',(-11.897082632407,1.27703643280962,3.13968795169274));
#10459=CARTESIAN_POINT('Ctrl Pts',(-11.8617018538858,1.34156872316453,3.1858997802149));
#10460=CARTESIAN_POINT('Ctrl Pts',(-11.8255747662772,1.41131853609836,3.2269293674672));
#10461=CARTESIAN_POINT('',(-12.1,-8.5763501203216E-16,2.49999999999995));
#10462=CARTESIAN_POINT('',(-12.1,-8.5763501203216E-16,2.49999999999995));
#10463=CARTESIAN_POINT('Origin',(-11.,0.,2.49999999999995));
#10464=CARTESIAN_POINT('Origin',(3.94275134888461E-81,4.10220312104693,
0.));
#10465=CARTESIAN_POINT('',(-12.1,1.41131853609837,-1.96145142571372));
#10466=CARTESIAN_POINT('Origin',(1.35646088155858E-81,1.41131853609837,
0.));
#10467=CARTESIAN_POINT('',(-12.1,1.41131853609837,1.96145142571372));
#10468=CARTESIAN_POINT('Ctrl Pts',(-12.1,1.41131853609837,1.96145142571371));
#10469=CARTESIAN_POINT('Ctrl Pts',(-12.1,3.17417108214809,0.));
#10470=CARTESIAN_POINT('Ctrl Pts',(-12.1,1.41131853609837,-1.96145142571371));
#10471=CARTESIAN_POINT('Origin',(1.35646088155858E-81,1.41131853609837,
0.));
#10472=CARTESIAN_POINT('',(-11.2142955353483,5.58764252739071,2.6116523890817));
#10473=CARTESIAN_POINT('Ctrl Pts',(-11.2142955353483,5.58764252739071,2.6116523890817));
#10474=CARTESIAN_POINT('Ctrl Pts',(-11.1625639724252,5.58764252739071,2.83378495065477));
#10475=CARTESIAN_POINT('Ctrl Pts',(-11.1155170876691,5.51767844823653,3.05719240283578));
#10476=CARTESIAN_POINT('Ctrl Pts',(-11.0868287660091,5.38764252739071,3.23800312686537));
#10477=CARTESIAN_POINT('',(-11.4912705112596,5.58764252739071,0.729283616012275));
#10478=CARTESIAN_POINT('Origin',(0.,5.5876425273907,-2.77555756156289E-16));
#10479=CARTESIAN_POINT('',(-11.4912705112596,5.58764252739071,-0.729283616012263));
#10480=CARTESIAN_POINT('Ctrl Pts',(-11.4912705112596,5.58764252739071,-0.729283616012263));
#10481=CARTESIAN_POINT('Ctrl Pts',(-11.5220847412058,5.58764252741047,-0.243745967593883));
#10482=CARTESIAN_POINT('Ctrl Pts',(-11.5220847412058,5.58764252741047,0.243745967593895));
#10483=CARTESIAN_POINT('Ctrl Pts',(-11.4912705112596,5.58764252739071,0.729283616012275));
#10484=CARTESIAN_POINT('',(-11.2142955353483,5.58764252739071,-2.61165238908176));
#10485=CARTESIAN_POINT('Origin',(0.,5.58764252739071,0.));
#10486=CARTESIAN_POINT('Ctrl Pts',(-11.0868287660091,5.3876425273907,-3.23800312686542));
#10487=CARTESIAN_POINT('Ctrl Pts',(-11.115517087669,5.51767844823653,-3.05719240283583));
#10488=CARTESIAN_POINT('Ctrl Pts',(-11.1625639724252,5.58764252739071,-2.83378495065482));
#10489=CARTESIAN_POINT('Ctrl Pts',(-11.2142955353483,5.58764252739071,-2.61165238908176));
#10490=CARTESIAN_POINT('Ctrl Pts',(-11.2142955353483,5.58764252739071,2.6116523890817));
#10491=CARTESIAN_POINT('Ctrl Pts',(-11.1625639724252,5.58764252739071,2.83378495065477));
#10492=CARTESIAN_POINT('Ctrl Pts',(-11.1155170876691,5.51767844823653,3.05719240283578));
#10493=CARTESIAN_POINT('Ctrl Pts',(-11.0868287660091,5.38764252739071,3.23800312686537));
#10494=CARTESIAN_POINT('Ctrl Pts',(-11.1944553956467,5.70205997997988,2.60703189837962));
#10495=CARTESIAN_POINT('Ctrl Pts',(-11.1378644911654,5.69806406046063,2.85275924675383));
#10496=CARTESIAN_POINT('Ctrl Pts',(-11.08654798203,5.61640550414933,3.0974261898349));
#10497=CARTESIAN_POINT('Ctrl Pts',(-11.0549545460735,5.46995678327853,3.29486369085677));
#10498=CARTESIAN_POINT('Ctrl Pts',(-11.0739157020707,5.91557722792391,2.5789598917418));
#10499=CARTESIAN_POINT('Ctrl Pts',(-11.014145907591,5.90492910169699,2.87139798568359));
#10500=CARTESIAN_POINT('Ctrl Pts',(-10.9598246291638,5.80071478731051,3.15880730976792));
#10501=CARTESIAN_POINT('Ctrl Pts',(-10.9266687159128,5.62235626215813,3.38954211919413));
#10502=CARTESIAN_POINT('Ctrl Pts',(-10.8480540112324,6.,2.52635986683424));
#10503=CARTESIAN_POINT('Ctrl Pts',(-10.7950471483996,5.99429772796765,2.84260151148247));
#10504=CARTESIAN_POINT('Ctrl Pts',(-10.7472962404464,5.88597883579015,3.15672008736338));
#10505=CARTESIAN_POINT('Ctrl Pts',(-10.7185314698361,5.69234853460674,3.41020195385763));
#10506=CARTESIAN_POINT('Ctrl Pts',(-10.7348661543078,6.,2.49999999999995));
#10507=CARTESIAN_POINT('Ctrl Pts',(-10.6853461998726,6.,2.81895404969705));
#10508=CARTESIAN_POINT('Ctrl Pts',(-10.6408285371111,5.89505388126875,3.13992815830829));
#10509=CARTESIAN_POINT('Ctrl Pts',(-10.6143100633444,5.7,3.39999999999995));
#10510=CARTESIAN_POINT('Ctrl Pts',(-10.6143100633444,5.7,3.39999999999995));
#10511=CARTESIAN_POINT('Ctrl Pts',(-10.6408285371111,5.89505388126875,3.13992815830829));
#10512=CARTESIAN_POINT('Ctrl Pts',(-10.6853461998726,6.,2.81895404969705));
#10513=CARTESIAN_POINT('Ctrl Pts',(-10.7348661543078,6.,2.49999999999995));
#10514=CARTESIAN_POINT('Origin',(-10.7348661543078,5.5,2.49999999999995));
#10515=CARTESIAN_POINT('Origin',(-6.24999999999997,4.5,2.49999999999995));
#10516=CARTESIAN_POINT('Origin',(-2.49999999999998,4.5,2.49999999999995));
#10517=CARTESIAN_POINT('Ctrl Pts',(3.31975079632294,1.33268506563112,11.7326729434063));
#10518=CARTESIAN_POINT('Ctrl Pts',(3.43173530962992,1.64293793472129,11.6070247156453));
#10519=CARTESIAN_POINT('Ctrl Pts',(3.5495912076063,2.2695842629589,11.3785846173996));
#10520=CARTESIAN_POINT('Ctrl Pts',(3.59067416176755,2.91105575415732,11.164043052849));
#10521=CARTESIAN_POINT('Ctrl Pts',(3.59610261697071,3.22903915261435,11.0612678846688));
#10522=CARTESIAN_POINT('Ctrl Pts',(3.2925493223367,1.34477916610865,11.760908542969));
#10523=CARTESIAN_POINT('Ctrl Pts',(3.4018925810766,1.65540619783588,11.6462686441542));
#10524=CARTESIAN_POINT('Ctrl Pts',(3.52246616283066,2.28289919382684,11.4373956215992));
#10525=CARTESIAN_POINT('Ctrl Pts',(3.57368327033888,2.92552228754297,11.2390106501058));
#10526=CARTESIAN_POINT('Ctrl Pts',(3.58563923894434,3.24419275985525,11.1431896208185));
#10527=CARTESIAN_POINT('Ctrl Pts',(3.22051254363048,1.3727871318469,11.8186369120242));
#10528=CARTESIAN_POINT('Ctrl Pts',(3.31852903972779,1.684183745069,11.727151321342));
#10529=CARTESIAN_POINT('Ctrl Pts',(3.43288501668736,2.31341345299876,11.5614486638429));
#10530=CARTESIAN_POINT('Ctrl Pts',(3.49226679369867,2.95837965866051,11.4043149566637));
#10531=CARTESIAN_POINT('Ctrl Pts',(3.51133903418349,3.27843901899484,11.3283279156448));
#10532=CARTESIAN_POINT('Ctrl Pts',(3.13351609291232,1.39831662428416,11.8531828504366));
#10533=CARTESIAN_POINT('Ctrl Pts',(3.21130867483096,1.70927730852149,11.7754405639223));
#10534=CARTESIAN_POINT('Ctrl Pts',(3.29670211750454,2.33743526191664,11.635439494907));
#10535=CARTESIAN_POINT('Ctrl Pts',(3.33283163800019,2.98081761341331,11.5058538566562));
#10536=CARTESIAN_POINT('Ctrl Pts',(3.34141501963894,3.2999104142728,11.444404170615));
#10537=CARTESIAN_POINT('Ctrl Pts',(3.08155076219968,1.41131853609838,11.8642882886172));
#10538=CARTESIAN_POINT('Ctrl Pts',(3.14665461343956,1.7212871649895,11.790360230369));
#10539=CARTESIAN_POINT('Ctrl Pts',(3.21314870091876,2.34729270845761,11.6566849831024));
#10540=CARTESIAN_POINT('Ctrl Pts',(3.23286599332705,2.98788964845789,11.5327118117378));
#10541=CARTESIAN_POINT('Ctrl Pts',(3.23352636386025,3.30534855282913,11.4738032268438));
#10542=CARTESIAN_POINT('',(3.59610261697022,3.22903915258623,11.061267884678));
#10543=CARTESIAN_POINT('',(3.08155076228685,1.4113185363059,11.8642882885182));
#10544=CARTESIAN_POINT('Ctrl Pts',(3.59610261697023,3.22903915258621,11.0612678846779));
#10545=CARTESIAN_POINT('Ctrl Pts',(3.59114973255795,3.01231037698099,11.1414624880989));
#10546=CARTESIAN_POINT('Ctrl Pts',(3.57702816939325,2.79449048689924,11.2249340255052));
#10547=CARTESIAN_POINT('Ctrl Pts',(3.514957963598,2.28892365696815,11.4271501111475));
#10548=CARTESIAN_POINT('Ctrl Pts',(3.46046038203903,2.04682301477195,11.5310638722899));
#10549=CARTESIAN_POINT('Ctrl Pts',(3.33584204240048,1.68108747029543,11.698894815652));
#10550=CARTESIAN_POINT('Ctrl Pts',(3.26855542824721,1.55774911637684,11.7619592953614));
#10551=CARTESIAN_POINT('Ctrl Pts',(3.18648716009112,1.46470118895057,11.8174920350509));
#10552=CARTESIAN_POINT('Ctrl Pts',(3.16348653321379,1.44291222518009,11.8314593175505));
#10553=CARTESIAN_POINT('Ctrl Pts',(3.12908548299931,1.42309540834273,11.8476441992601));
#10554=CARTESIAN_POINT('Ctrl Pts',(3.11920903750269,1.41854111112477,11.851873076049));
#10555=CARTESIAN_POINT('Ctrl Pts',(3.10009332684536,1.4128686721245,11.8589078493523));
#10556=CARTESIAN_POINT('Ctrl Pts',(3.09093936482616,1.41131853609838,11.8618497558645));
#10557=CARTESIAN_POINT('Ctrl Pts',(3.08155076219967,1.41131853609838,11.8642882886172));
#10558=CARTESIAN_POINT('',(3.23352636386025,3.30534855282913,11.4738032268438));
#10559=CARTESIAN_POINT('Origin',(3.10000000000002,3.21770602543842,11.000000000233));
#10560=CARTESIAN_POINT('Ctrl Pts',(3.23352636386025,3.30534855282913,11.4738032268438));
#10561=CARTESIAN_POINT('Ctrl Pts',(3.23286599332705,2.98788964845789,11.5327118117378));
#10562=CARTESIAN_POINT('Ctrl Pts',(3.21314870091876,2.34729270845761,11.6566849831024));
#10563=CARTESIAN_POINT('Ctrl Pts',(3.14665461343956,1.7212871649895,11.790360230369));
#10564=CARTESIAN_POINT('Ctrl Pts',(3.08155076219968,1.41131853609838,11.8642882886172));
#10565=CARTESIAN_POINT('Ctrl Pts',(3.60000000000002,3.21770602543842,11.000000000233));
#10566=CARTESIAN_POINT('Ctrl Pts',(3.60000000000002,3.91183470016192,10.8716024124362));
#10567=CARTESIAN_POINT('Ctrl Pts',(3.60000000000002,4.60593383084553,10.7430451015514));
#10568=CARTESIAN_POINT('Ctrl Pts',(3.60000000000002,5.3,10.6143100633444));
#10569=CARTESIAN_POINT('Ctrl Pts',(3.60000000000002,3.23741789939038,11.1065641279349));
#10570=CARTESIAN_POINT('Ctrl Pts',(3.59999546322283,3.93151736005431,10.9779170198903));
#10571=CARTESIAN_POINT('Ctrl Pts',(3.60000475145725,4.62558698283605,10.8491046422196));
#10572=CARTESIAN_POINT('Ctrl Pts',(3.60000000000002,5.31962229724395,10.7201023392298));
#10573=CARTESIAN_POINT('Ctrl Pts',(3.52690637209061,3.27676458328791,11.319275768529));
#10574=CARTESIAN_POINT('Ctrl Pts',(3.5272573257029,3.97080727603717,11.1901392930086));
#10575=CARTESIAN_POINT('Ctrl Pts',(3.52761330264524,4.66481713893641,11.0608124311554));
#10576=CARTESIAN_POINT('Ctrl Pts',(3.52798605427663,5.35879246966871,10.9312856495284));
#10577=CARTESIAN_POINT('Ctrl Pts',(3.33796241585804,3.30008444312178,11.4453449858638));
#10578=CARTESIAN_POINT('Ctrl Pts',(3.33907815272307,3.99416315943017,11.3162944639046));
#10579=CARTESIAN_POINT('Ctrl Pts',(3.34023128156402,4.68821336360506,11.18707257137));
#10580=CARTESIAN_POINT('Ctrl Pts',(3.34142028021944,5.38222665063881,11.0576294362683));
#10581=CARTESIAN_POINT('Ctrl Pts',(3.23352636386025,3.30534855282913,11.4738032268438));
#10582=CARTESIAN_POINT('Ctrl Pts',(3.23497027392298,3.99947722755262,11.3449987189385));
#10583=CARTESIAN_POINT('Ctrl Pts',(3.2364609121536,4.69357635823623,11.2160142212078));
#10584=CARTESIAN_POINT('Ctrl Pts',(3.23800312686544,5.38764252739071,11.0868287660091));
#10585=CARTESIAN_POINT('',(3.60000000187314,3.57825542536601,10.9332918240814));
#10586=CARTESIAN_POINT('Ctrl Pts',(3.59999999999995,3.57825542796881,10.9332918372747));
#10587=CARTESIAN_POINT('Ctrl Pts',(3.59999976305256,3.46186690436099,10.9755454109802));
#10588=CARTESIAN_POINT('Ctrl Pts',(3.59870947977147,3.34511794116733,11.0183081063304));
#10589=CARTESIAN_POINT('Ctrl Pts',(3.5960058736717,3.22903627296063,11.0612523168211));
#10590=CARTESIAN_POINT('',(3.60000000000002,5.3,10.6143100633444));
#10591=CARTESIAN_POINT('Ctrl Pts',(3.60000000000002,3.57825542688254,10.9332918314048));
#10592=CARTESIAN_POINT('Ctrl Pts',(3.60000000000002,4.15219153212829,10.8270793006391));
#10593=CARTESIAN_POINT('Ctrl Pts',(3.60000000000002,4.72610703381945,10.7207554373035));
#10594=CARTESIAN_POINT('Ctrl Pts',(3.60000000000002,5.3,10.6143100633444));
#10595=CARTESIAN_POINT('',(3.23800312686544,5.38764252739071,11.0868287660091));
#10596=CARTESIAN_POINT('Origin',(3.10000000000002,5.3,10.6143100633444));
#10597=CARTESIAN_POINT('Ctrl Pts',(3.23800312686544,5.38764252739071,11.0868287660091));
#10598=CARTESIAN_POINT('Ctrl Pts',(3.2364609121536,4.69357635823623,11.2160142212078));
#10599=CARTESIAN_POINT('Ctrl Pts',(3.23497027392298,3.99947722755262,11.3449987189385));
#10600=CARTESIAN_POINT('Ctrl Pts',(3.23352636386025,3.30534855282913,11.4738032268438));
#10601=CARTESIAN_POINT('Ctrl Pts',(11.0612678870796,3.22903914611778,3.59610261682133));
#10602=CARTESIAN_POINT('Ctrl Pts',(11.163975456675,2.91126489579696,3.59067773186644));
#10603=CARTESIAN_POINT('Ctrl Pts',(11.37911672187,2.26807541972515,3.54938057872326));
#10604=CARTESIAN_POINT('Ctrl Pts',(11.6068498526796,1.64336970990024,3.43189115700442));
#10605=CARTESIAN_POINT('Ctrl Pts',(11.7326729435075,1.33268506567444,3.31975079622546));
#10606=CARTESIAN_POINT('Ctrl Pts',(11.1704968683566,3.2492439557415,3.5821514458814));
#10607=CARTESIAN_POINT('Ctrl Pts',(11.2638752113753,2.93053754126009,3.56791356832326));
#10608=CARTESIAN_POINT('Ctrl Pts',(11.457432651462,2.28581300088216,3.5131043334742));
#10609=CARTESIAN_POINT('Ctrl Pts',(11.659214743514,1.65999710782933,3.39211025831161));
#10610=CARTESIAN_POINT('Ctrl Pts',(11.7703204095607,1.34881053296926,3.28348216425072));
#10611=CARTESIAN_POINT('Ctrl Pts',(11.3526407494435,3.2829363183527,3.48997054206701));
#10612=CARTESIAN_POINT('Ctrl Pts',(11.4252731495203,2.96298594733716,3.47182163857286));
#10613=CARTESIAN_POINT('Ctrl Pts',(11.5766563740615,2.31610110445365,3.41454792609109));
#10614=CARTESIAN_POINT('Ctrl Pts',(11.7364037758713,1.68865143743915,3.30404149428951));
#10615=CARTESIAN_POINT('Ctrl Pts',(11.8252515152116,1.37673902072537,3.20854130444529));
#10616=CARTESIAN_POINT('Ctrl Pts',(11.4517539359383,3.30126994234908,3.31444285551821));
#10617=CARTESIAN_POINT('Ctrl Pts',(11.5125834164542,2.98280875386743,3.3079258743365));
#10618=CARTESIAN_POINT('Ctrl Pts',(11.6411085026035,2.33839825448923,3.27572957845708));
#10619=CARTESIAN_POINT('Ctrl Pts',(11.7790487527416,1.71271023827693,3.19523895889626));
#10620=CARTESIAN_POINT('Ctrl Pts',(11.855959209986,1.4015671022427,3.12052476021415));
#10621=CARTESIAN_POINT('Ctrl Pts',(11.4738032280574,3.30534854628908,3.23352636384657));
#10622=CARTESIAN_POINT('Ctrl Pts',(11.5326730668723,2.98809844507824,3.2328664275375));
#10623=CARTESIAN_POINT('Ctrl Pts',(11.6569946034443,2.34578566694915,3.21303323228393));
#10624=CARTESIAN_POINT('Ctrl Pts',(11.7902573455919,1.72171854455016,3.1467452176753));
#10625=CARTESIAN_POINT('Ctrl Pts',(11.8642882886172,1.41131853609838,3.08155076219961));
#10626=CARTESIAN_POINT('',(11.0612678871359,3.22903914594358,3.59610261681835));
#10627=CARTESIAN_POINT('Ctrl Pts',(11.8642882886172,1.41131853609838,3.08155076219961));
#10628=CARTESIAN_POINT('Ctrl Pts',(11.8612457620929,1.41131853609838,3.09326480314714));
#10629=CARTESIAN_POINT('Ctrl Pts',(11.8574203791477,1.4137317201511,3.10461007224614));
#10630=CARTESIAN_POINT('Ctrl Pts',(11.846144862228,1.42412391586814,3.13341397740306));
#10631=CARTESIAN_POINT('Ctrl Pts',(11.8377628369368,1.43504886065441,3.15029908438281));
#10632=CARTESIAN_POINT('Ctrl Pts',(11.8073638762129,1.47918815552823,3.20503042754461));
#10633=CARTESIAN_POINT('Ctrl Pts',(11.7812006926935,1.52645093603621,3.23875486565337));
#10634=CARTESIAN_POINT('Ctrl Pts',(11.6916130404774,1.69408552698536,3.34556256667402));
#10635=CARTESIAN_POINT('Ctrl Pts',(11.5849567259689,1.92008817249041,3.43311272308808));
#10636=CARTESIAN_POINT('Ctrl Pts',(11.3508661924753,2.4760147479166,3.54321279163531));
#10637=CARTESIAN_POINT('Ctrl Pts',(11.2544358088712,2.71868676015055,3.57039703666651));
#10638=CARTESIAN_POINT('Ctrl Pts',(11.1295831419294,3.04580511166153,3.59026878637193));
#10639=CARTESIAN_POINT('Ctrl Pts',(11.0952729231724,3.13713932345134,3.59400243785388));
#10640=CARTESIAN_POINT('Ctrl Pts',(11.0612678871359,3.22903914594358,3.59610261681835));
#10641=CARTESIAN_POINT('Origin',(11.0000000014427,3.21770601889838,3.09999999999995));
#10642=CARTESIAN_POINT('Origin',(3.10000000000002,5.3,6.24999999999997));
#10643=CARTESIAN_POINT('',(3.40000000000002,5.7,10.6143100633444));
#10644=CARTESIAN_POINT('Origin',(3.10000000000002,5.3,10.6143100633444));
#10645=CARTESIAN_POINT('',(3.60000000000002,5.3,3.69999999999995));
#10646=CARTESIAN_POINT('',(3.60000000000002,5.3,6.24999999999997));
#10647=CARTESIAN_POINT('',(3.40000000000002,5.7,3.69999999999995));
#10648=CARTESIAN_POINT('Origin',(3.10000000000002,5.3,3.69999999999995));
#10649=CARTESIAN_POINT('',(3.40000000000002,5.7,6.24999999999997));
#10650=CARTESIAN_POINT('Ctrl Pts',(3.60000000000002,5.3,3.69999999999995));
#10651=CARTESIAN_POINT('Ctrl Pts',(3.60000000000002,5.3,3.49810264620104));
#10652=CARTESIAN_POINT('Ctrl Pts',(3.60000000000002,5.32997526161963,3.29709101009125));
#10653=CARTESIAN_POINT('Ctrl Pts',(3.60000000000002,5.37374823939746,3.09999999999997));
#10654=CARTESIAN_POINT('Ctrl Pts',(3.60000000000002,5.37727460150014,3.69999999999995));
#10655=CARTESIAN_POINT('Ctrl Pts',(3.60007678145,5.38909353451729,3.50665782083147));
#10656=CARTESIAN_POINT('Ctrl Pts',(3.59975527499709,5.43023049235066,3.31292605603595));
#10657=CARTESIAN_POINT('Ctrl Pts',(3.60000000000002,5.48416516715962,3.12452307552223));
#10658=CARTESIAN_POINT('Ctrl Pts',(3.5635337624639,5.53176688123194,3.69999999999995));
#10659=CARTESIAN_POINT('Ctrl Pts',(3.55213222283951,5.56710347761681,3.52375100007415));
#10660=CARTESIAN_POINT('Ctrl Pts',(3.53758892625125,5.63087635338129,3.34468775168383));
#10661=CARTESIAN_POINT('Ctrl Pts',(3.52024728308864,5.70458347596435,3.17347693561289));
#10662=CARTESIAN_POINT('Ctrl Pts',(3.46181968120013,5.65363523909992,3.69999999999995));
#10663=CARTESIAN_POINT('Ctrl Pts',(3.42120420766935,5.69788110046919,3.53725630933727));
#10664=CARTESIAN_POINT('Ctrl Pts',(3.37045275602806,5.76159221310484,3.36652489036803));
#10665=CARTESIAN_POINT('Ctrl Pts',(3.31648378879945,5.82737560960598,3.20074848561762));
#10666=CARTESIAN_POINT('Ctrl Pts',(3.40000000000002,5.7,3.69999999999995));
#10667=CARTESIAN_POINT('Ctrl Pts',(3.34332705858279,5.74250470606293,3.54237838168316));
#10668=CARTESIAN_POINT('Ctrl Pts',(3.27480153378268,5.79829972121847,3.37334703882826));
#10669=CARTESIAN_POINT('Ctrl Pts',(3.2059446635905,5.85077177813889,3.20594466359044));
#10670=CARTESIAN_POINT('',(3.2059446635905,5.85077177813889,3.20594466359044));
#10671=CARTESIAN_POINT('Ctrl Pts',(3.2059446635905,5.85077177813889,3.20594466359044));
#10672=CARTESIAN_POINT('Ctrl Pts',(3.27480153378268,5.79829972121847,3.37334703882826));
#10673=CARTESIAN_POINT('Ctrl Pts',(3.34332705858279,5.74250470606293,3.54237838168316));
#10674=CARTESIAN_POINT('Ctrl Pts',(3.40000000000002,5.7,3.69999999999995));
#10675=CARTESIAN_POINT('',(3.6000000000002,5.30257179959459,3.59999999999995));
#10676=CARTESIAN_POINT('Ctrl Pts',(3.60000000000002,5.3,3.69999999999995));
#10677=CARTESIAN_POINT('Ctrl Pts',(3.60000000000002,5.3,3.66663476683505));
#10678=CARTESIAN_POINT('Ctrl Pts',(3.60000000000002,5.30081863452562,3.63329372291959));
#10679=CARTESIAN_POINT('Ctrl Pts',(3.60000000000002,5.30238289006449,3.5999905655921));
#10680=CARTESIAN_POINT('Ctrl Pts',(3.60000000000002,5.30257179959461,3.59999999999995));
#10681=CARTESIAN_POINT('Ctrl Pts',(3.60000000000002,5.35066601214777,3.59999999999995));
#10682=CARTESIAN_POINT('Ctrl Pts',(3.59309427129669,5.39757518183556,3.59309427129662));
#10683=CARTESIAN_POINT('Ctrl Pts',(3.5643062700025,5.49948029817997,3.56430627000243));
#10684=CARTESIAN_POINT('Ctrl Pts',(3.53941675922437,5.5510166820212,3.53941675922429));
#10685=CARTESIAN_POINT('Ctrl Pts',(3.45774066294295,5.67658836716521,3.45774066294288));
#10686=CARTESIAN_POINT('Ctrl Pts',(3.38707698814826,5.7439679213563,3.38707698814819));
#10687=CARTESIAN_POINT('Ctrl Pts',(3.27593468147004,5.81618208300996,3.27593468146996));
#10688=CARTESIAN_POINT('Ctrl Pts',(3.24278967167451,5.83419498636231,3.24278967167386));
#10689=CARTESIAN_POINT('Ctrl Pts',(3.20813023742645,5.84979770300571,3.20813023742646));
#10690=CARTESIAN_POINT('Ctrl Pts',(3.20703777695595,5.85028622755967,3.20703777695588));
#10691=CARTESIAN_POINT('Ctrl Pts',(3.2059446635905,5.85077177813889,3.20594466359044));
#10692=CARTESIAN_POINT('Ctrl Pts',(3.10000000000003,5.37374823939746,3.59999999999995));
#10693=CARTESIAN_POINT('Ctrl Pts',(3.29709101009131,5.32997526161963,3.59999999999995));
#10694=CARTESIAN_POINT('Ctrl Pts',(3.49810264620112,5.3,3.59999999999995));
#10695=CARTESIAN_POINT('Ctrl Pts',(3.70000000000002,5.3,3.59999999999995));
#10696=CARTESIAN_POINT('Ctrl Pts',(3.1245230755223,5.48416516715962,3.59999999999995));
#10697=CARTESIAN_POINT('Ctrl Pts',(3.31292605603601,5.43023049235066,3.59975527499701));
#10698=CARTESIAN_POINT('Ctrl Pts',(3.50665782083156,5.38909353451729,3.60007678144993));
#10699=CARTESIAN_POINT('Ctrl Pts',(3.70000000000002,5.37727460150013,3.59999999999995));
#10700=CARTESIAN_POINT('Ctrl Pts',(3.17347693561296,5.70458347596435,3.52024728308856));
#10701=CARTESIAN_POINT('Ctrl Pts',(3.3446877516839,5.6308763533813,3.53758892625118));
#10702=CARTESIAN_POINT('Ctrl Pts',(3.52375100007428,5.56710347761681,3.55213222283944));
#10703=CARTESIAN_POINT('Ctrl Pts',(3.70000000000002,5.53176688123194,3.56353376246383));
#10704=CARTESIAN_POINT('Ctrl Pts',(3.20074848561768,5.82737560960598,3.31648378879938));
#10705=CARTESIAN_POINT('Ctrl Pts',(3.36652489036809,5.76159221310485,3.37045275602799));
#10706=CARTESIAN_POINT('Ctrl Pts',(3.53725630933743,5.69788110046919,3.42120420766928));
#10707=CARTESIAN_POINT('Ctrl Pts',(3.70000000000002,5.65363523909992,3.46181968120006));
#10708=CARTESIAN_POINT('Ctrl Pts',(3.2059446635905,5.85077177813889,3.20594466359043));
#10709=CARTESIAN_POINT('Ctrl Pts',(3.37334703882832,5.79829972121848,3.2748015337826));
#10710=CARTESIAN_POINT('Ctrl Pts',(3.54237838168333,5.74250470606293,3.34332705858271));
#10711=CARTESIAN_POINT('Ctrl Pts',(3.70000000000002,5.7,3.39999999999995));
#10712=CARTESIAN_POINT('',(3.70000000000002,5.3,3.59999999999995));
#10713=CARTESIAN_POINT('Ctrl Pts',(3.59999056559235,5.30238289006448,3.59999999999995));
#10714=CARTESIAN_POINT('Ctrl Pts',(3.63329372291978,5.30081863452561,3.59999999999995));
#10715=CARTESIAN_POINT('Ctrl Pts',(3.66663476683519,5.3,3.59999999999995));
#10716=CARTESIAN_POINT('Ctrl Pts',(3.70000000000002,5.3,3.59999999999995));
#10717=CARTESIAN_POINT('',(3.70000000000002,5.7,3.39999999999995));
#10718=CARTESIAN_POINT('Origin',(3.70000000000002,5.3,3.09999999999995));
#10719=CARTESIAN_POINT('Ctrl Pts',(3.70000000000002,5.7,3.39999999999995));
#10720=CARTESIAN_POINT('Ctrl Pts',(3.54237838168333,5.74250470606293,3.34332705858271));
#10721=CARTESIAN_POINT('Ctrl Pts',(3.37334703882832,5.79829972121848,3.2748015337826));
#10722=CARTESIAN_POINT('Ctrl Pts',(3.2059446635905,5.85077177813889,3.20594466359043));
#10723=CARTESIAN_POINT('Origin',(2.00000000000002,5.3,3.09999999999995));
#10724=CARTESIAN_POINT('',(10.6143100633444,5.3,3.59999999999995));
#10725=CARTESIAN_POINT('',(10.6143100633444,5.7,3.39999999999996));
#10726=CARTESIAN_POINT('Origin',(10.6143100633444,5.3,3.09999999999995));
#10727=CARTESIAN_POINT('',(2.00000000000002,5.7,3.39999999999995));
#10728=CARTESIAN_POINT('',(2.00000000000002,5.3,3.59999999999995));
#10729=CARTESIAN_POINT('Origin',(10.6143100633444,5.3,3.09999999999995));
#10730=CARTESIAN_POINT('Origin',(10.6143100633444,5.3,3.09999999999995));
#10731=CARTESIAN_POINT('Origin',(10.6143100633444,5.3,3.09999999999995));
#10732=CARTESIAN_POINT('Ctrl Pts',(10.6143100633444,5.3,3.59999999999995));
#10733=CARTESIAN_POINT('Ctrl Pts',(10.7430451019558,4.60593382866571,3.59999999999995));
#10734=CARTESIAN_POINT('Ctrl Pts',(10.8716024132438,3.91183469580207,3.59999999999995));
#10735=CARTESIAN_POINT('Ctrl Pts',(11.0000000014427,3.21770601889838,3.59999999999995));
#10736=CARTESIAN_POINT('Ctrl Pts',(10.7201023392298,5.31962229724395,3.59999999999995));
#10737=CARTESIAN_POINT('Ctrl Pts',(10.8491046426248,4.62558698065633,3.60000475145719));
#10738=CARTESIAN_POINT('Ctrl Pts',(10.9779170206994,3.93151735569466,3.59999546322275));
#10739=CARTESIAN_POINT('Ctrl Pts',(11.106564129147,3.23741789285061,3.59999999999995));
#10740=CARTESIAN_POINT('Ctrl Pts',(10.9312856495284,5.35879246966871,3.52798605427655));
#10741=CARTESIAN_POINT('Ctrl Pts',(11.0608124315623,4.66481713675687,3.52761330264399));
#10742=CARTESIAN_POINT('Ctrl Pts',(11.1901392938209,3.97080727167788,3.52725732570057));
#10743=CARTESIAN_POINT('Ctrl Pts',(11.3192757697457,3.27676457674868,3.52690637208725));
#10744=CARTESIAN_POINT('Ctrl Pts',(11.0576294362683,5.38222665063881,3.34142028021936));
#10745=CARTESIAN_POINT('Ctrl Pts',(11.1870725717766,4.6882133614254,3.34023128156021));
#10746=CARTESIAN_POINT('Ctrl Pts',(11.3162944647163,3.99416315507064,3.33907815271576));
#10747=CARTESIAN_POINT('Ctrl Pts',(11.4453449870797,3.30008443658219,3.33796241584745));
#10748=CARTESIAN_POINT('Ctrl Pts',(11.0868287660091,5.38764252739071,3.23800312686536));
#10749=CARTESIAN_POINT('Ctrl Pts',(11.2160142216135,4.69357635605641,3.23646091214868));
#10750=CARTESIAN_POINT('Ctrl Pts',(11.3449987197487,3.99947722319278,3.23497027391354));
#10751=CARTESIAN_POINT('Ctrl Pts',(11.4738032280574,3.30534854628908,3.23352636384657));
#10752=CARTESIAN_POINT('',(10.9332918240814,3.57825542536603,3.60000000187307));
#10753=CARTESIAN_POINT('Ctrl Pts',(11.0612523192189,3.22903626664025,3.5960058735169));
#10754=CARTESIAN_POINT('Ctrl Pts',(11.0183081079197,3.34511793693758,3.5987094797223));
#10755=CARTESIAN_POINT('Ctrl Pts',(10.9755454117793,3.46186690215991,3.59999976305249));
#10756=CARTESIAN_POINT('Ctrl Pts',(10.9332918372747,3.57825542796883,3.59999999999988));
#10757=CARTESIAN_POINT('Ctrl Pts',(10.6143100633444,5.3,3.59999999999995));
#10758=CARTESIAN_POINT('Ctrl Pts',(10.7207554373035,4.72610703381945,3.59999999999995));
#10759=CARTESIAN_POINT('Ctrl Pts',(10.8270793006392,4.1521915321283,3.59999999999995));
#10760=CARTESIAN_POINT('Ctrl Pts',(10.9332918314049,3.57825542688256,3.59999999999995));
#10761=CARTESIAN_POINT('Origin',(3.10000000000002,5.3,10.6143100633444));
#10762=CARTESIAN_POINT('Origin',(3.10000000000002,5.3,10.6143100633444));
#10763=CARTESIAN_POINT('Origin',(3.60000000000002,2.32669096607829E-16,
3.59999999999995));
#10764=CARTESIAN_POINT('',(3.60000000000002,3.39445182749591,11.));
#10765=CARTESIAN_POINT('Ctrl Pts',(3.60000000000002,3.39445182749591,11.));
#10766=CARTESIAN_POINT('Ctrl Pts',(3.60000000187314,3.48663313640553,10.9665543333789));
#10767=CARTESIAN_POINT('Ctrl Pts',(3.60000000187314,3.57825542536601,10.9332918240814));
#10768=CARTESIAN_POINT('',(3.60000000000002,1.94347068254099E-16,11.));
#10769=CARTESIAN_POINT('',(3.60000000000002,1.94347068254099E-16,11.));
#10770=CARTESIAN_POINT('',(3.60000000000002,2.32669096607829E-16,3.59999999999995));
#10771=CARTESIAN_POINT('',(3.60000000000002,0.,1.79999999999996));
#10772=CARTESIAN_POINT('',(3.60000000000002,2.32669096607829E-16,3.59999999999995));
#10773=CARTESIAN_POINT('Origin',(2.50000000000002,1.17557215451228E-16,
11.));
#10774=CARTESIAN_POINT('',(3.22692936746736,1.41131853609837,11.8255747662771));
#10775=CARTESIAN_POINT('Ctrl Pts',(3.60000000000002,3.39445182749591,11.));
#10776=CARTESIAN_POINT('Ctrl Pts',(3.60000000000002,2.91782220328782,11.1729330169542));
#10777=CARTESIAN_POINT('Ctrl Pts',(3.55991790433497,2.43919209098473,11.3596972153048));
#10778=CARTESIAN_POINT('Ctrl Pts',(3.40930686509936,1.82198934742187,11.6270134272868));
#10779=CARTESIAN_POINT('Ctrl Pts',(3.33670105841069,1.59792911206267,11.7289193582841));
#10780=CARTESIAN_POINT('Ctrl Pts',(3.22692936746735,1.41131853609838,11.8255747662771));
#10781=CARTESIAN_POINT('',(2.50000000000002,1.12822794683223,12.1));
#10782=CARTESIAN_POINT('Ctrl Pts',(2.50000000000002,1.12822794683223,12.1));
#10783=CARTESIAN_POINT('Ctrl Pts',(2.51506905241009,1.11938572673696,12.1));
#10784=CARTESIAN_POINT('Ctrl Pts',(2.53049054633509,1.11114185122468,12.0996894216874));
#10785=CARTESIAN_POINT('Ctrl Pts',(2.60998227963706,1.07314689596744,12.0963494905641));
#10786=CARTESIAN_POINT('Ctrl Pts',(2.67862343676806,1.05587693398257,12.0874551816387));
#10787=CARTESIAN_POINT('Ctrl Pts',(2.80894299112772,1.05587693398257,12.0578371011024));
#10788=CARTESIAN_POINT('Ctrl Pts',(2.87468570053189,1.07314689596744,12.036189622179));
#10789=CARTESIAN_POINT('Ctrl Pts',(2.99207770146715,1.13414108560254,11.9858690329929));
#10790=CARTESIAN_POINT('Ctrl Pts',(3.04407317265177,1.17731393432392,11.9573373912521));
#10791=CARTESIAN_POINT('Ctrl Pts',(3.13968795169285,1.27703643280955,11.897082632407));
#10792=CARTESIAN_POINT('Ctrl Pts',(3.18589978021503,1.3415687231645,11.8617018538858));
#10793=CARTESIAN_POINT('Ctrl Pts',(3.22692936746735,1.41131853609838,11.8255747662771));
#10794=CARTESIAN_POINT('',(2.50000000000002,1.11860697722971E-16,12.1));
#10795=CARTESIAN_POINT('',(2.50000000000002,1.11860697722971E-16,12.1));
#10796=CARTESIAN_POINT('Origin',(2.50000000000002,0.,11.));
#10797=CARTESIAN_POINT('Origin',(3.94275134888461E-81,4.10220312104693,
0.));
#10798=CARTESIAN_POINT('',(-1.9614514257136,1.41131853609837,12.1));
#10799=CARTESIAN_POINT('Origin',(1.35646088155858E-81,1.41131853609837,
0.));
#10800=CARTESIAN_POINT('',(1.9614514257136,1.41131853609837,12.1));
#10801=CARTESIAN_POINT('Ctrl Pts',(1.96145142571359,1.41131853609837,12.1));
#10802=CARTESIAN_POINT('Ctrl Pts',(0.,3.17417108214788,12.1));
#10803=CARTESIAN_POINT('Ctrl Pts',(-1.96145142571359,1.41131853609837,12.1));
#10804=CARTESIAN_POINT('Origin',(1.35646088155858E-81,1.41131853609837,
0.));
#10805=CARTESIAN_POINT('',(2.61165238908178,5.58764252739071,11.2142955353483));
#10806=CARTESIAN_POINT('Ctrl Pts',(2.61165238908178,5.58764252739071,11.2142955353483));
#10807=CARTESIAN_POINT('Ctrl Pts',(2.83378495065484,5.58764252739071,11.1625639724252));
#10808=CARTESIAN_POINT('Ctrl Pts',(3.05719240283585,5.51767844823654,11.115517087669));
#10809=CARTESIAN_POINT('Ctrl Pts',(3.23800312686544,5.38764252739071,11.0868287660091));
#10810=CARTESIAN_POINT('',(0.72928361601192,5.58764252739071,11.4912705112596));
#10811=CARTESIAN_POINT('Origin',(-6.93889390390723E-16,5.58764252739071,
0.));
#10812=CARTESIAN_POINT('',(-0.72928361601192,5.58764252739071,11.4912705112596));
#10813=CARTESIAN_POINT('Ctrl Pts',(-0.72928361601192,5.58764252739071,11.4912705112596));
#10814=CARTESIAN_POINT('Ctrl Pts',(-0.243745967593772,5.58764252741047,
11.5220847412058));
#10815=CARTESIAN_POINT('Ctrl Pts',(0.243745967593772,5.58764252741047,11.5220847412058));
#10816=CARTESIAN_POINT('Ctrl Pts',(0.72928361601192,5.58764252739071,11.4912705112596));
#10817=CARTESIAN_POINT('',(-2.61165238908173,5.58764252739071,11.2142955353483));
#10818=CARTESIAN_POINT('Origin',(5.55111512312578E-16,5.58764252739071,
0.));
#10819=CARTESIAN_POINT('Ctrl Pts',(-3.2380031268654,5.3876425273907,11.0868287660091));
#10820=CARTESIAN_POINT('Ctrl Pts',(-3.0571924028358,5.51767844823654,11.115517087669));
#10821=CARTESIAN_POINT('Ctrl Pts',(-2.8337849506548,5.58764252739071,11.1625639724252));
#10822=CARTESIAN_POINT('Ctrl Pts',(-2.61165238908173,5.58764252739071,11.2142955353483));
#10823=CARTESIAN_POINT('Ctrl Pts',(2.61165238908178,5.58764252739071,11.2142955353483));
#10824=CARTESIAN_POINT('Ctrl Pts',(2.83378495065484,5.58764252739071,11.1625639724252));
#10825=CARTESIAN_POINT('Ctrl Pts',(3.05719240283585,5.51767844823654,11.115517087669));
#10826=CARTESIAN_POINT('Ctrl Pts',(3.23800312686544,5.38764252739071,11.0868287660091));
#10827=CARTESIAN_POINT('Ctrl Pts',(2.6070318983797,5.70205997997988,11.1944553956467));
#10828=CARTESIAN_POINT('Ctrl Pts',(2.85275924675393,5.69806406046063,11.1378644911654));
#10829=CARTESIAN_POINT('Ctrl Pts',(3.09742618983497,5.61640550414933,11.08654798203));
#10830=CARTESIAN_POINT('Ctrl Pts',(3.29486369085685,5.46995678327853,11.0549545460735));
#10831=CARTESIAN_POINT('Ctrl Pts',(2.57895989174187,5.91557722792391,11.0739157020707));
#10832=CARTESIAN_POINT('Ctrl Pts',(2.87139798568372,5.904929101697,11.014145907591));
#10833=CARTESIAN_POINT('Ctrl Pts',(3.158807309768,5.8007147873105,10.9598246291638));
#10834=CARTESIAN_POINT('Ctrl Pts',(3.3895421191942,5.62235626215813,10.9266687159128));
#10835=CARTESIAN_POINT('Ctrl Pts',(2.52635986683432,6.,10.8480540112323));
#10836=CARTESIAN_POINT('Ctrl Pts',(2.84260151148261,5.99429772796765,10.7950471483996));
#10837=CARTESIAN_POINT('Ctrl Pts',(3.15672008736346,5.88597883579014,10.7472962404464));
#10838=CARTESIAN_POINT('Ctrl Pts',(3.41020195385771,5.69234853460674,10.7185314698361));
#10839=CARTESIAN_POINT('Ctrl Pts',(2.50000000000002,6.,10.7348661543077));
#10840=CARTESIAN_POINT('Ctrl Pts',(2.8189540496972,6.,10.6853461998726));
#10841=CARTESIAN_POINT('Ctrl Pts',(3.13992815830837,5.89505388126874,10.6408285371111));
#10842=CARTESIAN_POINT('Ctrl Pts',(3.40000000000002,5.7,10.6143100633444));
#10843=CARTESIAN_POINT('Ctrl Pts',(3.40000000000002,5.7,10.6143100633444));
#10844=CARTESIAN_POINT('Ctrl Pts',(3.13992815830837,5.89505388126874,10.6408285371111));
#10845=CARTESIAN_POINT('Ctrl Pts',(2.8189540496972,6.,10.6853461998726));
#10846=CARTESIAN_POINT('Ctrl Pts',(2.50000000000002,6.,10.7348661543077));
#10847=CARTESIAN_POINT('Origin',(2.50000000000002,5.5,10.7348661543077));
#10848=CARTESIAN_POINT('Origin',(2.50000000000002,4.5,6.24999999999997));
#10849=CARTESIAN_POINT('Origin',(2.50000000000002,4.5,2.49999999999995));
#10850=CARTESIAN_POINT('Ctrl Pts',(11.0868287660091,5.3876425273907,3.23800312686537));
#10851=CARTESIAN_POINT('Ctrl Pts',(11.1155170876691,5.51767844823653,3.05719240283578));
#10852=CARTESIAN_POINT('Ctrl Pts',(11.1625639724252,5.58764252739071,2.83378495065477));
#10853=CARTESIAN_POINT('Ctrl Pts',(11.2142955353483,5.58764252739071,2.6116523890817));
#10854=CARTESIAN_POINT('Ctrl Pts',(11.0549545460735,5.46995678327852,3.29486369085678));
#10855=CARTESIAN_POINT('Ctrl Pts',(11.08654798203,5.61640550414933,3.0974261898349));
#10856=CARTESIAN_POINT('Ctrl Pts',(11.1378644911654,5.69806406046063,2.85275924675386));
#10857=CARTESIAN_POINT('Ctrl Pts',(11.1944553956467,5.70205997997988,2.60703189837962));
#10858=CARTESIAN_POINT('Ctrl Pts',(10.9266687159128,5.62235626215813,3.38954211919413));
#10859=CARTESIAN_POINT('Ctrl Pts',(10.9598246291638,5.80071478731051,3.15880730976792));
#10860=CARTESIAN_POINT('Ctrl Pts',(11.014145907591,5.904929101697,2.87139798568367));
#10861=CARTESIAN_POINT('Ctrl Pts',(11.0739157020707,5.91557722792391,2.5789598917418));
#10862=CARTESIAN_POINT('Ctrl Pts',(10.7185314698361,5.69234853460673,3.41020195385764));
#10863=CARTESIAN_POINT('Ctrl Pts',(10.7472962404464,5.88597883579015,3.15672008736338));
#10864=CARTESIAN_POINT('Ctrl Pts',(10.7950471483996,5.99429772796765,2.84260151148257));
#10865=CARTESIAN_POINT('Ctrl Pts',(10.8480540112324,6.,2.52635986683424));
#10866=CARTESIAN_POINT('Ctrl Pts',(10.6143100633444,5.7,3.39999999999996));
#10867=CARTESIAN_POINT('Ctrl Pts',(10.6408285371111,5.89505388126875,3.13992815830829));
#10868=CARTESIAN_POINT('Ctrl Pts',(10.6853461998726,6.,2.81895404969716));
#10869=CARTESIAN_POINT('Ctrl Pts',(10.7348661543078,6.,2.49999999999995));
#10870=CARTESIAN_POINT('Origin',(10.7348661543078,5.5,2.49999999999995));
#10871=CARTESIAN_POINT('Ctrl Pts',(10.7348661543078,6.,2.49999999999995));
#10872=CARTESIAN_POINT('Ctrl Pts',(10.6853461998726,6.,2.81895404969716));
#10873=CARTESIAN_POINT('Ctrl Pts',(10.6408285371111,5.89505388126875,3.13992815830829));
#10874=CARTESIAN_POINT('Ctrl Pts',(10.6143100633444,5.7,3.39999999999996));
#10875=CARTESIAN_POINT('Ctrl Pts',(11.4912705112597,5.58764252739071,0.72928361601145));
#10876=CARTESIAN_POINT('Ctrl Pts',(11.5220847412058,5.58764252741047,0.243745967593608));
#10877=CARTESIAN_POINT('Ctrl Pts',(11.5220847412058,5.58764252741047,-0.243745967593627));
#10878=CARTESIAN_POINT('Ctrl Pts',(11.4912705112597,5.58764252739071,-0.729283616011469));
#10879=CARTESIAN_POINT('Ctrl Pts',(11.4709403521617,5.70205998003475,0.727993379925819));
#10880=CARTESIAN_POINT('Ctrl Pts',(11.5020927523319,5.69962099857014,0.243092333961127));
#10881=CARTESIAN_POINT('Ctrl Pts',(11.5020927523319,5.69962099857014,-0.243092333961148));
#10882=CARTESIAN_POINT('Ctrl Pts',(11.4709403521617,5.70205998003475,-0.727993379925839));
#10883=CARTESIAN_POINT('Ctrl Pts',(11.3474318131117,5.91558714461399,0.720155016555706));
#10884=CARTESIAN_POINT('Ctrl Pts',(11.3828460686146,5.90908786891437,0.240364474437671));
#10885=CARTESIAN_POINT('Ctrl Pts',(11.3828460686146,5.90908786891437,-0.240364474437691));
#10886=CARTESIAN_POINT('Ctrl Pts',(11.3474318131117,5.91558714461399,-0.720155016555725));
#10887=CARTESIAN_POINT('Ctrl Pts',(11.1159834131143,6.00000000007772,0.705466342588509));
#10888=CARTESIAN_POINT('Ctrl Pts',(11.1580942809675,5.99651951561512,0.23566252611615));
#10889=CARTESIAN_POINT('Ctrl Pts',(11.1580942809675,5.99651951561512,-0.235662526116172));
#10890=CARTESIAN_POINT('Ctrl Pts',(11.1159834131143,6.00000000007772,-0.705466342588528));
#10891=CARTESIAN_POINT('Ctrl Pts',(10.9999999989948,6.,0.698105554801517));
#10892=CARTESIAN_POINT('Ctrl Pts',(11.0442453062113,6.00000000002965,0.233325430877147));
#10893=CARTESIAN_POINT('Ctrl Pts',(11.0442453062113,6.00000000002965,-0.233325430877169));
#10894=CARTESIAN_POINT('Ctrl Pts',(10.9999999989948,6.,-0.698105554801536));
#10895=CARTESIAN_POINT('Origin',(10.9999999993299,5.5,-0.698105554801536));
#10896=CARTESIAN_POINT('Ctrl Pts',(10.9999999989948,6.,-0.698105554801536));
#10897=CARTESIAN_POINT('Ctrl Pts',(11.0442453062113,6.00000000002965,-0.233325430877169));
#10898=CARTESIAN_POINT('Ctrl Pts',(11.0442453062113,6.00000000002965,0.233325430877147));
#10899=CARTESIAN_POINT('Ctrl Pts',(10.9999999989948,6.,0.698105554801517));
#10900=CARTESIAN_POINT('Origin',(10.9999999993299,5.5,0.698105554801516));
#10901=CARTESIAN_POINT('Origin',(5.28621615726602E-81,5.5,0.));
#10902=CARTESIAN_POINT('Origin',(5.28621615726602E-81,5.5,0.));
#10903=CARTESIAN_POINT('Origin',(11.,4.5,1.99999999999996));
#10904=CARTESIAN_POINT('Ctrl Pts',(3.23800312686545,5.3876425273907,-11.0868287660091));
#10905=CARTESIAN_POINT('Ctrl Pts',(3.05719240283585,5.51767844823654,-11.115517087669));
#10906=CARTESIAN_POINT('Ctrl Pts',(2.83378495065484,5.58764252739071,-11.1625639724252));
#10907=CARTESIAN_POINT('Ctrl Pts',(2.61165238908178,5.58764252739071,-11.2142955353483));
#10908=CARTESIAN_POINT('Ctrl Pts',(3.29486369085686,5.46995678327852,-11.0549545460735));
#10909=CARTESIAN_POINT('Ctrl Pts',(3.09742618983497,5.61640550414933,-11.08654798203));
#10910=CARTESIAN_POINT('Ctrl Pts',(2.85275924675394,5.69806406046063,-11.1378644911654));
#10911=CARTESIAN_POINT('Ctrl Pts',(2.6070318983797,5.70205997997988,-11.1944553956467));
#10912=CARTESIAN_POINT('Ctrl Pts',(3.38954211919421,5.62235626215813,-10.9266687159128));
#10913=CARTESIAN_POINT('Ctrl Pts',(3.158807309768,5.80071478731051,-10.9598246291638));
#10914=CARTESIAN_POINT('Ctrl Pts',(2.87139798568374,5.904929101697,-11.014145907591));
#10915=CARTESIAN_POINT('Ctrl Pts',(2.57895989174187,5.91557722792391,-11.0739157020707));
#10916=CARTESIAN_POINT('Ctrl Pts',(3.41020195385771,5.69234853460673,-10.7185314698361));
#10917=CARTESIAN_POINT('Ctrl Pts',(3.15672008736345,5.88597883579015,-10.7472962404464));
#10918=CARTESIAN_POINT('Ctrl Pts',(2.84260151148264,5.99429772796765,-10.7950471483996));
#10919=CARTESIAN_POINT('Ctrl Pts',(2.52635986683431,6.,-10.8480540112323));
#10920=CARTESIAN_POINT('Ctrl Pts',(3.40000000000003,5.69999999999999,-10.6143100633444));
#10921=CARTESIAN_POINT('Ctrl Pts',(3.13992815830837,5.89505388126874,-10.6408285371111));
#10922=CARTESIAN_POINT('Ctrl Pts',(2.81895404969723,6.,-10.6853461998726));
#10923=CARTESIAN_POINT('Ctrl Pts',(2.50000000000002,6.,-10.7348661543077));
#10924=CARTESIAN_POINT('Origin',(2.50000000000002,5.5,-10.7348661543077));
#10925=CARTESIAN_POINT('Ctrl Pts',(2.50000000000002,6.,-10.7348661543077));
#10926=CARTESIAN_POINT('Ctrl Pts',(2.81895404969723,6.,-10.6853461998726));
#10927=CARTESIAN_POINT('Ctrl Pts',(3.13992815830837,5.89505388126874,-10.6408285371111));
#10928=CARTESIAN_POINT('Ctrl Pts',(3.40000000000003,5.69999999999999,-10.6143100633444));
#10929=CARTESIAN_POINT('Ctrl Pts',(0.729283616011024,5.58764252739071,-11.4912705112597));
#10930=CARTESIAN_POINT('Ctrl Pts',(0.243745967593473,5.58764252741047,-11.5220847412058));
#10931=CARTESIAN_POINT('Ctrl Pts',(-0.243745967593468,5.58764252741047,
-11.5220847412058));
#10932=CARTESIAN_POINT('Ctrl Pts',(-0.729283616011019,5.58764252739071,
-11.4912705112597));
#10933=CARTESIAN_POINT('Ctrl Pts',(0.727993379925394,5.70205998003475,-11.4709403521617));
#10934=CARTESIAN_POINT('Ctrl Pts',(0.243092333960993,5.69962099857014,-11.5020927523319));
#10935=CARTESIAN_POINT('Ctrl Pts',(-0.243092333960987,5.69962099857014,
-11.5020927523319));
#10936=CARTESIAN_POINT('Ctrl Pts',(-0.72799337992539,5.70205998003475,-11.4709403521617));
#10937=CARTESIAN_POINT('Ctrl Pts',(0.720155016555285,5.91558714461399,-11.3474318131118));
#10938=CARTESIAN_POINT('Ctrl Pts',(0.240364474437536,5.90908786891437,-11.3828460686146));
#10939=CARTESIAN_POINT('Ctrl Pts',(-0.240364474437531,5.90908786891437,
-11.3828460686146));
#10940=CARTESIAN_POINT('Ctrl Pts',(-0.720155016555281,5.91558714461399,
-11.3474318131118));
#10941=CARTESIAN_POINT('Ctrl Pts',(0.705466342588097,6.00000000007773,-11.1159834131143));
#10942=CARTESIAN_POINT('Ctrl Pts',(0.235662526116017,5.99651951561512,-11.1580942809675));
#10943=CARTESIAN_POINT('Ctrl Pts',(-0.235662526116012,5.99651951561512,
-11.1580942809675));
#10944=CARTESIAN_POINT('Ctrl Pts',(-0.705466342588092,6.00000000007773,
-11.1159834131143));
#10945=CARTESIAN_POINT('Ctrl Pts',(0.698105554801109,6.,-10.9999999989948));
#10946=CARTESIAN_POINT('Ctrl Pts',(0.233325430877015,6.00000000002965,-11.0442453062112));
#10947=CARTESIAN_POINT('Ctrl Pts',(-0.233325430877011,6.00000000002965,
-11.0442453062112));
#10948=CARTESIAN_POINT('Ctrl Pts',(-0.698105554801105,6.,-10.9999999989948));
#10949=CARTESIAN_POINT('Origin',(-0.698105554801105,5.5,-10.9999999993299));
#10950=CARTESIAN_POINT('Ctrl Pts',(-0.698105554801105,6.,-10.9999999989948));
#10951=CARTESIAN_POINT('Ctrl Pts',(-0.233325430877011,6.00000000002965,
-11.0442453062112));
#10952=CARTESIAN_POINT('Ctrl Pts',(0.233325430877015,6.00000000002965,-11.0442453062112));
#10953=CARTESIAN_POINT('Ctrl Pts',(0.698105554801109,6.,-10.9999999989948));
#10954=CARTESIAN_POINT('Origin',(0.698105554801109,5.5,-10.9999999993299));
#10955=CARTESIAN_POINT('Origin',(5.28621615726602E-81,5.5,0.));
#10956=CARTESIAN_POINT('Origin',(5.28621615726602E-81,5.5,0.));
#10957=CARTESIAN_POINT('Origin',(2.00000000000002,4.5,-11.));
#10958=CARTESIAN_POINT('Ctrl Pts',(-11.0868287660091,5.3876425273907,-3.23800312686542));
#10959=CARTESIAN_POINT('Ctrl Pts',(-11.115517087669,5.51767844823653,-3.05719240283583));
#10960=CARTESIAN_POINT('Ctrl Pts',(-11.1625639724252,5.58764252739071,-2.83378495065482));
#10961=CARTESIAN_POINT('Ctrl Pts',(-11.2142955353483,5.58764252739071,-2.61165238908176));
#10962=CARTESIAN_POINT('Ctrl Pts',(-11.0549545460735,5.46995678327852,-3.29486369085683));
#10963=CARTESIAN_POINT('Ctrl Pts',(-11.08654798203,5.61640550414933,-3.09742618983495));
#10964=CARTESIAN_POINT('Ctrl Pts',(-11.1378644911654,5.69806406046063,-2.85275924675392));
#10965=CARTESIAN_POINT('Ctrl Pts',(-11.1944553956467,5.70205997997988,-2.60703189837968));
#10966=CARTESIAN_POINT('Ctrl Pts',(-10.9266687159128,5.62235626215813,-3.38954211919419));
#10967=CARTESIAN_POINT('Ctrl Pts',(-10.9598246291638,5.80071478731051,-3.15880730976798));
#10968=CARTESIAN_POINT('Ctrl Pts',(-11.014145907591,5.90492910169699,-2.87139798568375));
#10969=CARTESIAN_POINT('Ctrl Pts',(-11.0739157020707,5.91557722792391,-2.57895989174185));
#10970=CARTESIAN_POINT('Ctrl Pts',(-10.7185314698361,5.69234853460673,-3.41020195385769));
#10971=CARTESIAN_POINT('Ctrl Pts',(-10.7472962404464,5.88597883579015,-3.15672008736343));
#10972=CARTESIAN_POINT('Ctrl Pts',(-10.7950471483996,5.99429772796764,-2.84260151148266));
#10973=CARTESIAN_POINT('Ctrl Pts',(-10.8480540112323,6.,-2.52635986683429));
#10974=CARTESIAN_POINT('Ctrl Pts',(-10.6143100633444,5.69999999999999,-3.40000000000001));
#10975=CARTESIAN_POINT('Ctrl Pts',(-10.6408285371111,5.89505388126875,-3.13992815830834));
#10976=CARTESIAN_POINT('Ctrl Pts',(-10.6853461998726,6.,-2.81895404969725));
#10977=CARTESIAN_POINT('Ctrl Pts',(-10.7348661543077,6.,-2.5));
#10978=CARTESIAN_POINT('Origin',(-10.7348661543077,5.5,-2.5));
#10979=CARTESIAN_POINT('Ctrl Pts',(-10.7348661543077,6.,-2.5));
#10980=CARTESIAN_POINT('Ctrl Pts',(-10.6853461998726,6.,-2.81895404969725));
#10981=CARTESIAN_POINT('Ctrl Pts',(-10.6408285371111,5.89505388126875,-3.13992815830834));
#10982=CARTESIAN_POINT('Ctrl Pts',(-10.6143100633444,5.69999999999999,-3.40000000000001));
#10983=CARTESIAN_POINT('Ctrl Pts',(-11.4912705112596,5.58764252739071,-0.729283616012263));
#10984=CARTESIAN_POINT('Ctrl Pts',(-11.5220847412058,5.58764252741047,-0.243745967593883));
#10985=CARTESIAN_POINT('Ctrl Pts',(-11.5220847412058,5.58764252741047,0.243745967593895));
#10986=CARTESIAN_POINT('Ctrl Pts',(-11.4912705112596,5.58764252739071,0.729283616012275));
#10987=CARTESIAN_POINT('Ctrl Pts',(-11.4709403521616,5.70205998003475,-0.72799337992663));
#10988=CARTESIAN_POINT('Ctrl Pts',(-11.5020927523319,5.69962099857013,-0.243092333961402));
#10989=CARTESIAN_POINT('Ctrl Pts',(-11.5020927523319,5.69962099857013,0.243092333961415));
#10990=CARTESIAN_POINT('Ctrl Pts',(-11.4709403521616,5.70205998003475,0.727993379926643));
#10991=CARTESIAN_POINT('Ctrl Pts',(-11.3474318131117,5.91558714461399,-0.720155016556508));
#10992=CARTESIAN_POINT('Ctrl Pts',(-11.3828460686146,5.90908786891435,-0.240364474437939));
#10993=CARTESIAN_POINT('Ctrl Pts',(-11.3828460686146,5.90908786891435,0.240364474437949));
#10994=CARTESIAN_POINT('Ctrl Pts',(-11.3474318131117,5.91558714461399,0.720155016556521));
#10995=CARTESIAN_POINT('Ctrl Pts',(-11.1159834131143,6.00000000007772,-0.705466342589295));
#10996=CARTESIAN_POINT('Ctrl Pts',(-11.1580942809676,5.99651951561511,-0.235662526116415));
#10997=CARTESIAN_POINT('Ctrl Pts',(-11.1580942809676,5.99651951561511,0.235662526116426));
#10998=CARTESIAN_POINT('Ctrl Pts',(-11.1159834131142,6.00000000007773,0.705466342589308));
#10999=CARTESIAN_POINT('Ctrl Pts',(-10.9999999989948,6.,-0.698105554802295));
#11000=CARTESIAN_POINT('Ctrl Pts',(-11.0442453062113,6.00000000002965,-0.233325430877409));
#11001=CARTESIAN_POINT('Ctrl Pts',(-11.0442453062113,6.00000000002965,0.23332543087742));
#11002=CARTESIAN_POINT('Ctrl Pts',(-10.9999999989948,6.,0.698105554802307));
#11003=CARTESIAN_POINT('Origin',(-10.9999999993298,5.5,0.698105554802307));
#11004=CARTESIAN_POINT('Ctrl Pts',(-10.9999999989948,6.,0.698105554802307));
#11005=CARTESIAN_POINT('Ctrl Pts',(-11.0442453062113,6.00000000002965,0.23332543087742));
#11006=CARTESIAN_POINT('Ctrl Pts',(-11.0442453062113,6.00000000002965,-0.233325430877409));
#11007=CARTESIAN_POINT('Ctrl Pts',(-10.9999999989948,6.,-0.698105554802295));
#11008=CARTESIAN_POINT('Origin',(-10.9999999993298,5.5,-0.698105554802294));
#11009=CARTESIAN_POINT('Origin',(5.28621615726602E-81,5.5,0.));
#11010=CARTESIAN_POINT('Origin',(5.28621615726602E-81,5.5,0.));
#11011=CARTESIAN_POINT('Origin',(-11.,-7.5495189682812E-16,-2.5));
#11012=CARTESIAN_POINT('',(-11.8255747662771,1.41131853609837,-3.22692936746728));
#11013=CARTESIAN_POINT('',(-11.,3.39445182749599,-3.6));
#11014=CARTESIAN_POINT('Ctrl Pts',(-11.8255747662771,1.41131853609837,-3.22692936746728));
#11015=CARTESIAN_POINT('Ctrl Pts',(-11.7289193582841,1.59792911206268,-3.33670105841064));
#11016=CARTESIAN_POINT('Ctrl Pts',(-11.6270134272868,1.82198934742191,-3.40930686509933));
#11017=CARTESIAN_POINT('Ctrl Pts',(-11.3596972153048,2.4391920909848,-3.55991790433495));
#11018=CARTESIAN_POINT('Ctrl Pts',(-11.1729330169542,2.9178222032879,-3.6));
#11019=CARTESIAN_POINT('Ctrl Pts',(-11.,3.39445182749599,-3.6));
#11020=CARTESIAN_POINT('',(-11.,-7.49255379099863E-16,-3.6));
#11021=CARTESIAN_POINT('',(-11.,-7.49255379099863E-16,-3.6));
#11022=CARTESIAN_POINT('',(-12.1,-8.31741749630991E-16,-2.5));
#11023=CARTESIAN_POINT('Origin',(-11.,0.,-2.5));
#11024=CARTESIAN_POINT('',(-12.1,1.12822794683229,-2.5));
#11025=CARTESIAN_POINT('',(-12.1,-8.31741749630991E-16,-2.5));
#11026=CARTESIAN_POINT('Ctrl Pts',(-11.8255747662771,1.41131853609837,-3.22692936746728));
#11027=CARTESIAN_POINT('Ctrl Pts',(-11.8617018538858,1.34156872316452,-3.18589978021497));
#11028=CARTESIAN_POINT('Ctrl Pts',(-11.897082632407,1.27703643280959,-3.13968795169281));
#11029=CARTESIAN_POINT('Ctrl Pts',(-11.9573373912521,1.17731393432399,-3.04407317265175));
#11030=CARTESIAN_POINT('Ctrl Pts',(-11.9858690329929,1.13414108560261,-2.99207770146713));
#11031=CARTESIAN_POINT('Ctrl Pts',(-12.0361896221789,1.0731468959675,-2.87468570053187));
#11032=CARTESIAN_POINT('Ctrl Pts',(-12.0578371011024,1.05587693398264,-2.8089429911277));
#11033=CARTESIAN_POINT('Ctrl Pts',(-12.0874551816387,1.05587693398264,-2.67862343676804));
#11034=CARTESIAN_POINT('Ctrl Pts',(-12.0963494905641,1.0731468959675,-2.60998227963703));
#11035=CARTESIAN_POINT('Ctrl Pts',(-12.0996894216874,1.11114185122474,-2.53049054633507));
#11036=CARTESIAN_POINT('Ctrl Pts',(-12.1,1.11938572673703,-2.51506905241006));
#11037=CARTESIAN_POINT('Ctrl Pts',(-12.1,1.12822794683229,-2.5));
#11038=CARTESIAN_POINT('Origin',(-11.,-7.49255379099863E-16,-3.6));
#11039=CARTESIAN_POINT('',(-5.49999999999996,0.,-3.6));
#11040=CARTESIAN_POINT('Ctrl Pts',(-10.9332918240814,3.57825542536602,-3.60000000187312));
#11041=CARTESIAN_POINT('Ctrl Pts',(-10.9665543401362,3.48663313885871,-3.6000000000059));
#11042=CARTESIAN_POINT('Ctrl Pts',(-11.,3.39445182749599,-3.6));
#11043=CARTESIAN_POINT('Origin',(-1.99999999999998,4.5,-2.5));
#11044=CARTESIAN_POINT('Origin',(-2.49999999999998,4.5,-2.5));
#11045=CARTESIAN_POINT('Origin',(-11.,4.5,-2.00000000000002));
#11046=CARTESIAN_POINT('Ctrl Pts',(-3.2380031268654,5.3876425273907,11.0868287660091));
#11047=CARTESIAN_POINT('Ctrl Pts',(-3.0571924028358,5.51767844823654,11.115517087669));
#11048=CARTESIAN_POINT('Ctrl Pts',(-2.8337849506548,5.58764252739071,11.1625639724252));
#11049=CARTESIAN_POINT('Ctrl Pts',(-2.61165238908173,5.58764252739071,11.2142955353483));
#11050=CARTESIAN_POINT('Ctrl Pts',(-3.29486369085681,5.46995678327852,11.0549545460735));
#11051=CARTESIAN_POINT('Ctrl Pts',(-3.09742618983492,5.61640550414933,11.08654798203));
#11052=CARTESIAN_POINT('Ctrl Pts',(-2.85275924675389,5.69806406046063,11.1378644911654));
#11053=CARTESIAN_POINT('Ctrl Pts',(-2.60703189837965,5.70205997997988,11.1944553956467));
#11054=CARTESIAN_POINT('Ctrl Pts',(-3.38954211919416,5.62235626215813,10.9266687159128));
#11055=CARTESIAN_POINT('Ctrl Pts',(-3.15880730976795,5.80071478731051,10.9598246291638));
#11056=CARTESIAN_POINT('Ctrl Pts',(-2.87139798568371,5.904929101697,11.014145907591));
#11057=CARTESIAN_POINT('Ctrl Pts',(-2.57895989174182,5.91557722792391,11.0739157020707));
#11058=CARTESIAN_POINT('Ctrl Pts',(-3.41020195385767,5.69234853460673,10.7185314698361));
#11059=CARTESIAN_POINT('Ctrl Pts',(-3.15672008736341,5.88597883579015,10.7472962404464));
#11060=CARTESIAN_POINT('Ctrl Pts',(-2.84260151148261,5.99429772796765,10.7950471483996));
#11061=CARTESIAN_POINT('Ctrl Pts',(-2.52635986683427,6.,10.8480540112323));
#11062=CARTESIAN_POINT('Ctrl Pts',(-3.39999999999998,5.69999999999999,10.6143100633444));
#11063=CARTESIAN_POINT('Ctrl Pts',(-3.13992815830832,5.89505388126874,10.6408285371111));
#11064=CARTESIAN_POINT('Ctrl Pts',(-2.8189540496972,6.,10.6853461998726));
#11065=CARTESIAN_POINT('Ctrl Pts',(-2.49999999999997,6.,10.7348661543077));
#11066=CARTESIAN_POINT('Origin',(-2.49999999999998,5.5,10.7348661543077));
#11067=CARTESIAN_POINT('Ctrl Pts',(-2.49999999999997,6.,10.7348661543077));
#11068=CARTESIAN_POINT('Ctrl Pts',(-2.8189540496972,6.,10.6853461998726));
#11069=CARTESIAN_POINT('Ctrl Pts',(-3.13992815830832,5.89505388126874,10.6408285371111));
#11070=CARTESIAN_POINT('Ctrl Pts',(-3.39999999999998,5.69999999999999,10.6143100633444));
#11071=CARTESIAN_POINT('Ctrl Pts',(-0.72928361601192,5.58764252739071,11.4912705112596));
#11072=CARTESIAN_POINT('Ctrl Pts',(-0.243745967593772,5.58764252741047,
11.5220847412058));
#11073=CARTESIAN_POINT('Ctrl Pts',(0.243745967593772,5.58764252741047,11.5220847412058));
#11074=CARTESIAN_POINT('Ctrl Pts',(0.72928361601192,5.58764252739071,11.4912705112596));
#11075=CARTESIAN_POINT('Ctrl Pts',(-0.727993379926288,5.70205998003475,
11.4709403521617));
#11076=CARTESIAN_POINT('Ctrl Pts',(-0.243092333961291,5.69962099857014,
11.5020927523319));
#11077=CARTESIAN_POINT('Ctrl Pts',(0.243092333961291,5.69962099857014,11.5020927523319));
#11078=CARTESIAN_POINT('Ctrl Pts',(0.727993379926288,5.70205998003475,11.4709403521617));
#11079=CARTESIAN_POINT('Ctrl Pts',(-0.72015501655617,5.91558714461399,11.3474318131117));
#11080=CARTESIAN_POINT('Ctrl Pts',(-0.240364474437831,5.90908786891436,
11.3828460686146));
#11081=CARTESIAN_POINT('Ctrl Pts',(0.24036447443783,5.90908786891436,11.3828460686146));
#11082=CARTESIAN_POINT('Ctrl Pts',(0.72015501655617,5.91558714461399,11.3474318131117));
#11083=CARTESIAN_POINT('Ctrl Pts',(-0.705466342588963,6.00000000007773,
11.1159834131143));
#11084=CARTESIAN_POINT('Ctrl Pts',(-0.235662526116307,5.99651951561511,
11.1580942809675));
#11085=CARTESIAN_POINT('Ctrl Pts',(0.235662526116307,5.99651951561511,11.1580942809675));
#11086=CARTESIAN_POINT('Ctrl Pts',(0.705466342588963,6.00000000007773,11.1159834131143));
#11087=CARTESIAN_POINT('Ctrl Pts',(-0.698105554801967,6.,10.9999999989948));
#11088=CARTESIAN_POINT('Ctrl Pts',(-0.233325430877303,6.00000000002965,
11.0442453062113));
#11089=CARTESIAN_POINT('Ctrl Pts',(0.233325430877302,6.00000000002965,11.0442453062113));
#11090=CARTESIAN_POINT('Ctrl Pts',(0.698105554801967,6.,10.9999999989948));
#11091=CARTESIAN_POINT('Origin',(0.698105554801966,5.5,10.9999999993298));
#11092=CARTESIAN_POINT('Ctrl Pts',(0.698105554801967,6.,10.9999999989948));
#11093=CARTESIAN_POINT('Ctrl Pts',(0.233325430877302,6.00000000002965,11.0442453062113));
#11094=CARTESIAN_POINT('Ctrl Pts',(-0.233325430877303,6.00000000002965,
11.0442453062113));
#11095=CARTESIAN_POINT('Ctrl Pts',(-0.698105554801967,6.,10.9999999989948));
#11096=CARTESIAN_POINT('Origin',(-0.698105554801966,5.5,10.9999999993298));
#11097=CARTESIAN_POINT('Origin',(5.28621615726602E-81,5.5,0.));
#11098=CARTESIAN_POINT('Origin',(5.28621615726602E-81,5.5,0.));
#11099=CARTESIAN_POINT('Origin',(-2.49999999999998,-2.31487570016367E-16,
11.));
#11100=CARTESIAN_POINT('',(-3.22692936746731,1.41131853609837,11.8255747662771));
#11101=CARTESIAN_POINT('',(-3.59999999999998,3.39445182749594,11.));
#11102=CARTESIAN_POINT('Ctrl Pts',(-3.22692936746729,1.41131853609839,11.8255747662771));
#11103=CARTESIAN_POINT('Ctrl Pts',(-3.33670105841063,1.59792911206268,11.7289193582841));
#11104=CARTESIAN_POINT('Ctrl Pts',(-3.40930686509931,1.82198934742189,11.6270134272868));
#11105=CARTESIAN_POINT('Ctrl Pts',(-3.55991790433492,2.43919209098476,11.3596972153048));
#11106=CARTESIAN_POINT('Ctrl Pts',(-3.59999999999998,2.91782220328786,11.1729330169542));
#11107=CARTESIAN_POINT('Ctrl Pts',(-3.59999999999998,3.39445182749594,11.));
#11108=CARTESIAN_POINT('',(-3.59999999999998,-3.08277422819238E-16,11.));
#11109=CARTESIAN_POINT('',(-3.59999999999998,-3.08277422819238E-16,11.));
#11110=CARTESIAN_POINT('',(-2.49999999999998,-2.37184087744624E-16,12.1));
#11111=CARTESIAN_POINT('Origin',(-2.49999999999998,0.,11.));
#11112=CARTESIAN_POINT('',(-2.49999999999998,1.12822794683225,12.1));
#11113=CARTESIAN_POINT('',(-2.49999999999998,-2.37184087744624E-16,12.1));
#11114=CARTESIAN_POINT('Ctrl Pts',(-3.22692936746729,1.41131853609839,11.8255747662771));
#11115=CARTESIAN_POINT('Ctrl Pts',(-3.18589978021497,1.34156872316452,11.8617018538858));
#11116=CARTESIAN_POINT('Ctrl Pts',(-3.1396879516928,1.27703643280957,11.897082632407));
#11117=CARTESIAN_POINT('Ctrl Pts',(-3.04407317265172,1.17731393432395,11.9573373912521));
#11118=CARTESIAN_POINT('Ctrl Pts',(-2.9920777014671,1.13414108560256,11.9858690329929));
#11119=CARTESIAN_POINT('Ctrl Pts',(-2.87468570053184,1.07314689596746,12.036189622179));
#11120=CARTESIAN_POINT('Ctrl Pts',(-2.80894299112767,1.0558769339826,12.0578371011024));
#11121=CARTESIAN_POINT('Ctrl Pts',(-2.67862343676801,1.0558769339826,12.0874551816387));
#11122=CARTESIAN_POINT('Ctrl Pts',(-2.60998227963701,1.07314689596746,12.0963494905641));
#11123=CARTESIAN_POINT('Ctrl Pts',(-2.53049054633504,1.1111418512247,12.0996894216874));
#11124=CARTESIAN_POINT('Ctrl Pts',(-2.51506905241004,1.11938572673699,12.1));
#11125=CARTESIAN_POINT('Ctrl Pts',(-2.49999999999998,1.12822794683225,12.1));
#11126=CARTESIAN_POINT('Origin',(-3.59999999999998,-3.08277422819238E-16,
11.));
#11127=CARTESIAN_POINT('',(-3.59999999999998,0.,5.49999999999997));
#11128=CARTESIAN_POINT('Ctrl Pts',(-3.60000000187309,3.57825542536602,10.9332918240814));
#11129=CARTESIAN_POINT('Ctrl Pts',(-3.60000000000587,3.48663313885873,10.9665543401362));
#11130=CARTESIAN_POINT('Ctrl Pts',(-3.59999999999998,3.39445182749594,11.));
#11131=CARTESIAN_POINT('Origin',(-2.49999999999998,4.5,1.99999999999996));
#11132=CARTESIAN_POINT('Origin',(-2.49999999999998,4.5,2.49999999999995));
#11133=CARTESIAN_POINT('Origin',(-1.99999999999998,4.5,11.));
#11134=CARTESIAN_POINT('Origin',(6.88783520557502E-82,0.716639132862389,
0.));
#11135=CARTESIAN_POINT('',(2.50000000000002,1.12822794683207,-12.1));
#11136=CARTESIAN_POINT('Ctrl Pts',(1.96145142571328,1.41131853609837,-12.1));
#11137=CARTESIAN_POINT('Ctrl Pts',(2.22965776830497,1.28685938885267,-12.1));
#11138=CARTESIAN_POINT('Ctrl Pts',(2.50000000000002,1.12822794683207,-12.1));
#11139=CARTESIAN_POINT('',(3.60000000000002,3.39445182749576,-11.));
#11140=CARTESIAN_POINT('Ctrl Pts',(3.60000000187314,3.57825542536601,-10.9332918240814));
#11141=CARTESIAN_POINT('Ctrl Pts',(3.60000000000592,3.48663313885864,-10.9665543401362));
#11142=CARTESIAN_POINT('Ctrl Pts',(3.60000000000002,3.39445182749576,-11.));
#11143=CARTESIAN_POINT('',(3.22692936746745,1.41131853609837,-11.8255747662771));
#11144=CARTESIAN_POINT('Ctrl Pts',(3.22692936746744,1.41131853609838,-11.8255747662771));
#11145=CARTESIAN_POINT('Ctrl Pts',(3.33670105841072,1.59792911206264,-11.7289193582841));
#11146=CARTESIAN_POINT('Ctrl Pts',(3.40930686509937,1.82198934742177,-11.6270134272868));
#11147=CARTESIAN_POINT('Ctrl Pts',(3.55991790433497,2.43919209098458,-11.3596972153048));
#11148=CARTESIAN_POINT('Ctrl Pts',(3.60000000000002,2.91782220328767,-11.1729330169543));
#11149=CARTESIAN_POINT('Ctrl Pts',(3.60000000000002,3.39445182749576,-11.));
#11150=CARTESIAN_POINT('Ctrl Pts',(3.22692936746744,1.41131853609838,-11.8255747662771));
#11151=CARTESIAN_POINT('Ctrl Pts',(3.1858997802151,1.34156872316444,-11.8617018538858));
#11152=CARTESIAN_POINT('Ctrl Pts',(3.13968795169289,1.27703643280944,-11.897082632407));
#11153=CARTESIAN_POINT('Ctrl Pts',(3.04407317265177,1.17731393432378,-11.9573373912522));
#11154=CARTESIAN_POINT('Ctrl Pts',(2.99207770146715,1.13414108560239,-11.985869032993));
#11155=CARTESIAN_POINT('Ctrl Pts',(2.8746857005319,1.07314689596728,-12.036189622179));
#11156=CARTESIAN_POINT('Ctrl Pts',(2.80894299112772,1.05587693398243,-12.0578371011025));
#11157=CARTESIAN_POINT('Ctrl Pts',(2.67862343676806,1.05587693398243,-12.0874551816388));
#11158=CARTESIAN_POINT('Ctrl Pts',(2.60998227963706,1.07314689596728,-12.0963494905642));
#11159=CARTESIAN_POINT('Ctrl Pts',(2.53049054633509,1.11114185122452,-12.0996894216874));
#11160=CARTESIAN_POINT('Ctrl Pts',(2.51506905241008,1.11938572673681,-12.1));
#11161=CARTESIAN_POINT('Ctrl Pts',(2.50000000000002,1.12822794683207,-12.1));
#11162=CARTESIAN_POINT('Origin',(6.88783520557502E-82,0.716639132862389,
0.));
#11163=CARTESIAN_POINT('',(12.1,1.12822794683219,2.49999999999995));
#11164=CARTESIAN_POINT('Ctrl Pts',(12.1,1.41131853609837,1.96145142571343));
#11165=CARTESIAN_POINT('Ctrl Pts',(12.1,1.28685938885271,2.22965776830502));
#11166=CARTESIAN_POINT('Ctrl Pts',(12.1,1.12822794683219,2.49999999999995));
#11167=CARTESIAN_POINT('',(11.,3.3944518274959,3.59999999999995));
#11168=CARTESIAN_POINT('Ctrl Pts',(10.9332918240814,3.57825542536603,3.60000000187307));
#11169=CARTESIAN_POINT('Ctrl Pts',(10.9665543401362,3.48663313885868,3.60000000000584));
#11170=CARTESIAN_POINT('Ctrl Pts',(11.,3.3944518274959,3.59999999999995));
#11171=CARTESIAN_POINT('',(11.8255747662771,1.41131853609837,3.22692936746728));
#11172=CARTESIAN_POINT('Ctrl Pts',(11.8255747662771,1.41131853609837,3.22692936746729));
#11173=CARTESIAN_POINT('Ctrl Pts',(11.7289193582841,1.59792911206266,3.33670105841062));
#11174=CARTESIAN_POINT('Ctrl Pts',(11.6270134272868,1.82198934742185,3.40930686509929));
#11175=CARTESIAN_POINT('Ctrl Pts',(11.3596972153048,2.43919209098471,3.55991790433489));
#11176=CARTESIAN_POINT('Ctrl Pts',(11.1729330169543,2.91782220328781,3.59999999999995));
#11177=CARTESIAN_POINT('Ctrl Pts',(11.,3.3944518274959,3.59999999999995));
#11178=CARTESIAN_POINT('Ctrl Pts',(11.8255747662771,1.41131853609837,3.22692936746729));
#11179=CARTESIAN_POINT('Ctrl Pts',(11.8617018538858,1.34156872316448,3.18589978021496));
#11180=CARTESIAN_POINT('Ctrl Pts',(11.897082632407,1.27703643280952,3.13968795169278));
#11181=CARTESIAN_POINT('Ctrl Pts',(11.9573373912522,1.17731393432389,3.0440731726517));
#11182=CARTESIAN_POINT('Ctrl Pts',(11.9858690329929,1.13414108560251,2.99207770146707));
#11183=CARTESIAN_POINT('Ctrl Pts',(12.036189622179,1.07314689596741,2.87468570053182));
#11184=CARTESIAN_POINT('Ctrl Pts',(12.0578371011025,1.05587693398254,2.80894299112764));
#11185=CARTESIAN_POINT('Ctrl Pts',(12.0874551816388,1.05587693398254,2.67862343676798));
#11186=CARTESIAN_POINT('Ctrl Pts',(12.0963494905642,1.0731468959674,2.60998227963698));
#11187=CARTESIAN_POINT('Ctrl Pts',(12.0996894216874,1.11114185122464,2.53049054633501));
#11188=CARTESIAN_POINT('Ctrl Pts',(12.1,1.11938572673692,2.51506905241001));
#11189=CARTESIAN_POINT('Ctrl Pts',(12.1,1.12822794683219,2.49999999999995));
#11190=CARTESIAN_POINT('Origin',(6.88783520557502E-82,0.716639132862389,
0.));
#11191=CARTESIAN_POINT('Ctrl Pts',(-2.49999999999998,1.1282279468321,-12.1));
#11192=CARTESIAN_POINT('Ctrl Pts',(-2.22965776830495,1.28685938885268,-12.1));
#11193=CARTESIAN_POINT('Ctrl Pts',(-1.96145142571328,1.41131853609837,-12.1));
#11194=CARTESIAN_POINT('Origin',(6.88783520557502E-82,0.716639132862389,
0.));
#11195=CARTESIAN_POINT('Ctrl Pts',(12.1,1.12822794683215,-2.5));
#11196=CARTESIAN_POINT('Ctrl Pts',(12.1,1.2868593888527,-2.22965776830504));
#11197=CARTESIAN_POINT('Ctrl Pts',(12.1,1.41131853609837,-1.96145142571343));
#11198=CARTESIAN_POINT('Origin',(6.88783520557502E-82,0.716639132862389,
0.));
#11199=CARTESIAN_POINT('Ctrl Pts',(2.50000000000002,1.12822794683223,12.1));
#11200=CARTESIAN_POINT('Ctrl Pts',(2.22965776830516,1.28685938885272,12.1));
#11201=CARTESIAN_POINT('Ctrl Pts',(1.9614514257136,1.41131853609837,12.1));
#11202=CARTESIAN_POINT('Origin',(6.88783520557502E-82,0.716639132862389,
0.));
#11203=CARTESIAN_POINT('Ctrl Pts',(-1.9614514257136,1.41131853609837,12.1));
#11204=CARTESIAN_POINT('Ctrl Pts',(-2.22965776830513,1.28685938885273,12.1));
#11205=CARTESIAN_POINT('Ctrl Pts',(-2.49999999999998,1.12822794683225,12.1));
#11206=CARTESIAN_POINT('Origin',(6.88783520557502E-82,0.716639132862389,
0.));
#11207=CARTESIAN_POINT('Ctrl Pts',(-12.1,1.12822794683233,2.49999999999995));
#11208=CARTESIAN_POINT('Ctrl Pts',(-12.1,1.28685938885278,2.22965776830516));
#11209=CARTESIAN_POINT('Ctrl Pts',(-12.1,1.41131853609837,1.96145142571372));
#11210=CARTESIAN_POINT('Origin',(6.88783520557502E-82,0.716639132862389,
0.));
#11211=CARTESIAN_POINT('Ctrl Pts',(-12.1,1.41131853609837,-1.96145142571372));
#11212=CARTESIAN_POINT('Ctrl Pts',(-12.1,1.28685938885276,-2.22965776830518));
#11213=CARTESIAN_POINT('Ctrl Pts',(-12.1,1.12822794683229,-2.5));
#11214=CARTESIAN_POINT('Origin',(12.1,8.57635012032163E-16,-2.5));
#11215=CARTESIAN_POINT('',(12.1,8.31741749630995E-16,2.49999999999995));
#11216=CARTESIAN_POINT('',(12.1,8.31741749630995E-16,2.49999999999995));
#11217=CARTESIAN_POINT('',(12.1,0.,-1.25000000000001));
#11218=CARTESIAN_POINT('Origin',(11.,7.54951896828124E-16,2.49999999999995));
#11219=CARTESIAN_POINT('',(11.,7.49255379099867E-16,3.59999999999995));
#11220=CARTESIAN_POINT('',(11.,7.49255379099867E-16,3.59999999999995));
#11221=CARTESIAN_POINT('Origin',(11.,0.,2.49999999999995));
#11222=CARTESIAN_POINT('Origin',(11.,7.49255379099867E-16,3.59999999999995));
#11223=CARTESIAN_POINT('',(5.50000000000001,0.,3.59999999999995));
#11224=CARTESIAN_POINT('Origin',(2.00000000000002,4.5,2.49999999999995));
#11225=CARTESIAN_POINT('Origin',(2.50000000000002,4.5,2.49999999999995));
#11226=CARTESIAN_POINT('Origin',(-2.49999999999998,-1.11860697722967E-16,
-12.1));
#11227=CARTESIAN_POINT('',(2.50000000000002,2.37184087744627E-16,-12.1));
#11228=CARTESIAN_POINT('',(2.50000000000002,2.37184087744627E-16,-12.1));
#11229=CARTESIAN_POINT('',(-1.24999999999998,0.,-12.1));
#11230=CARTESIAN_POINT('Origin',(2.50000000000002,2.3148757001637E-16,-11.));
#11231=CARTESIAN_POINT('',(3.60000000000002,3.08277422819241E-16,-11.));
#11232=CARTESIAN_POINT('',(3.60000000000002,3.08277422819241E-16,-11.));
#11233=CARTESIAN_POINT('Origin',(2.50000000000002,0.,-11.));
#11234=CARTESIAN_POINT('Origin',(3.60000000000002,3.08277422819241E-16,
-11.));
#11235=CARTESIAN_POINT('',(3.60000000000002,0.,-5.50000000000003));
#11236=CARTESIAN_POINT('Origin',(2.50000000000002,4.5,-2.00000000000001));
#11237=CARTESIAN_POINT('Origin',(2.50000000000002,4.5,-2.5));
#11238=CARTESIAN_POINT('Origin',(-12.1,-8.5763501203216E-16,2.49999999999995));
#11239=CARTESIAN_POINT('',(-12.1,0.,1.24999999999996));
#11240=CARTESIAN_POINT('Origin',(2.50000000000002,1.11860697722971E-16,
12.1));
#11241=CARTESIAN_POINT('',(1.25000000000002,0.,12.1));
#11242=CARTESIAN_POINT('Ctrl Pts',(-2.49999999999998,6.,-2.5));
#11243=CARTESIAN_POINT('Ctrl Pts',(-2.9290007391955,6.,-2.82175055439664));
#11244=CARTESIAN_POINT('Ctrl Pts',(-3.35679940864356,5.89305033263799,-3.14259955648269));
#11245=CARTESIAN_POINT('Ctrl Pts',(-3.69999999999998,5.7,-3.4));
#11246=CARTESIAN_POINT('Ctrl Pts',(-2.49999999999998,6.,-2.5));
#11247=CARTESIAN_POINT('Ctrl Pts',(-2.89325067759587,6.,-2.85750061599627));
#11248=CARTESIAN_POINT('Ctrl Pts',(-3.28517609436133,5.86619161439747,-3.21268262973755));
#11249=CARTESIAN_POINT('Ctrl Pts',(-3.58595436270968,5.64525809410066,-3.47298920786579));
#11250=CARTESIAN_POINT('Ctrl Pts',(-2.49999999999998,6.,-2.5));
#11251=CARTESIAN_POINT('Ctrl Pts',(-2.85750061599625,6.,-2.8932506775959));
#11252=CARTESIAN_POINT('Ctrl Pts',(-3.21268262973753,5.86619161439747,-3.28517609436135));
#11253=CARTESIAN_POINT('Ctrl Pts',(-3.47298920786576,5.64525809410066,-3.58595436270971));
#11254=CARTESIAN_POINT('Ctrl Pts',(-2.49999999999998,6.,-2.5));
#11255=CARTESIAN_POINT('Ctrl Pts',(-2.82175055439662,6.,-2.92900073919552));
#11256=CARTESIAN_POINT('Ctrl Pts',(-3.14259955648266,5.89305033263799,-3.35679940864358));
#11257=CARTESIAN_POINT('Ctrl Pts',(-3.39999999999998,5.7,-3.7));
#11258=CARTESIAN_POINT('Ctrl Pts',(-2.49999999999998,6.,2.49999999999995));
#11259=CARTESIAN_POINT('Ctrl Pts',(-2.82175055439662,6.,2.92900073919547));
#11260=CARTESIAN_POINT('Ctrl Pts',(-3.14259955648266,5.89305033263799,3.35679940864353));
#11261=CARTESIAN_POINT('Ctrl Pts',(-3.39999999999998,5.7,3.69999999999995));
#11262=CARTESIAN_POINT('Ctrl Pts',(-2.49999999999998,6.,2.49999999999995));
#11263=CARTESIAN_POINT('Ctrl Pts',(-2.85750061599625,6.,2.89325067759585));
#11264=CARTESIAN_POINT('Ctrl Pts',(-3.21268262973753,5.86619161439747,3.2851760943613));
#11265=CARTESIAN_POINT('Ctrl Pts',(-3.47298920786576,5.64525809410066,3.58595436270966));
#11266=CARTESIAN_POINT('Ctrl Pts',(-2.49999999999998,6.,2.49999999999995));
#11267=CARTESIAN_POINT('Ctrl Pts',(-2.89325067759587,6.,2.85750061599622));
#11268=CARTESIAN_POINT('Ctrl Pts',(-3.28517609436133,5.86619161439747,3.2126826297375));
#11269=CARTESIAN_POINT('Ctrl Pts',(-3.58595436270969,5.64525809410066,3.47298920786574));
#11270=CARTESIAN_POINT('Ctrl Pts',(-2.49999999999998,6.,2.49999999999995));
#11271=CARTESIAN_POINT('Ctrl Pts',(-2.9290007391955,6.,2.82175055439659));
#11272=CARTESIAN_POINT('Ctrl Pts',(-3.35679940864356,5.89305033263799,3.14259955648264));
#11273=CARTESIAN_POINT('Ctrl Pts',(-3.69999999999998,5.7,3.39999999999995));
#11274=CARTESIAN_POINT('Origin',(4.00000005960464,2.2,-5.17865248023373E-19));
#11275=CARTESIAN_POINT('',(3.10000005960464,2.3,1.10218211923262E-16));
#11276=CARTESIAN_POINT('Origin',(4.00000005960464,2.3,0.));
#11277=CARTESIAN_POINT('',(2.90000005960465,2.1,-1.35746878402256E-16));
#11278=CARTESIAN_POINT('',(3.00000005960464,2.2,1.21946814666712E-16));
#11279=CARTESIAN_POINT('Origin',(4.00000005960464,2.1,-1.03573049604675E-18));
#11280=CARTESIAN_POINT('Origin',(2.66453525910038E-14,2.1,-2.66453525910038E-14));
#11281=CARTESIAN_POINT('',(2.60000000000002,2.1,10.4));
#11282=CARTESIAN_POINT('',(2.60000000000002,2.1,2.89999999999995));
#11283=CARTESIAN_POINT('',(2.60000000000002,2.1,2.89999999999995));
#11284=CARTESIAN_POINT('',(1.90000000000002,2.1,11.1));
#11285=CARTESIAN_POINT('Origin',(1.90000000000002,2.1,10.4));
#11286=CARTESIAN_POINT('',(-1.89999999999998,2.1,11.1));
#11287=CARTESIAN_POINT('',(1.90000000000002,2.1,11.1));
#11288=CARTESIAN_POINT('',(-2.59999999999998,2.1,10.4));
#11289=CARTESIAN_POINT('Origin',(-1.89999999999998,2.1,10.4));
#11290=CARTESIAN_POINT('',(-2.59999999999998,2.1,2.89999999999995));
#11291=CARTESIAN_POINT('',(-2.59999999999998,2.1,10.4));
#11292=CARTESIAN_POINT('',(-2.89999999999998,2.1,2.59999999999995));
#11293=CARTESIAN_POINT('Origin',(-2.89999999999998,2.1,2.89999999999995));
#11294=CARTESIAN_POINT('',(-10.4,2.1,2.59999999999995));
#11295=CARTESIAN_POINT('',(-2.89999999999998,2.1,2.59999999999995));
#11296=CARTESIAN_POINT('',(-11.0999999999999,2.1,1.89999999999995));
#11297=CARTESIAN_POINT('Origin',(-10.4,2.1,1.89999999999995));
#11298=CARTESIAN_POINT('',(-11.0999999999999,2.1,-1.9));
#11299=CARTESIAN_POINT('',(-11.1,2.1,1.89999999999995));
#11300=CARTESIAN_POINT('',(-10.4,2.1,-2.6));
#11301=CARTESIAN_POINT('Origin',(-10.4,2.1,-1.9));
#11302=CARTESIAN_POINT('',(-2.89999999999998,2.1,-2.6));
#11303=CARTESIAN_POINT('',(-10.4,2.1,-2.6));
#11304=CARTESIAN_POINT('',(-2.59999999999998,2.1,-2.9));
#11305=CARTESIAN_POINT('Origin',(-2.89999999999998,2.1,-2.9));
#11306=CARTESIAN_POINT('',(-2.59999999999998,2.1,-10.4));
#11307=CARTESIAN_POINT('',(-2.59999999999998,2.1,-2.9));
#11308=CARTESIAN_POINT('',(-1.89999999999998,2.1,-11.1));
#11309=CARTESIAN_POINT('Origin',(-1.89999999999998,2.1,-10.4));
#11310=CARTESIAN_POINT('',(1.90000000000002,2.1,-11.1));
#11311=CARTESIAN_POINT('',(-1.89999999999998,2.1,-11.1));
#11312=CARTESIAN_POINT('',(2.60000000000002,2.1,-10.4));
#11313=CARTESIAN_POINT('Origin',(1.90000000000002,2.1,-10.4));
#11314=CARTESIAN_POINT('',(2.60000000000002,2.1,-2.9));
#11315=CARTESIAN_POINT('',(2.60000000000002,2.1,-10.4));
#11316=CARTESIAN_POINT('',(2.90000000000002,2.1,-2.6));
#11317=CARTESIAN_POINT('Origin',(2.90000000000002,2.1,-2.9));
#11318=CARTESIAN_POINT('',(10.4,2.1,-2.6));
#11319=CARTESIAN_POINT('',(2.90000000000002,2.1,-2.6));
#11320=CARTESIAN_POINT('',(11.1,2.1,-1.9));
#11321=CARTESIAN_POINT('Origin',(10.4,2.1,-1.9));
#11322=CARTESIAN_POINT('',(11.1,2.1,1.89999999999995));
#11323=CARTESIAN_POINT('',(11.1,2.1,-1.9));
#11324=CARTESIAN_POINT('',(10.4,2.1,2.59999999999995));
#11325=CARTESIAN_POINT('Origin',(10.4,2.1,1.89999999999995));
#11326=CARTESIAN_POINT('',(2.90000000000002,2.1,2.59999999999995));
#11327=CARTESIAN_POINT('',(10.4,2.1,2.59999999999995));
#11328=CARTESIAN_POINT('Origin',(2.90000000000002,2.1,2.89999999999995));
#11329=CARTESIAN_POINT('',(-1.1,2.1,-4.00000005960464));
#11330=CARTESIAN_POINT('Origin',(-1.68399913819612E-15,2.1,-4.00000005960464));
#11331=CARTESIAN_POINT('',(-5.10000005960465,2.1,3.26017498082739E-15));
#11332=CARTESIAN_POINT('Origin',(-4.00000005960464,2.1,3.3948861287336E-15));
#11333=CARTESIAN_POINT('',(10.9,2.1,-1.9));
#11334=CARTESIAN_POINT('',(10.9,2.1,1.89999999999995));
#11335=CARTESIAN_POINT('',(10.9,2.1,1.19999999999996));
#11336=CARTESIAN_POINT('',(10.4,2.1,-2.4));
#11337=CARTESIAN_POINT('Origin',(10.4,2.1,-1.9));
#11338=CARTESIAN_POINT('',(5.55000005960465,2.1,-2.4));
#11339=CARTESIAN_POINT('',(5.45000000000002,2.1,-2.4));
#11340=CARTESIAN_POINT('',(5.55000005960464,2.1,2.39999999999995));
#11341=CARTESIAN_POINT('',(5.55000005960464,2.1,-0.600000000000019));
#11342=CARTESIAN_POINT('',(10.4,2.1,2.39999999999995));
#11343=CARTESIAN_POINT('',(1.20000000000003,2.1,2.39999999999995));
#11344=CARTESIAN_POINT('Origin',(10.4,2.1,1.89999999999995));
#11345=CARTESIAN_POINT('',(1.90000000000002,2.1,-10.9));
#11346=CARTESIAN_POINT('',(2.40000000000002,2.1,-10.4));
#11347=CARTESIAN_POINT('Origin',(1.90000000000002,2.1,-10.4));
#11348=CARTESIAN_POINT('',(-1.89999999999998,2.1,-10.9));
#11349=CARTESIAN_POINT('',(1.20000000000003,2.1,-10.9));
#11350=CARTESIAN_POINT('',(-2.39999999999998,2.1,-10.4));
#11351=CARTESIAN_POINT('Origin',(-1.89999999999998,2.1,-10.4));
#11352=CARTESIAN_POINT('',(-2.39999999999998,2.1,-5.55000005960464));
#11353=CARTESIAN_POINT('',(-2.39999999999998,2.1,-5.45000000000003));
#11354=CARTESIAN_POINT('',(2.40000000000002,2.1,-5.55000005960464));
#11355=CARTESIAN_POINT('',(-0.599999999999993,2.1,-5.55000005960464));
#11356=CARTESIAN_POINT('',(2.40000000000002,2.1,-1.20000000000001));
#11357=CARTESIAN_POINT('',(1.90000000000002,2.1,10.9));
#11358=CARTESIAN_POINT('',(-1.89999999999998,2.1,10.9));
#11359=CARTESIAN_POINT('',(-1.19999999999998,2.1,10.9));
#11360=CARTESIAN_POINT('',(2.40000000000002,2.1,10.4));
#11361=CARTESIAN_POINT('Origin',(1.90000000000002,2.1,10.4));
#11362=CARTESIAN_POINT('',(2.40000000000002,2.1,5.55000005960465));
#11363=CARTESIAN_POINT('',(2.40000000000002,2.1,5.44999999999997));
#11364=CARTESIAN_POINT('',(-2.39999999999998,2.1,5.55000005960465));
#11365=CARTESIAN_POINT('',(0.600000000000019,2.1,5.55000005960465));
#11366=CARTESIAN_POINT('',(-2.39999999999998,2.1,10.4));
#11367=CARTESIAN_POINT('',(-2.39999999999998,2.1,1.19999999999996));
#11368=CARTESIAN_POINT('Origin',(-1.89999999999998,2.1,10.4));
#11369=CARTESIAN_POINT('',(-10.9,2.1,1.89999999999995));
#11370=CARTESIAN_POINT('',(-10.9,2.1,-1.9));
#11371=CARTESIAN_POINT('',(-10.9,2.1,-1.20000000000002));
#11372=CARTESIAN_POINT('',(-10.4,2.1,2.39999999999995));
#11373=CARTESIAN_POINT('Origin',(-10.4,2.1,1.89999999999995));
#11374=CARTESIAN_POINT('',(-5.55000005960464,2.1,2.39999999999995));
#11375=CARTESIAN_POINT('',(-5.44999999999996,2.1,2.39999999999995));
#11376=CARTESIAN_POINT('',(-5.55000005960464,2.1,-2.4));
#11377=CARTESIAN_POINT('',(-5.55000005960464,2.1,0.599999999999993));
#11378=CARTESIAN_POINT('',(-10.4,2.1,-2.4));
#11379=CARTESIAN_POINT('',(-1.19999999999998,2.1,-2.4));
#11380=CARTESIAN_POINT('Origin',(-10.4,2.1,-1.9));
#11381=CARTESIAN_POINT('',(-1.1,2.1,4.00000005960465));
#11382=CARTESIAN_POINT('Origin',(1.22206399407512E-15,2.1,4.00000005960465));
#11383=CARTESIAN_POINT('',(-2.88383299710975E-16,2.1,2.49782500715755));
#11384=CARTESIAN_POINT('Origin',(1.75120402735952E-17,2.1,5.1786524802337E-19));
#11385=CARTESIAN_POINT('Origin',(4.00000005960464,3.,0.));
#11386=CARTESIAN_POINT('',(3.10000005960464,5.3,-1.10218211923262E-16));
#11387=CARTESIAN_POINT('',(3.10000005960464,3.,-1.10218211923262E-16));
#11388=CARTESIAN_POINT('Origin',(4.00000005960464,5.3,0.));
#11389=CARTESIAN_POINT('Origin',(-1.69098003390547E-15,2.2,-4.00000005960464));
#11390=CARTESIAN_POINT('',(-0.900000000000002,2.3,-4.00000005960464));
#11391=CARTESIAN_POINT('Origin',(-1.69796092961482E-15,2.3,-4.00000005960464));
#11392=CARTESIAN_POINT('',(-1.,2.2,-4.00000005960464));
#11393=CARTESIAN_POINT('Origin',(-1.69796092961482E-15,3.,-4.00000005960464));
#11394=CARTESIAN_POINT('',(-0.900000000000002,5.3,-4.00000005960464));
#11395=CARTESIAN_POINT('',(-0.900000000000002,3.,-4.00000005960464));
#11396=CARTESIAN_POINT('Origin',(-1.69796092961482E-15,5.3,-4.00000005960464));
#11397=CARTESIAN_POINT('Origin',(1.05575373658366E-17,2.19962192814945,
1.03377259332019E-18));
#11398=CARTESIAN_POINT('',(2.82877631907102E-16,2.2992438562989,2.28045014810365));
#11399=CARTESIAN_POINT('Origin',(3.60303445807799E-18,2.2992438562989,1.54967993861701E-18));
#11400=CARTESIAN_POINT('',(3.03142506082634E-16,2.19962192814945,2.3891375776306));
#11401=CARTESIAN_POINT('Origin',(2.44929359829471E-17,2.,0.));
#11402=CARTESIAN_POINT('',(1.74605105298303E-16,3.94615387961533,1.22575888345823));
#11403=CARTESIAN_POINT('Origin',(2.44929359829471E-17,3.94615387961533,
0.));
#11404=CARTESIAN_POINT('Origin',(2.44929359829471E-17,2.,0.));
#11405=CARTESIAN_POINT('Origin',(-4.00000005960464,2.2,3.39540399398162E-15));
#11406=CARTESIAN_POINT('',(-4.90000005960465,2.3,3.5061400711529E-15));
#11407=CARTESIAN_POINT('Origin',(-4.00000005960464,2.3,3.39592185922964E-15));
#11408=CARTESIAN_POINT('',(-5.00000005960465,2.2,3.51786867389636E-15));
#11409=CARTESIAN_POINT('Origin',(-4.00000005960464,3.,3.39592185922964E-15));
#11410=CARTESIAN_POINT('',(-4.90000005960465,5.3,3.28570364730638E-15));
#11411=CARTESIAN_POINT('',(-4.90000005960465,3.,3.28570364730638E-15));
#11412=CARTESIAN_POINT('Origin',(-4.00000005960464,5.3,3.39592185922964E-15));
#11413=CARTESIAN_POINT('Origin',(1.21508309836577E-15,2.2,4.00000005960465));
#11414=CARTESIAN_POINT('',(-0.899999999999999,2.3,4.00000005960465));
#11415=CARTESIAN_POINT('Origin',(1.20810220265642E-15,2.3,4.00000005960465));
#11416=CARTESIAN_POINT('',(-0.999999999999999,2.2,4.00000005960465));
#11417=CARTESIAN_POINT('Origin',(1.20810220265642E-15,3.,4.00000005960465));
#11418=CARTESIAN_POINT('',(-0.899999999999999,5.3,4.00000005960465));
#11419=CARTESIAN_POINT('',(-0.899999999999999,3.,4.00000005960465));
#11420=CARTESIAN_POINT('Origin',(1.20810220265642E-15,5.3,4.00000005960465));
#11421=CARTESIAN_POINT('Origin',(6.10000005960464,2.65,-1.20000000000001));
#11422=CARTESIAN_POINT('',(6.95000005960464,3.5,-2.4));
#11423=CARTESIAN_POINT('',(7.38750004470348,3.93749998509884,-2.4));
#11424=CARTESIAN_POINT('',(6.95000005960464,3.5,2.39999999999995));
#11425=CARTESIAN_POINT('',(6.95000005960464,3.5,-1.20000000000001));
#11426=CARTESIAN_POINT('',(5.26250004470349,1.81249998509885,2.39999999999995));
#11427=CARTESIAN_POINT('Origin',(10.9,3.,-2.4));
#11428=CARTESIAN_POINT('',(10.4,3.5,-2.4));
#11429=CARTESIAN_POINT('',(10.4,3.,-2.4));
#11430=CARTESIAN_POINT('',(5.45,3.5,-2.4));
#11431=CARTESIAN_POINT('Origin',(10.4,3.,-1.9));
#11432=CARTESIAN_POINT('',(10.9,3.5,-1.9));
#11433=CARTESIAN_POINT('',(10.9,3.,-1.9));
#11434=CARTESIAN_POINT('Origin',(10.4,3.5,-1.9));
#11435=CARTESIAN_POINT('Origin',(-2.39999999999998,3.,-10.9));
#11436=CARTESIAN_POINT('',(-2.39999999999998,3.5,-10.4));
#11437=CARTESIAN_POINT('',(-2.39999999999998,3.,-10.4));
#11438=CARTESIAN_POINT('',(-2.39999999999998,3.5,-6.95000005960464));
#11439=CARTESIAN_POINT('',(-2.39999999999998,3.5,-5.45000000000001));
#11440=CARTESIAN_POINT('',(-2.39999999999998,3.93749998509885,-7.38750004470349));
#11441=CARTESIAN_POINT('Origin',(-1.89999999999998,3.,-10.4));
#11442=CARTESIAN_POINT('',(-1.89999999999998,3.5,-10.9));
#11443=CARTESIAN_POINT('',(-1.89999999999998,3.,-10.9));
#11444=CARTESIAN_POINT('Origin',(-1.89999999999998,3.5,-10.4));
#11445=CARTESIAN_POINT('Origin',(2.40000000000002,3.,-10.9));
#11446=CARTESIAN_POINT('',(1.90000000000002,3.5,-10.9));
#11447=CARTESIAN_POINT('',(1.90000000000002,3.,-10.9));
#11448=CARTESIAN_POINT('',(1.20000000000001,3.5,-10.9));
#11449=CARTESIAN_POINT('Origin',(1.20000000000001,2.65,6.10000005960465));
#11450=CARTESIAN_POINT('',(2.40000000000002,3.5,6.95000005960465));
#11451=CARTESIAN_POINT('',(2.40000000000002,3.93749998509883,7.38750004470348));
#11452=CARTESIAN_POINT('',(-2.40000000000001,3.5,6.95000005960465));
#11453=CARTESIAN_POINT('',(1.20000000000001,3.5,6.95000005960465));
#11454=CARTESIAN_POINT('',(-2.39999999999998,1.81249998509883,5.26250004470347));
#11455=CARTESIAN_POINT('Origin',(2.40000000000002,3.,10.9));
#11456=CARTESIAN_POINT('',(2.40000000000002,3.5,10.4));
#11457=CARTESIAN_POINT('',(2.40000000000002,3.,10.4));
#11458=CARTESIAN_POINT('',(2.40000000000002,3.5,5.25000005960465));
#11459=CARTESIAN_POINT('Origin',(1.90000000000002,3.,10.4));
#11460=CARTESIAN_POINT('',(1.90000000000002,3.5,10.9));
#11461=CARTESIAN_POINT('',(1.90000000000002,3.,10.9));
#11462=CARTESIAN_POINT('Origin',(1.90000000000002,3.5,10.4));
#11463=CARTESIAN_POINT('Origin',(-6.10000005960464,2.65,1.20000000000001));
#11464=CARTESIAN_POINT('',(-6.95000005960464,3.5,2.39999999999995));
#11465=CARTESIAN_POINT('',(-7.38750004470347,3.93749998509883,2.39999999999995));
#11466=CARTESIAN_POINT('',(-6.95000005960464,3.5,-2.4));
#11467=CARTESIAN_POINT('',(-6.95000005960464,3.5,1.20000000000001));
#11468=CARTESIAN_POINT('',(-5.26250004470348,1.81249998509883,-2.4));
#11469=CARTESIAN_POINT('Origin',(-10.9,3.,2.39999999999995));
#11470=CARTESIAN_POINT('',(-10.4,3.5,2.39999999999995));
#11471=CARTESIAN_POINT('',(-10.4,3.,2.39999999999995));
#11472=CARTESIAN_POINT('',(-5.44999999999998,3.5,2.39999999999995));
#11473=CARTESIAN_POINT('Origin',(-10.4,3.,1.89999999999995));
#11474=CARTESIAN_POINT('',(-10.9,3.5,1.89999999999995));
#11475=CARTESIAN_POINT('',(-10.9,3.,1.89999999999995));
#11476=CARTESIAN_POINT('Origin',(-10.4,3.5,1.89999999999995));
#11477=CARTESIAN_POINT('Ctrl Pts',(2.50000000000002,6.,2.49999999999995));
#11478=CARTESIAN_POINT('Ctrl Pts',(2.92900073919555,6.,2.82175055439659));
#11479=CARTESIAN_POINT('Ctrl Pts',(3.35679940864361,5.89305033263799,3.14259955648264));
#11480=CARTESIAN_POINT('Ctrl Pts',(3.70000000000002,5.7,3.39999999999995));
#11481=CARTESIAN_POINT('Ctrl Pts',(2.50000000000002,6.,2.49999999999995));
#11482=CARTESIAN_POINT('Ctrl Pts',(2.89325067759592,6.,2.85750061599622));
#11483=CARTESIAN_POINT('Ctrl Pts',(3.28517609436137,5.86619161439747,3.2126826297375));
#11484=CARTESIAN_POINT('Ctrl Pts',(3.58595436270973,5.64525809410066,3.47298920786574));
#11485=CARTESIAN_POINT('Ctrl Pts',(2.50000000000002,6.,2.49999999999995));
#11486=CARTESIAN_POINT('Ctrl Pts',(2.85750061599629,6.,2.89325067759585));
#11487=CARTESIAN_POINT('Ctrl Pts',(3.21268262973758,5.86619161439747,3.2851760943613));
#11488=CARTESIAN_POINT('Ctrl Pts',(3.47298920786581,5.64525809410066,3.58595436270966));
#11489=CARTESIAN_POINT('Ctrl Pts',(2.50000000000002,6.,2.49999999999995));
#11490=CARTESIAN_POINT('Ctrl Pts',(2.82175055439667,6.,2.92900073919547));
#11491=CARTESIAN_POINT('Ctrl Pts',(3.14259955648271,5.89305033263799,3.35679940864353));
#11492=CARTESIAN_POINT('Ctrl Pts',(3.40000000000002,5.7,3.69999999999995));
#11493=CARTESIAN_POINT('Ctrl Pts',(2.50000000000002,6.,-2.5));
#11494=CARTESIAN_POINT('Ctrl Pts',(2.82175055439667,6.,-2.92900073919552));
#11495=CARTESIAN_POINT('Ctrl Pts',(3.14259955648271,5.89305033263799,-3.35679940864358));
#11496=CARTESIAN_POINT('Ctrl Pts',(3.40000000000002,5.7,-3.7));
#11497=CARTESIAN_POINT('Ctrl Pts',(2.50000000000002,6.,-2.5));
#11498=CARTESIAN_POINT('Ctrl Pts',(2.85750061599629,6.,-2.8932506775959));
#11499=CARTESIAN_POINT('Ctrl Pts',(3.21268262973758,5.86619161439747,-3.28517609436135));
#11500=CARTESIAN_POINT('Ctrl Pts',(3.47298920786581,5.64525809410066,-3.58595436270971));
#11501=CARTESIAN_POINT('Ctrl Pts',(2.50000000000002,6.,-2.5));
#11502=CARTESIAN_POINT('Ctrl Pts',(2.89325067759592,6.,-2.85750061599627));
#11503=CARTESIAN_POINT('Ctrl Pts',(3.28517609436138,5.86619161439747,-3.21268262973755));
#11504=CARTESIAN_POINT('Ctrl Pts',(3.58595436270973,5.64525809410066,-3.47298920786579));
#11505=CARTESIAN_POINT('Ctrl Pts',(2.50000000000002,6.,-2.5));
#11506=CARTESIAN_POINT('Ctrl Pts',(2.92900073919555,6.,-2.82175055439664));
#11507=CARTESIAN_POINT('Ctrl Pts',(3.35679940864361,5.89305033263799,-3.14259955648269));
#11508=CARTESIAN_POINT('Ctrl Pts',(3.70000000000003,5.7,-3.4));
#11509=CARTESIAN_POINT('Origin',(-2.64999999999998,0.05,1.44999999999996));
#11510=CARTESIAN_POINT('',(-2.69999999999998,0.,2.89999999999995));
#11511=CARTESIAN_POINT('',(-2.59999999999998,0.1,2.89999999999995));
#11512=CARTESIAN_POINT('',(-2.69999999999998,0.,2.89999999999995));
#11513=CARTESIAN_POINT('',(-2.59999999999998,0.1,10.4));
#11514=CARTESIAN_POINT('',(-2.59999999999998,0.1,1.44999999999996));
#11515=CARTESIAN_POINT('',(-2.69999999999998,0.,10.4));
#11516=CARTESIAN_POINT('',(-2.59999999999998,0.1,10.4));
#11517=CARTESIAN_POINT('',(-2.69999999999998,0.,1.44999999999996));
#11518=CARTESIAN_POINT('Origin',(-2.89999999999998,0.05,2.89999999999995));
#11519=CARTESIAN_POINT('',(-2.89999999999998,0.,2.69999999999995));
#11520=CARTESIAN_POINT('',(-2.89999999999998,0.1,2.59999999999995));
#11521=CARTESIAN_POINT('',(-2.89999999999998,0.,2.69999999999995));
#11522=CARTESIAN_POINT('Origin',(-2.89999999999998,0.1,2.89999999999995));
#11523=CARTESIAN_POINT('Origin',(-2.89999999999998,0.,2.89999999999995));
#11524=CARTESIAN_POINT('Origin',(-5.19999999999996,0.05,2.64999999999995));
#11525=CARTESIAN_POINT('',(-10.4,0.,2.69999999999995));
#11526=CARTESIAN_POINT('',(-10.4,0.1,2.59999999999995));
#11527=CARTESIAN_POINT('',(-10.4,0.,2.69999999999995));
#11528=CARTESIAN_POINT('',(-5.19999999999996,0.1,2.59999999999995));
#11529=CARTESIAN_POINT('',(-5.19999999999996,0.,2.69999999999995));
#11530=CARTESIAN_POINT('Origin',(-10.4,0.05,1.89999999999995));
#11531=CARTESIAN_POINT('',(-11.2,0.,1.89999999999995));
#11532=CARTESIAN_POINT('',(-11.1,0.1,1.89999999999995));
#11533=CARTESIAN_POINT('',(-11.2,0.,1.89999999999995));
#11534=CARTESIAN_POINT('Origin',(-10.4,0.1,1.89999999999995));
#11535=CARTESIAN_POINT('Origin',(-10.4,0.,1.89999999999995));
#11536=CARTESIAN_POINT('Origin',(-11.15,0.05,-0.950000000000017));
#11537=CARTESIAN_POINT('',(-11.1999999999999,0.,-1.9));
#11538=CARTESIAN_POINT('',(-11.1,0.1,-1.9));
#11539=CARTESIAN_POINT('',(-11.1999999999999,0.,-1.9));
#11540=CARTESIAN_POINT('',(-11.1,0.1,-0.950000000000017));
#11541=CARTESIAN_POINT('',(-11.1999999999999,0.,-0.950000000000017));
#11542=CARTESIAN_POINT('Origin',(-10.4,0.05,-1.9));
#11543=CARTESIAN_POINT('',(-10.4,0.,-2.7));
#11544=CARTESIAN_POINT('',(-10.4,0.1,-2.6));
#11545=CARTESIAN_POINT('',(-10.4,0.,-2.7));
#11546=CARTESIAN_POINT('Origin',(-10.4,0.1,-1.9));
#11547=CARTESIAN_POINT('Origin',(-10.4,0.,-1.9));
#11548=CARTESIAN_POINT('Origin',(-1.44999999999998,0.05,-2.65));
#11549=CARTESIAN_POINT('',(-2.89999999999998,0.,-2.7));
#11550=CARTESIAN_POINT('',(-2.89999999999998,0.1,-2.6));
#11551=CARTESIAN_POINT('',(-2.89999999999998,0.,-2.7));
#11552=CARTESIAN_POINT('',(-1.44999999999998,0.1,-2.6));
#11553=CARTESIAN_POINT('',(-1.44999999999998,0.,-2.7));
#11554=CARTESIAN_POINT('Origin',(-2.89999999999998,0.05,-2.9));
#11555=CARTESIAN_POINT('',(-2.69999999999998,0.,-2.9));
#11556=CARTESIAN_POINT('',(-2.59999999999998,0.1,-2.9));
#11557=CARTESIAN_POINT('',(-2.69999999999998,0.,-2.9));
#11558=CARTESIAN_POINT('Origin',(-2.89999999999998,0.1,-2.9));
#11559=CARTESIAN_POINT('Origin',(-2.89999999999998,0.,-2.9));
#11560=CARTESIAN_POINT('Origin',(-2.64999999999998,0.05,-5.20000000000003));
#11561=CARTESIAN_POINT('',(-2.69999999999998,0.,-10.4));
#11562=CARTESIAN_POINT('',(-2.59999999999998,0.1,-10.4));
#11563=CARTESIAN_POINT('',(-2.69999999999998,0.,-10.4));
#11564=CARTESIAN_POINT('',(-2.59999999999998,0.1,-5.20000000000003));
#11565=CARTESIAN_POINT('',(-2.69999999999998,0.,-5.20000000000003));
#11566=CARTESIAN_POINT('Origin',(-1.89999999999998,0.05,-10.4));
#11567=CARTESIAN_POINT('',(-1.89999999999998,0.,-11.2));
#11568=CARTESIAN_POINT('',(-1.89999999999998,0.1,-11.1));
#11569=CARTESIAN_POINT('',(-1.89999999999998,0.,-11.2));
#11570=CARTESIAN_POINT('Origin',(-1.89999999999998,0.1,-10.4));
#11571=CARTESIAN_POINT('Origin',(-1.89999999999998,0.,-10.4));
#11572=CARTESIAN_POINT('Origin',(0.950000000000023,0.05,-11.15));
#11573=CARTESIAN_POINT('',(1.90000000000002,0.,-11.2));
#11574=CARTESIAN_POINT('',(1.90000000000002,0.1,-11.1));
#11575=CARTESIAN_POINT('',(1.90000000000002,0.,-11.2));
#11576=CARTESIAN_POINT('',(0.950000000000023,0.1,-11.1));
#11577=CARTESIAN_POINT('',(0.950000000000023,0.,-11.2));
#11578=CARTESIAN_POINT('Origin',(1.90000000000002,0.05,-10.4));
#11579=CARTESIAN_POINT('',(2.70000000000002,0.,-10.4));
#11580=CARTESIAN_POINT('',(2.60000000000002,0.1,-10.4));
#11581=CARTESIAN_POINT('',(2.70000000000002,0.,-10.4));
#11582=CARTESIAN_POINT('Origin',(1.90000000000002,0.1,-10.4));
#11583=CARTESIAN_POINT('Origin',(1.90000000000002,0.,-10.4));
#11584=CARTESIAN_POINT('Origin',(2.65000000000002,0.05,-1.45000000000001));
#11585=CARTESIAN_POINT('',(2.70000000000002,0.,-2.9));
#11586=CARTESIAN_POINT('',(2.60000000000002,0.1,-2.9));
#11587=CARTESIAN_POINT('',(2.70000000000002,0.,-2.9));
#11588=CARTESIAN_POINT('',(2.60000000000002,0.1,-1.45000000000001));
#11589=CARTESIAN_POINT('',(2.70000000000002,0.,-1.45000000000001));
#11590=CARTESIAN_POINT('Origin',(2.90000000000002,0.05,-2.9));
#11591=CARTESIAN_POINT('',(2.90000000000002,0.,-2.7));
#11592=CARTESIAN_POINT('',(2.90000000000002,0.1,-2.6));
#11593=CARTESIAN_POINT('',(2.90000000000002,0.,-2.7));
#11594=CARTESIAN_POINT('Origin',(2.90000000000002,0.1,-2.9));
#11595=CARTESIAN_POINT('Origin',(2.90000000000002,0.,-2.9));
#11596=CARTESIAN_POINT('Origin',(5.20000000000001,0.05,-2.65));
#11597=CARTESIAN_POINT('',(10.4,0.,-2.7));
#11598=CARTESIAN_POINT('',(10.4,0.1,-2.6));
#11599=CARTESIAN_POINT('',(10.4,0.,-2.7));
#11600=CARTESIAN_POINT('',(5.20000000000001,0.1,-2.6));
#11601=CARTESIAN_POINT('',(5.20000000000001,0.,-2.7));
#11602=CARTESIAN_POINT('Origin',(10.4,0.05,-1.9));
#11603=CARTESIAN_POINT('',(11.2,0.,-1.9));
#11604=CARTESIAN_POINT('',(11.1,0.1,-1.9));
#11605=CARTESIAN_POINT('',(11.2,0.,-1.9));
#11606=CARTESIAN_POINT('Origin',(10.4,0.1,-1.9));
#11607=CARTESIAN_POINT('Origin',(10.4,0.,-1.9));
#11608=CARTESIAN_POINT('Origin',(11.15,0.05,0.949999999999961));
#11609=CARTESIAN_POINT('',(11.2,0.,1.89999999999995));
#11610=CARTESIAN_POINT('',(11.1,0.1,1.89999999999995));
#11611=CARTESIAN_POINT('',(11.2,0.,1.89999999999995));
#11612=CARTESIAN_POINT('',(11.1,0.1,0.949999999999961));
#11613=CARTESIAN_POINT('',(11.2,0.,0.949999999999961));
#11614=CARTESIAN_POINT('Origin',(10.4,0.05,1.89999999999995));
#11615=CARTESIAN_POINT('',(10.4,0.,2.69999999999995));
#11616=CARTESIAN_POINT('',(10.4,0.1,2.59999999999995));
#11617=CARTESIAN_POINT('',(10.4,0.,2.69999999999995));
#11618=CARTESIAN_POINT('Origin',(10.4,0.1,1.89999999999995));
#11619=CARTESIAN_POINT('Origin',(10.4,0.,1.89999999999995));
#11620=CARTESIAN_POINT('Origin',(1.45000000000002,0.05,2.64999999999995));
#11621=CARTESIAN_POINT('',(2.90000000000002,0.,2.69999999999995));
#11622=CARTESIAN_POINT('',(2.90000000000002,0.1,2.59999999999995));
#11623=CARTESIAN_POINT('',(2.90000000000002,0.,2.69999999999995));
#11624=CARTESIAN_POINT('',(1.45000000000002,0.1,2.59999999999995));
#11625=CARTESIAN_POINT('',(1.45000000000002,0.,2.69999999999995));
#11626=CARTESIAN_POINT('Origin',(2.90000000000002,0.05,2.89999999999995));
#11627=CARTESIAN_POINT('',(2.70000000000002,0.,2.89999999999995));
#11628=CARTESIAN_POINT('',(2.60000000000002,0.1,2.89999999999995));
#11629=CARTESIAN_POINT('',(2.70000000000002,0.,2.89999999999995));
#11630=CARTESIAN_POINT('Origin',(2.90000000000002,0.1,2.89999999999995));
#11631=CARTESIAN_POINT('Origin',(2.90000000000002,0.,2.89999999999995));
#11632=CARTESIAN_POINT('Origin',(2.65000000000002,0.05,5.19999999999997));
#11633=CARTESIAN_POINT('',(2.70000000000002,0.,10.4));
#11634=CARTESIAN_POINT('',(2.60000000000002,0.1,10.4));
#11635=CARTESIAN_POINT('',(2.70000000000002,0.,10.4));
#11636=CARTESIAN_POINT('',(2.60000000000002,0.1,5.19999999999997));
#11637=CARTESIAN_POINT('',(2.70000000000002,0.,5.19999999999997));
#11638=CARTESIAN_POINT('Origin',(1.90000000000002,0.05,10.4));
#11639=CARTESIAN_POINT('',(1.90000000000002,0.,11.2));
#11640=CARTESIAN_POINT('',(1.90000000000002,0.1,11.1));
#11641=CARTESIAN_POINT('',(1.90000000000002,0.,11.2));
#11642=CARTESIAN_POINT('Origin',(1.90000000000002,0.1,10.4));
#11643=CARTESIAN_POINT('Origin',(1.90000000000002,0.,10.4));
#11644=CARTESIAN_POINT('Origin',(-0.949999999999978,0.05,11.15));
#11645=CARTESIAN_POINT('',(-1.89999999999998,0.,11.2));
#11646=CARTESIAN_POINT('',(-1.89999999999998,0.1,11.1));
#11647=CARTESIAN_POINT('',(-1.89999999999998,0.,11.2));
#11648=CARTESIAN_POINT('',(-0.949999999999978,0.1,11.1));
#11649=CARTESIAN_POINT('',(-0.949999999999978,0.,11.2));
#11650=CARTESIAN_POINT('Origin',(-1.89999999999998,0.05,10.4));
#11651=CARTESIAN_POINT('Origin',(-1.89999999999998,0.1,10.4));
#11652=CARTESIAN_POINT('Origin',(-1.89999999999998,0.,10.4));
#11653=CARTESIAN_POINT('Origin',(2.90000000000002,0.,-2.9));
#11654=CARTESIAN_POINT('',(2.90000000000002,0.,-2.6));
#11655=CARTESIAN_POINT('',(2.60000000000002,0.,-2.9));
#11656=CARTESIAN_POINT('Origin',(10.4,0.,-2.6));
#11657=CARTESIAN_POINT('',(10.4,0.,-2.6));
#11658=CARTESIAN_POINT('Origin',(10.4,0.,-1.9));
#11659=CARTESIAN_POINT('',(11.1,0.,-1.9));
#11660=CARTESIAN_POINT('Origin',(11.1,0.,1.89999999999995));
#11661=CARTESIAN_POINT('',(11.1,0.,1.89999999999995));
#11662=CARTESIAN_POINT('Origin',(10.4,0.,1.89999999999995));
#11663=CARTESIAN_POINT('',(10.4,0.,2.59999999999995));
#11664=CARTESIAN_POINT('Origin',(2.90000000000002,0.,2.59999999999995));
#11665=CARTESIAN_POINT('',(2.90000000000002,0.,2.59999999999995));
#11666=CARTESIAN_POINT('Origin',(2.90000000000002,0.,2.89999999999995));
#11667=CARTESIAN_POINT('',(2.60000000000002,0.,2.89999999999995));
#11668=CARTESIAN_POINT('Origin',(2.60000000000002,0.,10.4));
#11669=CARTESIAN_POINT('',(2.60000000000002,0.,10.4));
#11670=CARTESIAN_POINT('Origin',(1.90000000000002,0.,10.4));
#11671=CARTESIAN_POINT('',(1.90000000000002,0.,11.1));
#11672=CARTESIAN_POINT('Origin',(-1.89999999999998,0.,11.1));
#11673=CARTESIAN_POINT('',(-1.89999999999998,0.,11.1));
#11674=CARTESIAN_POINT('Origin',(-1.89999999999998,0.,10.4));
#11675=CARTESIAN_POINT('',(-2.59999999999998,0.,10.4));
#11676=CARTESIAN_POINT('Origin',(-2.59999999999998,0.,2.89999999999995));
#11677=CARTESIAN_POINT('',(-2.59999999999998,0.,2.89999999999995));
#11678=CARTESIAN_POINT('Origin',(2.22044604925031E-14,0.,-2.66453525910038E-14));
#11679=CARTESIAN_POINT('Ctrl Pts',(2.44929359829471E-17,4.1,0.692820226564284));
#11680=CARTESIAN_POINT('Ctrl Pts',(-0.692820226564284,4.1,0.692820226564284));
#11681=CARTESIAN_POINT('Ctrl Pts',(-0.692820226564284,4.1,0.));
#11682=CARTESIAN_POINT('Ctrl Pts',(-0.692820226564284,4.1,-0.692820226564284));
#11683=CARTESIAN_POINT('Ctrl Pts',(2.44929359829471E-17,4.1,-0.692820226564284));
#11684=CARTESIAN_POINT('Ctrl Pts',(0.692820226564284,4.1,-0.692820226564284));
#11685=CARTESIAN_POINT('Ctrl Pts',(0.692820226564284,4.1,0.));
#11686=CARTESIAN_POINT('Ctrl Pts',(0.692820226564284,4.1,0.692820226564284));
#11687=CARTESIAN_POINT('Ctrl Pts',(2.44929359829471E-17,4.1,0.692820226564284));
#11688=CARTESIAN_POINT('Ctrl Pts',(2.44929359829471E-17,4.1,0.981495327149611));
#11689=CARTESIAN_POINT('Ctrl Pts',(-0.981495327149611,4.1,0.981495327149611));
#11690=CARTESIAN_POINT('Ctrl Pts',(-0.981495327149611,4.1,0.));
#11691=CARTESIAN_POINT('Ctrl Pts',(-0.981495327149611,4.1,-0.981495327149611));
#11692=CARTESIAN_POINT('Ctrl Pts',(2.44929359829471E-17,4.1,-0.981495327149611));
#11693=CARTESIAN_POINT('Ctrl Pts',(0.981495327149611,4.1,-0.981495327149611));
#11694=CARTESIAN_POINT('Ctrl Pts',(0.981495327149611,4.1,0.));
#11695=CARTESIAN_POINT('Ctrl Pts',(0.981495327149611,4.1,0.981495327149611));
#11696=CARTESIAN_POINT('Ctrl Pts',(2.44929359829471E-17,4.1,0.981495327149611));
#11697=CARTESIAN_POINT('Ctrl Pts',(2.44929359829471E-17,3.94615387961533,
1.22575888345823));
#11698=CARTESIAN_POINT('Ctrl Pts',(-1.22575888345823,3.94615387961533,1.22575888345823));
#11699=CARTESIAN_POINT('Ctrl Pts',(-1.22575888345823,3.94615387961533,0.));
#11700=CARTESIAN_POINT('Ctrl Pts',(-1.22575888345823,3.94615387961533,-1.22575888345823));
#11701=CARTESIAN_POINT('Ctrl Pts',(2.44929359829471E-17,3.94615387961533,
-1.22575888345823));
#11702=CARTESIAN_POINT('Ctrl Pts',(1.22575888345823,3.94615387961533,-1.22575888345823));
#11703=CARTESIAN_POINT('Ctrl Pts',(1.22575888345823,3.94615387961533,0.));
#11704=CARTESIAN_POINT('Ctrl Pts',(1.22575888345823,3.94615387961533,1.22575888345823));
#11705=CARTESIAN_POINT('Ctrl Pts',(2.44929359829471E-17,3.94615387961533,
1.22575888345823));
#11706=CARTESIAN_POINT('',(-6.03530713017024E-17,4.1,0.692820226564284));
#11707=CARTESIAN_POINT('Origin',(-6.03530713017024E-17,3.1,0.692820226564284));
#11708=CARTESIAN_POINT('Origin',(2.44929359829471E-17,4.1,0.));
#11709=CARTESIAN_POINT('Origin',(0.,4.1,0.));
#11710=CARTESIAN_POINT('Origin',(-1.20000000000001,2.65,-6.10000005960464));
#11711=CARTESIAN_POINT('',(2.40000000000002,3.5,-6.95000005960464));
#11712=CARTESIAN_POINT('',(-1.20000000000001,3.5,-6.95000005960464));
#11713=CARTESIAN_POINT('',(2.40000000000002,1.81249998509884,-5.26250004470348));
#11714=CARTESIAN_POINT('Origin',(-11.1,0.,-1.9));
#11715=CARTESIAN_POINT('',(-11.1,0.,-1.9));
#11716=CARTESIAN_POINT('',(-11.1,0.,1.89999999999995));
#11717=CARTESIAN_POINT('Origin',(-10.4,0.,-1.9));
#11718=CARTESIAN_POINT('',(-10.4,0.,-2.6));
#11719=CARTESIAN_POINT('Origin',(-2.89999999999998,0.,-2.6));
#11720=CARTESIAN_POINT('',(-2.89999999999998,0.,-2.6));
#11721=CARTESIAN_POINT('Origin',(-2.89999999999998,0.,-2.9));
#11722=CARTESIAN_POINT('',(-2.59999999999998,0.,-2.9));
#11723=CARTESIAN_POINT('Origin',(-2.59999999999998,0.,-10.4));
#11724=CARTESIAN_POINT('',(-2.59999999999998,0.,-10.4));
#11725=CARTESIAN_POINT('Origin',(-1.89999999999998,0.,-10.4));
#11726=CARTESIAN_POINT('',(-1.89999999999998,0.,-11.1));
#11727=CARTESIAN_POINT('Origin',(1.90000000000002,0.,-11.1));
#11728=CARTESIAN_POINT('',(1.90000000000002,0.,-11.1));
#11729=CARTESIAN_POINT('Origin',(1.90000000000002,0.,-10.4));
#11730=CARTESIAN_POINT('',(2.60000000000002,0.,-10.4));
#11731=CARTESIAN_POINT('Origin',(2.60000000000002,0.,-2.9));
#11732=CARTESIAN_POINT('Origin',(-2.89999999999998,0.,2.89999999999995));
#11733=CARTESIAN_POINT('',(-2.89999999999998,0.,2.59999999999995));
#11734=CARTESIAN_POINT('Origin',(-10.4,0.,2.59999999999995));
#11735=CARTESIAN_POINT('',(-10.4,0.,2.59999999999995));
#11736=CARTESIAN_POINT('Origin',(-10.4,0.,1.89999999999995));
#11737=CARTESIAN_POINT('Origin',(10.9,3.,2.39999999999995));
#11738=CARTESIAN_POINT('',(10.9,3.5,1.89999999999995));
#11739=CARTESIAN_POINT('',(10.9,3.,1.89999999999995));
#11740=CARTESIAN_POINT('',(10.9,3.5,1.19999999999997));
#11741=CARTESIAN_POINT('Origin',(10.4,3.,1.89999999999995));
#11742=CARTESIAN_POINT('',(10.4,3.5,2.39999999999995));
#11743=CARTESIAN_POINT('',(10.4,3.,2.39999999999995));
#11744=CARTESIAN_POINT('Origin',(10.4,3.5,1.89999999999995));
#11745=CARTESIAN_POINT('Origin',(2.40000000000002,3.,2.39999999999995));
#11746=CARTESIAN_POINT('',(1.20000000000001,3.5,2.39999999999995));
#11747=CARTESIAN_POINT('Origin',(1.90000000000002,3.,-10.4));
#11748=CARTESIAN_POINT('',(2.40000000000002,3.5,-10.4));
#11749=CARTESIAN_POINT('',(2.40000000000002,3.,-10.4));
#11750=CARTESIAN_POINT('Origin',(1.90000000000002,3.5,-10.4));
#11751=CARTESIAN_POINT('Origin',(-2.39999999999998,3.,10.9));
#11752=CARTESIAN_POINT('',(-1.89999999999998,3.5,10.9));
#11753=CARTESIAN_POINT('',(-1.89999999999998,3.,10.9));
#11754=CARTESIAN_POINT('',(1.90000000000002,3.5,10.9));
#11755=CARTESIAN_POINT('Origin',(2.40000000000002,3.,-2.4));
#11756=CARTESIAN_POINT('',(2.40000000000002,3.5,-1.2));
#11757=CARTESIAN_POINT('Origin',(-1.89999999999998,3.,10.4));
#11758=CARTESIAN_POINT('',(-2.39999999999998,3.5,10.4));
#11759=CARTESIAN_POINT('',(-2.39999999999998,3.,10.4));
#11760=CARTESIAN_POINT('Origin',(-1.89999999999998,3.5,10.4));
#11761=CARTESIAN_POINT('Origin',(-2.39999999999998,3.,2.39999999999995));
#11762=CARTESIAN_POINT('',(-2.39999999999998,3.5,10.4));
#11763=CARTESIAN_POINT('Origin',(-10.9,3.,-2.4));
#11764=CARTESIAN_POINT('',(-10.9,3.5,-1.9));
#11765=CARTESIAN_POINT('',(-10.9,3.,-1.9));
#11766=CARTESIAN_POINT('',(-10.9,3.5,-1.2));
#11767=CARTESIAN_POINT('Origin',(-10.4,3.,-1.9));
#11768=CARTESIAN_POINT('',(-10.4,3.5,-2.4));
#11769=CARTESIAN_POINT('',(-10.4,3.,-2.4));
#11770=CARTESIAN_POINT('Origin',(-10.4,3.5,-1.9));
#11771=CARTESIAN_POINT('Origin',(-2.39999999999998,3.,-2.4));
#11772=CARTESIAN_POINT('',(-1.19999999999999,3.5,-2.4));
#11773=CARTESIAN_POINT('Origin',(0.,3.5,0.));
#11774=CARTESIAN_POINT('Origin',(1.11022302462516E-15,3.5,8.07500002980231));
#11775=CARTESIAN_POINT('Origin',(0.,3.5,0.));
#11776=CARTESIAN_POINT('Origin',(0.,3.5,0.));
#11777=CARTESIAN_POINT('Origin',(0.,5.3,0.));
#11778=CARTESIAN_POINT('Origin',(0.,5.3,0.));
#11779=CARTESIAN_POINT('Origin',(0.,5.3,0.));
#11780=CARTESIAN_POINT('Origin',(0.,5.3,0.));
#11781=CARTESIAN_POINT('Origin',(2.22044604925031E-14,8.,-2.55351295663786E-14));
#11782=CARTESIAN_POINT('Origin',(-6.675,5.875,-0.606217782649124));
#11783=CARTESIAN_POINT('',(-6.8,5.75,1.21243556529821));
#11784=CARTESIAN_POINT('',(-6.8,5.75,1.21243556529821));
#11785=CARTESIAN_POINT('',(-6.8,5.75,-1.21243556529821));
#11786=CARTESIAN_POINT('',(-6.55,6.,-1.21243556529821));
#11787=CARTESIAN_POINT('',(-6.8,5.75,1.21243556529821));
#11788=CARTESIAN_POINT('Origin',(-7.3,5.875,1.21243556529821));
#11789=CARTESIAN_POINT('',(-7.55,5.75,1.64544826719043));
#11790=CARTESIAN_POINT('',(-7.55,5.75,1.64544826719043));
#11791=CARTESIAN_POINT('Origin',(-7.3,5.75,1.21243556529821));
#11792=CARTESIAN_POINT('Origin',(-5.1375,5.875,3.18264335890781));
#11793=CARTESIAN_POINT('',(-9.65,5.75,0.433012701892216));
#11794=CARTESIAN_POINT('',(-9.65,5.75,0.433012701892216));
#11795=CARTESIAN_POINT('',(-9.65,5.75,0.433012701892216));
#11796=CARTESIAN_POINT('Origin',(-9.4,5.875,-3.16274784140091E-15));
#11797=CARTESIAN_POINT('',(-9.65,5.75,-0.433012701892223));
#11798=CARTESIAN_POINT('',(-9.65,5.75,-0.433012701892223));
#11799=CARTESIAN_POINT('Origin',(-9.4,5.75,-3.16274784140091E-15));
#11800=CARTESIAN_POINT('Origin',(-6.18749999999998,5.875,-2.57642557625871));
#11801=CARTESIAN_POINT('',(-7.55,5.75,-1.64544826719043));
#11802=CARTESIAN_POINT('',(-7.55,5.75,-1.64544826719043));
#11803=CARTESIAN_POINT('',(-7.55,5.75,-1.64544826719043));
#11804=CARTESIAN_POINT('Origin',(-7.3,5.875,-1.21243556529821));
#11805=CARTESIAN_POINT('Origin',(-7.3,5.75,-1.21243556529821));
#11806=CARTESIAN_POINT('Origin',(-1.21243556529821,5.875,-7.3));
#11807=CARTESIAN_POINT('',(-1.64544826719043,5.75,-7.55));
#11808=CARTESIAN_POINT('',(-1.64544826719043,5.75,-7.55));
#11809=CARTESIAN_POINT('',(-1.21243556529821,5.75,-6.8));
#11810=CARTESIAN_POINT('',(-1.21243556529821,6.,-6.55));
#11811=CARTESIAN_POINT('Origin',(-1.21243556529821,5.75,-7.3));
#11812=CARTESIAN_POINT('Origin',(-3.18264335890781,5.875,-5.13750000000002));
#11813=CARTESIAN_POINT('',(-0.433012701892217,5.75,-9.65));
#11814=CARTESIAN_POINT('',(-0.433012701892217,5.75,-9.65));
#11815=CARTESIAN_POINT('',(-0.433012701892217,5.75,-9.65));
#11816=CARTESIAN_POINT('Origin',(2.22669654630413E-15,5.875,-9.4));
#11817=CARTESIAN_POINT('',(0.433012701892222,5.75,-9.65));
#11818=CARTESIAN_POINT('',(0.433012701892222,5.75,-9.65));
#11819=CARTESIAN_POINT('Origin',(2.22669654630413E-15,5.75,-9.4));
#11820=CARTESIAN_POINT('Origin',(2.5764255762587,5.875,-6.1875));
#11821=CARTESIAN_POINT('',(1.64544826719043,5.75,-7.55));
#11822=CARTESIAN_POINT('',(1.64544826719043,5.75,-7.55));
#11823=CARTESIAN_POINT('',(1.64544826719043,5.75,-7.55));
#11824=CARTESIAN_POINT('Origin',(1.21243556529821,5.875,-7.3));
#11825=CARTESIAN_POINT('',(1.21243556529821,5.75,-6.8));
#11826=CARTESIAN_POINT('',(1.21243556529821,5.75,-6.8));
#11827=CARTESIAN_POINT('Origin',(1.21243556529821,5.75,-7.3));
#11828=CARTESIAN_POINT('Origin',(0.606217782649121,5.875,-6.675));
#11829=CARTESIAN_POINT('',(-1.21243556529821,5.75,-6.8));
#11830=CARTESIAN_POINT('Origin',(3.18264335890782,5.875,5.13749999999999));
#11831=CARTESIAN_POINT('',(0.433012701892218,5.75,9.65));
#11832=CARTESIAN_POINT('',(0.433012701892218,5.75,9.65));
#11833=CARTESIAN_POINT('',(1.64544826719043,5.75,7.55));
#11834=CARTESIAN_POINT('',(1.86195461813654,6.,7.675));
#11835=CARTESIAN_POINT('',(0.433012701892218,5.75,9.65));
#11836=CARTESIAN_POINT('Origin',(-1.07552855510562E-15,5.875,9.4));
#11837=CARTESIAN_POINT('',(-0.43301270189222,5.75,9.65));
#11838=CARTESIAN_POINT('',(-0.43301270189222,5.75,9.65));
#11839=CARTESIAN_POINT('Origin',(-1.07552855510562E-15,5.75,9.4));
#11840=CARTESIAN_POINT('Origin',(-2.57642557625871,5.875,6.18749999999999));
#11841=CARTESIAN_POINT('',(-1.64544826719043,5.75,7.55));
#11842=CARTESIAN_POINT('',(-1.64544826719043,5.75,7.55));
#11843=CARTESIAN_POINT('',(-1.64544826719043,5.75,7.55));
#11844=CARTESIAN_POINT('Origin',(-1.21243556529821,5.875,7.3));
#11845=CARTESIAN_POINT('',(-1.21243556529821,5.75,6.8));
#11846=CARTESIAN_POINT('',(-1.21243556529821,5.75,6.8));
#11847=CARTESIAN_POINT('Origin',(-1.21243556529821,5.75,7.3));
#11848=CARTESIAN_POINT('Origin',(-0.606217782649098,5.875,6.675));
#11849=CARTESIAN_POINT('',(1.21243556529822,5.75,6.8));
#11850=CARTESIAN_POINT('',(1.21243556529822,5.75,6.8));
#11851=CARTESIAN_POINT('',(1.21243556529822,5.75,6.8));
#11852=CARTESIAN_POINT('Origin',(1.21243556529821,5.875,7.3));
#11853=CARTESIAN_POINT('Origin',(1.21243556529821,5.75,7.3));
#11854=CARTESIAN_POINT('Origin',(7.3,5.875,1.21243556529821));
#11855=CARTESIAN_POINT('',(6.8,5.75,1.21243556529821));
#11856=CARTESIAN_POINT('',(6.8,5.75,1.21243556529821));
#11857=CARTESIAN_POINT('',(7.55,5.75,1.64544826719043));
#11858=CARTESIAN_POINT('',(7.675,6.,1.86195461813654));
#11859=CARTESIAN_POINT('Origin',(7.3,5.75,1.21243556529821));
#11860=CARTESIAN_POINT('Origin',(6.675,5.875,0.606217782649096));
#11861=CARTESIAN_POINT('',(6.8,5.75,-1.21243556529822));
#11862=CARTESIAN_POINT('',(6.8,5.75,-1.21243556529822));
#11863=CARTESIAN_POINT('',(6.8,5.75,-1.21243556529822));
#11864=CARTESIAN_POINT('Origin',(7.3,5.875,-1.21243556529822));
#11865=CARTESIAN_POINT('',(7.55,5.75,-1.64544826719044));
#11866=CARTESIAN_POINT('',(7.55,5.75,-1.64544826719044));
#11867=CARTESIAN_POINT('Origin',(7.3,5.75,-1.21243556529822));
#11868=CARTESIAN_POINT('Origin',(5.13750000000001,5.875,-3.18264335890782));
#11869=CARTESIAN_POINT('',(9.65,5.75,-0.43301270189222));
#11870=CARTESIAN_POINT('',(9.65,5.75,-0.43301270189222));
#11871=CARTESIAN_POINT('',(9.65,5.75,-0.43301270189222));
#11872=CARTESIAN_POINT('Origin',(9.4,5.875,-1.01169073118967E-15));
#11873=CARTESIAN_POINT('',(9.65,5.75,0.433012701892218));
#11874=CARTESIAN_POINT('',(9.65,5.75,0.433012701892218));
#11875=CARTESIAN_POINT('Origin',(9.4,5.75,-1.01169073118967E-15));
#11876=CARTESIAN_POINT('Origin',(6.18750000000001,5.875,2.5764255762587));
#11877=CARTESIAN_POINT('',(7.55,5.75,1.64544826719043));
#11878=CARTESIAN_POINT('Origin',(5.55111512312578E-16,5.75,8.35));
#11879=CARTESIAN_POINT('Origin',(8.35,5.75,-2.4980018054066E-15));
#11880=CARTESIAN_POINT('Origin',(-8.35,5.75,-8.32667268468867E-16));
#11881=CARTESIAN_POINT('Origin',(0.,5.75,-8.35));
#11882=UNCERTAINTY_MEASURE_WITH_UNIT(LENGTH_MEASURE(0.01),#11886,
'DISTANCE_ACCURACY_VALUE',
'Maximum model space distance between geometric entities at asserted c
onnectivities');
#11883=UNCERTAINTY_MEASURE_WITH_UNIT(LENGTH_MEASURE(0.01),#11886,
'DISTANCE_ACCURACY_VALUE',
'Maximum model space distance between geometric entities at asserted c
onnectivities');
#11884=(
GEOMETRIC_REPRESENTATION_CONTEXT(3)
GLOBAL_UNCERTAINTY_ASSIGNED_CONTEXT((#11882))
GLOBAL_UNIT_ASSIGNED_CONTEXT((#11886,#11888,#11889))
REPRESENTATION_CONTEXT('','3D')
);
#11885=(
GEOMETRIC_REPRESENTATION_CONTEXT(3)
GLOBAL_UNCERTAINTY_ASSIGNED_CONTEXT((#11883))
GLOBAL_UNIT_ASSIGNED_CONTEXT((#11886,#11888,#11889))
REPRESENTATION_CONTEXT('','3D')
);
#11886=(
LENGTH_UNIT()
NAMED_UNIT(*)
SI_UNIT(.MILLI.,.METRE.)
);
#11887=(
LENGTH_UNIT()
NAMED_UNIT(*)
SI_UNIT($,.METRE.)
);
#11888=(
NAMED_UNIT(*)
PLANE_ANGLE_UNIT()
SI_UNIT($,.RADIAN.)
);
#11889=(
NAMED_UNIT(*)
SI_UNIT($,.STERADIAN.)
SOLID_ANGLE_UNIT()
);
#11890=SHAPE_DEFINITION_REPRESENTATION(#11891,#11892);
#11891=PRODUCT_DEFINITION_SHAPE('',$,#11894);
#11892=SHAPE_REPRESENTATION('',(#6292),#11884);
#11893=PRODUCT_DEFINITION_CONTEXT('part definition',#11898,'design');
#11894=PRODUCT_DEFINITION('2026-08-13-17-45-58-430','DPADBody (1)',#11895,
#11893);
#11895=PRODUCT_DEFINITION_FORMATION('',$,#11900);
#11896=PRODUCT_RELATED_PRODUCT_CATEGORY('DPADBody (1)','DPADBody (1)',(#11900));
#11897=APPLICATION_PROTOCOL_DEFINITION('international standard',
'automotive_design',2009,#11898);
#11898=APPLICATION_CONTEXT(
'Core Data for Automotive Mechanical Design Process');
#11899=PRODUCT_CONTEXT('part definition',#11898,'mechanical');
#11900=PRODUCT('2026-08-13-17-45-58-430','DPADBody (1)',$,(#11899));
#11901=PRESENTATION_STYLE_ASSIGNMENT((#11902));
#11902=SURFACE_STYLE_USAGE(.BOTH.,#11903);
#11903=SURFACE_SIDE_STYLE('',(#11904));
#11904=SURFACE_STYLE_FILL_AREA(#11905);
#11905=FILL_AREA_STYLE('Steel - Satin',(#11906));
#11906=FILL_AREA_STYLE_COLOUR('Steel - Satin',#11907);
#11907=COLOUR_RGB('Steel - Satin',0.627450980392157,0.627450980392157,0.627450980392157);
ENDSEC;
END-ISO-10303-21;
