ISO-10303-21;
HEADER;
/* Generated by software containing ST-Developer
 * from STEP Tools, Inc. (www.steptools.com) 
 */

FILE_DESCRIPTION(
/* description */ (''),
/* implementation_level */ '2;1');

FILE_NAME(
/* name */ 'Face Button A.step',
/* time_stamp */ '2026-08-13T17:43:51+02:00',
/* author */ (''),
/* organization */ (''),
/* preprocessor_version */ 'ST-DEVELOPER v20.1',
/* originating_system */ 'Autodesk Translation Framework v15.8.0.0',
/* authorisation */ '');

FILE_SCHEMA (('AUTOMOTIVE_DESIGN { 1 0 10303 214 3 1 1 }'));
ENDSEC;

DATA;
#10=MECHANICAL_DESIGN_GEOMETRIC_PRESENTATION_REPRESENTATION('',(#13),#1889);
#11=SHAPE_REPRESENTATION_RELATIONSHIP('SRR','None',#1896,#12);
#12=ADVANCED_BREP_SHAPE_REPRESENTATION('',(#14),#1888);
#13=STYLED_ITEM('',(#1906),#14);
#14=MANIFOLD_SOLID_BREP('FaceButton',#910);
#15=CYLINDRICAL_SURFACE('',#956,6.25);
#16=CYLINDRICAL_SURFACE('',#960,6.25);
#17=CYLINDRICAL_SURFACE('',#964,4.85);
#18=(
BOUNDED_CURVE()
B_SPLINE_CURVE(2,(#1769,#1770,#1771),.UNSPECIFIED.,.F.,.F.)
B_SPLINE_CURVE_WITH_KNOTS((3,3),(0.214882054925096,0.589505121001584),
 .UNSPECIFIED.)
CURVE()
GEOMETRIC_REPRESENTATION_ITEM()
RATIONAL_B_SPLINE_CURVE((1.74999999999825,2.35683232748434,2.80000000000069))
REPRESENTATION_ITEM('')
);
#19=(
BOUNDED_CURVE()
B_SPLINE_CURVE(2,(#1775,#1776,#1777),.UNSPECIFIED.,.F.,.F.)
B_SPLINE_CURVE_WITH_KNOTS((3,3),(2.6182978654675,2.99292093154399),
 .UNSPECIFIED.)
CURVE()
GEOMETRIC_REPRESENTATION_ITEM()
RATIONAL_B_SPLINE_CURVE((2.8000000000007,2.35683232748434,1.74999999999825))
REPRESENTATION_ITEM('')
);
#20=(
BOUNDED_CURVE()
B_SPLINE_CURVE(2,(#1796,#1797,#1798),.UNSPECIFIED.,.F.,.F.)
B_SPLINE_CURVE_WITH_KNOTS((3,3),(0.,0.0723390345543137),.UNSPECIFIED.)
CURVE()
GEOMETRIC_REPRESENTATION_ITEM()
RATIONAL_B_SPLINE_CURVE((1.,1.00095028722609,1.))
REPRESENTATION_ITEM('')
);
#21=(
BOUNDED_CURVE()
B_SPLINE_CURVE(2,(#1802,#1803,#1804),.UNSPECIFIED.,.F.,.F.)
B_SPLINE_CURVE_WITH_KNOTS((3,3),(0.,0.0723390345543138),.UNSPECIFIED.)
CURVE()
GEOMETRIC_REPRESENTATION_ITEM()
RATIONAL_B_SPLINE_CURVE((1.,1.00095028723209,1.))
REPRESENTATION_ITEM('')
);
#22=(
BOUNDED_CURVE()
B_SPLINE_CURVE(2,(#1812,#1813,#1814),.UNSPECIFIED.,.F.,.F.)
B_SPLINE_CURVE_WITH_KNOTS((3,3),(0.,0.0723390345543137),.UNSPECIFIED.)
CURVE()
GEOMETRIC_REPRESENTATION_ITEM()
RATIONAL_B_SPLINE_CURVE((1.,1.00095028723074,1.))
REPRESENTATION_ITEM('')
);
#23=(
BOUNDED_CURVE()
B_SPLINE_CURVE(2,(#1818,#1819,#1820),.UNSPECIFIED.,.F.,.F.)
B_SPLINE_CURVE_WITH_KNOTS((3,3),(0.,0.0723390345543137),.UNSPECIFIED.)
CURVE()
GEOMETRIC_REPRESENTATION_ITEM()
RATIONAL_B_SPLINE_CURVE((1.,1.00095028722991,1.))
REPRESENTATION_ITEM('')
);
#24=B_SPLINE_SURFACE_WITH_KNOTS('',3,3,((#1301,#1302,#1303,#1304,#1305,
#1306,#1307,#1308,#1309,#1310,#1311),(#1312,#1313,#1314,#1315,#1316,#1317,
#1318,#1319,#1320,#1321,#1322),(#1323,#1324,#1325,#1326,#1327,#1328,#1329,
#1330,#1331,#1332,#1333),(#1334,#1335,#1336,#1337,#1338,#1339,#1340,#1341,
#1342,#1343,#1344)),.UNSPECIFIED.,.F.,.F.,.F.,(4,4),(4,2,1,2,2,4),(0.,1.),
(-0.000548180327577856,0.,0.0094790870403558,0.0189581740807116,0.037683519357941,
0.0387872028176626),.UNSPECIFIED.);
#25=B_SPLINE_SURFACE_WITH_KNOTS('',3,3,((#1375,#1376,#1377,#1378,#1379,
#1380,#1381,#1382,#1383,#1384,#1385),(#1386,#1387,#1388,#1389,#1390,#1391,
#1392,#1393,#1394,#1395,#1396),(#1397,#1398,#1399,#1400,#1401,#1402,#1403,
#1404,#1405,#1406,#1407),(#1408,#1409,#1410,#1411,#1412,#1413,#1414,#1415,
#1416,#1417,#1418)),.UNSPECIFIED.,.F.,.F.,.F.,(4,4),(4,2,1,2,2,4),(0.,1.),
(-0.0011028706483571,-2.28509417715017E-16,0.00931899722620449,0.0186379944524092,
0.0372966710477401,0.0378329793997343),.UNSPECIFIED.);
#26=B_SPLINE_SURFACE_WITH_KNOTS('',3,3,((#1426,#1427,#1428,#1429,#1430,
#1431,#1432,#1433,#1434,#1435),(#1436,#1437,#1438,#1439,#1440,#1441,#1442,
#1443,#1444,#1445),(#1446,#1447,#1448,#1449,#1450,#1451,#1452,#1453,#1454,
#1455),(#1456,#1457,#1458,#1459,#1460,#1461,#1462,#1463,#1464,#1465)),
 .UNSPECIFIED.,.F.,.F.,.F.,(4,4),(4,2,2,2,4),(0.,1.),(-0.000674842681485155,
0.,0.0166814575560191,0.0333224841741438,0.0336116888321467),
 .UNSPECIFIED.);
#27=B_SPLINE_SURFACE_WITH_KNOTS('',3,3,((#1479,#1480,#1481,#1482,#1483,
#1484,#1485,#1486,#1487,#1488),(#1489,#1490,#1491,#1492,#1493,#1494,#1495,
#1496,#1497,#1498),(#1499,#1500,#1501,#1502,#1503,#1504,#1505,#1506,#1507,
#1508),(#1509,#1510,#1511,#1512,#1513,#1514,#1515,#1516,#1517,#1518)),
 .UNSPECIFIED.,.F.,.F.,.F.,(4,4),(4,2,2,2,4),(0.,1.),(-0.000652856238570892,
0.,0.01686983881918,0.0336231622179033,0.0342980940464011),
 .UNSPECIFIED.);
#28=B_SPLINE_SURFACE_WITH_KNOTS('',3,3,((#1532,#1533,#1534,#1535,#1536,
#1537,#1538,#1539,#1540,#1541),(#1542,#1543,#1544,#1545,#1546,#1547,#1548,
#1549,#1550,#1551),(#1552,#1553,#1554,#1555,#1556,#1557,#1558,#1559,#1560,
#1561),(#1562,#1563,#1564,#1565,#1566,#1567,#1568,#1569,#1570,#1571)),
 .UNSPECIFIED.,.F.,.F.,.F.,(4,4),(4,2,2,2,4),(0.,1.),(-0.000667193744795597,
0.,0.0167533233987234,0.0336231622179033,0.0342760184564697),
 .UNSPECIFIED.);
#29=B_SPLINE_SURFACE_WITH_KNOTS('',3,3,((#1585,#1586,#1587,#1588,#1589,
#1590,#1591,#1592,#1593,#1594),(#1595,#1596,#1597,#1598,#1599,#1600,#1601,
#1602,#1603,#1604),(#1605,#1606,#1607,#1608,#1609,#1610,#1611,#1612,#1613,
#1614),(#1615,#1616,#1617,#1618,#1619,#1620,#1621,#1622,#1623,#1624)),
 .UNSPECIFIED.,.F.,.F.,.F.,(4,4),(4,2,2,2,4),(0.,1.),(-0.000414162462967569,
0.,0.0168821118505655,0.0336732807329653,0.0343413010210934),
 .UNSPECIFIED.);
#30=B_SPLINE_SURFACE_WITH_KNOTS('',3,1,((#1653,#1654),(#1655,#1656),(#1657,
#1658),(#1659,#1660),(#1661,#1662)),.UNSPECIFIED.,.F.,.F.,.F.,(4,1,4),(2,
2),(0.,0.0186379944524092,0.0372966710477409),(0.,0.0599999999999999),
 .UNSPECIFIED.);
#31=B_SPLINE_SURFACE_WITH_KNOTS('',3,1,((#1670,#1671),(#1672,#1673),(#1674,
#1675),(#1676,#1677),(#1678,#1679)),.UNSPECIFIED.,.F.,.F.,.F.,(4,1,4),(2,
2),(0.,0.0189581740807116,0.037683519357941),(0.,0.0599999999999999),
 .UNSPECIFIED.);
#32=B_SPLINE_SURFACE_WITH_KNOTS('',3,1,((#1691,#1692),(#1693,#1694),(#1695,
#1696),(#1697,#1698),(#1699,#1700)),.UNSPECIFIED.,.F.,.F.,.F.,(4,1,4),(2,
2),(0.,0.0166814575560191,0.0333224841741438),(0.,0.0599999999999999),
 .UNSPECIFIED.);
#33=B_SPLINE_SURFACE_WITH_KNOTS('',3,1,((#1708,#1709),(#1710,#1711),(#1712,
#1713),(#1714,#1715),(#1716,#1717)),.UNSPECIFIED.,.F.,.F.,.F.,(4,1,4),(2,
2),(0.,0.01686983881918,0.0336231622179033),(0.,0.0599999999999999),
 .UNSPECIFIED.);
#34=B_SPLINE_SURFACE_WITH_KNOTS('',3,1,((#1725,#1726),(#1727,#1728),(#1729,
#1730),(#1731,#1732),(#1733,#1734)),.UNSPECIFIED.,.F.,.F.,.F.,(4,1,4),(2,
2),(0.,0.0167533233987234,0.0336231622179033),(0.,0.0599999999999999),
 .UNSPECIFIED.);
#35=B_SPLINE_SURFACE_WITH_KNOTS('',3,1,((#1742,#1743),(#1744,#1745),(#1746,
#1747),(#1748,#1749),(#1750,#1751)),.UNSPECIFIED.,.F.,.F.,.F.,(4,1,4),(2,
2),(0.,0.0168821118505661,0.0336732807329653),(0.,0.0599999999999999),
 .UNSPECIFIED.);
#36=FACE_BOUND('',#149,.T.);
#37=FACE_BOUND('',#187,.T.);
#38=B_SPLINE_CURVE_WITH_KNOTS('',3,(#1178,#1179,#1180,#1181,#1182,#1183,
#1184,#1185,#1186,#1187,#1188),.UNSPECIFIED.,.F.,.F.,(4,2,2,1,2,4),(-0.0387872028176626,
-0.037683519357941,-0.0189581740807116,-0.0094790870403558,0.,0.000548180327577856),
 .UNSPECIFIED.);
#39=B_SPLINE_CURVE_WITH_KNOTS('',3,(#1190,#1191,#1192,#1193,#1194,#1195,
#1196,#1197,#1198,#1199,#1200),.UNSPECIFIED.,.F.,.F.,(4,2,2,1,2,4),(-0.0378329793997343,
-0.0372966710477401,-0.0186379944524092,-0.00931899722620449,2.28509417715017E-16,
0.0011028706483571),.UNSPECIFIED.);
#40=B_SPLINE_CURVE_WITH_KNOTS('',3,(#1216,#1217,#1218,#1219,#1220,#1221,
#1222,#1223,#1224,#1225),.UNSPECIFIED.,.F.,.F.,(4,2,2,2,4),(-0.0343413010210934,
-0.0336732807329653,-0.0168821118505655,0.,0.000414162462967569),
 .UNSPECIFIED.);
#41=B_SPLINE_CURVE_WITH_KNOTS('',3,(#1227,#1228,#1229,#1230,#1231,#1232,
#1233,#1234,#1235,#1236),.UNSPECIFIED.,.F.,.F.,(4,2,2,2,4),(-0.0342760184564697,
-0.0336231622179033,-0.0167533233987234,0.,0.000667193744795597),
 .UNSPECIFIED.);
#42=B_SPLINE_CURVE_WITH_KNOTS('',3,(#1238,#1239,#1240,#1241,#1242,#1243,
#1244,#1245,#1246,#1247),.UNSPECIFIED.,.F.,.F.,(4,2,2,2,4),(-0.0342980940464011,
-0.0336231622179033,-0.01686983881918,0.,0.000652856238570892),
 .UNSPECIFIED.);
#43=B_SPLINE_CURVE_WITH_KNOTS('',3,(#1249,#1250,#1251,#1252,#1253,#1254,
#1255,#1256,#1257,#1258),.UNSPECIFIED.,.F.,.F.,(4,2,2,2,4),(-0.0336111931742678,
-0.0333224841741438,-0.0166814575560191,0.,0.000674842681485155),
 .UNSPECIFIED.);
#44=B_SPLINE_CURVE_WITH_KNOTS('',3,(#1294,#1295,#1296,#1297,#1298,#1299),
 .UNSPECIFIED.,.F.,.F.,(4,2,4),(0.,0.00707659365784896,0.0141532105509005),
 .UNSPECIFIED.);
#45=B_SPLINE_CURVE_WITH_KNOTS('',3,(#1346,#1347,#1348,#1349,#1350,#1351),
 .UNSPECIFIED.,.F.,.F.,(4,2,4),(-0.014153701724409,-0.00707683962954318,
0.),.UNSPECIFIED.);
#46=B_SPLINE_CURVE_WITH_KNOTS('',3,(#1353,#1354,#1355,#1356,#1357,#1358,
#1359),.UNSPECIFIED.,.F.,.F.,(4,1,2,4),(0.,0.0094790870403558,0.0189581740807116,
0.037683519357941),.UNSPECIFIED.);
#47=B_SPLINE_CURVE_WITH_KNOTS('',3,(#1360,#1361,#1362,#1363,#1364,#1365),
 .UNSPECIFIED.,.F.,.F.,(4,2,4),(0.,0.00709440348249088,0.0141889054699537),
 .UNSPECIFIED.);
#48=B_SPLINE_CURVE_WITH_KNOTS('',3,(#1369,#1370,#1371,#1372,#1373,#1374),
 .UNSPECIFIED.,.F.,.F.,(4,2,4),(0.,0.00707258110451959,0.0141451676232451),
 .UNSPECIFIED.);
#49=B_SPLINE_CURVE_WITH_KNOTS('',3,(#1419,#1420,#1421,#1422,#1423,#1424,
#1425),.UNSPECIFIED.,.F.,.F.,(4,1,2,4),(-2.28509417715017E-16,0.00931899722620449,
0.0186379944524092,0.0372966710477401),.UNSPECIFIED.);
#50=B_SPLINE_CURVE_WITH_KNOTS('',3,(#1467,#1468,#1469,#1470,#1471,#1472),
 .UNSPECIFIED.,.F.,.F.,(4,2,4),(0.,0.0166814575560191,0.0333224841741438),
 .UNSPECIFIED.);
#51=B_SPLINE_CURVE_WITH_KNOTS('',3,(#1473,#1474,#1475,#1476,#1477,#1478),
 .UNSPECIFIED.,.F.,.F.,(4,2,4),(-0.0141586380690239,-0.00707930428042994,
0.),.UNSPECIFIED.);
#52=B_SPLINE_CURVE_WITH_KNOTS('',3,(#1520,#1521,#1522,#1523,#1524,#1525),
 .UNSPECIFIED.,.F.,.F.,(4,2,4),(0.,0.01686983881918,0.0336231622179033),
 .UNSPECIFIED.);
#53=B_SPLINE_CURVE_WITH_KNOTS('',3,(#1526,#1527,#1528,#1529,#1530,#1531),
 .UNSPECIFIED.,.F.,.F.,(4,2,4),(-0.0141575799558172,-0.00707877210269243,
0.),.UNSPECIFIED.);
#54=B_SPLINE_CURVE_WITH_KNOTS('',3,(#1573,#1574,#1575,#1576,#1577,#1578),
 .UNSPECIFIED.,.F.,.F.,(4,2,4),(0.,0.0167533233987234,0.0336231622179033),
 .UNSPECIFIED.);
#55=B_SPLINE_CURVE_WITH_KNOTS('',3,(#1579,#1580,#1581,#1582,#1583,#1584),
 .UNSPECIFIED.,.F.,.F.,(4,2,4),(-0.0141582620518699,-0.00707911235538971,
0.),.UNSPECIFIED.);
#56=B_SPLINE_CURVE_WITH_KNOTS('',3,(#1625,#1626,#1627,#1628,#1629,#1630),
 .UNSPECIFIED.,.F.,.F.,(4,2,4),(0.,0.0168821118505655,0.0336732807329653),
 .UNSPECIFIED.);
#57=B_SPLINE_CURVE_WITH_KNOTS('',3,(#1665,#1666,#1667,#1668,#1669),
 .UNSPECIFIED.,.F.,.F.,(4,1,4),(0.,0.0186379944524092,0.0372966710477409),
 .UNSPECIFIED.);
#58=B_SPLINE_CURVE_WITH_KNOTS('',3,(#1682,#1683,#1684,#1685,#1686),
 .UNSPECIFIED.,.F.,.F.,(4,1,4),(0.,0.0189581740807116,0.037683519357941),
 .UNSPECIFIED.);
#59=B_SPLINE_CURVE_WITH_KNOTS('',3,(#1703,#1704,#1705,#1706,#1707),
 .UNSPECIFIED.,.F.,.F.,(4,1,4),(0.,0.0166814575560191,0.0333224841741438),
 .UNSPECIFIED.);
#60=B_SPLINE_CURVE_WITH_KNOTS('',3,(#1720,#1721,#1722,#1723,#1724),
 .UNSPECIFIED.,.F.,.F.,(4,1,4),(0.,0.01686983881918,0.0336231622179033),
 .UNSPECIFIED.);
#61=B_SPLINE_CURVE_WITH_KNOTS('',3,(#1737,#1738,#1739,#1740,#1741),
 .UNSPECIFIED.,.F.,.F.,(4,1,4),(0.,0.0167533233987234,0.0336231622179033),
 .UNSPECIFIED.);
#62=B_SPLINE_CURVE_WITH_KNOTS('',3,(#1754,#1755,#1756,#1757,#1758),
 .UNSPECIFIED.,.F.,.F.,(4,1,4),(0.,0.0168821118505661,0.0336732807329653),
 .UNSPECIFIED.);
#63=PLANE('',#927);
#64=PLANE('',#931);
#65=PLANE('',#932);
#66=PLANE('',#933);
#67=PLANE('',#934);
#68=PLANE('',#935);
#69=PLANE('',#936);
#70=PLANE('',#937);
#71=PLANE('',#938);
#72=PLANE('',#939);
#73=PLANE('',#940);
#74=PLANE('',#941);
#75=PLANE('',#942);
#76=PLANE('',#943);
#77=PLANE('',#944);
#78=PLANE('',#945);
#79=PLANE('',#946);
#80=PLANE('',#947);
#81=PLANE('',#951);
#82=PLANE('',#961);
#83=PLANE('',#963);
#84=PLANE('',#965);
#85=PLANE('',#966);
#86=PLANE('',#967);
#87=PLANE('',#968);
#88=PLANE('',#969);
#89=PLANE('',#970);
#90=PLANE('',#971);
#91=PLANE('',#972);
#92=PLANE('',#973);
#93=PLANE('',#974);
#94=PLANE('',#975);
#95=FACE_OUTER_BOUND('',#147,.T.);
#96=FACE_OUTER_BOUND('',#148,.T.);
#97=FACE_OUTER_BOUND('',#150,.T.);
#98=FACE_OUTER_BOUND('',#151,.T.);
#99=FACE_OUTER_BOUND('',#152,.T.);
#100=FACE_OUTER_BOUND('',#153,.T.);
#101=FACE_OUTER_BOUND('',#154,.T.);
#102=FACE_OUTER_BOUND('',#155,.T.);
#103=FACE_OUTER_BOUND('',#156,.T.);
#104=FACE_OUTER_BOUND('',#157,.T.);
#105=FACE_OUTER_BOUND('',#158,.T.);
#106=FACE_OUTER_BOUND('',#159,.T.);
#107=FACE_OUTER_BOUND('',#160,.T.);
#108=FACE_OUTER_BOUND('',#161,.T.);
#109=FACE_OUTER_BOUND('',#162,.T.);
#110=FACE_OUTER_BOUND('',#163,.T.);
#111=FACE_OUTER_BOUND('',#164,.T.);
#112=FACE_OUTER_BOUND('',#165,.T.);
#113=FACE_OUTER_BOUND('',#166,.T.);
#114=FACE_OUTER_BOUND('',#167,.T.);
#115=FACE_OUTER_BOUND('',#168,.T.);
#116=FACE_OUTER_BOUND('',#169,.T.);
#117=FACE_OUTER_BOUND('',#170,.T.);
#118=FACE_OUTER_BOUND('',#171,.T.);
#119=FACE_OUTER_BOUND('',#172,.T.);
#120=FACE_OUTER_BOUND('',#173,.T.);
#121=FACE_OUTER_BOUND('',#174,.T.);
#122=FACE_OUTER_BOUND('',#175,.T.);
#123=FACE_OUTER_BOUND('',#176,.T.);
#124=FACE_OUTER_BOUND('',#177,.T.);
#125=FACE_OUTER_BOUND('',#178,.T.);
#126=FACE_OUTER_BOUND('',#179,.T.);
#127=FACE_OUTER_BOUND('',#180,.T.);
#128=FACE_OUTER_BOUND('',#181,.T.);
#129=FACE_OUTER_BOUND('',#182,.T.);
#130=FACE_OUTER_BOUND('',#183,.T.);
#131=FACE_OUTER_BOUND('',#184,.T.);
#132=FACE_OUTER_BOUND('',#185,.T.);
#133=FACE_OUTER_BOUND('',#186,.T.);
#134=FACE_OUTER_BOUND('',#188,.T.);
#135=FACE_OUTER_BOUND('',#189,.T.);
#136=FACE_OUTER_BOUND('',#190,.T.);
#137=FACE_OUTER_BOUND('',#191,.T.);
#138=FACE_OUTER_BOUND('',#192,.T.);
#139=FACE_OUTER_BOUND('',#193,.T.);
#140=FACE_OUTER_BOUND('',#194,.T.);
#141=FACE_OUTER_BOUND('',#195,.T.);
#142=FACE_OUTER_BOUND('',#196,.T.);
#143=FACE_OUTER_BOUND('',#197,.T.);
#144=FACE_OUTER_BOUND('',#198,.T.);
#145=FACE_OUTER_BOUND('',#199,.T.);
#146=FACE_OUTER_BOUND('',#200,.T.);
#147=EDGE_LOOP('',(#595,#596,#597,#598));
#148=EDGE_LOOP('',(#599));
#149=EDGE_LOOP('',(#600,#601,#602,#603,#604,#605,#606,#607,#608,#609,#610,
#611,#612,#613));
#150=EDGE_LOOP('',(#614,#615,#616,#617,#618));
#151=EDGE_LOOP('',(#619,#620,#621,#622));
#152=EDGE_LOOP('',(#623,#624,#625,#626));
#153=EDGE_LOOP('',(#627,#628,#629,#630));
#154=EDGE_LOOP('',(#631,#632,#633,#634));
#155=EDGE_LOOP('',(#635,#636,#637,#638));
#156=EDGE_LOOP('',(#639,#640,#641,#642));
#157=EDGE_LOOP('',(#643,#644,#645,#646));
#158=EDGE_LOOP('',(#647,#648,#649,#650));
#159=EDGE_LOOP('',(#651,#652,#653,#654));
#160=EDGE_LOOP('',(#655,#656,#657,#658));
#161=EDGE_LOOP('',(#659,#660,#661,#662));
#162=EDGE_LOOP('',(#663,#664,#665,#666));
#163=EDGE_LOOP('',(#667,#668,#669,#670));
#164=EDGE_LOOP('',(#671,#672,#673,#674));
#165=EDGE_LOOP('',(#675,#676,#677,#678));
#166=EDGE_LOOP('',(#679,#680,#681,#682));
#167=EDGE_LOOP('',(#683,#684,#685,#686));
#168=EDGE_LOOP('',(#687,#688,#689,#690));
#169=EDGE_LOOP('',(#691,#692,#693,#694));
#170=EDGE_LOOP('',(#695,#696,#697,#698));
#171=EDGE_LOOP('',(#699,#700,#701,#702));
#172=EDGE_LOOP('',(#703,#704,#705,#706));
#173=EDGE_LOOP('',(#707,#708,#709,#710));
#174=EDGE_LOOP('',(#711,#712,#713,#714));
#175=EDGE_LOOP('',(#715,#716,#717,#718));
#176=EDGE_LOOP('',(#719,#720,#721,#722));
#177=EDGE_LOOP('',(#723,#724,#725,#726));
#178=EDGE_LOOP('',(#727,#728,#729,#730));
#179=EDGE_LOOP('',(#731,#732,#733,#734,#735,#736,#737,#738,#739,#740,#741,
#742,#743,#744));
#180=EDGE_LOOP('',(#745,#746,#747,#748));
#181=EDGE_LOOP('',(#749,#750,#751,#752,#753,#754,#755,#756));
#182=EDGE_LOOP('',(#757,#758,#759,#760));
#183=EDGE_LOOP('',(#761,#762,#763,#764));
#184=EDGE_LOOP('',(#765,#766,#767,#768));
#185=EDGE_LOOP('',(#769,#770,#771,#772));
#186=EDGE_LOOP('',(#773,#774,#775,#776,#777,#778,#779,#780,#781,#782));
#187=EDGE_LOOP('',(#783));
#188=EDGE_LOOP('',(#784,#785,#786,#787,#788,#789,#790,#791));
#189=EDGE_LOOP('',(#792,#793,#794,#795,#796));
#190=EDGE_LOOP('',(#797,#798,#799,#800,#801,#802,#803,#804));
#191=EDGE_LOOP('',(#805,#806,#807,#808,#809));
#192=EDGE_LOOP('',(#810,#811,#812,#813,#814));
#193=EDGE_LOOP('',(#815,#816,#817,#818));
#194=EDGE_LOOP('',(#819,#820,#821,#822));
#195=EDGE_LOOP('',(#823,#824,#825,#826,#827,#828,#829));
#196=EDGE_LOOP('',(#830,#831,#832,#833));
#197=EDGE_LOOP('',(#834,#835,#836,#837));
#198=EDGE_LOOP('',(#838,#839,#840,#841,#842,#843,#844));
#199=EDGE_LOOP('',(#845,#846,#847,#848));
#200=EDGE_LOOP('',(#849,#850,#851,#852));
#201=LINE('',#1173,#287);
#202=LINE('',#1202,#288);
#203=LINE('',#1204,#289);
#204=LINE('',#1206,#290);
#205=LINE('',#1208,#291);
#206=LINE('',#1210,#292);
#207=LINE('',#1212,#293);
#208=LINE('',#1214,#294);
#209=LINE('',#1259,#295);
#210=LINE('',#1262,#296);
#211=LINE('',#1268,#297);
#212=LINE('',#1270,#298);
#213=LINE('',#1271,#299);
#214=LINE('',#1274,#300);
#215=LINE('',#1275,#301);
#216=LINE('',#1278,#302);
#217=LINE('',#1279,#303);
#218=LINE('',#1282,#304);
#219=LINE('',#1283,#305);
#220=LINE('',#1286,#306);
#221=LINE('',#1287,#307);
#222=LINE('',#1290,#308);
#223=LINE('',#1291,#309);
#224=LINE('',#1300,#310);
#225=LINE('',#1368,#311);
#226=LINE('',#1633,#312);
#227=LINE('',#1635,#313);
#228=LINE('',#1636,#314);
#229=LINE('',#1639,#315);
#230=LINE('',#1640,#316);
#231=LINE('',#1643,#317);
#232=LINE('',#1644,#318);
#233=LINE('',#1647,#319);
#234=LINE('',#1648,#320);
#235=LINE('',#1651,#321);
#236=LINE('',#1652,#322);
#237=LINE('',#1664,#323);
#238=LINE('',#1681,#324);
#239=LINE('',#1689,#325);
#240=LINE('',#1690,#326);
#241=LINE('',#1702,#327);
#242=LINE('',#1719,#328);
#243=LINE('',#1736,#329);
#244=LINE('',#1753,#330);
#245=LINE('',#1761,#331);
#246=LINE('',#1762,#332);
#247=LINE('',#1764,#333);
#248=LINE('',#1781,#334);
#249=LINE('',#1783,#335);
#250=LINE('',#1785,#336);
#251=LINE('',#1787,#337);
#252=LINE('',#1791,#338);
#253=LINE('',#1792,#339);
#254=LINE('',#1807,#340);
#255=LINE('',#1808,#341);
#256=LINE('',#1823,#342);
#257=LINE('',#1824,#343);
#258=LINE('',#1827,#344);
#259=LINE('',#1829,#345);
#260=LINE('',#1831,#346);
#261=LINE('',#1832,#347);
#262=LINE('',#1834,#348);
#263=LINE('',#1836,#349);
#264=LINE('',#1838,#350);
#265=LINE('',#1839,#351);
#266=LINE('',#1844,#352);
#267=LINE('',#1846,#353);
#268=LINE('',#1847,#354);
#269=LINE('',#1849,#355);
#270=LINE('',#1852,#356);
#271=LINE('',#1854,#357);
#272=LINE('',#1855,#358);
#273=LINE('',#1859,#359);
#274=LINE('',#1861,#360);
#275=LINE('',#1862,#361);
#276=LINE('',#1863,#362);
#277=LINE('',#1866,#363);
#278=LINE('',#1868,#364);
#279=LINE('',#1870,#365);
#280=LINE('',#1871,#366);
#281=LINE('',#1873,#367);
#282=LINE('',#1875,#368);
#283=LINE('',#1877,#369);
#284=LINE('',#1879,#370);
#285=LINE('',#1881,#371);
#286=LINE('',#1884,#372);
#287=VECTOR('',#982,4.13535533905933);
#288=VECTOR('',#987,10.);
#289=VECTOR('',#988,10.);
#290=VECTOR('',#989,10.);
#291=VECTOR('',#990,10.);
#292=VECTOR('',#991,10.);
#293=VECTOR('',#992,10.);
#294=VECTOR('',#993,10.);
#295=VECTOR('',#994,10.);
#296=VECTOR('',#997,4.5);
#297=VECTOR('',#1004,10.);
#298=VECTOR('',#1005,10.);
#299=VECTOR('',#1006,10.);
#300=VECTOR('',#1009,10.);
#301=VECTOR('',#1010,10.);
#302=VECTOR('',#1013,10.);
#303=VECTOR('',#1014,10.);
#304=VECTOR('',#1017,10.);
#305=VECTOR('',#1018,10.);
#306=VECTOR('',#1021,10.);
#307=VECTOR('',#1022,10.);
#308=VECTOR('',#1025,10.);
#309=VECTOR('',#1026,10.);
#310=VECTOR('',#1029,10.);
#311=VECTOR('',#1032,10.);
#312=VECTOR('',#1035,10.);
#313=VECTOR('',#1036,10.);
#314=VECTOR('',#1037,10.);
#315=VECTOR('',#1040,10.);
#316=VECTOR('',#1041,10.);
#317=VECTOR('',#1044,10.);
#318=VECTOR('',#1045,10.);
#319=VECTOR('',#1048,10.);
#320=VECTOR('',#1049,10.);
#321=VECTOR('',#1052,10.);
#322=VECTOR('',#1053,10.);
#323=VECTOR('',#1054,10.);
#324=VECTOR('',#1055,10.);
#325=VECTOR('',#1058,10.);
#326=VECTOR('',#1059,10.);
#327=VECTOR('',#1060,10.);
#328=VECTOR('',#1061,10.);
#329=VECTOR('',#1062,10.);
#330=VECTOR('',#1063,10.);
#331=VECTOR('',#1066,10.);
#332=VECTOR('',#1067,10.);
#333=VECTOR('',#1070,10.);
#334=VECTOR('',#1081,10.);
#335=VECTOR('',#1082,10.);
#336=VECTOR('',#1083,10.);
#337=VECTOR('',#1084,10.);
#338=VECTOR('',#1087,10.);
#339=VECTOR('',#1088,10.);
#340=VECTOR('',#1097,10.);
#341=VECTOR('',#1098,10.);
#342=VECTOR('',#1107,10.);
#343=VECTOR('',#1108,10.);
#344=VECTOR('',#1111,10.);
#345=VECTOR('',#1112,10.);
#346=VECTOR('',#1113,10.);
#347=VECTOR('',#1114,10.);
#348=VECTOR('',#1115,10.);
#349=VECTOR('',#1116,10.);
#350=VECTOR('',#1117,10.);
#351=VECTOR('',#1118,10.);
#352=VECTOR('',#1123,10.);
#353=VECTOR('',#1124,10.);
#354=VECTOR('',#1125,10.);
#355=VECTOR('',#1128,4.85);
#356=VECTOR('',#1131,10.);
#357=VECTOR('',#1132,10.);
#358=VECTOR('',#1133,10.);
#359=VECTOR('',#1136,10.);
#360=VECTOR('',#1137,10.);
#361=VECTOR('',#1138,10.);
#362=VECTOR('',#1139,10.);
#363=VECTOR('',#1142,10.);
#364=VECTOR('',#1143,10.);
#365=VECTOR('',#1144,10.);
#366=VECTOR('',#1145,10.);
#367=VECTOR('',#1148,10.);
#368=VECTOR('',#1151,10.);
#369=VECTOR('',#1154,10.);
#370=VECTOR('',#1157,10.);
#371=VECTOR('',#1160,10.);
#372=VECTOR('',#1165,10.);
#373=CIRCLE('',#925,4.22071067811865);
#374=CIRCLE('',#926,4.05000000000001);
#375=CIRCLE('',#929,4.85);
#376=CIRCLE('',#930,4.85);
#377=CIRCLE('',#949,6.25);
#378=CIRCLE('',#950,3.25);
#379=CIRCLE('',#952,6.25);
#380=CIRCLE('',#954,6.25);
#381=CIRCLE('',#955,5.75);
#382=CIRCLE('',#958,6.25);
#383=CIRCLE('',#959,5.75);
#384=CIRCLE('',#962,4.85);
#385=VERTEX_POINT('',#1170);
#386=VERTEX_POINT('',#1172);
#387=VERTEX_POINT('',#1176);
#388=VERTEX_POINT('',#1177);
#389=VERTEX_POINT('',#1189);
#390=VERTEX_POINT('',#1201);
#391=VERTEX_POINT('',#1203);
#392=VERTEX_POINT('',#1205);
#393=VERTEX_POINT('',#1207);
#394=VERTEX_POINT('',#1209);
#395=VERTEX_POINT('',#1211);
#396=VERTEX_POINT('',#1213);
#397=VERTEX_POINT('',#1215);
#398=VERTEX_POINT('',#1226);
#399=VERTEX_POINT('',#1237);
#400=VERTEX_POINT('',#1248);
#401=VERTEX_POINT('',#1261);
#402=VERTEX_POINT('',#1263);
#403=VERTEX_POINT('',#1267);
#404=VERTEX_POINT('',#1269);
#405=VERTEX_POINT('',#1273);
#406=VERTEX_POINT('',#1277);
#407=VERTEX_POINT('',#1281);
#408=VERTEX_POINT('',#1285);
#409=VERTEX_POINT('',#1289);
#410=VERTEX_POINT('',#1293);
#411=VERTEX_POINT('',#1345);
#412=VERTEX_POINT('',#1352);
#413=VERTEX_POINT('',#1367);
#414=VERTEX_POINT('',#1466);
#415=VERTEX_POINT('',#1519);
#416=VERTEX_POINT('',#1572);
#417=VERTEX_POINT('',#1632);
#418=VERTEX_POINT('',#1634);
#419=VERTEX_POINT('',#1638);
#420=VERTEX_POINT('',#1642);
#421=VERTEX_POINT('',#1646);
#422=VERTEX_POINT('',#1650);
#423=VERTEX_POINT('',#1663);
#424=VERTEX_POINT('',#1680);
#425=VERTEX_POINT('',#1688);
#426=VERTEX_POINT('',#1701);
#427=VERTEX_POINT('',#1718);
#428=VERTEX_POINT('',#1735);
#429=VERTEX_POINT('',#1752);
#430=VERTEX_POINT('',#1760);
#431=VERTEX_POINT('',#1767);
#432=VERTEX_POINT('',#1768);
#433=VERTEX_POINT('',#1772);
#434=VERTEX_POINT('',#1774);
#435=VERTEX_POINT('',#1780);
#436=VERTEX_POINT('',#1782);
#437=VERTEX_POINT('',#1784);
#438=VERTEX_POINT('',#1786);
#439=VERTEX_POINT('',#1788);
#440=VERTEX_POINT('',#1790);
#441=VERTEX_POINT('',#1794);
#442=VERTEX_POINT('',#1795);
#443=VERTEX_POINT('',#1799);
#444=VERTEX_POINT('',#1801);
#445=VERTEX_POINT('',#1810);
#446=VERTEX_POINT('',#1811);
#447=VERTEX_POINT('',#1815);
#448=VERTEX_POINT('',#1817);
#449=VERTEX_POINT('',#1826);
#450=VERTEX_POINT('',#1828);
#451=VERTEX_POINT('',#1830);
#452=VERTEX_POINT('',#1833);
#453=VERTEX_POINT('',#1835);
#454=VERTEX_POINT('',#1837);
#455=VERTEX_POINT('',#1840);
#456=VERTEX_POINT('',#1843);
#457=VERTEX_POINT('',#1845);
#458=VERTEX_POINT('',#1851);
#459=VERTEX_POINT('',#1853);
#460=VERTEX_POINT('',#1857);
#461=VERTEX_POINT('',#1858);
#462=VERTEX_POINT('',#1860);
#463=VERTEX_POINT('',#1865);
#464=VERTEX_POINT('',#1867);
#465=VERTEX_POINT('',#1869);
#466=EDGE_CURVE('',#385,#385,#373,.T.);
#467=EDGE_CURVE('',#385,#386,#201,.T.);
#468=EDGE_CURVE('',#386,#386,#374,.T.);
#469=EDGE_CURVE('',#387,#388,#38,.T.);
#470=EDGE_CURVE('',#389,#387,#39,.T.);
#471=EDGE_CURVE('',#390,#389,#202,.T.);
#472=EDGE_CURVE('',#391,#390,#203,.T.);
#473=EDGE_CURVE('',#392,#391,#204,.T.);
#474=EDGE_CURVE('',#393,#392,#205,.T.);
#475=EDGE_CURVE('',#394,#393,#206,.T.);
#476=EDGE_CURVE('',#395,#394,#207,.T.);
#477=EDGE_CURVE('',#396,#395,#208,.T.);
#478=EDGE_CURVE('',#397,#396,#40,.T.);
#479=EDGE_CURVE('',#398,#397,#41,.T.);
#480=EDGE_CURVE('',#399,#398,#42,.T.);
#481=EDGE_CURVE('',#400,#399,#43,.T.);
#482=EDGE_CURVE('',#388,#400,#209,.T.);
#483=EDGE_CURVE('',#385,#401,#210,.T.);
#484=EDGE_CURVE('',#401,#402,#375,.T.);
#485=EDGE_CURVE('',#402,#401,#376,.T.);
#486=EDGE_CURVE('',#394,#403,#211,.T.);
#487=EDGE_CURVE('',#403,#404,#212,.T.);
#488=EDGE_CURVE('',#395,#404,#213,.T.);
#489=EDGE_CURVE('',#393,#405,#214,.T.);
#490=EDGE_CURVE('',#405,#403,#215,.T.);
#491=EDGE_CURVE('',#404,#406,#216,.T.);
#492=EDGE_CURVE('',#406,#396,#217,.T.);
#493=EDGE_CURVE('',#392,#407,#218,.T.);
#494=EDGE_CURVE('',#407,#405,#219,.T.);
#495=EDGE_CURVE('',#391,#408,#220,.T.);
#496=EDGE_CURVE('',#408,#407,#221,.T.);
#497=EDGE_CURVE('',#390,#409,#222,.T.);
#498=EDGE_CURVE('',#409,#408,#223,.T.);
#499=EDGE_CURVE('',#389,#410,#44,.T.);
#500=EDGE_CURVE('',#410,#409,#224,.T.);
#501=EDGE_CURVE('',#388,#411,#45,.T.);
#502=EDGE_CURVE('',#411,#412,#46,.T.);
#503=EDGE_CURVE('',#412,#387,#47,.T.);
#504=EDGE_CURVE('',#413,#411,#225,.T.);
#505=EDGE_CURVE('',#400,#413,#48,.T.);
#506=EDGE_CURVE('',#412,#410,#49,.T.);
#507=EDGE_CURVE('',#414,#413,#50,.T.);
#508=EDGE_CURVE('',#399,#414,#51,.T.);
#509=EDGE_CURVE('',#415,#414,#52,.T.);
#510=EDGE_CURVE('',#398,#415,#53,.T.);
#511=EDGE_CURVE('',#416,#415,#54,.T.);
#512=EDGE_CURVE('',#397,#416,#55,.T.);
#513=EDGE_CURVE('',#406,#416,#56,.T.);
#514=EDGE_CURVE('',#405,#417,#226,.T.);
#515=EDGE_CURVE('',#417,#418,#227,.T.);
#516=EDGE_CURVE('',#403,#418,#228,.T.);
#517=EDGE_CURVE('',#407,#419,#229,.T.);
#518=EDGE_CURVE('',#419,#417,#230,.T.);
#519=EDGE_CURVE('',#408,#420,#231,.T.);
#520=EDGE_CURVE('',#420,#419,#232,.T.);
#521=EDGE_CURVE('',#409,#421,#233,.T.);
#522=EDGE_CURVE('',#421,#420,#234,.T.);
#523=EDGE_CURVE('',#410,#422,#235,.T.);
#524=EDGE_CURVE('',#422,#421,#236,.T.);
#525=EDGE_CURVE('',#412,#423,#237,.T.);
#526=EDGE_CURVE('',#423,#422,#57,.T.);
#527=EDGE_CURVE('',#411,#424,#238,.T.);
#528=EDGE_CURVE('',#424,#423,#58,.T.);
#529=EDGE_CURVE('',#413,#425,#239,.T.);
#530=EDGE_CURVE('',#425,#424,#240,.T.);
#531=EDGE_CURVE('',#414,#426,#241,.T.);
#532=EDGE_CURVE('',#426,#425,#59,.T.);
#533=EDGE_CURVE('',#415,#427,#242,.T.);
#534=EDGE_CURVE('',#427,#426,#60,.T.);
#535=EDGE_CURVE('',#416,#428,#243,.T.);
#536=EDGE_CURVE('',#428,#427,#61,.T.);
#537=EDGE_CURVE('',#406,#429,#244,.T.);
#538=EDGE_CURVE('',#429,#428,#62,.T.);
#539=EDGE_CURVE('',#404,#430,#245,.T.);
#540=EDGE_CURVE('',#430,#429,#246,.T.);
#541=EDGE_CURVE('',#418,#430,#247,.T.);
#542=EDGE_CURVE('',#431,#432,#18,.F.);
#543=EDGE_CURVE('',#432,#433,#377,.T.);
#544=EDGE_CURVE('',#434,#433,#19,.T.);
#545=EDGE_CURVE('',#434,#431,#378,.T.);
#546=EDGE_CURVE('',#431,#435,#248,.T.);
#547=EDGE_CURVE('',#436,#434,#249,.T.);
#548=EDGE_CURVE('',#437,#436,#250,.T.);
#549=EDGE_CURVE('',#438,#437,#251,.T.);
#550=EDGE_CURVE('',#438,#439,#379,.T.);
#551=EDGE_CURVE('',#440,#439,#252,.T.);
#552=EDGE_CURVE('',#435,#440,#253,.T.);
#553=EDGE_CURVE('',#441,#442,#20,.F.);
#554=EDGE_CURVE('',#442,#443,#380,.T.);
#555=EDGE_CURVE('',#443,#444,#21,.F.);
#556=EDGE_CURVE('',#444,#441,#381,.T.);
#557=EDGE_CURVE('',#439,#442,#254,.T.);
#558=EDGE_CURVE('',#443,#438,#255,.T.);
#559=EDGE_CURVE('',#445,#446,#22,.F.);
#560=EDGE_CURVE('',#446,#447,#382,.T.);
#561=EDGE_CURVE('',#447,#448,#23,.F.);
#562=EDGE_CURVE('',#448,#445,#383,.T.);
#563=EDGE_CURVE('',#447,#432,#256,.T.);
#564=EDGE_CURVE('',#433,#446,#257,.T.);
#565=EDGE_CURVE('',#444,#449,#258,.T.);
#566=EDGE_CURVE('',#450,#449,#259,.T.);
#567=EDGE_CURVE('',#451,#450,#260,.T.);
#568=EDGE_CURVE('',#451,#445,#261,.T.);
#569=EDGE_CURVE('',#448,#452,#262,.T.);
#570=EDGE_CURVE('',#453,#452,#263,.T.);
#571=EDGE_CURVE('',#454,#453,#264,.T.);
#572=EDGE_CURVE('',#454,#441,#265,.T.);
#573=EDGE_CURVE('',#455,#455,#384,.T.);
#574=EDGE_CURVE('',#435,#456,#266,.T.);
#575=EDGE_CURVE('',#456,#457,#267,.T.);
#576=EDGE_CURVE('',#452,#457,#268,.T.);
#577=EDGE_CURVE('',#455,#402,#269,.T.);
#578=EDGE_CURVE('',#451,#458,#270,.T.);
#579=EDGE_CURVE('',#458,#459,#271,.T.);
#580=EDGE_CURVE('',#436,#459,#272,.T.);
#581=EDGE_CURVE('',#460,#461,#273,.T.);
#582=EDGE_CURVE('',#462,#460,#274,.T.);
#583=EDGE_CURVE('',#457,#462,#275,.T.);
#584=EDGE_CURVE('',#461,#456,#276,.T.);
#585=EDGE_CURVE('',#463,#458,#277,.T.);
#586=EDGE_CURVE('',#464,#463,#278,.T.);
#587=EDGE_CURVE('',#465,#464,#279,.T.);
#588=EDGE_CURVE('',#459,#465,#280,.T.);
#589=EDGE_CURVE('',#453,#462,#281,.T.);
#590=EDGE_CURVE('',#437,#465,#282,.T.);
#591=EDGE_CURVE('',#449,#464,#283,.T.);
#592=EDGE_CURVE('',#440,#461,#284,.T.);
#593=EDGE_CURVE('',#454,#460,#285,.T.);
#594=EDGE_CURVE('',#450,#463,#286,.T.);
#595=ORIENTED_EDGE('',*,*,#466,.T.);
#596=ORIENTED_EDGE('',*,*,#467,.T.);
#597=ORIENTED_EDGE('',*,*,#468,.T.);
#598=ORIENTED_EDGE('',*,*,#467,.F.);
#599=ORIENTED_EDGE('',*,*,#468,.F.);
#600=ORIENTED_EDGE('',*,*,#469,.F.);
#601=ORIENTED_EDGE('',*,*,#470,.F.);
#602=ORIENTED_EDGE('',*,*,#471,.F.);
#603=ORIENTED_EDGE('',*,*,#472,.F.);
#604=ORIENTED_EDGE('',*,*,#473,.F.);
#605=ORIENTED_EDGE('',*,*,#474,.F.);
#606=ORIENTED_EDGE('',*,*,#475,.F.);
#607=ORIENTED_EDGE('',*,*,#476,.F.);
#608=ORIENTED_EDGE('',*,*,#477,.F.);
#609=ORIENTED_EDGE('',*,*,#478,.F.);
#610=ORIENTED_EDGE('',*,*,#479,.F.);
#611=ORIENTED_EDGE('',*,*,#480,.F.);
#612=ORIENTED_EDGE('',*,*,#481,.F.);
#613=ORIENTED_EDGE('',*,*,#482,.F.);
#614=ORIENTED_EDGE('',*,*,#466,.F.);
#615=ORIENTED_EDGE('',*,*,#483,.T.);
#616=ORIENTED_EDGE('',*,*,#484,.T.);
#617=ORIENTED_EDGE('',*,*,#485,.T.);
#618=ORIENTED_EDGE('',*,*,#483,.F.);
#619=ORIENTED_EDGE('',*,*,#476,.T.);
#620=ORIENTED_EDGE('',*,*,#486,.T.);
#621=ORIENTED_EDGE('',*,*,#487,.T.);
#622=ORIENTED_EDGE('',*,*,#488,.F.);
#623=ORIENTED_EDGE('',*,*,#475,.T.);
#624=ORIENTED_EDGE('',*,*,#489,.T.);
#625=ORIENTED_EDGE('',*,*,#490,.T.);
#626=ORIENTED_EDGE('',*,*,#486,.F.);
#627=ORIENTED_EDGE('',*,*,#491,.T.);
#628=ORIENTED_EDGE('',*,*,#492,.T.);
#629=ORIENTED_EDGE('',*,*,#477,.T.);
#630=ORIENTED_EDGE('',*,*,#488,.T.);
#631=ORIENTED_EDGE('',*,*,#474,.T.);
#632=ORIENTED_EDGE('',*,*,#493,.T.);
#633=ORIENTED_EDGE('',*,*,#494,.T.);
#634=ORIENTED_EDGE('',*,*,#489,.F.);
#635=ORIENTED_EDGE('',*,*,#473,.T.);
#636=ORIENTED_EDGE('',*,*,#495,.T.);
#637=ORIENTED_EDGE('',*,*,#496,.T.);
#638=ORIENTED_EDGE('',*,*,#493,.F.);
#639=ORIENTED_EDGE('',*,*,#472,.T.);
#640=ORIENTED_EDGE('',*,*,#497,.T.);
#641=ORIENTED_EDGE('',*,*,#498,.T.);
#642=ORIENTED_EDGE('',*,*,#495,.F.);
#643=ORIENTED_EDGE('',*,*,#471,.T.);
#644=ORIENTED_EDGE('',*,*,#499,.T.);
#645=ORIENTED_EDGE('',*,*,#500,.T.);
#646=ORIENTED_EDGE('',*,*,#497,.F.);
#647=ORIENTED_EDGE('',*,*,#469,.T.);
#648=ORIENTED_EDGE('',*,*,#501,.T.);
#649=ORIENTED_EDGE('',*,*,#502,.T.);
#650=ORIENTED_EDGE('',*,*,#503,.T.);
#651=ORIENTED_EDGE('',*,*,#504,.T.);
#652=ORIENTED_EDGE('',*,*,#501,.F.);
#653=ORIENTED_EDGE('',*,*,#482,.T.);
#654=ORIENTED_EDGE('',*,*,#505,.T.);
#655=ORIENTED_EDGE('',*,*,#470,.T.);
#656=ORIENTED_EDGE('',*,*,#503,.F.);
#657=ORIENTED_EDGE('',*,*,#506,.T.);
#658=ORIENTED_EDGE('',*,*,#499,.F.);
#659=ORIENTED_EDGE('',*,*,#507,.T.);
#660=ORIENTED_EDGE('',*,*,#505,.F.);
#661=ORIENTED_EDGE('',*,*,#481,.T.);
#662=ORIENTED_EDGE('',*,*,#508,.T.);
#663=ORIENTED_EDGE('',*,*,#509,.T.);
#664=ORIENTED_EDGE('',*,*,#508,.F.);
#665=ORIENTED_EDGE('',*,*,#480,.T.);
#666=ORIENTED_EDGE('',*,*,#510,.T.);
#667=ORIENTED_EDGE('',*,*,#511,.T.);
#668=ORIENTED_EDGE('',*,*,#510,.F.);
#669=ORIENTED_EDGE('',*,*,#479,.T.);
#670=ORIENTED_EDGE('',*,*,#512,.T.);
#671=ORIENTED_EDGE('',*,*,#492,.F.);
#672=ORIENTED_EDGE('',*,*,#513,.T.);
#673=ORIENTED_EDGE('',*,*,#512,.F.);
#674=ORIENTED_EDGE('',*,*,#478,.T.);
#675=ORIENTED_EDGE('',*,*,#490,.F.);
#676=ORIENTED_EDGE('',*,*,#514,.T.);
#677=ORIENTED_EDGE('',*,*,#515,.T.);
#678=ORIENTED_EDGE('',*,*,#516,.F.);
#679=ORIENTED_EDGE('',*,*,#494,.F.);
#680=ORIENTED_EDGE('',*,*,#517,.T.);
#681=ORIENTED_EDGE('',*,*,#518,.T.);
#682=ORIENTED_EDGE('',*,*,#514,.F.);
#683=ORIENTED_EDGE('',*,*,#496,.F.);
#684=ORIENTED_EDGE('',*,*,#519,.T.);
#685=ORIENTED_EDGE('',*,*,#520,.T.);
#686=ORIENTED_EDGE('',*,*,#517,.F.);
#687=ORIENTED_EDGE('',*,*,#498,.F.);
#688=ORIENTED_EDGE('',*,*,#521,.T.);
#689=ORIENTED_EDGE('',*,*,#522,.T.);
#690=ORIENTED_EDGE('',*,*,#519,.F.);
#691=ORIENTED_EDGE('',*,*,#500,.F.);
#692=ORIENTED_EDGE('',*,*,#523,.T.);
#693=ORIENTED_EDGE('',*,*,#524,.T.);
#694=ORIENTED_EDGE('',*,*,#521,.F.);
#695=ORIENTED_EDGE('',*,*,#506,.F.);
#696=ORIENTED_EDGE('',*,*,#525,.T.);
#697=ORIENTED_EDGE('',*,*,#526,.T.);
#698=ORIENTED_EDGE('',*,*,#523,.F.);
#699=ORIENTED_EDGE('',*,*,#502,.F.);
#700=ORIENTED_EDGE('',*,*,#527,.T.);
#701=ORIENTED_EDGE('',*,*,#528,.T.);
#702=ORIENTED_EDGE('',*,*,#525,.F.);
#703=ORIENTED_EDGE('',*,*,#504,.F.);
#704=ORIENTED_EDGE('',*,*,#529,.T.);
#705=ORIENTED_EDGE('',*,*,#530,.T.);
#706=ORIENTED_EDGE('',*,*,#527,.F.);
#707=ORIENTED_EDGE('',*,*,#507,.F.);
#708=ORIENTED_EDGE('',*,*,#531,.T.);
#709=ORIENTED_EDGE('',*,*,#532,.T.);
#710=ORIENTED_EDGE('',*,*,#529,.F.);
#711=ORIENTED_EDGE('',*,*,#509,.F.);
#712=ORIENTED_EDGE('',*,*,#533,.T.);
#713=ORIENTED_EDGE('',*,*,#534,.T.);
#714=ORIENTED_EDGE('',*,*,#531,.F.);
#715=ORIENTED_EDGE('',*,*,#511,.F.);
#716=ORIENTED_EDGE('',*,*,#535,.T.);
#717=ORIENTED_EDGE('',*,*,#536,.T.);
#718=ORIENTED_EDGE('',*,*,#533,.F.);
#719=ORIENTED_EDGE('',*,*,#513,.F.);
#720=ORIENTED_EDGE('',*,*,#537,.T.);
#721=ORIENTED_EDGE('',*,*,#538,.T.);
#722=ORIENTED_EDGE('',*,*,#535,.F.);
#723=ORIENTED_EDGE('',*,*,#491,.F.);
#724=ORIENTED_EDGE('',*,*,#539,.T.);
#725=ORIENTED_EDGE('',*,*,#540,.T.);
#726=ORIENTED_EDGE('',*,*,#537,.F.);
#727=ORIENTED_EDGE('',*,*,#487,.F.);
#728=ORIENTED_EDGE('',*,*,#516,.T.);
#729=ORIENTED_EDGE('',*,*,#541,.T.);
#730=ORIENTED_EDGE('',*,*,#539,.F.);
#731=ORIENTED_EDGE('',*,*,#526,.F.);
#732=ORIENTED_EDGE('',*,*,#528,.F.);
#733=ORIENTED_EDGE('',*,*,#530,.F.);
#734=ORIENTED_EDGE('',*,*,#532,.F.);
#735=ORIENTED_EDGE('',*,*,#534,.F.);
#736=ORIENTED_EDGE('',*,*,#536,.F.);
#737=ORIENTED_EDGE('',*,*,#538,.F.);
#738=ORIENTED_EDGE('',*,*,#540,.F.);
#739=ORIENTED_EDGE('',*,*,#541,.F.);
#740=ORIENTED_EDGE('',*,*,#515,.F.);
#741=ORIENTED_EDGE('',*,*,#518,.F.);
#742=ORIENTED_EDGE('',*,*,#520,.F.);
#743=ORIENTED_EDGE('',*,*,#522,.F.);
#744=ORIENTED_EDGE('',*,*,#524,.F.);
#745=ORIENTED_EDGE('',*,*,#542,.T.);
#746=ORIENTED_EDGE('',*,*,#543,.T.);
#747=ORIENTED_EDGE('',*,*,#544,.F.);
#748=ORIENTED_EDGE('',*,*,#545,.T.);
#749=ORIENTED_EDGE('',*,*,#546,.F.);
#750=ORIENTED_EDGE('',*,*,#545,.F.);
#751=ORIENTED_EDGE('',*,*,#547,.F.);
#752=ORIENTED_EDGE('',*,*,#548,.F.);
#753=ORIENTED_EDGE('',*,*,#549,.F.);
#754=ORIENTED_EDGE('',*,*,#550,.T.);
#755=ORIENTED_EDGE('',*,*,#551,.F.);
#756=ORIENTED_EDGE('',*,*,#552,.F.);
#757=ORIENTED_EDGE('',*,*,#553,.T.);
#758=ORIENTED_EDGE('',*,*,#554,.T.);
#759=ORIENTED_EDGE('',*,*,#555,.T.);
#760=ORIENTED_EDGE('',*,*,#556,.T.);
#761=ORIENTED_EDGE('',*,*,#554,.F.);
#762=ORIENTED_EDGE('',*,*,#557,.F.);
#763=ORIENTED_EDGE('',*,*,#550,.F.);
#764=ORIENTED_EDGE('',*,*,#558,.F.);
#765=ORIENTED_EDGE('',*,*,#559,.T.);
#766=ORIENTED_EDGE('',*,*,#560,.T.);
#767=ORIENTED_EDGE('',*,*,#561,.T.);
#768=ORIENTED_EDGE('',*,*,#562,.T.);
#769=ORIENTED_EDGE('',*,*,#543,.F.);
#770=ORIENTED_EDGE('',*,*,#563,.F.);
#771=ORIENTED_EDGE('',*,*,#560,.F.);
#772=ORIENTED_EDGE('',*,*,#564,.F.);
#773=ORIENTED_EDGE('',*,*,#565,.T.);
#774=ORIENTED_EDGE('',*,*,#566,.F.);
#775=ORIENTED_EDGE('',*,*,#567,.F.);
#776=ORIENTED_EDGE('',*,*,#568,.T.);
#777=ORIENTED_EDGE('',*,*,#562,.F.);
#778=ORIENTED_EDGE('',*,*,#569,.T.);
#779=ORIENTED_EDGE('',*,*,#570,.F.);
#780=ORIENTED_EDGE('',*,*,#571,.F.);
#781=ORIENTED_EDGE('',*,*,#572,.T.);
#782=ORIENTED_EDGE('',*,*,#556,.F.);
#783=ORIENTED_EDGE('',*,*,#573,.T.);
#784=ORIENTED_EDGE('',*,*,#563,.T.);
#785=ORIENTED_EDGE('',*,*,#542,.F.);
#786=ORIENTED_EDGE('',*,*,#546,.T.);
#787=ORIENTED_EDGE('',*,*,#574,.T.);
#788=ORIENTED_EDGE('',*,*,#575,.T.);
#789=ORIENTED_EDGE('',*,*,#576,.F.);
#790=ORIENTED_EDGE('',*,*,#569,.F.);
#791=ORIENTED_EDGE('',*,*,#561,.F.);
#792=ORIENTED_EDGE('',*,*,#573,.F.);
#793=ORIENTED_EDGE('',*,*,#577,.T.);
#794=ORIENTED_EDGE('',*,*,#484,.F.);
#795=ORIENTED_EDGE('',*,*,#485,.F.);
#796=ORIENTED_EDGE('',*,*,#577,.F.);
#797=ORIENTED_EDGE('',*,*,#547,.T.);
#798=ORIENTED_EDGE('',*,*,#544,.T.);
#799=ORIENTED_EDGE('',*,*,#564,.T.);
#800=ORIENTED_EDGE('',*,*,#559,.F.);
#801=ORIENTED_EDGE('',*,*,#568,.F.);
#802=ORIENTED_EDGE('',*,*,#578,.T.);
#803=ORIENTED_EDGE('',*,*,#579,.T.);
#804=ORIENTED_EDGE('',*,*,#580,.F.);
#805=ORIENTED_EDGE('',*,*,#581,.F.);
#806=ORIENTED_EDGE('',*,*,#582,.F.);
#807=ORIENTED_EDGE('',*,*,#583,.F.);
#808=ORIENTED_EDGE('',*,*,#575,.F.);
#809=ORIENTED_EDGE('',*,*,#584,.F.);
#810=ORIENTED_EDGE('',*,*,#585,.F.);
#811=ORIENTED_EDGE('',*,*,#586,.F.);
#812=ORIENTED_EDGE('',*,*,#587,.F.);
#813=ORIENTED_EDGE('',*,*,#588,.F.);
#814=ORIENTED_EDGE('',*,*,#579,.F.);
#815=ORIENTED_EDGE('',*,*,#583,.T.);
#816=ORIENTED_EDGE('',*,*,#589,.F.);
#817=ORIENTED_EDGE('',*,*,#570,.T.);
#818=ORIENTED_EDGE('',*,*,#576,.T.);
#819=ORIENTED_EDGE('',*,*,#588,.T.);
#820=ORIENTED_EDGE('',*,*,#590,.F.);
#821=ORIENTED_EDGE('',*,*,#548,.T.);
#822=ORIENTED_EDGE('',*,*,#580,.T.);
#823=ORIENTED_EDGE('',*,*,#549,.T.);
#824=ORIENTED_EDGE('',*,*,#590,.T.);
#825=ORIENTED_EDGE('',*,*,#587,.T.);
#826=ORIENTED_EDGE('',*,*,#591,.F.);
#827=ORIENTED_EDGE('',*,*,#565,.F.);
#828=ORIENTED_EDGE('',*,*,#555,.F.);
#829=ORIENTED_EDGE('',*,*,#558,.T.);
#830=ORIENTED_EDGE('',*,*,#584,.T.);
#831=ORIENTED_EDGE('',*,*,#574,.F.);
#832=ORIENTED_EDGE('',*,*,#552,.T.);
#833=ORIENTED_EDGE('',*,*,#592,.T.);
#834=ORIENTED_EDGE('',*,*,#582,.T.);
#835=ORIENTED_EDGE('',*,*,#593,.F.);
#836=ORIENTED_EDGE('',*,*,#571,.T.);
#837=ORIENTED_EDGE('',*,*,#589,.T.);
#838=ORIENTED_EDGE('',*,*,#557,.T.);
#839=ORIENTED_EDGE('',*,*,#553,.F.);
#840=ORIENTED_EDGE('',*,*,#572,.F.);
#841=ORIENTED_EDGE('',*,*,#593,.T.);
#842=ORIENTED_EDGE('',*,*,#581,.T.);
#843=ORIENTED_EDGE('',*,*,#592,.F.);
#844=ORIENTED_EDGE('',*,*,#551,.T.);
#845=ORIENTED_EDGE('',*,*,#586,.T.);
#846=ORIENTED_EDGE('',*,*,#594,.F.);
#847=ORIENTED_EDGE('',*,*,#566,.T.);
#848=ORIENTED_EDGE('',*,*,#591,.T.);
#849=ORIENTED_EDGE('',*,*,#585,.T.);
#850=ORIENTED_EDGE('',*,*,#578,.F.);
#851=ORIENTED_EDGE('',*,*,#567,.T.);
#852=ORIENTED_EDGE('',*,*,#594,.T.);
#853=CONICAL_SURFACE('',#924,4.13535533905933,1.17809724509617);
#854=CONICAL_SURFACE('',#928,4.5,0.785398163397449);
#855=CONICAL_SURFACE('',#948,4.75,0.785398163397448);
#856=CONICAL_SURFACE('',#953,6.,0.785398163397448);
#857=CONICAL_SURFACE('',#957,6.,0.785398163397448);
#858=ADVANCED_FACE('',(#95),#853,.T.);
#859=ADVANCED_FACE('',(#96,#36),#63,.T.);
#860=ADVANCED_FACE('',(#97),#854,.T.);
#861=ADVANCED_FACE('',(#98),#64,.T.);
#862=ADVANCED_FACE('',(#99),#65,.T.);
#863=ADVANCED_FACE('',(#100),#66,.T.);
#864=ADVANCED_FACE('',(#101),#67,.T.);
#865=ADVANCED_FACE('',(#102),#68,.T.);
#866=ADVANCED_FACE('',(#103),#69,.T.);
#867=ADVANCED_FACE('',(#104),#70,.T.);
#868=ADVANCED_FACE('',(#105),#24,.T.);
#869=ADVANCED_FACE('',(#106),#71,.T.);
#870=ADVANCED_FACE('',(#107),#25,.T.);
#871=ADVANCED_FACE('',(#108),#26,.T.);
#872=ADVANCED_FACE('',(#109),#27,.T.);
#873=ADVANCED_FACE('',(#110),#28,.T.);
#874=ADVANCED_FACE('',(#111),#29,.T.);
#875=ADVANCED_FACE('',(#112),#72,.F.);
#876=ADVANCED_FACE('',(#113),#73,.F.);
#877=ADVANCED_FACE('',(#114),#74,.F.);
#878=ADVANCED_FACE('',(#115),#75,.F.);
#879=ADVANCED_FACE('',(#116),#76,.F.);
#880=ADVANCED_FACE('',(#117),#30,.F.);
#881=ADVANCED_FACE('',(#118),#31,.F.);
#882=ADVANCED_FACE('',(#119),#77,.F.);
#883=ADVANCED_FACE('',(#120),#32,.F.);
#884=ADVANCED_FACE('',(#121),#33,.F.);
#885=ADVANCED_FACE('',(#122),#34,.F.);
#886=ADVANCED_FACE('',(#123),#35,.F.);
#887=ADVANCED_FACE('',(#124),#78,.F.);
#888=ADVANCED_FACE('',(#125),#79,.F.);
#889=ADVANCED_FACE('',(#126),#80,.T.);
#890=ADVANCED_FACE('',(#127),#855,.T.);
#891=ADVANCED_FACE('',(#128),#81,.T.);
#892=ADVANCED_FACE('',(#129),#856,.T.);
#893=ADVANCED_FACE('',(#130),#15,.T.);
#894=ADVANCED_FACE('',(#131),#857,.T.);
#895=ADVANCED_FACE('',(#132),#16,.T.);
#896=ADVANCED_FACE('',(#133,#37),#82,.F.);
#897=ADVANCED_FACE('',(#134),#83,.T.);
#898=ADVANCED_FACE('',(#135),#17,.T.);
#899=ADVANCED_FACE('',(#136),#84,.T.);
#900=ADVANCED_FACE('',(#137),#85,.F.);
#901=ADVANCED_FACE('',(#138),#86,.F.);
#902=ADVANCED_FACE('',(#139),#87,.T.);
#903=ADVANCED_FACE('',(#140),#88,.T.);
#904=ADVANCED_FACE('',(#141),#89,.T.);
#905=ADVANCED_FACE('',(#142),#90,.T.);
#906=ADVANCED_FACE('',(#143),#91,.T.);
#907=ADVANCED_FACE('',(#144),#92,.T.);
#908=ADVANCED_FACE('',(#145),#93,.T.);
#909=ADVANCED_FACE('',(#146),#94,.T.);
#910=CLOSED_SHELL('',(#858,#859,#860,#861,#862,#863,#864,#865,#866,#867,
#868,#869,#870,#871,#872,#873,#874,#875,#876,#877,#878,#879,#880,#881,#882,
#883,#884,#885,#886,#887,#888,#889,#890,#891,#892,#893,#894,#895,#896,#897,
#898,#899,#900,#901,#902,#903,#904,#905,#906,#907,#908,#909));
#911=DERIVED_UNIT_ELEMENT(#913,1.);
#912=DERIVED_UNIT_ELEMENT(#1891,-3.);
#913=(
MASS_UNIT()
NAMED_UNIT(*)
SI_UNIT(.KILO.,.GRAM.)
);
#914=DERIVED_UNIT((#911,#912));
#915=MEASURE_REPRESENTATION_ITEM('density measure',
POSITIVE_RATIO_MEASURE(7850.),#914);
#916=PROPERTY_DEFINITION_REPRESENTATION(#921,#918);
#917=PROPERTY_DEFINITION_REPRESENTATION(#922,#919);
#918=REPRESENTATION('material name',(#920),#1888);
#919=REPRESENTATION('density',(#915),#1888);
#920=DESCRIPTIVE_REPRESENTATION_ITEM('Steel','Steel');
#921=PROPERTY_DEFINITION('material property','material name',#1898);
#922=PROPERTY_DEFINITION('material property','density of part',#1898);
#923=AXIS2_PLACEMENT_3D('',#1168,#976,#977);
#924=AXIS2_PLACEMENT_3D('',#1169,#978,#979);
#925=AXIS2_PLACEMENT_3D('',#1171,#980,#981);
#926=AXIS2_PLACEMENT_3D('',#1174,#983,#984);
#927=AXIS2_PLACEMENT_3D('',#1175,#985,#986);
#928=AXIS2_PLACEMENT_3D('',#1260,#995,#996);
#929=AXIS2_PLACEMENT_3D('',#1264,#998,#999);
#930=AXIS2_PLACEMENT_3D('',#1265,#1000,#1001);
#931=AXIS2_PLACEMENT_3D('',#1266,#1002,#1003);
#932=AXIS2_PLACEMENT_3D('',#1272,#1007,#1008);
#933=AXIS2_PLACEMENT_3D('',#1276,#1011,#1012);
#934=AXIS2_PLACEMENT_3D('',#1280,#1015,#1016);
#935=AXIS2_PLACEMENT_3D('',#1284,#1019,#1020);
#936=AXIS2_PLACEMENT_3D('',#1288,#1023,#1024);
#937=AXIS2_PLACEMENT_3D('',#1292,#1027,#1028);
#938=AXIS2_PLACEMENT_3D('',#1366,#1030,#1031);
#939=AXIS2_PLACEMENT_3D('',#1631,#1033,#1034);
#940=AXIS2_PLACEMENT_3D('',#1637,#1038,#1039);
#941=AXIS2_PLACEMENT_3D('',#1641,#1042,#1043);
#942=AXIS2_PLACEMENT_3D('',#1645,#1046,#1047);
#943=AXIS2_PLACEMENT_3D('',#1649,#1050,#1051);
#944=AXIS2_PLACEMENT_3D('',#1687,#1056,#1057);
#945=AXIS2_PLACEMENT_3D('',#1759,#1064,#1065);
#946=AXIS2_PLACEMENT_3D('',#1763,#1068,#1069);
#947=AXIS2_PLACEMENT_3D('',#1765,#1071,#1072);
#948=AXIS2_PLACEMENT_3D('',#1766,#1073,#1074);
#949=AXIS2_PLACEMENT_3D('',#1773,#1075,#1076);
#950=AXIS2_PLACEMENT_3D('',#1778,#1077,#1078);
#951=AXIS2_PLACEMENT_3D('',#1779,#1079,#1080);
#952=AXIS2_PLACEMENT_3D('',#1789,#1085,#1086);
#953=AXIS2_PLACEMENT_3D('',#1793,#1089,#1090);
#954=AXIS2_PLACEMENT_3D('',#1800,#1091,#1092);
#955=AXIS2_PLACEMENT_3D('',#1805,#1093,#1094);
#956=AXIS2_PLACEMENT_3D('',#1806,#1095,#1096);
#957=AXIS2_PLACEMENT_3D('',#1809,#1099,#1100);
#958=AXIS2_PLACEMENT_3D('',#1816,#1101,#1102);
#959=AXIS2_PLACEMENT_3D('',#1821,#1103,#1104);
#960=AXIS2_PLACEMENT_3D('',#1822,#1105,#1106);
#961=AXIS2_PLACEMENT_3D('',#1825,#1109,#1110);
#962=AXIS2_PLACEMENT_3D('',#1841,#1119,#1120);
#963=AXIS2_PLACEMENT_3D('',#1842,#1121,#1122);
#964=AXIS2_PLACEMENT_3D('',#1848,#1126,#1127);
#965=AXIS2_PLACEMENT_3D('',#1850,#1129,#1130);
#966=AXIS2_PLACEMENT_3D('',#1856,#1134,#1135);
#967=AXIS2_PLACEMENT_3D('',#1864,#1140,#1141);
#968=AXIS2_PLACEMENT_3D('',#1872,#1146,#1147);
#969=AXIS2_PLACEMENT_3D('',#1874,#1149,#1150);
#970=AXIS2_PLACEMENT_3D('',#1876,#1152,#1153);
#971=AXIS2_PLACEMENT_3D('',#1878,#1155,#1156);
#972=AXIS2_PLACEMENT_3D('',#1880,#1158,#1159);
#973=AXIS2_PLACEMENT_3D('',#1882,#1161,#1162);
#974=AXIS2_PLACEMENT_3D('',#1883,#1163,#1164);
#975=AXIS2_PLACEMENT_3D('',#1885,#1166,#1167);
#976=DIRECTION('axis',(0.,0.,1.));
#977=DIRECTION('refdir',(1.,0.,0.));
#978=DIRECTION('center_axis',(-5.08325989253012E-61,-3.92523114670961E-15,
-1.));
#979=DIRECTION('ref_axis',(1.,-9.3527356948596E-17,1.03982178064278E-15));
#980=DIRECTION('center_axis',(-1.05216690675422E-15,-2.63041726688556E-16,
1.));
#981=DIRECTION('ref_axis',(1.,-6.5760431672139E-17,1.05216690675422E-15));
#982=DIRECTION('',(0.923879532511287,1.30257030600573E-15,0.382683432365089));
#983=DIRECTION('center_axis',(1.02695629777827E-15,-1.26102912034105E-31,
-1.));
#984=DIRECTION('ref_axis',(1.,-1.22464679914735E-16,1.02695629777827E-15));
#985=DIRECTION('center_axis',(-1.02695629777827E-15,1.26102912034105E-31,
1.));
#986=DIRECTION('ref_axis',(1.,-1.22464679914735E-16,1.02695629777827E-15));
#987=DIRECTION('',(1.,-1.29502179681603E-46,1.02695629777827E-15));
#988=DIRECTION('',(-0.439298642109758,-0.898341083909961,-4.51140507120057E-16));
#989=DIRECTION('',(-1.,1.29502179681603E-46,-1.02695629777827E-15));
#990=DIRECTION('',(0.444224634043684,-0.895915439374027,4.56199285559407E-16));
#991=DIRECTION('',(0.442105099024167,0.896963255332587,4.54022615722753E-16));
#992=DIRECTION('',(1.,-1.29502179681603E-46,1.02695629777827E-15));
#993=DIRECTION('',(-0.442169152482119,-0.896931681118046,-4.54088395824791E-16));
#994=DIRECTION('',(-0.442617589248147,0.896710471494651,-4.54548920785818E-16));
#995=DIRECTION('center_axis',(1.02695629777827E-15,-1.26102912034105E-31,
-1.));
#996=DIRECTION('ref_axis',(1.,-1.22464679914735E-16,1.02695629777827E-15));
#997=DIRECTION('',(-0.707106781186547,-8.91682242266864E-32,-0.707106781186548));
#998=DIRECTION('center_axis',(-1.02695629777827E-15,1.26102912034105E-31,
1.));
#999=DIRECTION('ref_axis',(1.,-1.22464679914735E-16,1.02695629777827E-15));
#1000=DIRECTION('center_axis',(-1.02695629777827E-15,1.26102912034105E-31,
1.));
#1001=DIRECTION('ref_axis',(1.,-1.22464679914735E-16,1.02695629777827E-15));
#1002=DIRECTION('center_axis',(-7.26167762141244E-16,0.707106781186548,
0.707106781186548));
#1003=DIRECTION('ref_axis',(1.,-1.29502179681603E-46,1.02695629777827E-15));
#1004=DIRECTION('',(-0.402591065618841,0.647271362677153,-0.64727136267716));
#1005=DIRECTION('',(-1.,1.29502179681603E-46,-1.02695629777827E-15));
#1006=DIRECTION('',(0.750882859286712,0.466998357400436,-0.466998357400436));
#1007=DIRECTION('center_axis',(-0.634248800320837,0.31261551351714,0.707106781186543));
#1008=DIRECTION('ref_axis',(0.744417154589703,-9.64036441117435E-47,0.66771483430621));
#1009=DIRECTION('',(-0.00108081664446228,0.914244453099645,-0.405161587285754));
#1010=DIRECTION('',(-0.442105099024167,-0.896963255332587,-4.54022615722753E-16));
#1011=DIRECTION('center_axis',(0.634226473979596,-0.312660806151603,0.707106781186575));
#1012=DIRECTION('ref_axis',(0.744428837711566,-9.64051571014901E-47,-0.667701808881336));
#1013=DIRECTION('',(0.442169152482119,0.896931681118046,4.54088395824791E-16));
#1014=DIRECTION('',(-0.620905256297659,0.338986525546838,0.70679898004993));
#1015=DIRECTION('center_axis',(0.633507882551097,0.3141142511024,0.70710678118655));
#1016=DIRECTION('ref_axis',(0.744804942520625,-9.64538634940521E-47,-0.667282247326308));
#1017=DIRECTION('',(0.751719877485404,-0.466324578911153,-0.466324578911153));
#1018=DIRECTION('',(-0.444224634043684,0.895915439374027,-4.56199285559407E-16));
#1019=DIRECTION('center_axis',(-7.26167762141244E-16,-0.707106781186548,
0.707106781186548));
#1020=DIRECTION('ref_axis',(1.,-1.29502179681603E-46,1.02695629777827E-15));
#1021=DIRECTION('',(0.403767036049855,-0.646905008714386,-0.646905008714382));
#1022=DIRECTION('',(1.,-1.29502179681603E-46,1.02695629777827E-15));
#1023=DIRECTION('center_axis',(0.635223072251214,-0.310631048801856,0.707106781186539));
#1024=DIRECTION('ref_axis',(0.743907464509463,-9.63376381353902E-47,-0.668282637996157));
#1025=DIRECTION('',(0.749714640621679,0.467935870412555,-0.46793587041255));
#1026=DIRECTION('',(0.439298642109758,0.898341083909961,4.51140507120057E-16));
#1027=DIRECTION('center_axis',(-7.26167762141248E-16,0.707106781186544,
0.707106781186551));
#1028=DIRECTION('ref_axis',(1.,-1.29502179681603E-46,1.02695629777827E-15));
#1029=DIRECTION('',(-1.,1.29502179681603E-46,-1.02695629777827E-15));
#1030=DIRECTION('center_axis',(-0.634070055154866,-0.312977898829812,0.707106781186534));
#1031=DIRECTION('ref_axis',(0.744510693805076,-9.641575764402E-47,0.667610535274784));
#1032=DIRECTION('',(0.442617589248147,-0.896710471494651,4.54548920785818E-16));
#1033=DIRECTION('center_axis',(0.896963255332587,-0.442105099024168,0.));
#1034=DIRECTION('ref_axis',(-0.442105099024167,-0.896963255332587,-2.24549653477168E-16));
#1035=DIRECTION('',(0.,0.,-1.));
#1036=DIRECTION('',(-0.442105099024167,-0.896963255332587,-2.24549653477168E-16));
#1037=DIRECTION('',(0.,0.,-1.));
#1038=DIRECTION('center_axis',(-0.895915439374027,-0.444224634043684,0.));
#1039=DIRECTION('ref_axis',(-0.444224634043684,0.895915439374027,-2.18222229463166E-16));
#1040=DIRECTION('',(0.,0.,-1.));
#1041=DIRECTION('',(-0.444224634043684,0.895915439374027,-2.18222229463166E-16));
#1042=DIRECTION('center_axis',(1.29502179681603E-46,1.,0.));
#1043=DIRECTION('ref_axis',(1.,-1.29502179681603E-46,4.99551746561391E-16));
#1044=DIRECTION('',(0.,0.,-1.));
#1045=DIRECTION('',(1.,-1.29502179681603E-46,4.99551746561391E-16));
#1046=DIRECTION('center_axis',(-0.898341083909961,0.439298642109758,0.));
#1047=DIRECTION('ref_axis',(0.439298642109758,0.898341083909961,2.23153359355826E-16));
#1048=DIRECTION('',(0.,0.,-1.));
#1049=DIRECTION('',(0.439298642109758,0.898341083909961,2.23153359355826E-16));
#1050=DIRECTION('center_axis',(-1.29502179681603E-46,-1.,0.));
#1051=DIRECTION('ref_axis',(-1.,1.29502179681603E-46,-4.99551746561391E-16));
#1052=DIRECTION('',(0.,0.,-1.));
#1053=DIRECTION('',(-1.,1.29502179681603E-46,-4.99551746561391E-16));
#1054=DIRECTION('',(0.,0.,-1.));
#1055=DIRECTION('',(0.,0.,-1.));
#1056=DIRECTION('center_axis',(0.896710471494651,0.442617589248147,0.));
#1057=DIRECTION('ref_axis',(0.442617589248147,-0.896710471494651,2.17416152082122E-16));
#1058=DIRECTION('',(0.,0.,-1.));
#1059=DIRECTION('',(0.442617589248147,-0.896710471494651,2.17416152082122E-16));
#1060=DIRECTION('',(0.,0.,-1.));
#1061=DIRECTION('',(0.,0.,-1.));
#1062=DIRECTION('',(0.,0.,-1.));
#1063=DIRECTION('',(0.,0.,-1.));
#1064=DIRECTION('center_axis',(-0.896931681118046,0.442169152482119,0.));
#1065=DIRECTION('ref_axis',(0.442169152482119,0.896931681118046,2.24581521415572E-16));
#1066=DIRECTION('',(0.,0.,-1.));
#1067=DIRECTION('',(0.442169152482119,0.896931681118046,2.24581521415572E-16));
#1068=DIRECTION('center_axis',(-1.29502179681603E-46,-1.,0.));
#1069=DIRECTION('ref_axis',(-1.,1.29502179681603E-46,-4.99551746561391E-16));
#1070=DIRECTION('',(-1.,1.29502179681603E-46,-4.99551746561391E-16));
#1071=DIRECTION('center_axis',(-4.99551746561391E-16,-4.11976641627084E-18,
1.));
#1072=DIRECTION('ref_axis',(-1.,1.29502179681603E-46,-4.99551746561391E-16));
#1073=DIRECTION('center_axis',(-1.02695629777827E-15,1.26102912034105E-31,
1.));
#1074=DIRECTION('ref_axis',(1.,-1.22464679914735E-16,1.02695629777827E-15));
#1075=DIRECTION('center_axis',(1.02695629777827E-15,-1.26102912034105E-31,
-1.));
#1076=DIRECTION('ref_axis',(1.,-1.22464679914735E-16,1.02695629777827E-15));
#1077=DIRECTION('center_axis',(-1.02695629777827E-15,1.26102912034105E-31,
1.));
#1078=DIRECTION('ref_axis',(1.,-1.22464679914735E-16,1.02695629777827E-15));
#1079=DIRECTION('center_axis',(1.02695629777827E-15,-1.26102912034105E-31,
-1.));
#1080=DIRECTION('ref_axis',(-1.,1.22464679914735E-16,-1.02695629777827E-15));
#1081=DIRECTION('',(-9.72891804520833E-16,1.,-1.12522027774364E-30));
#1082=DIRECTION('',(-9.72891804520833E-16,1.,-1.12522027774364E-30));
#1083=DIRECTION('',(1.,-1.07408441530772E-15,1.02695629777827E-15));
#1084=DIRECTION('',(1.76549940656809E-15,1.,1.68698782226479E-30));
#1085=DIRECTION('center_axis',(1.02695629777827E-15,-1.26102912034105E-31,
-1.));
#1086=DIRECTION('ref_axis',(-1.,1.22464679914735E-16,-1.02695629777827E-15));
#1087=DIRECTION('',(1.76549940656809E-15,1.,1.68698782226479E-30));
#1088=DIRECTION('',(-1.,-1.14636163394258E-15,-1.02695629777827E-15));
#1089=DIRECTION('center_axis',(1.02695629777827E-15,-1.26102912034105E-31,
-1.));
#1090=DIRECTION('ref_axis',(-1.,1.22464679914735E-16,-1.02695629777827E-15));
#1091=DIRECTION('center_axis',(-1.02695629777827E-15,1.26102912034105E-31,
1.));
#1092=DIRECTION('ref_axis',(-1.,1.22464679914735E-16,-1.02695629777827E-15));
#1093=DIRECTION('center_axis',(1.02695629777827E-15,-1.26102912034105E-31,
-1.));
#1094=DIRECTION('ref_axis',(-1.,1.22464679914735E-16,-1.02695629777827E-15));
#1095=DIRECTION('center_axis',(-1.02695629777827E-15,1.26102912034105E-31,
1.));
#1096=DIRECTION('ref_axis',(-1.,1.22464679914735E-16,-1.02695629777827E-15));
#1097=DIRECTION('',(-1.02695629777827E-15,1.26102912034105E-31,1.));
#1098=DIRECTION('',(1.02695629777827E-15,-1.26102912034105E-31,-1.));
#1099=DIRECTION('center_axis',(1.02695629777827E-15,-1.26102912034105E-31,
-1.));
#1100=DIRECTION('ref_axis',(1.,-1.22464679914735E-16,1.02695629777827E-15));
#1101=DIRECTION('center_axis',(-1.02695629777827E-15,1.26102912034105E-31,
1.));
#1102=DIRECTION('ref_axis',(1.,-1.22464679914735E-16,1.02695629777827E-15));
#1103=DIRECTION('center_axis',(1.02695629777827E-15,-1.26102912034105E-31,
-1.));
#1104=DIRECTION('ref_axis',(1.,-1.22464679914735E-16,1.02695629777827E-15));
#1105=DIRECTION('center_axis',(-1.02695629777827E-15,1.26102912034105E-31,
1.));
#1106=DIRECTION('ref_axis',(1.,2.86369510912097E-15,1.02695629777827E-15));
#1107=DIRECTION('',(1.02695629777827E-15,-1.26102912034105E-31,-1.));
#1108=DIRECTION('',(-1.02695629777827E-15,1.26102912034105E-31,1.));
#1109=DIRECTION('center_axis',(1.02695629777827E-15,-1.26102912034105E-31,
-1.));
#1110=DIRECTION('ref_axis',(-1.,1.22464679914735E-16,-1.02695629777827E-15));
#1111=DIRECTION('',(-1.76549940656809E-15,-1.,1.36919560554444E-16));
#1112=DIRECTION('',(-0.70710678118655,-0.707106781186545,-7.26167762141246E-16));
#1113=DIRECTION('',(-0.707106781186545,0.70710678118655,-7.26167762141241E-16));
#1114=DIRECTION('',(-9.72891804520833E-16,1.,-1.12522027774364E-30));
#1115=DIRECTION('',(-9.72891804520833E-16,1.,-1.12522027774364E-30));
#1116=DIRECTION('',(0.707106781186545,0.70710678118655,7.26167762141241E-16));
#1117=DIRECTION('',(0.70710678118655,-0.707106781186545,7.26167762141247E-16));
#1118=DIRECTION('',(-1.76549940656809E-15,-1.,1.36919560554444E-16));
#1119=DIRECTION('center_axis',(1.02695629777827E-15,-1.26102912034105E-31,
-1.));
#1120=DIRECTION('ref_axis',(1.,-1.22464679914735E-16,1.02695629777827E-15));
#1121=DIRECTION('center_axis',(1.,9.72891804520833E-16,1.02695629777827E-15));
#1122=DIRECTION('ref_axis',(9.72891804520833E-16,-1.,1.12522027774364E-30));
#1123=DIRECTION('',(1.02695629777827E-15,-1.26102912034105E-31,-1.));
#1124=DIRECTION('',(-9.72891804520833E-16,1.,-1.12522027774364E-30));
#1125=DIRECTION('',(1.02695629777827E-15,-1.26102912034105E-31,-1.));
#1126=DIRECTION('center_axis',(1.02695629777827E-15,-1.26102912034105E-31,
-1.));
#1127=DIRECTION('ref_axis',(-1.,1.22464679914735E-16,-1.02695629777827E-15));
#1128=DIRECTION('',(-1.02695629777827E-15,1.26102912034105E-31,1.));
#1129=DIRECTION('center_axis',(1.,9.72891804520833E-16,1.02695629777827E-15));
#1130=DIRECTION('ref_axis',(9.72891804520833E-16,-1.,1.12522027774364E-30));
#1131=DIRECTION('',(1.02695629777827E-15,-1.26102912034105E-31,-1.));
#1132=DIRECTION('',(-9.72891804520833E-16,1.,-1.12522027774364E-30));
#1133=DIRECTION('',(1.02695629777827E-15,-1.26102912034105E-31,-1.));
#1134=DIRECTION('center_axis',(-1.02695629777827E-15,1.26102912034105E-31,
1.));
#1135=DIRECTION('ref_axis',(-1.,1.22464679914735E-16,-1.02695629777827E-15));
#1136=DIRECTION('',(-1.76549940656809E-15,-1.,-1.68698782226479E-30));
#1137=DIRECTION('',(-0.70710678118655,0.707106781186545,-7.26167762141247E-16));
#1138=DIRECTION('',(-0.707106781186545,-0.70710678118655,-7.26167762141241E-16));
#1139=DIRECTION('',(1.,1.14636163394258E-15,1.02695629777827E-15));
#1140=DIRECTION('center_axis',(-1.02695629777827E-15,1.26102912034105E-31,
1.));
#1141=DIRECTION('ref_axis',(-1.,1.22464679914735E-16,-1.02695629777827E-15));
#1142=DIRECTION('',(0.707106781186545,-0.70710678118655,7.26167762141241E-16));
#1143=DIRECTION('',(0.70710678118655,0.707106781186545,7.26167762141246E-16));
#1144=DIRECTION('',(-1.76549940656809E-15,-1.,-1.68698782226479E-30));
#1145=DIRECTION('',(-1.,1.07408441530772E-15,-1.02695629777827E-15));
#1146=DIRECTION('center_axis',(-0.70710678118655,0.707106781186545,-7.26167762141247E-16));
#1147=DIRECTION('ref_axis',(0.707106781186545,0.70710678118655,7.26167762141241E-16));
#1148=DIRECTION('',(1.02695629777827E-15,-1.26102912034105E-31,-1.));
#1149=DIRECTION('center_axis',(1.07408441530772E-15,1.,9.76934842611646E-31));
#1150=DIRECTION('ref_axis',(1.,-1.07408441530772E-15,1.02695629777827E-15));
#1151=DIRECTION('',(1.02695629777827E-15,-1.26102912034105E-31,-1.));
#1152=DIRECTION('center_axis',(-1.,1.76549940656809E-15,-1.02695629777827E-15));
#1153=DIRECTION('ref_axis',(1.76549940656809E-15,1.,-1.36919560554444E-16));
#1154=DIRECTION('',(1.02695629777827E-15,-1.26102912034105E-31,-1.));
#1155=DIRECTION('center_axis',(1.14636163394258E-15,-1.,1.30336621154283E-30));
#1156=DIRECTION('ref_axis',(-1.,-1.14636163394258E-15,-1.02695629777827E-15));
#1157=DIRECTION('',(1.02695629777827E-15,-1.26102912034105E-31,-1.));
#1158=DIRECTION('center_axis',(0.707106781186545,0.70710678118655,7.26167762141242E-16));
#1159=DIRECTION('ref_axis',(0.70710678118655,-0.707106781186545,7.26167762141247E-16));
#1160=DIRECTION('',(1.02695629777827E-15,-1.26102912034105E-31,-1.));
#1161=DIRECTION('center_axis',(-1.,1.76549940656809E-15,-1.02695629777827E-15));
#1162=DIRECTION('ref_axis',(1.76549940656809E-15,1.,-1.36919560554444E-16));
#1163=DIRECTION('center_axis',(0.707106781186545,-0.70710678118655,7.26167762141242E-16));
#1164=DIRECTION('ref_axis',(-0.70710678118655,-0.707106781186545,-7.26167762141246E-16));
#1165=DIRECTION('',(1.02695629777827E-15,-1.26102912034105E-31,-1.));
#1166=DIRECTION('center_axis',(-0.70710678118655,-0.707106781186545,-7.26167762141247E-16));
#1167=DIRECTION('ref_axis',(-0.707106781186545,0.70710678118655,-7.26167762141241E-16));
#1168=CARTESIAN_POINT('',(0.,0.,0.));
#1169=CARTESIAN_POINT('Origin',(72.7975810193784,1.44037680601095,9.74292278594064));
#1170=CARTESIAN_POINT('',(68.5768703412597,1.44037680601095,9.70756744688131));
#1171=CARTESIAN_POINT('Origin',(72.7975810193784,1.44037680601095,9.70756744688132));
#1172=CARTESIAN_POINT('',(68.7475810193784,1.44037680601095,9.77827812499996));
#1173=CARTESIAN_POINT('',(68.662225680319,1.44037680601095,9.74292278594064));
#1174=CARTESIAN_POINT('Origin',(72.7975810193784,1.44037680601095,9.77827812499997));
#1175=CARTESIAN_POINT('Origin',(72.7975810193784,1.44037680601095,9.77827812499997));
#1176=CARTESIAN_POINT('',(75.0374075562003,-0.438396780735279,9.77827812499997));
#1177=CARTESIAN_POINT('',(75.0612131114366,0.0166517389855367,9.77827812499997));
#1178=CARTESIAN_POINT('Ctrl Pts',(75.0374075562003,-0.438396780735345,9.77827812499997));
#1179=CARTESIAN_POINT('Ctrl Pts',(75.039043962838,-0.434926215565844,9.77827812499997));
#1180=CARTESIAN_POINT('Ctrl Pts',(75.0406902123834,-0.43145518744591,9.77827812499997));
#1181=CARTESIAN_POINT('Ctrl Pts',(75.0698234447912,-0.369100951021723,9.77827812499996));
#1182=CARTESIAN_POINT('Ctrl Pts',(75.1055169434441,-0.30010503004925,9.77827812499998));
#1183=CARTESIAN_POINT('Ctrl Pts',(75.1125735146433,-0.168124217447397,9.77827812499998));
#1184=CARTESIAN_POINT('Ctrl Pts',(75.0987357764318,-0.0869888031946865,
9.77827812499997));
#1185=CARTESIAN_POINT('Ctrl Pts',(75.0742791406818,-0.0197965496948705,
9.77827812499999));
#1186=CARTESIAN_POINT('Ctrl Pts',(75.0624999163179,0.0130623766077045,9.77827812499997));
#1187=CARTESIAN_POINT('Ctrl Pts',(75.061856635603,0.014856679711445,9.77827812499997));
#1188=CARTESIAN_POINT('Ctrl Pts',(75.0612131114365,0.0166517389856392,9.77827812499997));
#1189=CARTESIAN_POINT('',(74.6431792384451,-0.659622895965831,9.77827812499997));
#1190=CARTESIAN_POINT('Ctrl Pts',(74.6431792384451,-0.659622895965829,9.77827812499997));
#1191=CARTESIAN_POINT('Ctrl Pts',(74.6450335589211,-0.659414635989077,9.77827812499997));
#1192=CARTESIAN_POINT('Ctrl Pts',(74.6468906315709,-0.659210544767758,9.77827812499997));
#1193=CARTESIAN_POINT('Ctrl Pts',(74.7131170648005,-0.651530430124223,9.778278125));
#1194=CARTESIAN_POINT('Ctrl Pts',(74.7905699148207,-0.645782072068098,9.77827812499997));
#1195=CARTESIAN_POINT('Ctrl Pts',(74.9059567675013,-0.582182608636085,9.77827812499997));
#1196=CARTESIAN_POINT('Ctrl Pts',(74.9666867182187,-0.528251257594038,9.77827812499997));
#1197=CARTESIAN_POINT('Ctrl Pts',(75.0101163178694,-0.472857311503801,9.77827812499997));
#1198=CARTESIAN_POINT('Ctrl Pts',(75.0326441311909,-0.444411722441579,9.77827812499997));
#1199=CARTESIAN_POINT('Ctrl Pts',(75.0350254013551,-0.441404768031294,9.77827812499997));
#1200=CARTESIAN_POINT('Ctrl Pts',(75.0374075562004,-0.43839678073522,9.77827812499997));
#1201=CARTESIAN_POINT('',(71.7745065068234,-0.659622895965828,9.77827812499997));
#1202=CARTESIAN_POINT('',(73.7175811608067,-0.659622895965828,9.77827812499997));
#1203=CARTESIAN_POINT('',(72.3808801163566,0.580377125491846,9.77827812499997));
#1204=CARTESIAN_POINT('',(72.3227882545169,0.461582526262509,9.77827812499997));
#1205=CARTESIAN_POINT('',(73.4020942004801,0.580377125491845,9.77827812499997));
#1206=CARTESIAN_POINT('',(72.6204381664028,0.580377125491845,9.77827812499997));
#1207=CARTESIAN_POINT('',(72.8835620729175,1.62615645264426,9.77827812499997));
#1208=CARTESIAN_POINT('',(73.207118313688,0.973605897369094,9.77827812499997));
#1209=CARTESIAN_POINT('',(71.7569220469669,-0.659622895965825,9.77827812499997));
#1210=CARTESIAN_POINT('',(72.8830384109634,1.62509402307239,9.77827812499997));
#1211=CARTESIAN_POINT('',(70.3739345559325,-0.659622895965828,9.77827812499996));
#1212=CARTESIAN_POINT('',(72.2461524386635,-0.659622895965828,9.77827812499997));
#1213=CARTESIAN_POINT('',(72.2525907569926,3.15119532869045,9.77827812499997));
#1214=CARTESIAN_POINT('',(71.0628356767148,0.737799870680859,9.77827812499996));
#1215=CARTESIAN_POINT('',(72.513035235147,3.43394432320702,9.77827812499997));
#1216=CARTESIAN_POINT('Ctrl Pts',(72.5130352351473,3.43394432320722,9.77827812499997));
#1217=CARTESIAN_POINT('Ctrl Pts',(72.5112103820324,3.43262491117824,9.77827812499997));
#1218=CARTESIAN_POINT('Ctrl Pts',(72.5093843381813,3.4313063880539,9.77827812499997));
#1219=CARTESIAN_POINT('Ctrl Pts',(72.4617360773487,3.39678781425833,9.77827812499997));
#1220=CARTESIAN_POINT('Ctrl Pts',(72.4100541136419,3.36033168858832,9.77827812499996));
#1221=CARTESIAN_POINT('Ctrl Pts',(72.3162679249791,3.25838505783037,9.77827812499997));
#1222=CARTESIAN_POINT('Ctrl Pts',(72.2841260485519,3.20351123599588,9.77827812499995));
#1223=CARTESIAN_POINT('Ctrl Pts',(72.2540291418186,3.15358915699478,9.77827812499997));
#1224=CARTESIAN_POINT('Ctrl Pts',(72.2533099957774,3.15239205352792,9.77827812499997));
#1225=CARTESIAN_POINT('Ctrl Pts',(72.2525902349226,3.15119564276786,9.77827812499997));
#1226=CARTESIAN_POINT('',(72.8861524596904,3.54059575849716,9.77827812499997));
#1227=CARTESIAN_POINT('Ctrl Pts',(72.8861524596905,3.54059575849717,9.77827812499997));
#1228=CARTESIAN_POINT('Ctrl Pts',(72.8839535503277,3.54045038577278,9.77827812499997));
#1229=CARTESIAN_POINT('Ctrl Pts',(72.8817540200917,3.54030653682499,9.77827812499997));
#1230=CARTESIAN_POINT('Ctrl Pts',(72.8227591255324,3.53634406725543,9.77827812499997));
#1231=CARTESIAN_POINT('Ctrl Pts',(72.7588614789231,3.53295556912333,9.77827812499997));
#1232=CARTESIAN_POINT('Ctrl Pts',(72.6245010708019,3.49442293105747,9.77827812499997));
#1233=CARTESIAN_POINT('Ctrl Pts',(72.568866016176,3.46373517452336,9.77827812499996));
#1234=CARTESIAN_POINT('Ctrl Pts',(72.5170064072654,3.43606993467208,9.77827812499997));
#1235=CARTESIAN_POINT('Ctrl Pts',(72.5150209663394,3.43500630655204,9.77827812499997));
#1236=CARTESIAN_POINT('Ctrl Pts',(72.513035235147,3.43394432320704,9.77827812499997));
#1237=CARTESIAN_POINT('',(73.2593387755029,3.43390737269871,9.77827812499997));
#1238=CARTESIAN_POINT('Ctrl Pts',(73.259338775503,3.43390737269868,9.77827812499997));
#1239=CARTESIAN_POINT('Ctrl Pts',(73.2573300138875,3.4349816728798,9.77827812499997));
#1240=CARTESIAN_POINT('Ctrl Pts',(73.2553215457085,3.43605763695515,9.77827812499997));
#1241=CARTESIAN_POINT('Ctrl Pts',(73.2034389005279,3.46373516642934,9.77827812499997));
#1242=CARTESIAN_POINT('Ctrl Pts',(73.1478038471505,3.49442292548693,9.77827812499997));
#1243=CARTESIAN_POINT('Ctrl Pts',(73.0134434395399,3.53295556587679,9.77827812499997));
#1244=CARTESIAN_POINT('Ctrl Pts',(72.9495457936861,3.53634406662567,9.77827812499998));
#1245=CARTESIAN_POINT('Ctrl Pts',(72.8905508992919,3.5403065368355,9.77827812499997));
#1246=CARTESIAN_POINT('Ctrl Pts',(72.8883513690532,3.54045038577278,9.77827812499997));
#1247=CARTESIAN_POINT('Ctrl Pts',(72.8861524596904,3.54059575849717,9.77827812499997));
#1248=CARTESIAN_POINT('',(73.5145262158096,3.15012456576664,9.77827812499997));
#1249=CARTESIAN_POINT('Ctrl Pts',(73.5145249752251,3.15012674729848,9.77827812499997));
#1250=CARTESIAN_POINT('Ctrl Pts',(73.5140432327223,3.15097387752055,9.77827812499997));
#1251=CARTESIAN_POINT('Ctrl Pts',(73.513561982413,3.15182154581841,9.77827812499997));
#1252=CARTESIAN_POINT('Ctrl Pts',(73.4852695596236,3.20144991104279,9.77827812499997));
#1253=CARTESIAN_POINT('Ctrl Pts',(73.4547538081508,3.25679177236321,9.77827812499997));
#1254=CARTESIAN_POINT('Ctrl Pts',(73.3621677230724,3.36027182006158,9.77827812499997));
#1255=CARTESIAN_POINT('Ctrl Pts',(73.3103995701827,3.39679288484943,9.77827812499997));
#1256=CARTESIAN_POINT('Ctrl Pts',(73.2630280408688,3.43123319202916,9.77827812499997));
#1257=CARTESIAN_POINT('Ctrl Pts',(73.2611827090159,3.43256978034467,9.77827812499997));
#1258=CARTESIAN_POINT('Ctrl Pts',(73.2593387755028,3.43390737269876,9.77827812499997));
#1259=CARTESIAN_POINT('',(73.784245837341,2.60369291008445,9.77827812499997));
#1260=CARTESIAN_POINT('Origin',(72.7975810193784,1.44037680601095,9.42827812499997));
#1261=CARTESIAN_POINT('',(67.9475810193784,1.44037680601095,9.07827812499996));
#1262=CARTESIAN_POINT('',(68.2975810193784,1.44037680601095,9.42827812499996));
#1263=CARTESIAN_POINT('',(77.6475810193784,1.44037680601095,9.07827812499997));
#1264=CARTESIAN_POINT('Origin',(72.7975810193784,1.44037680601095,9.07827812499997));
#1265=CARTESIAN_POINT('Origin',(72.7975810193784,1.44037680601095,9.07827812499997));
#1266=CARTESIAN_POINT('Origin',(72.2461524386635,-0.609622895965828,9.72827812499997));
#1267=CARTESIAN_POINT('',(71.6947238579487,-0.559622895965828,9.67827812499996));
#1268=CARTESIAN_POINT('',(71.7569220469669,-0.659622895965827,9.77827812499997));
#1269=CARTESIAN_POINT('',(70.5347237423157,-0.559622895965828,9.67827812499996));
#1270=CARTESIAN_POINT('',(72.2461524386635,-0.559622895965828,9.67827812499997));
#1271=CARTESIAN_POINT('',(70.3739345559325,-0.659622895965828,9.77827812499996));
#1272=CARTESIAN_POINT('Origin',(72.8381902481968,1.6471992780236,9.72827812499997));
#1273=CARTESIAN_POINT('',(72.8832953110432,1.85180579399084,9.67827812499997));
#1274=CARTESIAN_POINT('',(72.8835620729175,1.62615645264426,9.77827812499997));
#1275=CARTESIAN_POINT('',(72.7933420854301,1.6693045329748,9.67827812499997));
#1276=CARTESIAN_POINT('Origin',(71.1076822607707,0.715691413056751,9.72827812499996));
#1277=CARTESIAN_POINT('',(72.3404382601475,3.1032345173261,9.67827812499996));
#1278=CARTESIAN_POINT('',(71.1525288448267,0.693582955432644,9.67827812499996));
#1279=CARTESIAN_POINT('',(72.3404382601475,3.1032345173261,9.67827812499996));
#1280=CARTESIAN_POINT('Origin',(73.2519140856567,0.995817129071278,9.72827812499997));
#1281=CARTESIAN_POINT('',(73.5632951989864,0.480377125491845,9.67827812499997));
#1282=CARTESIAN_POINT('',(73.4020942004801,0.580377125491845,9.77827812499997));
#1283=CARTESIAN_POINT('',(73.2967098576254,1.01802836077346,9.67827812499997));
#1284=CARTESIAN_POINT('Origin',(72.6204381664028,0.530377125491845,9.72827812499997));
#1285=CARTESIAN_POINT('',(72.4432953134273,0.480377125491845,9.67827812499997));
#1286=CARTESIAN_POINT('',(72.3808801163566,0.580377125491845,9.77827812499997));
#1287=CARTESIAN_POINT('',(72.6204381664028,0.480377125491845,9.67827812499997));
#1288=CARTESIAN_POINT('Origin',(72.3677053087124,0.439617594157021,9.72827812499997));
#1289=CARTESIAN_POINT('',(71.9347238972877,-0.559622895965828,9.67827812499997));
#1290=CARTESIAN_POINT('',(71.7745065068234,-0.659622895965828,9.77827812499997));
#1291=CARTESIAN_POINT('',(72.4126223629079,0.417652662051534,9.67827812499997));
#1292=CARTESIAN_POINT('Origin',(73.7175811608067,-0.609622895965828,9.72827812499997));
#1293=CARTESIAN_POINT('',(74.637581302235,-0.559622895965828,9.67827812499997));
#1294=CARTESIAN_POINT('Ctrl Pts',(74.6431792384451,-0.659622895965829,9.77827812499997));
#1295=CARTESIAN_POINT('Ctrl Pts',(74.6422462506084,-0.642956256660683,9.76161148569483));
#1296=CARTESIAN_POINT('Ctrl Pts',(74.6413132627718,-0.626289617355538,9.74494484638968));
#1297=CARTESIAN_POINT('Ctrl Pts',(74.6394472840351,-0.592956284022203,9.71161151305634));
#1298=CARTESIAN_POINT('Ctrl Pts',(74.638514293135,-0.576289589994029,9.69494481902815));
#1299=CARTESIAN_POINT('Ctrl Pts',(74.637581302235,-0.55962289596584,9.67827812499996));
#1300=CARTESIAN_POINT('',(73.7175811608067,-0.559622895965828,9.67827812499997));
#1301=CARTESIAN_POINT('Ctrl Pts',(75.0612131114365,0.0166517389856392,9.77827812499997));
#1302=CARTESIAN_POINT('Ctrl Pts',(75.061856635603,0.014856679711445,9.77827812499997));
#1303=CARTESIAN_POINT('Ctrl Pts',(75.0624999163179,0.0130623766077045,9.77827812499997));
#1304=CARTESIAN_POINT('Ctrl Pts',(75.0742791406818,-0.0197965496948705,
9.77827812499999));
#1305=CARTESIAN_POINT('Ctrl Pts',(75.0987357764318,-0.0869888031946865,
9.77827812499997));
#1306=CARTESIAN_POINT('Ctrl Pts',(75.1125735146433,-0.168124217447397,9.77827812499998));
#1307=CARTESIAN_POINT('Ctrl Pts',(75.1055169434441,-0.30010503004925,9.77827812499998));
#1308=CARTESIAN_POINT('Ctrl Pts',(75.0698234447912,-0.369100951021723,9.77827812499996));
#1309=CARTESIAN_POINT('Ctrl Pts',(75.0406902123834,-0.43145518744591,9.77827812499997));
#1310=CARTESIAN_POINT('Ctrl Pts',(75.039043962838,-0.434926215565844,9.77827812499997));
#1311=CARTESIAN_POINT('Ctrl Pts',(75.0374075562003,-0.438396780735345,9.77827812499997));
#1312=CARTESIAN_POINT('Ctrl Pts',(75.0298351998832,0.00540283780970277,
9.74494479166663));
#1313=CARTESIAN_POINT('Ctrl Pts',(75.0304760625123,0.00360899757921247,
9.74494479166663));
#1314=CARTESIAN_POINT('Ctrl Pts',(75.031125314961,0.00181178899852568,9.74494479166663));
#1315=CARTESIAN_POINT('Ctrl Pts',(75.0428508573786,-0.0310122745913644,
9.74494479166665));
#1316=CARTESIAN_POINT('Ctrl Pts',(75.0667255996761,-0.0965141523046258,
9.74494479166663));
#1317=CARTESIAN_POINT('Ctrl Pts',(75.0789865427541,-0.171139646650522,9.74494479166664));
#1318=CARTESIAN_POINT('Ctrl Pts',(75.0729023794607,-0.289131528687775,9.74494479166664));
#1319=CARTESIAN_POINT('Ctrl Pts',(75.0399617690996,-0.354927186853411,9.74494479166662));
#1320=CARTESIAN_POINT('Ctrl Pts',(75.0105205949376,-0.417237453227446,9.74494479166663));
#1321=CARTESIAN_POINT('Ctrl Pts',(75.0089100170461,-0.420711335552145,9.74494479166663));
#1322=CARTESIAN_POINT('Ctrl Pts',(75.00725764996,-0.424180794494145,9.74494479166663));
#1323=CARTESIAN_POINT('Ctrl Pts',(74.99845728833,-0.00584606336623369,9.71161145833329));
#1324=CARTESIAN_POINT('Ctrl Pts',(74.999103474034,-0.00764234168413183,
9.71161145833329));
#1325=CARTESIAN_POINT('Ctrl Pts',(74.9997410264667,-0.00943449548137987,
9.71161145833329));
#1326=CARTESIAN_POINT('Ctrl Pts',(75.011565997077,-0.0423044279295374,9.71161145833332));
#1327=CARTESIAN_POINT('Ctrl Pts',(75.0344034195237,-0.106074824638662,9.7116114583333));
#1328=CARTESIAN_POINT('Ctrl Pts',(75.0455668523588,-0.174044586264672,9.71161145833331));
#1329=CARTESIAN_POINT('Ctrl Pts',(75.0400089177862,-0.27854582757963,9.7116114583333));
#1330=CARTESIAN_POINT('Ctrl Pts',(75.0094923812893,-0.340628490529012,9.71161145833328));
#1331=CARTESIAN_POINT('Ctrl Pts',(74.9804002682005,-0.403025425891209,9.71161145833329));
#1332=CARTESIAN_POINT('Ctrl Pts',(74.978728189909,-0.406493136855944,9.71161145833329));
#1333=CARTESIAN_POINT('Ctrl Pts',(74.9771077437196,-0.409964808252945,9.71161145833329));
#1334=CARTESIAN_POINT('Ctrl Pts',(74.9670793767767,-0.0170949645421702,
9.67827812499995));
#1335=CARTESIAN_POINT('Ctrl Pts',(74.9677229009432,-0.0188900238163644,
9.67827812499995));
#1336=CARTESIAN_POINT('Ctrl Pts',(74.9683664251097,-0.0206850830905587,
9.67827812499995));
#1337=CARTESIAN_POINT('Ctrl Pts',(74.9801377137738,-0.0535201528260313,
9.67827812499999));
#1338=CARTESIAN_POINT('Ctrl Pts',(75.002393242768,-0.115600173748601,9.67827812499996));
#1339=CARTESIAN_POINT('Ctrl Pts',(75.0119798804697,-0.177060015467797,9.67827812499997));
#1340=CARTESIAN_POINT('Ctrl Pts',(75.0073943538029,-0.267572326218155,9.67827812499996));
#1341=CARTESIAN_POINT('Ctrl Pts',(74.9796307055977,-0.3264547263607,9.67827812499995));
#1342=CARTESIAN_POINT('Ctrl Pts',(74.9502306507547,-0.388807691672744,9.67827812499995));
#1343=CARTESIAN_POINT('Ctrl Pts',(74.948594244117,-0.392278256842245,9.67827812499995));
#1344=CARTESIAN_POINT('Ctrl Pts',(74.9469578374793,-0.395748822011746,9.67827812499995));
#1345=CARTESIAN_POINT('',(74.9690099492763,-0.0224801423647517,9.67827812499995));
#1346=CARTESIAN_POINT('Ctrl Pts',(75.0612131114366,0.0166517389855241,9.77827812499996));
#1347=CARTESIAN_POINT('Ctrl Pts',(75.0458458933518,0.0101297484084965,9.76161143187929));
#1348=CARTESIAN_POINT('Ctrl Pts',(75.0304786752669,0.00360775783165401,
9.74494473875863));
#1349=CARTESIAN_POINT('Ctrl Pts',(74.9997442878802,-0.00943620261850422,
9.71161140542529));
#1350=CARTESIAN_POINT('Ctrl Pts',(74.9843771185783,-0.0159581724916255,
9.69494476521262));
#1351=CARTESIAN_POINT('Ctrl Pts',(74.9690099492763,-0.0224801423647544,
9.67827812499996));
#1352=CARTESIAN_POINT('',(74.9518670573925,-0.385337126503242,9.67827812499995));
#1353=CARTESIAN_POINT('Ctrl Pts',(74.9690099492763,-0.0224801423647528,
9.67827812499995));
#1354=CARTESIAN_POINT('Ctrl Pts',(74.9801377137738,-0.0535201528260313,
9.67827812499999));
#1355=CARTESIAN_POINT('Ctrl Pts',(75.002393242768,-0.115600173748601,9.67827812499996));
#1356=CARTESIAN_POINT('Ctrl Pts',(75.0119798804697,-0.177060015467797,9.67827812499997));
#1357=CARTESIAN_POINT('Ctrl Pts',(75.0073943538029,-0.267572326218155,9.67827812499996));
#1358=CARTESIAN_POINT('Ctrl Pts',(74.9796307055977,-0.3264547263607,9.67827812499995));
#1359=CARTESIAN_POINT('Ctrl Pts',(74.9518670573925,-0.385337126503243,9.67827812499995));
#1360=CARTESIAN_POINT('Ctrl Pts',(74.9518670573925,-0.38533712650325,9.67827812499995));
#1361=CARTESIAN_POINT('Ctrl Pts',(74.9661237082178,-0.394180340815106,9.69494467596005));
#1362=CARTESIAN_POINT('Ctrl Pts',(74.9803803590431,-0.403023555126983,9.71161122692016));
#1363=CARTESIAN_POINT('Ctrl Pts',(75.0088938586457,-0.420710106537675,9.7449445602535));
#1364=CARTESIAN_POINT('Ctrl Pts',(75.0231507074231,-0.429553443636376,9.76161134262673));
#1365=CARTESIAN_POINT('Ctrl Pts',(75.0374075562004,-0.438396780735221,9.77827812499997));
#1366=CARTESIAN_POINT('Origin',(73.7394103137662,2.58156203062204,9.72827812499997));
#1367=CARTESIAN_POINT('',(73.4261526599621,3.1032345173261,9.67827812499997));
#1368=CARTESIAN_POINT('',(73.6945747901915,2.55943115115963,9.67827812499997));
#1369=CARTESIAN_POINT('Ctrl Pts',(73.5145274239449,3.15012236700076,9.77827808826727));
#1370=CARTESIAN_POINT('Ctrl Pts',(73.4997982968417,3.14230772550899,9.76161142797993));
#1371=CARTESIAN_POINT('Ctrl Pts',(73.4850692022009,3.13449310124041,9.74494480442531));
#1372=CARTESIAN_POINT('Ctrl Pts',(73.4556109367191,3.11886381227456,9.71161147109198));
#1373=CARTESIAN_POINT('Ctrl Pts',(73.4408817983407,3.11104916480017,9.69494479804597));
#1374=CARTESIAN_POINT('Ctrl Pts',(73.4261526599621,3.10323451732611,9.67827812499996));
#1375=CARTESIAN_POINT('Ctrl Pts',(75.0374075562004,-0.43839678073522,9.77827812499997));
#1376=CARTESIAN_POINT('Ctrl Pts',(75.0350254013551,-0.441404768031294,9.77827812499997));
#1377=CARTESIAN_POINT('Ctrl Pts',(75.0326441311909,-0.444411722441579,9.77827812499997));
#1378=CARTESIAN_POINT('Ctrl Pts',(75.0101163178694,-0.472857311503801,9.77827812499997));
#1379=CARTESIAN_POINT('Ctrl Pts',(74.9666867182187,-0.528251257594038,9.77827812499997));
#1380=CARTESIAN_POINT('Ctrl Pts',(74.9059567675013,-0.582182608636085,9.77827812499997));
#1381=CARTESIAN_POINT('Ctrl Pts',(74.7905699148207,-0.645782072068098,9.77827812499997));
#1382=CARTESIAN_POINT('Ctrl Pts',(74.7131170648005,-0.651530430124223,9.778278125));
#1383=CARTESIAN_POINT('Ctrl Pts',(74.6468906315709,-0.659210544767758,9.77827812499997));
#1384=CARTESIAN_POINT('Ctrl Pts',(74.6450335589211,-0.659414635989077,9.77827812499997));
#1385=CARTESIAN_POINT('Ctrl Pts',(74.6431792384451,-0.659622895965829,9.77827812499997));
#1386=CARTESIAN_POINT('Ctrl Pts',(75.0112762114431,-0.417702242028487,9.74494479166663));
#1387=CARTESIAN_POINT('Ctrl Pts',(75.0088936053401,-0.420705318816215,9.74494479166663));
#1388=CARTESIAN_POINT('Ctrl Pts',(75.006513210327,-0.423723802430137,9.74494479166663));
#1389=CARTESIAN_POINT('Ctrl Pts',(74.9839849762556,-0.452102283293275,9.74494479166663));
#1390=CARTESIAN_POINT('Ctrl Pts',(74.9416853687023,-0.506112932696242,9.74494479166663));
#1391=CARTESIAN_POINT('Ctrl Pts',(74.8856354150618,-0.55526947398518,9.74494479166663));
#1392=CARTESIAN_POINT('Ctrl Pts',(74.782746950666,-0.612244068383608,9.74494479166663));
#1393=CARTESIAN_POINT('Ctrl Pts',(74.7095179156551,-0.618680863868071,9.74494479166666));
#1394=CARTESIAN_POINT('Ctrl Pts',(74.6431640427218,-0.626074056799474,9.74494479166663));
#1395=CARTESIAN_POINT('Ctrl Pts',(74.6413189886961,-0.626299441564076,9.74494479166663));
#1396=CARTESIAN_POINT('Ctrl Pts',(74.6394589392323,-0.626497822609247,9.74494479166663));
#1397=CARTESIAN_POINT('Ctrl Pts',(74.9851448666857,-0.397007703321753,9.71161145833329));
#1398=CARTESIAN_POINT('Ctrl Pts',(74.9827631630981,-0.400020601126171,9.71161145833329));
#1399=CARTESIAN_POINT('Ctrl Pts',(74.9803801331017,-0.403017059218607,9.71161145833329));
#1400=CARTESIAN_POINT('Ctrl Pts',(74.9578697516179,-0.431508938912645,9.71161145833329));
#1401=CARTESIAN_POINT('Ctrl Pts',(74.9164824647437,-0.483725803997657,9.71161145833329));
#1402=CARTESIAN_POINT('Ctrl Pts',(74.8655023344995,-0.528441216617786,9.71161145833329));
#1403=CARTESIAN_POINT('Ctrl Pts',(74.7744314051166,-0.5786697751339,9.71161145833329));
#1404=CARTESIAN_POINT('Ctrl Pts',(74.705694020744,-0.585226899963774,9.71161145833331));
#1405=CARTESIAN_POINT('Ctrl Pts',(74.6394535706081,-0.592967643910862,9.71161145833329));
#1406=CARTESIAN_POINT('Ctrl Pts',(74.6375872315079,-0.593154610344332,9.71161145833329));
#1407=CARTESIAN_POINT('Ctrl Pts',(74.6357386400196,-0.593372749252665,9.71161145833329));
#1408=CARTESIAN_POINT('Ctrl Pts',(74.9590135219284,-0.376313164615019,9.67827812499995));
#1409=CARTESIAN_POINT('Ctrl Pts',(74.9566313670831,-0.379321151911092,9.67827812499995));
#1410=CARTESIAN_POINT('Ctrl Pts',(74.9542492122378,-0.382329139207165,9.67827812499995));
#1411=CARTESIAN_POINT('Ctrl Pts',(74.9317384100041,-0.410753910702119,9.67827812499995));
#1412=CARTESIAN_POINT('Ctrl Pts',(74.8914811152274,-0.46158747909986,9.67827812499996));
#1413=CARTESIAN_POINT('Ctrl Pts',(74.84518098206,-0.501528081966881,9.67827812499996));
#1414=CARTESIAN_POINT('Ctrl Pts',(74.7666084409619,-0.545131771449409,9.67827812499995));
#1415=CARTESIAN_POINT('Ctrl Pts',(74.7020948715987,-0.552377333707622,9.67827812499997));
#1416=CARTESIAN_POINT('Ctrl Pts',(74.635726981759,-0.559831155942578,9.67827812499995));
#1417=CARTESIAN_POINT('Ctrl Pts',(74.6338726612829,-0.560039415919331,9.67827812499995));
#1418=CARTESIAN_POINT('Ctrl Pts',(74.6320183408069,-0.560247675896083,9.67827812499995));
#1419=CARTESIAN_POINT('Ctrl Pts',(74.9518670573925,-0.385337126503239,9.67827812499995));
#1420=CARTESIAN_POINT('Ctrl Pts',(74.9317384100041,-0.410753910702119,9.67827812499995));
#1421=CARTESIAN_POINT('Ctrl Pts',(74.8914811152274,-0.46158747909986,9.67827812499996));
#1422=CARTESIAN_POINT('Ctrl Pts',(74.84518098206,-0.501528081966881,9.67827812499996));
#1423=CARTESIAN_POINT('Ctrl Pts',(74.7666084409619,-0.545131771449409,9.67827812499995));
#1424=CARTESIAN_POINT('Ctrl Pts',(74.7020948715987,-0.552377333707622,9.67827812499997));
#1425=CARTESIAN_POINT('Ctrl Pts',(74.637581302235,-0.559622895965826,9.67827812499995));
#1426=CARTESIAN_POINT('Ctrl Pts',(73.2593387755028,3.43390737269876,9.77827812499997));
#1427=CARTESIAN_POINT('Ctrl Pts',(73.2611827090159,3.43256978034467,9.77827812499997));
#1428=CARTESIAN_POINT('Ctrl Pts',(73.2630280408688,3.43123319202916,9.77827812499997));
#1429=CARTESIAN_POINT('Ctrl Pts',(73.3103995701827,3.39679288484943,9.77827812499997));
#1430=CARTESIAN_POINT('Ctrl Pts',(73.3621677230724,3.36027182006158,9.77827812499997));
#1431=CARTESIAN_POINT('Ctrl Pts',(73.4547538081508,3.25679177236321,9.77827812499997));
#1432=CARTESIAN_POINT('Ctrl Pts',(73.4852695596236,3.20144991104279,9.77827812499997));
#1433=CARTESIAN_POINT('Ctrl Pts',(73.5135628107403,3.15182009283114,9.77827812499997));
#1434=CARTESIAN_POINT('Ctrl Pts',(73.5140448851473,3.15097096694943,9.77827812499997));
#1435=CARTESIAN_POINT('Ctrl Pts',(73.5145274564074,3.15012238422379,9.77827812499997));
#1436=CARTESIAN_POINT('Ctrl Pts',(73.2397660875363,3.40692550847706,9.74494479166663));
#1437=CARTESIAN_POINT('Ctrl Pts',(73.2416134349219,3.40559082036568,9.74494479166663));
#1438=CARTESIAN_POINT('Ctrl Pts',(73.2434514021009,3.40424790866665,9.74494479166663));
#1439=CARTESIAN_POINT('Ctrl Pts',(73.2908947105663,3.36987359642158,9.74494479166663));
#1440=CARTESIAN_POINT('Ctrl Pts',(73.340567422969,3.33444652767575,9.74494479166663));
#1441=CARTESIAN_POINT('Ctrl Pts',(73.4267017297629,3.23817636005647,9.74494479166663));
#1442=CARTESIAN_POINT('Ctrl Pts',(73.4563639096983,3.18503265852572,9.74494479166663));
#1443=CARTESIAN_POINT('Ctrl Pts',(73.4845845896871,3.13533982074028,9.74494479166663));
#1444=CARTESIAN_POINT('Ctrl Pts',(73.4850715561229,3.13449537582154,9.74494479166663));
#1445=CARTESIAN_POINT('Ctrl Pts',(73.4855517621857,3.13364451253226,9.74494479166663));
#1446=CARTESIAN_POINT('Ctrl Pts',(73.2201933995699,3.37994364425536,9.71161145833329));
#1447=CARTESIAN_POINT('Ctrl Pts',(73.2220339192103,3.37860314765856,9.71161145833329));
#1448=CARTESIAN_POINT('Ctrl Pts',(73.2238852173975,3.37727187868799,9.71161145833329));
#1449=CARTESIAN_POINT('Ctrl Pts',(73.2712376225019,3.34280430375571,9.7116114583333));
#1450=CARTESIAN_POINT('Ctrl Pts',(73.3189133137319,3.30864632007017,9.71161145833329));
#1451=CARTESIAN_POINT('Ctrl Pts',(73.3986698016735,3.21950594819389,9.71161145833329));
#1452=CARTESIAN_POINT('Ctrl Pts',(73.4272908415492,3.1684797791237,9.71161145833328));
#1453=CARTESIAN_POINT('Ctrl Pts',(73.4556134522753,3.11886620669134,9.71161145833329));
#1454=CARTESIAN_POINT('Ctrl Pts',(73.4560911315067,3.11801294300272,9.71161145833329));
#1455=CARTESIAN_POINT('Ctrl Pts',(73.456576067964,3.11716664084074,9.71161145833329));
#1456=CARTESIAN_POINT('Ctrl Pts',(73.2006207116034,3.35296178003366,9.67827812499995));
#1457=CARTESIAN_POINT('Ctrl Pts',(73.2024646451164,3.35162418767957,9.67827812499995));
#1458=CARTESIAN_POINT('Ctrl Pts',(73.2043085786295,3.35028659532548,9.67827812499995));
#1459=CARTESIAN_POINT('Ctrl Pts',(73.2517327628855,3.31588501532786,9.67827812499996));
#1460=CARTESIAN_POINT('Ctrl Pts',(73.2973130136285,3.28282102768434,9.67827812499995));
#1461=CARTESIAN_POINT('Ctrl Pts',(73.3706177232857,3.20089053588715,9.67827812499995));
#1462=CARTESIAN_POINT('Ctrl Pts',(73.3983851916239,3.15206252660663,9.67827812499994));
#1463=CARTESIAN_POINT('Ctrl Pts',(73.4266352312221,3.10238593460047,9.67827812499995));
#1464=CARTESIAN_POINT('Ctrl Pts',(73.4271178024822,3.10153735187484,9.67827812499995));
#1465=CARTESIAN_POINT('Ctrl Pts',(73.4276003737423,3.10068876914921,9.67827812499995));
#1466=CARTESIAN_POINT('',(73.2061525121426,3.34894900297139,9.67827812499995));
#1467=CARTESIAN_POINT('Ctrl Pts',(73.2061525121425,3.3489490029714,9.67827812499995));
#1468=CARTESIAN_POINT('Ctrl Pts',(73.2517327628855,3.31588501532786,9.67827812499996));
#1469=CARTESIAN_POINT('Ctrl Pts',(73.2973130136285,3.28282102768434,9.67827812499995));
#1470=CARTESIAN_POINT('Ctrl Pts',(73.3706177232857,3.20089053588715,9.67827812499995));
#1471=CARTESIAN_POINT('Ctrl Pts',(73.3983851916239,3.15206252660663,9.67827812499994));
#1472=CARTESIAN_POINT('Ctrl Pts',(73.426152659962,3.10323451732611,9.67827812499995));
#1473=CARTESIAN_POINT('Ctrl Pts',(73.2593387755029,3.43390737269867,9.77827812499997));
#1474=CARTESIAN_POINT('Ctrl Pts',(73.2504743798019,3.41974761490034,9.76161142359813));
#1475=CARTESIAN_POINT('Ctrl Pts',(73.2416099841007,3.40558785710213,9.74494472219628));
#1476=CARTESIAN_POINT('Ctrl Pts',(73.2238812296472,3.37726840052635,9.71161138886294));
#1477=CARTESIAN_POINT('Ctrl Pts',(73.2150168708948,3.36310870174889,9.69494475693145));
#1478=CARTESIAN_POINT('Ctrl Pts',(73.2061525121425,3.34894900297143,9.67827812499995));
#1479=CARTESIAN_POINT('Ctrl Pts',(72.8861524596904,3.54059575849717,9.77827812499997));
#1480=CARTESIAN_POINT('Ctrl Pts',(72.8883513690532,3.54045038577278,9.77827812499997));
#1481=CARTESIAN_POINT('Ctrl Pts',(72.8905508992919,3.5403065368355,9.77827812499997));
#1482=CARTESIAN_POINT('Ctrl Pts',(72.9495457936861,3.53634406662567,9.77827812499998));
#1483=CARTESIAN_POINT('Ctrl Pts',(73.0134434395399,3.53295556587679,9.77827812499997));
#1484=CARTESIAN_POINT('Ctrl Pts',(73.1478038471505,3.49442292548693,9.77827812499997));
#1485=CARTESIAN_POINT('Ctrl Pts',(73.2034389005279,3.46373516642934,9.77827812499997));
#1486=CARTESIAN_POINT('Ctrl Pts',(73.2553215457085,3.43605763695515,9.77827812499997));
#1487=CARTESIAN_POINT('Ctrl Pts',(73.2573300138875,3.4349816728798,9.77827812499997));
#1488=CARTESIAN_POINT('Ctrl Pts',(73.259338775503,3.43390737269868,9.77827812499997));
#1489=CARTESIAN_POINT('Ctrl Pts',(72.8839535503276,3.50733503227652,9.74494479166663));
#1490=CARTESIAN_POINT('Ctrl Pts',(72.8861537824064,3.50719383457799,9.74494479166663));
#1491=CARTESIAN_POINT('Ctrl Pts',(72.8883504972116,3.50704095473558,9.74494479166663));
#1492=CARTESIAN_POINT('Ctrl Pts',(72.9473710475113,3.50317223729922,9.74494479166664));
#1493=CARTESIAN_POINT('Ctrl Pts',(73.0089126351139,3.49959445001494,9.74494479166663));
#1494=CARTESIAN_POINT('Ctrl Pts',(73.1339967625191,3.46372100181746,9.74494479166663));
#1495=CARTESIAN_POINT('Ctrl Pts',(73.1877456583442,3.43442881070437,9.74494479166663));
#1496=CARTESIAN_POINT('Ctrl Pts',(73.2396001926528,3.40665889002689,9.74494479166663));
#1497=CARTESIAN_POINT('Ctrl Pts',(73.2416111538234,3.40559221049472,9.74494479166663));
#1498=CARTESIAN_POINT('Ctrl Pts',(73.2436187826649,3.4045136159418,9.74494479166663));
#1499=CARTESIAN_POINT('Ctrl Pts',(72.8817546409648,3.47407430605586,9.71161145833329));
#1500=CARTESIAN_POINT('Ctrl Pts',(72.8839522276116,3.47392475830561,9.71161145833329));
#1501=CARTESIAN_POINT('Ctrl Pts',(72.886153952408,3.47378841648635,9.71161145833329));
#1502=CARTESIAN_POINT('Ctrl Pts',(72.9451471370188,3.46979285230527,9.71161145833329));
#1503=CARTESIAN_POINT('Ctrl Pts',(73.0043231264237,3.46622570015742,9.71161145833329));
#1504=CARTESIAN_POINT('Ctrl Pts',(73.120235649693,3.4329840118555,9.71161145833329));
#1505=CARTESIAN_POINT('Ctrl Pts',(73.1719837807858,3.40492190130368,9.71161145833331));
#1506=CARTESIAN_POINT('Ctrl Pts',(73.2238826268136,3.37727344971853,9.71161145833329));
#1507=CARTESIAN_POINT('Ctrl Pts',(73.2258888954376,3.37618986499423,9.71161145833329));
#1508=CARTESIAN_POINT('Ctrl Pts',(73.2278987898269,3.37511985918491,9.71161145833329));
#1509=CARTESIAN_POINT('Ctrl Pts',(72.879555731602,3.44081357983521,9.67827812499995));
#1510=CARTESIAN_POINT('Ctrl Pts',(72.8817546409648,3.44066820711082,9.67827812499995));
#1511=CARTESIAN_POINT('Ctrl Pts',(72.8839535503276,3.44052283438643,9.67827812499995));
#1512=CARTESIAN_POINT('Ctrl Pts',(72.942972390844,3.43662102297882,9.67827812499996));
#1513=CARTESIAN_POINT('Ctrl Pts',(72.9997923219977,3.43286458429558,9.67827812499995));
#1514=CARTESIAN_POINT('Ctrl Pts',(73.1064285650616,3.40228208818603,9.67827812499996));
#1515=CARTESIAN_POINT('Ctrl Pts',(73.1562905386021,3.37561554557871,9.67827812499997));
#1516=CARTESIAN_POINT('Ctrl Pts',(73.208161273758,3.34787470279027,9.67827812499995));
#1517=CARTESIAN_POINT('Ctrl Pts',(73.2101700353734,3.34680040260915,9.67827812499995));
#1518=CARTESIAN_POINT('Ctrl Pts',(73.2121787969888,3.34572610242803,9.67827812499995));
#1519=CARTESIAN_POINT('',(72.8861524596905,3.44037746166204,9.67827812499995));
#1520=CARTESIAN_POINT('Ctrl Pts',(72.8861524596904,3.44037746166204,9.67827812499995));
#1521=CARTESIAN_POINT('Ctrl Pts',(72.942972390844,3.43662102297882,9.67827812499996));
#1522=CARTESIAN_POINT('Ctrl Pts',(72.9997923219977,3.43286458429558,9.67827812499995));
#1523=CARTESIAN_POINT('Ctrl Pts',(73.1064285650616,3.40228208818603,9.67827812499996));
#1524=CARTESIAN_POINT('Ctrl Pts',(73.1562905386021,3.37561554557871,9.67827812499997));
#1525=CARTESIAN_POINT('Ctrl Pts',(73.2061525121425,3.3489490029714,9.67827812499995));
#1526=CARTESIAN_POINT('Ctrl Pts',(72.8861524596904,3.54059575849717,9.77827812499997));
#1527=CARTESIAN_POINT('Ctrl Pts',(72.8861524596904,3.52389266684645,9.76161141624697));
#1528=CARTESIAN_POINT('Ctrl Pts',(72.8861524596905,3.50718957519573,9.74494470749398));
#1529=CARTESIAN_POINT('Ctrl Pts',(72.8861524596905,3.47378347625069,9.71161137416064));
#1530=CARTESIAN_POINT('Ctrl Pts',(72.8861524596905,3.45708046895636,9.6949447495803));
#1531=CARTESIAN_POINT('Ctrl Pts',(72.8861524596905,3.44037746166204,9.67827812499996));
#1532=CARTESIAN_POINT('Ctrl Pts',(72.513035235147,3.43394432320704,9.77827812499997));
#1533=CARTESIAN_POINT('Ctrl Pts',(72.5150209663394,3.43500630655204,9.77827812499997));
#1534=CARTESIAN_POINT('Ctrl Pts',(72.5170064072654,3.43606993467208,9.77827812499997));
#1535=CARTESIAN_POINT('Ctrl Pts',(72.568866016176,3.46373517452336,9.77827812499996));
#1536=CARTESIAN_POINT('Ctrl Pts',(72.6245010708019,3.49442293105747,9.77827812499997));
#1537=CARTESIAN_POINT('Ctrl Pts',(72.7588614789231,3.53295556912333,9.77827812499997));
#1538=CARTESIAN_POINT('Ctrl Pts',(72.8227591255324,3.53634406725543,9.77827812499997));
#1539=CARTESIAN_POINT('Ctrl Pts',(72.8817540200917,3.54030653682499,9.77827812499997));
#1540=CARTESIAN_POINT('Ctrl Pts',(72.8839535503277,3.54045038577278,9.77827812499997));
#1541=CARTESIAN_POINT('Ctrl Pts',(72.8861524596905,3.54059575849717,9.77827812499997));
#1542=CARTESIAN_POINT('Ctrl Pts',(72.528755227985,3.40455056645015,9.74494479166663));
#1543=CARTESIAN_POINT('Ctrl Pts',(72.5307398332506,3.40561682176121,9.74494479166663));
#1544=CARTESIAN_POINT('Ctrl Pts',(72.5327277503736,3.40667122034248,9.74494479166663));
#1545=CARTESIAN_POINT('Ctrl Pts',(72.5845592554525,3.43442882879266,9.74494479166662));
#1546=CARTESIAN_POINT('Ctrl Pts',(72.6383081565378,3.46372100352242,9.74494479166663));
#1547=CARTESIAN_POINT('Ctrl Pts',(72.7633922826225,3.49959445581131,9.74494479166663));
#1548=CARTESIAN_POINT('Ctrl Pts',(72.8249338722111,3.5031722361587,9.74494479166663));
#1549=CARTESIAN_POINT('Ctrl Pts',(72.8839544221337,3.50704095485964,9.74494479166663));
#1550=CARTESIAN_POINT('Ctrl Pts',(72.8861511370099,3.50719383445368,9.74494479166663));
#1551=CARTESIAN_POINT('Ctrl Pts',(72.8883513690533,3.50733503227651,9.74494479166663));
#1552=CARTESIAN_POINT('Ctrl Pts',(72.5444752208231,3.37515680969326,9.71161145833329));
#1553=CARTESIAN_POINT('Ctrl Pts',(72.5464620779424,3.37621452107221,9.71161145833329));
#1554=CARTESIAN_POINT('Ctrl Pts',(72.5484453329378,3.37728573395599,9.71161145833329));
#1555=CARTESIAN_POINT('Ctrl Pts',(72.6003211415023,3.4049218913094,9.71161145833328));
#1556=CARTESIAN_POINT('Ctrl Pts',(72.6520692685834,3.43298401572108,9.71161145833329));
#1557=CARTESIAN_POINT('Ctrl Pts',(72.7679817936839,3.4662256976076,9.71161145833329));
#1558=CARTESIAN_POINT('Ctrl Pts',(72.8271577818581,3.46979285407554,9.71161145833329));
#1559=CARTESIAN_POINT('Ctrl Pts',(72.8861509670112,3.47378841635178,9.71161145833329));
#1560=CARTESIAN_POINT('Ctrl Pts',(72.8883526917339,3.47392475842992,9.71161145833329));
#1561=CARTESIAN_POINT('Ctrl Pts',(72.8905502784161,3.47407430605586,9.71161145833329));
#1562=CARTESIAN_POINT('Ctrl Pts',(72.5601952136611,3.34576305293637,9.67827812499995));
#1563=CARTESIAN_POINT('Ctrl Pts',(72.5621809448535,3.34682503628138,9.67827812499995));
#1564=CARTESIAN_POINT('Ctrl Pts',(72.564166676046,3.34788701962638,9.67827812499995));
#1565=CARTESIAN_POINT('Ctrl Pts',(72.6160143807788,3.37561554557871,9.67827812499994));
#1566=CARTESIAN_POINT('Ctrl Pts',(72.6658763543192,3.40228208818602,9.67827812499995));
#1567=CARTESIAN_POINT('Ctrl Pts',(72.7725125973832,3.43286458429558,9.67827812499995));
#1568=CARTESIAN_POINT('Ctrl Pts',(72.8293325285369,3.43662102297881,9.67827812499995));
#1569=CARTESIAN_POINT('Ctrl Pts',(72.8883513690533,3.44052283438643,9.67827812499995));
#1570=CARTESIAN_POINT('Ctrl Pts',(72.8905502784161,3.44066820711082,9.67827812499995));
#1571=CARTESIAN_POINT('Ctrl Pts',(72.8927491877789,3.44081357983521,9.67827812499995));
#1572=CARTESIAN_POINT('',(72.5661524072384,3.3489490029714,9.67827812499995));
#1573=CARTESIAN_POINT('Ctrl Pts',(72.5661524072384,3.34894900297139,9.67827812499995));
#1574=CARTESIAN_POINT('Ctrl Pts',(72.6160143807788,3.37561554557871,9.67827812499994));
#1575=CARTESIAN_POINT('Ctrl Pts',(72.6658763543192,3.40228208818602,9.67827812499995));
#1576=CARTESIAN_POINT('Ctrl Pts',(72.7725125973832,3.43286458429558,9.67827812499995));
#1577=CARTESIAN_POINT('Ctrl Pts',(72.8293325285369,3.43662102297881,9.67827812499995));
#1578=CARTESIAN_POINT('Ctrl Pts',(72.8861524596905,3.44037746166204,9.67827812499995));
#1579=CARTESIAN_POINT('Ctrl Pts',(72.513035235147,3.43394432320703,9.77827812499996));
#1580=CARTESIAN_POINT('Ctrl Pts',(72.5218881205108,3.41977839913987,9.76161141437651));
#1581=CARTESIAN_POINT('Ctrl Pts',(72.5307410058748,3.40561247507282,9.74494470375308));
#1582=CARTESIAN_POINT('Ctrl Pts',(72.5484467299052,3.37728070166091,9.71161137041974));
#1583=CARTESIAN_POINT('Ctrl Pts',(72.5572995685718,3.36311485231614,9.69494474770985));
#1584=CARTESIAN_POINT('Ctrl Pts',(72.5661524072384,3.34894900297138,9.67827812499995));
#1585=CARTESIAN_POINT('Ctrl Pts',(72.2525902349226,3.15119564276786,9.77827812499997));
#1586=CARTESIAN_POINT('Ctrl Pts',(72.2533099957774,3.15239205352792,9.77827812499997));
#1587=CARTESIAN_POINT('Ctrl Pts',(72.2540291418186,3.15358915699478,9.77827812499997));
#1588=CARTESIAN_POINT('Ctrl Pts',(72.2841260485519,3.20351123599588,9.77827812499995));
#1589=CARTESIAN_POINT('Ctrl Pts',(72.3162679249791,3.25838505783037,9.77827812499997));
#1590=CARTESIAN_POINT('Ctrl Pts',(72.4100541136419,3.36033168858832,9.77827812499996));
#1591=CARTESIAN_POINT('Ctrl Pts',(72.4617360773487,3.39678781425833,9.77827812499997));
#1592=CARTESIAN_POINT('Ctrl Pts',(72.5093843381813,3.4313063880539,9.77827812499997));
#1593=CARTESIAN_POINT('Ctrl Pts',(72.5112103820324,3.43262491117824,9.77827812499997));
#1594=CARTESIAN_POINT('Ctrl Pts',(72.5130352351473,3.43394432320722,9.77827812499997));
#1595=CARTESIAN_POINT('Ctrl Pts',(72.2811531491427,3.13401219019387,9.74494479166663));
#1596=CARTESIAN_POINT('Ctrl Pts',(72.2818706042107,3.13521087547812,9.74494479166663));
#1597=CARTESIAN_POINT('Ctrl Pts',(72.2825946158753,3.13640321902525,9.74494479166663));
#1598=CARTESIAN_POINT('Ctrl Pts',(72.3126277613224,3.18638272105457,9.74494479166661));
#1599=CARTESIAN_POINT('Ctrl Pts',(72.3438893785967,3.23919632075598,9.74494479166663));
#1600=CARTESIAN_POINT('Ctrl Pts',(72.4314924315706,3.33442097269914,9.74494479166663));
#1601=CARTESIAN_POINT('Ctrl Pts',(72.4812075736246,3.36983147971212,9.74494479166663));
#1602=CARTESIAN_POINT('Ctrl Pts',(72.5289183190194,3.40429098620699,9.74494479166663));
#1603=CARTESIAN_POINT('Ctrl Pts',(72.5307380135133,3.40561513964866,9.74494479166663));
#1604=CARTESIAN_POINT('Ctrl Pts',(72.5325658122926,3.40693196182425,9.74494479166663));
#1605=CARTESIAN_POINT('Ctrl Pts',(72.3097160633629,3.11682873761989,9.71161145833329));
#1606=CARTESIAN_POINT('Ctrl Pts',(72.3104381300045,3.11802287385577,9.71161145833329));
#1607=CARTESIAN_POINT('Ctrl Pts',(72.311153025236,3.11922404453557,9.71161145833329));
#1608=CARTESIAN_POINT('Ctrl Pts',(72.3412754767652,3.16913118987858,9.71161145833327));
#1609=CARTESIAN_POINT('Ctrl Pts',(72.3714946653066,3.21995956962288,9.71161145833329));
#1610=CARTESIAN_POINT('Ctrl Pts',(72.4529761065486,3.30853098424673,9.71161145833329));
#1611=CARTESIAN_POINT('Ctrl Pts',(72.5008119195817,3.34274097021067,9.71161145833329));
#1612=CARTESIAN_POINT('Ctrl Pts',(72.5484432795152,3.37728381684728,9.71161145833329));
#1613=CARTESIAN_POINT('Ctrl Pts',(72.5502744819873,3.37859759855893,9.71161145833329));
#1614=CARTESIAN_POINT('Ctrl Pts',(72.5520963894378,3.37991960044128,9.71161145833329));
#1615=CARTESIAN_POINT('Ctrl Pts',(72.3382789775831,3.09964528504591,9.67827812499995));
#1616=CARTESIAN_POINT('Ctrl Pts',(72.3389987384379,3.10084169580597,9.67827812499995));
#1617=CARTESIAN_POINT('Ctrl Pts',(72.3397184992927,3.10203810656604,9.67827812499995));
#1618=CARTESIAN_POINT('Ctrl Pts',(72.3697771895357,3.15200267493727,9.67827812499993));
#1619=CARTESIAN_POINT('Ctrl Pts',(72.3991161189242,3.20077083254848,9.67827812499995));
#1620=CARTESIAN_POINT('Ctrl Pts',(72.4744144244773,3.28262026835755,9.67827812499995));
#1621=CARTESIAN_POINT('Ctrl Pts',(72.5202834158576,3.31578463566446,9.67827812499995));
#1622=CARTESIAN_POINT('Ctrl Pts',(72.5679772603533,3.35026841500037,9.67827812499995));
#1623=CARTESIAN_POINT('Ctrl Pts',(72.5698021134682,3.35158782702934,9.67827812499995));
#1624=CARTESIAN_POINT('Ctrl Pts',(72.5716269665831,3.35290723905831,9.67827812499995));
#1625=CARTESIAN_POINT('Ctrl Pts',(72.3404382601475,3.10323451732611,9.67827812499995));
#1626=CARTESIAN_POINT('Ctrl Pts',(72.3697771895357,3.15200267493727,9.67827812499993));
#1627=CARTESIAN_POINT('Ctrl Pts',(72.3991161189242,3.20077083254848,9.67827812499995));
#1628=CARTESIAN_POINT('Ctrl Pts',(72.4744144244773,3.28262026835755,9.67827812499995));
#1629=CARTESIAN_POINT('Ctrl Pts',(72.5202834158576,3.31578463566446,9.67827812499995));
#1630=CARTESIAN_POINT('Ctrl Pts',(72.5661524072384,3.34894900297139,9.67827812499995));
#1631=CARTESIAN_POINT('Origin',(72.8832953110432,1.85180579399084,9.77827812499995));
#1632=CARTESIAN_POINT('',(72.8832953110432,1.85180579399084,9.17827812499995));
#1633=CARTESIAN_POINT('',(72.8832953110432,1.85180579399084,9.77827812499995));
#1634=CARTESIAN_POINT('',(71.6947238579487,-0.559622895965828,9.17827812499995));
#1635=CARTESIAN_POINT('',(72.8832953110432,1.85180579399084,9.17827812499995));
#1636=CARTESIAN_POINT('',(71.6947238579487,-0.559622895965828,9.77827812499995));
#1637=CARTESIAN_POINT('Origin',(73.5632951989864,0.480377125491845,9.77827812499995));
#1638=CARTESIAN_POINT('',(73.5632951989864,0.480377125491845,9.17827812499995));
#1639=CARTESIAN_POINT('',(73.5632951989864,0.480377125491845,9.77827812499995));
#1640=CARTESIAN_POINT('',(73.5632951989864,0.480377125491845,9.17827812499995));
#1641=CARTESIAN_POINT('Origin',(72.4432953134273,0.480377125491845,9.77827812499995));
#1642=CARTESIAN_POINT('',(72.4432953134273,0.480377125491845,9.17827812499995));
#1643=CARTESIAN_POINT('',(72.4432953134273,0.480377125491845,9.77827812499995));
#1644=CARTESIAN_POINT('',(72.4432953134273,0.480377125491845,9.17827812499995));
#1645=CARTESIAN_POINT('Origin',(71.9347238972877,-0.559622895965828,9.77827812499995));
#1646=CARTESIAN_POINT('',(71.9347238972877,-0.559622895965828,9.17827812499995));
#1647=CARTESIAN_POINT('',(71.9347238972877,-0.559622895965828,9.77827812499995));
#1648=CARTESIAN_POINT('',(71.9347238972877,-0.559622895965828,9.17827812499995));
#1649=CARTESIAN_POINT('Origin',(74.637581302235,-0.559622895965828,9.77827812499995));
#1650=CARTESIAN_POINT('',(74.637581302235,-0.559622895965828,9.17827812499995));
#1651=CARTESIAN_POINT('',(74.637581302235,-0.559622895965828,9.77827812499995));
#1652=CARTESIAN_POINT('',(74.637581302235,-0.559622895965828,9.17827812499995));
#1653=CARTESIAN_POINT('Ctrl Pts',(74.9518670573925,-0.385337126503242,9.77827812499995));
#1654=CARTESIAN_POINT('Ctrl Pts',(74.9518670573925,-0.385337126503242,9.17827812499995));
#1655=CARTESIAN_POINT('Ctrl Pts',(74.9116097626157,-0.436170694901004,9.77827812499995));
#1656=CARTESIAN_POINT('Ctrl Pts',(74.9116097626157,-0.436170694901004,9.17827812499995));
#1657=CARTESIAN_POINT('Ctrl Pts',(74.8310505004916,-0.537894240508622,9.77827812499995));
#1658=CARTESIAN_POINT('Ctrl Pts',(74.8310505004916,-0.537894240508622,9.17827812499995));
#1659=CARTESIAN_POINT('Ctrl Pts',(74.7020948715985,-0.552377333707623,9.77827812499995));
#1660=CARTESIAN_POINT('Ctrl Pts',(74.7020948715985,-0.552377333707623,9.17827812499995));
#1661=CARTESIAN_POINT('Ctrl Pts',(74.637581302235,-0.559622895965828,9.77827812499995));
#1662=CARTESIAN_POINT('Ctrl Pts',(74.637581302235,-0.559622895965828,9.17827812499995));
#1663=CARTESIAN_POINT('',(74.9518670573925,-0.385337126503242,9.17827812499995));
#1664=CARTESIAN_POINT('',(74.9518670573925,-0.385337126503242,9.77827812499995));
#1665=CARTESIAN_POINT('Ctrl Pts',(74.9518670573925,-0.385337126503242,9.17827812499995));
#1666=CARTESIAN_POINT('Ctrl Pts',(74.9116097626157,-0.436170694901004,9.17827812499995));
#1667=CARTESIAN_POINT('Ctrl Pts',(74.8310505004916,-0.537894240508622,9.17827812499995));
#1668=CARTESIAN_POINT('Ctrl Pts',(74.7020948715985,-0.552377333707623,9.17827812499995));
#1669=CARTESIAN_POINT('Ctrl Pts',(74.637581302235,-0.559622895965828,9.17827812499995));
#1670=CARTESIAN_POINT('Ctrl Pts',(74.9690099492763,-0.0224801423647533,
9.77827812499995));
#1671=CARTESIAN_POINT('Ctrl Pts',(74.9690099492763,-0.0224801423647533,
9.17827812499995));
#1672=CARTESIAN_POINT('Ctrl Pts',(74.9912654782707,-0.0845601632873147,
9.77827812499995));
#1673=CARTESIAN_POINT('Ctrl Pts',(74.9912654782707,-0.0845601632873147,
9.17827812499995));
#1674=CARTESIAN_POINT('Ctrl Pts',(75.0355032120373,-0.20795778904057,9.77827812499995));
#1675=CARTESIAN_POINT('Ctrl Pts',(75.0355032120373,-0.20795778904057,9.17827812499995));
#1676=CARTESIAN_POINT('Ctrl Pts',(74.9796307055976,-0.326454726360697,9.77827812499995));
#1677=CARTESIAN_POINT('Ctrl Pts',(74.9796307055976,-0.326454726360697,9.17827812499995));
#1678=CARTESIAN_POINT('Ctrl Pts',(74.9518670573925,-0.385337126503242,9.77827812499995));
#1679=CARTESIAN_POINT('Ctrl Pts',(74.9518670573925,-0.385337126503242,9.17827812499995));
#1680=CARTESIAN_POINT('',(74.9690099492763,-0.0224801423647533,9.17827812499995));
#1681=CARTESIAN_POINT('',(74.9690099492763,-0.0224801423647533,9.77827812499995));
#1682=CARTESIAN_POINT('Ctrl Pts',(74.9690099492763,-0.0224801423647533,
9.17827812499995));
#1683=CARTESIAN_POINT('Ctrl Pts',(74.9912654782707,-0.0845601632873147,
9.17827812499995));
#1684=CARTESIAN_POINT('Ctrl Pts',(75.0355032120373,-0.20795778904057,9.17827812499995));
#1685=CARTESIAN_POINT('Ctrl Pts',(74.9796307055976,-0.326454726360697,9.17827812499995));
#1686=CARTESIAN_POINT('Ctrl Pts',(74.9518670573925,-0.385337126503242,9.17827812499995));
#1687=CARTESIAN_POINT('Origin',(73.4261526599621,3.1032345173261,9.77827812499995));
#1688=CARTESIAN_POINT('',(73.4261526599621,3.1032345173261,9.17827812499995));
#1689=CARTESIAN_POINT('',(73.4261526599621,3.1032345173261,9.77827812499995));
#1690=CARTESIAN_POINT('',(73.4261526599621,3.1032345173261,9.17827812499995));
#1691=CARTESIAN_POINT('Ctrl Pts',(73.2061525121426,3.3489490029714,9.77827812499995));
#1692=CARTESIAN_POINT('Ctrl Pts',(73.2061525121426,3.3489490029714,9.17827812499995));
#1693=CARTESIAN_POINT('Ctrl Pts',(73.2517327628855,3.31588501532787,9.77827812499995));
#1694=CARTESIAN_POINT('Ctrl Pts',(73.2517327628855,3.31588501532787,9.17827812499995));
#1695=CARTESIAN_POINT('Ctrl Pts',(73.342782791274,3.24983717740451,9.77827812499995));
#1696=CARTESIAN_POINT('Ctrl Pts',(73.342782791274,3.24983717740451,9.17827812499995));
#1697=CARTESIAN_POINT('Ctrl Pts',(73.3983851916239,3.15206252660663,9.77827812499995));
#1698=CARTESIAN_POINT('Ctrl Pts',(73.3983851916239,3.15206252660663,9.17827812499995));
#1699=CARTESIAN_POINT('Ctrl Pts',(73.4261526599621,3.1032345173261,9.77827812499995));
#1700=CARTESIAN_POINT('Ctrl Pts',(73.4261526599621,3.1032345173261,9.17827812499995));
#1701=CARTESIAN_POINT('',(73.2061525121426,3.3489490029714,9.17827812499995));
#1702=CARTESIAN_POINT('',(73.2061525121426,3.3489490029714,9.77827812499995));
#1703=CARTESIAN_POINT('Ctrl Pts',(73.2061525121426,3.3489490029714,9.17827812499995));
#1704=CARTESIAN_POINT('Ctrl Pts',(73.2517327628855,3.31588501532787,9.17827812499995));
#1705=CARTESIAN_POINT('Ctrl Pts',(73.342782791274,3.24983717740451,9.17827812499995));
#1706=CARTESIAN_POINT('Ctrl Pts',(73.3983851916239,3.15206252660663,9.17827812499995));
#1707=CARTESIAN_POINT('Ctrl Pts',(73.4261526599621,3.1032345173261,9.17827812499995));
#1708=CARTESIAN_POINT('Ctrl Pts',(72.8861524596905,3.44037746166204,9.77827812499995));
#1709=CARTESIAN_POINT('Ctrl Pts',(72.8861524596905,3.44037746166204,9.17827812499995));
#1710=CARTESIAN_POINT('Ctrl Pts',(72.9429723908441,3.43662102297881,9.77827812499995));
#1711=CARTESIAN_POINT('Ctrl Pts',(72.9429723908441,3.43662102297881,9.17827812499995));
#1712=CARTESIAN_POINT('Ctrl Pts',(73.0562198132329,3.42913409031979,9.77827812499995));
#1713=CARTESIAN_POINT('Ctrl Pts',(73.0562198132329,3.42913409031979,9.17827812499995));
#1714=CARTESIAN_POINT('Ctrl Pts',(73.1562905386021,3.37561554557871,9.77827812499995));
#1715=CARTESIAN_POINT('Ctrl Pts',(73.1562905386021,3.37561554557871,9.17827812499995));
#1716=CARTESIAN_POINT('Ctrl Pts',(73.2061525121426,3.3489490029714,9.77827812499995));
#1717=CARTESIAN_POINT('Ctrl Pts',(73.2061525121426,3.3489490029714,9.17827812499995));
#1718=CARTESIAN_POINT('',(72.8861524596905,3.44037746166204,9.17827812499995));
#1719=CARTESIAN_POINT('',(72.8861524596905,3.44037746166204,9.77827812499995));
#1720=CARTESIAN_POINT('Ctrl Pts',(72.8861524596905,3.44037746166204,9.17827812499995));
#1721=CARTESIAN_POINT('Ctrl Pts',(72.9429723908441,3.43662102297881,9.17827812499995));
#1722=CARTESIAN_POINT('Ctrl Pts',(73.0562198132329,3.42913409031979,9.17827812499995));
#1723=CARTESIAN_POINT('Ctrl Pts',(73.1562905386021,3.37561554557871,9.17827812499995));
#1724=CARTESIAN_POINT('Ctrl Pts',(73.2061525121426,3.3489490029714,9.17827812499995));
#1725=CARTESIAN_POINT('Ctrl Pts',(72.5661524072384,3.3489490029714,9.77827812499995));
#1726=CARTESIAN_POINT('Ctrl Pts',(72.5661524072384,3.3489490029714,9.17827812499995));
#1727=CARTESIAN_POINT('Ctrl Pts',(72.6160143807788,3.37561554557871,9.77827812499995));
#1728=CARTESIAN_POINT('Ctrl Pts',(72.6160143807788,3.37561554557871,9.17827812499995));
#1729=CARTESIAN_POINT('Ctrl Pts',(72.716085106148,3.42913409031979,9.77827812499995));
#1730=CARTESIAN_POINT('Ctrl Pts',(72.716085106148,3.42913409031979,9.17827812499995));
#1731=CARTESIAN_POINT('Ctrl Pts',(72.8293325285369,3.43662102297881,9.77827812499995));
#1732=CARTESIAN_POINT('Ctrl Pts',(72.8293325285369,3.43662102297881,9.17827812499995));
#1733=CARTESIAN_POINT('Ctrl Pts',(72.8861524596905,3.44037746166204,9.77827812499995));
#1734=CARTESIAN_POINT('Ctrl Pts',(72.8861524596905,3.44037746166204,9.17827812499995));
#1735=CARTESIAN_POINT('',(72.5661524072384,3.3489490029714,9.17827812499995));
#1736=CARTESIAN_POINT('',(72.5661524072384,3.3489490029714,9.77827812499995));
#1737=CARTESIAN_POINT('Ctrl Pts',(72.5661524072384,3.3489490029714,9.17827812499995));
#1738=CARTESIAN_POINT('Ctrl Pts',(72.6160143807788,3.37561554557871,9.17827812499995));
#1739=CARTESIAN_POINT('Ctrl Pts',(72.716085106148,3.42913409031979,9.17827812499995));
#1740=CARTESIAN_POINT('Ctrl Pts',(72.8293325285369,3.43662102297881,9.17827812499995));
#1741=CARTESIAN_POINT('Ctrl Pts',(72.8861524596905,3.44037746166204,9.17827812499995));
#1742=CARTESIAN_POINT('Ctrl Pts',(72.3404382601475,3.1032345173261,9.77827812499995));
#1743=CARTESIAN_POINT('Ctrl Pts',(72.3404382601475,3.1032345173261,9.17827812499995));
#1744=CARTESIAN_POINT('Ctrl Pts',(72.3697771895359,3.15200267493729,9.77827812499995));
#1745=CARTESIAN_POINT('Ctrl Pts',(72.3697771895359,3.15200267493729,9.17827812499995));
#1746=CARTESIAN_POINT('Ctrl Pts',(72.4282970011829,3.24927627889201,9.77827812499995));
#1747=CARTESIAN_POINT('Ctrl Pts',(72.4282970011829,3.24927627889201,9.17827812499995));
#1748=CARTESIAN_POINT('Ctrl Pts',(72.5202834158579,3.31578463566447,9.77827812499995));
#1749=CARTESIAN_POINT('Ctrl Pts',(72.5202834158579,3.31578463566447,9.17827812499995));
#1750=CARTESIAN_POINT('Ctrl Pts',(72.5661524072384,3.3489490029714,9.77827812499995));
#1751=CARTESIAN_POINT('Ctrl Pts',(72.5661524072384,3.3489490029714,9.17827812499995));
#1752=CARTESIAN_POINT('',(72.3404382601475,3.1032345173261,9.17827812499995));
#1753=CARTESIAN_POINT('',(72.3404382601475,3.1032345173261,9.77827812499995));
#1754=CARTESIAN_POINT('Ctrl Pts',(72.3404382601475,3.1032345173261,9.17827812499995));
#1755=CARTESIAN_POINT('Ctrl Pts',(72.3697771895359,3.15200267493729,9.17827812499995));
#1756=CARTESIAN_POINT('Ctrl Pts',(72.4282970011829,3.24927627889201,9.17827812499995));
#1757=CARTESIAN_POINT('Ctrl Pts',(72.5202834158579,3.31578463566447,9.17827812499995));
#1758=CARTESIAN_POINT('Ctrl Pts',(72.5661524072384,3.3489490029714,9.17827812499995));
#1759=CARTESIAN_POINT('Origin',(70.5347237423157,-0.559622895965828,9.77827812499995));
#1760=CARTESIAN_POINT('',(70.5347237423157,-0.559622895965828,9.17827812499995));
#1761=CARTESIAN_POINT('',(70.5347237423157,-0.559622895965828,9.77827812499995));
#1762=CARTESIAN_POINT('',(70.5347237423157,-0.559622895965828,9.17827812499995));
#1763=CARTESIAN_POINT('Origin',(71.6947238579487,-0.559622895965828,9.77827812499995));
#1764=CARTESIAN_POINT('',(71.6947238579487,-0.559622895965828,9.17827812499995));
#1765=CARTESIAN_POINT('Origin',(72.7851134771765,1.44037728284811,9.17827812499995));
#1766=CARTESIAN_POINT('Origin',(72.7975810193784,1.44037680601095,-2.62172187500003));
#1767=CARTESIAN_POINT('',(74.5475810193784,4.17898959353677,-4.12172187500003));
#1768=CARTESIAN_POINT('',(74.5475810193784,7.44037680601094,-1.12172187500003));
#1769=CARTESIAN_POINT('Ctrl Pts',(74.5475810193784,7.44037680601927,-1.12172187499205));
#1770=CARTESIAN_POINT('Ctrl Pts',(74.5475810193784,5.29472732412069,-3.1815453776149));
#1771=CARTESIAN_POINT('Ctrl Pts',(74.5475810193784,4.17898959353529,-4.12172187500129));
#1772=CARTESIAN_POINT('',(74.5475810193784,-4.55962319398904,-1.12172187500003));
#1773=CARTESIAN_POINT('Origin',(72.7975810193784,1.44037680601095,-1.12172187500003));
#1774=CARTESIAN_POINT('',(74.5475810193784,-1.29823598151487,-4.12172187500003));
#1775=CARTESIAN_POINT('Ctrl Pts',(74.5475810193784,-1.29823598151338,-4.12172187500129));
#1776=CARTESIAN_POINT('Ctrl Pts',(74.5475810193784,-2.41397371209879,-3.18154537761491));
#1777=CARTESIAN_POINT('Ctrl Pts',(74.5475810193784,-4.55962319399738,-1.12172187499203));
#1778=CARTESIAN_POINT('Origin',(72.7975810193784,1.44037680601095,-4.12172187500003));
#1779=CARTESIAN_POINT('Origin',(72.7975810193784,-0.113912515870423,-4.12172187500003));
#1780=CARTESIAN_POINT('',(74.5475810193784,5.96364995717041,-4.12172187500003));
#1781=CARTESIAN_POINT('',(74.5475810193784,4.7175214669516,-4.12172187500003));
#1782=CARTESIAN_POINT('',(74.5475810193784,-3.0828963451485,-4.12172187500003));
#1783=CARTESIAN_POINT('',(74.5475810193784,-1.59840443050946,-4.12172187500003));
#1784=CARTESIAN_POINT('',(71.0475810193784,-3.08289634514851,-4.12172187500003));
#1785=CARTESIAN_POINT('',(71.9225810193784,-3.08289634514851,-4.12172187500003));
#1786=CARTESIAN_POINT('',(71.0475810193784,-4.55962319398905,-4.12172187500003));
#1787=CARTESIAN_POINT('',(71.0475810193784,-2.61391251587042,-4.12172187500003));
#1788=CARTESIAN_POINT('',(71.0475810193784,7.44037680601095,-4.12172187500003));
#1789=CARTESIAN_POINT('Origin',(72.7975810193784,1.44037680601095,-4.12172187500003));
#1790=CARTESIAN_POINT('',(71.0475810193784,5.96364995717041,-4.12172187500004));
#1791=CARTESIAN_POINT('',(71.0475810193784,3.70201338159068,-4.12172187500003));
#1792=CARTESIAN_POINT('',(73.6725810193784,5.96364995717041,-4.12172187500003));
#1793=CARTESIAN_POINT('Origin',(72.7975810193784,1.44037680601095,3.02827812499997));
#1794=CARTESIAN_POINT('',(71.0475810193784,6.91760238106261,3.27827812499997));
#1795=CARTESIAN_POINT('',(71.0475810193784,7.44037680601095,2.77827812499997));
#1796=CARTESIAN_POINT('Ctrl Pts',(71.0475810193784,7.44037680601095,2.77827812499997));
#1797=CARTESIAN_POINT('Ctrl Pts',(71.0475810193784,7.16809845968374,3.03966533747409));
#1798=CARTESIAN_POINT('Ctrl Pts',(71.0475810193784,6.91760238106261,3.27827812499997));
#1799=CARTESIAN_POINT('',(71.0475810193784,-4.55962319398905,2.77827812499997));
#1800=CARTESIAN_POINT('Origin',(72.7975810193784,1.44037680601095,2.77827812499997));
#1801=CARTESIAN_POINT('',(71.0475810193784,-4.03684876904072,3.27827812499997));
#1802=CARTESIAN_POINT('Ctrl Pts',(71.0475810193784,-4.03684876904071,3.27827812499997));
#1803=CARTESIAN_POINT('Ctrl Pts',(71.0475810193784,-4.28734484766194,3.039665337474));
#1804=CARTESIAN_POINT('Ctrl Pts',(71.0475810193784,-4.55962319398905,2.77827812499997));
#1805=CARTESIAN_POINT('Origin',(72.7975810193784,1.44037680601095,3.27827812499997));
#1806=CARTESIAN_POINT('Origin',(72.7975810193784,1.44037680601095,-4.12172187500003));
#1807=CARTESIAN_POINT('',(71.0475810193784,7.44037680601095,-4.12172187500003));
#1808=CARTESIAN_POINT('',(71.0475810193784,-4.55962319398905,-4.12172187500003));
#1809=CARTESIAN_POINT('Origin',(72.7975810193784,1.44037680601095,3.02827812499997));
#1810=CARTESIAN_POINT('',(74.5475810193784,-4.0368487690407,3.27827812499997));
#1811=CARTESIAN_POINT('',(74.5475810193784,-4.55962319398904,2.77827812499997));
#1812=CARTESIAN_POINT('Ctrl Pts',(74.5475810193784,-4.55962319398905,2.77827812499997));
#1813=CARTESIAN_POINT('Ctrl Pts',(74.5475810193784,-4.28734484766199,3.03966533747395));
#1814=CARTESIAN_POINT('Ctrl Pts',(74.5475810193784,-4.03684876904071,3.27827812499997));
#1815=CARTESIAN_POINT('',(74.5475810193784,7.44037680601094,2.77827812499997));
#1816=CARTESIAN_POINT('Origin',(72.7975810193784,1.44037680601095,2.77827812499997));
#1817=CARTESIAN_POINT('',(74.5475810193784,6.91760238106261,3.27827812499997));
#1818=CARTESIAN_POINT('Ctrl Pts',(74.5475810193784,6.91760238106261,3.27827812499997));
#1819=CARTESIAN_POINT('Ctrl Pts',(74.5475810193784,7.16809845968108,3.03966533747663));
#1820=CARTESIAN_POINT('Ctrl Pts',(74.5475810193784,7.44037680601095,2.77827812499997));
#1821=CARTESIAN_POINT('Origin',(72.7975810193784,1.44037680601095,3.27827812499997));
#1822=CARTESIAN_POINT('Origin',(72.7975810193784,1.44037680601095,-4.12172187500003));
#1823=CARTESIAN_POINT('',(74.5475810193784,7.44037680601094,-4.12172187500003));
#1824=CARTESIAN_POINT('',(74.5475810193784,-4.55962319398904,-4.12172187500003));
#1825=CARTESIAN_POINT('Origin',(72.7975810193784,-0.113912515870423,3.27827812499997));
#1826=CARTESIAN_POINT('',(71.0475810193784,-6.66820183775179,3.27827812499997));
#1827=CARTESIAN_POINT('',(71.0475810193784,9.54895544977363,3.27827812499996));
#1828=CARTESIAN_POINT('',(72.7975810193784,-4.91820183775175,3.27827812499997));
#1829=CARTESIAN_POINT('',(72.7975810193784,-4.91820183775175,3.27827812499997));
#1830=CARTESIAN_POINT('',(74.5475810193784,-6.66820183775179,3.27827812499997));
#1831=CARTESIAN_POINT('',(76.9390023756173,-9.05962319399071,3.27827812499997));
#1832=CARTESIAN_POINT('',(74.5475810193784,-6.66820183775179,3.27827812499997));
#1833=CARTESIAN_POINT('',(74.5475810193784,9.54895544977363,3.27827812499997));
#1834=CARTESIAN_POINT('',(74.5475810193784,-6.66820183775179,3.27827812499997));
#1835=CARTESIAN_POINT('',(72.7975810193784,7.79895544977365,3.27827812499997));
#1836=CARTESIAN_POINT('',(72.7975810193784,7.79895544977365,3.27827812499997));
#1837=CARTESIAN_POINT('',(71.0475810193784,9.54895544977363,3.27827812499996));
#1838=CARTESIAN_POINT('',(68.6561596631411,11.940376806011,3.27827812499996));
#1839=CARTESIAN_POINT('',(71.0475810193784,9.54895544977363,3.27827812499996));
#1840=CARTESIAN_POINT('',(77.6475810193784,1.44037680601095,3.27827812499997));
#1841=CARTESIAN_POINT('Origin',(72.7975810193784,1.44037680601095,3.27827812499997));
#1842=CARTESIAN_POINT('Origin',(74.5475810193784,9.54895544977363,3.27827812499997));
#1843=CARTESIAN_POINT('',(74.5475810193784,5.96364995717041,-7.77172187500003));
#1844=CARTESIAN_POINT('',(74.5475810193784,5.96364995717041,3.27827812499997));
#1845=CARTESIAN_POINT('',(74.5475810193784,9.54895544977363,-7.77172187500003));
#1846=CARTESIAN_POINT('',(74.5475810193784,5.49466612789227,-7.77172187500003));
#1847=CARTESIAN_POINT('',(74.5475810193784,9.54895544977363,3.27827812499997));
#1848=CARTESIAN_POINT('Origin',(72.7975810193784,1.44037680601095,3.27827812499997));
#1849=CARTESIAN_POINT('',(77.6475810193784,1.44037680601095,3.27827812499997));
#1850=CARTESIAN_POINT('Origin',(74.5475810193784,-3.0828963451485,3.27827812499997));
#1851=CARTESIAN_POINT('',(74.5475810193784,-6.66820183775174,-7.77172187500003));
#1852=CARTESIAN_POINT('',(74.5475810193784,-6.66820183775179,3.27827812499997));
#1853=CARTESIAN_POINT('',(74.5475810193784,-3.08289634514851,-7.77172187500003));
#1854=CARTESIAN_POINT('',(74.5475810193784,-3.97922271829933,-7.77172187500003));
#1855=CARTESIAN_POINT('',(74.5475810193784,-3.0828963451485,3.27827812499997));
#1856=CARTESIAN_POINT('Origin',(72.7975810193784,1.44037680601091,-7.77172187500003));
#1857=CARTESIAN_POINT('',(71.0475810193784,9.54895544977363,-7.77172187500003));
#1858=CARTESIAN_POINT('',(71.0475810193784,5.96364995717041,-7.77172187500003));
#1859=CARTESIAN_POINT('',(71.0475810193784,3.70201338159066,-7.77172187500003));
#1860=CARTESIAN_POINT('',(72.7975810193784,7.79895544977365,-7.77172187500003));
#1861=CARTESIAN_POINT('',(73.5122256803191,7.08431078883298,-7.77172187500003));
#1862=CARTESIAN_POINT('',(71.2079363584377,6.20931078883294,-7.77172187500003));
#1863=CARTESIAN_POINT('',(73.6725810193784,5.96364995717041,-7.77172187500003));
#1864=CARTESIAN_POINT('Origin',(72.7975810193784,-4.87554909145015,-7.77172187500003));
#1865=CARTESIAN_POINT('',(72.7975810193784,-4.91820183775175,-7.77172187500003));
#1866=CARTESIAN_POINT('',(73.661917832803,-5.78253865117635,-7.77172187500003));
#1867=CARTESIAN_POINT('',(71.0475810193784,-6.6682018377518,-7.77172187500003));
#1868=CARTESIAN_POINT('',(72.8082442059538,-4.90753865117636,-7.77172187500003));
#1869=CARTESIAN_POINT('',(71.0475810193784,-3.08289634514851,-7.77172187500003));
#1870=CARTESIAN_POINT('',(71.0475810193784,-5.77187546460097,-7.77172187500003));
#1871=CARTESIAN_POINT('',(71.9225810193784,-3.08289634514851,-7.77172187500003));
#1872=CARTESIAN_POINT('Origin',(72.7975810193784,7.79895544977365,3.27827812499997));
#1873=CARTESIAN_POINT('',(72.7975810193784,7.79895544977365,3.27827812499997));
#1874=CARTESIAN_POINT('Origin',(71.0475810193784,-3.08289634514851,-4.27172187500003));
#1875=CARTESIAN_POINT('',(71.0475810193784,-3.08289634514851,3.27827812499997));
#1876=CARTESIAN_POINT('Origin',(71.0475810193784,-6.66820183775179,3.27827812499997));
#1877=CARTESIAN_POINT('',(71.0475810193784,-6.66820183775179,3.27827812499997));
#1878=CARTESIAN_POINT('Origin',(74.5475810193784,5.96364995717041,-4.27172187500003));
#1879=CARTESIAN_POINT('',(71.0475810193784,5.96364995717041,3.27827812499996));
#1880=CARTESIAN_POINT('Origin',(71.0475810193784,9.54895544977364,3.27827812499997));
#1881=CARTESIAN_POINT('',(71.0475810193784,9.54895544977363,3.27827812499996));
#1882=CARTESIAN_POINT('Origin',(71.0475810193784,5.96364995717041,3.27827812499996));
#1883=CARTESIAN_POINT('Origin',(72.7975810193784,-4.91820183775175,3.27827812499997));
#1884=CARTESIAN_POINT('',(72.7975810193784,-4.91820183775175,3.27827812499997));
#1885=CARTESIAN_POINT('Origin',(74.5475810193784,-6.66820183775177,3.27827812499997));
#1886=UNCERTAINTY_MEASURE_WITH_UNIT(LENGTH_MEASURE(0.01),#1890,
'DISTANCE_ACCURACY_VALUE',
'Maximum model space distance between geometric entities at asserted c
onnectivities');
#1887=UNCERTAINTY_MEASURE_WITH_UNIT(LENGTH_MEASURE(0.01),#1890,
'DISTANCE_ACCURACY_VALUE',
'Maximum model space distance between geometric entities at asserted c
onnectivities');
#1888=(
GEOMETRIC_REPRESENTATION_CONTEXT(3)
GLOBAL_UNCERTAINTY_ASSIGNED_CONTEXT((#1886))
GLOBAL_UNIT_ASSIGNED_CONTEXT((#1890,#1892,#1893))
REPRESENTATION_CONTEXT('','3D')
);
#1889=(
GEOMETRIC_REPRESENTATION_CONTEXT(3)
GLOBAL_UNCERTAINTY_ASSIGNED_CONTEXT((#1887))
GLOBAL_UNIT_ASSIGNED_CONTEXT((#1890,#1892,#1893))
REPRESENTATION_CONTEXT('','3D')
);
#1890=(
LENGTH_UNIT()
NAMED_UNIT(*)
SI_UNIT(.MILLI.,.METRE.)
);
#1891=(
LENGTH_UNIT()
NAMED_UNIT(*)
SI_UNIT($,.METRE.)
);
#1892=(
NAMED_UNIT(*)
PLANE_ANGLE_UNIT()
SI_UNIT($,.RADIAN.)
);
#1893=(
NAMED_UNIT(*)
SI_UNIT($,.STERADIAN.)
SOLID_ANGLE_UNIT()
);
#1894=SHAPE_DEFINITION_REPRESENTATION(#1895,#1896);
#1895=PRODUCT_DEFINITION_SHAPE('',$,#1898);
#1896=SHAPE_REPRESENTATION('',(#923),#1888);
#1897=PRODUCT_DEFINITION_CONTEXT('part definition',#1902,'design');
#1898=PRODUCT_DEFINITION('2026-08-13-17-43-51-409','Face Button A',#1899,
#1897);
#1899=PRODUCT_DEFINITION_FORMATION('',$,#1904);
#1900=PRODUCT_RELATED_PRODUCT_CATEGORY('Face Button A','Face Button A',
(#1904));
#1901=APPLICATION_PROTOCOL_DEFINITION('international standard',
'automotive_design',2009,#1902);
#1902=APPLICATION_CONTEXT(
'Core Data for Automotive Mechanical Design Process');
#1903=PRODUCT_CONTEXT('part definition',#1902,'mechanical');
#1904=PRODUCT('2026-08-13-17-43-51-409','Face Button A',$,(#1903));
#1905=PRESENTATION_STYLE_ASSIGNMENT((#1907));
#1906=PRESENTATION_STYLE_ASSIGNMENT((#1908));
#1907=SURFACE_STYLE_USAGE(.BOTH.,#1909);
#1908=SURFACE_STYLE_USAGE(.BOTH.,#1910);
#1909=SURFACE_SIDE_STYLE('',(#1911));
#1910=SURFACE_SIDE_STYLE('',(#1912));
#1911=SURFACE_STYLE_FILL_AREA(#1913);
#1912=SURFACE_STYLE_FILL_AREA(#1914);
#1913=FILL_AREA_STYLE('Steel - Satin',(#1915));
#1914=FILL_AREA_STYLE('Plastic - Matte (Red)',(#1916));
#1915=FILL_AREA_STYLE_COLOUR('Steel - Satin',#1917);
#1916=FILL_AREA_STYLE_COLOUR('Plastic - Matte (Red)',#1918);
#1917=COLOUR_RGB('Steel - Satin',0.627450980392157,0.627450980392157,0.627450980392157);
#1918=COLOUR_RGB('Plastic - Matte (Red)',0.768627450980392,0.207843137254902,
0.152941176470588);
ENDSEC;
END-ISO-10303-21;
