ISO-10303-21;
HEADER;
/* Generated by software containing ST-Developer
 * from STEP Tools, Inc. (www.steptools.com) 
 */

FILE_DESCRIPTION(
/* description */ (''),
/* implementation_level */ '2;1');

FILE_NAME(
/* name */ 'Face Button B.step',
/* time_stamp */ '2026-08-13T17:43:46+02:00',
/* author */ (''),
/* organization */ (''),
/* preprocessor_version */ 'ST-DEVELOPER v20.1',
/* originating_system */ 'Autodesk Translation Framework v15.8.0.0',
/* authorisation */ '');

FILE_SCHEMA (('AUTOMOTIVE_DESIGN { 1 0 10303 214 3 1 1 }'));
ENDSEC;

DATA;
#10=MECHANICAL_DESIGN_GEOMETRIC_PRESENTATION_REPRESENTATION('',(#13),#2790);
#11=SHAPE_REPRESENTATION_RELATIONSHIP('SRR','None',#2797,#12);
#12=ADVANCED_BREP_SHAPE_REPRESENTATION('',(#14),#2789);
#13=STYLED_ITEM('',(#2807),#14);
#14=MANIFOLD_SOLID_BREP('FaceButton (2)',#1207);
#15=CYLINDRICAL_SURFACE('',#1256,6.25);
#16=CYLINDRICAL_SURFACE('',#1260,6.25);
#17=CYLINDRICAL_SURFACE('',#1264,4.85);
#18=(
BOUNDED_CURVE()
B_SPLINE_CURVE(2,(#2670,#2671,#2672),.UNSPECIFIED.,.F.,.F.)
B_SPLINE_CURVE_WITH_KNOTS((3,3),(0.214882054925096,0.589505121001584),
 .UNSPECIFIED.)
CURVE()
GEOMETRIC_REPRESENTATION_ITEM()
RATIONAL_B_SPLINE_CURVE((1.74999999999825,2.35683232748434,2.80000000000069))
REPRESENTATION_ITEM('')
);
#19=(
BOUNDED_CURVE()
B_SPLINE_CURVE(2,(#2676,#2677,#2678),.UNSPECIFIED.,.F.,.F.)
B_SPLINE_CURVE_WITH_KNOTS((3,3),(2.6182978654675,2.99292093154399),
 .UNSPECIFIED.)
CURVE()
GEOMETRIC_REPRESENTATION_ITEM()
RATIONAL_B_SPLINE_CURVE((2.8000000000007,2.35683232748434,1.74999999999825))
REPRESENTATION_ITEM('')
);
#20=(
BOUNDED_CURVE()
B_SPLINE_CURVE(2,(#2697,#2698,#2699),.UNSPECIFIED.,.F.,.F.)
B_SPLINE_CURVE_WITH_KNOTS((3,3),(0.,0.0723390345543137),.UNSPECIFIED.)
CURVE()
GEOMETRIC_REPRESENTATION_ITEM()
RATIONAL_B_SPLINE_CURVE((1.,1.00095028722609,1.))
REPRESENTATION_ITEM('')
);
#21=(
BOUNDED_CURVE()
B_SPLINE_CURVE(2,(#2703,#2704,#2705),.UNSPECIFIED.,.F.,.F.)
B_SPLINE_CURVE_WITH_KNOTS((3,3),(0.,0.0723390345543138),.UNSPECIFIED.)
CURVE()
GEOMETRIC_REPRESENTATION_ITEM()
RATIONAL_B_SPLINE_CURVE((1.,1.00095028723209,1.))
REPRESENTATION_ITEM('')
);
#22=(
BOUNDED_CURVE()
B_SPLINE_CURVE(2,(#2713,#2714,#2715),.UNSPECIFIED.,.F.,.F.)
B_SPLINE_CURVE_WITH_KNOTS((3,3),(0.,0.0723390345543137),.UNSPECIFIED.)
CURVE()
GEOMETRIC_REPRESENTATION_ITEM()
RATIONAL_B_SPLINE_CURVE((1.,1.00095028723074,1.))
REPRESENTATION_ITEM('')
);
#23=(
BOUNDED_CURVE()
B_SPLINE_CURVE(2,(#2719,#2720,#2721),.UNSPECIFIED.,.F.,.F.)
B_SPLINE_CURVE_WITH_KNOTS((3,3),(0.,0.0723390345543137),.UNSPECIFIED.)
CURVE()
GEOMETRIC_REPRESENTATION_ITEM()
RATIONAL_B_SPLINE_CURVE((1.,1.00095028722991,1.))
REPRESENTATION_ITEM('')
);
#24=CONICAL_SURFACE('',#1236,4.13535533905933,1.17809724509617);
#25=CONICAL_SURFACE('',#1238,4.5,0.785398163397449);
#26=CONICAL_SURFACE('',#1248,4.75,0.785398163397448);
#27=CONICAL_SURFACE('',#1253,6.,0.785398163397448);
#28=CONICAL_SURFACE('',#1257,6.,0.785398163397448);
#29=FACE_BOUND('',#238,.T.);
#30=FACE_BOUND('',#253,.T.);
#31=FACE_BOUND('',#261,.T.);
#32=CIRCLE('',#1235,4.05);
#33=CIRCLE('',#1237,4.22071067811866);
#34=CIRCLE('',#1239,4.85);
#35=CIRCLE('',#1240,4.85);
#36=CIRCLE('',#1249,6.25);
#37=CIRCLE('',#1250,3.25);
#38=CIRCLE('',#1252,6.25);
#39=CIRCLE('',#1254,6.25);
#40=CIRCLE('',#1255,5.75);
#41=CIRCLE('',#1258,6.25);
#42=CIRCLE('',#1259,5.75);
#43=CIRCLE('',#1262,4.85);
#44=B_SPLINE_SURFACE_WITH_KNOTS('',3,3,((#1508,#1509,#1510,#1511,#1512,
#1513,#1514,#1515),(#1516,#1517,#1518,#1519,#1520,#1521,#1522,#1523),(#1524,
#1525,#1526,#1527,#1528,#1529,#1530,#1531),(#1532,#1533,#1534,#1535,#1536,
#1537,#1538,#1539)),.UNSPECIFIED.,.F.,.F.,.F.,(4,4),(4,1,2,1,4),(0.,1.),
(0.,0.00556286181272613,0.00927143635454355,0.0131046917842313,0.018854574928763),
 .UNSPECIFIED.);
#45=B_SPLINE_SURFACE_WITH_KNOTS('',3,3,((#1565,#1566,#1567,#1568,#1569,
#1570,#1571,#1572),(#1573,#1574,#1575,#1576,#1577,#1578,#1579,#1580),(#1581,
#1582,#1583,#1584,#1585,#1586,#1587,#1588),(#1589,#1590,#1591,#1592,#1593,
#1594,#1595,#1596)),.UNSPECIFIED.,.F.,.F.,.F.,(4,4),(4,1,2,1,4),(0.,1.),
(3.46944695195361E-18,0.00562343349958481,0.00937238916597469,0.0130572224043657,
0.0185844722619522),.UNSPECIFIED.);
#46=B_SPLINE_SURFACE_WITH_KNOTS('',3,3,((#1622,#1623,#1624,#1625,#1626,
#1627,#1628,#1629),(#1630,#1631,#1632,#1633,#1634,#1635,#1636,#1637),(#1638,
#1639,#1640,#1641,#1642,#1643,#1644,#1645),(#1646,#1647,#1648,#1649,#1650,
#1651,#1652,#1653)),.UNSPECIFIED.,.F.,.F.,.F.,(4,4),(4,1,2,1,4),(0.,1.),
(0.,0.00552722503945373,0.00921204173242288,0.0129609995792321,0.0185844363494459),
 .UNSPECIFIED.);
#47=B_SPLINE_SURFACE_WITH_KNOTS('',3,3,((#1679,#1680,#1681,#1682,#1683,
#1684,#1685,#1686),(#1687,#1688,#1689,#1690,#1691,#1692,#1693,#1694),(#1695,
#1696,#1697,#1698,#1699,#1700,#1701,#1702),(#1703,#1704,#1705,#1706,#1707,
#1708,#1709,#1710)),.UNSPECIFIED.,.F.,.F.,.F.,(4,4),(4,1,2,1,4),(0.,1.),
(-2.51131046709952E-14,0.00383326715830676,0.00958316789580456,0.0132917325188154,
0.0188545794533317),.UNSPECIFIED.);
#48=B_SPLINE_SURFACE_WITH_KNOTS('',3,3,((#1760,#1761,#1762,#1763,#1764,
#1765,#1766,#1767),(#1768,#1769,#1770,#1771,#1772,#1773,#1774,#1775),(#1776,
#1777,#1778,#1779,#1780,#1781,#1782,#1783),(#1784,#1785,#1786,#1787,#1788,
#1789,#1790,#1791)),.UNSPECIFIED.,.F.,.F.,.F.,(4,4),(4,1,2,1,4),(0.,1.),
(-3.49720252756924E-15,0.00366116099858582,0.0091529024964698,0.0128176166422038,
0.0183146878608048),.UNSPECIFIED.);
#49=B_SPLINE_SURFACE_WITH_KNOTS('',3,3,((#1817,#1818,#1819,#1820,#1821,
#1822,#1823,#1824),(#1825,#1826,#1827,#1828,#1829,#1830,#1831,#1832),(#1833,
#1834,#1835,#1836,#1837,#1838,#1839,#1840),(#1841,#1842,#1843,#1844,#1845,
#1846,#1847,#1848)),.UNSPECIFIED.,.F.,.F.,.F.,(4,4),(4,1,2,1,4),(0.,1.),
(0.,0.00562343677021341,0.00937239461702236,0.0130572278554142,0.0185844777130019),
 .UNSPECIFIED.);
#50=B_SPLINE_SURFACE_WITH_KNOTS('',3,3,((#1874,#1875,#1876,#1877,#1878,
#1879,#1880,#1881),(#1882,#1883,#1884,#1885,#1886,#1887,#1888,#1889),(#1890,
#1891,#1892,#1893,#1894,#1895,#1896,#1897),(#1898,#1899,#1900,#1901,#1902,
#1903,#1904,#1905)),.UNSPECIFIED.,.F.,.F.,.F.,(4,4),(4,1,2,1,4),(0.,1.),
(-1.00364595106983E-15,0.00368483323839042,0.00921208309597756,0.0129610409427865,
0.0185844777129999),.UNSPECIFIED.);
#51=B_SPLINE_SURFACE_WITH_KNOTS('',3,3,((#1931,#1932,#1933,#1934,#1935,
#1936,#1937,#1938),(#1939,#1940,#1941,#1942,#1943,#1944,#1945,#1946),(#1947,
#1948,#1949,#1950,#1951,#1952,#1953,#1954),(#1955,#1956,#1957,#1958,#1959,
#1960,#1961,#1962)),.UNSPECIFIED.,.F.,.F.,.F.,(4,4),(4,1,2,1,4),(0.,1.),
(-1.73997648008336E-14,0.00549707121858258,0.0091617853643159,0.014653516814954,
0.0183146711153794),.UNSPECIFIED.);
#52=B_SPLINE_SURFACE_WITH_KNOTS('',3,1,((#1997,#1998),(#1999,#2000),(#2001,
#2002),(#2003,#2004),(#2005,#2006)),.UNSPECIFIED.,.F.,.F.,.F.,(4,1,4),(2,
2),(0.,0.00927143635454355,0.0188545749287413),(0.,0.0600000000000001),
 .UNSPECIFIED.);
#53=B_SPLINE_SURFACE_WITH_KNOTS('',3,1,((#2014,#2015),(#2016,#2017),(#2018,
#2019),(#2020,#2021),(#2022,#2023)),.UNSPECIFIED.,.F.,.F.,.F.,(4,1,4),(2,
2),(0.,0.00937238916597469,0.0185844722619522),(0.,0.0600000000000001),
 .UNSPECIFIED.);
#54=B_SPLINE_SURFACE_WITH_KNOTS('',3,1,((#2031,#2032),(#2033,#2034),(#2035,
#2036),(#2037,#2038),(#2039,#2040)),.UNSPECIFIED.,.F.,.F.,.F.,(4,1,4),(2,
2),(0.,0.00921204173242357,0.0185844363494459),(0.,0.0600000000000001),
 .UNSPECIFIED.);
#55=B_SPLINE_SURFACE_WITH_KNOTS('',3,1,((#2048,#2049),(#2050,#2051),(#2052,
#2053),(#2054,#2055),(#2056,#2057)),.UNSPECIFIED.,.F.,.F.,.F.,(4,1,4),(2,
2),(0.,0.00958316789580456,0.0188545794533317),(0.,0.0600000000000001),
 .UNSPECIFIED.);
#56=B_SPLINE_SURFACE_WITH_KNOTS('',3,3,((#2074,#2075,#2076,#2077,#2078,
#2079,#2080,#2081,#2082,#2083),(#2084,#2085,#2086,#2087,#2088,#2089,#2090,
#2091,#2092,#2093),(#2094,#2095,#2096,#2097,#2098,#2099,#2100,#2101,#2102,
#2103),(#2104,#2105,#2106,#2107,#2108,#2109,#2110,#2111,#2112,#2113)),
 .UNSPECIFIED.,.F.,.F.,.F.,(4,4),(4,2,2,2,4),(0.,1.),(-0.00090158504042124,
-5.00901403688303E-17,0.0486164381779831,0.0971853781239757,0.0976315254478319),
 .UNSPECIFIED.);
#57=B_SPLINE_SURFACE_WITH_KNOTS('',3,3,((#2147,#2148,#2149,#2150,#2151,
#2152,#2153,#2154,#2155,#2156),(#2157,#2158,#2159,#2160,#2161,#2162,#2163,
#2164,#2165,#2166),(#2167,#2168,#2169,#2170,#2171,#2172,#2173,#2174,#2175,
#2176),(#2177,#2178,#2179,#2180,#2181,#2182,#2183,#2184,#2185,#2186)),
 .UNSPECIFIED.,.F.,.F.,.F.,(4,4),(4,2,2,2,4),(0.,1.),(-0.000883692869779712,
-3.72965547335014E-17,0.0489331779788708,0.0976108304509038,0.0985120301369416),
 .UNSPECIFIED.);
#58=B_SPLINE_SURFACE_WITH_KNOTS('',3,3,((#2211,#2212,#2213,#2214,#2215,
#2216,#2217,#2218),(#2219,#2220,#2221,#2222,#2223,#2224,#2225,#2226),(#2227,
#2228,#2229,#2230,#2231,#2232,#2233,#2234),(#2235,#2236,#2237,#2238,#2239,
#2240,#2241,#2242)),.UNSPECIFIED.,.F.,.F.,.F.,(4,4),(4,2,2,4),(0.,1.),(-3.6010123726274E-16,
0.0462479902536832,0.0920044580768636,0.092890927654752),.UNSPECIFIED.);
#59=B_SPLINE_SURFACE_WITH_KNOTS('',3,3,((#2278,#2279,#2280,#2281,#2282,
#2283,#2284,#2285,#2286,#2287),(#2288,#2289,#2290,#2291,#2292,#2293,#2294,
#2295,#2296,#2297),(#2298,#2299,#2300,#2301,#2302,#2303,#2304,#2305,#2306,
#2307),(#2308,#2309,#2310,#2311,#2312,#2313,#2314,#2315,#2316,#2317)),
 .UNSPECIFIED.,.F.,.F.,.F.,(4,4),(4,2,2,2,4),(0.,1.),(-0.000898570595424086,
0.,0.048439001205416,0.0969377875975822,0.0977249042635936),
 .UNSPECIFIED.);
#60=B_SPLINE_SURFACE_WITH_KNOTS('',3,3,((#2350,#2351,#2352,#2353,#2354,
#2355,#2356,#2357,#2358,#2359),(#2360,#2361,#2362,#2363,#2364,#2365,#2366,
#2367,#2368,#2369),(#2370,#2371,#2372,#2373,#2374,#2375,#2376,#2377,#2378,
#2379),(#2380,#2381,#2382,#2383,#2384,#2385,#2386,#2387,#2388,#2389)),
 .UNSPECIFIED.,.F.,.F.,.F.,(4,4),(4,2,2,2,4),(0.,1.),(-0.000445472426449894,
0.,0.0484987905729318,0.0969378206184123,0.0978363912782774),
 .UNSPECIFIED.);
#61=B_SPLINE_SURFACE_WITH_KNOTS('',3,3,((#2406,#2407,#2408,#2409,#2410,
#2411,#2412,#2413),(#2414,#2415,#2416,#2417,#2418,#2419,#2420,#2421),(#2422,
#2423,#2424,#2425,#2426,#2427,#2428,#2429),(#2430,#2431,#2432,#2433,#2434,
#2435,#2436,#2437)),.UNSPECIFIED.,.F.,.F.,.F.,(4,4),(4,2,2,4),(0.,1.),(-0.000796547744677821,
-2.41817524311874E-16,0.0354967769917983,0.0710968794335627),
 .UNSPECIFIED.);
#62=B_SPLINE_SURFACE_WITH_KNOTS('',3,1,((#2461,#2462),(#2463,#2464),(#2465,
#2466),(#2467,#2468),(#2469,#2470)),.UNSPECIFIED.,.F.,.F.,.F.,(4,1,4),(2,
2),(0.,0.0486164381779831,0.0971853781239757),(0.,0.0600000000000001),
 .UNSPECIFIED.);
#63=B_SPLINE_SURFACE_WITH_KNOTS('',3,1,((#2480,#2481),(#2482,#2483),(#2484,
#2485),(#2486,#2487),(#2488,#2489)),.UNSPECIFIED.,.F.,.F.,.F.,(4,1,4),(2,
2),(0.,0.0489331779788708,0.0976108304509038),(0.,0.0600000000000001),
 .UNSPECIFIED.);
#64=B_SPLINE_SURFACE_WITH_KNOTS('',3,1,((#2497,#2498),(#2499,#2500),(#2501,
#2502),(#2503,#2504),(#2505,#2506)),.UNSPECIFIED.,.F.,.F.,.F.,(4,1,4),(2,
2),(0.,0.0462479902536832,0.0920044580768636),(0.,0.0600000000000001),
 .UNSPECIFIED.);
#65=B_SPLINE_SURFACE_WITH_KNOTS('',3,1,((#2514,#2515),(#2516,#2517),(#2518,
#2519),(#2520,#2521),(#2522,#2523)),.UNSPECIFIED.,.F.,.F.,.F.,(4,1,4),(2,
2),(0.,0.0354967769917983,0.0710968794335627),(0.,0.0600000000000001),
 .UNSPECIFIED.);
#66=B_SPLINE_SURFACE_WITH_KNOTS('',3,1,((#2531,#2532),(#2533,#2534),(#2535,
#2536),(#2537,#2538),(#2539,#2540)),.UNSPECIFIED.,.F.,.F.,.F.,(4,1,4),(2,
2),(0.,0.048439001205416,0.0969377875975825),(0.,0.0600000000000001),
 .UNSPECIFIED.);
#67=B_SPLINE_SURFACE_WITH_KNOTS('',3,1,((#2565,#2566),(#2567,#2568),(#2569,
#2570),(#2571,#2572),(#2573,#2574)),.UNSPECIFIED.,.F.,.F.,.F.,(4,1,4),(2,
2),(0.,0.0091529024964698,0.0183146878607857),(0.,0.0600000000000001),
 .UNSPECIFIED.);
#68=B_SPLINE_SURFACE_WITH_KNOTS('',3,1,((#2582,#2583),(#2584,#2585),(#2586,
#2587),(#2588,#2589),(#2590,#2591)),.UNSPECIFIED.,.F.,.F.,.F.,(4,1,4),(2,
2),(0.,0.00937239461702236,0.0185844777129999),(0.,0.0600000000000001),
 .UNSPECIFIED.);
#69=B_SPLINE_SURFACE_WITH_KNOTS('',3,1,((#2599,#2600),(#2601,#2602),(#2603,
#2604),(#2605,#2606),(#2607,#2608)),.UNSPECIFIED.,.F.,.F.,.F.,(4,1,4),(2,
2),(0.,0.00921208309597756,0.0185844777129999),(0.,0.0600000000000001),
 .UNSPECIFIED.);
#70=B_SPLINE_SURFACE_WITH_KNOTS('',3,1,((#2616,#2617),(#2618,#2619),(#2620,
#2621),(#2622,#2623),(#2624,#2625)),.UNSPECIFIED.,.F.,.F.,.F.,(4,1,4),(2,
2),(0.,0.0091617853643159,0.018314671115377),(0.,0.0600000000000001),
 .UNSPECIFIED.);
#71=B_SPLINE_SURFACE_WITH_KNOTS('',3,1,((#2639,#2640),(#2641,#2642),(#2643,
#2644),(#2645,#2646),(#2647,#2648)),.UNSPECIFIED.,.F.,.F.,.F.,(4,1,4),(2,
2),(0.,0.0484987905729318,0.0969378206184123),(0.,0.0600000000000001),
 .UNSPECIFIED.);
#72=B_SPLINE_CURVE_WITH_KNOTS('',3,(#1500,#1501,#1502,#1503,#1504,#1505,
#1506),.UNSPECIFIED.,.F.,.F.,(4,3,4),(-0.0141628995493607,-0.00708121689118104,
0.),.UNSPECIFIED.);
#73=B_SPLINE_CURVE_WITH_KNOTS('',3,(#1541,#1542,#1543,#1544,#1545,#1546,
#1547,#1548),.UNSPECIFIED.,.F.,.F.,(4,1,2,1,4),(-0.0184535865398939,-0.0131046917842313,
-0.00927143635454355,-0.00556286181272613,-0.00100614400269347),
 .UNSPECIFIED.);
#74=B_SPLINE_CURVE_WITH_KNOTS('',3,(#1550,#1551,#1552,#1553,#1554,#1555,
#1556),.UNSPECIFIED.,.F.,.F.,(4,3,4),(-0.0142307513929563,-0.00711744882333596,
0.),.UNSPECIFIED.);
#75=B_SPLINE_CURVE_WITH_KNOTS('',3,(#1557,#1558,#1559,#1560,#1561,#1562,
#1563,#1564),.UNSPECIFIED.,.F.,.F.,(4,1,2,1,4),(0.,0.00556286181272613,
0.00927143635454355,0.0131046917842313,0.018854574928763),.UNSPECIFIED.);
#76=B_SPLINE_CURVE_WITH_KNOTS('',3,(#1598,#1599,#1600,#1601,#1602,#1603,
#1604,#1605),.UNSPECIFIED.,.F.,.F.,(4,1,2,1,4),(-0.0175781201876776,-0.0130572224043657,
-0.00937238916597469,-0.00562343349958481,-0.000865840848595926),
 .UNSPECIFIED.);
#77=B_SPLINE_CURVE_WITH_KNOTS('',3,(#1607,#1608,#1609,#1610,#1611,#1612,
#1613),.UNSPECIFIED.,.F.,.F.,(4,3,4),(0.,0.00705376976993315,0.0141102357626287),
 .UNSPECIFIED.);
#78=B_SPLINE_CURVE_WITH_KNOTS('',3,(#1614,#1615,#1616,#1617,#1618,#1619,
#1620,#1621),.UNSPECIFIED.,.F.,.F.,(4,1,2,1,4),(3.46944695195361E-18,0.00562343349958481,
0.00937238916597469,0.0130572224043657,0.0185844722619522),
 .UNSPECIFIED.);
#79=B_SPLINE_CURVE_WITH_KNOTS('',3,(#1655,#1656,#1657,#1658,#1659,#1660,
#1661,#1662),.UNSPECIFIED.,.F.,.F.,(4,1,2,1,4),(-0.0177185952525956,-0.0129609995792321,
-0.00921204173242288,-0.00552722503945373,-0.0010063524451868),
 .UNSPECIFIED.);
#80=B_SPLINE_CURVE_WITH_KNOTS('',3,(#1664,#1665,#1666,#1667,#1668,#1669,
#1670),.UNSPECIFIED.,.F.,.F.,(4,3,4),(0.,0.00705178419410145,0.0141080933101169),
 .UNSPECIFIED.);
#81=B_SPLINE_CURVE_WITH_KNOTS('',3,(#1671,#1672,#1673,#1674,#1675,#1676,
#1677,#1678),.UNSPECIFIED.,.F.,.F.,(4,1,2,1,4),(0.,0.00552722503945373,
0.00921204173242288,0.0129609995792321,0.0185844363494459),
 .UNSPECIFIED.);
#82=B_SPLINE_CURVE_WITH_KNOTS('',3,(#1712,#1713,#1714,#1715,#1716,#1717,
#1718,#1719),.UNSPECIFIED.,.F.,.F.,(4,1,2,1,4),(-0.0178484677333025,-0.0132917325188154,
-0.00958316789580456,-0.00383326715830676,-0.000400735943070051),
 .UNSPECIFIED.);
#83=B_SPLINE_CURVE_WITH_KNOTS('',3,(#1721,#1722,#1723,#1724,#1725,#1726,
#1727),.UNSPECIFIED.,.F.,.F.,(4,3,4),(0.,0.00706559806770595,0.0141308055631531),
 .UNSPECIFIED.);
#84=B_SPLINE_CURVE_WITH_KNOTS('',3,(#1728,#1729,#1730,#1731,#1732,#1733,
#1734,#1735),.UNSPECIFIED.,.F.,.F.,(4,1,2,1,4),(-2.51131046709952E-14,0.00383326715830676,
0.00958316789580456,0.0132917325188154,0.0188545794533317),
 .UNSPECIFIED.);
#85=B_SPLINE_CURVE_WITH_KNOTS('',3,(#1750,#1751,#1752,#1753,#1754,#1755,
#1756),.UNSPECIFIED.,.F.,.F.,(4,3,4),(-0.0141674168606664,-0.00708351377638833,
0.),.UNSPECIFIED.);
#86=B_SPLINE_CURVE_WITH_KNOTS('',3,(#1793,#1794,#1795,#1796,#1797,#1798,
#1799,#1800),.UNSPECIFIED.,.F.,.F.,(4,1,2,1,4),(-3.49720252756924E-15,0.00366116099858582,
0.0091529024964698,0.0128176166422038,0.0183146878608048),.UNSPECIFIED.);
#87=B_SPLINE_CURVE_WITH_KNOTS('',3,(#1802,#1803,#1804,#1805,#1806,#1807,
#1808,#1809),.UNSPECIFIED.,.F.,.F.,(4,1,2,1,4),(-0.0178640671764366,-0.0128176166422038,
-0.0091529024964698,-0.00366116099858582,-0.000952418892257903),
 .UNSPECIFIED.);
#88=B_SPLINE_CURVE_WITH_KNOTS('',3,(#1810,#1811,#1812,#1813,#1814,#1815,
#1816),.UNSPECIFIED.,.F.,.F.,(4,3,4),(0.,0.00705140783568606,0.0141069016627529),
 .UNSPECIFIED.);
#89=B_SPLINE_CURVE_WITH_KNOTS('',3,(#1850,#1851,#1852,#1853,#1854,#1855,
#1856,#1857),.UNSPECIFIED.,.F.,.F.,(4,1,2,1,4),(0.,0.00562343677021341,
0.00937239461702236,0.0130572278554142,0.0185844777130019),
 .UNSPECIFIED.);
#90=B_SPLINE_CURVE_WITH_KNOTS('',3,(#1859,#1860,#1861,#1862,#1863,#1864,
#1865,#1866),.UNSPECIFIED.,.F.,.F.,(4,1,2,1,4),(-0.0176317482881744,-0.0130572278554142,
-0.00937239461702236,-0.00562343677021341,-0.000865860754028588),
 .UNSPECIFIED.);
#91=B_SPLINE_CURVE_WITH_KNOTS('',3,(#1867,#1868,#1869,#1870,#1871,#1872,
#1873),.UNSPECIFIED.,.F.,.F.,(4,3,4),(0.,0.0070537826419014,0.0141102361630957),
 .UNSPECIFIED.);
#92=B_SPLINE_CURVE_WITH_KNOTS('',3,(#1907,#1908,#1909,#1910,#1911,#1912,
#1913,#1914),.UNSPECIFIED.,.F.,.F.,(4,1,2,1,4),(-1.00364595106983E-15,0.00368483323839042,
0.00921208309597756,0.0129610409427865,0.0185844777129999),
 .UNSPECIFIED.);
#93=B_SPLINE_CURVE_WITH_KNOTS('',3,(#1916,#1917,#1918,#1919,#1920,#1921,
#1922,#1923),.UNSPECIFIED.,.F.,.F.,(4,1,2,1,4),(-0.0177186431340353,-0.0129610409427865,
-0.00921208309597756,-0.00368483323839042,-0.000952271431634465),
 .UNSPECIFIED.);
#94=B_SPLINE_CURVE_WITH_KNOTS('',3,(#1924,#1925,#1926,#1927,#1928,#1929,
#1930),.UNSPECIFIED.,.F.,.F.,(4,3,4),(-0.0142256771401844,-0.00711468328127874,
0.),.UNSPECIFIED.);
#95=B_SPLINE_CURVE_WITH_KNOTS('',3,(#1964,#1965,#1966,#1967,#1968,#1969,
#1970,#1971),.UNSPECIFIED.,.F.,.F.,(4,1,2,1,4),(-1.73997648008336E-14,0.00549707121858258,
0.0091617853643159,0.014653516814954,0.0183146711153794),.UNSPECIFIED.);
#96=B_SPLINE_CURVE_WITH_KNOTS('',3,(#1973,#1974,#1975,#1976,#1977,#1978,
#1979,#1980),.UNSPECIFIED.,.F.,.F.,(4,1,2,1,4),(-0.0173622343328172,-0.014653516814954,
-0.0091617853643159,-0.00549707121858258,-0.000450455683814636),
 .UNSPECIFIED.);
#97=B_SPLINE_CURVE_WITH_KNOTS('',3,(#1981,#1982,#1983,#1984,#1985,#1986,
#1987),.UNSPECIFIED.,.F.,.F.,(4,3,4),(0.,0.00706442726512504,0.0141285579621861),
 .UNSPECIFIED.);
#98=B_SPLINE_CURVE_WITH_KNOTS('',3,(#2009,#2010,#2011,#2012,#2013),
 .UNSPECIFIED.,.F.,.F.,(4,1,4),(0.,0.00927143635454355,0.0188545749287413),
 .UNSPECIFIED.);
#99=B_SPLINE_CURVE_WITH_KNOTS('',3,(#2026,#2027,#2028,#2029,#2030),
 .UNSPECIFIED.,.F.,.F.,(4,1,4),(0.,0.00937238916597469,0.0185844722619522),
 .UNSPECIFIED.);
#100=B_SPLINE_CURVE_WITH_KNOTS('',3,(#2043,#2044,#2045,#2046,#2047),
 .UNSPECIFIED.,.F.,.F.,(4,1,4),(0.,0.00921204173242357,0.0185844363494459),
 .UNSPECIFIED.);
#101=B_SPLINE_CURVE_WITH_KNOTS('',3,(#2060,#2061,#2062,#2063,#2064),
 .UNSPECIFIED.,.F.,.F.,(4,1,4),(0.,0.00958316789580456,0.0188545794533317),
 .UNSPECIFIED.);
#102=B_SPLINE_CURVE_WITH_KNOTS('',3,(#2116,#2117,#2118,#2119,#2120,#2121,
#2122),.UNSPECIFIED.,.F.,.F.,(4,3,4),(0.,0.70970342743733,1.00000009910867),
 .UNSPECIFIED.);
#103=B_SPLINE_CURVE_WITH_KNOTS('',3,(#2124,#2125,#2126,#2127,#2128,#2129,
#2130,#2131,#2132,#2133),.UNSPECIFIED.,.F.,.F.,(4,2,2,2,4),(-0.0976305942060267,
-0.0971853781239757,-0.0486164381779831,5.00901403688303E-17,0.00090158504042124),
 .UNSPECIFIED.);
#104=B_SPLINE_CURVE_WITH_KNOTS('',3,(#2135,#2136,#2137,#2138,#2139,#2140),
 .UNSPECIFIED.,.F.,.F.,(4,2,4),(0.,0.00708612768695641,0.0141723049146529),
 .UNSPECIFIED.);
#105=B_SPLINE_CURVE_WITH_KNOTS('',3,(#2141,#2142,#2143,#2144,#2145,#2146),
 .UNSPECIFIED.,.F.,.F.,(4,2,4),(-5.00901403688303E-17,0.0486164381779831,
0.0971853781239757),.UNSPECIFIED.);
#106=B_SPLINE_CURVE_WITH_KNOTS('',3,(#2188,#2189,#2190,#2191,#2192,#2193,
#2194,#2195,#2196,#2197),.UNSPECIFIED.,.F.,.F.,(4,2,2,2,4),(-0.0985120301369416,
-0.0976108304509038,-0.0489331779788708,3.72965547335014E-17,0.000883692869779712),
 .UNSPECIFIED.);
#107=B_SPLINE_CURVE_WITH_KNOTS('',3,(#2199,#2200,#2201,#2202,#2203,#2204),
 .UNSPECIFIED.,.F.,.F.,(4,2,4),(-0.0141711543373774,-0.00708555335328591,
0.),.UNSPECIFIED.);
#108=B_SPLINE_CURVE_WITH_KNOTS('',3,(#2205,#2206,#2207,#2208,#2209,#2210),
 .UNSPECIFIED.,.F.,.F.,(4,2,4),(-3.72965547335014E-17,0.0489331779788708,
0.0976108304509038),.UNSPECIFIED.);
#109=B_SPLINE_CURVE_WITH_KNOTS('',3,(#2244,#2245,#2246,#2247,#2248,#2249,
#2250,#2251),.UNSPECIFIED.,.F.,.F.,(4,2,2,4),(-0.092890927654752,-0.0920044580768636,
-0.0462479902536832,-0.00639022185077644),.UNSPECIFIED.);
#110=B_SPLINE_CURVE_WITH_KNOTS('',3,(#2253,#2254,#2255,#2256,#2257,#2258,
#2259,#2260,#2261,#2262),.UNSPECIFIED.,.F.,.F.,(4,3,3,4),(0.,0.00780061623898395,
0.0141465345262702,0.0156152190829197),.UNSPECIFIED.);
#111=B_SPLINE_CURVE_WITH_KNOTS('',3,(#2263,#2264,#2265,#2266,#2267,#2268),
 .UNSPECIFIED.,.F.,.F.,(4,2,4),(-3.6010123726274E-16,0.0462479902536832,
0.0920044580768636),.UNSPECIFIED.);
#112=B_SPLINE_CURVE_WITH_KNOTS('',3,(#2320,#2321,#2322,#2323,#2324,#2325,
#2326,#2327,#2328,#2329),.UNSPECIFIED.,.F.,.F.,(4,2,2,2,4),(-0.0977249042635936,
-0.0969377875975822,-0.048439001205416,0.,0.000898570595424086),
 .UNSPECIFIED.);
#113=B_SPLINE_CURVE_WITH_KNOTS('',3,(#2331,#2332,#2333,#2334,#2335,#2336),
 .UNSPECIFIED.,.F.,.F.,(4,2,4),(-0.0141721173226023,-0.00708603397608938,
0.),.UNSPECIFIED.);
#114=B_SPLINE_CURVE_WITH_KNOTS('',3,(#2338,#2339,#2340,#2341,#2342,#2343),
 .UNSPECIFIED.,.F.,.F.,(4,2,4),(0.,0.048439001205416,0.0969377875975822),
 .UNSPECIFIED.);
#115=B_SPLINE_CURVE_WITH_KNOTS('',3,(#2344,#2345,#2346,#2347,#2348,#2349),
 .UNSPECIFIED.,.F.,.F.,(4,2,4),(-0.0141651483666978,-0.00708255525130884,
0.),.UNSPECIFIED.);
#116=B_SPLINE_CURVE_WITH_KNOTS('',3,(#2390,#2391,#2392,#2393,#2394,#2395),
 .UNSPECIFIED.,.F.,.F.,(4,2,4),(0.,0.0484987905729318,0.0969378206184123),
 .UNSPECIFIED.);
#117=B_SPLINE_CURVE_WITH_KNOTS('',3,(#2396,#2397,#2398,#2399,#2400,#2401,
#2402,#2403,#2404,#2405),.UNSPECIFIED.,.F.,.F.,(4,2,2,2,4),(-0.0978363912782774,
-0.0969378206184123,-0.0484987905729318,0.,0.000445472426449894),
 .UNSPECIFIED.);
#118=B_SPLINE_CURVE_WITH_KNOTS('',3,(#2438,#2439,#2440,#2441,#2442,#2443,
#2444,#2445),.UNSPECIFIED.,.F.,.F.,(4,2,2,4),(-0.0646578202532297,-0.0354967769917983,
2.41817524311874E-16,0.000796547744677821),.UNSPECIFIED.);
#119=B_SPLINE_CURVE_WITH_KNOTS('',3,(#2446,#2447,#2448,#2449,#2450,#2451),
 .UNSPECIFIED.,.F.,.F.,(4,2,4),(-2.41817524311874E-16,0.0354967769917983,
0.0710968794335627),.UNSPECIFIED.);
#120=B_SPLINE_CURVE_WITH_KNOTS('',3,(#2474,#2475,#2476,#2477,#2478),
 .UNSPECIFIED.,.F.,.F.,(4,1,4),(0.,0.0486164381779831,0.0971853781239757),
 .UNSPECIFIED.);
#121=B_SPLINE_CURVE_WITH_KNOTS('',3,(#2492,#2493,#2494,#2495,#2496),
 .UNSPECIFIED.,.F.,.F.,(4,1,4),(0.,0.0489331779788708,0.0976108304509038),
 .UNSPECIFIED.);
#122=B_SPLINE_CURVE_WITH_KNOTS('',3,(#2509,#2510,#2511,#2512,#2513),
 .UNSPECIFIED.,.F.,.F.,(4,1,4),(0.,0.0462479902536832,0.0920044580768636),
 .UNSPECIFIED.);
#123=B_SPLINE_CURVE_WITH_KNOTS('',3,(#2526,#2527,#2528,#2529,#2530),
 .UNSPECIFIED.,.F.,.F.,(4,1,4),(0.,0.0354967769917983,0.0710968794335627),
 .UNSPECIFIED.);
#124=B_SPLINE_CURVE_WITH_KNOTS('',3,(#2543,#2544,#2545,#2546,#2547),
 .UNSPECIFIED.,.F.,.F.,(4,1,4),(0.,0.048439001205416,0.0969377875975825),
 .UNSPECIFIED.);
#125=B_SPLINE_CURVE_WITH_KNOTS('',3,(#2577,#2578,#2579,#2580,#2581),
 .UNSPECIFIED.,.F.,.F.,(4,1,4),(0.,0.0091529024964698,0.0183146878607857),
 .UNSPECIFIED.);
#126=B_SPLINE_CURVE_WITH_KNOTS('',3,(#2594,#2595,#2596,#2597,#2598),
 .UNSPECIFIED.,.F.,.F.,(4,1,4),(0.,0.00937239461702236,0.0185844777129999),
 .UNSPECIFIED.);
#127=B_SPLINE_CURVE_WITH_KNOTS('',3,(#2611,#2612,#2613,#2614,#2615),
 .UNSPECIFIED.,.F.,.F.,(4,1,4),(0.,0.00921208309597756,0.0185844777129999),
 .UNSPECIFIED.);
#128=B_SPLINE_CURVE_WITH_KNOTS('',3,(#2628,#2629,#2630,#2631,#2632),
 .UNSPECIFIED.,.F.,.F.,(4,1,4),(0.,0.0091617853643159,0.018314671115377),
 .UNSPECIFIED.);
#129=B_SPLINE_CURVE_WITH_KNOTS('',3,(#2651,#2652,#2653,#2654,#2655),
 .UNSPECIFIED.,.F.,.F.,(4,1,4),(0.,0.0484987905729318,0.0969378206184123),
 .UNSPECIFIED.);
#130=FACE_OUTER_BOUND('',#201,.T.);
#131=FACE_OUTER_BOUND('',#202,.T.);
#132=FACE_OUTER_BOUND('',#203,.T.);
#133=FACE_OUTER_BOUND('',#204,.T.);
#134=FACE_OUTER_BOUND('',#205,.T.);
#135=FACE_OUTER_BOUND('',#206,.T.);
#136=FACE_OUTER_BOUND('',#207,.T.);
#137=FACE_OUTER_BOUND('',#208,.T.);
#138=FACE_OUTER_BOUND('',#209,.T.);
#139=FACE_OUTER_BOUND('',#210,.T.);
#140=FACE_OUTER_BOUND('',#211,.T.);
#141=FACE_OUTER_BOUND('',#212,.T.);
#142=FACE_OUTER_BOUND('',#213,.T.);
#143=FACE_OUTER_BOUND('',#214,.T.);
#144=FACE_OUTER_BOUND('',#215,.T.);
#145=FACE_OUTER_BOUND('',#216,.T.);
#146=FACE_OUTER_BOUND('',#217,.T.);
#147=FACE_OUTER_BOUND('',#218,.T.);
#148=FACE_OUTER_BOUND('',#219,.T.);
#149=FACE_OUTER_BOUND('',#220,.T.);
#150=FACE_OUTER_BOUND('',#221,.T.);
#151=FACE_OUTER_BOUND('',#222,.T.);
#152=FACE_OUTER_BOUND('',#223,.T.);
#153=FACE_OUTER_BOUND('',#224,.T.);
#154=FACE_OUTER_BOUND('',#225,.T.);
#155=FACE_OUTER_BOUND('',#226,.T.);
#156=FACE_OUTER_BOUND('',#227,.T.);
#157=FACE_OUTER_BOUND('',#228,.T.);
#158=FACE_OUTER_BOUND('',#229,.T.);
#159=FACE_OUTER_BOUND('',#230,.T.);
#160=FACE_OUTER_BOUND('',#231,.T.);
#161=FACE_OUTER_BOUND('',#232,.T.);
#162=FACE_OUTER_BOUND('',#233,.T.);
#163=FACE_OUTER_BOUND('',#234,.T.);
#164=FACE_OUTER_BOUND('',#235,.T.);
#165=FACE_OUTER_BOUND('',#236,.T.);
#166=FACE_OUTER_BOUND('',#237,.T.);
#167=FACE_OUTER_BOUND('',#239,.T.);
#168=FACE_OUTER_BOUND('',#240,.T.);
#169=FACE_OUTER_BOUND('',#241,.T.);
#170=FACE_OUTER_BOUND('',#242,.T.);
#171=FACE_OUTER_BOUND('',#243,.T.);
#172=FACE_OUTER_BOUND('',#244,.T.);
#173=FACE_OUTER_BOUND('',#245,.T.);
#174=FACE_OUTER_BOUND('',#246,.T.);
#175=FACE_OUTER_BOUND('',#247,.T.);
#176=FACE_OUTER_BOUND('',#248,.T.);
#177=FACE_OUTER_BOUND('',#249,.T.);
#178=FACE_OUTER_BOUND('',#250,.T.);
#179=FACE_OUTER_BOUND('',#251,.T.);
#180=FACE_OUTER_BOUND('',#252,.T.);
#181=FACE_OUTER_BOUND('',#254,.T.);
#182=FACE_OUTER_BOUND('',#255,.T.);
#183=FACE_OUTER_BOUND('',#256,.T.);
#184=FACE_OUTER_BOUND('',#257,.T.);
#185=FACE_OUTER_BOUND('',#258,.T.);
#186=FACE_OUTER_BOUND('',#259,.T.);
#187=FACE_OUTER_BOUND('',#260,.T.);
#188=FACE_OUTER_BOUND('',#262,.T.);
#189=FACE_OUTER_BOUND('',#263,.T.);
#190=FACE_OUTER_BOUND('',#264,.T.);
#191=FACE_OUTER_BOUND('',#265,.T.);
#192=FACE_OUTER_BOUND('',#266,.T.);
#193=FACE_OUTER_BOUND('',#267,.T.);
#194=FACE_OUTER_BOUND('',#268,.T.);
#195=FACE_OUTER_BOUND('',#269,.T.);
#196=FACE_OUTER_BOUND('',#270,.T.);
#197=FACE_OUTER_BOUND('',#271,.T.);
#198=FACE_OUTER_BOUND('',#272,.T.);
#199=FACE_OUTER_BOUND('',#273,.T.);
#200=FACE_OUTER_BOUND('',#274,.T.);
#201=EDGE_LOOP('',(#753,#754,#755,#756));
#202=EDGE_LOOP('',(#757,#758,#759,#760));
#203=EDGE_LOOP('',(#761,#762,#763,#764));
#204=EDGE_LOOP('',(#765,#766,#767,#768));
#205=EDGE_LOOP('',(#769,#770,#771,#772));
#206=EDGE_LOOP('',(#773,#774,#775,#776));
#207=EDGE_LOOP('',(#777,#778,#779,#780));
#208=EDGE_LOOP('',(#781,#782,#783,#784));
#209=EDGE_LOOP('',(#785,#786,#787,#788));
#210=EDGE_LOOP('',(#789,#790,#791,#792));
#211=EDGE_LOOP('',(#793,#794,#795,#796));
#212=EDGE_LOOP('',(#797,#798,#799,#800));
#213=EDGE_LOOP('',(#801,#802,#803,#804));
#214=EDGE_LOOP('',(#805,#806,#807,#808));
#215=EDGE_LOOP('',(#809,#810,#811,#812));
#216=EDGE_LOOP('',(#813,#814,#815,#816));
#217=EDGE_LOOP('',(#817,#818,#819,#820));
#218=EDGE_LOOP('',(#821,#822,#823,#824));
#219=EDGE_LOOP('',(#825,#826,#827,#828));
#220=EDGE_LOOP('',(#829,#830,#831,#832));
#221=EDGE_LOOP('',(#833,#834,#835,#836));
#222=EDGE_LOOP('',(#837,#838,#839,#840,#841,#842,#843,#844,#845,#846,#847,
#848,#849,#850));
#223=EDGE_LOOP('',(#851,#852,#853,#854));
#224=EDGE_LOOP('',(#855,#856,#857,#858));
#225=EDGE_LOOP('',(#859,#860,#861,#862));
#226=EDGE_LOOP('',(#863,#864,#865,#866));
#227=EDGE_LOOP('',(#867,#868,#869,#870));
#228=EDGE_LOOP('',(#871,#872,#873,#874));
#229=EDGE_LOOP('',(#875,#876,#877,#878));
#230=EDGE_LOOP('',(#879,#880,#881,#882));
#231=EDGE_LOOP('',(#883,#884,#885,#886));
#232=EDGE_LOOP('',(#887,#888,#889,#890));
#233=EDGE_LOOP('',(#891,#892,#893,#894));
#234=EDGE_LOOP('',(#895,#896,#897,#898));
#235=EDGE_LOOP('',(#899,#900,#901,#902));
#236=EDGE_LOOP('',(#903,#904,#905,#906));
#237=EDGE_LOOP('',(#907));
#238=EDGE_LOOP('',(#908,#909,#910,#911,#912,#913,#914,#915,#916));
#239=EDGE_LOOP('',(#917,#918,#919,#920));
#240=EDGE_LOOP('',(#921,#922,#923,#924,#925));
#241=EDGE_LOOP('',(#926,#927,#928,#929));
#242=EDGE_LOOP('',(#930,#931,#932,#933));
#243=EDGE_LOOP('',(#934,#935,#936,#937));
#244=EDGE_LOOP('',(#938,#939,#940,#941));
#245=EDGE_LOOP('',(#942,#943,#944,#945));
#246=EDGE_LOOP('',(#946,#947,#948,#949));
#247=EDGE_LOOP('',(#950,#951,#952,#953));
#248=EDGE_LOOP('',(#954,#955,#956,#957));
#249=EDGE_LOOP('',(#958,#959,#960,#961));
#250=EDGE_LOOP('',(#962,#963,#964,#965));
#251=EDGE_LOOP('',(#966,#967,#968,#969));
#252=EDGE_LOOP('',(#970,#971,#972,#973,#974,#975,#976,#977,#978));
#253=EDGE_LOOP('',(#979,#980,#981,#982,#983,#984,#985,#986,#987,#988,#989,
#990,#991,#992));
#254=EDGE_LOOP('',(#993,#994,#995,#996));
#255=EDGE_LOOP('',(#997,#998,#999,#1000,#1001,#1002,#1003,#1004));
#256=EDGE_LOOP('',(#1005,#1006,#1007,#1008));
#257=EDGE_LOOP('',(#1009,#1010,#1011,#1012));
#258=EDGE_LOOP('',(#1013,#1014,#1015,#1016));
#259=EDGE_LOOP('',(#1017,#1018,#1019,#1020));
#260=EDGE_LOOP('',(#1021,#1022,#1023,#1024,#1025,#1026,#1027,#1028,#1029,
#1030));
#261=EDGE_LOOP('',(#1031));
#262=EDGE_LOOP('',(#1032,#1033,#1034,#1035,#1036,#1037,#1038,#1039));
#263=EDGE_LOOP('',(#1040,#1041,#1042,#1043,#1044));
#264=EDGE_LOOP('',(#1045,#1046,#1047,#1048,#1049,#1050,#1051,#1052));
#265=EDGE_LOOP('',(#1053,#1054,#1055,#1056,#1057));
#266=EDGE_LOOP('',(#1058,#1059,#1060,#1061,#1062));
#267=EDGE_LOOP('',(#1063,#1064,#1065,#1066));
#268=EDGE_LOOP('',(#1067,#1068,#1069,#1070));
#269=EDGE_LOOP('',(#1071,#1072,#1073,#1074,#1075,#1076,#1077));
#270=EDGE_LOOP('',(#1078,#1079,#1080,#1081));
#271=EDGE_LOOP('',(#1082,#1083,#1084,#1085));
#272=EDGE_LOOP('',(#1086,#1087,#1088,#1089,#1090,#1091,#1092));
#273=EDGE_LOOP('',(#1093,#1094,#1095,#1096));
#274=EDGE_LOOP('',(#1097,#1098,#1099,#1100));
#275=LINE('',#1490,#373);
#276=LINE('',#1492,#374);
#277=LINE('',#1494,#375);
#278=LINE('',#1495,#376);
#279=LINE('',#1498,#377);
#280=LINE('',#1507,#378);
#281=LINE('',#1739,#379);
#282=LINE('',#1741,#380);
#283=LINE('',#1743,#381);
#284=LINE('',#1744,#382);
#285=LINE('',#1747,#383);
#286=LINE('',#1749,#384);
#287=LINE('',#1758,#385);
#288=LINE('',#1759,#386);
#289=LINE('',#1989,#387);
#290=LINE('',#1990,#388);
#291=LINE('',#1993,#389);
#292=LINE('',#1995,#390);
#293=LINE('',#1996,#391);
#294=LINE('',#2008,#392);
#295=LINE('',#2025,#393);
#296=LINE('',#2042,#394);
#297=LINE('',#2059,#395);
#298=LINE('',#2067,#396);
#299=LINE('',#2068,#397);
#300=LINE('',#2071,#398);
#301=LINE('',#2072,#399);
#302=LINE('',#2272,#400);
#303=LINE('',#2274,#401);
#304=LINE('',#2276,#402);
#305=LINE('',#2277,#403);
#306=LINE('',#2454,#404);
#307=LINE('',#2456,#405);
#308=LINE('',#2457,#406);
#309=LINE('',#2459,#407);
#310=LINE('',#2460,#408);
#311=LINE('',#2472,#409);
#312=LINE('',#2479,#410);
#313=LINE('',#2491,#411);
#314=LINE('',#2508,#412);
#315=LINE('',#2525,#413);
#316=LINE('',#2542,#414);
#317=LINE('',#2554,#415);
#318=LINE('',#2557,#416);
#319=LINE('',#2563,#417);
#320=LINE('',#2564,#418);
#321=LINE('',#2576,#419);
#322=LINE('',#2593,#420);
#323=LINE('',#2610,#421);
#324=LINE('',#2627,#422);
#325=LINE('',#2635,#423);
#326=LINE('',#2636,#424);
#327=LINE('',#2638,#425);
#328=LINE('',#2650,#426);
#329=LINE('',#2658,#427);
#330=LINE('',#2659,#428);
#331=LINE('',#2662,#429);
#332=LINE('',#2663,#430);
#333=LINE('',#2665,#431);
#334=LINE('',#2682,#432);
#335=LINE('',#2684,#433);
#336=LINE('',#2686,#434);
#337=LINE('',#2688,#435);
#338=LINE('',#2692,#436);
#339=LINE('',#2693,#437);
#340=LINE('',#2708,#438);
#341=LINE('',#2709,#439);
#342=LINE('',#2724,#440);
#343=LINE('',#2725,#441);
#344=LINE('',#2728,#442);
#345=LINE('',#2730,#443);
#346=LINE('',#2732,#444);
#347=LINE('',#2733,#445);
#348=LINE('',#2735,#446);
#349=LINE('',#2737,#447);
#350=LINE('',#2739,#448);
#351=LINE('',#2740,#449);
#352=LINE('',#2745,#450);
#353=LINE('',#2747,#451);
#354=LINE('',#2748,#452);
#355=LINE('',#2750,#453);
#356=LINE('',#2753,#454);
#357=LINE('',#2755,#455);
#358=LINE('',#2756,#456);
#359=LINE('',#2760,#457);
#360=LINE('',#2762,#458);
#361=LINE('',#2763,#459);
#362=LINE('',#2764,#460);
#363=LINE('',#2767,#461);
#364=LINE('',#2769,#462);
#365=LINE('',#2771,#463);
#366=LINE('',#2772,#464);
#367=LINE('',#2774,#465);
#368=LINE('',#2776,#466);
#369=LINE('',#2778,#467);
#370=LINE('',#2780,#468);
#371=LINE('',#2782,#469);
#372=LINE('',#2785,#470);
#373=VECTOR('',#1280,10.);
#374=VECTOR('',#1281,10.);
#375=VECTOR('',#1282,10.);
#376=VECTOR('',#1283,10.);
#377=VECTOR('',#1286,10.);
#378=VECTOR('',#1287,10.);
#379=VECTOR('',#1290,10.);
#380=VECTOR('',#1291,10.);
#381=VECTOR('',#1292,10.);
#382=VECTOR('',#1293,10.);
#383=VECTOR('',#1296,10.);
#384=VECTOR('',#1297,10.);
#385=VECTOR('',#1300,10.);
#386=VECTOR('',#1301,10.);
#387=VECTOR('',#1304,10.);
#388=VECTOR('',#1305,10.);
#389=VECTOR('',#1308,10.);
#390=VECTOR('',#1309,10.);
#391=VECTOR('',#1310,10.);
#392=VECTOR('',#1311,10.);
#393=VECTOR('',#1312,10.);
#394=VECTOR('',#1313,10.);
#395=VECTOR('',#1314,10.);
#396=VECTOR('',#1317,10.);
#397=VECTOR('',#1318,10.);
#398=VECTOR('',#1321,10.);
#399=VECTOR('',#1322,10.);
#400=VECTOR('',#1327,10.);
#401=VECTOR('',#1328,10.);
#402=VECTOR('',#1329,10.);
#403=VECTOR('',#1330,10.);
#404=VECTOR('',#1333,10.);
#405=VECTOR('',#1334,10.);
#406=VECTOR('',#1335,10.);
#407=VECTOR('',#1338,10.);
#408=VECTOR('',#1339,10.);
#409=VECTOR('',#1340,10.);
#410=VECTOR('',#1341,10.);
#411=VECTOR('',#1342,10.);
#412=VECTOR('',#1343,10.);
#413=VECTOR('',#1344,10.);
#414=VECTOR('',#1345,10.);
#415=VECTOR('',#1354,4.13535533905933);
#416=VECTOR('',#1357,4.5);
#417=VECTOR('',#1364,10.);
#418=VECTOR('',#1365,10.);
#419=VECTOR('',#1366,10.);
#420=VECTOR('',#1367,10.);
#421=VECTOR('',#1368,10.);
#422=VECTOR('',#1369,10.);
#423=VECTOR('',#1372,10.);
#424=VECTOR('',#1373,10.);
#425=VECTOR('',#1376,10.);
#426=VECTOR('',#1377,10.);
#427=VECTOR('',#1380,10.);
#428=VECTOR('',#1381,10.);
#429=VECTOR('',#1384,10.);
#430=VECTOR('',#1385,10.);
#431=VECTOR('',#1388,10.);
#432=VECTOR('',#1399,10.);
#433=VECTOR('',#1400,10.);
#434=VECTOR('',#1401,10.);
#435=VECTOR('',#1402,10.);
#436=VECTOR('',#1405,10.);
#437=VECTOR('',#1406,10.);
#438=VECTOR('',#1415,10.);
#439=VECTOR('',#1416,10.);
#440=VECTOR('',#1425,10.);
#441=VECTOR('',#1426,10.);
#442=VECTOR('',#1429,10.);
#443=VECTOR('',#1430,10.);
#444=VECTOR('',#1431,10.);
#445=VECTOR('',#1432,10.);
#446=VECTOR('',#1433,10.);
#447=VECTOR('',#1434,10.);
#448=VECTOR('',#1435,10.);
#449=VECTOR('',#1436,10.);
#450=VECTOR('',#1441,10.);
#451=VECTOR('',#1442,10.);
#452=VECTOR('',#1443,10.);
#453=VECTOR('',#1446,4.85);
#454=VECTOR('',#1449,10.);
#455=VECTOR('',#1450,10.);
#456=VECTOR('',#1451,10.);
#457=VECTOR('',#1454,10.);
#458=VECTOR('',#1455,10.);
#459=VECTOR('',#1456,10.);
#460=VECTOR('',#1457,10.);
#461=VECTOR('',#1460,10.);
#462=VECTOR('',#1461,10.);
#463=VECTOR('',#1462,10.);
#464=VECTOR('',#1463,10.);
#465=VECTOR('',#1466,10.);
#466=VECTOR('',#1469,10.);
#467=VECTOR('',#1472,10.);
#468=VECTOR('',#1475,10.);
#469=VECTOR('',#1478,10.);
#470=VECTOR('',#1483,10.);
#471=VERTEX_POINT('',#1488);
#472=VERTEX_POINT('',#1489);
#473=VERTEX_POINT('',#1491);
#474=VERTEX_POINT('',#1493);
#475=VERTEX_POINT('',#1497);
#476=VERTEX_POINT('',#1499);
#477=VERTEX_POINT('',#1540);
#478=VERTEX_POINT('',#1549);
#479=VERTEX_POINT('',#1597);
#480=VERTEX_POINT('',#1606);
#481=VERTEX_POINT('',#1654);
#482=VERTEX_POINT('',#1663);
#483=VERTEX_POINT('',#1711);
#484=VERTEX_POINT('',#1720);
#485=VERTEX_POINT('',#1737);
#486=VERTEX_POINT('',#1738);
#487=VERTEX_POINT('',#1740);
#488=VERTEX_POINT('',#1742);
#489=VERTEX_POINT('',#1746);
#490=VERTEX_POINT('',#1748);
#491=VERTEX_POINT('',#1792);
#492=VERTEX_POINT('',#1801);
#493=VERTEX_POINT('',#1849);
#494=VERTEX_POINT('',#1858);
#495=VERTEX_POINT('',#1906);
#496=VERTEX_POINT('',#1915);
#497=VERTEX_POINT('',#1963);
#498=VERTEX_POINT('',#1972);
#499=VERTEX_POINT('',#1992);
#500=VERTEX_POINT('',#1994);
#501=VERTEX_POINT('',#2007);
#502=VERTEX_POINT('',#2024);
#503=VERTEX_POINT('',#2041);
#504=VERTEX_POINT('',#2058);
#505=VERTEX_POINT('',#2066);
#506=VERTEX_POINT('',#2070);
#507=VERTEX_POINT('',#2114);
#508=VERTEX_POINT('',#2115);
#509=VERTEX_POINT('',#2123);
#510=VERTEX_POINT('',#2134);
#511=VERTEX_POINT('',#2187);
#512=VERTEX_POINT('',#2198);
#513=VERTEX_POINT('',#2243);
#514=VERTEX_POINT('',#2252);
#515=VERTEX_POINT('',#2270);
#516=VERTEX_POINT('',#2271);
#517=VERTEX_POINT('',#2273);
#518=VERTEX_POINT('',#2275);
#519=VERTEX_POINT('',#2318);
#520=VERTEX_POINT('',#2319);
#521=VERTEX_POINT('',#2330);
#522=VERTEX_POINT('',#2337);
#523=VERTEX_POINT('',#2453);
#524=VERTEX_POINT('',#2455);
#525=VERTEX_POINT('',#2471);
#526=VERTEX_POINT('',#2473);
#527=VERTEX_POINT('',#2490);
#528=VERTEX_POINT('',#2507);
#529=VERTEX_POINT('',#2524);
#530=VERTEX_POINT('',#2541);
#531=VERTEX_POINT('',#2549);
#532=VERTEX_POINT('',#2552);
#533=VERTEX_POINT('',#2556);
#534=VERTEX_POINT('',#2558);
#535=VERTEX_POINT('',#2562);
#536=VERTEX_POINT('',#2575);
#537=VERTEX_POINT('',#2592);
#538=VERTEX_POINT('',#2609);
#539=VERTEX_POINT('',#2626);
#540=VERTEX_POINT('',#2634);
#541=VERTEX_POINT('',#2649);
#542=VERTEX_POINT('',#2657);
#543=VERTEX_POINT('',#2661);
#544=VERTEX_POINT('',#2668);
#545=VERTEX_POINT('',#2669);
#546=VERTEX_POINT('',#2673);
#547=VERTEX_POINT('',#2675);
#548=VERTEX_POINT('',#2681);
#549=VERTEX_POINT('',#2683);
#550=VERTEX_POINT('',#2685);
#551=VERTEX_POINT('',#2687);
#552=VERTEX_POINT('',#2689);
#553=VERTEX_POINT('',#2691);
#554=VERTEX_POINT('',#2695);
#555=VERTEX_POINT('',#2696);
#556=VERTEX_POINT('',#2700);
#557=VERTEX_POINT('',#2702);
#558=VERTEX_POINT('',#2711);
#559=VERTEX_POINT('',#2712);
#560=VERTEX_POINT('',#2716);
#561=VERTEX_POINT('',#2718);
#562=VERTEX_POINT('',#2727);
#563=VERTEX_POINT('',#2729);
#564=VERTEX_POINT('',#2731);
#565=VERTEX_POINT('',#2734);
#566=VERTEX_POINT('',#2736);
#567=VERTEX_POINT('',#2738);
#568=VERTEX_POINT('',#2741);
#569=VERTEX_POINT('',#2744);
#570=VERTEX_POINT('',#2746);
#571=VERTEX_POINT('',#2752);
#572=VERTEX_POINT('',#2754);
#573=VERTEX_POINT('',#2758);
#574=VERTEX_POINT('',#2759);
#575=VERTEX_POINT('',#2761);
#576=VERTEX_POINT('',#2766);
#577=VERTEX_POINT('',#2768);
#578=VERTEX_POINT('',#2770);
#579=EDGE_CURVE('',#471,#472,#275,.T.);
#580=EDGE_CURVE('',#472,#473,#276,.T.);
#581=EDGE_CURVE('',#473,#474,#277,.T.);
#582=EDGE_CURVE('',#471,#474,#278,.T.);
#583=EDGE_CURVE('',#472,#475,#279,.T.);
#584=EDGE_CURVE('',#475,#476,#72,.T.);
#585=EDGE_CURVE('',#476,#473,#280,.T.);
#586=EDGE_CURVE('',#475,#477,#73,.T.);
#587=EDGE_CURVE('',#477,#478,#74,.T.);
#588=EDGE_CURVE('',#478,#476,#75,.T.);
#589=EDGE_CURVE('',#477,#479,#76,.T.);
#590=EDGE_CURVE('',#479,#480,#77,.T.);
#591=EDGE_CURVE('',#480,#478,#78,.T.);
#592=EDGE_CURVE('',#479,#481,#79,.T.);
#593=EDGE_CURVE('',#481,#482,#80,.T.);
#594=EDGE_CURVE('',#482,#480,#81,.T.);
#595=EDGE_CURVE('',#481,#483,#82,.T.);
#596=EDGE_CURVE('',#483,#484,#83,.T.);
#597=EDGE_CURVE('',#484,#482,#84,.T.);
#598=EDGE_CURVE('',#485,#486,#281,.T.);
#599=EDGE_CURVE('',#486,#487,#282,.T.);
#600=EDGE_CURVE('',#487,#488,#283,.T.);
#601=EDGE_CURVE('',#488,#485,#284,.T.);
#602=EDGE_CURVE('',#489,#487,#285,.T.);
#603=EDGE_CURVE('',#486,#490,#286,.T.);
#604=EDGE_CURVE('',#490,#489,#85,.T.);
#605=EDGE_CURVE('',#483,#485,#287,.T.);
#606=EDGE_CURVE('',#488,#484,#288,.T.);
#607=EDGE_CURVE('',#491,#489,#86,.T.);
#608=EDGE_CURVE('',#490,#492,#87,.T.);
#609=EDGE_CURVE('',#492,#491,#88,.T.);
#610=EDGE_CURVE('',#493,#491,#89,.T.);
#611=EDGE_CURVE('',#492,#494,#90,.T.);
#612=EDGE_CURVE('',#494,#493,#91,.T.);
#613=EDGE_CURVE('',#495,#493,#92,.T.);
#614=EDGE_CURVE('',#494,#496,#93,.T.);
#615=EDGE_CURVE('',#496,#495,#94,.T.);
#616=EDGE_CURVE('',#497,#495,#95,.T.);
#617=EDGE_CURVE('',#496,#498,#96,.T.);
#618=EDGE_CURVE('',#498,#497,#97,.T.);
#619=EDGE_CURVE('',#474,#497,#289,.T.);
#620=EDGE_CURVE('',#498,#471,#290,.T.);
#621=EDGE_CURVE('',#476,#499,#291,.T.);
#622=EDGE_CURVE('',#499,#500,#292,.T.);
#623=EDGE_CURVE('',#473,#500,#293,.T.);
#624=EDGE_CURVE('',#478,#501,#294,.T.);
#625=EDGE_CURVE('',#501,#499,#98,.T.);
#626=EDGE_CURVE('',#480,#502,#295,.T.);
#627=EDGE_CURVE('',#502,#501,#99,.T.);
#628=EDGE_CURVE('',#482,#503,#296,.T.);
#629=EDGE_CURVE('',#503,#502,#100,.T.);
#630=EDGE_CURVE('',#484,#504,#297,.T.);
#631=EDGE_CURVE('',#504,#503,#101,.T.);
#632=EDGE_CURVE('',#488,#505,#298,.T.);
#633=EDGE_CURVE('',#505,#504,#299,.T.);
#634=EDGE_CURVE('',#487,#506,#300,.T.);
#635=EDGE_CURVE('',#506,#505,#301,.T.);
#636=EDGE_CURVE('',#507,#508,#102,.T.);
#637=EDGE_CURVE('',#508,#509,#103,.T.);
#638=EDGE_CURVE('',#509,#510,#104,.T.);
#639=EDGE_CURVE('',#510,#507,#105,.T.);
#640=EDGE_CURVE('',#509,#511,#106,.T.);
#641=EDGE_CURVE('',#511,#512,#107,.T.);
#642=EDGE_CURVE('',#512,#510,#108,.T.);
#643=EDGE_CURVE('',#511,#513,#109,.T.);
#644=EDGE_CURVE('',#513,#514,#110,.T.);
#645=EDGE_CURVE('',#514,#512,#111,.T.);
#646=EDGE_CURVE('',#515,#516,#302,.T.);
#647=EDGE_CURVE('',#516,#517,#303,.T.);
#648=EDGE_CURVE('',#517,#518,#304,.T.);
#649=EDGE_CURVE('',#518,#515,#305,.T.);
#650=EDGE_CURVE('',#519,#520,#112,.T.);
#651=EDGE_CURVE('',#520,#521,#113,.T.);
#652=EDGE_CURVE('',#521,#522,#114,.T.);
#653=EDGE_CURVE('',#522,#519,#115,.T.);
#654=EDGE_CURVE('',#516,#521,#116,.T.);
#655=EDGE_CURVE('',#520,#517,#117,.T.);
#656=EDGE_CURVE('',#513,#519,#118,.T.);
#657=EDGE_CURVE('',#522,#514,#119,.T.);
#658=EDGE_CURVE('',#523,#515,#306,.T.);
#659=EDGE_CURVE('',#518,#524,#307,.T.);
#660=EDGE_CURVE('',#524,#523,#308,.T.);
#661=EDGE_CURVE('',#507,#523,#309,.T.);
#662=EDGE_CURVE('',#524,#508,#310,.T.);
#663=EDGE_CURVE('',#510,#525,#311,.T.);
#664=EDGE_CURVE('',#525,#526,#120,.T.);
#665=EDGE_CURVE('',#507,#526,#312,.T.);
#666=EDGE_CURVE('',#512,#527,#313,.T.);
#667=EDGE_CURVE('',#527,#525,#121,.T.);
#668=EDGE_CURVE('',#514,#528,#314,.T.);
#669=EDGE_CURVE('',#528,#527,#122,.T.);
#670=EDGE_CURVE('',#522,#529,#315,.T.);
#671=EDGE_CURVE('',#529,#528,#123,.T.);
#672=EDGE_CURVE('',#521,#530,#316,.T.);
#673=EDGE_CURVE('',#530,#529,#124,.T.);
#674=EDGE_CURVE('',#531,#531,#32,.T.);
#675=EDGE_CURVE('',#532,#532,#33,.T.);
#676=EDGE_CURVE('',#532,#531,#317,.T.);
#677=EDGE_CURVE('',#532,#533,#318,.T.);
#678=EDGE_CURVE('',#533,#534,#34,.T.);
#679=EDGE_CURVE('',#534,#533,#35,.T.);
#680=EDGE_CURVE('',#489,#535,#319,.T.);
#681=EDGE_CURVE('',#535,#506,#320,.T.);
#682=EDGE_CURVE('',#491,#536,#321,.T.);
#683=EDGE_CURVE('',#536,#535,#125,.T.);
#684=EDGE_CURVE('',#493,#537,#322,.T.);
#685=EDGE_CURVE('',#537,#536,#126,.T.);
#686=EDGE_CURVE('',#495,#538,#323,.T.);
#687=EDGE_CURVE('',#538,#537,#127,.T.);
#688=EDGE_CURVE('',#497,#539,#324,.T.);
#689=EDGE_CURVE('',#539,#538,#128,.T.);
#690=EDGE_CURVE('',#474,#540,#325,.T.);
#691=EDGE_CURVE('',#540,#539,#326,.T.);
#692=EDGE_CURVE('',#500,#540,#327,.T.);
#693=EDGE_CURVE('',#516,#541,#328,.T.);
#694=EDGE_CURVE('',#541,#530,#129,.T.);
#695=EDGE_CURVE('',#515,#542,#329,.T.);
#696=EDGE_CURVE('',#542,#541,#330,.T.);
#697=EDGE_CURVE('',#523,#543,#331,.T.);
#698=EDGE_CURVE('',#543,#542,#332,.T.);
#699=EDGE_CURVE('',#526,#543,#333,.T.);
#700=EDGE_CURVE('',#544,#545,#18,.F.);
#701=EDGE_CURVE('',#545,#546,#36,.T.);
#702=EDGE_CURVE('',#547,#546,#19,.T.);
#703=EDGE_CURVE('',#547,#544,#37,.T.);
#704=EDGE_CURVE('',#544,#548,#334,.T.);
#705=EDGE_CURVE('',#549,#547,#335,.T.);
#706=EDGE_CURVE('',#550,#549,#336,.T.);
#707=EDGE_CURVE('',#551,#550,#337,.T.);
#708=EDGE_CURVE('',#551,#552,#38,.T.);
#709=EDGE_CURVE('',#553,#552,#338,.T.);
#710=EDGE_CURVE('',#548,#553,#339,.T.);
#711=EDGE_CURVE('',#554,#555,#20,.F.);
#712=EDGE_CURVE('',#555,#556,#39,.T.);
#713=EDGE_CURVE('',#556,#557,#21,.F.);
#714=EDGE_CURVE('',#557,#554,#40,.T.);
#715=EDGE_CURVE('',#552,#555,#340,.T.);
#716=EDGE_CURVE('',#556,#551,#341,.T.);
#717=EDGE_CURVE('',#558,#559,#22,.F.);
#718=EDGE_CURVE('',#559,#560,#41,.T.);
#719=EDGE_CURVE('',#560,#561,#23,.F.);
#720=EDGE_CURVE('',#561,#558,#42,.T.);
#721=EDGE_CURVE('',#560,#545,#342,.T.);
#722=EDGE_CURVE('',#546,#559,#343,.T.);
#723=EDGE_CURVE('',#557,#562,#344,.T.);
#724=EDGE_CURVE('',#563,#562,#345,.T.);
#725=EDGE_CURVE('',#564,#563,#346,.T.);
#726=EDGE_CURVE('',#564,#558,#347,.T.);
#727=EDGE_CURVE('',#561,#565,#348,.T.);
#728=EDGE_CURVE('',#566,#565,#349,.T.);
#729=EDGE_CURVE('',#567,#566,#350,.T.);
#730=EDGE_CURVE('',#567,#554,#351,.T.);
#731=EDGE_CURVE('',#568,#568,#43,.T.);
#732=EDGE_CURVE('',#548,#569,#352,.T.);
#733=EDGE_CURVE('',#569,#570,#353,.T.);
#734=EDGE_CURVE('',#565,#570,#354,.T.);
#735=EDGE_CURVE('',#568,#534,#355,.T.);
#736=EDGE_CURVE('',#564,#571,#356,.T.);
#737=EDGE_CURVE('',#571,#572,#357,.T.);
#738=EDGE_CURVE('',#549,#572,#358,.T.);
#739=EDGE_CURVE('',#573,#574,#359,.T.);
#740=EDGE_CURVE('',#575,#573,#360,.T.);
#741=EDGE_CURVE('',#570,#575,#361,.T.);
#742=EDGE_CURVE('',#574,#569,#362,.T.);
#743=EDGE_CURVE('',#576,#571,#363,.T.);
#744=EDGE_CURVE('',#577,#576,#364,.T.);
#745=EDGE_CURVE('',#578,#577,#365,.T.);
#746=EDGE_CURVE('',#572,#578,#366,.T.);
#747=EDGE_CURVE('',#566,#575,#367,.T.);
#748=EDGE_CURVE('',#550,#578,#368,.T.);
#749=EDGE_CURVE('',#562,#577,#369,.T.);
#750=EDGE_CURVE('',#553,#574,#370,.T.);
#751=EDGE_CURVE('',#567,#573,#371,.T.);
#752=EDGE_CURVE('',#563,#576,#372,.T.);
#753=ORIENTED_EDGE('',*,*,#579,.T.);
#754=ORIENTED_EDGE('',*,*,#580,.T.);
#755=ORIENTED_EDGE('',*,*,#581,.T.);
#756=ORIENTED_EDGE('',*,*,#582,.F.);
#757=ORIENTED_EDGE('',*,*,#583,.T.);
#758=ORIENTED_EDGE('',*,*,#584,.T.);
#759=ORIENTED_EDGE('',*,*,#585,.T.);
#760=ORIENTED_EDGE('',*,*,#580,.F.);
#761=ORIENTED_EDGE('',*,*,#586,.T.);
#762=ORIENTED_EDGE('',*,*,#587,.T.);
#763=ORIENTED_EDGE('',*,*,#588,.T.);
#764=ORIENTED_EDGE('',*,*,#584,.F.);
#765=ORIENTED_EDGE('',*,*,#589,.T.);
#766=ORIENTED_EDGE('',*,*,#590,.T.);
#767=ORIENTED_EDGE('',*,*,#591,.T.);
#768=ORIENTED_EDGE('',*,*,#587,.F.);
#769=ORIENTED_EDGE('',*,*,#592,.T.);
#770=ORIENTED_EDGE('',*,*,#593,.T.);
#771=ORIENTED_EDGE('',*,*,#594,.T.);
#772=ORIENTED_EDGE('',*,*,#590,.F.);
#773=ORIENTED_EDGE('',*,*,#595,.T.);
#774=ORIENTED_EDGE('',*,*,#596,.T.);
#775=ORIENTED_EDGE('',*,*,#597,.T.);
#776=ORIENTED_EDGE('',*,*,#593,.F.);
#777=ORIENTED_EDGE('',*,*,#598,.T.);
#778=ORIENTED_EDGE('',*,*,#599,.T.);
#779=ORIENTED_EDGE('',*,*,#600,.T.);
#780=ORIENTED_EDGE('',*,*,#601,.T.);
#781=ORIENTED_EDGE('',*,*,#602,.T.);
#782=ORIENTED_EDGE('',*,*,#599,.F.);
#783=ORIENTED_EDGE('',*,*,#603,.T.);
#784=ORIENTED_EDGE('',*,*,#604,.T.);
#785=ORIENTED_EDGE('',*,*,#605,.T.);
#786=ORIENTED_EDGE('',*,*,#601,.F.);
#787=ORIENTED_EDGE('',*,*,#606,.T.);
#788=ORIENTED_EDGE('',*,*,#596,.F.);
#789=ORIENTED_EDGE('',*,*,#607,.T.);
#790=ORIENTED_EDGE('',*,*,#604,.F.);
#791=ORIENTED_EDGE('',*,*,#608,.T.);
#792=ORIENTED_EDGE('',*,*,#609,.T.);
#793=ORIENTED_EDGE('',*,*,#610,.T.);
#794=ORIENTED_EDGE('',*,*,#609,.F.);
#795=ORIENTED_EDGE('',*,*,#611,.T.);
#796=ORIENTED_EDGE('',*,*,#612,.T.);
#797=ORIENTED_EDGE('',*,*,#613,.T.);
#798=ORIENTED_EDGE('',*,*,#612,.F.);
#799=ORIENTED_EDGE('',*,*,#614,.T.);
#800=ORIENTED_EDGE('',*,*,#615,.T.);
#801=ORIENTED_EDGE('',*,*,#616,.T.);
#802=ORIENTED_EDGE('',*,*,#615,.F.);
#803=ORIENTED_EDGE('',*,*,#617,.T.);
#804=ORIENTED_EDGE('',*,*,#618,.T.);
#805=ORIENTED_EDGE('',*,*,#619,.T.);
#806=ORIENTED_EDGE('',*,*,#618,.F.);
#807=ORIENTED_EDGE('',*,*,#620,.T.);
#808=ORIENTED_EDGE('',*,*,#582,.T.);
#809=ORIENTED_EDGE('',*,*,#585,.F.);
#810=ORIENTED_EDGE('',*,*,#621,.T.);
#811=ORIENTED_EDGE('',*,*,#622,.T.);
#812=ORIENTED_EDGE('',*,*,#623,.F.);
#813=ORIENTED_EDGE('',*,*,#588,.F.);
#814=ORIENTED_EDGE('',*,*,#624,.T.);
#815=ORIENTED_EDGE('',*,*,#625,.T.);
#816=ORIENTED_EDGE('',*,*,#621,.F.);
#817=ORIENTED_EDGE('',*,*,#591,.F.);
#818=ORIENTED_EDGE('',*,*,#626,.T.);
#819=ORIENTED_EDGE('',*,*,#627,.T.);
#820=ORIENTED_EDGE('',*,*,#624,.F.);
#821=ORIENTED_EDGE('',*,*,#594,.F.);
#822=ORIENTED_EDGE('',*,*,#628,.T.);
#823=ORIENTED_EDGE('',*,*,#629,.T.);
#824=ORIENTED_EDGE('',*,*,#626,.F.);
#825=ORIENTED_EDGE('',*,*,#597,.F.);
#826=ORIENTED_EDGE('',*,*,#630,.T.);
#827=ORIENTED_EDGE('',*,*,#631,.T.);
#828=ORIENTED_EDGE('',*,*,#628,.F.);
#829=ORIENTED_EDGE('',*,*,#606,.F.);
#830=ORIENTED_EDGE('',*,*,#632,.T.);
#831=ORIENTED_EDGE('',*,*,#633,.T.);
#832=ORIENTED_EDGE('',*,*,#630,.F.);
#833=ORIENTED_EDGE('',*,*,#600,.F.);
#834=ORIENTED_EDGE('',*,*,#634,.T.);
#835=ORIENTED_EDGE('',*,*,#635,.T.);
#836=ORIENTED_EDGE('',*,*,#632,.F.);
#837=ORIENTED_EDGE('',*,*,#598,.F.);
#838=ORIENTED_EDGE('',*,*,#605,.F.);
#839=ORIENTED_EDGE('',*,*,#595,.F.);
#840=ORIENTED_EDGE('',*,*,#592,.F.);
#841=ORIENTED_EDGE('',*,*,#589,.F.);
#842=ORIENTED_EDGE('',*,*,#586,.F.);
#843=ORIENTED_EDGE('',*,*,#583,.F.);
#844=ORIENTED_EDGE('',*,*,#579,.F.);
#845=ORIENTED_EDGE('',*,*,#620,.F.);
#846=ORIENTED_EDGE('',*,*,#617,.F.);
#847=ORIENTED_EDGE('',*,*,#614,.F.);
#848=ORIENTED_EDGE('',*,*,#611,.F.);
#849=ORIENTED_EDGE('',*,*,#608,.F.);
#850=ORIENTED_EDGE('',*,*,#603,.F.);
#851=ORIENTED_EDGE('',*,*,#636,.T.);
#852=ORIENTED_EDGE('',*,*,#637,.T.);
#853=ORIENTED_EDGE('',*,*,#638,.T.);
#854=ORIENTED_EDGE('',*,*,#639,.T.);
#855=ORIENTED_EDGE('',*,*,#640,.T.);
#856=ORIENTED_EDGE('',*,*,#641,.T.);
#857=ORIENTED_EDGE('',*,*,#642,.T.);
#858=ORIENTED_EDGE('',*,*,#638,.F.);
#859=ORIENTED_EDGE('',*,*,#643,.T.);
#860=ORIENTED_EDGE('',*,*,#644,.T.);
#861=ORIENTED_EDGE('',*,*,#645,.T.);
#862=ORIENTED_EDGE('',*,*,#641,.F.);
#863=ORIENTED_EDGE('',*,*,#646,.T.);
#864=ORIENTED_EDGE('',*,*,#647,.T.);
#865=ORIENTED_EDGE('',*,*,#648,.T.);
#866=ORIENTED_EDGE('',*,*,#649,.T.);
#867=ORIENTED_EDGE('',*,*,#650,.T.);
#868=ORIENTED_EDGE('',*,*,#651,.T.);
#869=ORIENTED_EDGE('',*,*,#652,.T.);
#870=ORIENTED_EDGE('',*,*,#653,.T.);
#871=ORIENTED_EDGE('',*,*,#647,.F.);
#872=ORIENTED_EDGE('',*,*,#654,.T.);
#873=ORIENTED_EDGE('',*,*,#651,.F.);
#874=ORIENTED_EDGE('',*,*,#655,.T.);
#875=ORIENTED_EDGE('',*,*,#656,.T.);
#876=ORIENTED_EDGE('',*,*,#653,.F.);
#877=ORIENTED_EDGE('',*,*,#657,.T.);
#878=ORIENTED_EDGE('',*,*,#644,.F.);
#879=ORIENTED_EDGE('',*,*,#658,.T.);
#880=ORIENTED_EDGE('',*,*,#649,.F.);
#881=ORIENTED_EDGE('',*,*,#659,.T.);
#882=ORIENTED_EDGE('',*,*,#660,.T.);
#883=ORIENTED_EDGE('',*,*,#636,.F.);
#884=ORIENTED_EDGE('',*,*,#661,.T.);
#885=ORIENTED_EDGE('',*,*,#660,.F.);
#886=ORIENTED_EDGE('',*,*,#662,.T.);
#887=ORIENTED_EDGE('',*,*,#639,.F.);
#888=ORIENTED_EDGE('',*,*,#663,.T.);
#889=ORIENTED_EDGE('',*,*,#664,.T.);
#890=ORIENTED_EDGE('',*,*,#665,.F.);
#891=ORIENTED_EDGE('',*,*,#642,.F.);
#892=ORIENTED_EDGE('',*,*,#666,.T.);
#893=ORIENTED_EDGE('',*,*,#667,.T.);
#894=ORIENTED_EDGE('',*,*,#663,.F.);
#895=ORIENTED_EDGE('',*,*,#645,.F.);
#896=ORIENTED_EDGE('',*,*,#668,.T.);
#897=ORIENTED_EDGE('',*,*,#669,.T.);
#898=ORIENTED_EDGE('',*,*,#666,.F.);
#899=ORIENTED_EDGE('',*,*,#657,.F.);
#900=ORIENTED_EDGE('',*,*,#670,.T.);
#901=ORIENTED_EDGE('',*,*,#671,.T.);
#902=ORIENTED_EDGE('',*,*,#668,.F.);
#903=ORIENTED_EDGE('',*,*,#652,.F.);
#904=ORIENTED_EDGE('',*,*,#672,.T.);
#905=ORIENTED_EDGE('',*,*,#673,.T.);
#906=ORIENTED_EDGE('',*,*,#670,.F.);
#907=ORIENTED_EDGE('',*,*,#674,.F.);
#908=ORIENTED_EDGE('',*,*,#650,.F.);
#909=ORIENTED_EDGE('',*,*,#656,.F.);
#910=ORIENTED_EDGE('',*,*,#643,.F.);
#911=ORIENTED_EDGE('',*,*,#640,.F.);
#912=ORIENTED_EDGE('',*,*,#637,.F.);
#913=ORIENTED_EDGE('',*,*,#662,.F.);
#914=ORIENTED_EDGE('',*,*,#659,.F.);
#915=ORIENTED_EDGE('',*,*,#648,.F.);
#916=ORIENTED_EDGE('',*,*,#655,.F.);
#917=ORIENTED_EDGE('',*,*,#675,.T.);
#918=ORIENTED_EDGE('',*,*,#676,.T.);
#919=ORIENTED_EDGE('',*,*,#674,.T.);
#920=ORIENTED_EDGE('',*,*,#676,.F.);
#921=ORIENTED_EDGE('',*,*,#675,.F.);
#922=ORIENTED_EDGE('',*,*,#677,.T.);
#923=ORIENTED_EDGE('',*,*,#678,.T.);
#924=ORIENTED_EDGE('',*,*,#679,.T.);
#925=ORIENTED_EDGE('',*,*,#677,.F.);
#926=ORIENTED_EDGE('',*,*,#602,.F.);
#927=ORIENTED_EDGE('',*,*,#680,.T.);
#928=ORIENTED_EDGE('',*,*,#681,.T.);
#929=ORIENTED_EDGE('',*,*,#634,.F.);
#930=ORIENTED_EDGE('',*,*,#607,.F.);
#931=ORIENTED_EDGE('',*,*,#682,.T.);
#932=ORIENTED_EDGE('',*,*,#683,.T.);
#933=ORIENTED_EDGE('',*,*,#680,.F.);
#934=ORIENTED_EDGE('',*,*,#610,.F.);
#935=ORIENTED_EDGE('',*,*,#684,.T.);
#936=ORIENTED_EDGE('',*,*,#685,.T.);
#937=ORIENTED_EDGE('',*,*,#682,.F.);
#938=ORIENTED_EDGE('',*,*,#613,.F.);
#939=ORIENTED_EDGE('',*,*,#686,.T.);
#940=ORIENTED_EDGE('',*,*,#687,.T.);
#941=ORIENTED_EDGE('',*,*,#684,.F.);
#942=ORIENTED_EDGE('',*,*,#616,.F.);
#943=ORIENTED_EDGE('',*,*,#688,.T.);
#944=ORIENTED_EDGE('',*,*,#689,.T.);
#945=ORIENTED_EDGE('',*,*,#686,.F.);
#946=ORIENTED_EDGE('',*,*,#619,.F.);
#947=ORIENTED_EDGE('',*,*,#690,.T.);
#948=ORIENTED_EDGE('',*,*,#691,.T.);
#949=ORIENTED_EDGE('',*,*,#688,.F.);
#950=ORIENTED_EDGE('',*,*,#581,.F.);
#951=ORIENTED_EDGE('',*,*,#623,.T.);
#952=ORIENTED_EDGE('',*,*,#692,.T.);
#953=ORIENTED_EDGE('',*,*,#690,.F.);
#954=ORIENTED_EDGE('',*,*,#654,.F.);
#955=ORIENTED_EDGE('',*,*,#693,.T.);
#956=ORIENTED_EDGE('',*,*,#694,.T.);
#957=ORIENTED_EDGE('',*,*,#672,.F.);
#958=ORIENTED_EDGE('',*,*,#646,.F.);
#959=ORIENTED_EDGE('',*,*,#695,.T.);
#960=ORIENTED_EDGE('',*,*,#696,.T.);
#961=ORIENTED_EDGE('',*,*,#693,.F.);
#962=ORIENTED_EDGE('',*,*,#658,.F.);
#963=ORIENTED_EDGE('',*,*,#697,.T.);
#964=ORIENTED_EDGE('',*,*,#698,.T.);
#965=ORIENTED_EDGE('',*,*,#695,.F.);
#966=ORIENTED_EDGE('',*,*,#661,.F.);
#967=ORIENTED_EDGE('',*,*,#665,.T.);
#968=ORIENTED_EDGE('',*,*,#699,.T.);
#969=ORIENTED_EDGE('',*,*,#697,.F.);
#970=ORIENTED_EDGE('',*,*,#671,.F.);
#971=ORIENTED_EDGE('',*,*,#673,.F.);
#972=ORIENTED_EDGE('',*,*,#694,.F.);
#973=ORIENTED_EDGE('',*,*,#696,.F.);
#974=ORIENTED_EDGE('',*,*,#698,.F.);
#975=ORIENTED_EDGE('',*,*,#699,.F.);
#976=ORIENTED_EDGE('',*,*,#664,.F.);
#977=ORIENTED_EDGE('',*,*,#667,.F.);
#978=ORIENTED_EDGE('',*,*,#669,.F.);
#979=ORIENTED_EDGE('',*,*,#633,.F.);
#980=ORIENTED_EDGE('',*,*,#635,.F.);
#981=ORIENTED_EDGE('',*,*,#681,.F.);
#982=ORIENTED_EDGE('',*,*,#683,.F.);
#983=ORIENTED_EDGE('',*,*,#685,.F.);
#984=ORIENTED_EDGE('',*,*,#687,.F.);
#985=ORIENTED_EDGE('',*,*,#689,.F.);
#986=ORIENTED_EDGE('',*,*,#691,.F.);
#987=ORIENTED_EDGE('',*,*,#692,.F.);
#988=ORIENTED_EDGE('',*,*,#622,.F.);
#989=ORIENTED_EDGE('',*,*,#625,.F.);
#990=ORIENTED_EDGE('',*,*,#627,.F.);
#991=ORIENTED_EDGE('',*,*,#629,.F.);
#992=ORIENTED_EDGE('',*,*,#631,.F.);
#993=ORIENTED_EDGE('',*,*,#700,.T.);
#994=ORIENTED_EDGE('',*,*,#701,.T.);
#995=ORIENTED_EDGE('',*,*,#702,.F.);
#996=ORIENTED_EDGE('',*,*,#703,.T.);
#997=ORIENTED_EDGE('',*,*,#704,.F.);
#998=ORIENTED_EDGE('',*,*,#703,.F.);
#999=ORIENTED_EDGE('',*,*,#705,.F.);
#1000=ORIENTED_EDGE('',*,*,#706,.F.);
#1001=ORIENTED_EDGE('',*,*,#707,.F.);
#1002=ORIENTED_EDGE('',*,*,#708,.T.);
#1003=ORIENTED_EDGE('',*,*,#709,.F.);
#1004=ORIENTED_EDGE('',*,*,#710,.F.);
#1005=ORIENTED_EDGE('',*,*,#711,.T.);
#1006=ORIENTED_EDGE('',*,*,#712,.T.);
#1007=ORIENTED_EDGE('',*,*,#713,.T.);
#1008=ORIENTED_EDGE('',*,*,#714,.T.);
#1009=ORIENTED_EDGE('',*,*,#712,.F.);
#1010=ORIENTED_EDGE('',*,*,#715,.F.);
#1011=ORIENTED_EDGE('',*,*,#708,.F.);
#1012=ORIENTED_EDGE('',*,*,#716,.F.);
#1013=ORIENTED_EDGE('',*,*,#717,.T.);
#1014=ORIENTED_EDGE('',*,*,#718,.T.);
#1015=ORIENTED_EDGE('',*,*,#719,.T.);
#1016=ORIENTED_EDGE('',*,*,#720,.T.);
#1017=ORIENTED_EDGE('',*,*,#701,.F.);
#1018=ORIENTED_EDGE('',*,*,#721,.F.);
#1019=ORIENTED_EDGE('',*,*,#718,.F.);
#1020=ORIENTED_EDGE('',*,*,#722,.F.);
#1021=ORIENTED_EDGE('',*,*,#723,.T.);
#1022=ORIENTED_EDGE('',*,*,#724,.F.);
#1023=ORIENTED_EDGE('',*,*,#725,.F.);
#1024=ORIENTED_EDGE('',*,*,#726,.T.);
#1025=ORIENTED_EDGE('',*,*,#720,.F.);
#1026=ORIENTED_EDGE('',*,*,#727,.T.);
#1027=ORIENTED_EDGE('',*,*,#728,.F.);
#1028=ORIENTED_EDGE('',*,*,#729,.F.);
#1029=ORIENTED_EDGE('',*,*,#730,.T.);
#1030=ORIENTED_EDGE('',*,*,#714,.F.);
#1031=ORIENTED_EDGE('',*,*,#731,.T.);
#1032=ORIENTED_EDGE('',*,*,#721,.T.);
#1033=ORIENTED_EDGE('',*,*,#700,.F.);
#1034=ORIENTED_EDGE('',*,*,#704,.T.);
#1035=ORIENTED_EDGE('',*,*,#732,.T.);
#1036=ORIENTED_EDGE('',*,*,#733,.T.);
#1037=ORIENTED_EDGE('',*,*,#734,.F.);
#1038=ORIENTED_EDGE('',*,*,#727,.F.);
#1039=ORIENTED_EDGE('',*,*,#719,.F.);
#1040=ORIENTED_EDGE('',*,*,#731,.F.);
#1041=ORIENTED_EDGE('',*,*,#735,.T.);
#1042=ORIENTED_EDGE('',*,*,#678,.F.);
#1043=ORIENTED_EDGE('',*,*,#679,.F.);
#1044=ORIENTED_EDGE('',*,*,#735,.F.);
#1045=ORIENTED_EDGE('',*,*,#705,.T.);
#1046=ORIENTED_EDGE('',*,*,#702,.T.);
#1047=ORIENTED_EDGE('',*,*,#722,.T.);
#1048=ORIENTED_EDGE('',*,*,#717,.F.);
#1049=ORIENTED_EDGE('',*,*,#726,.F.);
#1050=ORIENTED_EDGE('',*,*,#736,.T.);
#1051=ORIENTED_EDGE('',*,*,#737,.T.);
#1052=ORIENTED_EDGE('',*,*,#738,.F.);
#1053=ORIENTED_EDGE('',*,*,#739,.F.);
#1054=ORIENTED_EDGE('',*,*,#740,.F.);
#1055=ORIENTED_EDGE('',*,*,#741,.F.);
#1056=ORIENTED_EDGE('',*,*,#733,.F.);
#1057=ORIENTED_EDGE('',*,*,#742,.F.);
#1058=ORIENTED_EDGE('',*,*,#743,.F.);
#1059=ORIENTED_EDGE('',*,*,#744,.F.);
#1060=ORIENTED_EDGE('',*,*,#745,.F.);
#1061=ORIENTED_EDGE('',*,*,#746,.F.);
#1062=ORIENTED_EDGE('',*,*,#737,.F.);
#1063=ORIENTED_EDGE('',*,*,#741,.T.);
#1064=ORIENTED_EDGE('',*,*,#747,.F.);
#1065=ORIENTED_EDGE('',*,*,#728,.T.);
#1066=ORIENTED_EDGE('',*,*,#734,.T.);
#1067=ORIENTED_EDGE('',*,*,#746,.T.);
#1068=ORIENTED_EDGE('',*,*,#748,.F.);
#1069=ORIENTED_EDGE('',*,*,#706,.T.);
#1070=ORIENTED_EDGE('',*,*,#738,.T.);
#1071=ORIENTED_EDGE('',*,*,#707,.T.);
#1072=ORIENTED_EDGE('',*,*,#748,.T.);
#1073=ORIENTED_EDGE('',*,*,#745,.T.);
#1074=ORIENTED_EDGE('',*,*,#749,.F.);
#1075=ORIENTED_EDGE('',*,*,#723,.F.);
#1076=ORIENTED_EDGE('',*,*,#713,.F.);
#1077=ORIENTED_EDGE('',*,*,#716,.T.);
#1078=ORIENTED_EDGE('',*,*,#742,.T.);
#1079=ORIENTED_EDGE('',*,*,#732,.F.);
#1080=ORIENTED_EDGE('',*,*,#710,.T.);
#1081=ORIENTED_EDGE('',*,*,#750,.T.);
#1082=ORIENTED_EDGE('',*,*,#740,.T.);
#1083=ORIENTED_EDGE('',*,*,#751,.F.);
#1084=ORIENTED_EDGE('',*,*,#729,.T.);
#1085=ORIENTED_EDGE('',*,*,#747,.T.);
#1086=ORIENTED_EDGE('',*,*,#715,.T.);
#1087=ORIENTED_EDGE('',*,*,#711,.F.);
#1088=ORIENTED_EDGE('',*,*,#730,.F.);
#1089=ORIENTED_EDGE('',*,*,#751,.T.);
#1090=ORIENTED_EDGE('',*,*,#739,.T.);
#1091=ORIENTED_EDGE('',*,*,#750,.F.);
#1092=ORIENTED_EDGE('',*,*,#709,.T.);
#1093=ORIENTED_EDGE('',*,*,#744,.T.);
#1094=ORIENTED_EDGE('',*,*,#752,.F.);
#1095=ORIENTED_EDGE('',*,*,#724,.T.);
#1096=ORIENTED_EDGE('',*,*,#749,.T.);
#1097=ORIENTED_EDGE('',*,*,#743,.T.);
#1098=ORIENTED_EDGE('',*,*,#736,.F.);
#1099=ORIENTED_EDGE('',*,*,#725,.T.);
#1100=ORIENTED_EDGE('',*,*,#752,.T.);
#1101=PLANE('',#1221);
#1102=PLANE('',#1222);
#1103=PLANE('',#1223);
#1104=PLANE('',#1224);
#1105=PLANE('',#1225);
#1106=PLANE('',#1226);
#1107=PLANE('',#1227);
#1108=PLANE('',#1228);
#1109=PLANE('',#1229);
#1110=PLANE('',#1230);
#1111=PLANE('',#1231);
#1112=PLANE('',#1232);
#1113=PLANE('',#1233);
#1114=PLANE('',#1234);
#1115=PLANE('',#1241);
#1116=PLANE('',#1242);
#1117=PLANE('',#1243);
#1118=PLANE('',#1244);
#1119=PLANE('',#1245);
#1120=PLANE('',#1246);
#1121=PLANE('',#1247);
#1122=PLANE('',#1251);
#1123=PLANE('',#1261);
#1124=PLANE('',#1263);
#1125=PLANE('',#1265);
#1126=PLANE('',#1266);
#1127=PLANE('',#1267);
#1128=PLANE('',#1268);
#1129=PLANE('',#1269);
#1130=PLANE('',#1270);
#1131=PLANE('',#1271);
#1132=PLANE('',#1272);
#1133=PLANE('',#1273);
#1134=PLANE('',#1274);
#1135=PLANE('',#1275);
#1136=ADVANCED_FACE('',(#130),#1101,.T.);
#1137=ADVANCED_FACE('',(#131),#1102,.T.);
#1138=ADVANCED_FACE('',(#132),#44,.T.);
#1139=ADVANCED_FACE('',(#133),#45,.T.);
#1140=ADVANCED_FACE('',(#134),#46,.T.);
#1141=ADVANCED_FACE('',(#135),#47,.T.);
#1142=ADVANCED_FACE('',(#136),#1103,.T.);
#1143=ADVANCED_FACE('',(#137),#1104,.T.);
#1144=ADVANCED_FACE('',(#138),#1105,.T.);
#1145=ADVANCED_FACE('',(#139),#48,.T.);
#1146=ADVANCED_FACE('',(#140),#49,.T.);
#1147=ADVANCED_FACE('',(#141),#50,.T.);
#1148=ADVANCED_FACE('',(#142),#51,.T.);
#1149=ADVANCED_FACE('',(#143),#1106,.T.);
#1150=ADVANCED_FACE('',(#144),#1107,.F.);
#1151=ADVANCED_FACE('',(#145),#52,.F.);
#1152=ADVANCED_FACE('',(#146),#53,.F.);
#1153=ADVANCED_FACE('',(#147),#54,.F.);
#1154=ADVANCED_FACE('',(#148),#55,.F.);
#1155=ADVANCED_FACE('',(#149),#1108,.F.);
#1156=ADVANCED_FACE('',(#150),#1109,.F.);
#1157=ADVANCED_FACE('',(#151),#1110,.T.);
#1158=ADVANCED_FACE('',(#152),#56,.T.);
#1159=ADVANCED_FACE('',(#153),#57,.T.);
#1160=ADVANCED_FACE('',(#154),#58,.T.);
#1161=ADVANCED_FACE('',(#155),#1111,.T.);
#1162=ADVANCED_FACE('',(#156),#59,.T.);
#1163=ADVANCED_FACE('',(#157),#60,.T.);
#1164=ADVANCED_FACE('',(#158),#61,.T.);
#1165=ADVANCED_FACE('',(#159),#1112,.T.);
#1166=ADVANCED_FACE('',(#160),#1113,.T.);
#1167=ADVANCED_FACE('',(#161),#62,.F.);
#1168=ADVANCED_FACE('',(#162),#63,.F.);
#1169=ADVANCED_FACE('',(#163),#64,.F.);
#1170=ADVANCED_FACE('',(#164),#65,.F.);
#1171=ADVANCED_FACE('',(#165),#66,.F.);
#1172=ADVANCED_FACE('',(#166,#29),#1114,.T.);
#1173=ADVANCED_FACE('',(#167),#24,.T.);
#1174=ADVANCED_FACE('',(#168),#25,.T.);
#1175=ADVANCED_FACE('',(#169),#1115,.F.);
#1176=ADVANCED_FACE('',(#170),#67,.F.);
#1177=ADVANCED_FACE('',(#171),#68,.F.);
#1178=ADVANCED_FACE('',(#172),#69,.F.);
#1179=ADVANCED_FACE('',(#173),#70,.F.);
#1180=ADVANCED_FACE('',(#174),#1116,.F.);
#1181=ADVANCED_FACE('',(#175),#1117,.F.);
#1182=ADVANCED_FACE('',(#176),#71,.F.);
#1183=ADVANCED_FACE('',(#177),#1118,.F.);
#1184=ADVANCED_FACE('',(#178),#1119,.F.);
#1185=ADVANCED_FACE('',(#179),#1120,.F.);
#1186=ADVANCED_FACE('',(#180,#30),#1121,.T.);
#1187=ADVANCED_FACE('',(#181),#26,.T.);
#1188=ADVANCED_FACE('',(#182),#1122,.T.);
#1189=ADVANCED_FACE('',(#183),#27,.T.);
#1190=ADVANCED_FACE('',(#184),#15,.T.);
#1191=ADVANCED_FACE('',(#185),#28,.T.);
#1192=ADVANCED_FACE('',(#186),#16,.T.);
#1193=ADVANCED_FACE('',(#187,#31),#1123,.F.);
#1194=ADVANCED_FACE('',(#188),#1124,.T.);
#1195=ADVANCED_FACE('',(#189),#17,.T.);
#1196=ADVANCED_FACE('',(#190),#1125,.T.);
#1197=ADVANCED_FACE('',(#191),#1126,.F.);
#1198=ADVANCED_FACE('',(#192),#1127,.F.);
#1199=ADVANCED_FACE('',(#193),#1128,.T.);
#1200=ADVANCED_FACE('',(#194),#1129,.T.);
#1201=ADVANCED_FACE('',(#195),#1130,.T.);
#1202=ADVANCED_FACE('',(#196),#1131,.T.);
#1203=ADVANCED_FACE('',(#197),#1132,.T.);
#1204=ADVANCED_FACE('',(#198),#1133,.T.);
#1205=ADVANCED_FACE('',(#199),#1134,.T.);
#1206=ADVANCED_FACE('',(#200),#1135,.T.);
#1207=CLOSED_SHELL('',(#1136,#1137,#1138,#1139,#1140,#1141,#1142,#1143,
#1144,#1145,#1146,#1147,#1148,#1149,#1150,#1151,#1152,#1153,#1154,#1155,
#1156,#1157,#1158,#1159,#1160,#1161,#1162,#1163,#1164,#1165,#1166,#1167,
#1168,#1169,#1170,#1171,#1172,#1173,#1174,#1175,#1176,#1177,#1178,#1179,
#1180,#1181,#1182,#1183,#1184,#1185,#1186,#1187,#1188,#1189,#1190,#1191,
#1192,#1193,#1194,#1195,#1196,#1197,#1198,#1199,#1200,#1201,#1202,#1203,
#1204,#1205,#1206));
#1208=DERIVED_UNIT_ELEMENT(#1210,1.);
#1209=DERIVED_UNIT_ELEMENT(#2792,-3.);
#1210=(
MASS_UNIT()
NAMED_UNIT(*)
SI_UNIT(.KILO.,.GRAM.)
);
#1211=DERIVED_UNIT((#1208,#1209));
#1212=MEASURE_REPRESENTATION_ITEM('density measure',
POSITIVE_RATIO_MEASURE(7850.),#1211);
#1213=PROPERTY_DEFINITION_REPRESENTATION(#1218,#1215);
#1214=PROPERTY_DEFINITION_REPRESENTATION(#1219,#1216);
#1215=REPRESENTATION('material name',(#1217),#2789);
#1216=REPRESENTATION('density',(#1212),#2789);
#1217=DESCRIPTIVE_REPRESENTATION_ITEM('Steel','Steel');
#1218=PROPERTY_DEFINITION('material property','material name',#2799);
#1219=PROPERTY_DEFINITION('material property','density of part',#2799);
#1220=AXIS2_PLACEMENT_3D('',#1486,#1276,#1277);
#1221=AXIS2_PLACEMENT_3D('',#1487,#1278,#1279);
#1222=AXIS2_PLACEMENT_3D('',#1496,#1284,#1285);
#1223=AXIS2_PLACEMENT_3D('',#1736,#1288,#1289);
#1224=AXIS2_PLACEMENT_3D('',#1745,#1294,#1295);
#1225=AXIS2_PLACEMENT_3D('',#1757,#1298,#1299);
#1226=AXIS2_PLACEMENT_3D('',#1988,#1302,#1303);
#1227=AXIS2_PLACEMENT_3D('',#1991,#1306,#1307);
#1228=AXIS2_PLACEMENT_3D('',#2065,#1315,#1316);
#1229=AXIS2_PLACEMENT_3D('',#2069,#1319,#1320);
#1230=AXIS2_PLACEMENT_3D('',#2073,#1323,#1324);
#1231=AXIS2_PLACEMENT_3D('',#2269,#1325,#1326);
#1232=AXIS2_PLACEMENT_3D('',#2452,#1331,#1332);
#1233=AXIS2_PLACEMENT_3D('',#2458,#1336,#1337);
#1234=AXIS2_PLACEMENT_3D('',#2548,#1346,#1347);
#1235=AXIS2_PLACEMENT_3D('',#2550,#1348,#1349);
#1236=AXIS2_PLACEMENT_3D('',#2551,#1350,#1351);
#1237=AXIS2_PLACEMENT_3D('',#2553,#1352,#1353);
#1238=AXIS2_PLACEMENT_3D('',#2555,#1355,#1356);
#1239=AXIS2_PLACEMENT_3D('',#2559,#1358,#1359);
#1240=AXIS2_PLACEMENT_3D('',#2560,#1360,#1361);
#1241=AXIS2_PLACEMENT_3D('',#2561,#1362,#1363);
#1242=AXIS2_PLACEMENT_3D('',#2633,#1370,#1371);
#1243=AXIS2_PLACEMENT_3D('',#2637,#1374,#1375);
#1244=AXIS2_PLACEMENT_3D('',#2656,#1378,#1379);
#1245=AXIS2_PLACEMENT_3D('',#2660,#1382,#1383);
#1246=AXIS2_PLACEMENT_3D('',#2664,#1386,#1387);
#1247=AXIS2_PLACEMENT_3D('',#2666,#1389,#1390);
#1248=AXIS2_PLACEMENT_3D('',#2667,#1391,#1392);
#1249=AXIS2_PLACEMENT_3D('',#2674,#1393,#1394);
#1250=AXIS2_PLACEMENT_3D('',#2679,#1395,#1396);
#1251=AXIS2_PLACEMENT_3D('',#2680,#1397,#1398);
#1252=AXIS2_PLACEMENT_3D('',#2690,#1403,#1404);
#1253=AXIS2_PLACEMENT_3D('',#2694,#1407,#1408);
#1254=AXIS2_PLACEMENT_3D('',#2701,#1409,#1410);
#1255=AXIS2_PLACEMENT_3D('',#2706,#1411,#1412);
#1256=AXIS2_PLACEMENT_3D('',#2707,#1413,#1414);
#1257=AXIS2_PLACEMENT_3D('',#2710,#1417,#1418);
#1258=AXIS2_PLACEMENT_3D('',#2717,#1419,#1420);
#1259=AXIS2_PLACEMENT_3D('',#2722,#1421,#1422);
#1260=AXIS2_PLACEMENT_3D('',#2723,#1423,#1424);
#1261=AXIS2_PLACEMENT_3D('',#2726,#1427,#1428);
#1262=AXIS2_PLACEMENT_3D('',#2742,#1437,#1438);
#1263=AXIS2_PLACEMENT_3D('',#2743,#1439,#1440);
#1264=AXIS2_PLACEMENT_3D('',#2749,#1444,#1445);
#1265=AXIS2_PLACEMENT_3D('',#2751,#1447,#1448);
#1266=AXIS2_PLACEMENT_3D('',#2757,#1452,#1453);
#1267=AXIS2_PLACEMENT_3D('',#2765,#1458,#1459);
#1268=AXIS2_PLACEMENT_3D('',#2773,#1464,#1465);
#1269=AXIS2_PLACEMENT_3D('',#2775,#1467,#1468);
#1270=AXIS2_PLACEMENT_3D('',#2777,#1470,#1471);
#1271=AXIS2_PLACEMENT_3D('',#2779,#1473,#1474);
#1272=AXIS2_PLACEMENT_3D('',#2781,#1476,#1477);
#1273=AXIS2_PLACEMENT_3D('',#2783,#1479,#1480);
#1274=AXIS2_PLACEMENT_3D('',#2784,#1481,#1482);
#1275=AXIS2_PLACEMENT_3D('',#2786,#1484,#1485);
#1276=DIRECTION('axis',(0.,0.,1.));
#1277=DIRECTION('refdir',(1.,0.,0.));
#1278=DIRECTION('center_axis',(0.707106781186555,7.26167762141236E-16,0.70710678118654));
#1279=DIRECTION('ref_axis',(0.70710678118654,0.,-0.707106781186555));
#1280=DIRECTION('',(2.05803650867306E-33,-1.,1.02695629777827E-15));
#1281=DIRECTION('',(0.577350269189611,0.577350269189637,-0.57735026918963));
#1282=DIRECTION('',(-2.05803650867306E-33,1.,-1.02695629777827E-15));
#1283=DIRECTION('',(0.577350269189624,-0.577350269189624,-0.57735026918963));
#1284=DIRECTION('center_axis',(2.50409858080633E-31,0.707106781186548,0.707106781186548));
#1285=DIRECTION('ref_axis',(1.,0.,-3.54133017449553E-31));
#1286=DIRECTION('',(1.,0.,-3.54133017449553E-31));
#1287=DIRECTION('',(-1.,0.,3.54133017449553E-31));
#1288=DIRECTION('center_axis',(-0.707106781186555,7.26167762141236E-16,
0.70710678118654));
#1289=DIRECTION('ref_axis',(0.70710678118654,0.,0.707106781186555));
#1290=DIRECTION('',(-2.05803650867306E-33,1.,-1.02695629777827E-15));
#1291=DIRECTION('',(-0.577350269189615,0.577350269189641,-0.577350269189622));
#1292=DIRECTION('',(2.05803650867306E-33,-1.,1.02695629777827E-15));
#1293=DIRECTION('',(0.577350269189622,0.577350269189622,0.577350269189634));
#1294=DIRECTION('center_axis',(2.50409858080636E-31,0.70710678118654,0.707106781186555));
#1295=DIRECTION('ref_axis',(1.,0.,-3.54133017449553E-31));
#1296=DIRECTION('',(-1.,0.,3.54133017449553E-31));
#1297=DIRECTION('',(1.,0.,-3.54133017449553E-31));
#1298=DIRECTION('center_axis',(2.50409858080629E-31,-0.707106781186559,
0.707106781186536));
#1299=DIRECTION('ref_axis',(1.,0.,-3.54133017449553E-31));
#1300=DIRECTION('',(-1.,0.,3.54133017449553E-31));
#1301=DIRECTION('',(1.,0.,-3.54133017449553E-31));
#1302=DIRECTION('center_axis',(2.50409858080632E-31,-0.707106781186551,
0.707106781186544));
#1303=DIRECTION('ref_axis',(1.,0.,-3.54133017449553E-31));
#1304=DIRECTION('',(1.,0.,-3.54133017449553E-31));
#1305=DIRECTION('',(-1.,0.,3.54133017449553E-31));
#1306=DIRECTION('center_axis',(0.,-1.,0.));
#1307=DIRECTION('ref_axis',(-1.,0.,-4.99551746561391E-16));
#1308=DIRECTION('',(0.,0.,-1.));
#1309=DIRECTION('',(-1.,0.,-4.99551746561391E-16));
#1310=DIRECTION('',(0.,0.,-1.));
#1311=DIRECTION('',(0.,0.,-1.));
#1312=DIRECTION('',(0.,0.,-1.));
#1313=DIRECTION('',(0.,0.,-1.));
#1314=DIRECTION('',(0.,0.,-1.));
#1315=DIRECTION('center_axis',(0.,1.,0.));
#1316=DIRECTION('ref_axis',(1.,0.,4.99551746561391E-16));
#1317=DIRECTION('',(0.,0.,-1.));
#1318=DIRECTION('',(1.,0.,4.99551746561391E-16));
#1319=DIRECTION('center_axis',(1.,2.05803650867306E-33,0.));
#1320=DIRECTION('ref_axis',(2.05803650867306E-33,-1.,-4.11976641627084E-18));
#1321=DIRECTION('',(0.,0.,-1.));
#1322=DIRECTION('',(2.05803650867306E-33,-1.,-4.11976641627084E-18));
#1323=DIRECTION('center_axis',(3.54133017449553E-31,1.02695629777827E-15,
1.));
#1324=DIRECTION('ref_axis',(-3.44509284839767E-16,-1.,1.02695629777827E-15));
#1325=DIRECTION('center_axis',(2.50409858080632E-31,-0.707106781186551,
0.707106781186544));
#1326=DIRECTION('ref_axis',(1.,0.,-3.54133017449553E-31));
#1327=DIRECTION('',(1.,0.,-3.54133017449553E-31));
#1328=DIRECTION('',(0.032149778674817,0.706741251000375,0.706741251000382));
#1329=DIRECTION('',(-1.,0.,3.54133017449553E-31));
#1330=DIRECTION('',(0.577350269189619,-0.577350269189626,-0.577350269189632));
#1331=DIRECTION('center_axis',(0.707106781186555,7.26167762141236E-16,0.70710678118654));
#1332=DIRECTION('ref_axis',(0.70710678118654,0.,-0.707106781186555));
#1333=DIRECTION('',(-2.05803650867306E-33,1.,-1.02695629777827E-15));
#1334=DIRECTION('',(2.05803650867306E-33,-1.,1.02695629777827E-15));
#1335=DIRECTION('',(0.577350269189613,0.577350269189638,-0.577350269189626));
#1336=DIRECTION('center_axis',(2.50409858080634E-31,0.707106781186544,0.707106781186551));
#1337=DIRECTION('ref_axis',(1.,0.,-3.54133017449553E-31));
#1338=DIRECTION('',(-1.,0.,3.54133017449553E-31));
#1339=DIRECTION('',(1.,0.,-3.54133017449553E-31));
#1340=DIRECTION('',(0.,0.,-1.));
#1341=DIRECTION('',(0.,0.,-1.));
#1342=DIRECTION('',(0.,0.,-1.));
#1343=DIRECTION('',(0.,0.,-1.));
#1344=DIRECTION('',(0.,0.,-1.));
#1345=DIRECTION('',(0.,0.,-1.));
#1346=DIRECTION('center_axis',(3.54133017449553E-31,1.02695629777827E-15,
1.));
#1347=DIRECTION('ref_axis',(-3.44509284839767E-16,-1.,1.02695629777827E-15));
#1348=DIRECTION('center_axis',(-3.54133017449553E-31,-1.02695629777827E-15,
-1.));
#1349=DIRECTION('ref_axis',(-3.44509284839767E-16,-1.,1.02695629777827E-15));
#1350=DIRECTION('center_axis',(0.,0.,-1.));
#1351=DIRECTION('ref_axis',(-1.68699239751237E-16,-1.,1.03982178064278E-15));
#1352=DIRECTION('center_axis',(5.53527599834375E-31,1.05216690675422E-15,
1.));
#1353=DIRECTION('ref_axis',(0.,-1.,1.05216690675422E-15));
#1354=DIRECTION('',(-2.69000385985152E-16,-0.923879532511286,0.382683432365091));
#1355=DIRECTION('center_axis',(-3.54133017449553E-31,-1.02695629777827E-15,
-1.));
#1356=DIRECTION('ref_axis',(-3.44509284839767E-16,-1.,1.02695629777827E-15));
#1357=DIRECTION('',(1.57009245868377E-16,0.707106781186547,-0.707106781186548));
#1358=DIRECTION('center_axis',(3.54133017449553E-31,1.02695629777827E-15,
1.));
#1359=DIRECTION('ref_axis',(-3.44509284839767E-16,-1.,1.02695629777827E-15));
#1360=DIRECTION('center_axis',(3.54133017449553E-31,1.02695629777827E-15,
1.));
#1361=DIRECTION('ref_axis',(-3.44509284839767E-16,-1.,1.02695629777827E-15));
#1362=DIRECTION('center_axis',(0.,-1.,0.));
#1363=DIRECTION('ref_axis',(-1.,0.,-4.99551746561391E-16));
#1364=DIRECTION('',(0.,0.,-1.));
#1365=DIRECTION('',(-1.,0.,-4.99551746561391E-16));
#1366=DIRECTION('',(0.,0.,-1.));
#1367=DIRECTION('',(0.,0.,-1.));
#1368=DIRECTION('',(0.,0.,-1.));
#1369=DIRECTION('',(0.,0.,-1.));
#1370=DIRECTION('center_axis',(0.,1.,0.));
#1371=DIRECTION('ref_axis',(1.,0.,4.99551746561391E-16));
#1372=DIRECTION('',(0.,0.,-1.));
#1373=DIRECTION('',(1.,0.,4.99551746561391E-16));
#1374=DIRECTION('center_axis',(-1.,-2.05803650867306E-33,0.));
#1375=DIRECTION('ref_axis',(-2.05803650867306E-33,1.,4.11976641627084E-18));
#1376=DIRECTION('',(-2.05803650867306E-33,1.,4.11976641627084E-18));
#1377=DIRECTION('',(0.,0.,-1.));
#1378=DIRECTION('center_axis',(0.,1.,0.));
#1379=DIRECTION('ref_axis',(1.,0.,4.99551746561391E-16));
#1380=DIRECTION('',(0.,0.,-1.));
#1381=DIRECTION('',(1.,0.,4.99551746561391E-16));
#1382=DIRECTION('center_axis',(-1.,-2.05803650867306E-33,0.));
#1383=DIRECTION('ref_axis',(-2.05803650867306E-33,1.,4.11976641627084E-18));
#1384=DIRECTION('',(0.,0.,-1.));
#1385=DIRECTION('',(-2.05803650867306E-33,1.,4.11976641627084E-18));
#1386=DIRECTION('center_axis',(0.,-1.,0.));
#1387=DIRECTION('ref_axis',(-1.,0.,-4.99551746561391E-16));
#1388=DIRECTION('',(-1.,0.,-4.99551746561391E-16));
#1389=DIRECTION('center_axis',(-4.99551746561391E-16,-4.11976641627084E-18,
1.));
#1390=DIRECTION('ref_axis',(-1.,0.,-4.99551746561391E-16));
#1391=DIRECTION('center_axis',(3.54133017449553E-31,1.02695629777827E-15,
1.));
#1392=DIRECTION('ref_axis',(-3.44509284839767E-16,-1.,1.02695629777827E-15));
#1393=DIRECTION('center_axis',(-3.54133017449553E-31,-1.02695629777827E-15,
-1.));
#1394=DIRECTION('ref_axis',(-3.44509284839767E-16,-1.,1.02695629777827E-15));
#1395=DIRECTION('center_axis',(3.54133017449553E-31,1.02695629777827E-15,
1.));
#1396=DIRECTION('ref_axis',(-3.44509284839767E-16,-1.,1.02695629777827E-15));
#1397=DIRECTION('center_axis',(-3.54133017449553E-31,-1.02695629777827E-15,
-1.));
#1398=DIRECTION('ref_axis',(3.44509284839767E-16,1.,-1.02695629777827E-15));
#1399=DIRECTION('',(1.,7.50847199595802E-16,-1.12522027774364E-30));
#1400=DIRECTION('',(1.,7.50847199595802E-16,-1.12522027774364E-30));
#1401=DIRECTION('',(-1.29612902023275E-15,-1.,1.02695629777827E-15));
#1402=DIRECTION('',(1.,-1.98754401149312E-15,1.68698782226479E-30));
#1403=DIRECTION('center_axis',(-3.54133017449553E-31,-1.02695629777827E-15,
-1.));
#1404=DIRECTION('ref_axis',(3.44509284839767E-16,1.,-1.02695629777827E-15));
#1405=DIRECTION('',(1.,-1.98754401149312E-15,1.68698782226479E-30));
#1406=DIRECTION('',(-9.24317029017553E-16,1.,-1.02695629777827E-15));
#1407=DIRECTION('center_axis',(-3.54133017449553E-31,-1.02695629777827E-15,
-1.));
#1408=DIRECTION('ref_axis',(3.44509284839767E-16,1.,-1.02695629777827E-15));
#1409=DIRECTION('center_axis',(3.54133017449553E-31,1.02695629777827E-15,
1.));
#1410=DIRECTION('ref_axis',(3.44509284839767E-16,1.,-1.02695629777827E-15));
#1411=DIRECTION('center_axis',(-3.54133017449553E-31,-1.02695629777827E-15,
-1.));
#1412=DIRECTION('ref_axis',(3.44509284839767E-16,1.,-1.02695629777827E-15));
#1413=DIRECTION('center_axis',(3.54133017449553E-31,1.02695629777827E-15,
1.));
#1414=DIRECTION('ref_axis',(3.44509284839767E-16,1.,-1.02695629777827E-15));
#1415=DIRECTION('',(3.54133017449553E-31,1.02695629777827E-15,1.));
#1416=DIRECTION('',(-3.54133017449553E-31,-1.02695629777827E-15,-1.));
#1417=DIRECTION('center_axis',(-3.54133017449553E-31,-1.02695629777827E-15,
-1.));
#1418=DIRECTION('ref_axis',(-3.44509284839767E-16,-1.,1.02695629777827E-15));
#1419=DIRECTION('center_axis',(3.54133017449553E-31,1.02695629777827E-15,
1.));
#1420=DIRECTION('ref_axis',(-3.44509284839767E-16,-1.,1.02695629777827E-15));
#1421=DIRECTION('center_axis',(-3.54133017449553E-31,-1.02695629777827E-15,
-1.));
#1422=DIRECTION('ref_axis',(-3.44509284839767E-16,-1.,1.02695629777827E-15));
#1423=DIRECTION('center_axis',(3.54133017449553E-31,1.02695629777827E-15,
1.));
#1424=DIRECTION('ref_axis',(3.085739714046E-15,-1.,1.02695629777827E-15));
#1425=DIRECTION('',(-3.54133017449553E-31,-1.02695629777827E-15,-1.));
#1426=DIRECTION('',(3.54133017449553E-31,1.02695629777827E-15,1.));
#1427=DIRECTION('center_axis',(-3.54133017449553E-31,-1.02695629777827E-15,
-1.));
#1428=DIRECTION('ref_axis',(3.44509284839767E-16,1.,-1.02695629777827E-15));
#1429=DIRECTION('',(-1.,1.98754401149312E-15,1.36919560554444E-16));
#1430=DIRECTION('',(-0.707106781186545,0.70710678118655,-7.26167762141246E-16));
#1431=DIRECTION('',(0.707106781186551,0.707106781186544,-7.26167762141241E-16));
#1432=DIRECTION('',(1.,7.50847199595802E-16,-1.12522027774364E-30));
#1433=DIRECTION('',(1.,7.50847199595802E-16,-1.12522027774364E-30));
#1434=DIRECTION('',(0.70710678118655,-0.707106781186545,7.26167762141241E-16));
#1435=DIRECTION('',(-0.707106781186545,-0.70710678118655,7.26167762141247E-16));
#1436=DIRECTION('',(-1.,1.98754401149312E-15,1.36919560554444E-16));
#1437=DIRECTION('center_axis',(-3.54133017449553E-31,-1.02695629777827E-15,
-1.));
#1438=DIRECTION('ref_axis',(-3.44509284839767E-16,-1.,1.02695629777827E-15));
#1439=DIRECTION('center_axis',(7.50847199595802E-16,-1.,1.02695629777827E-15));
#1440=DIRECTION('ref_axis',(-1.,-7.50847199595802E-16,1.12522027774364E-30));
#1441=DIRECTION('',(-3.54133017449553E-31,-1.02695629777827E-15,-1.));
#1442=DIRECTION('',(1.,7.50847199595802E-16,-1.12522027774364E-30));
#1443=DIRECTION('',(-3.54133017449553E-31,-1.02695629777827E-15,-1.));
#1444=DIRECTION('center_axis',(-3.54133017449553E-31,-1.02695629777827E-15,
-1.));
#1445=DIRECTION('ref_axis',(3.44509284839767E-16,1.,-1.02695629777827E-15));
#1446=DIRECTION('',(3.54133017449553E-31,1.02695629777827E-15,1.));
#1447=DIRECTION('center_axis',(7.50847199595802E-16,-1.,1.02695629777827E-15));
#1448=DIRECTION('ref_axis',(-1.,-7.50847199595802E-16,1.12522027774364E-30));
#1449=DIRECTION('',(-3.54133017449553E-31,-1.02695629777827E-15,-1.));
#1450=DIRECTION('',(1.,7.50847199595802E-16,-1.12522027774364E-30));
#1451=DIRECTION('',(-3.54133017449553E-31,-1.02695629777827E-15,-1.));
#1452=DIRECTION('center_axis',(3.54133017449553E-31,1.02695629777827E-15,
1.));
#1453=DIRECTION('ref_axis',(3.44509284839767E-16,1.,-1.02695629777827E-15));
#1454=DIRECTION('',(-1.,1.98754401149312E-15,-1.68698782226479E-30));
#1455=DIRECTION('',(0.707106781186545,0.70710678118655,-7.26167762141247E-16));
#1456=DIRECTION('',(-0.70710678118655,0.707106781186545,-7.26167762141241E-16));
#1457=DIRECTION('',(9.24317029017553E-16,-1.,1.02695629777827E-15));
#1458=DIRECTION('center_axis',(3.54133017449553E-31,1.02695629777827E-15,
1.));
#1459=DIRECTION('ref_axis',(3.44509284839767E-16,1.,-1.02695629777827E-15));
#1460=DIRECTION('',(-0.707106781186551,-0.707106781186544,7.26167762141241E-16));
#1461=DIRECTION('',(0.707106781186545,-0.70710678118655,7.26167762141246E-16));
#1462=DIRECTION('',(-1.,1.98754401149312E-15,-1.68698782226479E-30));
#1463=DIRECTION('',(1.29612902023275E-15,1.,-1.02695629777827E-15));
#1464=DIRECTION('center_axis',(0.707106781186545,0.70710678118655,-7.26167762141247E-16));
#1465=DIRECTION('ref_axis',(0.70710678118655,-0.707106781186545,7.26167762141241E-16));
#1466=DIRECTION('',(-3.54133017449553E-31,-1.02695629777827E-15,-1.));
#1467=DIRECTION('center_axis',(1.,-1.29612902023275E-15,9.76934842611646E-31));
#1468=DIRECTION('ref_axis',(-1.29612902023275E-15,-1.,1.02695629777827E-15));
#1469=DIRECTION('',(-3.54133017449553E-31,-1.02695629777827E-15,-1.));
#1470=DIRECTION('center_axis',(1.98754401149312E-15,1.,-1.02695629777827E-15));
#1471=DIRECTION('ref_axis',(1.,-1.98754401149312E-15,-1.36919560554444E-16));
#1472=DIRECTION('',(-3.54133017449553E-31,-1.02695629777827E-15,-1.));
#1473=DIRECTION('center_axis',(-1.,-9.24317029017553E-16,1.30336621154283E-30));
#1474=DIRECTION('ref_axis',(-9.24317029017553E-16,1.,-1.02695629777827E-15));
#1475=DIRECTION('',(-3.54133017449553E-31,-1.02695629777827E-15,-1.));
#1476=DIRECTION('center_axis',(0.70710678118655,-0.707106781186545,7.26167762141242E-16));
#1477=DIRECTION('ref_axis',(-0.707106781186545,-0.70710678118655,7.26167762141247E-16));
#1478=DIRECTION('',(-3.54133017449553E-31,-1.02695629777827E-15,-1.));
#1479=DIRECTION('center_axis',(1.98754401149312E-15,1.,-1.02695629777827E-15));
#1480=DIRECTION('ref_axis',(1.,-1.98754401149312E-15,-1.36919560554444E-16));
#1481=DIRECTION('center_axis',(-0.70710678118655,-0.707106781186545,7.26167762141242E-16));
#1482=DIRECTION('ref_axis',(-0.707106781186545,0.70710678118655,-7.26167762141246E-16));
#1483=DIRECTION('',(-3.54133017449553E-31,-1.02695629777827E-15,-1.));
#1484=DIRECTION('center_axis',(-0.707106781186544,0.707106781186551,-7.26167762141247E-16));
#1485=DIRECTION('ref_axis',(0.707106781186551,0.707106781186544,-7.26167762141241E-16));
#1486=CARTESIAN_POINT('',(0.,0.,0.));
#1487=CARTESIAN_POINT('Origin',(61.4421475241101,-9.29694067371595,9.72827812499996));
#1488=CARTESIAN_POINT('',(61.3921475241101,-8.46836887133824,9.77827812499996));
#1489=CARTESIAN_POINT('',(61.3921475241101,-9.63979762328373,9.77827812499996));
#1490=CARTESIAN_POINT('',(61.3921475241101,-9.29694067371595,9.77827812499996));
#1491=CARTESIAN_POINT('',(61.4921475241101,-9.53979762328373,9.67827812499996));
#1492=CARTESIAN_POINT('',(61.3921475241101,-9.63979762328373,9.77827812499996));
#1493=CARTESIAN_POINT('',(61.4921475241101,-8.56836887133823,9.67827812499996));
#1494=CARTESIAN_POINT('',(61.4921475241101,-9.29694067371595,9.67827812499996));
#1495=CARTESIAN_POINT('',(61.3921475241101,-8.46836887133824,9.77827812499996));
#1496=CARTESIAN_POINT('Origin',(62.7978619748867,-9.58979762328373,9.72827812499996));
#1497=CARTESIAN_POINT('',(63.2537846026944,-9.63979774499749,9.77827812499996));
#1498=CARTESIAN_POINT('',(62.7978619748867,-9.63979762328373,9.77827812499996));
#1499=CARTESIAN_POINT('',(63.2578621098912,-9.53979762328373,9.67827812499996));
#1500=CARTESIAN_POINT('Ctrl Pts',(63.2537837265736,-9.63980099287586,9.77827812499996));
#1501=CARTESIAN_POINT('Ctrl Pts',(63.2544657432463,-9.62315520639083,9.76163124467159));
#1502=CARTESIAN_POINT('Ctrl Pts',(63.2551479207216,-9.60643250530748,9.74491142069849));
#1503=CARTESIAN_POINT('Ctrl Pts',(63.2558258386078,-9.58979790657667,9.72827796658695));
#1504=CARTESIAN_POINT('Ctrl Pts',(63.256503711907,-9.57316440191453,9.7116456064688));
#1505=CARTESIAN_POINT('Ctrl Pts',(63.2571829745787,-9.55648130167351,9.69496180338973));
#1506=CARTESIAN_POINT('Ctrl Pts',(63.2578621098912,-9.53979762328374,9.67827812499995));
#1507=CARTESIAN_POINT('',(62.7978619748867,-9.53979762328373,9.67827812499996));
#1508=CARTESIAN_POINT('Ctrl Pts',(63.3661499136419,-9.68591425655787,9.77827812499996));
#1509=CARTESIAN_POINT('Ctrl Pts',(63.3514134684003,-9.67391515404481,9.77827812499996));
#1510=CARTESIAN_POINT('Ctrl Pts',(63.3308368717817,-9.65767678679484,9.77827812499997));
#1511=CARTESIAN_POINT('Ctrl Pts',(63.3180082159793,-9.65106027932797,9.77827812499997));
#1512=CARTESIAN_POINT('Ctrl Pts',(63.3105874176978,-9.64803377720795,9.77827812499996));
#1513=CARTESIAN_POINT('Ctrl Pts',(63.296344426663,-9.64369641805679,9.77827812499997));
#1514=CARTESIAN_POINT('Ctrl Pts',(63.2693308654511,-9.64106483543313,9.77827812499996));
#1515=CARTESIAN_POINT('Ctrl Pts',(63.2497342640494,-9.63946676656274,9.77827812499996));
#1516=CARTESIAN_POINT('Ctrl Pts',(63.3871968526634,-9.66006590131162,9.74494479166663));
#1517=CARTESIAN_POINT('Ctrl Pts',(63.3724387392652,-9.64808297594584,9.74494479166662));
#1518=CARTESIAN_POINT('Ctrl Pts',(63.3505506321928,-9.6305835173471,9.74494479166663));
#1519=CARTESIAN_POINT('Ctrl Pts',(63.3331308107851,-9.6212297705497,9.74494479166663));
#1520=CARTESIAN_POINT('Ctrl Pts',(63.3205612413438,-9.61610268985369,9.74494479166663));
#1521=CARTESIAN_POINT('Ctrl Pts',(63.3009335424317,-9.61049348721519,9.74494479166663));
#1522=CARTESIAN_POINT('Ctrl Pts',(63.2720453079085,-9.60787063936473,9.74494479166663));
#1523=CARTESIAN_POINT('Ctrl Pts',(63.2524435459966,-9.60624371880307,9.74494479166663));
#1524=CARTESIAN_POINT('Ctrl Pts',(63.4082437916849,-9.63421754606538,9.71161145833328));
#1525=CARTESIAN_POINT('Ctrl Pts',(63.3935290146,-9.62220226640505,9.71161145833329));
#1526=CARTESIAN_POINT('Ctrl Pts',(63.3702797829844,-9.60346485356538,9.71161145833328));
#1527=CARTESIAN_POINT('Ctrl Pts',(63.3482337341589,-9.59134369085572,9.71161145833329));
#1528=CARTESIAN_POINT('Ctrl Pts',(63.3305884525168,-9.58414520426212,9.71161145833328));
#1529=CARTESIAN_POINT('Ctrl Pts',(63.3055305978602,-9.57726207111298,9.71161145833328));
#1530=CARTESIAN_POINT('Ctrl Pts',(63.2747442688353,-9.57458988822249,9.71161145833328));
#1531=CARTESIAN_POINT('Ctrl Pts',(63.2551528279438,-9.57302067104339,9.71161145833328));
#1532=CARTESIAN_POINT('Ctrl Pts',(63.4292907307065,-9.60836919081913,9.67827812499995));
#1533=CARTESIAN_POINT('Ctrl Pts',(63.4145542854649,-9.59637008830608,9.67827812499995));
#1534=CARTESIAN_POINT('Ctrl Pts',(63.3899935433955,-9.57637158411764,9.67827812499995));
#1535=CARTESIAN_POINT('Ctrl Pts',(63.3633563289646,-9.56151318207745,9.67827812499995));
#1536=CARTESIAN_POINT('Ctrl Pts',(63.3405622761628,-9.55221411690786,9.67827812499994));
#1537=CARTESIAN_POINT('Ctrl Pts',(63.3101197136288,-9.54405914027138,9.67827812499995));
#1538=CARTESIAN_POINT('Ctrl Pts',(63.2774587112926,-9.54139569215409,9.67827812499994));
#1539=CARTESIAN_POINT('Ctrl Pts',(63.2578621098909,-9.53979762328371,9.67827812499995));
#1540=CARTESIAN_POINT('',(63.358401401553,-9.67961892700884,9.77827812499996));
#1541=CARTESIAN_POINT('Ctrl Pts',(63.2537843294303,-9.63980104328113,9.77827812499996));
#1542=CARTESIAN_POINT('Ctrl Pts',(63.2715691693501,-9.64128804922528,9.77827812499996));
#1543=CARTESIAN_POINT('Ctrl Pts',(63.2969403978037,-9.64387790668335,9.77827812499997));
#1544=CARTESIAN_POINT('Ctrl Pts',(63.3105874176978,-9.64803377720795,9.77827812499996));
#1545=CARTESIAN_POINT('Ctrl Pts',(63.3180082159793,-9.65106027932797,9.77827812499997));
#1546=CARTESIAN_POINT('Ctrl Pts',(63.3294446953589,-9.65695875788843,9.77827812499997));
#1547=CARTESIAN_POINT('Ctrl Pts',(63.3470387352886,-9.67050406618394,9.77827812499997));
#1548=CARTESIAN_POINT('Ctrl Pts',(63.3583908183195,-9.67963205109665,9.77827812499997));
#1549=CARTESIAN_POINT('',(63.4292907307065,-9.60836919081915,9.67827812499995));
#1550=CARTESIAN_POINT('Ctrl Pts',(63.3583876297131,-9.67962948721025,9.77827812499996));
#1551=CARTESIAN_POINT('Ctrl Pts',(63.3701441249479,-9.66781410615603,9.76170052062056));
#1552=CARTESIAN_POINT('Ctrl Pts',(63.3821334837018,-9.65576554337438,9.74479834912147));
#1553=CARTESIAN_POINT('Ctrl Pts',(63.3938477916734,-9.64399239809644,9.72827743181067));
#1554=CARTESIAN_POINT('Ctrl Pts',(63.4055689277663,-9.63221239040166,9.71174688466702));
#1555=CARTESIAN_POINT('Ctrl Pts',(63.4174292787188,-9.62029121598981,9.69501248495667));
#1556=CARTESIAN_POINT('Ctrl Pts',(63.4292907307064,-9.60836919081914,9.67827812499995));
#1557=CARTESIAN_POINT('Ctrl Pts',(63.4292907307065,-9.60836919081913,9.67827812499995));
#1558=CARTESIAN_POINT('Ctrl Pts',(63.4145542854649,-9.59637008830608,9.67827812499995));
#1559=CARTESIAN_POINT('Ctrl Pts',(63.3899935433955,-9.57637158411764,9.67827812499995));
#1560=CARTESIAN_POINT('Ctrl Pts',(63.3633563289646,-9.56151318207745,9.67827812499995));
#1561=CARTESIAN_POINT('Ctrl Pts',(63.3405622761628,-9.55221411690786,9.67827812499994));
#1562=CARTESIAN_POINT('Ctrl Pts',(63.3101197136288,-9.54405914027138,9.67827812499995));
#1563=CARTESIAN_POINT('Ctrl Pts',(63.2774587112926,-9.54139569215409,9.67827812499994));
#1564=CARTESIAN_POINT('Ctrl Pts',(63.2578621098909,-9.53979762328371,9.67827812499995));
#1565=CARTESIAN_POINT('Ctrl Pts',(63.3982328995821,-9.78554544690966,9.77827812499996));
#1566=CARTESIAN_POINT('Ctrl Pts',(63.3965786055027,-9.76639147014444,9.77827812499996));
#1567=CARTESIAN_POINT('Ctrl Pts',(63.3938832008783,-9.74007736599427,9.77827812499996));
#1568=CARTESIAN_POINT('Ctrl Pts',(63.3896516382385,-9.72639324135799,9.77827812499996));
#1569=CARTESIAN_POINT('Ctrl Pts',(63.386743570758,-9.71931562692713,9.77827812499996));
#1570=CARTESIAN_POINT('Ctrl Pts',(63.3802550702254,-9.70680386506779,9.77827812499996));
#1571=CARTESIAN_POINT('Ctrl Pts',(63.3640680764084,-9.68648909950947,9.77827812499996));
#1572=CARTESIAN_POINT('Ctrl Pts',(63.3520682904899,-9.67190417903033,9.77827812499996));
#1573=CARTESIAN_POINT('Ctrl Pts',(63.4314425997943,-9.78267718560214,9.74494479166663));
#1574=CARTESIAN_POINT('Ctrl Pts',(63.4297599282366,-9.7635183435164,9.74494479166662));
#1575=CARTESIAN_POINT('Ctrl Pts',(63.4270627812884,-9.73534196187467,9.74494479166662));
#1576=CARTESIAN_POINT('Ctrl Pts',(63.4215492640518,-9.71631873331775,9.74494479166662));
#1577=CARTESIAN_POINT('Ctrl Pts',(63.4165263195907,-9.70409488992993,9.74494479166662));
#1578=CARTESIAN_POINT('Ctrl Pts',(63.4072582574929,-9.68696174428755,9.74494479166662));
#1579=CARTESIAN_POINT('Ctrl Pts',(63.38979256427,-9.66533303162309,9.74494479166662));
#1580=CARTESIAN_POINT('Ctrl Pts',(63.3778091038954,-9.6507258496266,9.74494479166663));
#1581=CARTESIAN_POINT('Ctrl Pts',(63.4646523000065,-9.77980892429462,9.71161145833328));
#1582=CARTESIAN_POINT('Ctrl Pts',(63.4630263834053,-9.76065981284999,9.71161145833329));
#1583=CARTESIAN_POINT('Ctrl Pts',(63.4602709689301,-9.73059879573295,9.71161145833328));
#1584=CARTESIAN_POINT('Ctrl Pts',(63.4534730926497,-9.70619084312549,9.71161145833328));
#1585=CARTESIAN_POINT('Ctrl Pts',(63.4463649018227,-9.68889367954094,9.71161145833328));
#1586=CARTESIAN_POINT('Ctrl Pts',(63.4342869725549,-9.66710443287697,9.71161145833328));
#1587=CARTESIAN_POINT('Ctrl Pts',(63.4155660287633,-9.6441101791846,9.71161145833329));
#1588=CARTESIAN_POINT('Ctrl Pts',(63.4035499173009,-9.62954752022286,9.71161145833328));
#1589=CARTESIAN_POINT('Ctrl Pts',(63.4978620002186,-9.7769406629871,9.67827812499995));
#1590=CARTESIAN_POINT('Ctrl Pts',(63.4962077061392,-9.75778668622194,9.67827812499995));
#1591=CARTESIAN_POINT('Ctrl Pts',(63.4934505493402,-9.72586339161335,9.67827812499994));
#1592=CARTESIAN_POINT('Ctrl Pts',(63.485370718463,-9.69611633508525,9.67827812499994));
#1593=CARTESIAN_POINT('Ctrl Pts',(63.4761476506553,-9.67367294254374,9.67827812499994));
#1594=CARTESIAN_POINT('Ctrl Pts',(63.4612901598224,-9.64726231209674,9.67827812499995));
#1595=CARTESIAN_POINT('Ctrl Pts',(63.4412905166249,-9.62295411129822,9.67827812499995));
#1596=CARTESIAN_POINT('Ctrl Pts',(63.4292907307065,-9.60836919081913,9.67827812499995));
#1597=CARTESIAN_POINT('',(63.3974827528325,-9.77694047514127,9.77827812499996));
#1598=CARTESIAN_POINT('Ctrl Pts',(63.3583879647055,-9.67962987339907,9.77827812499996));
#1599=CARTESIAN_POINT('Ctrl Pts',(63.3674889542415,-9.69083445520246,9.77827812499996));
#1600=CARTESIAN_POINT('Ctrl Pts',(63.3809638910102,-9.70817068268861,9.77827812499996));
#1601=CARTESIAN_POINT('Ctrl Pts',(63.386743570758,-9.71931562692713,9.77827812499996));
#1602=CARTESIAN_POINT('Ctrl Pts',(63.3896516382385,-9.72639324135799,9.77827812499996));
#1603=CARTESIAN_POINT('Ctrl Pts',(63.3934922803006,-9.7388131980348,9.77827812499996));
#1604=CARTESIAN_POINT('Ctrl Pts',(63.3960674810436,-9.76163735647722,9.77827812499996));
#1605=CARTESIAN_POINT('Ctrl Pts',(63.3974692451769,-9.77694169399864,9.77827812499996));
#1606=CARTESIAN_POINT('',(63.4978620002186,-9.77694066298712,9.67827812499995));
#1607=CARTESIAN_POINT('Ctrl Pts',(63.3974689351338,-9.77693830902295,9.77827812499996));
#1608=CARTESIAN_POINT('Ctrl Pts',(63.4141286680887,-9.77693846049804,9.76168493111224));
#1609=CARTESIAN_POINT('Ctrl Pts',(63.4310612457861,-9.77693966063253,9.74482425811519));
#1610=CARTESIAN_POINT('Ctrl Pts',(63.4476724968663,-9.77694023502838,9.72827871359992));
#1611=CARTESIAN_POINT('Ctrl Pts',(63.4642900974071,-9.77694080964379,9.71172684473963));
#1612=CARTESIAN_POINT('Ctrl Pts',(63.4810753606118,-9.77694063153023,9.69500250036059));
#1613=CARTESIAN_POINT('Ctrl Pts',(63.4978620002186,-9.7769406629871,9.67827812499996));
#1614=CARTESIAN_POINT('Ctrl Pts',(63.4978620002186,-9.7769406629871,9.67827812499995));
#1615=CARTESIAN_POINT('Ctrl Pts',(63.4962077061392,-9.75778668622194,9.67827812499995));
#1616=CARTESIAN_POINT('Ctrl Pts',(63.4934505493402,-9.72586339161335,9.67827812499994));
#1617=CARTESIAN_POINT('Ctrl Pts',(63.485370718463,-9.69611633508525,9.67827812499994));
#1618=CARTESIAN_POINT('Ctrl Pts',(63.4761476506553,-9.67367294254374,9.67827812499994));
#1619=CARTESIAN_POINT('Ctrl Pts',(63.4612901598224,-9.64726231209674,9.67827812499995));
#1620=CARTESIAN_POINT('Ctrl Pts',(63.4412905166249,-9.62295411129822,9.67827812499995));
#1621=CARTESIAN_POINT('Ctrl Pts',(63.4292907307065,-9.60836919081913,9.67827812499995));
#1622=CARTESIAN_POINT('Ctrl Pts',(63.3520681656452,-9.88197700066116,9.77827812499996));
#1623=CARTESIAN_POINT('Ctrl Pts',(63.3640678625184,-9.86739212999838,9.77827812499996));
#1624=CARTESIAN_POINT('Ctrl Pts',(63.3802547591279,-9.8470774178564,9.77827812499996));
#1625=CARTESIAN_POINT('Ctrl Pts',(63.3867433085124,-9.83456559761256,9.77827812499996));
#1626=CARTESIAN_POINT('Ctrl Pts',(63.3896514374904,-9.82748786605738,9.77827812499996));
#1627=CARTESIAN_POINT('Ctrl Pts',(63.3938830652836,-9.81380361081475,9.77827812499996));
#1628=CARTESIAN_POINT('Ctrl Pts',(63.3965785656706,-9.7874894796612,9.77827812499996));
#1629=CARTESIAN_POINT('Ctrl Pts',(63.3982329318322,-9.76833550566981,9.77827812499996));
#1630=CARTESIAN_POINT('Ctrl Pts',(63.3778090206656,-9.90315527948473,9.74494479166663));
#1631=CARTESIAN_POINT('Ctrl Pts',(63.389792392297,-9.88854814799582,9.74494479166662));
#1632=CARTESIAN_POINT('Ctrl Pts',(63.4072579711197,-9.86691949800103,9.74494479166662));
#1633=CARTESIAN_POINT('Ctrl Pts',(63.4165260459674,-9.84978635051579,9.74494479166662));
#1634=CARTESIAN_POINT('Ctrl Pts',(63.4215490386736,-9.83756244616029,9.74494479166662));
#1635=CARTESIAN_POINT('Ctrl Pts',(63.4270626270241,-9.81853912884278,9.74494479166662));
#1636=CARTESIAN_POINT('Ctrl Pts',(63.4297598780365,-9.79036273051553,9.74494479166663));
#1637=CARTESIAN_POINT('Ctrl Pts',(63.4314426212944,-9.77120389144224,9.74494479166662));
#1638=CARTESIAN_POINT('Ctrl Pts',(63.403549875686,-9.92433355830829,9.71161145833329));
#1639=CARTESIAN_POINT('Ctrl Pts',(63.415565897801,-9.90977094847162,9.71161145833329));
#1640=CARTESIAN_POINT('Ctrl Pts',(63.4342867103765,-9.88677676855311,9.71161145833328));
#1641=CARTESIAN_POINT('Ctrl Pts',(63.4463646156594,-9.86498757773968,9.71161145833328));
#1642=CARTESIAN_POINT('Ctrl Pts',(63.4534728423564,-9.84769040708763,9.71161145833328));
#1643=CARTESIAN_POINT('Ctrl Pts',(63.4602707953806,-9.82328240893601,9.71161145833328));
#1644=CARTESIAN_POINT('Ctrl Pts',(63.4630263216912,-9.79322138612414,9.71161145833328));
#1645=CARTESIAN_POINT('Ctrl Pts',(63.4646523107565,-9.77407227721467,9.71161145833328));
#1646=CARTESIAN_POINT('Ctrl Pts',(63.4292907307065,-9.94551183713186,9.67827812499995));
#1647=CARTESIAN_POINT('Ctrl Pts',(63.4412904275796,-9.93092696646907,9.67827812499995));
#1648=CARTESIAN_POINT('Ctrl Pts',(63.4612899223683,-9.90661884869774,9.67827812499994));
#1649=CARTESIAN_POINT('Ctrl Pts',(63.4761473531144,-9.88020833064291,9.67827812499994));
#1650=CARTESIAN_POINT('Ctrl Pts',(63.4853704435395,-9.85776498719054,9.67827812499994));
#1651=CARTESIAN_POINT('Ctrl Pts',(63.4934503571211,-9.82801792696405,9.67827812499994));
#1652=CARTESIAN_POINT('Ctrl Pts',(63.4962076340571,-9.79609463697846,9.67827812499994));
#1653=CARTESIAN_POINT('Ctrl Pts',(63.4978620002186,-9.7769406629871,9.67827812499994));
#1654=CARTESIAN_POINT('',(63.3584012605863,-9.87426224142869,9.77827812499996));
#1655=CARTESIAN_POINT('Ctrl Pts',(63.3974692453842,-9.77693925625201,9.77827812499996));
#1656=CARTESIAN_POINT('Ctrl Pts',(63.3960674239339,-9.79224359783174,9.77827812499996));
#1657=CARTESIAN_POINT('Ctrl Pts',(63.3934921388022,-9.81506779046712,9.77827812499996));
#1658=CARTESIAN_POINT('Ctrl Pts',(63.3896514374904,-9.82748786605738,9.77827812499996));
#1659=CARTESIAN_POINT('Ctrl Pts',(63.3867433085124,-9.83456559761256,9.77827812499996));
#1660=CARTESIAN_POINT('Ctrl Pts',(63.3809635886934,-9.84571058721648,9.77827812499996));
#1661=CARTESIAN_POINT('Ctrl Pts',(63.3674887369148,-9.86304676398142,9.77827812499996));
#1662=CARTESIAN_POINT('Ctrl Pts',(63.3583878239397,-9.87425129524522,9.77827812499996));
#1663=CARTESIAN_POINT('',(63.4292907307065,-9.94551183713184,9.67827812499995));
#1664=CARTESIAN_POINT('Ctrl Pts',(63.3583904840434,-9.87424802026364,9.77827812499996));
#1665=CARTESIAN_POINT('Ctrl Pts',(63.3701464330239,-9.88606342917588,9.76170096488909));
#1666=CARTESIAN_POINT('Ctrl Pts',(63.3821339842892,-9.89811346200682,9.74479924867424));
#1667=CARTESIAN_POINT('Ctrl Pts',(63.3938472411962,-9.9098871226341,9.7282788107054));
#1668=CARTESIAN_POINT('Ctrl Pts',(63.4055680141546,-9.92166833807212,9.71174777205881));
#1669=CARTESIAN_POINT('Ctrl Pts',(63.4174290173343,-9.93358959655958,9.69501282037736));
#1670=CARTESIAN_POINT('Ctrl Pts',(63.4292907307065,-9.94551183713186,9.67827812499995));
#1671=CARTESIAN_POINT('Ctrl Pts',(63.4292907307065,-9.94551183713186,9.67827812499995));
#1672=CARTESIAN_POINT('Ctrl Pts',(63.4412904275796,-9.93092696646907,9.67827812499995));
#1673=CARTESIAN_POINT('Ctrl Pts',(63.4612899223683,-9.90661884869774,9.67827812499994));
#1674=CARTESIAN_POINT('Ctrl Pts',(63.4761473531144,-9.88020833064291,9.67827812499994));
#1675=CARTESIAN_POINT('Ctrl Pts',(63.4853704435395,-9.85776498719054,9.67827812499994));
#1676=CARTESIAN_POINT('Ctrl Pts',(63.4934503571211,-9.82801792696405,9.67827812499994));
#1677=CARTESIAN_POINT('Ctrl Pts',(63.4962076340571,-9.79609463697846,9.67827812499994));
#1678=CARTESIAN_POINT('Ctrl Pts',(63.4978620002186,-9.7769406629871,9.67827812499994));
#1679=CARTESIAN_POINT('Ctrl Pts',(63.2497343969393,-9.91441425055137,9.77827812499996));
#1680=CARTESIAN_POINT('Ctrl Pts',(63.2627988440436,-9.91334888507419,9.77827812499996));
#1681=CARTESIAN_POINT('Ctrl Pts',(63.2917948007012,-9.91092792259166,9.77827812499997));
#1682=CARTESIAN_POINT('Ctrl Pts',(63.3087693675068,-9.90670261667083,9.77827812499996));
#1683=CARTESIAN_POINT('Ctrl Pts',(63.318018679516,-9.90284979922635,9.77827812499996));
#1684=CARTESIAN_POINT('Ctrl Pts',(63.3308546634293,-9.89623541500035,9.77827812499996));
#1685=CARTESIAN_POINT('Ctrl Pts',(63.351413373713,-9.87996600011214,9.77827812499996));
#1686=CARTESIAN_POINT('Ctrl Pts',(63.3661497582556,-9.86796689791616,9.77827812499996));
#1687=CARTESIAN_POINT('Ctrl Pts',(63.2524436345899,-9.94763730192334,9.74494479166663));
#1688=CARTESIAN_POINT('Ctrl Pts',(63.2655264641148,-9.94657690231877,9.74494479166662));
#1689=CARTESIAN_POINT('Ctrl Pts',(63.2957225228305,-9.94406162084547,9.74494479166663));
#1690=CARTESIAN_POINT('Ctrl Pts',(63.31741913648,-9.93914521435373,9.74494479166662));
#1691=CARTESIAN_POINT('Ctrl Pts',(63.3331472276538,-9.932688504394,9.74494479166663));
#1692=CARTESIAN_POINT('Ctrl Pts',(63.3505617874385,-9.92331936387329,9.74494479166662));
#1693=CARTESIAN_POINT('Ctrl Pts',(63.3724421861454,-9.90580297584021,9.74494479166663));
#1694=CARTESIAN_POINT('Ctrl Pts',(63.3871967490726,-9.89381521098806,9.74494479166663));
#1695=CARTESIAN_POINT('Ctrl Pts',(63.2551528722404,-9.9808603532953,9.71161145833329));
#1696=CARTESIAN_POINT('Ctrl Pts',(63.2681989369239,-9.97979002194551,9.71161145833329));
#1697=CARTESIAN_POINT('Ctrl Pts',(63.2996599526264,-9.97722092724336,9.71161145833329));
#1698=CARTESIAN_POINT('Ctrl Pts',(63.3261200443749,-9.9715875537993,9.71161145833328));
#1699=CARTESIAN_POINT('Ctrl Pts',(63.3482280405727,-9.96252914028309,9.71161145833329));
#1700=CARTESIAN_POINT('Ctrl Pts',(63.3702865812502,-9.95042549411484,9.71161145833328));
#1701=CARTESIAN_POINT('Ctrl Pts',(63.3935255337314,-9.93167396359974,9.71161145833328));
#1702=CARTESIAN_POINT('Ctrl Pts',(63.4082437398895,-9.91966352405995,9.71161145833328));
#1703=CARTESIAN_POINT('Ctrl Pts',(63.2578621098909,-10.0140834046673,9.67827812499995));
#1704=CARTESIAN_POINT('Ctrl Pts',(63.2709265569951,-10.0130180391901,9.67827812499995));
#1705=CARTESIAN_POINT('Ctrl Pts',(63.3035876747557,-10.0103546254972,9.67827812499995));
#1706=CARTESIAN_POINT('Ctrl Pts',(63.3347698133481,-10.0040301514822,9.67827812499994));
#1707=CARTESIAN_POINT('Ctrl Pts',(63.3633565887105,-9.99236784545074,9.67827812499995));
#1708=CARTESIAN_POINT('Ctrl Pts',(63.3899937052595,-9.97750944298778,9.67827812499994));
#1709=CARTESIAN_POINT('Ctrl Pts',(63.4145543461638,-9.95751093932782,9.67827812499995));
#1710=CARTESIAN_POINT('Ctrl Pts',(63.4292907307065,-9.94551183713184,9.67827812499995));
#1711=CARTESIAN_POINT('',(63.2537831864249,-9.91408340466725,9.77827812499996));
#1712=CARTESIAN_POINT('Ctrl Pts',(63.3583918473941,-9.87425057263688,9.77827812499996));
#1713=CARTESIAN_POINT('Ctrl Pts',(63.3470423516217,-9.88338333879203,9.77827812499996));
#1714=CARTESIAN_POINT('Ctrl Pts',(63.3294617327226,-9.89695319237969,9.77827812499996));
#1715=CARTESIAN_POINT('Ctrl Pts',(63.318018679516,-9.90284979922635,9.77827812499996));
#1716=CARTESIAN_POINT('Ctrl Pts',(63.3087693675068,-9.90670261667083,9.77827812499996));
#1717=CARTESIAN_POINT('Ctrl Pts',(63.2925046201588,-9.91075123446813,9.77827812499997));
#1718=CARTESIAN_POINT('Ctrl Pts',(63.2652028503896,-9.91314325687761,9.77827812499996));
#1719=CARTESIAN_POINT('Ctrl Pts',(63.2537831419968,-9.91408286450435,9.77827812499996));
#1720=CARTESIAN_POINT('',(63.2578621098912,-10.0140834046672,9.67827812499994));
#1721=CARTESIAN_POINT('Ctrl Pts',(63.2537849905969,-9.91408271240203,9.77827812499996));
#1722=CARTESIAN_POINT('Ctrl Pts',(63.2544683906645,-9.93073043908353,9.76163133067135));
#1723=CARTESIAN_POINT('Ctrl Pts',(63.2551488003797,-9.94744991532113,9.74491159475265));
#1724=CARTESIAN_POINT('Ctrl Pts',(63.2558260157639,-9.96408320443042,9.72827822707434));
#1725=CARTESIAN_POINT('Ctrl Pts',(63.2565031937129,-9.98071557408445,9.71164577885563));
#1726=CARTESIAN_POINT('Ctrl Pts',(63.2571829823523,-9.99739964356055,9.69496188610664));
#1727=CARTESIAN_POINT('Ctrl Pts',(63.2578621098912,-10.0140834046672,9.67827812499996));
#1728=CARTESIAN_POINT('Ctrl Pts',(63.2578621098909,-10.0140834046673,9.67827812499995));
#1729=CARTESIAN_POINT('Ctrl Pts',(63.2709265569951,-10.0130180391901,9.67827812499995));
#1730=CARTESIAN_POINT('Ctrl Pts',(63.3035876747557,-10.0103546254972,9.67827812499995));
#1731=CARTESIAN_POINT('Ctrl Pts',(63.3347698133481,-10.0040301514822,9.67827812499994));
#1732=CARTESIAN_POINT('Ctrl Pts',(63.3633565887105,-9.99236784545074,9.67827812499995));
#1733=CARTESIAN_POINT('Ctrl Pts',(63.3899937052595,-9.97750944298778,9.67827812499994));
#1734=CARTESIAN_POINT('Ctrl Pts',(63.4145543461638,-9.95751093932782,9.67827812499995));
#1735=CARTESIAN_POINT('Ctrl Pts',(63.4292907307065,-9.94551183713184,9.67827812499995));
#1736=CARTESIAN_POINT('Origin',(61.2278617689526,-8.57408340705144,9.72827812499996));
#1737=CARTESIAN_POINT('',(61.2778617689526,-9.91408340466725,9.77827812499996));
#1738=CARTESIAN_POINT('',(61.2778617689526,-8.19408308995472,9.77827812499996));
#1739=CARTESIAN_POINT('',(61.2778617689526,-8.57408340705144,9.77827812499996));
#1740=CARTESIAN_POINT('',(61.1778617689526,-8.09408308995472,9.67827812499996));
#1741=CARTESIAN_POINT('',(61.2778617689526,-8.19408308995472,9.77827812499996));
#1742=CARTESIAN_POINT('',(61.1778617689526,-10.0140834046672,9.67827812499996));
#1743=CARTESIAN_POINT('',(61.1778617689526,-8.57408340705144,9.67827812499996));
#1744=CARTESIAN_POINT('',(61.1778617689526,-10.0140834046672,9.67827812499996));
#1745=CARTESIAN_POINT('Origin',(62.7350048536575,-8.14408308995472,9.72827812499996));
#1746=CARTESIAN_POINT('',(63.1321478674328,-8.09408308995472,9.67827812499996));
#1747=CARTESIAN_POINT('',(62.7350048536575,-8.09408308995472,9.67827812499996));
#1748=CARTESIAN_POINT('',(63.1275756102345,-8.1940832429459,9.77827812499996));
#1749=CARTESIAN_POINT('',(62.7350048536575,-8.19408308995472,9.77827812499996));
#1750=CARTESIAN_POINT('Ctrl Pts',(63.127574796769,-8.19408712119674,9.77827812499996));
#1751=CARTESIAN_POINT('Ctrl Pts',(63.1283400229232,-8.17744528359945,9.76163579385093));
#1752=CARTESIAN_POINT('Ctrl Pts',(63.1291055908565,-8.16071065226943,9.74490399168672));
#1753=CARTESIAN_POINT('Ctrl Pts',(63.1298652972501,-8.14408350653688,9.72827800605932));
#1754=CARTESIAN_POINT('Ctrl Pts',(63.1306249618927,-8.12745727457728,9.71165293414112));
#1755=CARTESIAN_POINT('Ctrl Pts',(63.131386494861,-8.11077040973867,9.6949654447839));
#1756=CARTESIAN_POINT('Ctrl Pts',(63.1321478674328,-8.09408308995473,9.67827812499995));
#1757=CARTESIAN_POINT('Origin',(61.7578618044174,-9.96408340466725,9.72827812499997));
#1758=CARTESIAN_POINT('',(61.7578618044174,-9.91408340466725,9.77827812499996));
#1759=CARTESIAN_POINT('',(61.7578618044174,-10.0140834046672,9.67827812499996));
#1760=CARTESIAN_POINT('Ctrl Pts',(63.2339306523442,-8.23954936782267,9.77827812499996));
#1761=CARTESIAN_POINT('Ctrl Pts',(63.2243084569613,-8.23154935214763,9.77827812499996));
#1762=CARTESIAN_POINT('Ctrl Pts',(63.2030040427366,-8.21390651297377,9.77827812499996));
#1763=CARTESIAN_POINT('Ctrl Pts',(63.1889442017912,-8.20564608437078,9.77827812499996));
#1764=CARTESIAN_POINT('Ctrl Pts',(63.1805183591457,-8.20223587533193,9.77827812499996));
#1765=CARTESIAN_POINT('Ctrl Pts',(63.1673788775224,-8.19810316785517,9.77827812499996));
#1766=CARTESIAN_POINT('Ctrl Pts',(63.1417525508359,-8.19537857281074,9.77827812499996));
#1767=CARTESIAN_POINT('Ctrl Pts',(63.1230416608804,-8.19366761185559,9.77827812499996));
#1768=CARTESIAN_POINT('Ctrl Pts',(63.2552410658729,-8.21391779771183,9.74494479166662));
#1769=CARTESIAN_POINT('Ctrl Pts',(63.2456100744016,-8.20590198695898,9.74494479166662));
#1770=CARTESIAN_POINT('Ctrl Pts',(63.2233934427485,-8.18749743664029,9.74494479166662));
#1771=CARTESIAN_POINT('Ctrl Pts',(63.2055448809653,-8.17646972721553,9.74494479166662));
#1772=CARTESIAN_POINT('Ctrl Pts',(63.1906990721879,-8.1703637782142,9.74494479166662));
#1773=CARTESIAN_POINT('Ctrl Pts',(63.1722658391857,-8.16495973448334,9.74494479166662));
#1774=CARTESIAN_POINT('Ctrl Pts',(63.1447934958573,-8.16220592308665,9.74494479166663));
#1775=CARTESIAN_POINT('Ctrl Pts',(63.1260770630645,-8.16047277122196,9.74494479166662));
#1776=CARTESIAN_POINT('Ctrl Pts',(63.2765514794016,-8.18828622760099,9.71161145833329));
#1777=CARTESIAN_POINT('Ctrl Pts',(63.2669380801072,-8.18030200700376,9.71161145833329));
#1778=CARTESIAN_POINT('Ctrl Pts',(63.2437948090783,-8.16106367896097,9.71161145833328));
#1779=CARTESIAN_POINT('Ctrl Pts',(63.2221089115508,-8.14725949735965,9.71161145833328));
#1780=CARTESIAN_POINT('Ctrl Pts',(63.2009148488777,-8.13852220347628,9.71161145833328));
#1781=CARTESIAN_POINT('Ctrl Pts',(63.1771566123171,-8.13178908587359,9.71161145833328));
#1782=CARTESIAN_POINT('Ctrl Pts',(63.1478178123666,-8.12896670063395,9.71161145833328));
#1783=CARTESIAN_POINT('Ctrl Pts',(63.1291124652486,-8.12727793058833,9.71161145833328));
#1784=CARTESIAN_POINT('Ctrl Pts',(63.2978618929303,-8.16265465749015,9.67827812499995));
#1785=CARTESIAN_POINT('Ctrl Pts',(63.2882396975474,-8.15465464181511,9.67827812499995));
#1786=CARTESIAN_POINT('Ctrl Pts',(63.2641842090903,-8.13465460262749,9.67827812499995));
#1787=CARTESIAN_POINT('Ctrl Pts',(63.2387095907249,-8.1180831402044,9.67827812499994));
#1788=CARTESIAN_POINT('Ctrl Pts',(63.2110955619199,-8.10665010635855,9.67827812499994));
#1789=CARTESIAN_POINT('Ctrl Pts',(63.1820435739804,-8.09864565250176,9.67827812499994));
#1790=CARTESIAN_POINT('Ctrl Pts',(63.1508587573881,-8.09579405090986,9.67827812499994));
#1791=CARTESIAN_POINT('Ctrl Pts',(63.1321478674326,-8.0940830899547,9.67827812499994));
#1792=CARTESIAN_POINT('',(63.2978618929303,-8.1626546574901,9.67827812499995));
#1793=CARTESIAN_POINT('Ctrl Pts',(63.2978618929303,-8.16265465749015,9.67827812499995));
#1794=CARTESIAN_POINT('Ctrl Pts',(63.2882396975474,-8.15465464181511,9.67827812499995));
#1795=CARTESIAN_POINT('Ctrl Pts',(63.2641842090903,-8.13465460262749,9.67827812499995));
#1796=CARTESIAN_POINT('Ctrl Pts',(63.2387095907249,-8.1180831402044,9.67827812499994));
#1797=CARTESIAN_POINT('Ctrl Pts',(63.2110955619199,-8.10665010635855,9.67827812499994));
#1798=CARTESIAN_POINT('Ctrl Pts',(63.1820435739804,-8.09864565250176,9.67827812499994));
#1799=CARTESIAN_POINT('Ctrl Pts',(63.1508587573881,-8.09579405090986,9.67827812499994));
#1800=CARTESIAN_POINT('Ctrl Pts',(63.1321478674326,-8.0940830899547,9.67827812499994));
#1801=CARTESIAN_POINT('',(63.2266468052776,-8.23350588808981,9.77827812499996));
#1802=CARTESIAN_POINT('Ctrl Pts',(63.1275752457673,-8.19408716329601,9.77827812499996));
#1803=CARTESIAN_POINT('Ctrl Pts',(63.1442431954238,-8.19564999662612,9.77827812499996));
#1804=CARTESIAN_POINT('Ctrl Pts',(63.1680251404467,-8.1983064342926,9.77827812499996));
#1805=CARTESIAN_POINT('Ctrl Pts',(63.1805183591457,-8.20223587533193,9.77827812499996));
#1806=CARTESIAN_POINT('Ctrl Pts',(63.1889442017912,-8.20564608437078,9.77827812499996));
#1807=CARTESIAN_POINT('Ctrl Pts',(63.2015410250606,-8.21304696178083,9.77827812499996));
#1808=CARTESIAN_POINT('Ctrl Pts',(63.2199531743474,-8.22797923879077,9.77827812499996));
#1809=CARTESIAN_POINT('Ctrl Pts',(63.2266457064453,-8.23350721890822,9.77827812499996));
#1810=CARTESIAN_POINT('Ctrl Pts',(63.2266389283569,-8.23350162029041,9.77827812499996));
#1811=CARTESIAN_POINT('Ctrl Pts',(63.2384500151607,-8.22174964117963,9.76169733190893));
#1812=CARTESIAN_POINT('Ctrl Pts',(63.2504844415258,-8.20978415707708,9.74480472592869));
#1813=CARTESIAN_POINT('Ctrl Pts',(63.262255001127,-8.19807734335374,9.72827872066938));
#1814=CARTESIAN_POINT('Ctrl Pts',(63.2740323812677,-8.18636374602901,9.71174313929185));
#1815=CARTESIAN_POINT('Ctrl Pts',(63.285946916669,-8.17450851324485,9.69501050518514));
#1816=CARTESIAN_POINT('Ctrl Pts',(63.2978618929303,-8.16265465749015,9.67827812499995));
#1817=CARTESIAN_POINT('Ctrl Pts',(63.2668043922778,-8.33983128927453,9.77827812499996));
#1818=CARTESIAN_POINT('Ctrl Pts',(63.2651500256103,-8.320677314581,9.77827812499996));
#1819=CARTESIAN_POINT('Ctrl Pts',(63.2624545245326,-8.29436318045557,9.77827812499996));
#1820=CARTESIAN_POINT('Ctrl Pts',(63.2582228964552,-8.28067892371936,9.77827812499997));
#1821=CARTESIAN_POINT('Ctrl Pts',(63.2553147619017,-8.27360117844734,9.77827812499997));
#1822=CARTESIAN_POINT('Ctrl Pts',(63.2488261800904,-8.26108930658005,9.77827812499996));
#1823=CARTESIAN_POINT('Ctrl Pts',(63.2326391803122,-8.2407745157817,9.77827812499996));
#1824=CARTESIAN_POINT('Ctrl Pts',(63.2206394089307,-8.22618959248606,9.77827812499996));
#1825=CARTESIAN_POINT('Ctrl Pts',(63.3000140816738,-8.33696290273572,9.74494479166662));
#1826=CARTESIAN_POINT('Ctrl Pts',(63.2983313379348,-8.31780406296794,9.74494479166662));
#1827=CARTESIAN_POINT('Ctrl Pts',(63.2956340861384,-8.28962766222888,9.74494479166663));
#1828=CARTESIAN_POINT('Ctrl Pts',(63.2901204978568,-8.27060434433962,9.74494479166663));
#1829=CARTESIAN_POINT('Ctrl Pts',(63.2850974949485,-8.25838041465988,9.74494479166663));
#1830=CARTESIAN_POINT('Ctrl Pts',(63.275829372052,-8.24124719660101,9.74494479166663));
#1831=CARTESIAN_POINT('Ctrl Pts',(63.25836368297,-8.21961846521166,9.74494479166662));
#1832=CARTESIAN_POINT('Ctrl Pts',(63.2463802369305,-8.20501128082075,9.74494479166662));
#1833=CARTESIAN_POINT('Ctrl Pts',(63.3332237710697,-8.3340945161969,9.71161145833328));
#1834=CARTESIAN_POINT('Ctrl Pts',(63.3315977814737,-8.31494540657762,9.71161145833328));
#1835=CARTESIAN_POINT('Ctrl Pts',(63.3288422544132,-8.28488438203538,9.71161145833328));
#1836=CARTESIAN_POINT('Ctrl Pts',(63.3220443017105,-8.26047638389817,9.71161145833329));
#1837=CARTESIAN_POINT('Ctrl Pts',(63.3149360604499,-8.24317917675762,9.71161145833329));
#1838=CARTESIAN_POINT('Ctrl Pts',(63.3028580913194,-8.22138989625756,9.71161145833328));
#1839=CARTESIAN_POINT('Ctrl Pts',(63.284137161654,-8.1983956313558,9.71161145833328));
#1840=CARTESIAN_POINT('Ctrl Pts',(63.2721210649304,-8.18383296915543,9.71161145833328));
#1841=CARTESIAN_POINT('Ctrl Pts',(63.3664334604657,-8.33122612965809,9.67827812499994));
#1842=CARTESIAN_POINT('Ctrl Pts',(63.3647790937982,-8.31207215496456,9.67827812499994));
#1843=CARTESIAN_POINT('Ctrl Pts',(63.3620218160189,-8.28014886380869,9.67827812499995));
#1844=CARTESIAN_POINT('Ctrl Pts',(63.353941903112,-8.25040180451843,9.67827812499995));
#1845=CARTESIAN_POINT('Ctrl Pts',(63.3447187934966,-8.22795841297015,9.67827812499995));
#1846=CARTESIAN_POINT('Ctrl Pts',(63.329861283281,-8.20154778627853,9.67827812499994));
#1847=CARTESIAN_POINT('Ctrl Pts',(63.3098616643118,-8.17723958078577,9.67827812499994));
#1848=CARTESIAN_POINT('Ctrl Pts',(63.2978618929302,-8.16265465749011,9.67827812499994));
#1849=CARTESIAN_POINT('',(63.3664334604657,-8.33122612965809,9.67827812499995));
#1850=CARTESIAN_POINT('Ctrl Pts',(63.3664334604657,-8.33122612965809,9.67827812499994));
#1851=CARTESIAN_POINT('Ctrl Pts',(63.3647790937982,-8.31207215496456,9.67827812499994));
#1852=CARTESIAN_POINT('Ctrl Pts',(63.3620218160189,-8.28014886380869,9.67827812499995));
#1853=CARTESIAN_POINT('Ctrl Pts',(63.353941903112,-8.25040180451843,9.67827812499995));
#1854=CARTESIAN_POINT('Ctrl Pts',(63.3447187934966,-8.22795841297015,9.67827812499995));
#1855=CARTESIAN_POINT('Ctrl Pts',(63.329861283281,-8.20154778627853,9.67827812499994));
#1856=CARTESIAN_POINT('Ctrl Pts',(63.3098616643118,-8.17723958078577,9.67827812499994));
#1857=CARTESIAN_POINT('Ctrl Pts',(63.2978618929302,-8.16265465749011,9.67827812499994));
#1858=CARTESIAN_POINT('',(63.2660541961896,-8.33122612965857,9.77827812499996));
#1859=CARTESIAN_POINT('Ctrl Pts',(63.226634528374,-8.23351589737864,9.77827812499996));
#1860=CARTESIAN_POINT('Ctrl Pts',(63.2358836200679,-8.24489303633775,9.77827812499996));
#1861=CARTESIAN_POINT('Ctrl Pts',(63.2494972403438,-8.26238330581599,9.77827812499996));
#1862=CARTESIAN_POINT('Ctrl Pts',(63.2553147619017,-8.27360117844734,9.77827812499997));
#1863=CARTESIAN_POINT('Ctrl Pts',(63.2582228964552,-8.28067892371936,9.77827812499997));
#1864=CARTESIAN_POINT('Ctrl Pts',(63.2620635891498,-8.29309897196456,9.77827812499996));
#1865=CARTESIAN_POINT('Ctrl Pts',(63.2646388718474,-8.31592309038848,9.77827812499996));
#1866=CARTESIAN_POINT('Ctrl Pts',(63.2660406882269,-8.33122734859616,9.77827812499996));
#1867=CARTESIAN_POINT('Ctrl Pts',(63.2660403781669,-8.33122396358057,9.77827812499996));
#1868=CARTESIAN_POINT('Ctrl Pts',(63.2827001431177,-8.33122408397941,9.76168490231165));
#1869=CARTESIAN_POINT('Ctrl Pts',(63.2996327604542,-8.33122525243053,9.74482419281152));
#1870=CARTESIAN_POINT('Ctrl Pts',(63.3162440413655,-8.33122579572265,9.72827862138656));
#1871=CARTESIAN_POINT('Ctrl Pts',(63.3328616120547,-8.33122633922048,9.71172678506426));
#1872=CARTESIAN_POINT('Ctrl Pts',(63.3496468474895,-8.33122612965809,9.69500247108843));
#1873=CARTESIAN_POINT('Ctrl Pts',(63.3664334604657,-8.33122612965809,9.67827812499994));
#1874=CARTESIAN_POINT('Ctrl Pts',(63.2206394089307,-8.43626266683015,9.77827812499996));
#1875=CARTESIAN_POINT('Ctrl Pts',(63.2286392565184,-8.42653938463305,9.77827812499996));
#1876=CARTESIAN_POINT('Ctrl Pts',(63.2463130749664,-8.40497527249391,9.77827812499996));
#1877=CARTESIAN_POINT('Ctrl Pts',(63.2546982287579,-8.3906188122767,9.77827812499996));
#1878=CARTESIAN_POINT('Ctrl Pts',(63.2582503010213,-8.38178653233199,9.77827812499996));
#1879=CARTESIAN_POINT('Ctrl Pts',(63.2624884634817,-8.36809854619441,9.77827812499996));
#1880=CARTESIAN_POINT('Ctrl Pts',(63.2651500256103,-8.34177494473518,9.77827812499996));
#1881=CARTESIAN_POINT('Ctrl Pts',(63.2668043922778,-8.32262097004165,9.77827812499996));
#1882=CARTESIAN_POINT('Ctrl Pts',(63.2463802369305,-8.45744097849545,9.74494479166662));
#1883=CARTESIAN_POINT('Ctrl Pts',(63.2543955166075,-8.44770924176411,9.74494479166662));
#1884=CARTESIAN_POINT('Ctrl Pts',(63.2728210059177,-8.42523477992759,9.74494479166663));
#1885=CARTESIAN_POINT('Ctrl Pts',(63.2839321564474,-8.40711023342237,9.74494479166662));
#1886=CARTESIAN_POINT('Ctrl Pts',(63.2901573628901,-8.39186283043152,9.74494479166662));
#1887=CARTESIAN_POINT('Ctrl Pts',(63.295657337963,-8.3728321319765,9.74494479166662));
#1888=CARTESIAN_POINT('Ctrl Pts',(63.2983369093129,-8.34464920155075,9.74494479166662));
#1889=CARTESIAN_POINT('Ctrl Pts',(63.3000140816738,-8.32548935658046,9.74494479166662));
#1890=CARTESIAN_POINT('Ctrl Pts',(63.2721210649304,-8.47861929016075,9.71161145833328));
#1891=CARTESIAN_POINT('Ctrl Pts',(63.2801054804289,-8.46890446249789,9.71161145833328));
#1892=CARTESIAN_POINT('Ctrl Pts',(63.2993534285359,-8.44550660670253,9.71161145833328));
#1893=CARTESIAN_POINT('Ctrl Pts',(63.3131989782645,-8.4235648733652,9.71161145833328));
#1894=CARTESIAN_POINT('Ctrl Pts',(63.3220348412432,-8.40197415669823,9.71161145833328));
#1895=CARTESIAN_POINT('Ctrl Pts',(63.3288529415377,-8.37756980972541,9.71161145833329));
#1896=CARTESIAN_POINT('Ctrl Pts',(63.3315922100955,-8.34750584753606,9.71161145833328));
#1897=CARTESIAN_POINT('Ctrl Pts',(63.3332237710697,-8.32835774311928,9.71161145833328));
#1898=CARTESIAN_POINT('Ctrl Pts',(63.2978618929302,-8.49979760182605,9.67827812499995));
#1899=CARTESIAN_POINT('Ctrl Pts',(63.3058617405179,-8.49007431962895,9.67827812499994));
#1900=CARTESIAN_POINT('Ctrl Pts',(63.3258613594872,-8.46576611413621,9.67827812499995));
#1901=CARTESIAN_POINT('Ctrl Pts',(63.342432905954,-8.44005629451087,9.67827812499994));
#1902=CARTESIAN_POINT('Ctrl Pts',(63.353941903112,-8.41205045479776,9.67827812499994));
#1903=CARTESIAN_POINT('Ctrl Pts',(63.3620218160189,-8.3823033955075,9.67827812499995));
#1904=CARTESIAN_POINT('Ctrl Pts',(63.3647790937981,-8.35038010435162,9.67827812499995));
#1905=CARTESIAN_POINT('Ctrl Pts',(63.3664334604657,-8.33122612965809,9.67827812499995));
#1906=CARTESIAN_POINT('',(63.2978618929303,-8.49979760182606,9.67827812499994));
#1907=CARTESIAN_POINT('Ctrl Pts',(63.2978618929302,-8.49979760182605,9.67827812499995));
#1908=CARTESIAN_POINT('Ctrl Pts',(63.3058617405179,-8.49007431962895,9.67827812499994));
#1909=CARTESIAN_POINT('Ctrl Pts',(63.3258613594872,-8.46576611413621,9.67827812499995));
#1910=CARTESIAN_POINT('Ctrl Pts',(63.342432905954,-8.44005629451087,9.67827812499994));
#1911=CARTESIAN_POINT('Ctrl Pts',(63.353941903112,-8.41205045479776,9.67827812499994));
#1912=CARTESIAN_POINT('Ctrl Pts',(63.3620218160189,-8.3823033955075,9.67827812499995));
#1913=CARTESIAN_POINT('Ctrl Pts',(63.3647790937981,-8.35038010435162,9.67827812499995));
#1914=CARTESIAN_POINT('Ctrl Pts',(63.3664334604657,-8.33122612965809,9.67827812499995));
#1915=CARTESIAN_POINT('',(63.2266469123883,-8.42894624023844,9.77827812499996));
#1916=CARTESIAN_POINT('Ctrl Pts',(63.2660420320827,-8.33122503383107,9.77827812499996));
#1917=CARTESIAN_POINT('Ctrl Pts',(63.2646448129364,-8.34653072870656,9.77827812499996));
#1918=CARTESIAN_POINT('Ctrl Pts',(63.2620969362617,-8.36936306099544,9.77827812499996));
#1919=CARTESIAN_POINT('Ctrl Pts',(63.2582503010213,-8.38178653233199,9.77827812499996));
#1920=CARTESIAN_POINT('Ctrl Pts',(63.2546982287579,-8.3906188122767,9.77827812499996));
#1921=CARTESIAN_POINT('Ctrl Pts',(63.247179865064,-8.40349121652288,9.77827812499996));
#1922=CARTESIAN_POINT('Ctrl Pts',(63.2321939558215,-8.42215815324657,9.77827812499996));
#1923=CARTESIAN_POINT('Ctrl Pts',(63.2266456193703,-8.42894518358137,9.77827812499996));
#1924=CARTESIAN_POINT('Ctrl Pts',(63.2266509784748,-8.42893862799539,9.77827812499996));
#1925=CARTESIAN_POINT('Ctrl Pts',(63.2384630835976,-8.44069021822698,9.76169687508946));
#1926=CARTESIAN_POINT('Ctrl Pts',(63.2504903684719,-8.45266350087488,9.74480379748134));
#1927=CARTESIAN_POINT('Ctrl Pts',(63.2622577715813,-8.46437416639437,9.7282772999473));
#1928=CARTESIAN_POINT('Ctrl Pts',(63.2740312800145,-8.47609090780033,9.71174222791144));
#1929=CARTESIAN_POINT('Ctrl Pts',(63.2859471781667,-8.48794396646789,9.69501016322132));
#1930=CARTESIAN_POINT('Ctrl Pts',(63.2978618929302,-8.49979760182605,9.67827812499995));
#1931=CARTESIAN_POINT('Ctrl Pts',(63.1230416122375,-8.46878435388538,9.77827812499996));
#1932=CARTESIAN_POINT('Ctrl Pts',(63.1417524959068,-8.46707338428913,9.77827812499996));
#1933=CARTESIAN_POINT('Ctrl Pts',(63.167378836971,-8.46434877939052,9.77827812499996));
#1934=CARTESIAN_POINT('Ctrl Pts',(63.1805184160861,-8.46021605776181,9.77827812499997));
#1935=CARTESIAN_POINT('Ctrl Pts',(63.1889443745819,-8.45680581080903,9.77827812499997));
#1936=CARTESIAN_POINT('Ctrl Pts',(63.2030042721158,-8.44854538111444,9.77827812499996));
#1937=CARTESIAN_POINT('Ctrl Pts',(63.2243087089675,-8.43090264306386,9.77827812499996));
#1938=CARTESIAN_POINT('Ctrl Pts',(63.2339309102639,-8.42290267705655,9.77827812499996));
#1939=CARTESIAN_POINT('Ctrl Pts',(63.1260770306359,-8.50197919303634,9.74494479166662));
#1940=CARTESIAN_POINT('Ctrl Pts',(63.1447934570087,-8.50024603274013,9.74494479166662));
#1941=CARTESIAN_POINT('Ctrl Pts',(63.172265806559,-8.49749220991102,9.74494479166663));
#1942=CARTESIAN_POINT('Ctrl Pts',(63.1906991075558,-8.4920881601557,9.74494479166663));
#1943=CARTESIAN_POINT('Ctrl Pts',(63.2055449899636,-8.48598220014451,9.74494479166663));
#1944=CARTESIAN_POINT('Ctrl Pts',(63.2233935888406,-8.47495452137763,9.74494479166663));
#1945=CARTESIAN_POINT('Ctrl Pts',(63.2456102406022,-8.45655007935957,9.74494479166662));
#1946=CARTESIAN_POINT('Ctrl Pts',(63.2552412378193,-8.44853431864638,9.74494479166662));
#1947=CARTESIAN_POINT('Ctrl Pts',(63.1291124490343,-8.5351740321873,9.71161145833328));
#1948=CARTESIAN_POINT('Ctrl Pts',(63.14781779,-8.533485253291,9.71161145833329));
#1949=CARTESIAN_POINT('Ctrl Pts',(63.1771565876294,-8.53066285522775,9.71161145833328));
#1950=CARTESIAN_POINT('Ctrl Pts',(63.2009148620687,-8.52392974101905,9.71161145833328));
#1951=CARTESIAN_POINT('Ctrl Pts',(63.2221089576027,-8.5151924615638,9.71161145833329));
#1952=CARTESIAN_POINT('Ctrl Pts',(63.2437948716683,-8.50138834258839,9.71161145833328));
#1953=CARTESIAN_POINT('Ctrl Pts',(63.2669381599992,-8.48215013153763,9.71161145833328));
#1954=CARTESIAN_POINT('Ctrl Pts',(63.2765515653748,-8.47416596023621,9.71161145833328));
#1955=CARTESIAN_POINT('Ctrl Pts',(63.1321478674326,-8.56836887133826,9.67827812499995));
#1956=CARTESIAN_POINT('Ctrl Pts',(63.1508587511019,-8.566657901742,9.67827812499995));
#1957=CARTESIAN_POINT('Ctrl Pts',(63.1820435572174,-8.56380628574825,9.67827812499995));
#1958=CARTESIAN_POINT('Ctrl Pts',(63.2110955535384,-8.55580184341294,9.67827812499995));
#1959=CARTESIAN_POINT('Ctrl Pts',(63.2387095729844,-8.54436885089928,9.67827812499995));
#1960=CARTESIAN_POINT('Ctrl Pts',(63.2641841883931,-8.52779748285158,9.67827812499994));
#1961=CARTESIAN_POINT('Ctrl Pts',(63.2882396916339,-8.50779756783334,9.67827812499994));
#1962=CARTESIAN_POINT('Ctrl Pts',(63.2978618929303,-8.49979760182604,9.67827812499994));
#1963=CARTESIAN_POINT('',(63.1321478674328,-8.56836887133824,9.67827812499995));
#1964=CARTESIAN_POINT('Ctrl Pts',(63.1321478674326,-8.56836887133826,9.67827812499995));
#1965=CARTESIAN_POINT('Ctrl Pts',(63.1508587511019,-8.566657901742,9.67827812499995));
#1966=CARTESIAN_POINT('Ctrl Pts',(63.1820435572174,-8.56380628574825,9.67827812499995));
#1967=CARTESIAN_POINT('Ctrl Pts',(63.2110955535384,-8.55580184341294,9.67827812499995));
#1968=CARTESIAN_POINT('Ctrl Pts',(63.2387095729844,-8.54436885089928,9.67827812499995));
#1969=CARTESIAN_POINT('Ctrl Pts',(63.2641841883931,-8.52779748285158,9.67827812499994));
#1970=CARTESIAN_POINT('Ctrl Pts',(63.2882396916339,-8.50779756783334,9.67827812499994));
#1971=CARTESIAN_POINT('Ctrl Pts',(63.2978618929303,-8.49979760182604,9.67827812499994));
#1972=CARTESIAN_POINT('',(63.1275739251517,-8.46836887133824,9.77827812499996));
#1973=CARTESIAN_POINT('Ctrl Pts',(63.2266458135513,-8.42894490940491,9.77827812499996));
#1974=CARTESIAN_POINT('Ctrl Pts',(63.2199533331156,-8.43447280798081,9.77827812499996));
#1975=CARTESIAN_POINT('Ctrl Pts',(63.2015412183933,-8.44940495013944,9.77827812499996));
#1976=CARTESIAN_POINT('Ctrl Pts',(63.1889443745819,-8.45680581080903,9.77827812499997));
#1977=CARTESIAN_POINT('Ctrl Pts',(63.1805184160861,-8.46021605776181,9.77827812499997));
#1978=CARTESIAN_POINT('Ctrl Pts',(63.1680248680512,-8.4641455866859,9.77827812499996));
#1979=CARTESIAN_POINT('Ctrl Pts',(63.1442422411849,-8.46680206012652,9.77827812499996));
#1980=CARTESIAN_POINT('Ctrl Pts',(63.1275735609348,-8.46836495367023,9.77827812499996));
#1981=CARTESIAN_POINT('Ctrl Pts',(63.1275747722077,-8.46836484009809,9.77827812499996));
#1982=CARTESIAN_POINT('Ctrl Pts',(63.1283399975843,-8.4850065715103,9.76163590004873));
#1983=CARTESIAN_POINT('Ctrl Pts',(63.1291055647644,-8.50174109569924,9.74490420498469));
#1984=CARTESIAN_POINT('Ctrl Pts',(63.1298652703402,-8.51836813386093,9.72827832693209));
#1985=CARTESIAN_POINT('Ctrl Pts',(63.1306249440232,-8.53499447401154,9.71165314684188));
#1986=CARTESIAN_POINT('Ctrl Pts',(63.131386486158,-8.55168145031858,9.6949655460196));
#1987=CARTESIAN_POINT('Ctrl Pts',(63.1321478674328,-8.56836887133822,9.67827812499996));
#1988=CARTESIAN_POINT('Origin',(61.9150046819961,-8.51836887133824,9.72827812499996));
#1989=CARTESIAN_POINT('',(61.9150046819961,-8.56836887133823,9.67827812499996));
#1990=CARTESIAN_POINT('',(61.9150046819961,-8.46836887133824,9.77827812499996));
#1991=CARTESIAN_POINT('Origin',(63.2578621098912,-9.53979762328373,9.77827812499994));
#1992=CARTESIAN_POINT('',(63.2578621098912,-9.53979762328373,9.17827812499995));
#1993=CARTESIAN_POINT('',(63.2578621098912,-9.53979762328373,9.77827812499994));
#1994=CARTESIAN_POINT('',(61.4921475241101,-9.53979762328373,9.17827812499994));
#1995=CARTESIAN_POINT('',(63.2578621098912,-9.53979762328373,9.17827812499995));
#1996=CARTESIAN_POINT('',(61.4921475241101,-9.53979762328373,9.77827812499994));
#1997=CARTESIAN_POINT('Ctrl Pts',(63.4292907307065,-9.60836919081913,9.77827812499994));
#1998=CARTESIAN_POINT('Ctrl Pts',(63.4292907307065,-9.60836919081913,9.17827812499995));
#1999=CARTESIAN_POINT('Ctrl Pts',(63.4047299886371,-9.58837068663071,9.77827812499994));
#2000=CARTESIAN_POINT('Ctrl Pts',(63.4047299886371,-9.58837068663071,9.17827812499995));
#2001=CARTESIAN_POINT('Ctrl Pts',(63.354782781544,-9.54770133602911,9.77827812499994));
#2002=CARTESIAN_POINT('Ctrl Pts',(63.354782781544,-9.54770133602911,9.17827812499995));
#2003=CARTESIAN_POINT('Ctrl Pts',(63.2905231122273,-9.54246107140103,9.77827812499994));
#2004=CARTESIAN_POINT('Ctrl Pts',(63.2905231122273,-9.54246107140103,9.17827812499995));
#2005=CARTESIAN_POINT('Ctrl Pts',(63.2578621098912,-9.53979762328373,9.77827812499994));
#2006=CARTESIAN_POINT('Ctrl Pts',(63.2578621098912,-9.53979762328373,9.17827812499995));
#2007=CARTESIAN_POINT('',(63.4292907307065,-9.60836919081913,9.17827812499995));
#2008=CARTESIAN_POINT('',(63.4292907307065,-9.60836919081913,9.77827812499994));
#2009=CARTESIAN_POINT('Ctrl Pts',(63.4292907307065,-9.60836919081913,9.17827812499995));
#2010=CARTESIAN_POINT('Ctrl Pts',(63.4047299886371,-9.58837068663071,9.17827812499995));
#2011=CARTESIAN_POINT('Ctrl Pts',(63.354782781544,-9.54770133602911,9.17827812499995));
#2012=CARTESIAN_POINT('Ctrl Pts',(63.2905231122273,-9.54246107140103,9.17827812499995));
#2013=CARTESIAN_POINT('Ctrl Pts',(63.2578621098912,-9.53979762328373,9.17827812499995));
#2014=CARTESIAN_POINT('Ctrl Pts',(63.4978620002186,-9.7769406629871,9.77827812499994));
#2015=CARTESIAN_POINT('Ctrl Pts',(63.4978620002186,-9.7769406629871,9.17827812499995));
#2016=CARTESIAN_POINT('Ctrl Pts',(63.4951048434196,-9.74501736837851,9.77827812499994));
#2017=CARTESIAN_POINT('Ctrl Pts',(63.4951048434196,-9.74501736837851,9.17827812499995));
#2018=CARTESIAN_POINT('Ctrl Pts',(63.489637688445,-9.68171679766413,9.77827812499994));
#2019=CARTESIAN_POINT('Ctrl Pts',(63.489637688445,-9.68171679766413,9.17827812499995));
#2020=CARTESIAN_POINT('Ctrl Pts',(63.4492903739039,-9.63267739161763,9.77827812499994));
#2021=CARTESIAN_POINT('Ctrl Pts',(63.4492903739039,-9.63267739161763,9.17827812499995));
#2022=CARTESIAN_POINT('Ctrl Pts',(63.4292907307065,-9.60836919081913,9.77827812499994));
#2023=CARTESIAN_POINT('Ctrl Pts',(63.4292907307065,-9.60836919081913,9.17827812499995));
#2024=CARTESIAN_POINT('',(63.4978620002186,-9.7769406629871,9.17827812499995));
#2025=CARTESIAN_POINT('',(63.4978620002186,-9.7769406629871,9.77827812499994));
#2026=CARTESIAN_POINT('Ctrl Pts',(63.4978620002186,-9.7769406629871,9.17827812499995));
#2027=CARTESIAN_POINT('Ctrl Pts',(63.4951048434196,-9.74501736837851,9.17827812499995));
#2028=CARTESIAN_POINT('Ctrl Pts',(63.489637688445,-9.68171679766413,9.17827812499995));
#2029=CARTESIAN_POINT('Ctrl Pts',(63.4492903739039,-9.63267739161763,9.17827812499995));
#2030=CARTESIAN_POINT('Ctrl Pts',(63.4292907307065,-9.60836919081913,9.17827812499995));
#2031=CARTESIAN_POINT('Ctrl Pts',(63.4292907307065,-9.94551183713184,9.77827812499994));
#2032=CARTESIAN_POINT('Ctrl Pts',(63.4292907307065,-9.94551183713184,9.17827812499995));
#2033=CARTESIAN_POINT('Ctrl Pts',(63.4492902254951,-9.92120371936053,9.77827812499994));
#2034=CARTESIAN_POINT('Ctrl Pts',(63.4492902254951,-9.92120371936053,9.17827812499995));
#2035=CARTESIAN_POINT('Ctrl Pts',(63.489637343834,-9.87216435538263,9.77827812499994));
#2036=CARTESIAN_POINT('Ctrl Pts',(63.489637343834,-9.87216435538263,9.17827812499995));
#2037=CARTESIAN_POINT('Ctrl Pts',(63.4951047232827,-9.8088639529727,9.77827812499994));
#2038=CARTESIAN_POINT('Ctrl Pts',(63.4951047232827,-9.8088639529727,9.17827812499995));
#2039=CARTESIAN_POINT('Ctrl Pts',(63.4978620002186,-9.7769406629871,9.77827812499994));
#2040=CARTESIAN_POINT('Ctrl Pts',(63.4978620002186,-9.7769406629871,9.17827812499995));
#2041=CARTESIAN_POINT('',(63.4292907307065,-9.94551183713184,9.17827812499995));
#2042=CARTESIAN_POINT('',(63.4292907307065,-9.94551183713184,9.77827812499994));
#2043=CARTESIAN_POINT('Ctrl Pts',(63.4292907307065,-9.94551183713184,9.17827812499995));
#2044=CARTESIAN_POINT('Ctrl Pts',(63.4492902254951,-9.92120371936053,9.17827812499995));
#2045=CARTESIAN_POINT('Ctrl Pts',(63.489637343834,-9.87216435538263,9.17827812499995));
#2046=CARTESIAN_POINT('Ctrl Pts',(63.4951047232827,-9.8088639529727,9.17827812499995));
#2047=CARTESIAN_POINT('Ctrl Pts',(63.4978620002186,-9.7769406629871,9.17827812499995));
#2048=CARTESIAN_POINT('Ctrl Pts',(63.2578621098912,-10.0140834046672,9.77827812499994));
#2049=CARTESIAN_POINT('Ctrl Pts',(63.2578621098912,-10.0140834046672,9.17827812499995));
#2050=CARTESIAN_POINT('Ctrl Pts',(63.2905232276516,-10.0114199909743,9.77827812499994));
#2051=CARTESIAN_POINT('Ctrl Pts',(63.2905232276516,-10.0114199909743,9.17827812499995));
#2052=CARTESIAN_POINT('Ctrl Pts',(63.3547829428674,-10.0061798088512,9.77827812499994));
#2053=CARTESIAN_POINT('Ctrl Pts',(63.3547829428674,-10.0061798088512,9.17827812499995));
#2054=CARTESIAN_POINT('Ctrl Pts',(63.4047300898021,-9.9655103407918,9.77827812499994));
#2055=CARTESIAN_POINT('Ctrl Pts',(63.4047300898021,-9.9655103407918,9.17827812499995));
#2056=CARTESIAN_POINT('Ctrl Pts',(63.4292907307065,-9.94551183713184,9.77827812499994));
#2057=CARTESIAN_POINT('Ctrl Pts',(63.4292907307065,-9.94551183713184,9.17827812499995));
#2058=CARTESIAN_POINT('',(63.2578621098912,-10.0140834046672,9.17827812499995));
#2059=CARTESIAN_POINT('',(63.2578621098912,-10.0140834046672,9.77827812499994));
#2060=CARTESIAN_POINT('Ctrl Pts',(63.2578621098912,-10.0140834046672,9.17827812499995));
#2061=CARTESIAN_POINT('Ctrl Pts',(63.2905232276516,-10.0114199909743,9.17827812499995));
#2062=CARTESIAN_POINT('Ctrl Pts',(63.3547829428674,-10.0061798088512,9.17827812499995));
#2063=CARTESIAN_POINT('Ctrl Pts',(63.4047300898021,-9.9655103407918,9.17827812499995));
#2064=CARTESIAN_POINT('Ctrl Pts',(63.4292907307065,-9.94551183713184,9.17827812499995));
#2065=CARTESIAN_POINT('Origin',(61.1778617689526,-10.0140834046672,9.77827812499994));
#2066=CARTESIAN_POINT('',(61.1778617689526,-10.0140834046672,9.17827812499994));
#2067=CARTESIAN_POINT('',(61.1778617689526,-10.0140834046672,9.77827812499994));
#2068=CARTESIAN_POINT('',(61.1778617689526,-10.0140834046672,9.17827812499994));
#2069=CARTESIAN_POINT('Origin',(61.1778617689526,-8.09408308995472,9.77827812499994));
#2070=CARTESIAN_POINT('',(61.1778617689526,-8.09408308995472,9.17827812499994));
#2071=CARTESIAN_POINT('',(61.1778617689526,-8.09408308995472,9.77827812499994));
#2072=CARTESIAN_POINT('',(61.1778617689526,-8.09408308995472,9.17827812499994));
#2073=CARTESIAN_POINT('Origin',(62.3378618398821,-9.05408372414816,9.77827812499996));
#2074=CARTESIAN_POINT('Ctrl Pts',(64.2429781445759,-10.7624195252492,9.77827812499997));
#2075=CARTESIAN_POINT('Ctrl Pts',(64.2406034118492,-10.7643821895292,9.77827812499997));
#2076=CARTESIAN_POINT('Ctrl Pts',(64.2382291664836,-10.7663465118727,9.77827812499997));
#2077=CARTESIAN_POINT('Ctrl Pts',(64.1077605157503,-10.8740082523425,9.77827812499994));
#2078=CARTESIAN_POINT('Ctrl Pts',(63.9732555371122,-10.9874108037654,9.77827812499996));
#2079=CARTESIAN_POINT('Ctrl Pts',(63.6416472531666,-11.1240677931494,9.77827812499996));
#2080=CARTESIAN_POINT('Ctrl Pts',(63.4664787776709,-11.1383955962051,9.77827812499995));
#2081=CARTESIAN_POINT('Ctrl Pts',(63.2997580186312,-11.1538058729539,9.77827812499997));
#2082=CARTESIAN_POINT('Ctrl Pts',(63.2982394891916,-11.1539442730163,9.77827812499997));
#2083=CARTESIAN_POINT('Ctrl Pts',(63.2967213634024,-11.1540834261249,9.77827812499997));
#2084=CARTESIAN_POINT('Ctrl Pts',(64.2217427920741,-10.7367257338739,9.74494479166663));
#2085=CARTESIAN_POINT('Ctrl Pts',(64.2193706696613,-10.7386953797247,9.74494479166663));
#2086=CARTESIAN_POINT('Ctrl Pts',(64.216990961086,-10.7406453197595,9.74494479166663));
#2087=CARTESIAN_POINT('Ctrl Pts',(64.0866090841853,-10.8484975403365,9.7449447916666));
#2088=CARTESIAN_POINT('Ctrl Pts',(63.9541431451733,-10.9592723439259,9.74494479166662));
#2089=CARTESIAN_POINT('Ctrl Pts',(63.6353788440971,-11.0906356127845,9.74494479166662));
#2090=CARTESIAN_POINT('Ctrl Pts',(63.4635055795801,-11.1053907673923,9.74494479166661));
#2091=CARTESIAN_POINT('Ctrl Pts',(63.2967127589557,-11.1206058908927,9.74494479166663));
#2092=CARTESIAN_POINT('Ctrl Pts',(63.2951995620715,-11.1207558801892,9.74494479166663));
#2093=CARTESIAN_POINT('Ctrl Pts',(63.2936787476987,-11.1208892459002,9.74494479166663));
#2094=CARTESIAN_POINT('Ctrl Pts',(64.2005074395723,-10.7110319424987,9.71161145833329));
#2095=CARTESIAN_POINT('Ctrl Pts',(64.1981300965318,-10.7129876252078,9.71161145833329));
#2096=CARTESIAN_POINT('Ctrl Pts',(64.1957608270148,-10.7149646717965,9.71161145833329));
#2097=CARTESIAN_POINT('Ctrl Pts',(64.0652459016199,-10.8225701854416,9.71161145833324));
#2098=CARTESIAN_POINT('Ctrl Pts',(63.9351534431592,-10.9310312627475,9.71161145833328));
#2099=CARTESIAN_POINT('Ctrl Pts',(63.6289517843606,-11.0572183543742,9.71161145833327));
#2100=CARTESIAN_POINT('Ctrl Pts',(63.460388832566,-11.0719396288798,9.71161145833327));
#2101=CARTESIAN_POINT('Ctrl Pts',(63.2936750275451,-11.0874225612947,9.71161145833329));
#2102=CARTESIAN_POINT('Ctrl Pts',(63.2921515692006,-11.0875501251693,9.71161145833329));
#2103=CARTESIAN_POINT('Ctrl Pts',(63.290636131995,-11.0876950656755,9.71161145833329));
#2104=CARTESIAN_POINT('Ctrl Pts',(64.1792720870706,-10.6853381511234,9.67827812499995));
#2105=CARTESIAN_POINT('Ctrl Pts',(64.1768973543439,-10.6873008154033,9.67827812499995));
#2106=CARTESIAN_POINT('Ctrl Pts',(64.1745226216172,-10.6892634796833,9.67827812499995));
#2107=CARTESIAN_POINT('Ctrl Pts',(64.0440944700549,-10.7970594734356,9.6782781249999));
#2108=CARTESIAN_POINT('Ctrl Pts',(63.9160410512204,-10.902892802908,9.67827812499994));
#2109=CARTESIAN_POINT('Ctrl Pts',(63.6226833752911,-11.0237861740093,9.67827812499993));
#2110=CARTESIAN_POINT('Ctrl Pts',(63.4574156344751,-11.038934800067,9.67827812499993));
#2111=CARTESIAN_POINT('Ctrl Pts',(63.2906297678697,-11.0542225792335,9.67827812499995));
#2112=CARTESIAN_POINT('Ctrl Pts',(63.2891116420805,-11.0543617323422,9.67827812499995));
#2113=CARTESIAN_POINT('Ctrl Pts',(63.2875935162914,-11.0545008854508,9.67827812499995));
#2114=CARTESIAN_POINT('',(63.2921478936589,-11.0540834261249,9.67827812499994));
#2115=CARTESIAN_POINT('',(63.2967308697389,-11.1540825547635,9.77827812499997));
#2116=CARTESIAN_POINT('Ctrl Pts',(63.2921478936589,-11.0540834261249,9.67827812499995));
#2117=CARTESIAN_POINT('Ctrl Pts',(63.2932322138658,-11.0777414790527,9.70193341668283));
#2118=CARTESIAN_POINT('Ctrl Pts',(63.2943155271688,-11.1013957575956,9.72559080862199));
#2119=CARTESIAN_POINT('Ctrl Pts',(63.295400341158,-11.125053249242,9.74924807587959));
#2120=CARTESIAN_POINT('Ctrl Pts',(63.2958440728327,-11.1347300956816,9.75892483053544));
#2121=CARTESIAN_POINT('Ctrl Pts',(63.2962873960878,-11.1444060901995,9.7686015643304));
#2122=CARTESIAN_POINT('Ctrl Pts',(63.2967308697394,-11.1540825547686,9.77827812499484));
#2123=CARTESIAN_POINT('',(64.2429781445758,-10.7624195252493,9.77827812499996));
#2124=CARTESIAN_POINT('Ctrl Pts',(63.2967308697442,-11.1540825547733,9.77827812499997));
#2125=CARTESIAN_POINT('Ctrl Pts',(63.29824582843,-11.1539436952442,9.77827812499997));
#2126=CARTESIAN_POINT('Ctrl Pts',(63.2997611861731,-11.1538055801728,9.77827812499997));
#2127=CARTESIAN_POINT('Ctrl Pts',(63.4664787776709,-11.1383955962051,9.77827812499995));
#2128=CARTESIAN_POINT('Ctrl Pts',(63.6416472531666,-11.1240677931494,9.77827812499996));
#2129=CARTESIAN_POINT('Ctrl Pts',(63.9732555371122,-10.9874108037654,9.77827812499996));
#2130=CARTESIAN_POINT('Ctrl Pts',(64.1077605157503,-10.8740082523425,9.77827812499994));
#2131=CARTESIAN_POINT('Ctrl Pts',(64.2382291664836,-10.7663465118727,9.77827812499997));
#2132=CARTESIAN_POINT('Ctrl Pts',(64.2406034118492,-10.7643821895292,9.77827812499997));
#2133=CARTESIAN_POINT('Ctrl Pts',(64.2429781445759,-10.7624195252492,9.77827812499997));
#2134=CARTESIAN_POINT('',(64.1721478888905,-10.6912261439632,9.67827812499995));
#2135=CARTESIAN_POINT('Ctrl Pts',(64.2429781445759,-10.7624195252492,9.77827812499996));
#2136=CARTESIAN_POINT('Ctrl Pts',(64.2311731432274,-10.7505540031788,9.76161151659333));
#2137=CARTESIAN_POINT('Ctrl Pts',(64.2193681418789,-10.7386884811085,9.7449449081867));
#2138=CARTESIAN_POINT('Ctrl Pts',(64.1957580566505,-10.7149573540131,9.71161157485337));
#2139=CARTESIAN_POINT('Ctrl Pts',(64.1839529727705,-10.7030917489882,9.69494484992666));
#2140=CARTESIAN_POINT('Ctrl Pts',(64.1721478888905,-10.6912261439632,9.67827812499996));
#2141=CARTESIAN_POINT('Ctrl Pts',(64.1721478888905,-10.6912261439632,9.67827812499995));
#2142=CARTESIAN_POINT('Ctrl Pts',(64.0440944700549,-10.7970594734356,9.6782781249999));
#2143=CARTESIAN_POINT('Ctrl Pts',(63.9160410512204,-10.902892802908,9.67827812499994));
#2144=CARTESIAN_POINT('Ctrl Pts',(63.6226833752911,-11.0237861740093,9.67827812499993));
#2145=CARTESIAN_POINT('Ctrl Pts',(63.4574156344751,-11.038934800067,9.67827812499993));
#2146=CARTESIAN_POINT('Ctrl Pts',(63.2921478936589,-11.0540834261249,9.67827812499995));
#2147=CARTESIAN_POINT('Ctrl Pts',(64.6382722857999,-9.80835373268073,9.77827812499996));
#2148=CARTESIAN_POINT('Ctrl Pts',(64.6379999897873,-9.81136287097205,9.77827812499996));
#2149=CARTESIAN_POINT('Ctrl Pts',(64.6377292152708,-9.81437283949994,9.77827812499996));
#2150=CARTESIAN_POINT('Ctrl Pts',(64.6222517325571,-9.98394027195191,9.77827812499999));
#2151=CARTESIAN_POINT('Ctrl Pts',(64.6080435569359,-10.1606026782729,9.77827812499996));
#2152=CARTESIAN_POINT('Ctrl Pts',(64.469766801128,-10.4933890866906,9.77827812499997));
#2153=CARTESIAN_POINT('Ctrl Pts',(64.3554340230901,-10.6275583588238,9.77827812499995));
#2154=CARTESIAN_POINT('Ctrl Pts',(64.2469293924837,-10.7576906986246,9.77827812499996));
#2155=CARTESIAN_POINT('Ctrl Pts',(64.2449529265346,-10.7600548597731,9.77827812499996));
#2156=CARTESIAN_POINT('Ctrl Pts',(64.2429781445758,-10.7624195252493,9.77827812499996));
#2157=CARTESIAN_POINT('Ctrl Pts',(64.6050745931124,-9.80534968352391,9.74494479166663));
#2158=CARTESIAN_POINT('Ctrl Pts',(64.6048092098891,-9.80836198579432,9.74494479166663));
#2159=CARTESIAN_POINT('Ctrl Pts',(64.6045241525868,-9.81136550804575,9.74494479166662));
#2160=CARTESIAN_POINT('Ctrl Pts',(64.5892480952057,-9.98100822063713,9.74494479166665));
#2161=CARTESIAN_POINT('Ctrl Pts',(64.574593226496,-10.1543308883235,9.74494479166663));
#2162=CARTESIAN_POINT('Ctrl Pts',(64.441705700277,-10.4741419309237,9.74494479166663));
#2163=CARTESIAN_POINT('Ctrl Pts',(64.3300357336035,-10.6062787953386,9.74494479166661));
#2164=CARTESIAN_POINT('Ctrl Pts',(64.2213369668413,-10.7363212670112,9.74494479166663));
#2165=CARTESIAN_POINT('Ctrl Pts',(64.2193751940986,-10.7386911193479,9.74494479166663));
#2166=CARTESIAN_POINT('Ctrl Pts',(64.2173932773886,-10.7410530636301,9.74494479166663));
#2167=CARTESIAN_POINT('Ctrl Pts',(64.5718769004249,-9.8023456343671,9.71161145833329));
#2168=CARTESIAN_POINT('Ctrl Pts',(64.571597691623,-9.80535160867935,9.71161145833329));
#2169=CARTESIAN_POINT('Ctrl Pts',(64.5713396783962,-9.80836719324713,9.71161145833329));
#2170=CARTESIAN_POINT('Ctrl Pts',(64.5557879704517,-9.97792760753406,9.71161145833327));
#2171=CARTESIAN_POINT('Ctrl Pts',(64.5411566769413,-10.1478939023037,9.71161145833328));
#2172=CARTESIAN_POINT('Ctrl Pts',(64.4135418423528,-10.4550218919111,9.71161145833328));
#2173=CARTESIAN_POINT('Ctrl Pts',(64.3042126046826,-10.5847800035389,9.71161145833327));
#2174=CARTESIAN_POINT('Ctrl Pts',(64.1957655325741,-10.7149602410528,9.71161145833328));
#2175=CARTESIAN_POINT('Ctrl Pts',(64.1937760574089,-10.7173192153408,9.71161145833328));
#2176=CARTESIAN_POINT('Ctrl Pts',(64.1918084102014,-10.7196866020109,9.71161145833328));
#2177=CARTESIAN_POINT('Ctrl Pts',(64.5386792077374,-9.79934158521029,9.67827812499995));
#2178=CARTESIAN_POINT('Ctrl Pts',(64.5384069117247,-9.80235072350162,9.67827812499995));
#2179=CARTESIAN_POINT('Ctrl Pts',(64.5381346157122,-9.80535986179294,9.67827812499995));
#2180=CARTESIAN_POINT('Ctrl Pts',(64.5227843331002,-9.97499555621928,9.67827812499993));
#2181=CARTESIAN_POINT('Ctrl Pts',(64.5077063465014,-10.1416221123543,9.67827812499994));
#2182=CARTESIAN_POINT('Ctrl Pts',(64.3854807415018,-10.4357747361442,9.67827812499994));
#2183=CARTESIAN_POINT('Ctrl Pts',(64.2788143151959,-10.5635004400536,9.67827812499993));
#2184=CARTESIAN_POINT('Ctrl Pts',(64.1701731069317,-10.6935908094394,9.67827812499994));
#2185=CARTESIAN_POINT('Ctrl Pts',(64.1681983249729,-10.6959554749156,9.67827812499995));
#2186=CARTESIAN_POINT('Ctrl Pts',(64.1662235430142,-10.6983201403917,9.67827812499995));
#2187=CARTESIAN_POINT('',(64.6382722857999,-9.80835373268064,9.77827812499996));
#2188=CARTESIAN_POINT('Ctrl Pts',(64.2429781445758,-10.7624195252493,9.77827812499996));
#2189=CARTESIAN_POINT('Ctrl Pts',(64.2449529265346,-10.7600548597731,9.77827812499996));
#2190=CARTESIAN_POINT('Ctrl Pts',(64.2469293924837,-10.7576906986246,9.77827812499996));
#2191=CARTESIAN_POINT('Ctrl Pts',(64.3554340230901,-10.6275583588238,9.77827812499995));
#2192=CARTESIAN_POINT('Ctrl Pts',(64.469766801128,-10.4933890866906,9.77827812499997));
#2193=CARTESIAN_POINT('Ctrl Pts',(64.6080435569359,-10.1606026782729,9.77827812499996));
#2194=CARTESIAN_POINT('Ctrl Pts',(64.6222517325571,-9.98394027195191,9.77827812499999));
#2195=CARTESIAN_POINT('Ctrl Pts',(64.6377292152708,-9.81437283949994,9.77827812499996));
#2196=CARTESIAN_POINT('Ctrl Pts',(64.6379999897873,-9.81136287097205,9.77827812499996));
#2197=CARTESIAN_POINT('Ctrl Pts',(64.6382722857999,-9.80835373268073,9.77827812499996));
#2198=CARTESIAN_POINT('',(64.5378623196995,-9.80836900008427,9.67827812499995));
#2199=CARTESIAN_POINT('Ctrl Pts',(64.6382722857999,-9.80835373268073,9.77827812499996));
#2200=CARTESIAN_POINT('Ctrl Pts',(64.6215372352017,-9.80835627725656,9.7616114023148));
#2201=CARTESIAN_POINT('Ctrl Pts',(64.6048021846035,-9.80835882183224,9.74494467962963));
#2202=CARTESIAN_POINT('Ctrl Pts',(64.5713321959034,-9.80836391096681,9.71161134629629));
#2203=CARTESIAN_POINT('Ctrl Pts',(64.5545972578014,-9.80836645552554,9.69494473564812));
#2204=CARTESIAN_POINT('Ctrl Pts',(64.5378623196995,-9.80836900008427,9.67827812499995));
#2205=CARTESIAN_POINT('Ctrl Pts',(64.5378623196995,-9.80836900008427,9.67827812499995));
#2206=CARTESIAN_POINT('Ctrl Pts',(64.5227843331002,-9.97499555621928,9.67827812499993));
#2207=CARTESIAN_POINT('Ctrl Pts',(64.5077063465014,-10.1416221123543,9.67827812499994));
#2208=CARTESIAN_POINT('Ctrl Pts',(64.3854807415018,-10.4357747361442,9.67827812499994));
#2209=CARTESIAN_POINT('Ctrl Pts',(64.2788143151959,-10.5635004400536,9.67827812499993));
#2210=CARTESIAN_POINT('Ctrl Pts',(64.1721478888905,-10.6912261439632,9.67827812499994));
#2211=CARTESIAN_POINT('Ctrl Pts',(64.2854365850722,-8.90706215457677,9.77827812499996));
#2212=CARTESIAN_POINT('Ctrl Pts',(64.3821025560563,-9.03163034078961,9.77827812499996));
#2213=CARTESIAN_POINT('Ctrl Pts',(64.4856248304393,-9.16265716768402,9.77827812499996));
#2214=CARTESIAN_POINT('Ctrl Pts',(64.6098587798078,-9.47939749066041,9.77827812499996));
#2215=CARTESIAN_POINT('Ctrl Pts',(64.6232186937098,-9.64407362692178,9.77827812499993));
#2216=CARTESIAN_POINT('Ctrl Pts',(64.6377276512734,-9.80233474702323,9.77827812499996));
#2217=CARTESIAN_POINT('Ctrl Pts',(64.6379990747169,-9.80534467733404,9.77827812499996));
#2218=CARTESIAN_POINT('Ctrl Pts',(64.6382722857999,-9.80835373268072,9.77827812499996));
#2219=CARTESIAN_POINT('Ctrl Pts',(64.2591022809342,-8.92749779835616,9.74494479166662));
#2220=CARTESIAN_POINT('Ctrl Pts',(64.3559277288843,-9.05199947042381,9.74494479166662));
#2221=CARTESIAN_POINT('Ctrl Pts',(64.4570363859298,-9.18096349381421,9.74494479166662));
#2222=CARTESIAN_POINT('Ctrl Pts',(64.5764674212866,-9.48547258518648,9.74494479166662));
#2223=CARTESIAN_POINT('Ctrl Pts',(64.590187573373,-9.64702765752606,9.74494479166659));
#2224=CARTESIAN_POINT('Ctrl Pts',(64.6045228289401,-9.80535237910014,9.74494479166663));
#2225=CARTESIAN_POINT('Ctrl Pts',(64.6048099661375,-9.80835542294639,9.74494479166663));
#2226=CARTESIAN_POINT('Ctrl Pts',(64.6050755081829,-9.81136787716193,9.74494479166663));
#2227=CARTESIAN_POINT('Ctrl Pts',(64.2327679767962,-8.94793344213556,9.71161145833329));
#2228=CARTESIAN_POINT('Ctrl Pts',(64.3292744708144,-9.0725681424936,9.71161145833329));
#2229=CARTESIAN_POINT('Ctrl Pts',(64.4283540591359,-9.19919913221043,9.71161145833327));
#2230=CARTESIAN_POINT('Ctrl Pts',(64.5430492717914,-9.49166002125309,9.71161145833328));
#2231=CARTESIAN_POINT('Ctrl Pts',(64.5567912368213,-9.65009802732741,9.71161145833321));
#2232=CARTESIAN_POINT('Ctrl Pts',(64.5713403531159,-9.80836042335404,9.71161145833329));
#2233=CARTESIAN_POINT('Ctrl Pts',(64.571597850445,-9.81137636516529,9.71161145833328));
#2234=CARTESIAN_POINT('Ctrl Pts',(64.5718787305658,-9.81438202164313,9.71161145833328));
#2235=CARTESIAN_POINT('Ctrl Pts',(64.2064336726582,-8.96836908591495,9.67827812499995));
#2236=CARTESIAN_POINT('Ctrl Pts',(64.3030996436423,-9.0929372721278,9.67827812499995));
#2237=CARTESIAN_POINT('Ctrl Pts',(64.3997656146263,-9.21750545834063,9.67827812499993));
#2238=CARTESIAN_POINT('Ctrl Pts',(64.5096579132702,-9.49773511577916,9.67827812499994));
#2239=CARTESIAN_POINT('Ctrl Pts',(64.5237601164844,-9.65305205793169,9.67827812499987));
#2240=CARTESIAN_POINT('Ctrl Pts',(64.5381355307826,-9.81137805543095,9.67827812499995));
#2241=CARTESIAN_POINT('Ctrl Pts',(64.5384087418656,-9.81438711077764,9.67827812499995));
#2242=CARTESIAN_POINT('Ctrl Pts',(64.5386819529487,-9.81739616612433,9.67827812499995));
#2243=CARTESIAN_POINT('',(64.3257231509148,-8.95916339429176,9.77827812499996));
#2244=CARTESIAN_POINT('Ctrl Pts',(64.6382722857999,-9.80835373268072,9.77827812499996));
#2245=CARTESIAN_POINT('Ctrl Pts',(64.6379990747169,-9.80534467733404,9.77827812499996));
#2246=CARTESIAN_POINT('Ctrl Pts',(64.6377276512734,-9.80233474702323,9.77827812499996));
#2247=CARTESIAN_POINT('Ctrl Pts',(64.6232186937098,-9.64407362692178,9.77827812499993));
#2248=CARTESIAN_POINT('Ctrl Pts',(64.6098587798078,-9.47939749066041,9.77827812499996));
#2249=CARTESIAN_POINT('Ctrl Pts',(64.4942535698989,-9.18465654657515,9.77827812499996));
#2250=CARTESIAN_POINT('Ctrl Pts',(64.4099263501344,-9.06837725624686,9.77827812499996));
#2251=CARTESIAN_POINT('Ctrl Pts',(64.3257727157949,-8.95912526639795,9.77827812499997));
#2252=CARTESIAN_POINT('',(64.2064336726582,-8.96836908591495,9.67827812499994));
#2253=CARTESIAN_POINT('Ctrl Pts',(64.3257821934335,-8.95913757071927,9.77827812499953));
#2254=CARTESIAN_POINT('Ctrl Pts',(64.3059116262344,-8.96068375498727,9.76157698690385));
#2255=CARTESIAN_POINT('Ctrl Pts',(64.2860860932343,-8.96222803806314,9.74497407630675));
#2256=CARTESIAN_POINT('Ctrl Pts',(64.2661580362101,-8.96376997537832,9.72828691900762));
#2257=CARTESIAN_POINT('Ctrl Pts',(64.2499462629828,-8.96502436450689,9.71471166630666));
#2258=CARTESIAN_POINT('Ctrl Pts',(64.2337897891829,-8.96626726354079,9.70118341204621));
#2259=CARTESIAN_POINT('Ctrl Pts',(64.2176438510482,-8.96750769325597,9.68766393622793));
#2260=CARTESIAN_POINT('Ctrl Pts',(64.2139070727101,-8.96779477542183,9.68453502021461));
#2261=CARTESIAN_POINT('Ctrl Pts',(64.2101706615261,-8.96808181111836,9.68140657440447));
#2262=CARTESIAN_POINT('Ctrl Pts',(64.2064336726582,-8.96836908591497,9.67827812499995));
#2263=CARTESIAN_POINT('Ctrl Pts',(64.2064336726582,-8.96836908591495,9.67827812499995));
#2264=CARTESIAN_POINT('Ctrl Pts',(64.3030996436423,-9.0929372721278,9.67827812499995));
#2265=CARTESIAN_POINT('Ctrl Pts',(64.3997656146263,-9.21750545834063,9.67827812499993));
#2266=CARTESIAN_POINT('Ctrl Pts',(64.5096579132702,-9.49773511577916,9.67827812499994));
#2267=CARTESIAN_POINT('Ctrl Pts',(64.5237601164844,-9.65305205793169,9.67827812499987));
#2268=CARTESIAN_POINT('Ctrl Pts',(64.5378623196995,-9.80836900008427,9.67827812499995));
#2269=CARTESIAN_POINT('Origin',(61.2378617564356,-7.00408306849705,9.72827812499996));
#2270=CARTESIAN_POINT('',(60.1378616729891,-7.05408306849705,9.67827812499996));
#2271=CARTESIAN_POINT('',(63.1664333531773,-7.05408306849705,9.67827812499996));
#2272=CARTESIAN_POINT('',(61.2378617564356,-7.05408306849705,9.67827812499996));
#2273=CARTESIAN_POINT('',(63.1709823700388,-6.95408306849705,9.77827812499996));
#2274=CARTESIAN_POINT('',(63.1664333531773,-7.05408306849705,9.67827812499996));
#2275=CARTESIAN_POINT('',(60.0378616729891,-6.95408306849705,9.77827812499996));
#2276=CARTESIAN_POINT('',(61.2378617564356,-6.95408306849705,9.77827812499996));
#2277=CARTESIAN_POINT('',(60.0378616729891,-6.95408306849705,9.77827812499996));
#2278=CARTESIAN_POINT('Ctrl Pts',(64.1145866644413,-7.34593016003816,9.77827812499996));
#2279=CARTESIAN_POINT('Ctrl Pts',(64.1165499323449,-7.34829191910034,9.77827812499996));
#2280=CARTESIAN_POINT('Ctrl Pts',(64.118514874942,-7.35065318148786,9.77827812499996));
#2281=CARTESIAN_POINT('Ctrl Pts',(64.2261759333592,-7.48037090393043,9.77827812499998));
#2282=CARTESIAN_POINT('Ctrl Pts',(64.3396331678265,-7.6141340567235,9.77827812499996));
#2283=CARTESIAN_POINT('Ctrl Pts',(64.4765732323349,-7.94492426727744,9.77827812499996));
#2284=CARTESIAN_POINT('Ctrl Pts',(64.4908134217797,-8.11996954985806,9.77827812499997));
#2285=CARTESIAN_POINT('Ctrl Pts',(64.5062648726829,-8.28766370784414,9.77827812499996));
#2286=CARTESIAN_POINT('Ctrl Pts',(64.5065082947159,-8.29034365031467,9.77827812499996));
#2287=CARTESIAN_POINT('Ctrl Pts',(64.5067530638403,-8.29302286283854,9.77827812499996));
#2288=CARTESIAN_POINT('Ctrl Pts',(64.0889533409857,-7.36723846451619,9.74494479166662));
#2289=CARTESIAN_POINT('Ctrl Pts',(64.0909236726608,-7.36959755846332,9.74494479166662));
#2290=CARTESIAN_POINT('Ctrl Pts',(64.0928740648909,-7.3719643974437,9.74494479166662));
#2291=CARTESIAN_POINT('Ctrl Pts',(64.2007275564309,-7.50159378865822,9.74494479166663));
#2292=CARTESIAN_POINT('Ctrl Pts',(64.3115375059997,-7.63332090991167,9.74494479166662));
#2293=CARTESIAN_POINT('Ctrl Pts',(64.4431340044039,-7.95120221865365,9.74494479166663));
#2294=CARTESIAN_POINT('Ctrl Pts',(64.4578098411458,-8.12293161195608,9.74494479166663));
#2295=CARTESIAN_POINT('Ctrl Pts',(64.4730627912861,-8.29069947343593,9.74494479166662));
#2296=CARTESIAN_POINT('Ctrl Pts',(64.4733198323322,-8.29337328225121,9.74494479166662));
#2297=CARTESIAN_POINT('Ctrl Pts',(64.4735579723258,-8.29605552016392,9.74494479166662));
#2298=CARTESIAN_POINT('Ctrl Pts',(64.06332001753,-7.38854676899421,9.71161145833328));
#2299=CARTESIAN_POINT('Ctrl Pts',(64.065276221662,-7.39091119317143,9.71161145833328));
#2300=CARTESIAN_POINT('Ctrl Pts',(64.0672540399325,-7.39326737564075,9.71161145833328));
#2301=CARTESIAN_POINT('Ctrl Pts',(64.1748582247344,-7.52303217068785,9.7116114583333));
#2302=CARTESIAN_POINT('Ctrl Pts',(64.283338859654,-7.65238290698436,9.71161145833329));
#2303=CARTESIAN_POINT('Ctrl Pts',(64.4097094418263,-7.95764184949848,9.71161145833329));
#2304=CARTESIAN_POINT('Ctrl Pts',(64.4243554285433,-8.12603943696087,9.7116114583333));
#2305=CARTESIAN_POINT('Ctrl Pts',(64.4398803324445,-8.29372664417516,9.71161145833328));
#2306=CARTESIAN_POINT('Ctrl Pts',(64.440111482556,-8.29641199035428,9.71161145833328));
#2307=CARTESIAN_POINT('Ctrl Pts',(64.4403628808113,-8.2990881774893,9.71161145833328));
#2308=CARTESIAN_POINT('Ctrl Pts',(64.0376866940744,-7.40985507347224,9.67827812499995));
#2309=CARTESIAN_POINT('Ctrl Pts',(64.0396499619778,-7.41221683253441,9.67827812499995));
#2310=CARTESIAN_POINT('Ctrl Pts',(64.0416132298814,-7.41457859159659,9.67827812499994));
#2311=CARTESIAN_POINT('Ctrl Pts',(64.1494098478061,-7.54425505541564,9.67827812499996));
#2312=CARTESIAN_POINT('Ctrl Pts',(64.2552431978272,-7.67156976017253,9.67827812499995));
#2313=CARTESIAN_POINT('Ctrl Pts',(64.3762702138953,-7.96391980087468,9.67827812499995));
#2314=CARTESIAN_POINT('Ctrl Pts',(64.3913518479094,-8.12900149905889,9.67827812499996));
#2315=CARTESIAN_POINT('Ctrl Pts',(64.4066782510478,-8.29676240976695,9.67827812499995));
#2316=CARTESIAN_POINT('Ctrl Pts',(64.4069230201723,-8.29944162229081,9.67827812499995));
#2317=CARTESIAN_POINT('Ctrl Pts',(64.4071677892968,-8.30212083481468,9.67827812499995));
#2318=CARTESIAN_POINT('',(64.5067530638403,-8.29302286283854,9.77827812499996));
#2319=CARTESIAN_POINT('',(64.1145866644414,-7.34593016003819,9.77827812499996));
#2320=CARTESIAN_POINT('Ctrl Pts',(64.5067530638403,-8.29302286283854,9.77827812499996));
#2321=CARTESIAN_POINT('Ctrl Pts',(64.5065082947159,-8.29034365031467,9.77827812499996));
#2322=CARTESIAN_POINT('Ctrl Pts',(64.5062648726829,-8.28766370784414,9.77827812499996));
#2323=CARTESIAN_POINT('Ctrl Pts',(64.4908134217797,-8.11996954985806,9.77827812499997));
#2324=CARTESIAN_POINT('Ctrl Pts',(64.4765732323349,-7.94492426727744,9.77827812499996));
#2325=CARTESIAN_POINT('Ctrl Pts',(64.3396331678265,-7.6141340567235,9.77827812499996));
#2326=CARTESIAN_POINT('Ctrl Pts',(64.2261759333592,-7.48037090393043,9.77827812499998));
#2327=CARTESIAN_POINT('Ctrl Pts',(64.118514874942,-7.35065318148786,9.77827812499996));
#2328=CARTESIAN_POINT('Ctrl Pts',(64.1165499323449,-7.34829191910034,9.77827812499996));
#2329=CARTESIAN_POINT('Ctrl Pts',(64.1145866644413,-7.34593016003816,9.77827812499996));
#2330=CARTESIAN_POINT('',(64.0435764977849,-7.41694035065876,9.67827812499995));
#2331=CARTESIAN_POINT('Ctrl Pts',(64.1145866644414,-7.34593016003822,9.77827812499996));
#2332=CARTESIAN_POINT('Ctrl Pts',(64.1027515954365,-7.3577652330372,9.76161140027278));
#2333=CARTESIAN_POINT('Ctrl Pts',(64.0909165264315,-7.36960030603612,9.74494467554559));
#2334=CARTESIAN_POINT('Ctrl Pts',(64.0672464708793,-7.39327036957633,9.71161134221226));
#2335=CARTESIAN_POINT('Ctrl Pts',(64.0554114843321,-7.40510536011754,9.6949447336061));
#2336=CARTESIAN_POINT('Ctrl Pts',(64.0435764977849,-7.41694035065876,9.67827812499995));
#2337=CARTESIAN_POINT('',(64.4064334819233,-8.29408319724308,9.67827812499995));
#2338=CARTESIAN_POINT('Ctrl Pts',(64.0435764977849,-7.41694035065876,9.67827812499994));
#2339=CARTESIAN_POINT('Ctrl Pts',(64.1494098478061,-7.54425505541564,9.67827812499996));
#2340=CARTESIAN_POINT('Ctrl Pts',(64.2552431978272,-7.67156976017253,9.67827812499995));
#2341=CARTESIAN_POINT('Ctrl Pts',(64.3762702138953,-7.96391980087468,9.67827812499995));
#2342=CARTESIAN_POINT('Ctrl Pts',(64.3913518479094,-8.12900149905889,9.67827812499996));
#2343=CARTESIAN_POINT('Ctrl Pts',(64.4064334819233,-8.29408319724308,9.67827812499995));
#2344=CARTESIAN_POINT('Ctrl Pts',(64.4064334819233,-8.29408319724308,9.67827812499995));
#2345=CARTESIAN_POINT('Ctrl Pts',(64.423153456936,-8.29390647436993,9.69494483621737));
#2346=CARTESIAN_POINT('Ctrl Pts',(64.4398734319486,-8.29372975149683,9.71161154743479));
#2347=CARTESIAN_POINT('Ctrl Pts',(64.4733132925876,-8.2933763066953,9.74494488076813));
#2348=CARTESIAN_POINT('Ctrl Pts',(64.490033178214,-8.29319958476692,9.76161150288404));
#2349=CARTESIAN_POINT('Ctrl Pts',(64.5067530638403,-8.29302286283854,9.77827812499996));
#2350=CARTESIAN_POINT('Ctrl Pts',(63.1709824482827,-6.95408221205436,9.77827812499996));
#2351=CARTESIAN_POINT('Ctrl Pts',(63.1724987611552,-6.95422074123443,9.77827812499996));
#2352=CARTESIAN_POINT('Ctrl Pts',(63.174015485243,-6.95435850703269,9.77827812499996));
#2353=CARTESIAN_POINT('Ctrl Pts',(63.3405471544245,-6.96970296186139,9.77827812499996));
#2354=CARTESIAN_POINT('Ctrl Pts',(63.51559239126,-6.98394336619689,9.77827812499996));
#2355=CARTESIAN_POINT('Ctrl Pts',(63.846382609511,-7.12088354712177,9.77827812499996));
#2356=CARTESIAN_POINT('Ctrl Pts',(63.98014582508,-7.23434086284455,9.77827812499994));
#2357=CARTESIAN_POINT('Ctrl Pts',(64.1098636415738,-7.34200195132032,9.77827812499997));
#2358=CARTESIAN_POINT('Ctrl Pts',(64.1122249047167,-7.34396689293173,9.77827812499996));
#2359=CARTESIAN_POINT('Ctrl Pts',(64.1145866644414,-7.34593016003822,9.77827812499996));
#2360=CARTESIAN_POINT('Ctrl Pts',(63.1679497703751,-6.98727730168852,9.74494479166662));
#2361=CARTESIAN_POINT('Ctrl Pts',(63.1694688237074,-6.98740997276252,9.74494479166662));
#2362=CARTESIAN_POINT('Ctrl Pts',(63.1709801124902,-6.98755946973515,9.74494479166662));
#2363=CARTESIAN_POINT('Ctrl Pts',(63.3375851872067,-7.00270624783642,9.74494479166662));
#2364=CARTESIAN_POINT('Ctrl Pts',(63.5093143814878,-7.01738269569559,9.74494479166662));
#2365=CARTESIAN_POINT('Ctrl Pts',(63.8271957922965,-7.14897914204219,9.74494479166662));
#2366=CARTESIAN_POINT('Ctrl Pts',(63.958922928939,-7.25978929597504,9.7449447916666));
#2367=CARTESIAN_POINT('Ctrl Pts',(64.0885524354448,-7.3676427656831,9.74494479166663));
#2368=CARTESIAN_POINT('Ctrl Pts',(64.0909192728401,-7.36959316265726,9.74494479166662));
#2369=CARTESIAN_POINT('Ctrl Pts',(64.093278368614,-7.37156349068489,9.74494479166662));
#2370=CARTESIAN_POINT('Ctrl Pts',(63.1649170924674,-7.02047239132267,9.71161145833328));
#2371=CARTESIAN_POINT('Ctrl Pts',(63.1664306648801,-7.02061677860881,9.71161145833328));
#2372=CARTESIAN_POINT('Ctrl Pts',(63.1679524130576,-7.02074357661451,9.71161145833328));
#2373=CARTESIAN_POINT('Ctrl Pts',(63.3344770091368,-7.03616151888478,9.71161145833326));
#2374=CARTESIAN_POINT('Ctrl Pts',(63.5028747404329,-7.05080721172391,9.71161145833327));
#2375=CARTESIAN_POINT('Ctrl Pts',(63.8081337007083,-7.17717803078059,9.71161145833328));
#2376=CARTESIAN_POINT('Ctrl Pts',(63.9374845867802,-7.28565855504938,9.71161145833324));
#2377=CARTESIAN_POINT('Ctrl Pts',(64.0672494636386,-7.39326280340247,9.71161145833329));
#2378=CARTESIAN_POINT('Ctrl Pts',(64.0696056491109,-7.39524061514621,9.71161145833328));
#2379=CARTESIAN_POINT('Ctrl Pts',(64.0719700727865,-7.39719682133155,9.71161145833328));
#2380=CARTESIAN_POINT('Ctrl Pts',(63.1618844145598,-7.05366748095683,9.67827812499995));
#2381=CARTESIAN_POINT('Ctrl Pts',(63.1634007274323,-7.0538060101369,9.67827812499995));
#2382=CARTESIAN_POINT('Ctrl Pts',(63.1649170403048,-7.05394453931697,9.67827812499995));
#2383=CARTESIAN_POINT('Ctrl Pts',(63.3315150419189,-7.06916480485982,9.67827812499992));
#2384=CARTESIAN_POINT('Ctrl Pts',(63.4965967306607,-7.08424654122261,9.67827812499994));
#2385=CARTESIAN_POINT('Ctrl Pts',(63.7889468834938,-7.20527362570101,9.67827812499994));
#2386=CARTESIAN_POINT('Ctrl Pts',(63.9162616906392,-7.31110698817987,9.67827812499991));
#2387=CARTESIAN_POINT('Ctrl Pts',(64.0459382575096,-7.41890361776525,9.67827812499995));
#2388=CARTESIAN_POINT('Ctrl Pts',(64.0483000172344,-7.42086688487174,9.67827812499995));
#2389=CARTESIAN_POINT('Ctrl Pts',(64.0506617769591,-7.42283015197822,9.67827812499995));
#2390=CARTESIAN_POINT('Ctrl Pts',(63.1664333531773,-7.05408306849705,9.67827812499995));
#2391=CARTESIAN_POINT('Ctrl Pts',(63.3315150419189,-7.06916480485982,9.67827812499992));
#2392=CARTESIAN_POINT('Ctrl Pts',(63.4965967306607,-7.08424654122261,9.67827812499994));
#2393=CARTESIAN_POINT('Ctrl Pts',(63.7889468834938,-7.20527362570101,9.67827812499994));
#2394=CARTESIAN_POINT('Ctrl Pts',(63.9162616906392,-7.31110698817987,9.67827812499991));
#2395=CARTESIAN_POINT('Ctrl Pts',(64.0435764977849,-7.41694035065877,9.67827812499995));
#2396=CARTESIAN_POINT('Ctrl Pts',(64.1145866644414,-7.34593016003822,9.77827812499996));
#2397=CARTESIAN_POINT('Ctrl Pts',(64.1122249047167,-7.34396689293173,9.77827812499996));
#2398=CARTESIAN_POINT('Ctrl Pts',(64.1098636415738,-7.34200195132032,9.77827812499997));
#2399=CARTESIAN_POINT('Ctrl Pts',(63.98014582508,-7.23434086284455,9.77827812499994));
#2400=CARTESIAN_POINT('Ctrl Pts',(63.846382609511,-7.12088354712177,9.77827812499996));
#2401=CARTESIAN_POINT('Ctrl Pts',(63.51559239126,-6.98394336619689,9.77827812499996));
#2402=CARTESIAN_POINT('Ctrl Pts',(63.3405471544245,-6.96970296186139,9.77827812499996));
#2403=CARTESIAN_POINT('Ctrl Pts',(63.174015485243,-6.95435850703269,9.77827812499996));
#2404=CARTESIAN_POINT('Ctrl Pts',(63.1724987611552,-6.95422074123443,9.77827812499996));
#2405=CARTESIAN_POINT('Ctrl Pts',(63.1709824482827,-6.95408221205436,9.77827812499996));
#2406=CARTESIAN_POINT('Ctrl Pts',(64.5067530638403,-8.29302286283851,9.77827812499996));
#2407=CARTESIAN_POINT('Ctrl Pts',(64.5065649792976,-8.2957066504376,9.77827812499996));
#2408=CARTESIAN_POINT('Ctrl Pts',(64.5063780765784,-8.29839089732439,9.77827812499996));
#2409=CARTESIAN_POINT('Ctrl Pts',(64.4977319699789,-8.42064359138453,9.77827812499997));
#2410=CARTESIAN_POINT('Ctrl Pts',(64.4897508865415,-8.54746804956104,9.77827812499997));
#2411=CARTESIAN_POINT('Ctrl Pts',(64.4147459707484,-8.80070378433929,9.77827812499996));
#2412=CARTESIAN_POINT('Ctrl Pts',(64.35221193837,-8.91173132974181,9.77827812499996));
#2413=CARTESIAN_POINT('Ctrl Pts',(64.2938786959205,-9.01688060935698,9.77827812499996));
#2414=CARTESIAN_POINT('Ctrl Pts',(64.4735012877441,-8.29069252004095,9.74494479166663));
#2415=CARTESIAN_POINT('Ctrl Pts',(64.4733176197469,-8.29337784495727,9.74494479166662));
#2416=CARTESIAN_POINT('Ctrl Pts',(64.4731215934191,-8.29605895397941,9.74494479166662));
#2417=CARTESIAN_POINT('Ctrl Pts',(64.4645731622459,-8.41834000074128,9.74494479166663));
#2418=CARTESIAN_POINT('Ctrl Pts',(64.4563987842669,-8.54275582677496,9.74494479166663));
#2419=CARTESIAN_POINT('Ctrl Pts',(64.3842120120352,-8.78648152258368,9.74494479166662));
#2420=CARTESIAN_POINT('Ctrl Pts',(64.3231537023648,-8.8955883113921,9.74494479166662));
#2421=CARTESIAN_POINT('Ctrl Pts',(64.264730354833,-9.00071010154297,9.74494479166662));
#2422=CARTESIAN_POINT('Ctrl Pts',(64.4402495116478,-8.28836217724339,9.71161145833329));
#2423=CARTESIAN_POINT('Ctrl Pts',(64.4400570105595,-8.29104442752524,9.71161145833329));
#2424=CARTESIAN_POINT('Ctrl Pts',(64.4398780496253,-8.29373135298897,9.71161145833328));
#2425=CARTESIAN_POINT('Ctrl Pts',(64.4312106262683,-8.4159851553849,9.71161145833333));
#2426=CARTESIAN_POINT('Ctrl Pts',(64.4230222574214,-8.53799215502618,9.71161145833329));
#2427=CARTESIAN_POINT('Ctrl Pts',(64.3536341162705,-8.77229278844024,9.71161145833329));
#2428=CARTESIAN_POINT('Ctrl Pts',(64.2938251511129,-8.87936282464949,9.71161145833328));
#2429=CARTESIAN_POINT('Ctrl Pts',(64.2355820137456,-8.98453959372896,9.71161145833328));
#2430=CARTESIAN_POINT('Ctrl Pts',(64.4069977355515,-8.28603183444583,9.67827812499995));
#2431=CARTESIAN_POINT('Ctrl Pts',(64.4068096510088,-8.28871562204491,9.67827812499995));
#2432=CARTESIAN_POINT('Ctrl Pts',(64.406621566466,-8.29139940964399,9.67827812499995));
#2433=CARTESIAN_POINT('Ctrl Pts',(64.3980518185354,-8.41368156474165,9.67827812499999));
#2434=CARTESIAN_POINT('Ctrl Pts',(64.3896701551469,-8.53327993224011,9.67827812499995));
#2435=CARTESIAN_POINT('Ctrl Pts',(64.3231001575573,-8.75807052668463,9.67827812499995));
#2436=CARTESIAN_POINT('Ctrl Pts',(64.2647669151077,-8.86321980629978,9.67827812499995));
#2437=CARTESIAN_POINT('Ctrl Pts',(64.2064336726582,-8.96836908591496,9.67827812499995));
#2438=CARTESIAN_POINT('Ctrl Pts',(64.3257708660965,-8.95918947746954,9.77827812499996));
#2439=CARTESIAN_POINT('Ctrl Pts',(64.3740161241457,-8.87105174529006,9.77827812499996));
#2440=CARTESIAN_POINT('Ctrl Pts',(64.4215389706023,-8.77776888345752,9.77827812499996));
#2441=CARTESIAN_POINT('Ctrl Pts',(64.4897508865415,-8.54746804956104,9.77827812499997));
#2442=CARTESIAN_POINT('Ctrl Pts',(64.4977319699789,-8.42064359138453,9.77827812499997));
#2443=CARTESIAN_POINT('Ctrl Pts',(64.5063780765784,-8.29839089732439,9.77827812499996));
#2444=CARTESIAN_POINT('Ctrl Pts',(64.5065649792976,-8.2957066504376,9.77827812499996));
#2445=CARTESIAN_POINT('Ctrl Pts',(64.5067530638403,-8.29302286283851,9.77827812499996));
#2446=CARTESIAN_POINT('Ctrl Pts',(64.4064334819233,-8.29408319724308,9.67827812499995));
#2447=CARTESIAN_POINT('Ctrl Pts',(64.3980518185354,-8.41368156474165,9.67827812499999));
#2448=CARTESIAN_POINT('Ctrl Pts',(64.3896701551469,-8.53327993224011,9.67827812499995));
#2449=CARTESIAN_POINT('Ctrl Pts',(64.3231001575573,-8.75807052668463,9.67827812499995));
#2450=CARTESIAN_POINT('Ctrl Pts',(64.2647669151077,-8.86321980629978,9.67827812499995));
#2451=CARTESIAN_POINT('Ctrl Pts',(64.2064336726582,-8.96836908591496,9.67827812499995));
#2452=CARTESIAN_POINT('Origin',(60.0878616729891,-10.0540835751365,9.72827812499997));
#2453=CARTESIAN_POINT('',(60.1378616729891,-11.0540834261249,9.67827812499997));
#2454=CARTESIAN_POINT('',(60.1378616729891,-10.0540835751365,9.67827812499996));
#2455=CARTESIAN_POINT('',(60.0378616729891,-11.1540834261249,9.77827812499997));
#2456=CARTESIAN_POINT('',(60.0378616729891,-10.0540835751365,9.77827812499996));
#2457=CARTESIAN_POINT('',(60.0378616729891,-11.1540834261249,9.77827812499997));
#2458=CARTESIAN_POINT('Origin',(62.8150048667705,-11.1040834261249,9.72827812499997));
#2459=CARTESIAN_POINT('',(62.8150048667705,-11.0540834261249,9.67827812499996));
#2460=CARTESIAN_POINT('',(62.8150048667705,-11.1540834261249,9.77827812499997));
#2461=CARTESIAN_POINT('Ctrl Pts',(64.1721478888905,-10.6912261439632,9.77827812499994));
#2462=CARTESIAN_POINT('Ctrl Pts',(64.1721478888905,-10.6912261439632,9.17827812499995));
#2463=CARTESIAN_POINT('Ctrl Pts',(64.0440944700555,-10.7970594734356,9.77827812499994));
#2464=CARTESIAN_POINT('Ctrl Pts',(64.0440944700555,-10.7970594734356,9.17827812499995));
#2465=CARTESIAN_POINT('Ctrl Pts',(63.7881127405015,-11.0086227332788,9.77827812499994));
#2466=CARTESIAN_POINT('Ctrl Pts',(63.7881127405015,-11.0086227332788,9.17827812499995));
#2467=CARTESIAN_POINT('Ctrl Pts',(63.457415634475,-11.0389348000671,9.77827812499994));
#2468=CARTESIAN_POINT('Ctrl Pts',(63.457415634475,-11.0389348000671,9.17827812499995));
#2469=CARTESIAN_POINT('Ctrl Pts',(63.2921478936589,-11.0540834261249,9.77827812499994));
#2470=CARTESIAN_POINT('Ctrl Pts',(63.2921478936589,-11.0540834261249,9.17827812499995));
#2471=CARTESIAN_POINT('',(64.1721478888905,-10.6912261439632,9.17827812499995));
#2472=CARTESIAN_POINT('',(64.1721478888905,-10.6912261439632,9.77827812499994));
#2473=CARTESIAN_POINT('',(63.2921478936589,-11.0540834261249,9.17827812499995));
#2474=CARTESIAN_POINT('Ctrl Pts',(64.1721478888905,-10.6912261439632,9.17827812499995));
#2475=CARTESIAN_POINT('Ctrl Pts',(64.0440944700555,-10.7970594734356,9.17827812499995));
#2476=CARTESIAN_POINT('Ctrl Pts',(63.7881127405015,-11.0086227332788,9.17827812499995));
#2477=CARTESIAN_POINT('Ctrl Pts',(63.457415634475,-11.0389348000671,9.17827812499995));
#2478=CARTESIAN_POINT('Ctrl Pts',(63.2921478936589,-11.0540834261249,9.17827812499995));
#2479=CARTESIAN_POINT('',(63.2921478936589,-11.0540834261249,9.77827812499994));
#2480=CARTESIAN_POINT('Ctrl Pts',(64.5378623196995,-9.80836900008427,9.77827812499995));
#2481=CARTESIAN_POINT('Ctrl Pts',(64.5378623196995,-9.80836900008427,9.17827812499995));
#2482=CARTESIAN_POINT('Ctrl Pts',(64.5227843331005,-9.9749955562193,9.77827812499995));
#2483=CARTESIAN_POINT('Ctrl Pts',(64.5227843331005,-9.9749955562193,9.17827812499995));
#2484=CARTESIAN_POINT('Ctrl Pts',(64.4927070960551,-10.3073785566968,9.77827812499995));
#2485=CARTESIAN_POINT('Ctrl Pts',(64.4927070960551,-10.3073785566968,9.17827812499995));
#2486=CARTESIAN_POINT('Ctrl Pts',(64.2788143151962,-10.5635004400537,9.77827812499994));
#2487=CARTESIAN_POINT('Ctrl Pts',(64.2788143151962,-10.5635004400537,9.17827812499995));
#2488=CARTESIAN_POINT('Ctrl Pts',(64.1721478888905,-10.6912261439632,9.77827812499994));
#2489=CARTESIAN_POINT('Ctrl Pts',(64.1721478888905,-10.6912261439632,9.17827812499995));
#2490=CARTESIAN_POINT('',(64.5378623196995,-9.80836900008427,9.17827812499995));
#2491=CARTESIAN_POINT('',(64.5378623196995,-9.80836900008427,9.77827812499995));
#2492=CARTESIAN_POINT('Ctrl Pts',(64.5378623196995,-9.80836900008427,9.17827812499995));
#2493=CARTESIAN_POINT('Ctrl Pts',(64.5227843331005,-9.9749955562193,9.17827812499995));
#2494=CARTESIAN_POINT('Ctrl Pts',(64.4927070960551,-10.3073785566968,9.17827812499995));
#2495=CARTESIAN_POINT('Ctrl Pts',(64.2788143151962,-10.5635004400537,9.17827812499995));
#2496=CARTESIAN_POINT('Ctrl Pts',(64.1721478888905,-10.6912261439632,9.17827812499995));
#2497=CARTESIAN_POINT('Ctrl Pts',(64.2064336726582,-8.96836908591496,9.77827812499994));
#2498=CARTESIAN_POINT('Ctrl Pts',(64.2064336726582,-8.96836908591496,9.17827812499995));
#2499=CARTESIAN_POINT('Ctrl Pts',(64.3030996436423,-9.0929372721278,9.77827812499994));
#2500=CARTESIAN_POINT('Ctrl Pts',(64.3030996436423,-9.0929372721278,9.17827812499995));
#2501=CARTESIAN_POINT('Ctrl Pts',(64.4954042221999,-9.34074973712928,9.77827812499995));
#2502=CARTESIAN_POINT('Ctrl Pts',(64.4954042221999,-9.34074973712928,9.17827812499995));
#2503=CARTESIAN_POINT('Ctrl Pts',(64.5237601164849,-9.65305205793172,9.77827812499995));
#2504=CARTESIAN_POINT('Ctrl Pts',(64.5237601164849,-9.65305205793172,9.17827812499995));
#2505=CARTESIAN_POINT('Ctrl Pts',(64.5378623196995,-9.80836900008427,9.77827812499995));
#2506=CARTESIAN_POINT('Ctrl Pts',(64.5378623196995,-9.80836900008427,9.17827812499995));
#2507=CARTESIAN_POINT('',(64.2064336726582,-8.96836908591496,9.17827812499995));
#2508=CARTESIAN_POINT('',(64.2064336726582,-8.96836908591496,9.77827812499994));
#2509=CARTESIAN_POINT('Ctrl Pts',(64.2064336726582,-8.96836908591496,9.17827812499995));
#2510=CARTESIAN_POINT('Ctrl Pts',(64.3030996436423,-9.0929372721278,9.17827812499995));
#2511=CARTESIAN_POINT('Ctrl Pts',(64.4954042221999,-9.34074973712928,9.17827812499995));
#2512=CARTESIAN_POINT('Ctrl Pts',(64.5237601164849,-9.65305205793172,9.17827812499995));
#2513=CARTESIAN_POINT('Ctrl Pts',(64.5378623196995,-9.80836900008427,9.17827812499995));
#2514=CARTESIAN_POINT('Ctrl Pts',(64.4064334819233,-8.29408319724308,9.77827812499995));
#2515=CARTESIAN_POINT('Ctrl Pts',(64.4064334819233,-8.29408319724308,9.17827812499995));
#2516=CARTESIAN_POINT('Ctrl Pts',(64.3980518185351,-8.41368156474159,9.77827812499995));
#2517=CARTESIAN_POINT('Ctrl Pts',(64.3980518185351,-8.41368156474159,9.17827812499995));
#2518=CARTESIAN_POINT('Ctrl Pts',(64.3812640940748,-8.65322643148984,9.77827812499995));
#2519=CARTESIAN_POINT('Ctrl Pts',(64.3812640940748,-8.65322643148984,9.17827812499995));
#2520=CARTESIAN_POINT('Ctrl Pts',(64.2647669151077,-8.86321980629979,9.77827812499994));
#2521=CARTESIAN_POINT('Ctrl Pts',(64.2647669151077,-8.86321980629979,9.17827812499995));
#2522=CARTESIAN_POINT('Ctrl Pts',(64.2064336726582,-8.96836908591496,9.77827812499994));
#2523=CARTESIAN_POINT('Ctrl Pts',(64.2064336726582,-8.96836908591496,9.17827812499995));
#2524=CARTESIAN_POINT('',(64.4064334819233,-8.29408319724308,9.17827812499995));
#2525=CARTESIAN_POINT('',(64.4064334819233,-8.29408319724308,9.77827812499995));
#2526=CARTESIAN_POINT('Ctrl Pts',(64.4064334819233,-8.29408319724308,9.17827812499995));
#2527=CARTESIAN_POINT('Ctrl Pts',(64.3980518185351,-8.41368156474159,9.17827812499995));
#2528=CARTESIAN_POINT('Ctrl Pts',(64.3812640940748,-8.65322643148984,9.17827812499995));
#2529=CARTESIAN_POINT('Ctrl Pts',(64.2647669151077,-8.86321980629979,9.17827812499995));
#2530=CARTESIAN_POINT('Ctrl Pts',(64.2064336726582,-8.96836908591496,9.17827812499995));
#2531=CARTESIAN_POINT('Ctrl Pts',(64.0435764977849,-7.41694035065876,9.77827812499994));
#2532=CARTESIAN_POINT('Ctrl Pts',(64.0435764977849,-7.41694035065876,9.17827812499995));
#2533=CARTESIAN_POINT('Ctrl Pts',(64.149409847806,-7.54425505541564,9.77827812499994));
#2534=CARTESIAN_POINT('Ctrl Pts',(64.149409847806,-7.54425505541564,9.17827812499995));
#2535=CARTESIAN_POINT('Ctrl Pts',(64.3612071712393,-7.79904160139405,9.77827812499995));
#2536=CARTESIAN_POINT('Ctrl Pts',(64.3612071712393,-7.79904160139405,9.17827812499995));
#2537=CARTESIAN_POINT('Ctrl Pts',(64.3913518479093,-8.12900149905888,9.77827812499995));
#2538=CARTESIAN_POINT('Ctrl Pts',(64.3913518479093,-8.12900149905888,9.17827812499995));
#2539=CARTESIAN_POINT('Ctrl Pts',(64.4064334819233,-8.29408319724308,9.77827812499995));
#2540=CARTESIAN_POINT('Ctrl Pts',(64.4064334819233,-8.29408319724308,9.17827812499995));
#2541=CARTESIAN_POINT('',(64.0435764977849,-7.41694035065876,9.17827812499995));
#2542=CARTESIAN_POINT('',(64.0435764977849,-7.41694035065876,9.77827812499994));
#2543=CARTESIAN_POINT('Ctrl Pts',(64.0435764977849,-7.41694035065876,9.17827812499995));
#2544=CARTESIAN_POINT('Ctrl Pts',(64.149409847806,-7.54425505541564,9.17827812499995));
#2545=CARTESIAN_POINT('Ctrl Pts',(64.3612071712393,-7.79904160139405,9.17827812499995));
#2546=CARTESIAN_POINT('Ctrl Pts',(64.3913518479093,-8.12900149905888,9.17827812499995));
#2547=CARTESIAN_POINT('Ctrl Pts',(64.4064334819233,-8.29408319724308,9.17827812499995));
#2548=CARTESIAN_POINT('Origin',(62.3378618398821,-9.05408372414816,9.77827812499996));
#2549=CARTESIAN_POINT('',(62.3378618398821,-5.00408372414816,9.77827812499996));
#2550=CARTESIAN_POINT('Origin',(62.3378618398821,-9.05408372414816,9.77827812499996));
#2551=CARTESIAN_POINT('Origin',(62.3378618398821,-9.05408372414816,9.74292278594064));
#2552=CARTESIAN_POINT('',(62.3378618398821,-4.8333730460295,9.7075674468813));
#2553=CARTESIAN_POINT('Origin',(62.3378618398821,-9.05408372414816,9.70756744688131));
#2554=CARTESIAN_POINT('',(62.3378618398821,-4.91872838508883,9.74292278594063));
#2555=CARTESIAN_POINT('Origin',(62.3378618398821,-9.05408372414816,9.42827812499996));
#2556=CARTESIAN_POINT('',(62.3378618398821,-4.20408372414816,9.07827812499996));
#2557=CARTESIAN_POINT('',(62.3378618398821,-4.55408372414816,9.42827812499996));
#2558=CARTESIAN_POINT('',(62.3378618398821,-13.9040837241482,9.07827812499997));
#2559=CARTESIAN_POINT('Origin',(62.3378618398821,-9.05408372414816,9.07827812499997));
#2560=CARTESIAN_POINT('Origin',(62.3378618398821,-9.05408372414816,9.07827812499997));
#2561=CARTESIAN_POINT('Origin',(63.1321478674328,-8.09408308995472,9.77827812499994));
#2562=CARTESIAN_POINT('',(63.1321478674328,-8.09408308995472,9.17827812499995));
#2563=CARTESIAN_POINT('',(63.1321478674328,-8.09408308995472,9.77827812499994));
#2564=CARTESIAN_POINT('',(63.1321478674328,-8.09408308995472,9.17827812499995));
#2565=CARTESIAN_POINT('Ctrl Pts',(63.2978618929303,-8.16265465749012,9.77827812499994));
#2566=CARTESIAN_POINT('Ctrl Pts',(63.2978618929303,-8.16265465749012,9.17827812499995));
#2567=CARTESIAN_POINT('Ctrl Pts',(63.2738064044731,-8.14265461830253,9.77827812499994));
#2568=CARTESIAN_POINT('Ctrl Pts',(63.2738064044731,-8.14265461830253,9.17827812499995));
#2569=CARTESIAN_POINT('Ctrl Pts',(63.2256720817705,-8.10263512994182,9.77827812499994));
#2570=CARTESIAN_POINT('Ctrl Pts',(63.2256720817705,-8.10263512994182,9.17827812499995));
#2571=CARTESIAN_POINT('Ctrl Pts',(63.1633326840251,-8.09693469154663,9.77827812499994));
#2572=CARTESIAN_POINT('Ctrl Pts',(63.1633326840251,-8.09693469154663,9.17827812499995));
#2573=CARTESIAN_POINT('Ctrl Pts',(63.1321478674328,-8.09408308995472,9.77827812499994));
#2574=CARTESIAN_POINT('Ctrl Pts',(63.1321478674328,-8.09408308995472,9.17827812499995));
#2575=CARTESIAN_POINT('',(63.2978618929303,-8.16265465749012,9.17827812499995));
#2576=CARTESIAN_POINT('',(63.2978618929303,-8.16265465749012,9.77827812499994));
#2577=CARTESIAN_POINT('Ctrl Pts',(63.2978618929303,-8.16265465749012,9.17827812499995));
#2578=CARTESIAN_POINT('Ctrl Pts',(63.2738064044731,-8.14265461830253,9.17827812499995));
#2579=CARTESIAN_POINT('Ctrl Pts',(63.2256720817705,-8.10263512994182,9.17827812499995));
#2580=CARTESIAN_POINT('Ctrl Pts',(63.1633326840251,-8.09693469154663,9.17827812499995));
#2581=CARTESIAN_POINT('Ctrl Pts',(63.1321478674328,-8.09408308995472,9.17827812499995));
#2582=CARTESIAN_POINT('Ctrl Pts',(63.3664334604657,-8.33122612965809,9.77827812499994));
#2583=CARTESIAN_POINT('Ctrl Pts',(63.3664334604657,-8.33122612965809,9.17827812499995));
#2584=CARTESIAN_POINT('Ctrl Pts',(63.3636761826865,-8.2993028385022,9.77827812499994));
#2585=CARTESIAN_POINT('Ctrl Pts',(63.3636761826865,-8.2993028385022,9.17827812499995));
#2586=CARTESIAN_POINT('Ctrl Pts',(63.3582087893969,-8.23600229288341,9.77827812499994));
#2587=CARTESIAN_POINT('Ctrl Pts',(63.3582087893969,-8.23600229288341,9.17827812499995));
#2588=CARTESIAN_POINT('Ctrl Pts',(63.3178615118995,-8.18696286298287,9.77827812499994));
#2589=CARTESIAN_POINT('Ctrl Pts',(63.3178615118995,-8.18696286298287,9.17827812499995));
#2590=CARTESIAN_POINT('Ctrl Pts',(63.2978618929303,-8.16265465749012,9.77827812499994));
#2591=CARTESIAN_POINT('Ctrl Pts',(63.2978618929303,-8.16265465749012,9.17827812499995));
#2592=CARTESIAN_POINT('',(63.3664334604657,-8.33122612965809,9.17827812499995));
#2593=CARTESIAN_POINT('',(63.3664334604657,-8.33122612965809,9.77827812499994));
#2594=CARTESIAN_POINT('Ctrl Pts',(63.3664334604657,-8.33122612965809,9.17827812499995));
#2595=CARTESIAN_POINT('Ctrl Pts',(63.3636761826865,-8.2993028385022,9.17827812499995));
#2596=CARTESIAN_POINT('Ctrl Pts',(63.3582087893969,-8.23600229288341,9.17827812499995));
#2597=CARTESIAN_POINT('Ctrl Pts',(63.3178615118995,-8.18696286298287,9.17827812499995));
#2598=CARTESIAN_POINT('Ctrl Pts',(63.2978618929303,-8.16265465749012,9.17827812499995));
#2599=CARTESIAN_POINT('Ctrl Pts',(63.2978618929303,-8.49979760182606,9.77827812499994));
#2600=CARTESIAN_POINT('Ctrl Pts',(63.2978618929303,-8.49979760182606,9.17827812499995));
#2601=CARTESIAN_POINT('Ctrl Pts',(63.3178615118995,-8.47548939633331,9.77827812499994));
#2602=CARTESIAN_POINT('Ctrl Pts',(63.3178615118995,-8.47548939633331,9.17827812499995));
#2603=CARTESIAN_POINT('Ctrl Pts',(63.3582087893969,-8.42644996643277,9.77827812499994));
#2604=CARTESIAN_POINT('Ctrl Pts',(63.3582087893969,-8.42644996643277,9.17827812499995));
#2605=CARTESIAN_POINT('Ctrl Pts',(63.3636761826865,-8.36314942081398,9.77827812499994));
#2606=CARTESIAN_POINT('Ctrl Pts',(63.3636761826865,-8.36314942081398,9.17827812499995));
#2607=CARTESIAN_POINT('Ctrl Pts',(63.3664334604657,-8.33122612965809,9.77827812499994));
#2608=CARTESIAN_POINT('Ctrl Pts',(63.3664334604657,-8.33122612965809,9.17827812499995));
#2609=CARTESIAN_POINT('',(63.2978618929303,-8.49979760182606,9.17827812499995));
#2610=CARTESIAN_POINT('',(63.2978618929303,-8.49979760182606,9.77827812499994));
#2611=CARTESIAN_POINT('Ctrl Pts',(63.2978618929303,-8.49979760182606,9.17827812499995));
#2612=CARTESIAN_POINT('Ctrl Pts',(63.3178615118995,-8.47548939633331,9.17827812499995));
#2613=CARTESIAN_POINT('Ctrl Pts',(63.3582087893969,-8.42644996643277,9.17827812499995));
#2614=CARTESIAN_POINT('Ctrl Pts',(63.3636761826865,-8.36314942081398,9.17827812499995));
#2615=CARTESIAN_POINT('Ctrl Pts',(63.3664334604657,-8.33122612965809,9.17827812499995));
#2616=CARTESIAN_POINT('Ctrl Pts',(63.1321478674328,-8.56836887133823,9.77827812499994));
#2617=CARTESIAN_POINT('Ctrl Pts',(63.1321478674328,-8.56836887133823,9.17827812499995));
#2618=CARTESIAN_POINT('Ctrl Pts',(63.1633326735483,-8.56551725534449,9.77827812499994));
#2619=CARTESIAN_POINT('Ctrl Pts',(63.1633326735483,-8.56551725534449,9.17827812499995));
#2620=CARTESIAN_POINT('Ctrl Pts',(63.2256719933522,-8.55981679337162,9.77827812499994));
#2621=CARTESIAN_POINT('Ctrl Pts',(63.2256719933522,-8.55981679337162,9.17827812499995));
#2622=CARTESIAN_POINT('Ctrl Pts',(63.2738063896894,-8.5197975168443,9.77827812499994));
#2623=CARTESIAN_POINT('Ctrl Pts',(63.2738063896894,-8.5197975168443,9.17827812499995));
#2624=CARTESIAN_POINT('Ctrl Pts',(63.2978618929303,-8.49979760182606,9.77827812499994));
#2625=CARTESIAN_POINT('Ctrl Pts',(63.2978618929303,-8.49979760182606,9.17827812499995));
#2626=CARTESIAN_POINT('',(63.1321478674328,-8.56836887133823,9.17827812499995));
#2627=CARTESIAN_POINT('',(63.1321478674328,-8.56836887133823,9.77827812499994));
#2628=CARTESIAN_POINT('Ctrl Pts',(63.1321478674328,-8.56836887133823,9.17827812499995));
#2629=CARTESIAN_POINT('Ctrl Pts',(63.1633326735483,-8.56551725534449,9.17827812499995));
#2630=CARTESIAN_POINT('Ctrl Pts',(63.2256719933522,-8.55981679337162,9.17827812499995));
#2631=CARTESIAN_POINT('Ctrl Pts',(63.2738063896894,-8.5197975168443,9.17827812499995));
#2632=CARTESIAN_POINT('Ctrl Pts',(63.2978618929303,-8.49979760182606,9.17827812499995));
#2633=CARTESIAN_POINT('Origin',(61.4921475241101,-8.56836887133823,9.77827812499994));
#2634=CARTESIAN_POINT('',(61.4921475241101,-8.56836887133823,9.17827812499994));
#2635=CARTESIAN_POINT('',(61.4921475241101,-8.56836887133823,9.77827812499994));
#2636=CARTESIAN_POINT('',(61.4921475241101,-8.56836887133823,9.17827812499994));
#2637=CARTESIAN_POINT('Origin',(61.4921475241101,-9.53979762328373,9.77827812499994));
#2638=CARTESIAN_POINT('',(61.4921475241101,-9.53979762328373,9.17827812499994));
#2639=CARTESIAN_POINT('Ctrl Pts',(63.1664333531773,-7.05408306849705,9.77827812499994));
#2640=CARTESIAN_POINT('Ctrl Pts',(63.1664333531773,-7.05408306849705,9.17827812499995));
#2641=CARTESIAN_POINT('Ctrl Pts',(63.331515041919,-7.06916480485983,9.77827812499994));
#2642=CARTESIAN_POINT('Ctrl Pts',(63.331515041919,-7.06916480485983,9.17827812499995));
#2643=CARTESIAN_POINT('Ctrl Pts',(63.6614750046642,-7.09930969377105,9.77827812499994));
#2644=CARTESIAN_POINT('Ctrl Pts',(63.6614750046642,-7.09930969377105,9.17827812499995));
#2645=CARTESIAN_POINT('Ctrl Pts',(63.9162616906394,-7.31110698817988,9.77827812499994));
#2646=CARTESIAN_POINT('Ctrl Pts',(63.9162616906394,-7.31110698817988,9.17827812499995));
#2647=CARTESIAN_POINT('Ctrl Pts',(64.0435764977849,-7.41694035065876,9.77827812499994));
#2648=CARTESIAN_POINT('Ctrl Pts',(64.0435764977849,-7.41694035065876,9.17827812499995));
#2649=CARTESIAN_POINT('',(63.1664333531773,-7.05408306849705,9.17827812499995));
#2650=CARTESIAN_POINT('',(63.1664333531773,-7.05408306849705,9.77827812499994));
#2651=CARTESIAN_POINT('Ctrl Pts',(63.1664333531773,-7.05408306849705,9.17827812499995));
#2652=CARTESIAN_POINT('Ctrl Pts',(63.331515041919,-7.06916480485983,9.17827812499995));
#2653=CARTESIAN_POINT('Ctrl Pts',(63.6614750046642,-7.09930969377105,9.17827812499995));
#2654=CARTESIAN_POINT('Ctrl Pts',(63.9162616906394,-7.31110698817988,9.17827812499995));
#2655=CARTESIAN_POINT('Ctrl Pts',(64.0435764977849,-7.41694035065876,9.17827812499995));
#2656=CARTESIAN_POINT('Origin',(60.1378616729891,-7.05408306849705,9.77827812499994));
#2657=CARTESIAN_POINT('',(60.1378616729891,-7.05408306849705,9.17827812499994));
#2658=CARTESIAN_POINT('',(60.1378616729891,-7.05408306849705,9.77827812499994));
#2659=CARTESIAN_POINT('',(60.1378616729891,-7.05408306849705,9.17827812499994));
#2660=CARTESIAN_POINT('Origin',(60.1378616729891,-11.0540834261249,9.77827812499994));
#2661=CARTESIAN_POINT('',(60.1378616729891,-11.0540834261249,9.17827812499994));
#2662=CARTESIAN_POINT('',(60.1378616729891,-11.0540834261249,9.77827812499994));
#2663=CARTESIAN_POINT('',(60.1378616729891,-11.0540834261249,9.17827812499994));
#2664=CARTESIAN_POINT('Origin',(63.2921478936589,-11.0540834261249,9.77827812499994));
#2665=CARTESIAN_POINT('',(63.2921478936589,-11.0540834261249,9.17827812499995));
#2666=CARTESIAN_POINT('Origin',(62.3378619963443,-9.05408324731098,9.17827812499995));
#2667=CARTESIAN_POINT('Origin',(62.3378618398821,-9.05408372414817,-2.62172187500004));
#2668=CARTESIAN_POINT('',(65.0764746274079,-10.8040837241482,-4.12172187500003));
#2669=CARTESIAN_POINT('',(68.3378618398821,-10.8040837241482,-1.12172187500003));
#2670=CARTESIAN_POINT('Ctrl Pts',(68.3378618398904,-10.8040837241482,-1.12172187499205));
#2671=CARTESIAN_POINT('Ctrl Pts',(66.1922123579919,-10.8040837241482,-3.1815453776149));
#2672=CARTESIAN_POINT('Ctrl Pts',(65.0764746274065,-10.8040837241482,-4.12172187500129));
#2673=CARTESIAN_POINT('',(56.3378618398821,-10.8040837241482,-1.12172187500003));
#2674=CARTESIAN_POINT('Origin',(62.3378618398821,-9.05408372414817,-1.12172187500004));
#2675=CARTESIAN_POINT('',(59.5992490523563,-10.8040837241482,-4.12172187500003));
#2676=CARTESIAN_POINT('Ctrl Pts',(59.5992490523578,-10.8040837241482,-4.1217218750013));
#2677=CARTESIAN_POINT('Ctrl Pts',(58.4835113217724,-10.8040837241482,-3.18154537761491));
#2678=CARTESIAN_POINT('Ctrl Pts',(56.3378618398738,-10.8040837241482,-1.12172187499204));
#2679=CARTESIAN_POINT('Origin',(62.3378618398821,-9.05408372414817,-4.12172187500004));
#2680=CARTESIAN_POINT('Origin',(60.7835725180008,-9.05408372414817,-4.12172187500004));
#2681=CARTESIAN_POINT('',(66.8611349910416,-10.8040837241482,-4.12172187500004));
#2682=CARTESIAN_POINT('',(65.6150065008228,-10.8040837241482,-4.12172187500003));
#2683=CARTESIAN_POINT('',(57.8145886887227,-10.8040837241482,-4.12172187500004));
#2684=CARTESIAN_POINT('',(59.2990806033617,-10.8040837241482,-4.12172187500003));
#2685=CARTESIAN_POINT('',(57.8145886887227,-7.30408372414817,-4.12172187500004));
#2686=CARTESIAN_POINT('',(57.8145886887227,-8.17908372414817,-4.12172187500004));
#2687=CARTESIAN_POINT('',(56.3378618398821,-7.30408372414817,-4.12172187500004));
#2688=CARTESIAN_POINT('',(58.2835725180008,-7.30408372414817,-4.12172187500004));
#2689=CARTESIAN_POINT('',(68.3378618398821,-7.30408372414819,-4.12172187500004));
#2690=CARTESIAN_POINT('Origin',(62.3378618398821,-9.05408372414817,-4.12172187500004));
#2691=CARTESIAN_POINT('',(66.8611349910416,-7.30408372414818,-4.12172187500004));
#2692=CARTESIAN_POINT('',(64.5994984154619,-7.30408372414818,-4.12172187500004));
#2693=CARTESIAN_POINT('',(66.8611349910416,-9.92908372414817,-4.12172187500004));
#2694=CARTESIAN_POINT('Origin',(62.3378618398821,-9.05408372414817,3.02827812499996));
#2695=CARTESIAN_POINT('',(67.8150874149338,-7.30408372414819,3.27827812499996));
#2696=CARTESIAN_POINT('',(68.3378618398821,-7.30408372414819,2.77827812499996));
#2697=CARTESIAN_POINT('Ctrl Pts',(68.3378618398821,-7.30408372414819,2.77827812499996));
#2698=CARTESIAN_POINT('Ctrl Pts',(68.0655834935549,-7.30408372414818,3.03966533747409));
#2699=CARTESIAN_POINT('Ctrl Pts',(67.8150874149338,-7.30408372414818,3.27827812499996));
#2700=CARTESIAN_POINT('',(56.3378618398821,-7.30408372414817,2.77827812499996));
#2701=CARTESIAN_POINT('Origin',(62.3378618398821,-9.05408372414817,2.77827812499997));
#2702=CARTESIAN_POINT('',(56.8606362648305,-7.30408372414817,3.27827812499996));
#2703=CARTESIAN_POINT('Ctrl Pts',(56.8606362648305,-7.30408372414817,3.27827812499996));
#2704=CARTESIAN_POINT('Ctrl Pts',(56.6101401862092,-7.30408372414817,3.03966533747399));
#2705=CARTESIAN_POINT('Ctrl Pts',(56.3378618398821,-7.30408372414817,2.77827812499996));
#2706=CARTESIAN_POINT('Origin',(62.3378618398821,-9.05408372414817,3.27827812499996));
#2707=CARTESIAN_POINT('Origin',(62.3378618398821,-9.05408372414817,-4.12172187500004));
#2708=CARTESIAN_POINT('',(68.3378618398821,-7.30408372414819,-4.12172187500004));
#2709=CARTESIAN_POINT('',(56.3378618398821,-7.30408372414817,-4.12172187500004));
#2710=CARTESIAN_POINT('Origin',(62.3378618398821,-9.05408372414817,3.02827812499996));
#2711=CARTESIAN_POINT('',(56.8606362648305,-10.8040837241482,3.27827812499997));
#2712=CARTESIAN_POINT('',(56.3378618398821,-10.8040837241482,2.77827812499997));
#2713=CARTESIAN_POINT('Ctrl Pts',(56.3378618398821,-10.8040837241482,2.77827812499997));
#2714=CARTESIAN_POINT('Ctrl Pts',(56.6101401862092,-10.8040837241482,3.03966533747395));
#2715=CARTESIAN_POINT('Ctrl Pts',(56.8606362648305,-10.8040837241482,3.27827812499997));
#2716=CARTESIAN_POINT('',(68.3378618398821,-10.8040837241482,2.77827812499997));
#2717=CARTESIAN_POINT('Origin',(62.3378618398821,-9.05408372414817,2.77827812499997));
#2718=CARTESIAN_POINT('',(67.8150874149338,-10.8040837241482,3.27827812499997));
#2719=CARTESIAN_POINT('Ctrl Pts',(67.8150874149338,-10.8040837241482,3.27827812499997));
#2720=CARTESIAN_POINT('Ctrl Pts',(68.0655834935523,-10.8040837241482,3.03966533747662));
#2721=CARTESIAN_POINT('Ctrl Pts',(68.3378618398821,-10.8040837241482,2.77827812499997));
#2722=CARTESIAN_POINT('Origin',(62.3378618398821,-9.05408372414817,3.27827812499996));
#2723=CARTESIAN_POINT('Origin',(62.3378618398821,-9.05408372414817,-4.12172187500004));
#2724=CARTESIAN_POINT('',(68.3378618398821,-10.8040837241482,-4.12172187500003));
#2725=CARTESIAN_POINT('',(56.3378618398821,-10.8040837241482,-4.12172187500003));
#2726=CARTESIAN_POINT('Origin',(60.7835725180008,-9.05408372414817,3.27827812499996));
#2727=CARTESIAN_POINT('',(54.2292831961194,-7.30408372414816,3.27827812499996));
#2728=CARTESIAN_POINT('',(70.4464404836448,-7.30408372414819,3.27827812499996));
#2729=CARTESIAN_POINT('',(55.9792831961194,-9.0540837241482,3.27827812499996));
#2730=CARTESIAN_POINT('',(55.9792831961194,-9.0540837241482,3.27827812499996));
#2731=CARTESIAN_POINT('',(54.2292831961194,-10.8040837241482,3.27827812499996));
#2732=CARTESIAN_POINT('',(51.8378618398805,-13.1955050803871,3.27827812499997));
#2733=CARTESIAN_POINT('',(54.2292831961194,-10.8040837241482,3.27827812499996));
#2734=CARTESIAN_POINT('',(70.4464404836448,-10.8040837241482,3.27827812499996));
#2735=CARTESIAN_POINT('',(54.2292831961194,-10.8040837241482,3.27827812499996));
#2736=CARTESIAN_POINT('',(68.6964404836448,-9.0540837241482,3.27827812499996));
#2737=CARTESIAN_POINT('',(68.6964404836448,-9.0540837241482,3.27827812499996));
#2738=CARTESIAN_POINT('',(70.4464404836448,-7.30408372414819,3.27827812499996));
#2739=CARTESIAN_POINT('',(72.8378618398821,-4.91266236791086,3.27827812499996));
#2740=CARTESIAN_POINT('',(70.4464404836448,-7.30408372414819,3.27827812499996));
#2741=CARTESIAN_POINT('',(62.3378618398821,-13.9040837241482,3.27827812499997));
#2742=CARTESIAN_POINT('Origin',(62.3378618398821,-9.05408372414817,3.27827812499996));
#2743=CARTESIAN_POINT('Origin',(70.4464404836448,-10.8040837241482,3.27827812499996));
#2744=CARTESIAN_POINT('',(66.8611349910416,-10.8040837241482,-7.77172187500003));
#2745=CARTESIAN_POINT('',(66.8611349910416,-10.8040837241482,3.27827812499996));
#2746=CARTESIAN_POINT('',(70.4464404836448,-10.8040837241482,-7.77172187500003));
#2747=CARTESIAN_POINT('',(66.3921511617635,-10.8040837241482,-7.77172187500003));
#2748=CARTESIAN_POINT('',(70.4464404836448,-10.8040837241482,3.27827812499996));
#2749=CARTESIAN_POINT('Origin',(62.3378618398821,-9.05408372414817,3.27827812499996));
#2750=CARTESIAN_POINT('',(62.3378618398821,-13.9040837241482,3.27827812499997));
#2751=CARTESIAN_POINT('Origin',(57.8145886887227,-10.8040837241482,3.27827812499996));
#2752=CARTESIAN_POINT('',(54.2292831961194,-10.8040837241482,-7.77172187500003));
#2753=CARTESIAN_POINT('',(54.2292831961194,-10.8040837241482,3.27827812499996));
#2754=CARTESIAN_POINT('',(57.8145886887227,-10.8040837241482,-7.77172187500003));
#2755=CARTESIAN_POINT('',(56.9182623155719,-10.8040837241482,-7.77172187500003));
#2756=CARTESIAN_POINT('',(57.8145886887227,-10.8040837241482,3.27827812499996));
#2757=CARTESIAN_POINT('Origin',(62.3378618398821,-9.05408372414818,-7.77172187500003));
#2758=CARTESIAN_POINT('',(70.4464404836448,-7.3040837241482,-7.77172187500004));
#2759=CARTESIAN_POINT('',(66.8611349910416,-7.30408372414817,-7.77172187500004));
#2760=CARTESIAN_POINT('',(64.5994984154619,-7.30408372414819,-7.77172187500004));
#2761=CARTESIAN_POINT('',(68.6964404836448,-9.05408372414821,-7.77172187500003));
#2762=CARTESIAN_POINT('',(67.9817958227042,-9.76872838508888,-7.77172187500003));
#2763=CARTESIAN_POINT('',(67.1067958227041,-7.46443906320752,-7.77172187500004));
#2764=CARTESIAN_POINT('',(66.8611349910416,-9.92908372414818,-7.77172187500003));
#2765=CARTESIAN_POINT('Origin',(56.021935942421,-9.05408372414817,-7.77172187500003));
#2766=CARTESIAN_POINT('',(55.9792831961194,-9.05408372414821,-7.77172187500003));
#2767=CARTESIAN_POINT('',(55.1149463826948,-9.91842053757281,-7.77172187500003));
#2768=CARTESIAN_POINT('',(54.2292831961194,-7.30408372414815,-7.77172187500004));
#2769=CARTESIAN_POINT('',(55.9899463826948,-9.06474691072361,-7.77172187500003));
#2770=CARTESIAN_POINT('',(57.8145886887227,-7.30408372414816,-7.77172187500004));
#2771=CARTESIAN_POINT('',(55.1256095692702,-7.30408372414817,-7.77172187500004));
#2772=CARTESIAN_POINT('',(57.8145886887227,-8.17908372414817,-7.77172187500004));
#2773=CARTESIAN_POINT('Origin',(68.6964404836448,-9.0540837241482,3.27827812499996));
#2774=CARTESIAN_POINT('',(68.6964404836448,-9.0540837241482,3.27827812499996));
#2775=CARTESIAN_POINT('Origin',(57.8145886887227,-7.30408372414815,-4.27172187500004));
#2776=CARTESIAN_POINT('',(57.8145886887227,-7.30408372414817,3.27827812499996));
#2777=CARTESIAN_POINT('Origin',(54.2292831961194,-7.30408372414816,3.27827812499996));
#2778=CARTESIAN_POINT('',(54.2292831961194,-7.30408372414816,3.27827812499996));
#2779=CARTESIAN_POINT('Origin',(66.8611349910416,-10.8040837241482,-4.27172187500003));
#2780=CARTESIAN_POINT('',(66.8611349910416,-7.30408372414818,3.27827812499996));
#2781=CARTESIAN_POINT('Origin',(70.4464404836448,-7.3040837241482,3.27827812499996));
#2782=CARTESIAN_POINT('',(70.4464404836448,-7.30408372414819,3.27827812499996));
#2783=CARTESIAN_POINT('Origin',(66.8611349910416,-7.30408372414818,3.27827812499996));
#2784=CARTESIAN_POINT('Origin',(55.9792831961194,-9.0540837241482,3.27827812499996));
#2785=CARTESIAN_POINT('',(55.9792831961194,-9.0540837241482,3.27827812499996));
#2786=CARTESIAN_POINT('Origin',(54.2292831961194,-10.8040837241482,3.27827812499997));
#2787=UNCERTAINTY_MEASURE_WITH_UNIT(LENGTH_MEASURE(0.01),#2791,
'DISTANCE_ACCURACY_VALUE',
'Maximum model space distance between geometric entities at asserted c
onnectivities');
#2788=UNCERTAINTY_MEASURE_WITH_UNIT(LENGTH_MEASURE(0.01),#2791,
'DISTANCE_ACCURACY_VALUE',
'Maximum model space distance between geometric entities at asserted c
onnectivities');
#2789=(
GEOMETRIC_REPRESENTATION_CONTEXT(3)
GLOBAL_UNCERTAINTY_ASSIGNED_CONTEXT((#2787))
GLOBAL_UNIT_ASSIGNED_CONTEXT((#2791,#2793,#2794))
REPRESENTATION_CONTEXT('','3D')
);
#2790=(
GEOMETRIC_REPRESENTATION_CONTEXT(3)
GLOBAL_UNCERTAINTY_ASSIGNED_CONTEXT((#2788))
GLOBAL_UNIT_ASSIGNED_CONTEXT((#2791,#2793,#2794))
REPRESENTATION_CONTEXT('','3D')
);
#2791=(
LENGTH_UNIT()
NAMED_UNIT(*)
SI_UNIT(.MILLI.,.METRE.)
);
#2792=(
LENGTH_UNIT()
NAMED_UNIT(*)
SI_UNIT($,.METRE.)
);
#2793=(
NAMED_UNIT(*)
PLANE_ANGLE_UNIT()
SI_UNIT($,.RADIAN.)
);
#2794=(
NAMED_UNIT(*)
SI_UNIT($,.STERADIAN.)
SOLID_ANGLE_UNIT()
);
#2795=SHAPE_DEFINITION_REPRESENTATION(#2796,#2797);
#2796=PRODUCT_DEFINITION_SHAPE('',$,#2799);
#2797=SHAPE_REPRESENTATION('',(#1220),#2789);
#2798=PRODUCT_DEFINITION_CONTEXT('part definition',#2803,'design');
#2799=PRODUCT_DEFINITION('2026-08-13-17-43-46-062','Face Button B',#2800,
#2798);
#2800=PRODUCT_DEFINITION_FORMATION('',$,#2805);
#2801=PRODUCT_RELATED_PRODUCT_CATEGORY('Face Button B','Face Button B',
(#2805));
#2802=APPLICATION_PROTOCOL_DEFINITION('international standard',
'automotive_design',2009,#2803);
#2803=APPLICATION_CONTEXT(
'Core Data for Automotive Mechanical Design Process');
#2804=PRODUCT_CONTEXT('part definition',#2803,'mechanical');
#2805=PRODUCT('2026-08-13-17-43-46-062','Face Button B',$,(#2804));
#2806=PRESENTATION_STYLE_ASSIGNMENT((#2808));
#2807=PRESENTATION_STYLE_ASSIGNMENT((#2809));
#2808=SURFACE_STYLE_USAGE(.BOTH.,#2810);
#2809=SURFACE_STYLE_USAGE(.BOTH.,#2811);
#2810=SURFACE_SIDE_STYLE('',(#2812));
#2811=SURFACE_SIDE_STYLE('',(#2813));
#2812=SURFACE_STYLE_FILL_AREA(#2814);
#2813=SURFACE_STYLE_FILL_AREA(#2815);
#2814=FILL_AREA_STYLE('Steel - Satin',(#2816));
#2815=FILL_AREA_STYLE('Plastic - Matte (Red)',(#2817));
#2816=FILL_AREA_STYLE_COLOUR('Steel - Satin',#2818);
#2817=FILL_AREA_STYLE_COLOUR('Plastic - Matte (Red)',#2819);
#2818=COLOUR_RGB('Steel - Satin',0.627450980392157,0.627450980392157,0.627450980392157);
#2819=COLOUR_RGB('Plastic - Matte (Red)',0.768627450980392,0.207843137254902,
0.152941176470588);
ENDSEC;
END-ISO-10303-21;
