ISO-10303-21;
HEADER;
/* Generated by software containing ST-Developer
 * from STEP Tools, Inc. (www.steptools.com) 
 */

FILE_DESCRIPTION(
/* description */ (''),
/* implementation_level */ '2;1');

FILE_NAME(
/* name */ 'Face Button Structure.step',
/* time_stamp */ '2026-08-13T17:45:14+02:00',
/* author */ (''),
/* organization */ (''),
/* preprocessor_version */ 'ST-DEVELOPER v20.1',
/* originating_system */ 'Autodesk Translation Framework v15.8.0.0',
/* authorisation */ '');

FILE_SCHEMA (('AUTOMOTIVE_DESIGN { 1 0 10303 214 3 1 1 }'));
ENDSEC;

DATA;
#10=MECHANICAL_DESIGN_GEOMETRIC_PRESENTATION_REPRESENTATION('',(#13),#3251);
#11=SHAPE_REPRESENTATION_RELATIONSHIP('SRR','None',#3258,#12);
#12=ADVANCED_BREP_SHAPE_REPRESENTATION('',(#14),#3250);
#13=STYLED_ITEM('',(#3267),#14);
#14=MANIFOLD_SOLID_BREP('Body1',#2017);
#15=FACE_BOUND('',#237,.T.);
#16=FACE_BOUND('',#284,.T.);
#17=PLANE('',#2040);
#18=PLANE('',#2041);
#19=PLANE('',#2042);
#20=PLANE('',#2043);
#21=PLANE('',#2044);
#22=PLANE('',#2045);
#23=PLANE('',#2046);
#24=PLANE('',#2053);
#25=PLANE('',#2054);
#26=PLANE('',#2055);
#27=PLANE('',#2056);
#28=PLANE('',#2057);
#29=PLANE('',#2058);
#30=PLANE('',#2059);
#31=PLANE('',#2060);
#32=PLANE('',#2061);
#33=PLANE('',#2062);
#34=PLANE('',#2063);
#35=PLANE('',#2064);
#36=PLANE('',#2065);
#37=PLANE('',#2066);
#38=PLANE('',#2067);
#39=PLANE('',#2068);
#40=PLANE('',#2069);
#41=PLANE('',#2070);
#42=PLANE('',#2071);
#43=PLANE('',#2072);
#44=PLANE('',#2073);
#45=PLANE('',#2074);
#46=PLANE('',#2075);
#47=PLANE('',#2076);
#48=PLANE('',#2077);
#49=PLANE('',#2078);
#50=PLANE('',#2079);
#51=PLANE('',#2080);
#52=PLANE('',#2081);
#53=PLANE('',#2082);
#54=PLANE('',#2083);
#55=PLANE('',#2084);
#56=PLANE('',#2085);
#57=PLANE('',#2086);
#58=PLANE('',#2087);
#59=PLANE('',#2088);
#60=PLANE('',#2089);
#61=PLANE('',#2090);
#62=PLANE('',#2091);
#63=PLANE('',#2092);
#64=PLANE('',#2093);
#65=PLANE('',#2094);
#66=PLANE('',#2095);
#67=PLANE('',#2096);
#68=PLANE('',#2097);
#69=PLANE('',#2098);
#70=PLANE('',#2099);
#71=PLANE('',#2100);
#72=PLANE('',#2101);
#73=PLANE('',#2102);
#74=PLANE('',#2103);
#75=PLANE('',#2104);
#76=PLANE('',#2105);
#77=PLANE('',#2106);
#78=PLANE('',#2107);
#79=PLANE('',#2108);
#80=PLANE('',#2109);
#81=PLANE('',#2110);
#82=PLANE('',#2111);
#83=PLANE('',#2112);
#84=PLANE('',#2113);
#85=PLANE('',#2114);
#86=PLANE('',#2115);
#87=PLANE('',#2116);
#88=PLANE('',#2117);
#89=PLANE('',#2118);
#90=PLANE('',#2119);
#91=PLANE('',#2120);
#92=PLANE('',#2121);
#93=PLANE('',#2122);
#94=PLANE('',#2123);
#95=PLANE('',#2124);
#96=PLANE('',#2125);
#97=PLANE('',#2126);
#98=PLANE('',#2127);
#99=PLANE('',#2128);
#100=PLANE('',#2129);
#101=PLANE('',#2130);
#102=PLANE('',#2131);
#103=PLANE('',#2132);
#104=PLANE('',#2133);
#105=PLANE('',#2134);
#106=PLANE('',#2135);
#107=PLANE('',#2136);
#108=PLANE('',#2137);
#109=PLANE('',#2138);
#110=B_SPLINE_CURVE_WITH_KNOTS('',3,(#2651,#2652,#2653,#2654),
 .UNSPECIFIED.,.F.,.F.,(4,4),(0.,0.44946999524219),.UNSPECIFIED.);
#111=B_SPLINE_CURVE_WITH_KNOTS('',3,(#2658,#2659,#2660,#2661),
 .UNSPECIFIED.,.F.,.F.,(4,4),(-1.14041765785753,-0.579323731001829),
 .UNSPECIFIED.);
#112=B_SPLINE_CURVE_WITH_KNOTS('',3,(#2665,#2666,#2667,#2668),
 .UNSPECIFIED.,.F.,.F.,(4,4),(1.08914183011174,1.14041765785753),
 .UNSPECIFIED.);
#113=B_SPLINE_CURVE_WITH_KNOTS('',3,(#2669,#2670,#2671,#2672),
 .UNSPECIFIED.,.F.,.F.,(4,4),(0.0500000000000005,0.963900000000004),
 .UNSPECIFIED.);
#114=B_SPLINE_CURVE_WITH_KNOTS('',3,(#2689,#2690,#2691,#2692),
 .UNSPECIFIED.,.F.,.F.,(4,4),(0.,0.913900000000003),.UNSPECIFIED.);
#115=B_SPLINE_CURVE_WITH_KNOTS('',3,(#2693,#2694,#2695,#2696,#2697,#2698,
#2699),.UNSPECIFIED.,.F.,.F.,(4,3,4),(-0.410432459998386,-0.315665277875952,
-0.114876910877015),.UNSPECIFIED.);
#116=B_SPLINE_CURVE_WITH_KNOTS('',3,(#2701,#2702,#2703,#2704,#2705,#2706,
#2707),.UNSPECIFIED.,.F.,.F.,(4,3,4),(0.,0.315665277875952,0.410432459998386),
 .UNSPECIFIED.);
#117=B_SPLINE_CURVE_WITH_KNOTS('',3,(#2710,#2711,#2712,#2713),
 .UNSPECIFIED.,.F.,.F.,(4,4),(0.0603254216759647,0.16356551643581),
 .UNSPECIFIED.);
#118=B_SPLINE_SURFACE_WITH_KNOTS('',3,1,((#2641,#2642),(#2643,#2644),(#2645,
#2646),(#2647,#2648)),.UNSPECIFIED.,.F.,.F.,.F.,(4,4),(2,2),(-1.14041765785753,
-0.579323731001829),(0.,1.305),.UNSPECIFIED.);
#119=B_SPLINE_SURFACE_WITH_KNOTS('',3,1,((#2673,#2674),(#2675,#2676),(#2677,
#2678),(#2679,#2680),(#2681,#2682),(#2683,#2684),(#2685,#2686)),
 .UNSPECIFIED.,.F.,.F.,.F.,(4,3,4),(2,2),(0.,0.315665277875952,0.410432459998386),
(0.,1.305),.UNSPECIFIED.);
#120=FACE_OUTER_BOUND('',#220,.T.);
#121=FACE_OUTER_BOUND('',#221,.T.);
#122=FACE_OUTER_BOUND('',#222,.T.);
#123=FACE_OUTER_BOUND('',#223,.T.);
#124=FACE_OUTER_BOUND('',#224,.T.);
#125=FACE_OUTER_BOUND('',#225,.T.);
#126=FACE_OUTER_BOUND('',#226,.T.);
#127=FACE_OUTER_BOUND('',#227,.T.);
#128=FACE_OUTER_BOUND('',#228,.T.);
#129=FACE_OUTER_BOUND('',#229,.T.);
#130=FACE_OUTER_BOUND('',#230,.T.);
#131=FACE_OUTER_BOUND('',#231,.T.);
#132=FACE_OUTER_BOUND('',#232,.T.);
#133=FACE_OUTER_BOUND('',#233,.T.);
#134=FACE_OUTER_BOUND('',#234,.T.);
#135=FACE_OUTER_BOUND('',#235,.T.);
#136=FACE_OUTER_BOUND('',#236,.T.);
#137=FACE_OUTER_BOUND('',#238,.T.);
#138=FACE_OUTER_BOUND('',#239,.T.);
#139=FACE_OUTER_BOUND('',#240,.T.);
#140=FACE_OUTER_BOUND('',#241,.T.);
#141=FACE_OUTER_BOUND('',#242,.T.);
#142=FACE_OUTER_BOUND('',#243,.T.);
#143=FACE_OUTER_BOUND('',#244,.T.);
#144=FACE_OUTER_BOUND('',#245,.T.);
#145=FACE_OUTER_BOUND('',#246,.T.);
#146=FACE_OUTER_BOUND('',#247,.T.);
#147=FACE_OUTER_BOUND('',#248,.T.);
#148=FACE_OUTER_BOUND('',#249,.T.);
#149=FACE_OUTER_BOUND('',#250,.T.);
#150=FACE_OUTER_BOUND('',#251,.T.);
#151=FACE_OUTER_BOUND('',#252,.T.);
#152=FACE_OUTER_BOUND('',#253,.T.);
#153=FACE_OUTER_BOUND('',#254,.T.);
#154=FACE_OUTER_BOUND('',#255,.T.);
#155=FACE_OUTER_BOUND('',#256,.T.);
#156=FACE_OUTER_BOUND('',#257,.T.);
#157=FACE_OUTER_BOUND('',#258,.T.);
#158=FACE_OUTER_BOUND('',#259,.T.);
#159=FACE_OUTER_BOUND('',#260,.T.);
#160=FACE_OUTER_BOUND('',#261,.T.);
#161=FACE_OUTER_BOUND('',#262,.T.);
#162=FACE_OUTER_BOUND('',#263,.T.);
#163=FACE_OUTER_BOUND('',#264,.T.);
#164=FACE_OUTER_BOUND('',#265,.T.);
#165=FACE_OUTER_BOUND('',#266,.T.);
#166=FACE_OUTER_BOUND('',#267,.T.);
#167=FACE_OUTER_BOUND('',#268,.T.);
#168=FACE_OUTER_BOUND('',#269,.T.);
#169=FACE_OUTER_BOUND('',#270,.T.);
#170=FACE_OUTER_BOUND('',#271,.T.);
#171=FACE_OUTER_BOUND('',#272,.T.);
#172=FACE_OUTER_BOUND('',#273,.T.);
#173=FACE_OUTER_BOUND('',#274,.T.);
#174=FACE_OUTER_BOUND('',#275,.T.);
#175=FACE_OUTER_BOUND('',#276,.T.);
#176=FACE_OUTER_BOUND('',#277,.T.);
#177=FACE_OUTER_BOUND('',#278,.T.);
#178=FACE_OUTER_BOUND('',#279,.T.);
#179=FACE_OUTER_BOUND('',#280,.T.);
#180=FACE_OUTER_BOUND('',#281,.T.);
#181=FACE_OUTER_BOUND('',#282,.T.);
#182=FACE_OUTER_BOUND('',#283,.T.);
#183=FACE_OUTER_BOUND('',#285,.T.);
#184=FACE_OUTER_BOUND('',#286,.T.);
#185=FACE_OUTER_BOUND('',#287,.T.);
#186=FACE_OUTER_BOUND('',#288,.T.);
#187=FACE_OUTER_BOUND('',#289,.T.);
#188=FACE_OUTER_BOUND('',#290,.T.);
#189=FACE_OUTER_BOUND('',#291,.T.);
#190=FACE_OUTER_BOUND('',#292,.T.);
#191=FACE_OUTER_BOUND('',#293,.T.);
#192=FACE_OUTER_BOUND('',#294,.T.);
#193=FACE_OUTER_BOUND('',#295,.T.);
#194=FACE_OUTER_BOUND('',#296,.T.);
#195=FACE_OUTER_BOUND('',#297,.T.);
#196=FACE_OUTER_BOUND('',#298,.T.);
#197=FACE_OUTER_BOUND('',#299,.T.);
#198=FACE_OUTER_BOUND('',#300,.T.);
#199=FACE_OUTER_BOUND('',#301,.T.);
#200=FACE_OUTER_BOUND('',#302,.T.);
#201=FACE_OUTER_BOUND('',#303,.T.);
#202=FACE_OUTER_BOUND('',#304,.T.);
#203=FACE_OUTER_BOUND('',#305,.T.);
#204=FACE_OUTER_BOUND('',#306,.T.);
#205=FACE_OUTER_BOUND('',#307,.T.);
#206=FACE_OUTER_BOUND('',#308,.T.);
#207=FACE_OUTER_BOUND('',#309,.T.);
#208=FACE_OUTER_BOUND('',#310,.T.);
#209=FACE_OUTER_BOUND('',#311,.T.);
#210=FACE_OUTER_BOUND('',#312,.T.);
#211=FACE_OUTER_BOUND('',#313,.T.);
#212=FACE_OUTER_BOUND('',#314,.T.);
#213=FACE_OUTER_BOUND('',#315,.T.);
#214=FACE_OUTER_BOUND('',#316,.T.);
#215=FACE_OUTER_BOUND('',#317,.T.);
#216=FACE_OUTER_BOUND('',#318,.T.);
#217=FACE_OUTER_BOUND('',#319,.T.);
#218=FACE_OUTER_BOUND('',#320,.T.);
#219=FACE_OUTER_BOUND('',#321,.T.);
#220=EDGE_LOOP('',(#1340,#1341,#1342,#1343));
#221=EDGE_LOOP('',(#1344,#1345,#1346,#1347));
#222=EDGE_LOOP('',(#1348,#1349,#1350,#1351,#1352,#1353));
#223=EDGE_LOOP('',(#1354,#1355,#1356,#1357,#1358,#1359));
#224=EDGE_LOOP('',(#1360,#1361,#1362,#1363));
#225=EDGE_LOOP('',(#1364,#1365,#1366,#1367,#1368,#1369,#1370,#1371));
#226=EDGE_LOOP('',(#1372,#1373,#1374,#1375,#1376,#1377,#1378,#1379,#1380,
#1381,#1382,#1383,#1384,#1385,#1386,#1387,#1388,#1389,#1390,#1391,#1392));
#227=EDGE_LOOP('',(#1393,#1394,#1395,#1396,#1397,#1398,#1399,#1400,#1401,
#1402,#1403,#1404,#1405,#1406,#1407,#1408,#1409,#1410,#1411,#1412,#1413,
#1414,#1415,#1416,#1417));
#228=EDGE_LOOP('',(#1418,#1419,#1420,#1421));
#229=EDGE_LOOP('',(#1422,#1423,#1424,#1425));
#230=EDGE_LOOP('',(#1426,#1427,#1428,#1429));
#231=EDGE_LOOP('',(#1430,#1431,#1432,#1433));
#232=EDGE_LOOP('',(#1434,#1435,#1436,#1437));
#233=EDGE_LOOP('',(#1438,#1439,#1440,#1441));
#234=EDGE_LOOP('',(#1442,#1443,#1444,#1445,#1446));
#235=EDGE_LOOP('',(#1447,#1448,#1449,#1450,#1451));
#236=EDGE_LOOP('',(#1452,#1453,#1454,#1455));
#237=EDGE_LOOP('',(#1456));
#238=EDGE_LOOP('',(#1457,#1458,#1459,#1460,#1461,#1462));
#239=EDGE_LOOP('',(#1463,#1464,#1465,#1466,#1467,#1468));
#240=EDGE_LOOP('',(#1469,#1470,#1471,#1472));
#241=EDGE_LOOP('',(#1473,#1474,#1475,#1476,#1477,#1478,#1479,#1480,#1481,
#1482,#1483,#1484,#1485,#1486,#1487,#1488,#1489,#1490,#1491,#1492));
#242=EDGE_LOOP('',(#1493,#1494,#1495,#1496,#1497,#1498,#1499,#1500,#1501,
#1502));
#243=EDGE_LOOP('',(#1503,#1504,#1505,#1506));
#244=EDGE_LOOP('',(#1507,#1508,#1509,#1510));
#245=EDGE_LOOP('',(#1511,#1512,#1513,#1514));
#246=EDGE_LOOP('',(#1515,#1516,#1517,#1518));
#247=EDGE_LOOP('',(#1519,#1520,#1521,#1522,#1523,#1524,#1525,#1526,#1527,
#1528));
#248=EDGE_LOOP('',(#1529,#1530,#1531,#1532,#1533,#1534,#1535,#1536,#1537,
#1538,#1539,#1540,#1541,#1542,#1543,#1544,#1545,#1546,#1547,#1548,#1549,
#1550,#1551,#1552,#1553,#1554,#1555,#1556,#1557,#1558,#1559,#1560,#1561,
#1562));
#249=EDGE_LOOP('',(#1563,#1564,#1565,#1566));
#250=EDGE_LOOP('',(#1567,#1568,#1569,#1570));
#251=EDGE_LOOP('',(#1571,#1572,#1573,#1574));
#252=EDGE_LOOP('',(#1575,#1576,#1577,#1578));
#253=EDGE_LOOP('',(#1579,#1580,#1581,#1582));
#254=EDGE_LOOP('',(#1583,#1584,#1585,#1586));
#255=EDGE_LOOP('',(#1587,#1588,#1589,#1590));
#256=EDGE_LOOP('',(#1591,#1592,#1593,#1594));
#257=EDGE_LOOP('',(#1595,#1596,#1597,#1598,#1599,#1600));
#258=EDGE_LOOP('',(#1601,#1602,#1603,#1604,#1605,#1606));
#259=EDGE_LOOP('',(#1607,#1608,#1609,#1610));
#260=EDGE_LOOP('',(#1611,#1612,#1613,#1614));
#261=EDGE_LOOP('',(#1615,#1616,#1617,#1618));
#262=EDGE_LOOP('',(#1619,#1620,#1621,#1622));
#263=EDGE_LOOP('',(#1623,#1624,#1625,#1626));
#264=EDGE_LOOP('',(#1627,#1628,#1629,#1630));
#265=EDGE_LOOP('',(#1631,#1632,#1633,#1634,#1635,#1636,#1637,#1638));
#266=EDGE_LOOP('',(#1639,#1640,#1641,#1642));
#267=EDGE_LOOP('',(#1643,#1644,#1645,#1646));
#268=EDGE_LOOP('',(#1647,#1648,#1649,#1650));
#269=EDGE_LOOP('',(#1651,#1652,#1653,#1654));
#270=EDGE_LOOP('',(#1655,#1656,#1657,#1658,#1659,#1660));
#271=EDGE_LOOP('',(#1661,#1662,#1663,#1664));
#272=EDGE_LOOP('',(#1665,#1666,#1667,#1668));
#273=EDGE_LOOP('',(#1669,#1670,#1671,#1672));
#274=EDGE_LOOP('',(#1673,#1674,#1675,#1676));
#275=EDGE_LOOP('',(#1677,#1678,#1679,#1680,#1681,#1682,#1683,#1684,#1685,
#1686,#1687,#1688,#1689,#1690,#1691,#1692));
#276=EDGE_LOOP('',(#1693,#1694,#1695,#1696));
#277=EDGE_LOOP('',(#1697,#1698,#1699,#1700));
#278=EDGE_LOOP('',(#1701,#1702,#1703,#1704));
#279=EDGE_LOOP('',(#1705,#1706,#1707,#1708,#1709,#1710,#1711,#1712,#1713,
#1714,#1715,#1716,#1717,#1718,#1719,#1720,#1721,#1722,#1723,#1724));
#280=EDGE_LOOP('',(#1725,#1726,#1727,#1728));
#281=EDGE_LOOP('',(#1729,#1730,#1731,#1732));
#282=EDGE_LOOP('',(#1733,#1734,#1735,#1736));
#283=EDGE_LOOP('',(#1737,#1738,#1739,#1740,#1741,#1742,#1743,#1744,#1745,
#1746,#1747,#1748,#1749,#1750,#1751,#1752,#1753,#1754,#1755,#1756));
#284=EDGE_LOOP('',(#1757));
#285=EDGE_LOOP('',(#1758,#1759,#1760,#1761));
#286=EDGE_LOOP('',(#1762,#1763,#1764,#1765));
#287=EDGE_LOOP('',(#1766,#1767,#1768,#1769));
#288=EDGE_LOOP('',(#1770,#1771,#1772,#1773,#1774,#1775));
#289=EDGE_LOOP('',(#1776,#1777,#1778,#1779,#1780,#1781,#1782,#1783));
#290=EDGE_LOOP('',(#1784,#1785,#1786,#1787));
#291=EDGE_LOOP('',(#1788,#1789,#1790,#1791));
#292=EDGE_LOOP('',(#1792,#1793,#1794,#1795));
#293=EDGE_LOOP('',(#1796,#1797,#1798,#1799));
#294=EDGE_LOOP('',(#1800,#1801,#1802,#1803));
#295=EDGE_LOOP('',(#1804,#1805,#1806,#1807));
#296=EDGE_LOOP('',(#1808,#1809,#1810,#1811));
#297=EDGE_LOOP('',(#1812,#1813,#1814,#1815));
#298=EDGE_LOOP('',(#1816,#1817,#1818,#1819));
#299=EDGE_LOOP('',(#1820,#1821,#1822,#1823));
#300=EDGE_LOOP('',(#1824,#1825,#1826,#1827));
#301=EDGE_LOOP('',(#1828,#1829,#1830,#1831));
#302=EDGE_LOOP('',(#1832,#1833,#1834,#1835));
#303=EDGE_LOOP('',(#1836,#1837,#1838,#1839));
#304=EDGE_LOOP('',(#1840,#1841,#1842,#1843));
#305=EDGE_LOOP('',(#1844,#1845,#1846,#1847));
#306=EDGE_LOOP('',(#1848,#1849,#1850,#1851));
#307=EDGE_LOOP('',(#1852,#1853,#1854,#1855));
#308=EDGE_LOOP('',(#1856,#1857,#1858,#1859));
#309=EDGE_LOOP('',(#1860,#1861,#1862,#1863));
#310=EDGE_LOOP('',(#1864,#1865,#1866,#1867));
#311=EDGE_LOOP('',(#1868,#1869,#1870,#1871));
#312=EDGE_LOOP('',(#1872,#1873,#1874,#1875));
#313=EDGE_LOOP('',(#1876,#1877,#1878,#1879));
#314=EDGE_LOOP('',(#1880,#1881,#1882,#1883));
#315=EDGE_LOOP('',(#1884,#1885,#1886,#1887));
#316=EDGE_LOOP('',(#1888,#1889,#1890,#1891));
#317=EDGE_LOOP('',(#1892,#1893,#1894,#1895));
#318=EDGE_LOOP('',(#1896,#1897,#1898,#1899));
#319=EDGE_LOOP('',(#1900,#1901,#1902,#1903));
#320=EDGE_LOOP('',(#1904,#1905,#1906,#1907));
#321=EDGE_LOOP('',(#1908,#1909,#1910,#1911));
#322=LINE('',#2631,#590);
#323=LINE('',#2634,#591);
#324=LINE('',#2639,#592);
#325=LINE('',#2656,#593);
#326=LINE('',#2663,#594);
#327=LINE('',#2709,#595);
#328=LINE('',#2719,#596);
#329=LINE('',#2722,#597);
#330=LINE('',#2724,#598);
#331=LINE('',#2726,#599);
#332=LINE('',#2728,#600);
#333=LINE('',#2730,#601);
#334=LINE('',#2732,#602);
#335=LINE('',#2733,#603);
#336=LINE('',#2736,#604);
#337=LINE('',#2738,#605);
#338=LINE('',#2740,#606);
#339=LINE('',#2742,#607);
#340=LINE('',#2744,#608);
#341=LINE('',#2746,#609);
#342=LINE('',#2748,#610);
#343=LINE('',#2750,#611);
#344=LINE('',#2752,#612);
#345=LINE('',#2754,#613);
#346=LINE('',#2756,#614);
#347=LINE('',#2758,#615);
#348=LINE('',#2760,#616);
#349=LINE('',#2762,#617);
#350=LINE('',#2764,#618);
#351=LINE('',#2766,#619);
#352=LINE('',#2768,#620);
#353=LINE('',#2770,#621);
#354=LINE('',#2772,#622);
#355=LINE('',#2773,#623);
#356=LINE('',#2776,#624);
#357=LINE('',#2777,#625);
#358=LINE('',#2779,#626);
#359=LINE('',#2781,#627);
#360=LINE('',#2783,#628);
#361=LINE('',#2785,#629);
#362=LINE('',#2787,#630);
#363=LINE('',#2789,#631);
#364=LINE('',#2791,#632);
#365=LINE('',#2793,#633);
#366=LINE('',#2795,#634);
#367=LINE('',#2797,#635);
#368=LINE('',#2799,#636);
#369=LINE('',#2801,#637);
#370=LINE('',#2803,#638);
#371=LINE('',#2805,#639);
#372=LINE('',#2807,#640);
#373=LINE('',#2809,#641);
#374=LINE('',#2810,#642);
#375=LINE('',#2813,#643);
#376=LINE('',#2814,#644);
#377=LINE('',#2816,#645);
#378=LINE('',#2818,#646);
#379=LINE('',#2822,#647);
#380=LINE('',#2824,#648);
#381=LINE('',#2826,#649);
#382=LINE('',#2827,#650);
#383=LINE('',#2832,#651);
#384=LINE('',#2839,#652);
#385=LINE('',#2842,#653);
#386=LINE('',#2845,#654);
#387=LINE('',#2846,#655);
#388=LINE('',#2847,#656);
#389=LINE('',#2850,#657);
#390=LINE('',#2851,#658);
#391=LINE('',#2852,#659);
#392=LINE('',#2856,#660);
#393=LINE('',#2858,#661);
#394=LINE('',#2860,#662);
#395=LINE('',#2862,#663);
#396=LINE('',#2863,#664);
#397=LINE('',#2866,#665);
#398=LINE('',#2868,#666);
#399=LINE('',#2870,#667);
#400=LINE('',#2872,#668);
#401=LINE('',#2873,#669);
#402=LINE('',#2877,#670);
#403=LINE('',#2879,#671);
#404=LINE('',#2881,#672);
#405=LINE('',#2882,#673);
#406=LINE('',#2885,#674);
#407=LINE('',#2887,#675);
#408=LINE('',#2889,#676);
#409=LINE('',#2891,#677);
#410=LINE('',#2893,#678);
#411=LINE('',#2895,#679);
#412=LINE('',#2897,#680);
#413=LINE('',#2899,#681);
#414=LINE('',#2901,#682);
#415=LINE('',#2903,#683);
#416=LINE('',#2905,#684);
#417=LINE('',#2907,#685);
#418=LINE('',#2909,#686);
#419=LINE('',#2911,#687);
#420=LINE('',#2913,#688);
#421=LINE('',#2915,#689);
#422=LINE('',#2917,#690);
#423=LINE('',#2919,#691);
#424=LINE('',#2920,#692);
#425=LINE('',#2923,#693);
#426=LINE('',#2925,#694);
#427=LINE('',#2927,#695);
#428=LINE('',#2929,#696);
#429=LINE('',#2931,#697);
#430=LINE('',#2933,#698);
#431=LINE('',#2935,#699);
#432=LINE('',#2936,#700);
#433=LINE('',#2939,#701);
#434=LINE('',#2940,#702);
#435=LINE('',#2943,#703);
#436=LINE('',#2944,#704);
#437=LINE('',#2947,#705);
#438=LINE('',#2948,#706);
#439=LINE('',#2951,#707);
#440=LINE('',#2952,#708);
#441=LINE('',#2955,#709);
#442=LINE('',#2957,#710);
#443=LINE('',#2959,#711);
#444=LINE('',#2961,#712);
#445=LINE('',#2962,#713);
#446=LINE('',#2964,#714);
#447=LINE('',#2966,#715);
#448=LINE('',#2967,#716);
#449=LINE('',#2969,#717);
#450=LINE('',#2970,#718);
#451=LINE('',#2972,#719);
#452=LINE('',#2974,#720);
#453=LINE('',#2976,#721);
#454=LINE('',#2978,#722);
#455=LINE('',#2980,#723);
#456=LINE('',#2982,#724);
#457=LINE('',#2984,#725);
#458=LINE('',#2986,#726);
#459=LINE('',#2988,#727);
#460=LINE('',#2990,#728);
#461=LINE('',#2992,#729);
#462=LINE('',#2994,#730);
#463=LINE('',#2996,#731);
#464=LINE('',#2998,#732);
#465=LINE('',#3000,#733);
#466=LINE('',#3002,#734);
#467=LINE('',#3004,#735);
#468=LINE('',#3006,#736);
#469=LINE('',#3008,#737);
#470=LINE('',#3010,#738);
#471=LINE('',#3012,#739);
#472=LINE('',#3014,#740);
#473=LINE('',#3015,#741);
#474=LINE('',#3018,#742);
#475=LINE('',#3020,#743);
#476=LINE('',#3021,#744);
#477=LINE('',#3024,#745);
#478=LINE('',#3025,#746);
#479=LINE('',#3028,#747);
#480=LINE('',#3029,#748);
#481=LINE('',#3032,#749);
#482=LINE('',#3033,#750);
#483=LINE('',#3036,#751);
#484=LINE('',#3037,#752);
#485=LINE('',#3040,#753);
#486=LINE('',#3041,#754);
#487=LINE('',#3044,#755);
#488=LINE('',#3045,#756);
#489=LINE('',#3048,#757);
#490=LINE('',#3049,#758);
#491=LINE('',#3052,#759);
#492=LINE('',#3054,#760);
#493=LINE('',#3055,#761);
#494=LINE('',#3058,#762);
#495=LINE('',#3060,#763);
#496=LINE('',#3062,#764);
#497=LINE('',#3063,#765);
#498=LINE('',#3065,#766);
#499=LINE('',#3068,#767);
#500=LINE('',#3069,#768);
#501=LINE('',#3071,#769);
#502=LINE('',#3073,#770);
#503=LINE('',#3075,#771);
#504=LINE('',#3078,#772);
#505=LINE('',#3079,#773);
#506=LINE('',#3081,#774);
#507=LINE('',#3082,#775);
#508=LINE('',#3084,#776);
#509=LINE('',#3086,#777);
#510=LINE('',#3088,#778);
#511=LINE('',#3090,#779);
#512=LINE('',#3092,#780);
#513=LINE('',#3093,#781);
#514=LINE('',#3095,#782);
#515=LINE('',#3098,#783);
#516=LINE('',#3100,#784);
#517=LINE('',#3102,#785);
#518=LINE('',#3103,#786);
#519=LINE('',#3106,#787);
#520=LINE('',#3107,#788);
#521=LINE('',#3110,#789);
#522=LINE('',#3111,#790);
#523=LINE('',#3113,#791);
#524=LINE('',#3115,#792);
#525=LINE('',#3117,#793);
#526=LINE('',#3119,#794);
#527=LINE('',#3120,#795);
#528=LINE('',#3122,#796);
#529=LINE('',#3124,#797);
#530=LINE('',#3126,#798);
#531=LINE('',#3128,#799);
#532=LINE('',#3129,#800);
#533=LINE('',#3131,#801);
#534=LINE('',#3133,#802);
#535=LINE('',#3134,#803);
#536=LINE('',#3136,#804);
#537=LINE('',#3137,#805);
#538=LINE('',#3141,#806);
#539=LINE('',#3143,#807);
#540=LINE('',#3145,#808);
#541=LINE('',#3146,#809);
#542=LINE('',#3148,#810);
#543=LINE('',#3149,#811);
#544=LINE('',#3151,#812);
#545=LINE('',#3153,#813);
#546=LINE('',#3154,#814);
#547=LINE('',#3156,#815);
#548=LINE('',#3160,#816);
#549=LINE('',#3162,#817);
#550=LINE('',#3164,#818);
#551=LINE('',#3166,#819);
#552=LINE('',#3168,#820);
#553=LINE('',#3170,#821);
#554=LINE('',#3172,#822);
#555=LINE('',#3174,#823);
#556=LINE('',#3176,#824);
#557=LINE('',#3178,#825);
#558=LINE('',#3179,#826);
#559=LINE('',#3181,#827);
#560=LINE('',#3182,#828);
#561=LINE('',#3184,#829);
#562=LINE('',#3187,#830);
#563=LINE('',#3190,#831);
#564=LINE('',#3193,#832);
#565=LINE('',#3195,#833);
#566=LINE('',#3197,#834);
#567=LINE('',#3199,#835);
#568=LINE('',#3201,#836);
#569=LINE('',#3203,#837);
#570=LINE('',#3205,#838);
#571=LINE('',#3207,#839);
#572=LINE('',#3209,#840);
#573=LINE('',#3212,#841);
#574=LINE('',#3214,#842);
#575=LINE('',#3216,#843);
#576=LINE('',#3219,#844);
#577=LINE('',#3221,#845);
#578=LINE('',#3223,#846);
#579=LINE('',#3225,#847);
#580=LINE('',#3227,#848);
#581=LINE('',#3229,#849);
#582=LINE('',#3231,#850);
#583=LINE('',#3233,#851);
#584=LINE('',#3235,#852);
#585=LINE('',#3237,#853);
#586=LINE('',#3239,#854);
#587=LINE('',#3241,#855);
#588=LINE('',#3243,#856);
#589=LINE('',#3246,#857);
#590=VECTOR('',#2145,10.);
#591=VECTOR('',#2148,10.);
#592=VECTOR('',#2153,10.);
#593=VECTOR('',#2156,10.);
#594=VECTOR('',#2157,10.);
#595=VECTOR('',#2158,10.);
#596=VECTOR('',#2165,10.);
#597=VECTOR('',#2168,10.);
#598=VECTOR('',#2169,10.);
#599=VECTOR('',#2170,10.);
#600=VECTOR('',#2171,10.);
#601=VECTOR('',#2172,10.);
#602=VECTOR('',#2173,10.);
#603=VECTOR('',#2174,10.);
#604=VECTOR('',#2177,10.);
#605=VECTOR('',#2178,10.);
#606=VECTOR('',#2179,10.);
#607=VECTOR('',#2180,10.);
#608=VECTOR('',#2181,10.);
#609=VECTOR('',#2182,10.);
#610=VECTOR('',#2183,10.);
#611=VECTOR('',#2184,10.);
#612=VECTOR('',#2185,10.);
#613=VECTOR('',#2186,10.);
#614=VECTOR('',#2187,10.);
#615=VECTOR('',#2188,10.);
#616=VECTOR('',#2189,10.);
#617=VECTOR('',#2190,10.);
#618=VECTOR('',#2191,10.);
#619=VECTOR('',#2192,10.);
#620=VECTOR('',#2193,10.);
#621=VECTOR('',#2194,10.);
#622=VECTOR('',#2195,10.);
#623=VECTOR('',#2196,10.);
#624=VECTOR('',#2199,10.);
#625=VECTOR('',#2200,10.);
#626=VECTOR('',#2201,10.);
#627=VECTOR('',#2202,10.);
#628=VECTOR('',#2203,10.);
#629=VECTOR('',#2204,10.);
#630=VECTOR('',#2205,10.);
#631=VECTOR('',#2206,10.);
#632=VECTOR('',#2207,10.);
#633=VECTOR('',#2208,10.);
#634=VECTOR('',#2209,10.);
#635=VECTOR('',#2210,10.);
#636=VECTOR('',#2211,10.);
#637=VECTOR('',#2212,10.);
#638=VECTOR('',#2213,10.);
#639=VECTOR('',#2214,10.);
#640=VECTOR('',#2215,10.);
#641=VECTOR('',#2216,10.);
#642=VECTOR('',#2217,10.);
#643=VECTOR('',#2220,10.);
#644=VECTOR('',#2221,10.);
#645=VECTOR('',#2224,10.);
#646=VECTOR('',#2227,10.);
#647=VECTOR('',#2230,10.);
#648=VECTOR('',#2231,10.);
#649=VECTOR('',#2232,10.);
#650=VECTOR('',#2233,10.);
#651=VECTOR('',#2238,0.899999999999999);
#652=VECTOR('',#2245,10.);
#653=VECTOR('',#2248,10.);
#654=VECTOR('',#2251,10.);
#655=VECTOR('',#2252,10.);
#656=VECTOR('',#2253,10.);
#657=VECTOR('',#2256,10.);
#658=VECTOR('',#2257,10.);
#659=VECTOR('',#2258,10.);
#660=VECTOR('',#2263,10.);
#661=VECTOR('',#2264,10.);
#662=VECTOR('',#2265,10.);
#663=VECTOR('',#2266,10.);
#664=VECTOR('',#2267,10.);
#665=VECTOR('',#2270,10.);
#666=VECTOR('',#2271,10.);
#667=VECTOR('',#2272,10.);
#668=VECTOR('',#2273,10.);
#669=VECTOR('',#2274,10.);
#670=VECTOR('',#2277,10.);
#671=VECTOR('',#2278,10.);
#672=VECTOR('',#2279,10.);
#673=VECTOR('',#2280,10.);
#674=VECTOR('',#2283,10.);
#675=VECTOR('',#2284,10.);
#676=VECTOR('',#2285,10.);
#677=VECTOR('',#2286,10.);
#678=VECTOR('',#2287,10.);
#679=VECTOR('',#2288,10.);
#680=VECTOR('',#2289,10.);
#681=VECTOR('',#2290,10.);
#682=VECTOR('',#2291,10.);
#683=VECTOR('',#2292,10.);
#684=VECTOR('',#2293,10.);
#685=VECTOR('',#2294,10.);
#686=VECTOR('',#2295,10.);
#687=VECTOR('',#2296,10.);
#688=VECTOR('',#2297,10.);
#689=VECTOR('',#2298,10.);
#690=VECTOR('',#2299,10.);
#691=VECTOR('',#2300,10.);
#692=VECTOR('',#2301,10.);
#693=VECTOR('',#2304,10.);
#694=VECTOR('',#2305,10.);
#695=VECTOR('',#2306,10.);
#696=VECTOR('',#2307,10.);
#697=VECTOR('',#2308,10.);
#698=VECTOR('',#2309,10.);
#699=VECTOR('',#2310,10.);
#700=VECTOR('',#2311,10.);
#701=VECTOR('',#2314,10.);
#702=VECTOR('',#2315,10.);
#703=VECTOR('',#2318,10.);
#704=VECTOR('',#2319,10.);
#705=VECTOR('',#2322,10.);
#706=VECTOR('',#2323,10.);
#707=VECTOR('',#2326,10.);
#708=VECTOR('',#2327,10.);
#709=VECTOR('',#2330,10.);
#710=VECTOR('',#2331,10.);
#711=VECTOR('',#2332,10.);
#712=VECTOR('',#2333,10.);
#713=VECTOR('',#2334,10.);
#714=VECTOR('',#2337,10.);
#715=VECTOR('',#2338,10.);
#716=VECTOR('',#2339,10.);
#717=VECTOR('',#2340,10.);
#718=VECTOR('',#2341,10.);
#719=VECTOR('',#2342,10.);
#720=VECTOR('',#2343,10.);
#721=VECTOR('',#2344,10.);
#722=VECTOR('',#2345,10.);
#723=VECTOR('',#2346,10.);
#724=VECTOR('',#2347,10.);
#725=VECTOR('',#2348,10.);
#726=VECTOR('',#2349,10.);
#727=VECTOR('',#2350,10.);
#728=VECTOR('',#2351,10.);
#729=VECTOR('',#2352,10.);
#730=VECTOR('',#2353,10.);
#731=VECTOR('',#2354,10.);
#732=VECTOR('',#2355,10.);
#733=VECTOR('',#2356,10.);
#734=VECTOR('',#2357,10.);
#735=VECTOR('',#2358,10.);
#736=VECTOR('',#2359,10.);
#737=VECTOR('',#2360,10.);
#738=VECTOR('',#2361,10.);
#739=VECTOR('',#2362,10.);
#740=VECTOR('',#2363,10.);
#741=VECTOR('',#2364,10.);
#742=VECTOR('',#2367,10.);
#743=VECTOR('',#2368,10.);
#744=VECTOR('',#2369,10.);
#745=VECTOR('',#2372,10.);
#746=VECTOR('',#2373,10.);
#747=VECTOR('',#2376,10.);
#748=VECTOR('',#2377,10.);
#749=VECTOR('',#2380,10.);
#750=VECTOR('',#2381,10.);
#751=VECTOR('',#2384,10.);
#752=VECTOR('',#2385,10.);
#753=VECTOR('',#2388,10.);
#754=VECTOR('',#2389,10.);
#755=VECTOR('',#2392,10.);
#756=VECTOR('',#2393,10.);
#757=VECTOR('',#2396,10.);
#758=VECTOR('',#2397,10.);
#759=VECTOR('',#2400,10.);
#760=VECTOR('',#2401,10.);
#761=VECTOR('',#2402,10.);
#762=VECTOR('',#2405,10.);
#763=VECTOR('',#2406,10.);
#764=VECTOR('',#2407,10.);
#765=VECTOR('',#2408,10.);
#766=VECTOR('',#2411,10.);
#767=VECTOR('',#2416,10.);
#768=VECTOR('',#2417,10.);
#769=VECTOR('',#2420,10.);
#770=VECTOR('',#2423,10.);
#771=VECTOR('',#2426,10.);
#772=VECTOR('',#2429,10.);
#773=VECTOR('',#2430,10.);
#774=VECTOR('',#2431,10.);
#775=VECTOR('',#2432,10.);
#776=VECTOR('',#2435,10.);
#777=VECTOR('',#2438,10.);
#778=VECTOR('',#2441,10.);
#779=VECTOR('',#2444,10.);
#780=VECTOR('',#2447,10.);
#781=VECTOR('',#2448,10.);
#782=VECTOR('',#2451,10.);
#783=VECTOR('',#2454,10.);
#784=VECTOR('',#2455,10.);
#785=VECTOR('',#2456,10.);
#786=VECTOR('',#2457,10.);
#787=VECTOR('',#2460,10.);
#788=VECTOR('',#2461,10.);
#789=VECTOR('',#2464,10.);
#790=VECTOR('',#2465,10.);
#791=VECTOR('',#2468,10.);
#792=VECTOR('',#2469,10.);
#793=VECTOR('',#2470,10.);
#794=VECTOR('',#2471,10.);
#795=VECTOR('',#2472,10.);
#796=VECTOR('',#2473,10.);
#797=VECTOR('',#2474,10.);
#798=VECTOR('',#2475,10.);
#799=VECTOR('',#2476,10.);
#800=VECTOR('',#2477,10.);
#801=VECTOR('',#2480,10.);
#802=VECTOR('',#2481,10.);
#803=VECTOR('',#2482,10.);
#804=VECTOR('',#2485,10.);
#805=VECTOR('',#2486,10.);
#806=VECTOR('',#2491,10.);
#807=VECTOR('',#2492,10.);
#808=VECTOR('',#2493,10.);
#809=VECTOR('',#2494,10.);
#810=VECTOR('',#2495,10.);
#811=VECTOR('',#2496,10.);
#812=VECTOR('',#2499,10.);
#813=VECTOR('',#2500,10.);
#814=VECTOR('',#2501,10.);
#815=VECTOR('',#2504,10.);
#816=VECTOR('',#2509,10.);
#817=VECTOR('',#2510,10.);
#818=VECTOR('',#2511,10.);
#819=VECTOR('',#2512,10.);
#820=VECTOR('',#2513,10.);
#821=VECTOR('',#2514,10.);
#822=VECTOR('',#2515,10.);
#823=VECTOR('',#2516,10.);
#824=VECTOR('',#2517,10.);
#825=VECTOR('',#2518,10.);
#826=VECTOR('',#2519,10.);
#827=VECTOR('',#2522,10.);
#828=VECTOR('',#2523,10.);
#829=VECTOR('',#2526,10.);
#830=VECTOR('',#2531,10.);
#831=VECTOR('',#2536,10.);
#832=VECTOR('',#2541,10.);
#833=VECTOR('',#2544,10.);
#834=VECTOR('',#2547,10.);
#835=VECTOR('',#2550,10.);
#836=VECTOR('',#2553,10.);
#837=VECTOR('',#2556,10.);
#838=VECTOR('',#2559,10.);
#839=VECTOR('',#2562,10.);
#840=VECTOR('',#2565,10.);
#841=VECTOR('',#2570,10.);
#842=VECTOR('',#2573,10.);
#843=VECTOR('',#2576,10.);
#844=VECTOR('',#2581,10.);
#845=VECTOR('',#2584,10.);
#846=VECTOR('',#2587,10.);
#847=VECTOR('',#2590,10.);
#848=VECTOR('',#2593,10.);
#849=VECTOR('',#2596,10.);
#850=VECTOR('',#2599,10.);
#851=VECTOR('',#2602,10.);
#852=VECTOR('',#2605,10.);
#853=VECTOR('',#2608,10.);
#854=VECTOR('',#2611,10.);
#855=VECTOR('',#2614,10.);
#856=VECTOR('',#2617,10.);
#857=VECTOR('',#2622,10.);
#858=CIRCLE('',#2032,2.7);
#859=CIRCLE('',#2033,2.7);
#860=CIRCLE('',#2035,3.30000000000006);
#861=CIRCLE('',#2036,3.30000000000006);
#862=CIRCLE('',#2038,3.30000000000006);
#863=CIRCLE('',#2039,3.30000000000006);
#864=CIRCLE('',#2048,0.899999999999999);
#865=CIRCLE('',#2049,0.899999999999999);
#866=CIRCLE('',#2051,2.5);
#867=CIRCLE('',#2052,2.5);
#868=VERTEX_POINT('',#2627);
#869=VERTEX_POINT('',#2628);
#870=VERTEX_POINT('',#2630);
#871=VERTEX_POINT('',#2632);
#872=VERTEX_POINT('',#2636);
#873=VERTEX_POINT('',#2638);
#874=VERTEX_POINT('',#2649);
#875=VERTEX_POINT('',#2650);
#876=VERTEX_POINT('',#2655);
#877=VERTEX_POINT('',#2657);
#878=VERTEX_POINT('',#2662);
#879=VERTEX_POINT('',#2664);
#880=VERTEX_POINT('',#2687);
#881=VERTEX_POINT('',#2688);
#882=VERTEX_POINT('',#2700);
#883=VERTEX_POINT('',#2708);
#884=VERTEX_POINT('',#2715);
#885=VERTEX_POINT('',#2717);
#886=VERTEX_POINT('',#2721);
#887=VERTEX_POINT('',#2723);
#888=VERTEX_POINT('',#2725);
#889=VERTEX_POINT('',#2727);
#890=VERTEX_POINT('',#2729);
#891=VERTEX_POINT('',#2731);
#892=VERTEX_POINT('',#2735);
#893=VERTEX_POINT('',#2737);
#894=VERTEX_POINT('',#2739);
#895=VERTEX_POINT('',#2741);
#896=VERTEX_POINT('',#2743);
#897=VERTEX_POINT('',#2745);
#898=VERTEX_POINT('',#2747);
#899=VERTEX_POINT('',#2749);
#900=VERTEX_POINT('',#2751);
#901=VERTEX_POINT('',#2753);
#902=VERTEX_POINT('',#2755);
#903=VERTEX_POINT('',#2757);
#904=VERTEX_POINT('',#2759);
#905=VERTEX_POINT('',#2761);
#906=VERTEX_POINT('',#2763);
#907=VERTEX_POINT('',#2765);
#908=VERTEX_POINT('',#2767);
#909=VERTEX_POINT('',#2769);
#910=VERTEX_POINT('',#2771);
#911=VERTEX_POINT('',#2775);
#912=VERTEX_POINT('',#2778);
#913=VERTEX_POINT('',#2780);
#914=VERTEX_POINT('',#2782);
#915=VERTEX_POINT('',#2784);
#916=VERTEX_POINT('',#2786);
#917=VERTEX_POINT('',#2788);
#918=VERTEX_POINT('',#2790);
#919=VERTEX_POINT('',#2792);
#920=VERTEX_POINT('',#2794);
#921=VERTEX_POINT('',#2796);
#922=VERTEX_POINT('',#2798);
#923=VERTEX_POINT('',#2800);
#924=VERTEX_POINT('',#2802);
#925=VERTEX_POINT('',#2804);
#926=VERTEX_POINT('',#2806);
#927=VERTEX_POINT('',#2808);
#928=VERTEX_POINT('',#2812);
#929=VERTEX_POINT('',#2820);
#930=VERTEX_POINT('',#2821);
#931=VERTEX_POINT('',#2823);
#932=VERTEX_POINT('',#2825);
#933=VERTEX_POINT('',#2829);
#934=VERTEX_POINT('',#2831);
#935=VERTEX_POINT('',#2835);
#936=VERTEX_POINT('',#2836);
#937=VERTEX_POINT('',#2838);
#938=VERTEX_POINT('',#2840);
#939=VERTEX_POINT('',#2844);
#940=VERTEX_POINT('',#2849);
#941=VERTEX_POINT('',#2855);
#942=VERTEX_POINT('',#2857);
#943=VERTEX_POINT('',#2859);
#944=VERTEX_POINT('',#2861);
#945=VERTEX_POINT('',#2865);
#946=VERTEX_POINT('',#2867);
#947=VERTEX_POINT('',#2869);
#948=VERTEX_POINT('',#2871);
#949=VERTEX_POINT('',#2875);
#950=VERTEX_POINT('',#2876);
#951=VERTEX_POINT('',#2878);
#952=VERTEX_POINT('',#2880);
#953=VERTEX_POINT('',#2884);
#954=VERTEX_POINT('',#2886);
#955=VERTEX_POINT('',#2888);
#956=VERTEX_POINT('',#2890);
#957=VERTEX_POINT('',#2892);
#958=VERTEX_POINT('',#2894);
#959=VERTEX_POINT('',#2896);
#960=VERTEX_POINT('',#2898);
#961=VERTEX_POINT('',#2900);
#962=VERTEX_POINT('',#2902);
#963=VERTEX_POINT('',#2904);
#964=VERTEX_POINT('',#2906);
#965=VERTEX_POINT('',#2908);
#966=VERTEX_POINT('',#2910);
#967=VERTEX_POINT('',#2912);
#968=VERTEX_POINT('',#2914);
#969=VERTEX_POINT('',#2916);
#970=VERTEX_POINT('',#2918);
#971=VERTEX_POINT('',#2922);
#972=VERTEX_POINT('',#2924);
#973=VERTEX_POINT('',#2926);
#974=VERTEX_POINT('',#2928);
#975=VERTEX_POINT('',#2930);
#976=VERTEX_POINT('',#2932);
#977=VERTEX_POINT('',#2934);
#978=VERTEX_POINT('',#2938);
#979=VERTEX_POINT('',#2942);
#980=VERTEX_POINT('',#2946);
#981=VERTEX_POINT('',#2950);
#982=VERTEX_POINT('',#2954);
#983=VERTEX_POINT('',#2956);
#984=VERTEX_POINT('',#2958);
#985=VERTEX_POINT('',#2960);
#986=VERTEX_POINT('',#2965);
#987=VERTEX_POINT('',#2968);
#988=VERTEX_POINT('',#2971);
#989=VERTEX_POINT('',#2973);
#990=VERTEX_POINT('',#2975);
#991=VERTEX_POINT('',#2977);
#992=VERTEX_POINT('',#2979);
#993=VERTEX_POINT('',#2981);
#994=VERTEX_POINT('',#2983);
#995=VERTEX_POINT('',#2985);
#996=VERTEX_POINT('',#2987);
#997=VERTEX_POINT('',#2989);
#998=VERTEX_POINT('',#2991);
#999=VERTEX_POINT('',#2993);
#1000=VERTEX_POINT('',#2995);
#1001=VERTEX_POINT('',#2997);
#1002=VERTEX_POINT('',#2999);
#1003=VERTEX_POINT('',#3001);
#1004=VERTEX_POINT('',#3003);
#1005=VERTEX_POINT('',#3005);
#1006=VERTEX_POINT('',#3007);
#1007=VERTEX_POINT('',#3009);
#1008=VERTEX_POINT('',#3011);
#1009=VERTEX_POINT('',#3013);
#1010=VERTEX_POINT('',#3017);
#1011=VERTEX_POINT('',#3019);
#1012=VERTEX_POINT('',#3023);
#1013=VERTEX_POINT('',#3027);
#1014=VERTEX_POINT('',#3031);
#1015=VERTEX_POINT('',#3035);
#1016=VERTEX_POINT('',#3039);
#1017=VERTEX_POINT('',#3043);
#1018=VERTEX_POINT('',#3047);
#1019=VERTEX_POINT('',#3051);
#1020=VERTEX_POINT('',#3053);
#1021=VERTEX_POINT('',#3057);
#1022=VERTEX_POINT('',#3059);
#1023=VERTEX_POINT('',#3061);
#1024=VERTEX_POINT('',#3077);
#1025=VERTEX_POINT('',#3080);
#1026=VERTEX_POINT('',#3097);
#1027=VERTEX_POINT('',#3099);
#1028=VERTEX_POINT('',#3101);
#1029=VERTEX_POINT('',#3105);
#1030=VERTEX_POINT('',#3109);
#1031=VERTEX_POINT('',#3114);
#1032=VERTEX_POINT('',#3116);
#1033=VERTEX_POINT('',#3118);
#1034=VERTEX_POINT('',#3121);
#1035=VERTEX_POINT('',#3123);
#1036=VERTEX_POINT('',#3125);
#1037=VERTEX_POINT('',#3127);
#1038=VERTEX_POINT('',#3132);
#1039=VERTEX_POINT('',#3140);
#1040=VERTEX_POINT('',#3142);
#1041=VERTEX_POINT('',#3144);
#1042=VERTEX_POINT('',#3147);
#1043=VERTEX_POINT('',#3152);
#1044=VERTEX_POINT('',#3159);
#1045=VERTEX_POINT('',#3161);
#1046=VERTEX_POINT('',#3163);
#1047=VERTEX_POINT('',#3165);
#1048=VERTEX_POINT('',#3167);
#1049=VERTEX_POINT('',#3169);
#1050=VERTEX_POINT('',#3171);
#1051=VERTEX_POINT('',#3173);
#1052=VERTEX_POINT('',#3175);
#1053=VERTEX_POINT('',#3177);
#1054=EDGE_CURVE('',#868,#869,#858,.T.);
#1055=EDGE_CURVE('',#870,#868,#322,.T.);
#1056=EDGE_CURVE('',#871,#870,#859,.T.);
#1057=EDGE_CURVE('',#869,#871,#323,.T.);
#1058=EDGE_CURVE('',#872,#868,#860,.T.);
#1059=EDGE_CURVE('',#873,#872,#324,.T.);
#1060=EDGE_CURVE('',#870,#873,#861,.T.);
#1061=EDGE_CURVE('',#874,#875,#110,.T.);
#1062=EDGE_CURVE('',#876,#874,#325,.T.);
#1063=EDGE_CURVE('',#877,#876,#111,.T.);
#1064=EDGE_CURVE('',#877,#878,#326,.T.);
#1065=EDGE_CURVE('',#879,#878,#112,.T.);
#1066=EDGE_CURVE('',#875,#879,#113,.T.);
#1067=EDGE_CURVE('',#880,#881,#114,.T.);
#1068=EDGE_CURVE('',#878,#880,#115,.T.);
#1069=EDGE_CURVE('',#882,#877,#116,.T.);
#1070=EDGE_CURVE('',#882,#883,#327,.T.);
#1071=EDGE_CURVE('',#881,#883,#117,.T.);
#1072=EDGE_CURVE('',#883,#884,#862,.T.);
#1073=EDGE_CURVE('',#885,#882,#863,.T.);
#1074=EDGE_CURVE('',#884,#885,#328,.T.);
#1075=EDGE_CURVE('',#871,#886,#329,.T.);
#1076=EDGE_CURVE('',#886,#887,#330,.T.);
#1077=EDGE_CURVE('',#887,#888,#331,.T.);
#1078=EDGE_CURVE('',#888,#889,#332,.T.);
#1079=EDGE_CURVE('',#889,#890,#333,.T.);
#1080=EDGE_CURVE('',#890,#891,#334,.T.);
#1081=EDGE_CURVE('',#869,#891,#335,.T.);
#1082=EDGE_CURVE('',#875,#892,#336,.T.);
#1083=EDGE_CURVE('',#892,#893,#337,.T.);
#1084=EDGE_CURVE('',#893,#894,#338,.T.);
#1085=EDGE_CURVE('',#894,#895,#339,.T.);
#1086=EDGE_CURVE('',#895,#896,#340,.T.);
#1087=EDGE_CURVE('',#896,#897,#341,.T.);
#1088=EDGE_CURVE('',#897,#898,#342,.T.);
#1089=EDGE_CURVE('',#898,#899,#343,.T.);
#1090=EDGE_CURVE('',#899,#900,#344,.T.);
#1091=EDGE_CURVE('',#900,#901,#345,.T.);
#1092=EDGE_CURVE('',#901,#902,#346,.T.);
#1093=EDGE_CURVE('',#902,#903,#347,.T.);
#1094=EDGE_CURVE('',#903,#904,#348,.T.);
#1095=EDGE_CURVE('',#904,#905,#349,.T.);
#1096=EDGE_CURVE('',#905,#906,#350,.T.);
#1097=EDGE_CURVE('',#906,#907,#351,.T.);
#1098=EDGE_CURVE('',#907,#908,#352,.T.);
#1099=EDGE_CURVE('',#908,#909,#353,.T.);
#1100=EDGE_CURVE('',#909,#910,#354,.T.);
#1101=EDGE_CURVE('',#910,#874,#355,.T.);
#1102=EDGE_CURVE('',#911,#873,#356,.T.);
#1103=EDGE_CURVE('',#885,#911,#357,.T.);
#1104=EDGE_CURVE('',#912,#876,#358,.T.);
#1105=EDGE_CURVE('',#913,#912,#359,.T.);
#1106=EDGE_CURVE('',#914,#913,#360,.T.);
#1107=EDGE_CURVE('',#915,#914,#361,.T.);
#1108=EDGE_CURVE('',#916,#915,#362,.T.);
#1109=EDGE_CURVE('',#917,#916,#363,.T.);
#1110=EDGE_CURVE('',#918,#917,#364,.T.);
#1111=EDGE_CURVE('',#919,#918,#365,.T.);
#1112=EDGE_CURVE('',#920,#919,#366,.T.);
#1113=EDGE_CURVE('',#921,#920,#367,.T.);
#1114=EDGE_CURVE('',#922,#921,#368,.T.);
#1115=EDGE_CURVE('',#923,#922,#369,.T.);
#1116=EDGE_CURVE('',#924,#923,#370,.T.);
#1117=EDGE_CURVE('',#925,#924,#371,.T.);
#1118=EDGE_CURVE('',#926,#925,#372,.T.);
#1119=EDGE_CURVE('',#927,#926,#373,.T.);
#1120=EDGE_CURVE('',#886,#927,#374,.T.);
#1121=EDGE_CURVE('',#928,#879,#375,.T.);
#1122=EDGE_CURVE('',#892,#928,#376,.T.);
#1123=EDGE_CURVE('',#880,#928,#377,.T.);
#1124=EDGE_CURVE('',#892,#881,#378,.T.);
#1125=EDGE_CURVE('',#929,#930,#379,.T.);
#1126=EDGE_CURVE('',#930,#931,#380,.T.);
#1127=EDGE_CURVE('',#932,#931,#381,.T.);
#1128=EDGE_CURVE('',#929,#932,#382,.T.);
#1129=EDGE_CURVE('',#933,#933,#864,.T.);
#1130=EDGE_CURVE('',#933,#934,#383,.T.);
#1131=EDGE_CURVE('',#934,#934,#865,.T.);
#1132=EDGE_CURVE('',#935,#936,#866,.T.);
#1133=EDGE_CURVE('',#935,#937,#384,.T.);
#1134=EDGE_CURVE('',#938,#937,#867,.T.);
#1135=EDGE_CURVE('',#936,#938,#385,.T.);
#1136=EDGE_CURVE('',#939,#936,#386,.T.);
#1137=EDGE_CURVE('',#931,#938,#387,.T.);
#1138=EDGE_CURVE('',#939,#930,#388,.T.);
#1139=EDGE_CURVE('',#935,#940,#389,.T.);
#1140=EDGE_CURVE('',#929,#940,#390,.T.);
#1141=EDGE_CURVE('',#937,#932,#391,.T.);
#1142=EDGE_CURVE('',#930,#941,#392,.T.);
#1143=EDGE_CURVE('',#941,#942,#393,.T.);
#1144=EDGE_CURVE('',#943,#942,#394,.T.);
#1145=EDGE_CURVE('',#944,#943,#395,.T.);
#1146=EDGE_CURVE('',#939,#944,#396,.T.);
#1147=EDGE_CURVE('',#945,#940,#397,.T.);
#1148=EDGE_CURVE('',#945,#946,#398,.T.);
#1149=EDGE_CURVE('',#947,#946,#399,.T.);
#1150=EDGE_CURVE('',#948,#947,#400,.T.);
#1151=EDGE_CURVE('',#948,#929,#401,.T.);
#1152=EDGE_CURVE('',#949,#950,#402,.T.);
#1153=EDGE_CURVE('',#950,#951,#403,.T.);
#1154=EDGE_CURVE('',#951,#952,#404,.T.);
#1155=EDGE_CURVE('',#952,#949,#405,.T.);
#1156=EDGE_CURVE('',#953,#951,#406,.T.);
#1157=EDGE_CURVE('',#953,#954,#407,.T.);
#1158=EDGE_CURVE('',#955,#954,#408,.T.);
#1159=EDGE_CURVE('',#956,#955,#409,.T.);
#1160=EDGE_CURVE('',#957,#956,#410,.T.);
#1161=EDGE_CURVE('',#958,#957,#411,.T.);
#1162=EDGE_CURVE('',#959,#958,#412,.T.);
#1163=EDGE_CURVE('',#960,#959,#413,.T.);
#1164=EDGE_CURVE('',#961,#960,#414,.T.);
#1165=EDGE_CURVE('',#962,#961,#415,.T.);
#1166=EDGE_CURVE('',#963,#962,#416,.T.);
#1167=EDGE_CURVE('',#964,#963,#417,.T.);
#1168=EDGE_CURVE('',#965,#964,#418,.T.);
#1169=EDGE_CURVE('',#966,#965,#419,.T.);
#1170=EDGE_CURVE('',#967,#966,#420,.T.);
#1171=EDGE_CURVE('',#967,#968,#421,.T.);
#1172=EDGE_CURVE('',#968,#969,#422,.T.);
#1173=EDGE_CURVE('',#970,#969,#423,.T.);
#1174=EDGE_CURVE('',#952,#970,#424,.T.);
#1175=EDGE_CURVE('',#950,#971,#425,.T.);
#1176=EDGE_CURVE('',#971,#972,#426,.T.);
#1177=EDGE_CURVE('',#972,#973,#427,.T.);
#1178=EDGE_CURVE('',#973,#974,#428,.T.);
#1179=EDGE_CURVE('',#974,#975,#429,.T.);
#1180=EDGE_CURVE('',#975,#976,#430,.T.);
#1181=EDGE_CURVE('',#976,#977,#431,.T.);
#1182=EDGE_CURVE('',#977,#953,#432,.T.);
#1183=EDGE_CURVE('',#978,#977,#433,.T.);
#1184=EDGE_CURVE('',#954,#978,#434,.T.);
#1185=EDGE_CURVE('',#979,#976,#435,.T.);
#1186=EDGE_CURVE('',#978,#979,#436,.T.);
#1187=EDGE_CURVE('',#980,#975,#437,.T.);
#1188=EDGE_CURVE('',#980,#979,#438,.T.);
#1189=EDGE_CURVE('',#981,#974,#439,.T.);
#1190=EDGE_CURVE('',#980,#981,#440,.T.);
#1191=EDGE_CURVE('',#981,#982,#441,.T.);
#1192=EDGE_CURVE('',#982,#983,#442,.T.);
#1193=EDGE_CURVE('',#983,#984,#443,.T.);
#1194=EDGE_CURVE('',#985,#984,#444,.T.);
#1195=EDGE_CURVE('',#955,#985,#445,.T.);
#1196=EDGE_CURVE('',#973,#982,#446,.T.);
#1197=EDGE_CURVE('',#986,#972,#447,.T.);
#1198=EDGE_CURVE('',#941,#986,#448,.T.);
#1199=EDGE_CURVE('',#987,#948,#449,.T.);
#1200=EDGE_CURVE('',#890,#987,#450,.T.);
#1201=EDGE_CURVE('',#988,#889,#451,.T.);
#1202=EDGE_CURVE('',#989,#988,#452,.T.);
#1203=EDGE_CURVE('',#990,#989,#453,.T.);
#1204=EDGE_CURVE('',#991,#990,#454,.T.);
#1205=EDGE_CURVE('',#992,#991,#455,.T.);
#1206=EDGE_CURVE('',#993,#992,#456,.T.);
#1207=EDGE_CURVE('',#994,#993,#457,.T.);
#1208=EDGE_CURVE('',#995,#994,#458,.T.);
#1209=EDGE_CURVE('',#996,#995,#459,.T.);
#1210=EDGE_CURVE('',#997,#996,#460,.T.);
#1211=EDGE_CURVE('',#998,#997,#461,.T.);
#1212=EDGE_CURVE('',#999,#998,#462,.T.);
#1213=EDGE_CURVE('',#1000,#999,#463,.T.);
#1214=EDGE_CURVE('',#1001,#1000,#464,.T.);
#1215=EDGE_CURVE('',#1002,#1001,#465,.T.);
#1216=EDGE_CURVE('',#1003,#1002,#466,.T.);
#1217=EDGE_CURVE('',#1004,#1003,#467,.T.);
#1218=EDGE_CURVE('',#1005,#1004,#468,.T.);
#1219=EDGE_CURVE('',#1006,#1005,#469,.T.);
#1220=EDGE_CURVE('',#1007,#1006,#470,.T.);
#1221=EDGE_CURVE('',#1008,#1007,#471,.T.);
#1222=EDGE_CURVE('',#1009,#1008,#472,.T.);
#1223=EDGE_CURVE('',#983,#1009,#473,.T.);
#1224=EDGE_CURVE('',#994,#1010,#474,.T.);
#1225=EDGE_CURVE('',#1011,#1010,#475,.T.);
#1226=EDGE_CURVE('',#995,#1011,#476,.T.);
#1227=EDGE_CURVE('',#993,#1012,#477,.T.);
#1228=EDGE_CURVE('',#1010,#1012,#478,.T.);
#1229=EDGE_CURVE('',#992,#1013,#479,.T.);
#1230=EDGE_CURVE('',#1012,#1013,#480,.T.);
#1231=EDGE_CURVE('',#991,#1014,#481,.T.);
#1232=EDGE_CURVE('',#1013,#1014,#482,.T.);
#1233=EDGE_CURVE('',#990,#1015,#483,.T.);
#1234=EDGE_CURVE('',#1014,#1015,#484,.T.);
#1235=EDGE_CURVE('',#989,#1016,#485,.T.);
#1236=EDGE_CURVE('',#1015,#1016,#486,.T.);
#1237=EDGE_CURVE('',#888,#1017,#487,.T.);
#1238=EDGE_CURVE('',#988,#1017,#488,.T.);
#1239=EDGE_CURVE('',#987,#1018,#489,.T.);
#1240=EDGE_CURVE('',#891,#1018,#490,.T.);
#1241=EDGE_CURVE('',#1019,#947,#491,.T.);
#1242=EDGE_CURVE('',#1020,#1019,#492,.T.);
#1243=EDGE_CURVE('',#1018,#1020,#493,.T.);
#1244=EDGE_CURVE('',#986,#1021,#494,.T.);
#1245=EDGE_CURVE('',#1022,#1021,#495,.T.);
#1246=EDGE_CURVE('',#1022,#1023,#496,.T.);
#1247=EDGE_CURVE('',#942,#1023,#497,.T.);
#1248=EDGE_CURVE('',#1021,#971,#498,.T.);
#1249=EDGE_CURVE('',#921,#893,#499,.T.);
#1250=EDGE_CURVE('',#922,#892,#500,.T.);
#1251=EDGE_CURVE('',#920,#894,#501,.T.);
#1252=EDGE_CURVE('',#919,#895,#502,.T.);
#1253=EDGE_CURVE('',#918,#896,#503,.T.);
#1254=EDGE_CURVE('',#1017,#1024,#504,.T.);
#1255=EDGE_CURVE('',#1024,#927,#505,.T.);
#1256=EDGE_CURVE('',#926,#1025,#506,.T.);
#1257=EDGE_CURVE('',#1016,#1025,#507,.T.);
#1258=EDGE_CURVE('',#917,#897,#508,.T.);
#1259=EDGE_CURVE('',#916,#898,#509,.T.);
#1260=EDGE_CURVE('',#915,#899,#510,.T.);
#1261=EDGE_CURVE('',#914,#900,#511,.T.);
#1262=EDGE_CURVE('',#968,#913,#512,.T.);
#1263=EDGE_CURVE('',#967,#901,#513,.T.);
#1264=EDGE_CURVE('',#912,#969,#514,.T.);
#1265=EDGE_CURVE('',#1026,#909,#515,.T.);
#1266=EDGE_CURVE('',#1026,#1027,#516,.T.);
#1267=EDGE_CURVE('',#1028,#1027,#517,.T.);
#1268=EDGE_CURVE('',#909,#1028,#518,.T.);
#1269=EDGE_CURVE('',#1029,#1028,#519,.T.);
#1270=EDGE_CURVE('',#910,#1029,#520,.T.);
#1271=EDGE_CURVE('',#1027,#1030,#521,.T.);
#1272=EDGE_CURVE('',#1030,#1029,#522,.T.);
#1273=EDGE_CURVE('',#949,#1026,#523,.T.);
#1274=EDGE_CURVE('',#909,#1031,#524,.T.);
#1275=EDGE_CURVE('',#1031,#1032,#525,.T.);
#1276=EDGE_CURVE('',#1032,#1033,#526,.T.);
#1277=EDGE_CURVE('',#1033,#985,#527,.T.);
#1278=EDGE_CURVE('',#984,#1034,#528,.T.);
#1279=EDGE_CURVE('',#1034,#1035,#529,.T.);
#1280=EDGE_CURVE('',#1035,#1036,#530,.T.);
#1281=EDGE_CURVE('',#1036,#1037,#531,.T.);
#1282=EDGE_CURVE('',#1037,#1022,#532,.T.);
#1283=EDGE_CURVE('',#1020,#1012,#533,.T.);
#1284=EDGE_CURVE('',#1038,#1019,#534,.T.);
#1285=EDGE_CURVE('',#1012,#1038,#535,.T.);
#1286=EDGE_CURVE('',#1012,#945,#536,.T.);
#1287=EDGE_CURVE('',#946,#1038,#537,.T.);
#1288=EDGE_CURVE('',#1025,#1039,#538,.T.);
#1289=EDGE_CURVE('',#1039,#1040,#539,.T.);
#1290=EDGE_CURVE('',#1040,#1041,#540,.T.);
#1291=EDGE_CURVE('',#1041,#892,#541,.T.);
#1292=EDGE_CURVE('',#884,#1042,#542,.T.);
#1293=EDGE_CURVE('',#1042,#872,#543,.T.);
#1294=EDGE_CURVE('',#944,#1037,#544,.T.);
#1295=EDGE_CURVE('',#1043,#943,#545,.T.);
#1296=EDGE_CURVE('',#1037,#1043,#546,.T.);
#1297=EDGE_CURVE('',#1023,#1043,#547,.T.);
#1298=EDGE_CURVE('',#1037,#1044,#548,.T.);
#1299=EDGE_CURVE('',#1044,#1045,#549,.T.);
#1300=EDGE_CURVE('',#1045,#1046,#550,.T.);
#1301=EDGE_CURVE('',#1046,#1047,#551,.T.);
#1302=EDGE_CURVE('',#1047,#1048,#552,.T.);
#1303=EDGE_CURVE('',#1048,#1049,#553,.T.);
#1304=EDGE_CURVE('',#1049,#1050,#554,.T.);
#1305=EDGE_CURVE('',#1050,#1051,#555,.T.);
#1306=EDGE_CURVE('',#1051,#1052,#556,.T.);
#1307=EDGE_CURVE('',#1052,#1053,#557,.T.);
#1308=EDGE_CURVE('',#1053,#1011,#558,.T.);
#1309=EDGE_CURVE('',#957,#1032,#559,.T.);
#1310=EDGE_CURVE('',#958,#1031,#560,.T.);
#1311=EDGE_CURVE('',#956,#1033,#561,.T.);
#1312=EDGE_CURVE('',#970,#1030,#562,.T.);
#1313=EDGE_CURVE('',#1024,#887,#563,.T.);
#1314=EDGE_CURVE('',#1009,#1034,#564,.T.);
#1315=EDGE_CURVE('',#959,#909,#565,.T.);
#1316=EDGE_CURVE('',#960,#908,#566,.T.);
#1317=EDGE_CURVE('',#961,#907,#567,.T.);
#1318=EDGE_CURVE('',#962,#906,#568,.T.);
#1319=EDGE_CURVE('',#963,#905,#569,.T.);
#1320=EDGE_CURVE('',#964,#904,#570,.T.);
#1321=EDGE_CURVE('',#965,#903,#571,.T.);
#1322=EDGE_CURVE('',#966,#902,#572,.T.);
#1323=EDGE_CURVE('',#923,#1041,#573,.T.);
#1324=EDGE_CURVE('',#924,#1040,#574,.T.);
#1325=EDGE_CURVE('',#925,#1039,#575,.T.);
#1326=EDGE_CURVE('',#996,#1053,#576,.T.);
#1327=EDGE_CURVE('',#997,#1052,#577,.T.);
#1328=EDGE_CURVE('',#998,#1051,#578,.T.);
#1329=EDGE_CURVE('',#999,#1050,#579,.T.);
#1330=EDGE_CURVE('',#1000,#1049,#580,.T.);
#1331=EDGE_CURVE('',#1001,#1048,#581,.T.);
#1332=EDGE_CURVE('',#1002,#1047,#582,.T.);
#1333=EDGE_CURVE('',#1003,#1046,#583,.T.);
#1334=EDGE_CURVE('',#1004,#1045,#584,.T.);
#1335=EDGE_CURVE('',#1005,#1044,#585,.T.);
#1336=EDGE_CURVE('',#1006,#1037,#586,.T.);
#1337=EDGE_CURVE('',#1007,#1036,#587,.T.);
#1338=EDGE_CURVE('',#1008,#1035,#588,.T.);
#1339=EDGE_CURVE('',#911,#1042,#589,.T.);
#1340=ORIENTED_EDGE('',*,*,#1054,.F.);
#1341=ORIENTED_EDGE('',*,*,#1055,.F.);
#1342=ORIENTED_EDGE('',*,*,#1056,.F.);
#1343=ORIENTED_EDGE('',*,*,#1057,.F.);
#1344=ORIENTED_EDGE('',*,*,#1058,.F.);
#1345=ORIENTED_EDGE('',*,*,#1059,.F.);
#1346=ORIENTED_EDGE('',*,*,#1060,.F.);
#1347=ORIENTED_EDGE('',*,*,#1055,.T.);
#1348=ORIENTED_EDGE('',*,*,#1061,.F.);
#1349=ORIENTED_EDGE('',*,*,#1062,.F.);
#1350=ORIENTED_EDGE('',*,*,#1063,.F.);
#1351=ORIENTED_EDGE('',*,*,#1064,.T.);
#1352=ORIENTED_EDGE('',*,*,#1065,.F.);
#1353=ORIENTED_EDGE('',*,*,#1066,.F.);
#1354=ORIENTED_EDGE('',*,*,#1067,.F.);
#1355=ORIENTED_EDGE('',*,*,#1068,.F.);
#1356=ORIENTED_EDGE('',*,*,#1064,.F.);
#1357=ORIENTED_EDGE('',*,*,#1069,.F.);
#1358=ORIENTED_EDGE('',*,*,#1070,.T.);
#1359=ORIENTED_EDGE('',*,*,#1071,.F.);
#1360=ORIENTED_EDGE('',*,*,#1072,.F.);
#1361=ORIENTED_EDGE('',*,*,#1070,.F.);
#1362=ORIENTED_EDGE('',*,*,#1073,.F.);
#1363=ORIENTED_EDGE('',*,*,#1074,.F.);
#1364=ORIENTED_EDGE('',*,*,#1057,.T.);
#1365=ORIENTED_EDGE('',*,*,#1075,.T.);
#1366=ORIENTED_EDGE('',*,*,#1076,.T.);
#1367=ORIENTED_EDGE('',*,*,#1077,.T.);
#1368=ORIENTED_EDGE('',*,*,#1078,.T.);
#1369=ORIENTED_EDGE('',*,*,#1079,.T.);
#1370=ORIENTED_EDGE('',*,*,#1080,.T.);
#1371=ORIENTED_EDGE('',*,*,#1081,.F.);
#1372=ORIENTED_EDGE('',*,*,#1061,.T.);
#1373=ORIENTED_EDGE('',*,*,#1082,.T.);
#1374=ORIENTED_EDGE('',*,*,#1083,.T.);
#1375=ORIENTED_EDGE('',*,*,#1084,.T.);
#1376=ORIENTED_EDGE('',*,*,#1085,.T.);
#1377=ORIENTED_EDGE('',*,*,#1086,.T.);
#1378=ORIENTED_EDGE('',*,*,#1087,.T.);
#1379=ORIENTED_EDGE('',*,*,#1088,.T.);
#1380=ORIENTED_EDGE('',*,*,#1089,.T.);
#1381=ORIENTED_EDGE('',*,*,#1090,.T.);
#1382=ORIENTED_EDGE('',*,*,#1091,.T.);
#1383=ORIENTED_EDGE('',*,*,#1092,.T.);
#1384=ORIENTED_EDGE('',*,*,#1093,.T.);
#1385=ORIENTED_EDGE('',*,*,#1094,.T.);
#1386=ORIENTED_EDGE('',*,*,#1095,.T.);
#1387=ORIENTED_EDGE('',*,*,#1096,.T.);
#1388=ORIENTED_EDGE('',*,*,#1097,.T.);
#1389=ORIENTED_EDGE('',*,*,#1098,.T.);
#1390=ORIENTED_EDGE('',*,*,#1099,.T.);
#1391=ORIENTED_EDGE('',*,*,#1100,.T.);
#1392=ORIENTED_EDGE('',*,*,#1101,.T.);
#1393=ORIENTED_EDGE('',*,*,#1056,.T.);
#1394=ORIENTED_EDGE('',*,*,#1060,.T.);
#1395=ORIENTED_EDGE('',*,*,#1102,.F.);
#1396=ORIENTED_EDGE('',*,*,#1103,.F.);
#1397=ORIENTED_EDGE('',*,*,#1073,.T.);
#1398=ORIENTED_EDGE('',*,*,#1069,.T.);
#1399=ORIENTED_EDGE('',*,*,#1063,.T.);
#1400=ORIENTED_EDGE('',*,*,#1104,.F.);
#1401=ORIENTED_EDGE('',*,*,#1105,.F.);
#1402=ORIENTED_EDGE('',*,*,#1106,.F.);
#1403=ORIENTED_EDGE('',*,*,#1107,.F.);
#1404=ORIENTED_EDGE('',*,*,#1108,.F.);
#1405=ORIENTED_EDGE('',*,*,#1109,.F.);
#1406=ORIENTED_EDGE('',*,*,#1110,.F.);
#1407=ORIENTED_EDGE('',*,*,#1111,.F.);
#1408=ORIENTED_EDGE('',*,*,#1112,.F.);
#1409=ORIENTED_EDGE('',*,*,#1113,.F.);
#1410=ORIENTED_EDGE('',*,*,#1114,.F.);
#1411=ORIENTED_EDGE('',*,*,#1115,.F.);
#1412=ORIENTED_EDGE('',*,*,#1116,.F.);
#1413=ORIENTED_EDGE('',*,*,#1117,.F.);
#1414=ORIENTED_EDGE('',*,*,#1118,.F.);
#1415=ORIENTED_EDGE('',*,*,#1119,.F.);
#1416=ORIENTED_EDGE('',*,*,#1120,.F.);
#1417=ORIENTED_EDGE('',*,*,#1075,.F.);
#1418=ORIENTED_EDGE('',*,*,#1066,.T.);
#1419=ORIENTED_EDGE('',*,*,#1121,.F.);
#1420=ORIENTED_EDGE('',*,*,#1122,.F.);
#1421=ORIENTED_EDGE('',*,*,#1082,.F.);
#1422=ORIENTED_EDGE('',*,*,#1065,.T.);
#1423=ORIENTED_EDGE('',*,*,#1068,.T.);
#1424=ORIENTED_EDGE('',*,*,#1123,.T.);
#1425=ORIENTED_EDGE('',*,*,#1121,.T.);
#1426=ORIENTED_EDGE('',*,*,#1067,.T.);
#1427=ORIENTED_EDGE('',*,*,#1124,.F.);
#1428=ORIENTED_EDGE('',*,*,#1122,.T.);
#1429=ORIENTED_EDGE('',*,*,#1123,.F.);
#1430=ORIENTED_EDGE('',*,*,#1125,.T.);
#1431=ORIENTED_EDGE('',*,*,#1126,.T.);
#1432=ORIENTED_EDGE('',*,*,#1127,.F.);
#1433=ORIENTED_EDGE('',*,*,#1128,.F.);
#1434=ORIENTED_EDGE('',*,*,#1129,.F.);
#1435=ORIENTED_EDGE('',*,*,#1130,.T.);
#1436=ORIENTED_EDGE('',*,*,#1131,.F.);
#1437=ORIENTED_EDGE('',*,*,#1130,.F.);
#1438=ORIENTED_EDGE('',*,*,#1132,.F.);
#1439=ORIENTED_EDGE('',*,*,#1133,.T.);
#1440=ORIENTED_EDGE('',*,*,#1134,.F.);
#1441=ORIENTED_EDGE('',*,*,#1135,.F.);
#1442=ORIENTED_EDGE('',*,*,#1136,.T.);
#1443=ORIENTED_EDGE('',*,*,#1135,.T.);
#1444=ORIENTED_EDGE('',*,*,#1137,.F.);
#1445=ORIENTED_EDGE('',*,*,#1126,.F.);
#1446=ORIENTED_EDGE('',*,*,#1138,.F.);
#1447=ORIENTED_EDGE('',*,*,#1139,.T.);
#1448=ORIENTED_EDGE('',*,*,#1140,.F.);
#1449=ORIENTED_EDGE('',*,*,#1128,.T.);
#1450=ORIENTED_EDGE('',*,*,#1141,.F.);
#1451=ORIENTED_EDGE('',*,*,#1133,.F.);
#1452=ORIENTED_EDGE('',*,*,#1141,.T.);
#1453=ORIENTED_EDGE('',*,*,#1127,.T.);
#1454=ORIENTED_EDGE('',*,*,#1137,.T.);
#1455=ORIENTED_EDGE('',*,*,#1134,.T.);
#1456=ORIENTED_EDGE('',*,*,#1129,.T.);
#1457=ORIENTED_EDGE('',*,*,#1138,.T.);
#1458=ORIENTED_EDGE('',*,*,#1142,.T.);
#1459=ORIENTED_EDGE('',*,*,#1143,.T.);
#1460=ORIENTED_EDGE('',*,*,#1144,.F.);
#1461=ORIENTED_EDGE('',*,*,#1145,.F.);
#1462=ORIENTED_EDGE('',*,*,#1146,.F.);
#1463=ORIENTED_EDGE('',*,*,#1140,.T.);
#1464=ORIENTED_EDGE('',*,*,#1147,.F.);
#1465=ORIENTED_EDGE('',*,*,#1148,.T.);
#1466=ORIENTED_EDGE('',*,*,#1149,.F.);
#1467=ORIENTED_EDGE('',*,*,#1150,.F.);
#1468=ORIENTED_EDGE('',*,*,#1151,.T.);
#1469=ORIENTED_EDGE('',*,*,#1152,.T.);
#1470=ORIENTED_EDGE('',*,*,#1153,.T.);
#1471=ORIENTED_EDGE('',*,*,#1154,.T.);
#1472=ORIENTED_EDGE('',*,*,#1155,.T.);
#1473=ORIENTED_EDGE('',*,*,#1154,.F.);
#1474=ORIENTED_EDGE('',*,*,#1156,.F.);
#1475=ORIENTED_EDGE('',*,*,#1157,.T.);
#1476=ORIENTED_EDGE('',*,*,#1158,.F.);
#1477=ORIENTED_EDGE('',*,*,#1159,.F.);
#1478=ORIENTED_EDGE('',*,*,#1160,.F.);
#1479=ORIENTED_EDGE('',*,*,#1161,.F.);
#1480=ORIENTED_EDGE('',*,*,#1162,.F.);
#1481=ORIENTED_EDGE('',*,*,#1163,.F.);
#1482=ORIENTED_EDGE('',*,*,#1164,.F.);
#1483=ORIENTED_EDGE('',*,*,#1165,.F.);
#1484=ORIENTED_EDGE('',*,*,#1166,.F.);
#1485=ORIENTED_EDGE('',*,*,#1167,.F.);
#1486=ORIENTED_EDGE('',*,*,#1168,.F.);
#1487=ORIENTED_EDGE('',*,*,#1169,.F.);
#1488=ORIENTED_EDGE('',*,*,#1170,.F.);
#1489=ORIENTED_EDGE('',*,*,#1171,.T.);
#1490=ORIENTED_EDGE('',*,*,#1172,.T.);
#1491=ORIENTED_EDGE('',*,*,#1173,.F.);
#1492=ORIENTED_EDGE('',*,*,#1174,.F.);
#1493=ORIENTED_EDGE('',*,*,#1153,.F.);
#1494=ORIENTED_EDGE('',*,*,#1175,.T.);
#1495=ORIENTED_EDGE('',*,*,#1176,.T.);
#1496=ORIENTED_EDGE('',*,*,#1177,.T.);
#1497=ORIENTED_EDGE('',*,*,#1178,.T.);
#1498=ORIENTED_EDGE('',*,*,#1179,.T.);
#1499=ORIENTED_EDGE('',*,*,#1180,.T.);
#1500=ORIENTED_EDGE('',*,*,#1181,.T.);
#1501=ORIENTED_EDGE('',*,*,#1182,.T.);
#1502=ORIENTED_EDGE('',*,*,#1156,.T.);
#1503=ORIENTED_EDGE('',*,*,#1183,.F.);
#1504=ORIENTED_EDGE('',*,*,#1184,.F.);
#1505=ORIENTED_EDGE('',*,*,#1157,.F.);
#1506=ORIENTED_EDGE('',*,*,#1182,.F.);
#1507=ORIENTED_EDGE('',*,*,#1183,.T.);
#1508=ORIENTED_EDGE('',*,*,#1181,.F.);
#1509=ORIENTED_EDGE('',*,*,#1185,.F.);
#1510=ORIENTED_EDGE('',*,*,#1186,.F.);
#1511=ORIENTED_EDGE('',*,*,#1185,.T.);
#1512=ORIENTED_EDGE('',*,*,#1180,.F.);
#1513=ORIENTED_EDGE('',*,*,#1187,.F.);
#1514=ORIENTED_EDGE('',*,*,#1188,.T.);
#1515=ORIENTED_EDGE('',*,*,#1187,.T.);
#1516=ORIENTED_EDGE('',*,*,#1179,.F.);
#1517=ORIENTED_EDGE('',*,*,#1189,.F.);
#1518=ORIENTED_EDGE('',*,*,#1190,.F.);
#1519=ORIENTED_EDGE('',*,*,#1184,.T.);
#1520=ORIENTED_EDGE('',*,*,#1186,.T.);
#1521=ORIENTED_EDGE('',*,*,#1188,.F.);
#1522=ORIENTED_EDGE('',*,*,#1190,.T.);
#1523=ORIENTED_EDGE('',*,*,#1191,.T.);
#1524=ORIENTED_EDGE('',*,*,#1192,.T.);
#1525=ORIENTED_EDGE('',*,*,#1193,.T.);
#1526=ORIENTED_EDGE('',*,*,#1194,.F.);
#1527=ORIENTED_EDGE('',*,*,#1195,.F.);
#1528=ORIENTED_EDGE('',*,*,#1158,.T.);
#1529=ORIENTED_EDGE('',*,*,#1196,.F.);
#1530=ORIENTED_EDGE('',*,*,#1177,.F.);
#1531=ORIENTED_EDGE('',*,*,#1197,.F.);
#1532=ORIENTED_EDGE('',*,*,#1198,.F.);
#1533=ORIENTED_EDGE('',*,*,#1142,.F.);
#1534=ORIENTED_EDGE('',*,*,#1125,.F.);
#1535=ORIENTED_EDGE('',*,*,#1151,.F.);
#1536=ORIENTED_EDGE('',*,*,#1199,.F.);
#1537=ORIENTED_EDGE('',*,*,#1200,.F.);
#1538=ORIENTED_EDGE('',*,*,#1079,.F.);
#1539=ORIENTED_EDGE('',*,*,#1201,.F.);
#1540=ORIENTED_EDGE('',*,*,#1202,.F.);
#1541=ORIENTED_EDGE('',*,*,#1203,.F.);
#1542=ORIENTED_EDGE('',*,*,#1204,.F.);
#1543=ORIENTED_EDGE('',*,*,#1205,.F.);
#1544=ORIENTED_EDGE('',*,*,#1206,.F.);
#1545=ORIENTED_EDGE('',*,*,#1207,.F.);
#1546=ORIENTED_EDGE('',*,*,#1208,.F.);
#1547=ORIENTED_EDGE('',*,*,#1209,.F.);
#1548=ORIENTED_EDGE('',*,*,#1210,.F.);
#1549=ORIENTED_EDGE('',*,*,#1211,.F.);
#1550=ORIENTED_EDGE('',*,*,#1212,.F.);
#1551=ORIENTED_EDGE('',*,*,#1213,.F.);
#1552=ORIENTED_EDGE('',*,*,#1214,.F.);
#1553=ORIENTED_EDGE('',*,*,#1215,.F.);
#1554=ORIENTED_EDGE('',*,*,#1216,.F.);
#1555=ORIENTED_EDGE('',*,*,#1217,.F.);
#1556=ORIENTED_EDGE('',*,*,#1218,.F.);
#1557=ORIENTED_EDGE('',*,*,#1219,.F.);
#1558=ORIENTED_EDGE('',*,*,#1220,.F.);
#1559=ORIENTED_EDGE('',*,*,#1221,.F.);
#1560=ORIENTED_EDGE('',*,*,#1222,.F.);
#1561=ORIENTED_EDGE('',*,*,#1223,.F.);
#1562=ORIENTED_EDGE('',*,*,#1192,.F.);
#1563=ORIENTED_EDGE('',*,*,#1208,.T.);
#1564=ORIENTED_EDGE('',*,*,#1224,.T.);
#1565=ORIENTED_EDGE('',*,*,#1225,.F.);
#1566=ORIENTED_EDGE('',*,*,#1226,.F.);
#1567=ORIENTED_EDGE('',*,*,#1207,.T.);
#1568=ORIENTED_EDGE('',*,*,#1227,.T.);
#1569=ORIENTED_EDGE('',*,*,#1228,.F.);
#1570=ORIENTED_EDGE('',*,*,#1224,.F.);
#1571=ORIENTED_EDGE('',*,*,#1206,.T.);
#1572=ORIENTED_EDGE('',*,*,#1229,.T.);
#1573=ORIENTED_EDGE('',*,*,#1230,.F.);
#1574=ORIENTED_EDGE('',*,*,#1227,.F.);
#1575=ORIENTED_EDGE('',*,*,#1205,.T.);
#1576=ORIENTED_EDGE('',*,*,#1231,.T.);
#1577=ORIENTED_EDGE('',*,*,#1232,.F.);
#1578=ORIENTED_EDGE('',*,*,#1229,.F.);
#1579=ORIENTED_EDGE('',*,*,#1204,.T.);
#1580=ORIENTED_EDGE('',*,*,#1233,.T.);
#1581=ORIENTED_EDGE('',*,*,#1234,.F.);
#1582=ORIENTED_EDGE('',*,*,#1231,.F.);
#1583=ORIENTED_EDGE('',*,*,#1203,.T.);
#1584=ORIENTED_EDGE('',*,*,#1235,.T.);
#1585=ORIENTED_EDGE('',*,*,#1236,.F.);
#1586=ORIENTED_EDGE('',*,*,#1233,.F.);
#1587=ORIENTED_EDGE('',*,*,#1201,.T.);
#1588=ORIENTED_EDGE('',*,*,#1078,.F.);
#1589=ORIENTED_EDGE('',*,*,#1237,.T.);
#1590=ORIENTED_EDGE('',*,*,#1238,.F.);
#1591=ORIENTED_EDGE('',*,*,#1200,.T.);
#1592=ORIENTED_EDGE('',*,*,#1239,.T.);
#1593=ORIENTED_EDGE('',*,*,#1240,.F.);
#1594=ORIENTED_EDGE('',*,*,#1080,.F.);
#1595=ORIENTED_EDGE('',*,*,#1199,.T.);
#1596=ORIENTED_EDGE('',*,*,#1150,.T.);
#1597=ORIENTED_EDGE('',*,*,#1241,.F.);
#1598=ORIENTED_EDGE('',*,*,#1242,.F.);
#1599=ORIENTED_EDGE('',*,*,#1243,.F.);
#1600=ORIENTED_EDGE('',*,*,#1239,.F.);
#1601=ORIENTED_EDGE('',*,*,#1198,.T.);
#1602=ORIENTED_EDGE('',*,*,#1244,.T.);
#1603=ORIENTED_EDGE('',*,*,#1245,.F.);
#1604=ORIENTED_EDGE('',*,*,#1246,.T.);
#1605=ORIENTED_EDGE('',*,*,#1247,.F.);
#1606=ORIENTED_EDGE('',*,*,#1143,.F.);
#1607=ORIENTED_EDGE('',*,*,#1197,.T.);
#1608=ORIENTED_EDGE('',*,*,#1176,.F.);
#1609=ORIENTED_EDGE('',*,*,#1248,.F.);
#1610=ORIENTED_EDGE('',*,*,#1244,.F.);
#1611=ORIENTED_EDGE('',*,*,#1196,.T.);
#1612=ORIENTED_EDGE('',*,*,#1191,.F.);
#1613=ORIENTED_EDGE('',*,*,#1189,.T.);
#1614=ORIENTED_EDGE('',*,*,#1178,.F.);
#1615=ORIENTED_EDGE('',*,*,#1114,.T.);
#1616=ORIENTED_EDGE('',*,*,#1249,.T.);
#1617=ORIENTED_EDGE('',*,*,#1083,.F.);
#1618=ORIENTED_EDGE('',*,*,#1250,.F.);
#1619=ORIENTED_EDGE('',*,*,#1113,.T.);
#1620=ORIENTED_EDGE('',*,*,#1251,.T.);
#1621=ORIENTED_EDGE('',*,*,#1084,.F.);
#1622=ORIENTED_EDGE('',*,*,#1249,.F.);
#1623=ORIENTED_EDGE('',*,*,#1112,.T.);
#1624=ORIENTED_EDGE('',*,*,#1252,.T.);
#1625=ORIENTED_EDGE('',*,*,#1085,.F.);
#1626=ORIENTED_EDGE('',*,*,#1251,.F.);
#1627=ORIENTED_EDGE('',*,*,#1111,.T.);
#1628=ORIENTED_EDGE('',*,*,#1253,.T.);
#1629=ORIENTED_EDGE('',*,*,#1086,.F.);
#1630=ORIENTED_EDGE('',*,*,#1252,.F.);
#1631=ORIENTED_EDGE('',*,*,#1202,.T.);
#1632=ORIENTED_EDGE('',*,*,#1238,.T.);
#1633=ORIENTED_EDGE('',*,*,#1254,.T.);
#1634=ORIENTED_EDGE('',*,*,#1255,.T.);
#1635=ORIENTED_EDGE('',*,*,#1119,.T.);
#1636=ORIENTED_EDGE('',*,*,#1256,.T.);
#1637=ORIENTED_EDGE('',*,*,#1257,.F.);
#1638=ORIENTED_EDGE('',*,*,#1235,.F.);
#1639=ORIENTED_EDGE('',*,*,#1110,.T.);
#1640=ORIENTED_EDGE('',*,*,#1258,.T.);
#1641=ORIENTED_EDGE('',*,*,#1087,.F.);
#1642=ORIENTED_EDGE('',*,*,#1253,.F.);
#1643=ORIENTED_EDGE('',*,*,#1109,.T.);
#1644=ORIENTED_EDGE('',*,*,#1259,.T.);
#1645=ORIENTED_EDGE('',*,*,#1088,.F.);
#1646=ORIENTED_EDGE('',*,*,#1258,.F.);
#1647=ORIENTED_EDGE('',*,*,#1108,.T.);
#1648=ORIENTED_EDGE('',*,*,#1260,.T.);
#1649=ORIENTED_EDGE('',*,*,#1089,.F.);
#1650=ORIENTED_EDGE('',*,*,#1259,.F.);
#1651=ORIENTED_EDGE('',*,*,#1107,.T.);
#1652=ORIENTED_EDGE('',*,*,#1261,.T.);
#1653=ORIENTED_EDGE('',*,*,#1090,.F.);
#1654=ORIENTED_EDGE('',*,*,#1260,.F.);
#1655=ORIENTED_EDGE('',*,*,#1106,.T.);
#1656=ORIENTED_EDGE('',*,*,#1262,.F.);
#1657=ORIENTED_EDGE('',*,*,#1171,.F.);
#1658=ORIENTED_EDGE('',*,*,#1263,.T.);
#1659=ORIENTED_EDGE('',*,*,#1091,.F.);
#1660=ORIENTED_EDGE('',*,*,#1261,.F.);
#1661=ORIENTED_EDGE('',*,*,#1105,.T.);
#1662=ORIENTED_EDGE('',*,*,#1264,.T.);
#1663=ORIENTED_EDGE('',*,*,#1172,.F.);
#1664=ORIENTED_EDGE('',*,*,#1262,.T.);
#1665=ORIENTED_EDGE('',*,*,#1265,.F.);
#1666=ORIENTED_EDGE('',*,*,#1266,.T.);
#1667=ORIENTED_EDGE('',*,*,#1267,.F.);
#1668=ORIENTED_EDGE('',*,*,#1268,.F.);
#1669=ORIENTED_EDGE('',*,*,#1100,.F.);
#1670=ORIENTED_EDGE('',*,*,#1268,.T.);
#1671=ORIENTED_EDGE('',*,*,#1269,.F.);
#1672=ORIENTED_EDGE('',*,*,#1270,.F.);
#1673=ORIENTED_EDGE('',*,*,#1269,.T.);
#1674=ORIENTED_EDGE('',*,*,#1267,.T.);
#1675=ORIENTED_EDGE('',*,*,#1271,.T.);
#1676=ORIENTED_EDGE('',*,*,#1272,.T.);
#1677=ORIENTED_EDGE('',*,*,#1152,.F.);
#1678=ORIENTED_EDGE('',*,*,#1273,.T.);
#1679=ORIENTED_EDGE('',*,*,#1265,.T.);
#1680=ORIENTED_EDGE('',*,*,#1274,.T.);
#1681=ORIENTED_EDGE('',*,*,#1275,.T.);
#1682=ORIENTED_EDGE('',*,*,#1276,.T.);
#1683=ORIENTED_EDGE('',*,*,#1277,.T.);
#1684=ORIENTED_EDGE('',*,*,#1194,.T.);
#1685=ORIENTED_EDGE('',*,*,#1278,.T.);
#1686=ORIENTED_EDGE('',*,*,#1279,.T.);
#1687=ORIENTED_EDGE('',*,*,#1280,.T.);
#1688=ORIENTED_EDGE('',*,*,#1281,.T.);
#1689=ORIENTED_EDGE('',*,*,#1282,.T.);
#1690=ORIENTED_EDGE('',*,*,#1245,.T.);
#1691=ORIENTED_EDGE('',*,*,#1248,.T.);
#1692=ORIENTED_EDGE('',*,*,#1175,.F.);
#1693=ORIENTED_EDGE('',*,*,#1283,.F.);
#1694=ORIENTED_EDGE('',*,*,#1242,.T.);
#1695=ORIENTED_EDGE('',*,*,#1284,.F.);
#1696=ORIENTED_EDGE('',*,*,#1285,.F.);
#1697=ORIENTED_EDGE('',*,*,#1286,.F.);
#1698=ORIENTED_EDGE('',*,*,#1285,.T.);
#1699=ORIENTED_EDGE('',*,*,#1287,.F.);
#1700=ORIENTED_EDGE('',*,*,#1148,.F.);
#1701=ORIENTED_EDGE('',*,*,#1241,.T.);
#1702=ORIENTED_EDGE('',*,*,#1149,.T.);
#1703=ORIENTED_EDGE('',*,*,#1287,.T.);
#1704=ORIENTED_EDGE('',*,*,#1284,.T.);
#1705=ORIENTED_EDGE('',*,*,#1054,.T.);
#1706=ORIENTED_EDGE('',*,*,#1081,.T.);
#1707=ORIENTED_EDGE('',*,*,#1240,.T.);
#1708=ORIENTED_EDGE('',*,*,#1243,.T.);
#1709=ORIENTED_EDGE('',*,*,#1283,.T.);
#1710=ORIENTED_EDGE('',*,*,#1230,.T.);
#1711=ORIENTED_EDGE('',*,*,#1232,.T.);
#1712=ORIENTED_EDGE('',*,*,#1234,.T.);
#1713=ORIENTED_EDGE('',*,*,#1236,.T.);
#1714=ORIENTED_EDGE('',*,*,#1257,.T.);
#1715=ORIENTED_EDGE('',*,*,#1288,.T.);
#1716=ORIENTED_EDGE('',*,*,#1289,.T.);
#1717=ORIENTED_EDGE('',*,*,#1290,.T.);
#1718=ORIENTED_EDGE('',*,*,#1291,.T.);
#1719=ORIENTED_EDGE('',*,*,#1124,.T.);
#1720=ORIENTED_EDGE('',*,*,#1071,.T.);
#1721=ORIENTED_EDGE('',*,*,#1072,.T.);
#1722=ORIENTED_EDGE('',*,*,#1292,.T.);
#1723=ORIENTED_EDGE('',*,*,#1293,.T.);
#1724=ORIENTED_EDGE('',*,*,#1058,.T.);
#1725=ORIENTED_EDGE('',*,*,#1294,.F.);
#1726=ORIENTED_EDGE('',*,*,#1145,.T.);
#1727=ORIENTED_EDGE('',*,*,#1295,.F.);
#1728=ORIENTED_EDGE('',*,*,#1296,.F.);
#1729=ORIENTED_EDGE('',*,*,#1282,.F.);
#1730=ORIENTED_EDGE('',*,*,#1296,.T.);
#1731=ORIENTED_EDGE('',*,*,#1297,.F.);
#1732=ORIENTED_EDGE('',*,*,#1246,.F.);
#1733=ORIENTED_EDGE('',*,*,#1144,.T.);
#1734=ORIENTED_EDGE('',*,*,#1247,.T.);
#1735=ORIENTED_EDGE('',*,*,#1297,.T.);
#1736=ORIENTED_EDGE('',*,*,#1295,.T.);
#1737=ORIENTED_EDGE('',*,*,#1286,.T.);
#1738=ORIENTED_EDGE('',*,*,#1147,.T.);
#1739=ORIENTED_EDGE('',*,*,#1139,.F.);
#1740=ORIENTED_EDGE('',*,*,#1132,.T.);
#1741=ORIENTED_EDGE('',*,*,#1136,.F.);
#1742=ORIENTED_EDGE('',*,*,#1146,.T.);
#1743=ORIENTED_EDGE('',*,*,#1294,.T.);
#1744=ORIENTED_EDGE('',*,*,#1298,.T.);
#1745=ORIENTED_EDGE('',*,*,#1299,.T.);
#1746=ORIENTED_EDGE('',*,*,#1300,.T.);
#1747=ORIENTED_EDGE('',*,*,#1301,.T.);
#1748=ORIENTED_EDGE('',*,*,#1302,.T.);
#1749=ORIENTED_EDGE('',*,*,#1303,.T.);
#1750=ORIENTED_EDGE('',*,*,#1304,.T.);
#1751=ORIENTED_EDGE('',*,*,#1305,.T.);
#1752=ORIENTED_EDGE('',*,*,#1306,.T.);
#1753=ORIENTED_EDGE('',*,*,#1307,.T.);
#1754=ORIENTED_EDGE('',*,*,#1308,.T.);
#1755=ORIENTED_EDGE('',*,*,#1225,.T.);
#1756=ORIENTED_EDGE('',*,*,#1228,.T.);
#1757=ORIENTED_EDGE('',*,*,#1131,.T.);
#1758=ORIENTED_EDGE('',*,*,#1161,.T.);
#1759=ORIENTED_EDGE('',*,*,#1309,.T.);
#1760=ORIENTED_EDGE('',*,*,#1275,.F.);
#1761=ORIENTED_EDGE('',*,*,#1310,.F.);
#1762=ORIENTED_EDGE('',*,*,#1160,.T.);
#1763=ORIENTED_EDGE('',*,*,#1311,.T.);
#1764=ORIENTED_EDGE('',*,*,#1276,.F.);
#1765=ORIENTED_EDGE('',*,*,#1309,.F.);
#1766=ORIENTED_EDGE('',*,*,#1159,.T.);
#1767=ORIENTED_EDGE('',*,*,#1195,.T.);
#1768=ORIENTED_EDGE('',*,*,#1277,.F.);
#1769=ORIENTED_EDGE('',*,*,#1311,.F.);
#1770=ORIENTED_EDGE('',*,*,#1174,.T.);
#1771=ORIENTED_EDGE('',*,*,#1312,.T.);
#1772=ORIENTED_EDGE('',*,*,#1271,.F.);
#1773=ORIENTED_EDGE('',*,*,#1266,.F.);
#1774=ORIENTED_EDGE('',*,*,#1273,.F.);
#1775=ORIENTED_EDGE('',*,*,#1155,.F.);
#1776=ORIENTED_EDGE('',*,*,#1062,.T.);
#1777=ORIENTED_EDGE('',*,*,#1101,.F.);
#1778=ORIENTED_EDGE('',*,*,#1270,.T.);
#1779=ORIENTED_EDGE('',*,*,#1272,.F.);
#1780=ORIENTED_EDGE('',*,*,#1312,.F.);
#1781=ORIENTED_EDGE('',*,*,#1173,.T.);
#1782=ORIENTED_EDGE('',*,*,#1264,.F.);
#1783=ORIENTED_EDGE('',*,*,#1104,.T.);
#1784=ORIENTED_EDGE('',*,*,#1254,.F.);
#1785=ORIENTED_EDGE('',*,*,#1237,.F.);
#1786=ORIENTED_EDGE('',*,*,#1077,.F.);
#1787=ORIENTED_EDGE('',*,*,#1313,.F.);
#1788=ORIENTED_EDGE('',*,*,#1120,.T.);
#1789=ORIENTED_EDGE('',*,*,#1255,.F.);
#1790=ORIENTED_EDGE('',*,*,#1313,.T.);
#1791=ORIENTED_EDGE('',*,*,#1076,.F.);
#1792=ORIENTED_EDGE('',*,*,#1223,.T.);
#1793=ORIENTED_EDGE('',*,*,#1314,.T.);
#1794=ORIENTED_EDGE('',*,*,#1278,.F.);
#1795=ORIENTED_EDGE('',*,*,#1193,.F.);
#1796=ORIENTED_EDGE('',*,*,#1162,.T.);
#1797=ORIENTED_EDGE('',*,*,#1310,.T.);
#1798=ORIENTED_EDGE('',*,*,#1274,.F.);
#1799=ORIENTED_EDGE('',*,*,#1315,.F.);
#1800=ORIENTED_EDGE('',*,*,#1163,.T.);
#1801=ORIENTED_EDGE('',*,*,#1315,.T.);
#1802=ORIENTED_EDGE('',*,*,#1099,.F.);
#1803=ORIENTED_EDGE('',*,*,#1316,.F.);
#1804=ORIENTED_EDGE('',*,*,#1164,.T.);
#1805=ORIENTED_EDGE('',*,*,#1316,.T.);
#1806=ORIENTED_EDGE('',*,*,#1098,.F.);
#1807=ORIENTED_EDGE('',*,*,#1317,.F.);
#1808=ORIENTED_EDGE('',*,*,#1165,.T.);
#1809=ORIENTED_EDGE('',*,*,#1317,.T.);
#1810=ORIENTED_EDGE('',*,*,#1097,.F.);
#1811=ORIENTED_EDGE('',*,*,#1318,.F.);
#1812=ORIENTED_EDGE('',*,*,#1166,.T.);
#1813=ORIENTED_EDGE('',*,*,#1318,.T.);
#1814=ORIENTED_EDGE('',*,*,#1096,.F.);
#1815=ORIENTED_EDGE('',*,*,#1319,.F.);
#1816=ORIENTED_EDGE('',*,*,#1167,.T.);
#1817=ORIENTED_EDGE('',*,*,#1319,.T.);
#1818=ORIENTED_EDGE('',*,*,#1095,.F.);
#1819=ORIENTED_EDGE('',*,*,#1320,.F.);
#1820=ORIENTED_EDGE('',*,*,#1168,.T.);
#1821=ORIENTED_EDGE('',*,*,#1320,.T.);
#1822=ORIENTED_EDGE('',*,*,#1094,.F.);
#1823=ORIENTED_EDGE('',*,*,#1321,.F.);
#1824=ORIENTED_EDGE('',*,*,#1169,.T.);
#1825=ORIENTED_EDGE('',*,*,#1321,.T.);
#1826=ORIENTED_EDGE('',*,*,#1093,.F.);
#1827=ORIENTED_EDGE('',*,*,#1322,.F.);
#1828=ORIENTED_EDGE('',*,*,#1170,.T.);
#1829=ORIENTED_EDGE('',*,*,#1322,.T.);
#1830=ORIENTED_EDGE('',*,*,#1092,.F.);
#1831=ORIENTED_EDGE('',*,*,#1263,.F.);
#1832=ORIENTED_EDGE('',*,*,#1115,.T.);
#1833=ORIENTED_EDGE('',*,*,#1250,.T.);
#1834=ORIENTED_EDGE('',*,*,#1291,.F.);
#1835=ORIENTED_EDGE('',*,*,#1323,.F.);
#1836=ORIENTED_EDGE('',*,*,#1116,.T.);
#1837=ORIENTED_EDGE('',*,*,#1323,.T.);
#1838=ORIENTED_EDGE('',*,*,#1290,.F.);
#1839=ORIENTED_EDGE('',*,*,#1324,.F.);
#1840=ORIENTED_EDGE('',*,*,#1117,.T.);
#1841=ORIENTED_EDGE('',*,*,#1324,.T.);
#1842=ORIENTED_EDGE('',*,*,#1289,.F.);
#1843=ORIENTED_EDGE('',*,*,#1325,.F.);
#1844=ORIENTED_EDGE('',*,*,#1118,.T.);
#1845=ORIENTED_EDGE('',*,*,#1325,.T.);
#1846=ORIENTED_EDGE('',*,*,#1288,.F.);
#1847=ORIENTED_EDGE('',*,*,#1256,.F.);
#1848=ORIENTED_EDGE('',*,*,#1209,.T.);
#1849=ORIENTED_EDGE('',*,*,#1226,.T.);
#1850=ORIENTED_EDGE('',*,*,#1308,.F.);
#1851=ORIENTED_EDGE('',*,*,#1326,.F.);
#1852=ORIENTED_EDGE('',*,*,#1210,.T.);
#1853=ORIENTED_EDGE('',*,*,#1326,.T.);
#1854=ORIENTED_EDGE('',*,*,#1307,.F.);
#1855=ORIENTED_EDGE('',*,*,#1327,.F.);
#1856=ORIENTED_EDGE('',*,*,#1211,.T.);
#1857=ORIENTED_EDGE('',*,*,#1327,.T.);
#1858=ORIENTED_EDGE('',*,*,#1306,.F.);
#1859=ORIENTED_EDGE('',*,*,#1328,.F.);
#1860=ORIENTED_EDGE('',*,*,#1212,.T.);
#1861=ORIENTED_EDGE('',*,*,#1328,.T.);
#1862=ORIENTED_EDGE('',*,*,#1305,.F.);
#1863=ORIENTED_EDGE('',*,*,#1329,.F.);
#1864=ORIENTED_EDGE('',*,*,#1213,.T.);
#1865=ORIENTED_EDGE('',*,*,#1329,.T.);
#1866=ORIENTED_EDGE('',*,*,#1304,.F.);
#1867=ORIENTED_EDGE('',*,*,#1330,.F.);
#1868=ORIENTED_EDGE('',*,*,#1214,.T.);
#1869=ORIENTED_EDGE('',*,*,#1330,.T.);
#1870=ORIENTED_EDGE('',*,*,#1303,.F.);
#1871=ORIENTED_EDGE('',*,*,#1331,.F.);
#1872=ORIENTED_EDGE('',*,*,#1215,.T.);
#1873=ORIENTED_EDGE('',*,*,#1331,.T.);
#1874=ORIENTED_EDGE('',*,*,#1302,.F.);
#1875=ORIENTED_EDGE('',*,*,#1332,.F.);
#1876=ORIENTED_EDGE('',*,*,#1216,.T.);
#1877=ORIENTED_EDGE('',*,*,#1332,.T.);
#1878=ORIENTED_EDGE('',*,*,#1301,.F.);
#1879=ORIENTED_EDGE('',*,*,#1333,.F.);
#1880=ORIENTED_EDGE('',*,*,#1217,.T.);
#1881=ORIENTED_EDGE('',*,*,#1333,.T.);
#1882=ORIENTED_EDGE('',*,*,#1300,.F.);
#1883=ORIENTED_EDGE('',*,*,#1334,.F.);
#1884=ORIENTED_EDGE('',*,*,#1218,.T.);
#1885=ORIENTED_EDGE('',*,*,#1334,.T.);
#1886=ORIENTED_EDGE('',*,*,#1299,.F.);
#1887=ORIENTED_EDGE('',*,*,#1335,.F.);
#1888=ORIENTED_EDGE('',*,*,#1219,.T.);
#1889=ORIENTED_EDGE('',*,*,#1335,.T.);
#1890=ORIENTED_EDGE('',*,*,#1298,.F.);
#1891=ORIENTED_EDGE('',*,*,#1336,.F.);
#1892=ORIENTED_EDGE('',*,*,#1220,.T.);
#1893=ORIENTED_EDGE('',*,*,#1336,.T.);
#1894=ORIENTED_EDGE('',*,*,#1281,.F.);
#1895=ORIENTED_EDGE('',*,*,#1337,.F.);
#1896=ORIENTED_EDGE('',*,*,#1221,.T.);
#1897=ORIENTED_EDGE('',*,*,#1337,.T.);
#1898=ORIENTED_EDGE('',*,*,#1280,.F.);
#1899=ORIENTED_EDGE('',*,*,#1338,.F.);
#1900=ORIENTED_EDGE('',*,*,#1222,.T.);
#1901=ORIENTED_EDGE('',*,*,#1338,.T.);
#1902=ORIENTED_EDGE('',*,*,#1279,.F.);
#1903=ORIENTED_EDGE('',*,*,#1314,.F.);
#1904=ORIENTED_EDGE('',*,*,#1059,.T.);
#1905=ORIENTED_EDGE('',*,*,#1293,.F.);
#1906=ORIENTED_EDGE('',*,*,#1339,.F.);
#1907=ORIENTED_EDGE('',*,*,#1102,.T.);
#1908=ORIENTED_EDGE('',*,*,#1074,.T.);
#1909=ORIENTED_EDGE('',*,*,#1103,.T.);
#1910=ORIENTED_EDGE('',*,*,#1339,.T.);
#1911=ORIENTED_EDGE('',*,*,#1292,.F.);
#1912=CYLINDRICAL_SURFACE('',#2031,2.7);
#1913=CYLINDRICAL_SURFACE('',#2034,3.30000000000006);
#1914=CYLINDRICAL_SURFACE('',#2037,3.30000000000006);
#1915=CYLINDRICAL_SURFACE('',#2047,0.899999999999999);
#1916=CYLINDRICAL_SURFACE('',#2050,2.5);
#1917=ADVANCED_FACE('',(#120),#1912,.T.);
#1918=ADVANCED_FACE('',(#121),#1913,.F.);
#1919=ADVANCED_FACE('',(#122),#118,.F.);
#1920=ADVANCED_FACE('',(#123),#119,.F.);
#1921=ADVANCED_FACE('',(#124),#1914,.F.);
#1922=ADVANCED_FACE('',(#125),#17,.T.);
#1923=ADVANCED_FACE('',(#126),#18,.T.);
#1924=ADVANCED_FACE('',(#127),#19,.F.);
#1925=ADVANCED_FACE('',(#128),#20,.T.);
#1926=ADVANCED_FACE('',(#129),#21,.T.);
#1927=ADVANCED_FACE('',(#130),#22,.T.);
#1928=ADVANCED_FACE('',(#131),#23,.T.);
#1929=ADVANCED_FACE('',(#132),#1915,.F.);
#1930=ADVANCED_FACE('',(#133),#1916,.T.);
#1931=ADVANCED_FACE('',(#134),#24,.T.);
#1932=ADVANCED_FACE('',(#135),#25,.T.);
#1933=ADVANCED_FACE('',(#136,#15),#26,.F.);
#1934=ADVANCED_FACE('',(#137),#27,.T.);
#1935=ADVANCED_FACE('',(#138),#28,.T.);
#1936=ADVANCED_FACE('',(#139),#29,.T.);
#1937=ADVANCED_FACE('',(#140),#30,.F.);
#1938=ADVANCED_FACE('',(#141),#31,.T.);
#1939=ADVANCED_FACE('',(#142),#32,.F.);
#1940=ADVANCED_FACE('',(#143),#33,.F.);
#1941=ADVANCED_FACE('',(#144),#34,.T.);
#1942=ADVANCED_FACE('',(#145),#35,.F.);
#1943=ADVANCED_FACE('',(#146),#36,.T.);
#1944=ADVANCED_FACE('',(#147),#37,.F.);
#1945=ADVANCED_FACE('',(#148),#38,.T.);
#1946=ADVANCED_FACE('',(#149),#39,.T.);
#1947=ADVANCED_FACE('',(#150),#40,.T.);
#1948=ADVANCED_FACE('',(#151),#41,.T.);
#1949=ADVANCED_FACE('',(#152),#42,.T.);
#1950=ADVANCED_FACE('',(#153),#43,.T.);
#1951=ADVANCED_FACE('',(#154),#44,.F.);
#1952=ADVANCED_FACE('',(#155),#45,.T.);
#1953=ADVANCED_FACE('',(#156),#46,.T.);
#1954=ADVANCED_FACE('',(#157),#47,.T.);
#1955=ADVANCED_FACE('',(#158),#48,.T.);
#1956=ADVANCED_FACE('',(#159),#49,.F.);
#1957=ADVANCED_FACE('',(#160),#50,.T.);
#1958=ADVANCED_FACE('',(#161),#51,.T.);
#1959=ADVANCED_FACE('',(#162),#52,.T.);
#1960=ADVANCED_FACE('',(#163),#53,.T.);
#1961=ADVANCED_FACE('',(#164),#54,.T.);
#1962=ADVANCED_FACE('',(#165),#55,.T.);
#1963=ADVANCED_FACE('',(#166),#56,.T.);
#1964=ADVANCED_FACE('',(#167),#57,.T.);
#1965=ADVANCED_FACE('',(#168),#58,.T.);
#1966=ADVANCED_FACE('',(#169),#59,.T.);
#1967=ADVANCED_FACE('',(#170),#60,.T.);
#1968=ADVANCED_FACE('',(#171),#61,.T.);
#1969=ADVANCED_FACE('',(#172),#62,.T.);
#1970=ADVANCED_FACE('',(#173),#63,.T.);
#1971=ADVANCED_FACE('',(#174),#64,.T.);
#1972=ADVANCED_FACE('',(#175),#65,.T.);
#1973=ADVANCED_FACE('',(#176),#66,.T.);
#1974=ADVANCED_FACE('',(#177),#67,.T.);
#1975=ADVANCED_FACE('',(#178),#68,.T.);
#1976=ADVANCED_FACE('',(#179),#69,.T.);
#1977=ADVANCED_FACE('',(#180),#70,.T.);
#1978=ADVANCED_FACE('',(#181),#71,.T.);
#1979=ADVANCED_FACE('',(#182,#16),#72,.T.);
#1980=ADVANCED_FACE('',(#183),#73,.T.);
#1981=ADVANCED_FACE('',(#184),#74,.T.);
#1982=ADVANCED_FACE('',(#185),#75,.T.);
#1983=ADVANCED_FACE('',(#186),#76,.T.);
#1984=ADVANCED_FACE('',(#187),#77,.T.);
#1985=ADVANCED_FACE('',(#188),#78,.F.);
#1986=ADVANCED_FACE('',(#189),#79,.F.);
#1987=ADVANCED_FACE('',(#190),#80,.T.);
#1988=ADVANCED_FACE('',(#191),#81,.T.);
#1989=ADVANCED_FACE('',(#192),#82,.T.);
#1990=ADVANCED_FACE('',(#193),#83,.T.);
#1991=ADVANCED_FACE('',(#194),#84,.T.);
#1992=ADVANCED_FACE('',(#195),#85,.T.);
#1993=ADVANCED_FACE('',(#196),#86,.T.);
#1994=ADVANCED_FACE('',(#197),#87,.T.);
#1995=ADVANCED_FACE('',(#198),#88,.T.);
#1996=ADVANCED_FACE('',(#199),#89,.T.);
#1997=ADVANCED_FACE('',(#200),#90,.T.);
#1998=ADVANCED_FACE('',(#201),#91,.T.);
#1999=ADVANCED_FACE('',(#202),#92,.T.);
#2000=ADVANCED_FACE('',(#203),#93,.T.);
#2001=ADVANCED_FACE('',(#204),#94,.T.);
#2002=ADVANCED_FACE('',(#205),#95,.T.);
#2003=ADVANCED_FACE('',(#206),#96,.T.);
#2004=ADVANCED_FACE('',(#207),#97,.T.);
#2005=ADVANCED_FACE('',(#208),#98,.T.);
#2006=ADVANCED_FACE('',(#209),#99,.T.);
#2007=ADVANCED_FACE('',(#210),#100,.T.);
#2008=ADVANCED_FACE('',(#211),#101,.T.);
#2009=ADVANCED_FACE('',(#212),#102,.T.);
#2010=ADVANCED_FACE('',(#213),#103,.T.);
#2011=ADVANCED_FACE('',(#214),#104,.T.);
#2012=ADVANCED_FACE('',(#215),#105,.T.);
#2013=ADVANCED_FACE('',(#216),#106,.T.);
#2014=ADVANCED_FACE('',(#217),#107,.T.);
#2015=ADVANCED_FACE('',(#218),#108,.T.);
#2016=ADVANCED_FACE('',(#219),#109,.T.);
#2017=CLOSED_SHELL('',(#1917,#1918,#1919,#1920,#1921,#1922,#1923,#1924,
#1925,#1926,#1927,#1928,#1929,#1930,#1931,#1932,#1933,#1934,#1935,#1936,
#1937,#1938,#1939,#1940,#1941,#1942,#1943,#1944,#1945,#1946,#1947,#1948,
#1949,#1950,#1951,#1952,#1953,#1954,#1955,#1956,#1957,#1958,#1959,#1960,
#1961,#1962,#1963,#1964,#1965,#1966,#1967,#1968,#1969,#1970,#1971,#1972,
#1973,#1974,#1975,#1976,#1977,#1978,#1979,#1980,#1981,#1982,#1983,#1984,
#1985,#1986,#1987,#1988,#1989,#1990,#1991,#1992,#1993,#1994,#1995,#1996,
#1997,#1998,#1999,#2000,#2001,#2002,#2003,#2004,#2005,#2006,#2007,#2008,
#2009,#2010,#2011,#2012,#2013,#2014,#2015,#2016));
#2018=DERIVED_UNIT_ELEMENT(#2020,1.);
#2019=DERIVED_UNIT_ELEMENT(#3253,-3.);
#2020=(
MASS_UNIT()
NAMED_UNIT(*)
SI_UNIT(.KILO.,.GRAM.)
);
#2021=DERIVED_UNIT((#2018,#2019));
#2022=MEASURE_REPRESENTATION_ITEM('density measure',
POSITIVE_RATIO_MEASURE(7850.),#2021);
#2023=PROPERTY_DEFINITION_REPRESENTATION(#2028,#2025);
#2024=PROPERTY_DEFINITION_REPRESENTATION(#2029,#2026);
#2025=REPRESENTATION('material name',(#2027),#3250);
#2026=REPRESENTATION('density',(#2022),#3250);
#2027=DESCRIPTIVE_REPRESENTATION_ITEM('Steel','Steel');
#2028=PROPERTY_DEFINITION('material property','material name',#3260);
#2029=PROPERTY_DEFINITION('material property','density of part',#3260);
#2030=AXIS2_PLACEMENT_3D('',#2625,#2139,#2140);
#2031=AXIS2_PLACEMENT_3D('',#2626,#2141,#2142);
#2032=AXIS2_PLACEMENT_3D('',#2629,#2143,#2144);
#2033=AXIS2_PLACEMENT_3D('',#2633,#2146,#2147);
#2034=AXIS2_PLACEMENT_3D('',#2635,#2149,#2150);
#2035=AXIS2_PLACEMENT_3D('',#2637,#2151,#2152);
#2036=AXIS2_PLACEMENT_3D('',#2640,#2154,#2155);
#2037=AXIS2_PLACEMENT_3D('',#2714,#2159,#2160);
#2038=AXIS2_PLACEMENT_3D('',#2716,#2161,#2162);
#2039=AXIS2_PLACEMENT_3D('',#2718,#2163,#2164);
#2040=AXIS2_PLACEMENT_3D('',#2720,#2166,#2167);
#2041=AXIS2_PLACEMENT_3D('',#2734,#2175,#2176);
#2042=AXIS2_PLACEMENT_3D('',#2774,#2197,#2198);
#2043=AXIS2_PLACEMENT_3D('',#2811,#2218,#2219);
#2044=AXIS2_PLACEMENT_3D('',#2815,#2222,#2223);
#2045=AXIS2_PLACEMENT_3D('',#2817,#2225,#2226);
#2046=AXIS2_PLACEMENT_3D('',#2819,#2228,#2229);
#2047=AXIS2_PLACEMENT_3D('',#2828,#2234,#2235);
#2048=AXIS2_PLACEMENT_3D('',#2830,#2236,#2237);
#2049=AXIS2_PLACEMENT_3D('',#2833,#2239,#2240);
#2050=AXIS2_PLACEMENT_3D('',#2834,#2241,#2242);
#2051=AXIS2_PLACEMENT_3D('',#2837,#2243,#2244);
#2052=AXIS2_PLACEMENT_3D('',#2841,#2246,#2247);
#2053=AXIS2_PLACEMENT_3D('',#2843,#2249,#2250);
#2054=AXIS2_PLACEMENT_3D('',#2848,#2254,#2255);
#2055=AXIS2_PLACEMENT_3D('',#2853,#2259,#2260);
#2056=AXIS2_PLACEMENT_3D('',#2854,#2261,#2262);
#2057=AXIS2_PLACEMENT_3D('',#2864,#2268,#2269);
#2058=AXIS2_PLACEMENT_3D('',#2874,#2275,#2276);
#2059=AXIS2_PLACEMENT_3D('',#2883,#2281,#2282);
#2060=AXIS2_PLACEMENT_3D('',#2921,#2302,#2303);
#2061=AXIS2_PLACEMENT_3D('',#2937,#2312,#2313);
#2062=AXIS2_PLACEMENT_3D('',#2941,#2316,#2317);
#2063=AXIS2_PLACEMENT_3D('',#2945,#2320,#2321);
#2064=AXIS2_PLACEMENT_3D('',#2949,#2324,#2325);
#2065=AXIS2_PLACEMENT_3D('',#2953,#2328,#2329);
#2066=AXIS2_PLACEMENT_3D('',#2963,#2335,#2336);
#2067=AXIS2_PLACEMENT_3D('',#3016,#2365,#2366);
#2068=AXIS2_PLACEMENT_3D('',#3022,#2370,#2371);
#2069=AXIS2_PLACEMENT_3D('',#3026,#2374,#2375);
#2070=AXIS2_PLACEMENT_3D('',#3030,#2378,#2379);
#2071=AXIS2_PLACEMENT_3D('',#3034,#2382,#2383);
#2072=AXIS2_PLACEMENT_3D('',#3038,#2386,#2387);
#2073=AXIS2_PLACEMENT_3D('',#3042,#2390,#2391);
#2074=AXIS2_PLACEMENT_3D('',#3046,#2394,#2395);
#2075=AXIS2_PLACEMENT_3D('',#3050,#2398,#2399);
#2076=AXIS2_PLACEMENT_3D('',#3056,#2403,#2404);
#2077=AXIS2_PLACEMENT_3D('',#3064,#2409,#2410);
#2078=AXIS2_PLACEMENT_3D('',#3066,#2412,#2413);
#2079=AXIS2_PLACEMENT_3D('',#3067,#2414,#2415);
#2080=AXIS2_PLACEMENT_3D('',#3070,#2418,#2419);
#2081=AXIS2_PLACEMENT_3D('',#3072,#2421,#2422);
#2082=AXIS2_PLACEMENT_3D('',#3074,#2424,#2425);
#2083=AXIS2_PLACEMENT_3D('',#3076,#2427,#2428);
#2084=AXIS2_PLACEMENT_3D('',#3083,#2433,#2434);
#2085=AXIS2_PLACEMENT_3D('',#3085,#2436,#2437);
#2086=AXIS2_PLACEMENT_3D('',#3087,#2439,#2440);
#2087=AXIS2_PLACEMENT_3D('',#3089,#2442,#2443);
#2088=AXIS2_PLACEMENT_3D('',#3091,#2445,#2446);
#2089=AXIS2_PLACEMENT_3D('',#3094,#2449,#2450);
#2090=AXIS2_PLACEMENT_3D('',#3096,#2452,#2453);
#2091=AXIS2_PLACEMENT_3D('',#3104,#2458,#2459);
#2092=AXIS2_PLACEMENT_3D('',#3108,#2462,#2463);
#2093=AXIS2_PLACEMENT_3D('',#3112,#2466,#2467);
#2094=AXIS2_PLACEMENT_3D('',#3130,#2478,#2479);
#2095=AXIS2_PLACEMENT_3D('',#3135,#2483,#2484);
#2096=AXIS2_PLACEMENT_3D('',#3138,#2487,#2488);
#2097=AXIS2_PLACEMENT_3D('',#3139,#2489,#2490);
#2098=AXIS2_PLACEMENT_3D('',#3150,#2497,#2498);
#2099=AXIS2_PLACEMENT_3D('',#3155,#2502,#2503);
#2100=AXIS2_PLACEMENT_3D('',#3157,#2505,#2506);
#2101=AXIS2_PLACEMENT_3D('',#3158,#2507,#2508);
#2102=AXIS2_PLACEMENT_3D('',#3180,#2520,#2521);
#2103=AXIS2_PLACEMENT_3D('',#3183,#2524,#2525);
#2104=AXIS2_PLACEMENT_3D('',#3185,#2527,#2528);
#2105=AXIS2_PLACEMENT_3D('',#3186,#2529,#2530);
#2106=AXIS2_PLACEMENT_3D('',#3188,#2532,#2533);
#2107=AXIS2_PLACEMENT_3D('',#3189,#2534,#2535);
#2108=AXIS2_PLACEMENT_3D('',#3191,#2537,#2538);
#2109=AXIS2_PLACEMENT_3D('',#3192,#2539,#2540);
#2110=AXIS2_PLACEMENT_3D('',#3194,#2542,#2543);
#2111=AXIS2_PLACEMENT_3D('',#3196,#2545,#2546);
#2112=AXIS2_PLACEMENT_3D('',#3198,#2548,#2549);
#2113=AXIS2_PLACEMENT_3D('',#3200,#2551,#2552);
#2114=AXIS2_PLACEMENT_3D('',#3202,#2554,#2555);
#2115=AXIS2_PLACEMENT_3D('',#3204,#2557,#2558);
#2116=AXIS2_PLACEMENT_3D('',#3206,#2560,#2561);
#2117=AXIS2_PLACEMENT_3D('',#3208,#2563,#2564);
#2118=AXIS2_PLACEMENT_3D('',#3210,#2566,#2567);
#2119=AXIS2_PLACEMENT_3D('',#3211,#2568,#2569);
#2120=AXIS2_PLACEMENT_3D('',#3213,#2571,#2572);
#2121=AXIS2_PLACEMENT_3D('',#3215,#2574,#2575);
#2122=AXIS2_PLACEMENT_3D('',#3217,#2577,#2578);
#2123=AXIS2_PLACEMENT_3D('',#3218,#2579,#2580);
#2124=AXIS2_PLACEMENT_3D('',#3220,#2582,#2583);
#2125=AXIS2_PLACEMENT_3D('',#3222,#2585,#2586);
#2126=AXIS2_PLACEMENT_3D('',#3224,#2588,#2589);
#2127=AXIS2_PLACEMENT_3D('',#3226,#2591,#2592);
#2128=AXIS2_PLACEMENT_3D('',#3228,#2594,#2595);
#2129=AXIS2_PLACEMENT_3D('',#3230,#2597,#2598);
#2130=AXIS2_PLACEMENT_3D('',#3232,#2600,#2601);
#2131=AXIS2_PLACEMENT_3D('',#3234,#2603,#2604);
#2132=AXIS2_PLACEMENT_3D('',#3236,#2606,#2607);
#2133=AXIS2_PLACEMENT_3D('',#3238,#2609,#2610);
#2134=AXIS2_PLACEMENT_3D('',#3240,#2612,#2613);
#2135=AXIS2_PLACEMENT_3D('',#3242,#2615,#2616);
#2136=AXIS2_PLACEMENT_3D('',#3244,#2618,#2619);
#2137=AXIS2_PLACEMENT_3D('',#3245,#2620,#2621);
#2138=AXIS2_PLACEMENT_3D('',#3247,#2623,#2624);
#2139=DIRECTION('axis',(0.,0.,1.));
#2140=DIRECTION('refdir',(1.,0.,0.));
#2141=DIRECTION('center_axis',(-1.36119298038333E-15,0.,1.));
#2142=DIRECTION('ref_axis',(-0.133621019998235,0.991032503510673,-1.81883994453259E-16));
#2143=DIRECTION('center_axis',(0.,0.,1.));
#2144=DIRECTION('ref_axis',(-0.133621019998235,0.991032503510673,-1.81883994453259E-16));
#2145=DIRECTION('',(-1.36119298038333E-15,0.,1.));
#2146=DIRECTION('center_axis',(0.,0.,-1.));
#2147=DIRECTION('ref_axis',(-0.133621019998235,0.991032503510673,-1.81883994453259E-16));
#2148=DIRECTION('',(1.36119298038333E-15,0.,-1.));
#2149=DIRECTION('center_axis',(-1.36119298038333E-15,0.,1.));
#2150=DIRECTION('ref_axis',(-0.0941796625072476,-0.99555521753945,-1.28196695499737E-16));
#2151=DIRECTION('center_axis',(0.,0.,-1.));
#2152=DIRECTION('ref_axis',(-0.0941796625072476,-0.99555521753945,-1.28196695499737E-16));
#2153=DIRECTION('',(-1.36119298038333E-15,0.,1.));
#2154=DIRECTION('center_axis',(0.,0.,1.));
#2155=DIRECTION('ref_axis',(-0.0941796625072476,-0.99555521753945,-1.28196695499737E-16));
#2156=DIRECTION('',(-1.36119298038333E-15,0.,1.));
#2157=DIRECTION('',(-1.36119298038333E-15,0.,1.));
#2158=DIRECTION('',(-1.36119298038333E-15,0.,1.));
#2159=DIRECTION('center_axis',(-1.36119298038333E-15,0.,1.));
#2160=DIRECTION('ref_axis',(-0.0941796625072476,-0.99555521753945,-1.28196695499737E-16));
#2161=DIRECTION('center_axis',(0.,0.,-1.));
#2162=DIRECTION('ref_axis',(-0.0941796625072476,-0.99555521753945,-1.28196695499737E-16));
#2163=DIRECTION('center_axis',(0.,0.,1.));
#2164=DIRECTION('ref_axis',(-0.0941796625072476,-0.99555521753945,-1.28196695499737E-16));
#2165=DIRECTION('',(1.36119298038333E-15,0.,-1.));
#2166=DIRECTION('center_axis',(3.03858167864271E-64,1.,0.));
#2167=DIRECTION('ref_axis',(-1.,3.03858167864271E-64,-1.35963107344631E-32));
#2168=DIRECTION('',(-1.,3.03858167864271E-64,0.));
#2169=DIRECTION('',(0.,0.,1.));
#2170=DIRECTION('',(-1.,3.03858167864271E-64,0.));
#2171=DIRECTION('',(0.,0.,-1.));
#2172=DIRECTION('',(-1.,3.03858167864271E-64,0.));
#2173=DIRECTION('',(0.,0.,1.));
#2174=DIRECTION('',(-1.,3.03858167864271E-64,-1.35963107344631E-32));
#2175=DIRECTION('center_axis',(0.,0.,1.));
#2176=DIRECTION('ref_axis',(1.,0.,0.));
#2177=DIRECTION('',(-1.,0.,0.));
#2178=DIRECTION('',(-1.5094937227357E-48,-1.,1.110223024625E-16));
#2179=DIRECTION('',(0.707106781186553,-0.707106781186542,7.85046229341771E-17));
#2180=DIRECTION('',(-0.70710678118652,-0.707106781186575,7.85046229341807E-17));
#2181=DIRECTION('',(-1.5094937227357E-48,-1.,1.110223024625E-16));
#2182=DIRECTION('',(-1.,-1.19470115332546E-15,1.19470115332546E-15));
#2183=DIRECTION('',(-0.707106781186545,-0.70710678118655,7.85046229341779E-17));
#2184=DIRECTION('',(-1.5094937227357E-48,-1.,1.110223024625E-16));
#2185=DIRECTION('',(1.,-3.03858167864271E-64,1.35963107344631E-32));
#2186=DIRECTION('',(-1.5094937227357E-48,-1.,1.110223024625E-16));
#2187=DIRECTION('',(-1.,3.03858167864271E-64,-1.35963107344631E-32));
#2188=DIRECTION('',(-1.5094937227357E-48,-1.,1.110223024625E-16));
#2189=DIRECTION('',(0.707106781186546,-0.707106781186549,7.85046229341779E-17));
#2190=DIRECTION('',(1.,-5.97350576662729E-16,7.99155471328614E-32));
#2191=DIRECTION('',(-1.5094937227357E-48,-1.,1.110223024625E-16));
#2192=DIRECTION('',(0.707106781186525,-0.70710678118657,7.85046229341802E-17));
#2193=DIRECTION('',(-0.70710678118655,-0.707106781186545,7.85046229341774E-17));
#2194=DIRECTION('',(-1.5094937227357E-48,-1.,1.110223024625E-16));
#2195=DIRECTION('',(1.,0.,0.));
#2196=DIRECTION('',(1.5094937227357E-48,1.,-1.110223024625E-16));
#2197=DIRECTION('center_axis',(0.,0.,1.));
#2198=DIRECTION('ref_axis',(1.,0.,0.));
#2199=DIRECTION('',(1.5094937227357E-48,1.,0.));
#2200=DIRECTION('',(-1.,3.03858167864271E-64,0.));
#2201=DIRECTION('',(1.5094937227357E-48,1.,0.));
#2202=DIRECTION('',(1.,0.,0.));
#2203=DIRECTION('',(-1.5094937227357E-48,-1.,0.));
#2204=DIRECTION('',(1.,-3.03858167864271E-64,0.));
#2205=DIRECTION('',(-1.5094937227357E-48,-1.,0.));
#2206=DIRECTION('',(-0.707106781186545,-0.70710678118655,0.));
#2207=DIRECTION('',(-1.,-1.19470115332546E-15,0.));
#2208=DIRECTION('',(-1.5094937227357E-48,-1.,0.));
#2209=DIRECTION('',(-0.70710678118652,-0.707106781186575,0.));
#2210=DIRECTION('',(0.707106781186553,-0.707106781186542,0.));
#2211=DIRECTION('',(-1.5094937227357E-48,-1.,0.));
#2212=DIRECTION('',(1.,1.19470115332546E-15,0.));
#2213=DIRECTION('',(0.707106781186557,-0.707106781186538,0.));
#2214=DIRECTION('',(0.707106781186544,0.707106781186551,0.));
#2215=DIRECTION('',(-1.5094937227357E-48,-1.,0.));
#2216=DIRECTION('',(1.,-3.03858167864271E-64,0.));
#2217=DIRECTION('',(2.69144975666691E-16,-1.,0.));
#2218=DIRECTION('center_axis',(0.,-1.,0.));
#2219=DIRECTION('ref_axis',(1.,0.,0.));
#2220=DIRECTION('',(1.,0.,0.));
#2221=DIRECTION('',(0.,0.,1.));
#2222=DIRECTION('center_axis',(0.,0.,1.));
#2223=DIRECTION('ref_axis',(1.,0.,0.));
#2224=DIRECTION('',(0.,-1.,0.));
#2225=DIRECTION('center_axis',(-1.,0.,0.));
#2226=DIRECTION('ref_axis',(0.,-1.,0.));
#2227=DIRECTION('',(0.,1.,0.));
#2228=DIRECTION('center_axis',(1.,-8.54898919237915E-34,2.22044604925031E-15));
#2229=DIRECTION('ref_axis',(8.29282014360477E-33,-1.,-4.11976641627083E-18));
#2230=DIRECTION('',(-1.5094937227357E-48,-1.,0.));
#2231=DIRECTION('',(2.22044604925031E-15,0.,-1.));
#2232=DIRECTION('',(8.29282014360477E-33,-1.,-4.11976641627083E-18));
#2233=DIRECTION('',(2.22044604925031E-15,0.,-1.));
#2234=DIRECTION('center_axis',(2.22044604925031E-15,0.,-1.));
#2235=DIRECTION('ref_axis',(-1.,-2.00396356836697E-33,-2.22044604925031E-15));
#2236=DIRECTION('center_axis',(-1.52650804433966E-15,-4.11976641627083E-18,
1.));
#2237=DIRECTION('ref_axis',(-1.,-2.00396356836697E-33,-1.52650804433966E-15));
#2238=DIRECTION('',(-2.22044604925031E-15,0.,1.));
#2239=DIRECTION('center_axis',(1.52650804433966E-15,4.11976641627083E-18,
-1.));
#2240=DIRECTION('ref_axis',(-1.,-2.00396356836697E-33,-1.52650804433966E-15));
#2241=DIRECTION('center_axis',(2.22044604925031E-15,0.,-1.));
#2242=DIRECTION('ref_axis',(-1.,-2.00396356836697E-33,-2.22044604925031E-15));
#2243=DIRECTION('center_axis',(-1.52650804433966E-15,-4.11976641627083E-18,
1.));
#2244=DIRECTION('ref_axis',(-1.,-2.00396356836697E-33,-1.52650804433966E-15));
#2245=DIRECTION('',(2.22044604925031E-15,0.,-1.));
#2246=DIRECTION('center_axis',(1.52650804433966E-15,4.11976641627083E-18,
-1.));
#2247=DIRECTION('ref_axis',(-1.,-2.00396356836697E-33,-1.52650804433966E-15));
#2248=DIRECTION('',(2.22044604925031E-15,0.,-1.));
#2249=DIRECTION('center_axis',(2.00396356836697E-33,-1.,4.449692988222E-48));
#2250=DIRECTION('ref_axis',(-1.,-2.00396356836697E-33,-1.52650804433966E-15));
#2251=DIRECTION('',(-1.,-2.00396356836697E-33,-1.52650804433966E-15));
#2252=DIRECTION('',(-1.,-2.00396356836697E-33,-1.52650804433966E-15));
#2253=DIRECTION('',(-6.71678363382215E-96,-4.449692988222E-48,-1.));
#2254=DIRECTION('center_axis',(-2.00396356836697E-33,1.,-4.449692988222E-48));
#2255=DIRECTION('ref_axis',(1.,2.00396356836697E-33,1.52650804433966E-15));
#2256=DIRECTION('',(1.,2.00396356836697E-33,1.52650804433966E-15));
#2257=DIRECTION('',(6.71678363382215E-96,4.449692988222E-48,1.));
#2258=DIRECTION('',(1.,2.00396356836697E-33,1.52650804433966E-15));
#2259=DIRECTION('center_axis',(-1.52650804433966E-15,-4.11976641627083E-18,
1.));
#2260=DIRECTION('ref_axis',(-1.,-2.00396356836697E-33,-1.52650804433966E-15));
#2261=DIRECTION('center_axis',(-1.,1.5094937227357E-48,0.));
#2262=DIRECTION('ref_axis',(-1.5094937227357E-48,-1.,1.110223024625E-16));
#2263=DIRECTION('',(-1.5094937227357E-48,-1.,0.));
#2264=DIRECTION('',(0.,0.,1.));
#2265=DIRECTION('',(0.,-1.,0.));
#2266=DIRECTION('',(0.,0.,1.));
#2267=DIRECTION('',(-1.5094937227357E-48,-1.,1.110223024625E-16));
#2268=DIRECTION('center_axis',(-1.,1.5094937227357E-48,0.));
#2269=DIRECTION('ref_axis',(-1.5094937227357E-48,-1.,1.110223024625E-16));
#2270=DIRECTION('',(-1.5094937227357E-48,-1.,1.110223024625E-16));
#2271=DIRECTION('',(0.,0.,1.));
#2272=DIRECTION('',(0.,-1.,0.));
#2273=DIRECTION('',(0.,0.,1.));
#2274=DIRECTION('',(-1.5094937227357E-48,-1.,0.));
#2275=DIRECTION('center_axis',(0.707106781186548,-0.707106781186547,0.));
#2276=DIRECTION('ref_axis',(0.,0.,-1.));
#2277=DIRECTION('',(-0.707106781186547,-0.707106781186548,0.));
#2278=DIRECTION('',(0.,0.,-1.));
#2279=DIRECTION('',(0.707106781186547,0.707106781186548,0.));
#2280=DIRECTION('',(0.,0.,1.));
#2281=DIRECTION('center_axis',(0.,0.,1.));
#2282=DIRECTION('ref_axis',(1.,0.,0.));
#2283=DIRECTION('',(1.,0.,0.));
#2284=DIRECTION('',(0.,1.,0.));
#2285=DIRECTION('',(-1.,3.03858167864271E-64,0.));
#2286=DIRECTION('',(-1.5094937227357E-48,-1.,0.));
#2287=DIRECTION('',(-0.707106781186545,0.70710678118655,0.));
#2288=DIRECTION('',(-0.707106781186557,-0.707106781186538,0.));
#2289=DIRECTION('',(-1.,1.19470115332546E-15,0.));
#2290=DIRECTION('',(-1.5094937227357E-48,-1.,0.));
#2291=DIRECTION('',(-0.70710678118655,-0.707106781186545,0.));
#2292=DIRECTION('',(0.707106781186525,-0.70710678118657,0.));
#2293=DIRECTION('',(-1.5094937227357E-48,-1.,0.));
#2294=DIRECTION('',(1.,-5.97350576662729E-16,0.));
#2295=DIRECTION('',(0.707106781186546,-0.707106781186549,0.));
#2296=DIRECTION('',(-1.5094937227357E-48,-1.,0.));
#2297=DIRECTION('',(-1.,3.03858167864271E-64,0.));
#2298=DIRECTION('',(0.,-1.,0.));
#2299=DIRECTION('',(1.,0.,0.));
#2300=DIRECTION('',(1.5094937227357E-48,1.,0.));
#2301=DIRECTION('',(1.,-3.03858167864271E-64,0.));
#2302=DIRECTION('center_axis',(0.,-1.,0.));
#2303=DIRECTION('ref_axis',(0.,0.,-1.));
#2304=DIRECTION('',(-1.,3.03858167864271E-64,-1.35963107344631E-32));
#2305=DIRECTION('',(0.,0.,-1.));
#2306=DIRECTION('',(1.,-3.03858167864271E-64,0.));
#2307=DIRECTION('',(0.,0.,1.));
#2308=DIRECTION('',(1.,-3.03858167864271E-64,0.));
#2309=DIRECTION('',(0.,0.,-1.));
#2310=DIRECTION('',(1.,-3.03858167864271E-64,0.));
#2311=DIRECTION('',(0.,0.,1.));
#2312=DIRECTION('center_axis',(-1.,0.,0.));
#2313=DIRECTION('ref_axis',(0.,0.,1.));
#2314=DIRECTION('',(0.,-1.,0.));
#2315=DIRECTION('',(0.,0.,-1.));
#2316=DIRECTION('center_axis',(0.,0.,1.));
#2317=DIRECTION('ref_axis',(1.,0.,0.));
#2318=DIRECTION('',(2.69144975666691E-16,-1.,0.));
#2319=DIRECTION('',(-1.,0.,0.));
#2320=DIRECTION('center_axis',(-1.,0.,0.));
#2321=DIRECTION('ref_axis',(0.,0.,1.));
#2322=DIRECTION('',(0.,-1.,0.));
#2323=DIRECTION('',(0.,0.,-1.));
#2324=DIRECTION('center_axis',(0.,0.,1.));
#2325=DIRECTION('ref_axis',(1.,0.,0.));
#2326=DIRECTION('',(0.,-1.,0.));
#2327=DIRECTION('',(-1.,3.03858167864271E-64,0.));
#2328=DIRECTION('center_axis',(3.03858167864271E-64,1.,0.));
#2329=DIRECTION('ref_axis',(-1.,3.03858167864271E-64,-1.35963107344631E-32));
#2330=DIRECTION('',(0.,0.,-1.));
#2331=DIRECTION('',(-1.,3.03858167864271E-64,0.));
#2332=DIRECTION('',(0.,0.,1.));
#2333=DIRECTION('',(-1.,3.03858167864271E-64,-1.35963107344631E-32));
#2334=DIRECTION('',(0.,0.,1.));
#2335=DIRECTION('center_axis',(0.,0.,1.));
#2336=DIRECTION('ref_axis',(1.,0.,0.));
#2337=DIRECTION('',(2.69144975666691E-16,1.,0.));
#2338=DIRECTION('',(0.,-1.,0.));
#2339=DIRECTION('',(1.,-3.03858167864271E-64,0.));
#2340=DIRECTION('',(-1.,3.03858167864271E-64,0.));
#2341=DIRECTION('',(-1.5094937227357E-48,-1.,0.));
#2342=DIRECTION('',(2.69144975666691E-16,1.,0.));
#2343=DIRECTION('',(1.,-3.03858167864271E-64,0.));
#2344=DIRECTION('',(1.5094937227357E-48,1.,0.));
#2345=DIRECTION('',(0.707106781186545,-0.70710678118655,0.));
#2346=DIRECTION('',(0.707106781186556,0.707106781186539,0.));
#2347=DIRECTION('',(1.,-3.03858167864271E-64,0.));
#2348=DIRECTION('',(1.5094937227357E-48,1.,0.));
#2349=DIRECTION('',(0.707106781186553,0.707106781186542,0.));
#2350=DIRECTION('',(-0.707106781186542,0.707106781186553,0.));
#2351=DIRECTION('',(1.5094937227357E-48,1.,0.));
#2352=DIRECTION('',(-1.,3.03858167864271E-64,0.));
#2353=DIRECTION('',(-0.707106781186546,0.707106781186549,0.));
#2354=DIRECTION('',(1.5094937227357E-48,1.,0.));
#2355=DIRECTION('',(1.,-3.03858167864271E-64,0.));
#2356=DIRECTION('',(1.5094937227357E-48,1.,0.));
#2357=DIRECTION('',(-1.,3.03858167864271E-64,0.));
#2358=DIRECTION('',(1.5094937227357E-48,1.,0.));
#2359=DIRECTION('',(1.,-3.03858167864271E-64,0.));
#2360=DIRECTION('',(1.5094937227357E-48,1.,0.));
#2361=DIRECTION('',(-1.,3.03858167864271E-64,0.));
#2362=DIRECTION('',(-0.707106781186555,0.70710678118654,0.));
#2363=DIRECTION('',(-0.707106781186545,-0.70710678118655,0.));
#2364=DIRECTION('',(1.5094937227357E-48,1.,0.));
#2365=DIRECTION('center_axis',(0.707106781186542,-0.707106781186553,0.));
#2366=DIRECTION('ref_axis',(0.707106781186553,0.707106781186542,-7.8504622934177E-17));
#2367=DIRECTION('',(0.,0.,1.));
#2368=DIRECTION('',(0.707106781186553,0.707106781186542,-7.8504622934177E-17));
#2369=DIRECTION('',(0.,0.,1.));
#2370=DIRECTION('center_axis',(1.,-1.5094937227357E-48,0.));
#2371=DIRECTION('ref_axis',(1.5094937227357E-48,1.,-1.110223024625E-16));
#2372=DIRECTION('',(0.,0.,1.));
#2373=DIRECTION('',(1.5094937227357E-48,1.,-1.110223024625E-16));
#2374=DIRECTION('center_axis',(-3.03858167864271E-64,-1.,0.));
#2375=DIRECTION('ref_axis',(1.,-3.03858167864271E-64,1.35963107344631E-32));
#2376=DIRECTION('',(0.,0.,1.));
#2377=DIRECTION('',(1.,-3.03858167864271E-64,1.35963107344631E-32));
#2378=DIRECTION('center_axis',(0.707106781186539,-0.707106781186556,0.));
#2379=DIRECTION('ref_axis',(0.707106781186556,0.707106781186539,-7.85046229341767E-17));
#2380=DIRECTION('',(0.,0.,1.));
#2381=DIRECTION('',(0.707106781186556,0.707106781186539,-7.85046229341767E-17));
#2382=DIRECTION('center_axis',(-0.70710678118655,-0.707106781186545,0.));
#2383=DIRECTION('ref_axis',(0.707106781186545,-0.70710678118655,7.8504622934178E-17));
#2384=DIRECTION('',(0.,0.,1.));
#2385=DIRECTION('',(0.707106781186545,-0.70710678118655,7.8504622934178E-17));
#2386=DIRECTION('center_axis',(1.,-1.5094937227357E-48,0.));
#2387=DIRECTION('ref_axis',(1.5094937227357E-48,1.,-1.110223024625E-16));
#2388=DIRECTION('',(0.,0.,1.));
#2389=DIRECTION('',(1.5094937227357E-48,1.,-1.110223024625E-16));
#2390=DIRECTION('center_axis',(-1.,2.69144975666691E-16,0.));
#2391=DIRECTION('ref_axis',(-2.69144975666691E-16,-1.,0.));
#2392=DIRECTION('',(-2.69144975666691E-16,-1.,0.));
#2393=DIRECTION('',(0.,0.,1.));
#2394=DIRECTION('center_axis',(-1.,1.5094937227357E-48,0.));
#2395=DIRECTION('ref_axis',(-1.5094937227357E-48,-1.,1.110223024625E-16));
#2396=DIRECTION('',(0.,0.,1.));
#2397=DIRECTION('',(-1.5094937227357E-48,-1.,1.110223024625E-16));
#2398=DIRECTION('center_axis',(3.03858167864271E-64,1.,0.));
#2399=DIRECTION('ref_axis',(-1.,3.03858167864271E-64,-1.35963107344631E-32));
#2400=DIRECTION('',(-1.,0.,0.));
#2401=DIRECTION('',(0.,0.,1.));
#2402=DIRECTION('',(-1.,3.03858167864271E-64,-1.35963107344631E-32));
#2403=DIRECTION('center_axis',(-3.03858167864271E-64,-1.,0.));
#2404=DIRECTION('ref_axis',(1.,-3.03858167864271E-64,1.35963107344631E-32));
#2405=DIRECTION('',(0.,0.,1.));
#2406=DIRECTION('',(1.,-3.03858167864271E-64,1.35963107344631E-32));
#2407=DIRECTION('',(0.,0.,1.));
#2408=DIRECTION('',(1.,0.,0.));
#2409=DIRECTION('center_axis',(-1.,1.5094937227357E-48,0.));
#2410=DIRECTION('ref_axis',(-1.5094937227357E-48,-1.,1.110223024625E-16));
#2411=DIRECTION('',(-1.5094937227357E-48,-1.,1.110223024625E-16));
#2412=DIRECTION('center_axis',(-1.,2.69144975666691E-16,0.));
#2413=DIRECTION('ref_axis',(-2.69144975666691E-16,-1.,0.));
#2414=DIRECTION('center_axis',(-1.,1.5094937227357E-48,0.));
#2415=DIRECTION('ref_axis',(-1.5094937227357E-48,-1.,1.110223024625E-16));
#2416=DIRECTION('',(0.,0.,1.));
#2417=DIRECTION('',(0.,0.,1.));
#2418=DIRECTION('center_axis',(-0.707106781186542,-0.707106781186553,0.));
#2419=DIRECTION('ref_axis',(0.707106781186553,-0.707106781186542,7.85046229341771E-17));
#2420=DIRECTION('',(0.,0.,1.));
#2421=DIRECTION('center_axis',(-0.707106781186575,0.70710678118652,0.));
#2422=DIRECTION('ref_axis',(-0.70710678118652,-0.707106781186575,7.85046229341807E-17));
#2423=DIRECTION('',(0.,0.,1.));
#2424=DIRECTION('center_axis',(-1.,1.5094937227357E-48,0.));
#2425=DIRECTION('ref_axis',(-1.5094937227357E-48,-1.,1.110223024625E-16));
#2426=DIRECTION('',(0.,0.,1.));
#2427=DIRECTION('center_axis',(-3.03858167864271E-64,-1.,0.));
#2428=DIRECTION('ref_axis',(1.,-3.03858167864271E-64,1.35963107344631E-32));
#2429=DIRECTION('',(1.,-3.03858167864271E-64,0.));
#2430=DIRECTION('',(0.,0.,-1.));
#2431=DIRECTION('',(0.,0.,1.));
#2432=DIRECTION('',(1.,-3.03858167864271E-64,1.35963107344631E-32));
#2433=DIRECTION('center_axis',(-1.19470115332546E-15,1.,0.));
#2434=DIRECTION('ref_axis',(-1.,-1.19470115332546E-15,1.19470115332546E-15));
#2435=DIRECTION('',(0.,0.,1.));
#2436=DIRECTION('center_axis',(-0.70710678118655,0.707106781186545,0.));
#2437=DIRECTION('ref_axis',(-0.707106781186545,-0.70710678118655,7.85046229341779E-17));
#2438=DIRECTION('',(0.,0.,1.));
#2439=DIRECTION('center_axis',(-1.,1.5094937227357E-48,0.));
#2440=DIRECTION('ref_axis',(-1.5094937227357E-48,-1.,1.110223024625E-16));
#2441=DIRECTION('',(0.,0.,1.));
#2442=DIRECTION('center_axis',(-3.03858167864271E-64,-1.,0.));
#2443=DIRECTION('ref_axis',(1.,-3.03858167864271E-64,1.35963107344631E-32));
#2444=DIRECTION('',(0.,0.,1.));
#2445=DIRECTION('center_axis',(-1.,1.5094937227357E-48,0.));
#2446=DIRECTION('ref_axis',(-1.5094937227357E-48,-1.,1.110223024625E-16));
#2447=DIRECTION('',(0.,0.,-1.));
#2448=DIRECTION('',(0.,0.,1.));
#2449=DIRECTION('center_axis',(0.,-1.,0.));
#2450=DIRECTION('ref_axis',(0.,0.,-1.));
#2451=DIRECTION('',(0.,0.,1.));
#2452=DIRECTION('center_axis',(-1.,0.,0.));
#2453=DIRECTION('ref_axis',(0.,-1.,0.));
#2454=DIRECTION('',(0.,1.,0.));
#2455=DIRECTION('',(0.,0.,1.));
#2456=DIRECTION('',(0.,-1.,0.));
#2457=DIRECTION('',(0.,0.,1.));
#2458=DIRECTION('center_axis',(0.,1.,0.));
#2459=DIRECTION('ref_axis',(-1.,0.,0.));
#2460=DIRECTION('',(-1.,0.,0.));
#2461=DIRECTION('',(0.,0.,1.));
#2462=DIRECTION('center_axis',(0.,0.,1.));
#2463=DIRECTION('ref_axis',(1.,0.,0.));
#2464=DIRECTION('',(1.,0.,0.));
#2465=DIRECTION('',(0.,1.,0.));
#2466=DIRECTION('center_axis',(0.,0.,1.));
#2467=DIRECTION('ref_axis',(1.,0.,0.));
#2468=DIRECTION('',(1.,-3.03858167864271E-64,1.35963107344631E-32));
#2469=DIRECTION('',(-1.,1.19470115332546E-15,1.19470115332546E-15));
#2470=DIRECTION('',(-0.707106781186557,-0.707106781186538,7.85046229341767E-17));
#2471=DIRECTION('',(-0.707106781186545,0.70710678118655,-4.57623848829527E-16));
#2472=DIRECTION('',(-1.5094937227357E-48,-1.,1.110223024625E-16));
#2473=DIRECTION('',(1.5094937227357E-48,1.,-1.110223024625E-16));
#2474=DIRECTION('',(-0.707106781186545,-0.70710678118655,7.8504622934178E-17));
#2475=DIRECTION('',(-0.707106781186555,0.70710678118654,-7.85046229341768E-17));
#2476=DIRECTION('',(-1.,3.03858167864271E-64,-1.35963107344631E-32));
#2477=DIRECTION('',(0.,-1.,0.));
#2478=DIRECTION('center_axis',(1.,0.,0.));
#2479=DIRECTION('ref_axis',(0.,1.,0.));
#2480=DIRECTION('',(0.,-1.,0.));
#2481=DIRECTION('',(0.,1.,0.));
#2482=DIRECTION('',(0.,0.,1.));
#2483=DIRECTION('center_axis',(0.,-1.,0.));
#2484=DIRECTION('ref_axis',(1.,0.,0.));
#2485=DIRECTION('',(-1.,0.,0.));
#2486=DIRECTION('',(1.,0.,0.));
#2487=DIRECTION('center_axis',(0.,0.,1.));
#2488=DIRECTION('ref_axis',(1.,0.,0.));
#2489=DIRECTION('center_axis',(0.,0.,1.));
#2490=DIRECTION('ref_axis',(1.,0.,0.));
#2491=DIRECTION('',(-1.5094937227357E-48,-1.,1.110223024625E-16));
#2492=DIRECTION('',(0.707106781186544,0.707106781186551,-7.8504622934178E-17));
#2493=DIRECTION('',(0.707106781186557,-0.707106781186538,4.45105164698448E-16));
#2494=DIRECTION('',(1.,1.19470115332546E-15,-5.97350576662729E-16));
#2495=DIRECTION('',(-1.,3.03858167864271E-64,-1.35963107344631E-32));
#2496=DIRECTION('',(1.5094937227357E-48,1.,-1.110223024625E-16));
#2497=DIRECTION('center_axis',(0.,1.,0.));
#2498=DIRECTION('ref_axis',(-1.,0.,0.));
#2499=DIRECTION('',(1.,0.,0.));
#2500=DIRECTION('',(-1.,0.,0.));
#2501=DIRECTION('',(0.,0.,1.));
#2502=DIRECTION('center_axis',(1.,0.,0.));
#2503=DIRECTION('ref_axis',(0.,1.,0.));
#2504=DIRECTION('',(0.,1.,0.));
#2505=DIRECTION('center_axis',(0.,0.,1.));
#2506=DIRECTION('ref_axis',(1.,0.,0.));
#2507=DIRECTION('center_axis',(0.,0.,1.));
#2508=DIRECTION('ref_axis',(1.,0.,0.));
#2509=DIRECTION('',(1.5094937227357E-48,1.,-1.110223024625E-16));
#2510=DIRECTION('',(1.,-3.03858167864271E-64,1.35963107344631E-32));
#2511=DIRECTION('',(1.5094937227357E-48,1.,-1.110223024625E-16));
#2512=DIRECTION('',(-1.,3.03858167864271E-64,-1.35963107344631E-32));
#2513=DIRECTION('',(1.5094937227357E-48,1.,-1.110223024625E-16));
#2514=DIRECTION('',(1.,-3.03858167864271E-64,1.35963107344631E-32));
#2515=DIRECTION('',(1.5094937227357E-48,1.,-1.110223024625E-16));
#2516=DIRECTION('',(-0.707106781186546,0.707106781186549,6.54696460593813E-16));
#2517=DIRECTION('',(-1.,3.03858167864271E-64,-1.35963107344631E-32));
#2518=DIRECTION('',(1.5094937227357E-48,1.,-1.110223024625E-16));
#2519=DIRECTION('',(-0.707106781186542,0.707106781186553,-1.1180734869186E-14));
#2520=DIRECTION('center_axis',(-0.707106781186538,0.707106781186557,0.));
#2521=DIRECTION('ref_axis',(-0.707106781186557,-0.707106781186538,7.85046229341767E-17));
#2522=DIRECTION('',(0.,0.,1.));
#2523=DIRECTION('',(0.,0.,1.));
#2524=DIRECTION('center_axis',(0.70710678118655,0.707106781186545,0.));
#2525=DIRECTION('ref_axis',(-0.707106781186545,0.70710678118655,-4.57623848829527E-16));
#2526=DIRECTION('',(0.,0.,1.));
#2527=DIRECTION('center_axis',(-1.,1.5094937227357E-48,0.));
#2528=DIRECTION('ref_axis',(-1.5094937227357E-48,-1.,1.110223024625E-16));
#2529=DIRECTION('center_axis',(-3.03858167864271E-64,-1.,0.));
#2530=DIRECTION('ref_axis',(1.,-3.03858167864271E-64,1.35963107344631E-32));
#2531=DIRECTION('',(0.,0.,1.));
#2532=DIRECTION('center_axis',(1.,-1.5094937227357E-48,0.));
#2533=DIRECTION('ref_axis',(1.5094937227357E-48,1.,-1.110223024625E-16));
#2534=DIRECTION('center_axis',(0.,0.,1.));
#2535=DIRECTION('ref_axis',(1.,0.,0.));
#2536=DIRECTION('',(-2.69144975666691E-16,1.,0.));
#2537=DIRECTION('center_axis',(1.,2.69144975666691E-16,0.));
#2538=DIRECTION('ref_axis',(-2.69144975666691E-16,1.,0.));
#2539=DIRECTION('center_axis',(1.,-1.5094937227357E-48,0.));
#2540=DIRECTION('ref_axis',(1.5094937227357E-48,1.,-1.110223024625E-16));
#2541=DIRECTION('',(0.,0.,1.));
#2542=DIRECTION('center_axis',(1.19470115332546E-15,1.,0.));
#2543=DIRECTION('ref_axis',(-1.,1.19470115332546E-15,1.19470115332546E-15));
#2544=DIRECTION('',(0.,0.,1.));
#2545=DIRECTION('center_axis',(-1.,1.5094937227357E-48,0.));
#2546=DIRECTION('ref_axis',(-1.5094937227357E-48,-1.,1.110223024625E-16));
#2547=DIRECTION('',(0.,0.,1.));
#2548=DIRECTION('center_axis',(-0.707106781186545,0.70710678118655,0.));
#2549=DIRECTION('ref_axis',(-0.70710678118655,-0.707106781186545,7.85046229341774E-17));
#2550=DIRECTION('',(0.,0.,1.));
#2551=DIRECTION('center_axis',(-0.70710678118657,-0.707106781186525,0.));
#2552=DIRECTION('ref_axis',(0.707106781186525,-0.70710678118657,7.85046229341802E-17));
#2553=DIRECTION('',(0.,0.,1.));
#2554=DIRECTION('center_axis',(-1.,1.5094937227357E-48,0.));
#2555=DIRECTION('ref_axis',(-1.5094937227357E-48,-1.,1.110223024625E-16));
#2556=DIRECTION('',(0.,0.,1.));
#2557=DIRECTION('center_axis',(-5.97350576662729E-16,-1.,0.));
#2558=DIRECTION('ref_axis',(1.,-5.97350576662729E-16,7.99155471328614E-32));
#2559=DIRECTION('',(0.,0.,1.));
#2560=DIRECTION('center_axis',(-0.707106781186549,-0.707106781186546,0.));
#2561=DIRECTION('ref_axis',(0.707106781186546,-0.707106781186549,7.85046229341779E-17));
#2562=DIRECTION('',(0.,0.,1.));
#2563=DIRECTION('center_axis',(-1.,1.5094937227357E-48,0.));
#2564=DIRECTION('ref_axis',(-1.5094937227357E-48,-1.,1.110223024625E-16));
#2565=DIRECTION('',(0.,0.,1.));
#2566=DIRECTION('center_axis',(3.03858167864271E-64,1.,0.));
#2567=DIRECTION('ref_axis',(-1.,3.03858167864271E-64,-1.35963107344631E-32));
#2568=DIRECTION('center_axis',(1.19470115332546E-15,-1.,0.));
#2569=DIRECTION('ref_axis',(1.,1.19470115332546E-15,-5.97350576662729E-16));
#2570=DIRECTION('',(0.,0.,1.));
#2571=DIRECTION('center_axis',(-0.707106781186538,-0.707106781186557,0.));
#2572=DIRECTION('ref_axis',(0.707106781186557,-0.707106781186538,4.45105164698448E-16));
#2573=DIRECTION('',(0.,0.,1.));
#2574=DIRECTION('center_axis',(0.707106781186551,-0.707106781186544,0.));
#2575=DIRECTION('ref_axis',(0.707106781186544,0.707106781186551,-7.8504622934178E-17));
#2576=DIRECTION('',(0.,0.,1.));
#2577=DIRECTION('center_axis',(-1.,1.5094937227357E-48,0.));
#2578=DIRECTION('ref_axis',(-1.5094937227357E-48,-1.,1.110223024625E-16));
#2579=DIRECTION('center_axis',(0.707106781186553,0.707106781186542,0.));
#2580=DIRECTION('ref_axis',(-0.707106781186542,0.707106781186553,-1.1180734869186E-14));
#2581=DIRECTION('',(0.,0.,1.));
#2582=DIRECTION('center_axis',(1.,-1.5094937227357E-48,0.));
#2583=DIRECTION('ref_axis',(1.5094937227357E-48,1.,-1.110223024625E-16));
#2584=DIRECTION('',(0.,0.,1.));
#2585=DIRECTION('center_axis',(3.03858167864271E-64,1.,0.));
#2586=DIRECTION('ref_axis',(-1.,3.03858167864271E-64,-1.35963107344631E-32));
#2587=DIRECTION('',(0.,0.,1.));
#2588=DIRECTION('center_axis',(0.707106781186549,0.707106781186546,0.));
#2589=DIRECTION('ref_axis',(-0.707106781186546,0.707106781186549,6.54696460593813E-16));
#2590=DIRECTION('',(0.,0.,1.));
#2591=DIRECTION('center_axis',(1.,-1.5094937227357E-48,0.));
#2592=DIRECTION('ref_axis',(1.5094937227357E-48,1.,-1.110223024625E-16));
#2593=DIRECTION('',(0.,0.,1.));
#2594=DIRECTION('center_axis',(-3.03858167864271E-64,-1.,0.));
#2595=DIRECTION('ref_axis',(1.,-3.03858167864271E-64,1.35963107344631E-32));
#2596=DIRECTION('',(0.,0.,1.));
#2597=DIRECTION('center_axis',(1.,-1.5094937227357E-48,0.));
#2598=DIRECTION('ref_axis',(1.5094937227357E-48,1.,-1.110223024625E-16));
#2599=DIRECTION('',(0.,0.,1.));
#2600=DIRECTION('center_axis',(3.03858167864271E-64,1.,0.));
#2601=DIRECTION('ref_axis',(-1.,3.03858167864271E-64,-1.35963107344631E-32));
#2602=DIRECTION('',(0.,0.,1.));
#2603=DIRECTION('center_axis',(1.,-1.5094937227357E-48,0.));
#2604=DIRECTION('ref_axis',(1.5094937227357E-48,1.,-1.110223024625E-16));
#2605=DIRECTION('',(0.,0.,1.));
#2606=DIRECTION('center_axis',(-3.03858167864271E-64,-1.,0.));
#2607=DIRECTION('ref_axis',(1.,-3.03858167864271E-64,1.35963107344631E-32));
#2608=DIRECTION('',(0.,0.,1.));
#2609=DIRECTION('center_axis',(1.,-1.5094937227357E-48,0.));
#2610=DIRECTION('ref_axis',(1.5094937227357E-48,1.,-1.110223024625E-16));
#2611=DIRECTION('',(0.,0.,1.));
#2612=DIRECTION('center_axis',(3.03858167864271E-64,1.,0.));
#2613=DIRECTION('ref_axis',(-1.,3.03858167864271E-64,-1.35963107344631E-32));
#2614=DIRECTION('',(0.,0.,1.));
#2615=DIRECTION('center_axis',(0.70710678118654,0.707106781186555,0.));
#2616=DIRECTION('ref_axis',(-0.707106781186555,0.70710678118654,-7.85046229341768E-17));
#2617=DIRECTION('',(0.,0.,1.));
#2618=DIRECTION('center_axis',(-0.70710678118655,0.707106781186545,0.));
#2619=DIRECTION('ref_axis',(-0.707106781186545,-0.70710678118655,7.8504622934178E-17));
#2620=DIRECTION('center_axis',(1.,-1.5094937227357E-48,0.));
#2621=DIRECTION('ref_axis',(1.5094937227357E-48,1.,-1.110223024625E-16));
#2622=DIRECTION('',(0.,0.,1.));
#2623=DIRECTION('center_axis',(3.03858167864271E-64,1.,0.));
#2624=DIRECTION('ref_axis',(-1.,3.03858167864271E-64,-1.35963107344631E-32));
#2625=CARTESIAN_POINT('',(0.,0.,0.));
#2626=CARTESIAN_POINT('Origin',(71.6276506749935,15.5649773763846,-9.77183124999998));
#2627=CARTESIAN_POINT('',(73.6842175726449,17.3144151705013,-5.86083125));
#2628=CARTESIAN_POINT('',(73.6337031852724,17.372116918867,-5.86083125));
#2629=CARTESIAN_POINT('Origin',(71.6276506749935,15.5649773763846,-5.86083124999998));
#2630=CARTESIAN_POINT('',(73.684217572645,17.3144151705013,-9.77183124999998));
#2631=CARTESIAN_POINT('',(73.684217572645,17.3144151705013,-9.77183124999998));
#2632=CARTESIAN_POINT('',(73.6337031852723,17.3721169188672,-9.77183124999998));
#2633=CARTESIAN_POINT('Origin',(71.6276506749935,15.5649773763846,-9.77183124999999));
#2634=CARTESIAN_POINT('',(73.6337031852724,17.372116918867,-9.77183124999998));
#2635=CARTESIAN_POINT('Origin',(76.1977993364413,19.4526169188662,-9.77183124999997));
#2636=CARTESIAN_POINT('',(74.8699783364422,16.4315423762636,-5.86083125));
#2637=CARTESIAN_POINT('Origin',(76.1977993364413,19.4526169188662,-5.86083124999998));
#2638=CARTESIAN_POINT('',(74.8699783364422,16.4315423762636,-9.77183124999997));
#2639=CARTESIAN_POINT('',(74.8699783364422,16.4315423762636,-9.77183124999997));
#2640=CARTESIAN_POINT('Origin',(76.1977993364413,19.4526169188662,-9.77183124999998));
#2641=CARTESIAN_POINT('Ctrl Pts',(78.3158451234948,13.7806937709023,-9.77183124999996));
#2642=CARTESIAN_POINT('Ctrl Pts',(78.3158451234948,13.7806937709023,3.27816875000004));
#2643=CARTESIAN_POINT('Ctrl Pts',(78.4814877451991,12.3061495570622,-9.77183124999996));
#2644=CARTESIAN_POINT('Ctrl Pts',(78.4814877451991,12.3061495570622,3.27816875000004));
#2645=CARTESIAN_POINT('Ctrl Pts',(78.6683666125078,10.6566890677642,-9.77183124999996));
#2646=CARTESIAN_POINT('Ctrl Pts',(78.6683666125077,10.6566890677642,3.27816875000004));
#2647=CARTESIAN_POINT('Ctrl Pts',(78.8699783364422,8.91176488971929,-9.77183124999996));
#2648=CARTESIAN_POINT('Ctrl Pts',(78.8699783364422,8.91176488971929,3.27816875000004));
#2649=CARTESIAN_POINT('',(78.8699783364422,8.91176488971928,-5.86083125));
#2650=CARTESIAN_POINT('',(78.3617832040548,13.3721169188687,-5.86083125));
#2651=CARTESIAN_POINT('Ctrl Pts',(78.8699783364422,8.91176488971929,-5.86083125));
#2652=CARTESIAN_POINT('Ctrl Pts',(78.6867909930494,10.4972283655529,-5.86083125));
#2653=CARTESIAN_POINT('Ctrl Pts',(78.5157668070078,12.0038788930867,-5.86083125));
#2654=CARTESIAN_POINT('Ctrl Pts',(78.3617841936795,13.3721163590814,-5.86083125));
#2655=CARTESIAN_POINT('',(78.8699783364422,8.91176488971928,-9.77183124999996));
#2656=CARTESIAN_POINT('',(78.8699783364422,8.91176488971929,-9.77183124999996));
#2657=CARTESIAN_POINT('',(78.3158451234948,13.7806937709023,-9.77183124999997));
#2658=CARTESIAN_POINT('Ctrl Pts',(78.3158451234948,13.7806937709023,-9.77183124999996));
#2659=CARTESIAN_POINT('Ctrl Pts',(78.4814877451991,12.3061495570622,-9.77183124999996));
#2660=CARTESIAN_POINT('Ctrl Pts',(78.6683666125078,10.6566890677642,-9.77183124999996));
#2661=CARTESIAN_POINT('Ctrl Pts',(78.8699783364422,8.91176488971929,-9.77183124999996));
#2662=CARTESIAN_POINT('',(78.3158451234948,13.7806937709023,3.27816875000004));
#2663=CARTESIAN_POINT('',(78.3158451234948,13.7806937709023,-9.77183124999997));
#2664=CARTESIAN_POINT('',(78.3617832040548,13.3721169188687,3.27816875000004));
#2665=CARTESIAN_POINT('Ctrl Pts',(78.3617841936795,13.3721163590814,3.27816875000004));
#2666=CARTESIAN_POINT('Ctrl Pts',(78.3462971288408,13.5097291836245,3.27816875000004));
#2667=CARTESIAN_POINT('Ctrl Pts',(78.3309824510105,13.6459418666425,3.27816875000004));
#2668=CARTESIAN_POINT('Ctrl Pts',(78.3158451234948,13.7806937709023,3.27816875000004));
#2669=CARTESIAN_POINT('Ctrl Pts',(78.3617832040548,13.3721169188687,-5.86083125));
#2670=CARTESIAN_POINT('Ctrl Pts',(78.3617832040548,13.3721169188687,-2.81449791666665));
#2671=CARTESIAN_POINT('Ctrl Pts',(78.3617832040548,13.3721169188687,0.231835416666694));
#2672=CARTESIAN_POINT('Ctrl Pts',(78.3617832040548,13.3721169188687,3.27816875000004));
#2673=CARTESIAN_POINT('Ctrl Pts',(75.8870064501674,16.167284700986,-9.77183124999997));
#2674=CARTESIAN_POINT('Ctrl Pts',(75.8870064501674,16.167284700986,3.27816875000003));
#2675=CARTESIAN_POINT('Ctrl Pts',(76.829793093324,16.0780969529791,-9.77183124999997));
#2676=CARTESIAN_POINT('Ctrl Pts',(76.829793093324,16.0780969529791,3.27816875000003));
#2677=CARTESIAN_POINT('Ctrl Pts',(77.6979559691677,15.4592463153054,-9.77183124999997));
#2678=CARTESIAN_POINT('Ctrl Pts',(77.6979559691677,15.4592463153054,3.27816875000004));
#2679=CARTESIAN_POINT('Ctrl Pts',(78.0900426138792,14.5980225184033,-9.77183124999997));
#2680=CARTESIAN_POINT('Ctrl Pts',(78.0900426138792,14.5980225184033,3.27816875000004));
#2681=CARTESIAN_POINT('Ctrl Pts',(78.2077525714558,14.3394709508747,-9.77183124999997));
#2682=CARTESIAN_POINT('Ctrl Pts',(78.2077525714557,14.3394709508747,3.27816875000004));
#2683=CARTESIAN_POINT('Ctrl Pts',(78.2841077882354,14.0632183022575,-9.77183124999996));
#2684=CARTESIAN_POINT('Ctrl Pts',(78.2841077882354,14.0632183022575,3.27816875000004));
#2685=CARTESIAN_POINT('Ctrl Pts',(78.3158451234948,13.7806937709023,-9.77183124999996));
#2686=CARTESIAN_POINT('Ctrl Pts',(78.3158451234948,13.7806937709023,3.27816875000004));
#2687=CARTESIAN_POINT('',(76.8699783364429,15.87911793646,3.27816875000003));
#2688=CARTESIAN_POINT('',(76.869978336443,15.87911793646,-5.86083125));
#2689=CARTESIAN_POINT('Ctrl Pts',(76.869978336443,15.87911793646,3.27816875000003));
#2690=CARTESIAN_POINT('Ctrl Pts',(76.869978336443,15.87911793646,0.231835416666691));
#2691=CARTESIAN_POINT('Ctrl Pts',(76.869978336443,15.87911793646,-2.81449791666665));
#2692=CARTESIAN_POINT('Ctrl Pts',(76.869978336443,15.87911793646,-5.86083125));
#2693=CARTESIAN_POINT('Ctrl Pts',(78.3158451234948,13.7806937709023,3.27816875000004));
#2694=CARTESIAN_POINT('Ctrl Pts',(78.2841077882354,14.0632183022575,3.27816875000004));
#2695=CARTESIAN_POINT('Ctrl Pts',(78.2077525714557,14.3394709508747,3.27816875000004));
#2696=CARTESIAN_POINT('Ctrl Pts',(78.0900426138792,14.5980225184033,3.27816875000004));
#2697=CARTESIAN_POINT('Ctrl Pts',(77.8406441445783,15.1458297430818,3.27816875000004));
#2698=CARTESIAN_POINT('Ctrl Pts',(77.3986263011897,15.5955733317851,3.27816875000003));
#2699=CARTESIAN_POINT('Ctrl Pts',(76.8673054991302,15.873317394688,3.27816875000003));
#2700=CARTESIAN_POINT('',(75.8870064501674,16.167284700986,-9.77183124999997));
#2701=CARTESIAN_POINT('Ctrl Pts',(75.8870064501674,16.167284700986,-9.77183124999997));
#2702=CARTESIAN_POINT('Ctrl Pts',(76.829793093324,16.0780969529791,-9.77183124999997));
#2703=CARTESIAN_POINT('Ctrl Pts',(77.6979559691677,15.4592463153054,-9.77183124999997));
#2704=CARTESIAN_POINT('Ctrl Pts',(78.0900426138792,14.5980225184033,-9.77183124999997));
#2705=CARTESIAN_POINT('Ctrl Pts',(78.2077525714558,14.3394709508747,-9.77183124999997));
#2706=CARTESIAN_POINT('Ctrl Pts',(78.2841077882354,14.0632183022575,-9.77183124999996));
#2707=CARTESIAN_POINT('Ctrl Pts',(78.3158451234948,13.7806937709023,-9.77183124999996));
#2708=CARTESIAN_POINT('',(75.8870064501674,16.167284700986,-5.86083125));
#2709=CARTESIAN_POINT('',(75.8870064501674,16.167284700986,-9.77183124999997));
#2710=CARTESIAN_POINT('Ctrl Pts',(76.8673054991302,15.873317394688,-5.86083125));
#2711=CARTESIAN_POINT('Ctrl Pts',(76.5633212925869,16.0322229151502,-5.86083125));
#2712=CARTESIAN_POINT('Ctrl Pts',(76.2301053741628,16.1348274948971,-5.86083125));
#2713=CARTESIAN_POINT('Ctrl Pts',(75.8870064501674,16.167284700986,-5.86083125));
#2714=CARTESIAN_POINT('Origin',(76.1977993364413,19.4526169188662,-9.77183124999997));
#2715=CARTESIAN_POINT('',(75.0143637657378,16.3721169188672,-5.86083125));
#2716=CARTESIAN_POINT('Origin',(76.1977993364413,19.4526169188662,-5.86083124999998));
#2717=CARTESIAN_POINT('',(75.0143637657378,16.3721169188672,-9.77183124999997));
#2718=CARTESIAN_POINT('Origin',(76.1977993364413,19.4526169188662,-9.77183124999998));
#2719=CARTESIAN_POINT('',(75.0143637657382,16.372116918867,-9.77183124999997));
#2720=CARTESIAN_POINT('Origin',(74.8699783364422,17.372116918867,-9.86083125));
#2721=CARTESIAN_POINT('',(67.3699783364413,17.3721169188671,-9.77183125));
#2722=CARTESIAN_POINT('',(68.6199783364417,17.372116918867,-9.77183125));
#2723=CARTESIAN_POINT('',(67.3699783364413,17.3721169188671,-7.86083125));
#2724=CARTESIAN_POINT('',(67.3699783364413,17.372116918867,-9.86083125));
#2725=CARTESIAN_POINT('',(57.3699783364413,17.3721169188671,-7.86083125));
#2726=CARTESIAN_POINT('',(68.6199783364417,17.372116918867,-7.86083125));
#2727=CARTESIAN_POINT('',(57.3699783364413,17.3721169188671,-9.77183125));
#2728=CARTESIAN_POINT('',(57.3699783364413,17.372116918867,-9.86083125));
#2729=CARTESIAN_POINT('',(49.8699783364405,17.372116918867,-9.77183125));
#2730=CARTESIAN_POINT('',(68.6199783364417,17.372116918867,-9.77183125));
#2731=CARTESIAN_POINT('',(49.8699783364405,17.372116918867,-5.86083125));
#2732=CARTESIAN_POINT('',(49.8699783364405,17.372116918867,-9.86083125));
#2733=CARTESIAN_POINT('',(74.8699783364422,17.372116918867,-5.86083125));
#2734=CARTESIAN_POINT('Origin',(62.3699783364413,0.872116918866195,-5.86083125));
#2735=CARTESIAN_POINT('',(76.869978336443,13.3721169188687,-5.86083125));
#2736=CARTESIAN_POINT('',(69.6199783364421,13.3721169188687,-5.86083125));
#2737=CARTESIAN_POINT('',(76.869978336443,11.5135382751052,-5.86083125));
#2738=CARTESIAN_POINT('',(76.869978336443,13.3721169188687,-5.86083125));
#2739=CARTESIAN_POINT('',(77.0113996926803,11.3721169188679,-5.86083125));
#2740=CARTESIAN_POINT('',(76.869978336443,11.5135382751052,-5.86083125));
#2741=CARTESIAN_POINT('',(76.869978336443,11.2306955626306,-5.86083125));
#2742=CARTESIAN_POINT('',(77.0113996926803,11.3721169188679,-5.86083125));
#2743=CARTESIAN_POINT('',(76.869978336443,9.37211691886704,-5.86083125));
#2744=CARTESIAN_POINT('',(76.869978336443,11.2306955626306,-5.86083125));
#2745=CARTESIAN_POINT('',(75.0113996926795,9.37211691886704,-5.86083125));
#2746=CARTESIAN_POINT('',(76.869978336443,9.37211691886704,-5.86083125));
#2747=CARTESIAN_POINT('',(74.8699783364422,9.23069556262972,-5.86083125));
#2748=CARTESIAN_POINT('',(75.0113996926795,9.37211691886704,-5.86083125));
#2749=CARTESIAN_POINT('',(74.8699783364422,6.37211691886703,-5.86083125));
#2750=CARTESIAN_POINT('',(74.8699783364422,6.37211691886703,-5.86083125));
#2751=CARTESIAN_POINT('',(77.8699783364421,6.37211691886703,-5.86083125));
#2752=CARTESIAN_POINT('',(77.8699783364421,6.37211691886703,-5.86083125));
#2753=CARTESIAN_POINT('',(77.8699783364421,-4.62788308113464,-5.86083125));
#2754=CARTESIAN_POINT('',(77.8699783364421,-14.6278830811346,-5.86083125));
#2755=CARTESIAN_POINT('',(74.8699783364422,-4.62788308113464,-5.86083125));
#2756=CARTESIAN_POINT('',(77.8699783364421,-4.62788308113464,-5.86083125));
#2757=CARTESIAN_POINT('',(74.8699783364422,-7.48646172489733,-5.86083125));
#2758=CARTESIAN_POINT('',(74.8699783364422,-4.62788308113464,-5.86083125));
#2759=CARTESIAN_POINT('',(75.0113996926795,-7.62788308113465,-5.86083125));
#2760=CARTESIAN_POINT('',(72.8699783364413,-5.48646172489651,-5.86083125));
#2761=CARTESIAN_POINT('',(76.869978336443,-7.62788308113465,-5.86083125));
#2762=CARTESIAN_POINT('',(75.0113996926795,-7.62788308113465,-5.86083125));
#2763=CARTESIAN_POINT('',(76.869978336443,-9.48646172489816,-5.86083125));
#2764=CARTESIAN_POINT('',(76.869978336443,-7.62788308113465,-5.86083125));
#2765=CARTESIAN_POINT('',(77.0113996926803,-9.62788308113548,-5.86083125));
#2766=CARTESIAN_POINT('',(76.869978336443,-9.48646172489816,-5.86083125));
#2767=CARTESIAN_POINT('',(76.869978336443,-9.76930443737278,-5.86083125));
#2768=CARTESIAN_POINT('',(77.0113996926803,-9.62788308113548,-5.86083125));
#2769=CARTESIAN_POINT('',(76.869978336443,-11.6278830811363,-5.86083125));
#2770=CARTESIAN_POINT('',(76.869978336443,-9.76930443737278,-5.86083125));
#2771=CARTESIAN_POINT('',(78.8699783364421,-11.6278830811363,-5.86083125));
#2772=CARTESIAN_POINT('',(70.6199783364417,-11.6278830811363,-5.86083125));
#2773=CARTESIAN_POINT('',(78.8699783364421,16.372116918867,-5.86083125));
#2774=CARTESIAN_POINT('Origin',(62.3699783364413,0.872116918866195,-9.77183125));
#2775=CARTESIAN_POINT('',(74.8699783364422,16.372116918867,-9.77183125));
#2776=CARTESIAN_POINT('',(74.8699783364422,8.62211691886661,-9.77183125));
#2777=CARTESIAN_POINT('',(70.6199783364417,16.372116918867,-9.77183125));
#2778=CARTESIAN_POINT('',(78.8699783364421,-7.62788308113464,-9.77183125));
#2779=CARTESIAN_POINT('',(78.8699783364421,-6.87788308113422,-9.77183125));
#2780=CARTESIAN_POINT('',(77.8699783364421,-7.62788308113464,-9.77183125));
#2781=CARTESIAN_POINT('',(70.6199783364417,-7.62788308113464,-9.77183125));
#2782=CARTESIAN_POINT('',(77.8699783364421,6.37211691886703,-9.77183125));
#2783=CARTESIAN_POINT('',(77.8699783364421,3.62211691886661,-9.77183125));
#2784=CARTESIAN_POINT('',(74.8699783364422,6.37211691886703,-9.77183125));
#2785=CARTESIAN_POINT('',(68.6199783364417,6.37211691886703,-9.77183125));
#2786=CARTESIAN_POINT('',(74.8699783364422,9.23069556262972,-9.77183125));
#2787=CARTESIAN_POINT('',(74.8699783364422,5.05140624074796,-9.77183125));
#2788=CARTESIAN_POINT('',(75.0113996926795,9.37211691886704,-9.77183125));
#2789=CARTESIAN_POINT('',(69.7260443536197,4.08676157980727,-9.77183125));
#2790=CARTESIAN_POINT('',(76.869978336443,9.37211691886704,-9.77183125));
#2791=CARTESIAN_POINT('',(69.6199783364421,9.37211691886703,-9.77183125));
#2792=CARTESIAN_POINT('',(76.869978336443,11.2306955626306,-9.77183125));
#2793=CARTESIAN_POINT('',(76.869978336443,6.05140624074837,-9.77183125));
#2794=CARTESIAN_POINT('',(77.0113996926803,11.3721169188679,-9.77183125));
#2795=CARTESIAN_POINT('',(70.7260443536204,5.08676157980751,-9.77183125));
#2796=CARTESIAN_POINT('',(76.869978336443,11.5135382751052,-9.77183125));
#2797=CARTESIAN_POINT('',(75.9053336755022,12.4781829360459,-9.77183125));
#2798=CARTESIAN_POINT('',(76.869978336443,13.3721169188687,-9.77183125));
#2799=CARTESIAN_POINT('',(76.869978336443,7.12211691886744,-9.77183125));
#2800=CARTESIAN_POINT('',(75.0113996926795,13.3721169188687,-9.77183125));
#2801=CARTESIAN_POINT('',(68.6906890145604,13.3721169188687,-9.77183125));
#2802=CARTESIAN_POINT('',(72.8699783364429,15.5135382751052,-9.77183125));
#2803=CARTESIAN_POINT('',(73.9053336755022,14.4781829360459,-9.77183125));
#2804=CARTESIAN_POINT('',(70.8699783364421,13.5135382751043,-9.77183125));
#2805=CARTESIAN_POINT('',(65.5846229973824,8.22818293604458,-9.77183125));
#2806=CARTESIAN_POINT('',(70.8699783364421,16.372116918867,-9.77183125));
#2807=CARTESIAN_POINT('',(70.8699783364421,8.62211691886661,-9.77183125));
#2808=CARTESIAN_POINT('',(67.3699783364413,16.372116918867,-9.77183125));
#2809=CARTESIAN_POINT('',(58.1199783364409,16.372116918867,-9.77183125));
#2810=CARTESIAN_POINT('',(67.3699783364413,-7.37788308113422,-9.77183125));
#2811=CARTESIAN_POINT('Origin',(76.869978336443,13.3721169188687,-5.86083125));
#2812=CARTESIAN_POINT('',(76.869978336443,13.3721169188687,3.27816875));
#2813=CARTESIAN_POINT('',(76.869978336443,13.3721169188687,3.27816875));
#2814=CARTESIAN_POINT('',(76.869978336443,13.3721169188687,-5.86083125));
#2815=CARTESIAN_POINT('Origin',(77.8699783364426,14.8721169188679,3.27816875));
#2816=CARTESIAN_POINT('',(76.869978336443,16.372116918867,3.27816875));
#2817=CARTESIAN_POINT('Origin',(76.869978336443,16.372116918867,-5.86083125));
#2818=CARTESIAN_POINT('',(76.869978336443,8.62211691886661,-5.86083125));
#2819=CARTESIAN_POINT('Origin',(45.8699783364405,7.8171169188662,-5.86083124999998));
#2820=CARTESIAN_POINT('',(45.8699783364405,7.8171169188662,-9.77183125));
#2821=CARTESIAN_POINT('',(45.8699783364405,2.8171169188662,-9.77183125));
#2822=CARTESIAN_POINT('',(45.8699783364405,8.62211691886661,-9.77183125));
#2823=CARTESIAN_POINT('',(45.8699783364405,2.8171169188662,-9.86083124999998));
#2824=CARTESIAN_POINT('',(45.8699783364405,2.8171169188662,-5.86083124999998));
#2825=CARTESIAN_POINT('',(45.8699783364405,7.8171169188662,-9.86083124999998));
#2826=CARTESIAN_POINT('',(45.8699783364405,13.3721169188688,-9.86083124999998));
#2827=CARTESIAN_POINT('',(45.8699783364405,7.8171169188662,-5.86083124999998));
#2828=CARTESIAN_POINT('Origin',(43.3199783364413,5.3171169188662,-5.86083124999999));
#2829=CARTESIAN_POINT('',(44.2199783364414,5.3171169188662,-9.86083124999999));
#2830=CARTESIAN_POINT('Origin',(43.3199783364414,5.3171169188662,-9.86083124999999));
#2831=CARTESIAN_POINT('',(44.2199783364413,5.3171169188662,-5.86083124999999));
#2832=CARTESIAN_POINT('',(44.2199783364413,5.3171169188662,-5.86083124999998));
#2833=CARTESIAN_POINT('Origin',(43.3199783364413,5.3171169188662,-5.86083124999999));
#2834=CARTESIAN_POINT('Origin',(43.3199783364413,5.3171169188662,-5.86083124999999));
#2835=CARTESIAN_POINT('',(43.3199783364413,7.8171169188662,-5.86083124999999));
#2836=CARTESIAN_POINT('',(43.3199783364413,2.8171169188662,-5.86083124999999));
#2837=CARTESIAN_POINT('Origin',(43.3199783364413,5.3171169188662,-5.86083124999999));
#2838=CARTESIAN_POINT('',(43.3199783364414,7.8171169188662,-9.86083124999999));
#2839=CARTESIAN_POINT('',(43.3199783364413,7.8171169188662,-5.86083124999999));
#2840=CARTESIAN_POINT('',(43.3199783364414,2.8171169188662,-9.86083124999999));
#2841=CARTESIAN_POINT('Origin',(43.3199783364414,5.3171169188662,-9.86083124999999));
#2842=CARTESIAN_POINT('',(43.3199783364413,2.8171169188662,-5.86083124999999));
#2843=CARTESIAN_POINT('Origin',(45.8699783364405,2.8171169188662,-5.86083124999998));
#2844=CARTESIAN_POINT('',(45.8699783364405,2.8171169188662,-5.86083124999998));
#2845=CARTESIAN_POINT('',(46.1718387250219,2.8171169188662,-5.86083124999998));
#2846=CARTESIAN_POINT('',(46.171838725022,2.8171169188662,-9.86083124999998));
#2847=CARTESIAN_POINT('',(45.8699783364405,2.8171169188662,-7.86083124999999));
#2848=CARTESIAN_POINT('Origin',(43.3199783364413,7.8171169188662,-5.86083124999999));
#2849=CARTESIAN_POINT('',(45.8699783364405,7.8171169188662,-5.86083124999998));
#2850=CARTESIAN_POINT('',(40.4681179478607,7.8171169188662,-5.86083124999999));
#2851=CARTESIAN_POINT('',(45.8699783364405,7.8171169188662,-7.86083124999999));
#2852=CARTESIAN_POINT('',(40.4681179478607,7.8171169188662,-9.86083124999999));
#2853=CARTESIAN_POINT('Origin',(43.3449783364409,5.3171169188662,-9.86083124999999));
#2854=CARTESIAN_POINT('Origin',(45.8699783364405,16.372116918867,-9.86083125));
#2855=CARTESIAN_POINT('',(45.8699783364405,-14.6278830811346,-9.77183125));
#2856=CARTESIAN_POINT('',(45.8699783364405,8.62211691886661,-9.77183125));
#2857=CARTESIAN_POINT('',(45.8699783364405,-14.6278830811346,3.27816875));
#2858=CARTESIAN_POINT('',(45.8699783364405,-14.6278830811346,-9.86083125));
#2859=CARTESIAN_POINT('',(45.8699783364405,-11.6278830811363,3.27816875));
#2860=CARTESIAN_POINT('',(45.8699783364405,-11.6278830811363,3.27816875));
#2861=CARTESIAN_POINT('',(45.8699783364405,-11.6278830811363,-5.86083125));
#2862=CARTESIAN_POINT('',(45.8699783364405,-11.6278830811363,-5.86083125));
#2863=CARTESIAN_POINT('',(45.8699783364405,16.372116918867,-5.86083125));
#2864=CARTESIAN_POINT('Origin',(45.8699783364405,16.372116918867,-9.86083125));
#2865=CARTESIAN_POINT('',(45.8699783364405,13.3721169188687,-5.86083125));
#2866=CARTESIAN_POINT('',(45.8699783364405,16.372116918867,-5.86083125));
#2867=CARTESIAN_POINT('',(45.8699783364405,13.3721169188687,3.27816875));
#2868=CARTESIAN_POINT('',(45.8699783364405,13.3721169188687,-5.86083125));
#2869=CARTESIAN_POINT('',(45.8699783364405,16.372116918867,3.27816875));
#2870=CARTESIAN_POINT('',(45.8699783364405,13.3721169188687,3.27816875));
#2871=CARTESIAN_POINT('',(45.8699783364405,16.372116918867,-9.77183125));
#2872=CARTESIAN_POINT('',(45.8699783364405,16.372116918867,-9.86083125));
#2873=CARTESIAN_POINT('',(45.8699783364405,8.62211691886661,-9.77183125));
#2874=CARTESIAN_POINT('Origin',(73.3699783364422,-16.1278830811346,-9.86083125));
#2875=CARTESIAN_POINT('',(74.8699783364422,-14.6278830811346,-5.86083125));
#2876=CARTESIAN_POINT('',(71.8699783364422,-17.6278830811346,-5.86083125));
#2877=CARTESIAN_POINT('',(74.8699783364422,-14.6278830811346,-5.86083125));
#2878=CARTESIAN_POINT('',(71.8699783364422,-17.6278830811346,-6.86083125));
#2879=CARTESIAN_POINT('',(71.8699783364422,-17.6278830811346,-9.86083125));
#2880=CARTESIAN_POINT('',(74.8699783364422,-14.6278830811346,-6.86083125));
#2881=CARTESIAN_POINT('',(75.2449783364421,-14.2528830811346,-6.86083125));
#2882=CARTESIAN_POINT('',(74.8699783364422,-14.6278830811346,-9.86083125));
#2883=CARTESIAN_POINT('Origin',(74.8699783364421,-10.1278830811346,-6.86083125));
#2884=CARTESIAN_POINT('',(67.8699783364421,-17.6278830811346,-6.86083125));
#2885=CARTESIAN_POINT('',(59.1199783364413,-17.6278830811346,-6.86083125));
#2886=CARTESIAN_POINT('',(67.8699783364421,-14.6278830811346,-6.86083125));
#2887=CARTESIAN_POINT('',(67.8699783364421,-4.62788308113464,-6.86083125));
#2888=CARTESIAN_POINT('',(70.8699783364421,-14.6278830811346,-6.86083125));
#2889=CARTESIAN_POINT('',(70.8699783364421,-14.6278830811346,-6.86083125));
#2890=CARTESIAN_POINT('',(70.8699783364421,-11.769304437372,-6.86083125));
#2891=CARTESIAN_POINT('',(70.8699783364421,-10.9485937592533,-6.86083125));
#2892=CARTESIAN_POINT('',(72.8699783364429,-13.7693044373728,-6.86083125));
#2893=CARTESIAN_POINT('',(72.4596229973832,-13.358949098313,-6.86083125));
#2894=CARTESIAN_POINT('',(75.0113996926795,-11.6278830811363,-6.86083125));
#2895=CARTESIAN_POINT('',(75.3510443536206,-11.2882384201952,-6.86083125));
#2896=CARTESIAN_POINT('',(76.869978336443,-11.6278830811363,-6.86083125));
#2897=CARTESIAN_POINT('',(75.8699783364425,-11.6278830811363,-6.86083125));
#2898=CARTESIAN_POINT('',(76.869978336443,-9.76930443737278,-6.86083125));
#2899=CARTESIAN_POINT('',(76.869978336443,-9.94859375925371,-6.86083125));
#2900=CARTESIAN_POINT('',(77.0113996926803,-9.62788308113548,-6.86083125));
#2901=CARTESIAN_POINT('',(76.3510443536209,-10.2882384201948,-6.86083125));
#2902=CARTESIAN_POINT('',(76.869978336443,-9.48646172489816,-6.86083125));
#2903=CARTESIAN_POINT('',(76.5303336755019,-9.14681706395708,-6.86083125));
#2904=CARTESIAN_POINT('',(76.869978336443,-7.62788308113465,-6.86083125));
#2905=CARTESIAN_POINT('',(76.869978336443,-8.87788308113464,-6.86083125));
#2906=CARTESIAN_POINT('',(75.0113996926795,-7.62788308113465,-6.86083125));
#2907=CARTESIAN_POINT('',(74.9406890145608,-7.62788308113465,-6.86083125));
#2908=CARTESIAN_POINT('',(74.8699783364422,-7.48646172489733,-6.86083125));
#2909=CARTESIAN_POINT('',(75.5303336755015,-8.14681706395665,-6.86083125));
#2910=CARTESIAN_POINT('',(74.8699783364422,-4.62788308113464,-6.86083125));
#2911=CARTESIAN_POINT('',(74.8699783364422,-7.37788308113464,-6.86083125));
#2912=CARTESIAN_POINT('',(77.8699783364421,-4.62788308113464,-6.86083125));
#2913=CARTESIAN_POINT('',(76.3699783364421,-4.62788308113464,-6.86083125));
#2914=CARTESIAN_POINT('',(77.8699783364421,-7.62788308113464,-6.86083125));
#2915=CARTESIAN_POINT('',(77.8699783364421,-7.37788308113464,-6.86083125));
#2916=CARTESIAN_POINT('',(78.8699783364421,-7.62788308113464,-6.86083125));
#2917=CARTESIAN_POINT('',(76.8699783364421,-7.62788308113464,-6.86083125));
#2918=CARTESIAN_POINT('',(78.8699783364421,-14.6278830811346,-6.86083125));
#2919=CARTESIAN_POINT('',(78.8699783364421,-12.3778830811346,-6.86083125));
#2920=CARTESIAN_POINT('',(74.8699783364421,-14.6278830811346,-6.86083125));
#2921=CARTESIAN_POINT('Origin',(49.8699783364405,-17.6278830811346,-9.86083125));
#2922=CARTESIAN_POINT('',(49.8699783364405,-17.6278830811346,-5.86083125));
#2923=CARTESIAN_POINT('',(74.8699783364422,-17.6278830811346,-5.86083125));
#2924=CARTESIAN_POINT('',(49.8699783364405,-17.6278830811346,-9.77183124999999));
#2925=CARTESIAN_POINT('',(49.8699783364405,-17.6278830811346,-9.86083125));
#2926=CARTESIAN_POINT('',(57.3699783364413,-17.6278830811346,-9.77183125));
#2927=CARTESIAN_POINT('',(56.1199783364409,-17.6278830811346,-9.77183125));
#2928=CARTESIAN_POINT('',(57.3699783364413,-17.6278830811346,-7.86083125));
#2929=CARTESIAN_POINT('',(57.3699783364413,-17.6278830811346,-9.86083125));
#2930=CARTESIAN_POINT('',(66.8699783364413,-17.6278830811346,-7.86083125));
#2931=CARTESIAN_POINT('',(56.1199783364409,-17.6278830811346,-7.86083125));
#2932=CARTESIAN_POINT('',(66.8699783364413,-17.6278830811346,-9.77183125));
#2933=CARTESIAN_POINT('',(66.8699783364413,-17.6278830811346,-9.86083125));
#2934=CARTESIAN_POINT('',(67.8699783364421,-17.6278830811346,-9.77183125));
#2935=CARTESIAN_POINT('',(56.1199783364409,-17.6278830811346,-9.77183125));
#2936=CARTESIAN_POINT('',(67.8699783364421,-17.6278830811346,-9.86083125));
#2937=CARTESIAN_POINT('Origin',(67.8699783364421,-4.62788308113464,-9.86083125));
#2938=CARTESIAN_POINT('',(67.8699783364421,-14.6278830811346,-9.77183125));
#2939=CARTESIAN_POINT('',(67.8699783364421,-1.87788308113422,-9.77183125));
#2940=CARTESIAN_POINT('',(67.8699783364421,-14.6278830811346,-9.86083125));
#2941=CARTESIAN_POINT('Origin',(62.3699783364413,0.872116918866195,-9.77183125));
#2942=CARTESIAN_POINT('',(66.8699783364413,-14.6278830811346,-9.77183125));
#2943=CARTESIAN_POINT('',(66.8699783364413,-7.37788308113422,-9.77183125));
#2944=CARTESIAN_POINT('',(67.3699783364413,-14.6278830811346,-9.77183125));
#2945=CARTESIAN_POINT('Origin',(66.8699783364413,-15.6278830811346,-9.86083125));
#2946=CARTESIAN_POINT('',(66.8699783364413,-14.6278830811346,-7.86083125));
#2947=CARTESIAN_POINT('',(66.8699783364413,-7.37788308113422,-7.86083125));
#2948=CARTESIAN_POINT('',(66.8699783364413,-14.6278830811346,-9.86083125));
#2949=CARTESIAN_POINT('Origin',(62.3699783364413,0.872116918866206,-7.86083125));
#2950=CARTESIAN_POINT('',(57.3699783364413,-14.6278830811346,-7.86083125));
#2951=CARTESIAN_POINT('',(57.3699783364413,-15.6278830811346,-7.86083125));
#2952=CARTESIAN_POINT('',(66.6199783364417,-14.6278830811346,-7.86083125));
#2953=CARTESIAN_POINT('Origin',(70.8699783364421,-14.6278830811346,-9.86083125));
#2954=CARTESIAN_POINT('',(57.3699783364413,-14.6278830811346,-9.77183125));
#2955=CARTESIAN_POINT('',(57.3699783364413,-14.6278830811346,-9.86083125));
#2956=CARTESIAN_POINT('',(53.8699783364405,-14.6278830811346,-9.77183125));
#2957=CARTESIAN_POINT('',(66.6199783364417,-14.6278830811346,-9.77183125));
#2958=CARTESIAN_POINT('',(53.8699783364405,-14.6278830811346,-5.86083125));
#2959=CARTESIAN_POINT('',(53.8699783364405,-14.6278830811346,-9.86083125));
#2960=CARTESIAN_POINT('',(70.8699783364421,-14.6278830811346,-5.86083125));
#2961=CARTESIAN_POINT('',(49.8699783364405,-14.6278830811346,-5.86083125));
#2962=CARTESIAN_POINT('',(70.8699783364421,-14.6278830811346,-9.86083125));
#2963=CARTESIAN_POINT('Origin',(62.3699783364413,0.872116918866195,-9.77183125));
#2964=CARTESIAN_POINT('',(57.3699783364413,9.12211691886663,-9.77183125));
#2965=CARTESIAN_POINT('',(49.8699783364405,-14.6278830811346,-9.77183125));
#2966=CARTESIAN_POINT('',(49.8699783364405,-15.6278830811346,-9.77183124999999));
#2967=CARTESIAN_POINT('',(54.1199783364409,-14.6278830811346,-9.77183125));
#2968=CARTESIAN_POINT('',(49.8699783364405,16.372116918867,-9.77183125));
#2969=CARTESIAN_POINT('',(56.1199783364409,16.372116918867,-9.77183125));
#2970=CARTESIAN_POINT('',(49.8699783364405,9.12211691886661,-9.77183125));
#2971=CARTESIAN_POINT('',(57.3699783364413,16.372116918867,-9.77183125));
#2972=CARTESIAN_POINT('',(57.3699783364413,9.12211691886663,-9.77183125));
#2973=CARTESIAN_POINT('',(53.8699783364405,16.372116918867,-9.77183125));
#2974=CARTESIAN_POINT('',(58.1199783364409,16.372116918867,-9.77183125));
#2975=CARTESIAN_POINT('',(53.8699783364405,13.5135382751043,-9.77183125));
#2976=CARTESIAN_POINT('',(53.8699783364405,7.19282759698527,-9.77183125));
#2977=CARTESIAN_POINT('',(51.8699783364397,15.5135382751052,-9.77183125));
#2978=CARTESIAN_POINT('',(58.1553336754998,9.22818293604499,-9.77183125));
#2979=CARTESIAN_POINT('',(49.7285569802032,13.3721169188687,-9.77183125));
#2980=CARTESIAN_POINT('',(49.7639123192621,13.4074722579277,-9.77183125));
#2981=CARTESIAN_POINT('',(47.8699783364397,13.3721169188687,-9.77183125));
#2982=CARTESIAN_POINT('',(55.1199783364405,13.3721169188687,-9.77183125));
#2983=CARTESIAN_POINT('',(47.8699783364397,11.5135382751052,-9.77183125));
#2984=CARTESIAN_POINT('',(47.8699783364397,6.19282759698567,-9.77183125));
#2985=CARTESIAN_POINT('',(47.7285569802024,11.3721169188679,-9.77183125));
#2986=CARTESIAN_POINT('',(48.7639123192617,12.4074722579272,-9.77183125));
#2987=CARTESIAN_POINT('',(47.8699783364397,11.2306955626305,-9.77183125));
#2988=CARTESIAN_POINT('',(54.0846229973811,5.016050901689,-9.77183125));
#2989=CARTESIAN_POINT('',(47.8699783364397,9.37211691886702,-9.77183125));
#2990=CARTESIAN_POINT('',(47.8699783364397,5.12211691886661,-9.77183125));
#2991=CARTESIAN_POINT('',(49.7285569802032,9.37211691886702,-9.77183125));
#2992=CARTESIAN_POINT('',(56.0492676583222,9.37211691886702,-9.77183125));
#2993=CARTESIAN_POINT('',(49.8699783364405,9.23069556262971,-9.77183125));
#2994=CARTESIAN_POINT('',(55.0846229973816,4.01605090168861,-9.77183125));
#2995=CARTESIAN_POINT('',(49.8699783364405,6.37211691886703,-9.77183125));
#2996=CARTESIAN_POINT('',(49.8699783364405,3.62211691886661,-9.77183125));
#2997=CARTESIAN_POINT('',(46.8699783364405,6.37211691886703,-9.77183125));
#2998=CARTESIAN_POINT('',(54.6199783364409,6.37211691886703,-9.77183125));
#2999=CARTESIAN_POINT('',(46.8699783364405,-4.62788308113464,-9.77183125));
#3000=CARTESIAN_POINT('',(46.8699783364405,-1.87788308113422,-9.77183125));
#3001=CARTESIAN_POINT('',(49.8699783364405,-4.62788308113464,-9.77183125));
#3002=CARTESIAN_POINT('',(56.1199783364409,-4.62788308113464,-9.77183125));
#3003=CARTESIAN_POINT('',(49.8699783364405,-7.62788308113464,-9.77183125));
#3004=CARTESIAN_POINT('',(49.8699783364405,-3.37788308113422,-9.77183125));
#3005=CARTESIAN_POINT('',(47.8699783364397,-7.62788308113464,-9.77183125));
#3006=CARTESIAN_POINT('',(55.1199783364405,-7.62788308113464,-9.77183125));
#3007=CARTESIAN_POINT('',(47.8699783364397,-11.6278830811363,-9.77183125));
#3008=CARTESIAN_POINT('',(47.8699783364397,-5.37788308113505,-9.77183125));
#3009=CARTESIAN_POINT('',(49.8699783364405,-11.6278830811363,-9.77183125));
#3010=CARTESIAN_POINT('',(56.1199783364409,-11.6278830811363,-9.77183125));
#3011=CARTESIAN_POINT('',(51.8699783364397,-13.6278830811355,-9.77183125));
#3012=CARTESIAN_POINT('',(50.8699783364397,-12.6278830811355,-9.77183125));
#3013=CARTESIAN_POINT('',(53.8699783364405,-11.6278830811363,-9.77183125));
#3014=CARTESIAN_POINT('',(59.1199783364405,-6.37788308113462,-9.77183125));
#3015=CARTESIAN_POINT('',(53.8699783364405,-6.87788308113422,-9.77183125));
#3016=CARTESIAN_POINT('Origin',(47.7285569802024,11.3721169188678,-9.86083125));
#3017=CARTESIAN_POINT('',(47.8699783364397,11.5135382751052,-5.86083125));
#3018=CARTESIAN_POINT('',(47.8699783364397,11.5135382751052,-9.86083125));
#3019=CARTESIAN_POINT('',(47.7285569802024,11.3721169188678,-5.86083125));
#3020=CARTESIAN_POINT('',(47.7285569802024,11.3721169188678,-5.86083125));
#3021=CARTESIAN_POINT('',(47.7285569802024,11.3721169188678,-9.86083125));
#3022=CARTESIAN_POINT('Origin',(47.8699783364397,11.5135382751052,-9.86083125));
#3023=CARTESIAN_POINT('',(47.8699783364397,13.3721169188687,-5.86083125));
#3024=CARTESIAN_POINT('',(47.8699783364397,13.3721169188687,-9.86083125));
#3025=CARTESIAN_POINT('',(47.8699783364397,11.5135382751052,-5.86083125));
#3026=CARTESIAN_POINT('Origin',(47.8699783364397,13.3721169188687,-9.86083125));
#3027=CARTESIAN_POINT('',(49.7285569802032,13.3721169188687,-5.86083125));
#3028=CARTESIAN_POINT('',(49.7285569802032,13.3721169188687,-9.86083125));
#3029=CARTESIAN_POINT('',(47.8699783364397,13.3721169188687,-5.86083125));
#3030=CARTESIAN_POINT('Origin',(49.7285569802032,13.3721169188687,-9.86083125));
#3031=CARTESIAN_POINT('',(51.8699783364397,15.5135382751052,-5.86083125));
#3032=CARTESIAN_POINT('',(51.8699783364397,15.5135382751052,-9.86083125));
#3033=CARTESIAN_POINT('',(49.7285569802032,13.3721169188687,-5.86083125));
#3034=CARTESIAN_POINT('Origin',(51.8699783364397,15.5135382751052,-9.86083125));
#3035=CARTESIAN_POINT('',(53.8699783364405,13.5135382751043,-5.86083125));
#3036=CARTESIAN_POINT('',(53.8699783364405,13.5135382751043,-9.86083125));
#3037=CARTESIAN_POINT('',(51.8699783364397,15.5135382751052,-5.86083125));
#3038=CARTESIAN_POINT('Origin',(53.8699783364405,13.5135382751043,-9.86083125));
#3039=CARTESIAN_POINT('',(53.8699783364405,16.372116918867,-5.86083125));
#3040=CARTESIAN_POINT('',(53.8699783364405,16.372116918867,-9.86083125));
#3041=CARTESIAN_POINT('',(53.8699783364405,13.3721169188687,-5.86083125));
#3042=CARTESIAN_POINT('Origin',(57.3699783364413,17.3721169188671,-9.86083125));
#3043=CARTESIAN_POINT('',(57.3699783364413,16.372116918867,-7.86083125));
#3044=CARTESIAN_POINT('',(57.3699783364413,-15.6278830811346,-7.86083125));
#3045=CARTESIAN_POINT('',(57.3699783364413,16.372116918867,-9.86083125));
#3046=CARTESIAN_POINT('Origin',(49.8699783364405,17.372116918867,-9.86083125));
#3047=CARTESIAN_POINT('',(49.8699783364405,16.372116918867,-5.86083125));
#3048=CARTESIAN_POINT('',(49.8699783364405,16.372116918867,-9.86083125));
#3049=CARTESIAN_POINT('',(49.8699783364405,17.372116918867,-5.86083125));
#3050=CARTESIAN_POINT('Origin',(49.8699783364405,16.372116918867,-9.86083125));
#3051=CARTESIAN_POINT('',(47.8699783364397,16.372116918867,3.27816875));
#3052=CARTESIAN_POINT('',(45.8699783364405,16.372116918867,3.27816875));
#3053=CARTESIAN_POINT('',(47.8699783364397,16.372116918867,-5.86083125));
#3054=CARTESIAN_POINT('',(47.8699783364397,16.372116918867,-5.86083125));
#3055=CARTESIAN_POINT('',(49.8699783364405,16.372116918867,-5.86083125));
#3056=CARTESIAN_POINT('Origin',(45.8699783364405,-14.6278830811346,-9.86083125));
#3057=CARTESIAN_POINT('',(49.8699783364405,-14.6278830811346,-5.86083125));
#3058=CARTESIAN_POINT('',(49.8699783364405,-14.6278830811346,-9.86083125));
#3059=CARTESIAN_POINT('',(47.8699783364397,-14.6278830811346,-5.86083125));
#3060=CARTESIAN_POINT('',(45.8699783364405,-14.6278830811346,-5.86083125));
#3061=CARTESIAN_POINT('',(47.8699783364397,-14.6278830811346,3.27816875));
#3062=CARTESIAN_POINT('',(47.8699783364397,-14.6278830811346,-5.86083125));
#3063=CARTESIAN_POINT('',(45.8699783364405,-14.6278830811346,3.27816875));
#3064=CARTESIAN_POINT('Origin',(49.8699783364405,-14.6278830811346,-9.86083125));
#3065=CARTESIAN_POINT('',(49.8699783364405,-15.6278830811346,-5.86083125));
#3066=CARTESIAN_POINT('Origin',(57.3699783364413,17.3721169188671,-9.86083125));
#3067=CARTESIAN_POINT('Origin',(76.869978336443,13.3721169188687,-9.86083125));
#3068=CARTESIAN_POINT('',(76.869978336443,11.5135382751052,-9.86083125));
#3069=CARTESIAN_POINT('',(76.869978336443,13.3721169188687,-9.86083125));
#3070=CARTESIAN_POINT('Origin',(76.869978336443,11.5135382751052,-9.86083125));
#3071=CARTESIAN_POINT('',(77.0113996926803,11.3721169188679,-9.86083125));
#3072=CARTESIAN_POINT('Origin',(77.0113996926803,11.3721169188679,-9.86083125));
#3073=CARTESIAN_POINT('',(76.869978336443,11.2306955626306,-9.86083125));
#3074=CARTESIAN_POINT('Origin',(76.869978336443,11.2306955626306,-9.86083125));
#3075=CARTESIAN_POINT('',(76.869978336443,9.37211691886704,-9.86083125));
#3076=CARTESIAN_POINT('Origin',(53.8699783364405,16.372116918867,-9.86083125));
#3077=CARTESIAN_POINT('',(67.3699783364413,16.372116918867,-7.86083125));
#3078=CARTESIAN_POINT('',(58.1199783364409,16.372116918867,-7.86083125));
#3079=CARTESIAN_POINT('',(67.3699783364413,16.372116918867,-9.86083125));
#3080=CARTESIAN_POINT('',(70.8699783364421,16.372116918867,-5.86083125));
#3081=CARTESIAN_POINT('',(70.8699783364421,16.372116918867,-9.86083125));
#3082=CARTESIAN_POINT('',(49.8699783364405,16.372116918867,-5.86083125));
#3083=CARTESIAN_POINT('Origin',(76.869978336443,9.37211691886704,-9.86083125));
#3084=CARTESIAN_POINT('',(75.0113996926795,9.37211691886704,-9.86083125));
#3085=CARTESIAN_POINT('Origin',(75.0113996926795,9.37211691886704,-9.86083125));
#3086=CARTESIAN_POINT('',(74.8699783364422,9.23069556262972,-9.86083125));
#3087=CARTESIAN_POINT('Origin',(74.8699783364422,9.23069556262972,-9.86083125));
#3088=CARTESIAN_POINT('',(74.8699783364422,6.37211691886703,-9.86083125));
#3089=CARTESIAN_POINT('Origin',(74.8699783364422,6.37211691886703,-9.86083125));
#3090=CARTESIAN_POINT('',(77.8699783364421,6.37211691886703,-9.86083125));
#3091=CARTESIAN_POINT('Origin',(77.8699783364421,6.37211691886703,-9.86083125));
#3092=CARTESIAN_POINT('',(77.8699783364421,-7.62788308113464,-9.86083125));
#3093=CARTESIAN_POINT('',(77.8699783364421,-4.62788308113464,-9.86083125));
#3094=CARTESIAN_POINT('Origin',(78.8699783364421,-7.62788308113464,-9.86083125));
#3095=CARTESIAN_POINT('',(78.8699783364421,-7.62788308113464,-9.86083125));
#3096=CARTESIAN_POINT('Origin',(76.869978336443,-11.6278830811363,-5.86083125));
#3097=CARTESIAN_POINT('',(76.869978336443,-14.6278830811346,-5.86083125));
#3098=CARTESIAN_POINT('',(76.869978336443,-5.37788308113505,-5.86083125));
#3099=CARTESIAN_POINT('',(76.869978336443,-14.6278830811346,3.27816875));
#3100=CARTESIAN_POINT('',(76.869978336443,-14.6278830811346,-5.86083125));
#3101=CARTESIAN_POINT('',(76.869978336443,-11.6278830811363,3.27816875));
#3102=CARTESIAN_POINT('',(76.869978336443,-14.6278830811346,3.27816875));
#3103=CARTESIAN_POINT('',(76.869978336443,-11.6278830811363,-5.86083125));
#3104=CARTESIAN_POINT('Origin',(78.8699783364421,-11.6278830811363,-5.86083125));
#3105=CARTESIAN_POINT('',(78.8699783364421,-11.6278830811363,3.27816875));
#3106=CARTESIAN_POINT('',(76.869978336443,-11.6278830811363,3.27816875));
#3107=CARTESIAN_POINT('',(78.8699783364421,-11.6278830811363,-5.86083125));
#3108=CARTESIAN_POINT('Origin',(77.8699783364426,-13.1278830811355,3.27816875));
#3109=CARTESIAN_POINT('',(78.8699783364421,-14.6278830811346,3.27816875));
#3110=CARTESIAN_POINT('',(78.8699783364421,-14.6278830811346,3.27816875));
#3111=CARTESIAN_POINT('',(78.8699783364421,-11.6278830811363,3.27816875));
#3112=CARTESIAN_POINT('Origin',(62.3699783364413,0.872116918866195,-5.86083125));
#3113=CARTESIAN_POINT('',(74.8699783364422,-14.6278830811346,-5.86083125));
#3114=CARTESIAN_POINT('',(75.0113996926795,-11.6278830811363,-5.86083125));
#3115=CARTESIAN_POINT('',(76.869978336443,-11.6278830811363,-5.86083125));
#3116=CARTESIAN_POINT('',(72.8699783364429,-13.7693044373728,-5.86083125));
#3117=CARTESIAN_POINT('',(75.0113996926795,-11.6278830811363,-5.86083125));
#3118=CARTESIAN_POINT('',(70.8699783364421,-11.769304437372,-5.86083125));
#3119=CARTESIAN_POINT('',(72.8699783364429,-13.7693044373728,-5.86083125));
#3120=CARTESIAN_POINT('',(70.8699783364421,-11.6278830811363,-5.86083125));
#3121=CARTESIAN_POINT('',(53.8699783364405,-11.6278830811363,-5.86083125));
#3122=CARTESIAN_POINT('',(53.8699783364405,-11.6278830811363,-5.86083125));
#3123=CARTESIAN_POINT('',(51.8699783364397,-13.6278830811355,-5.86083125));
#3124=CARTESIAN_POINT('',(55.8699783364413,-9.62788308113382,-5.86083125));
#3125=CARTESIAN_POINT('',(49.8699783364405,-11.6278830811363,-5.86083125));
#3126=CARTESIAN_POINT('',(51.8699783364397,-13.6278830811355,-5.86083125));
#3127=CARTESIAN_POINT('',(47.8699783364397,-11.6278830811363,-5.86083125));
#3128=CARTESIAN_POINT('',(49.8699783364405,-11.6278830811363,-5.86083125));
#3129=CARTESIAN_POINT('',(47.8699783364397,-6.87788308113422,-5.86083125));
#3130=CARTESIAN_POINT('Origin',(47.8699783364397,13.3721169188687,-5.86083125));
#3131=CARTESIAN_POINT('',(47.8699783364397,7.12211691886744,-5.86083125));
#3132=CARTESIAN_POINT('',(47.8699783364397,13.3721169188687,3.27816875));
#3133=CARTESIAN_POINT('',(47.8699783364397,16.372116918867,3.27816875));
#3134=CARTESIAN_POINT('',(47.8699783364397,13.3721169188687,-5.86083125));
#3135=CARTESIAN_POINT('Origin',(45.8699783364405,13.3721169188687,-5.86083125));
#3136=CARTESIAN_POINT('',(54.1199783364409,13.3721169188687,-5.86083125));
#3137=CARTESIAN_POINT('',(47.8699783364397,13.3721169188687,3.27816875));
#3138=CARTESIAN_POINT('Origin',(46.8699783364401,14.8721169188679,3.27816875));
#3139=CARTESIAN_POINT('Origin',(62.3699783364413,0.872116918866195,-5.86083125));
#3140=CARTESIAN_POINT('',(70.8699783364421,13.5135382751043,-5.86083125));
#3141=CARTESIAN_POINT('',(70.8699783364421,13.3721169188687,-5.86083125));
#3142=CARTESIAN_POINT('',(72.8699783364429,15.5135382751052,-5.86083125));
#3143=CARTESIAN_POINT('',(68.728556980204,11.3721169188662,-5.86083125));
#3144=CARTESIAN_POINT('',(75.0113996926795,13.3721169188687,-5.86083125));
#3145=CARTESIAN_POINT('',(72.8699783364429,15.5135382751052,-5.86083125));
#3146=CARTESIAN_POINT('',(75.0113996926795,13.3721169188687,-5.86083125));
#3147=CARTESIAN_POINT('',(74.8699783364422,16.372116918867,-5.86083125));
#3148=CARTESIAN_POINT('',(77.8699783364421,16.372116918867,-5.86083125));
#3149=CARTESIAN_POINT('',(74.8699783364422,16.372116918867,-5.86083125));
#3150=CARTESIAN_POINT('Origin',(47.8699783364397,-11.6278830811363,-5.86083125));
#3151=CARTESIAN_POINT('',(55.1199783364405,-11.6278830811363,-5.86083125));
#3152=CARTESIAN_POINT('',(47.8699783364397,-11.6278830811363,3.27816875));
#3153=CARTESIAN_POINT('',(47.8699783364397,-11.6278830811363,3.27816875));
#3154=CARTESIAN_POINT('',(47.8699783364397,-11.6278830811363,-5.86083125));
#3155=CARTESIAN_POINT('Origin',(47.8699783364397,-14.6278830811346,-5.86083125));
#3156=CARTESIAN_POINT('',(47.8699783364397,-14.6278830811346,3.27816875));
#3157=CARTESIAN_POINT('Origin',(46.8699783364401,-13.1278830811355,3.27816875));
#3158=CARTESIAN_POINT('Origin',(62.3699783364413,0.872116918866195,-5.86083125));
#3159=CARTESIAN_POINT('',(47.8699783364397,-7.62788308113464,-5.86083125));
#3160=CARTESIAN_POINT('',(47.8699783364397,-11.6278830811363,-5.86083125));
#3161=CARTESIAN_POINT('',(49.8699783364405,-7.62788308113464,-5.86083125));
#3162=CARTESIAN_POINT('',(47.8699783364397,-7.62788308113464,-5.86083125));
#3163=CARTESIAN_POINT('',(49.8699783364405,-4.62788308113464,-5.86083125));
#3164=CARTESIAN_POINT('',(49.8699783364405,-4.62788308113464,-5.86083125));
#3165=CARTESIAN_POINT('',(46.8699783364405,-4.62788308113464,-5.86083125));
#3166=CARTESIAN_POINT('',(46.8699783364405,-4.62788308113464,-5.86083125));
#3167=CARTESIAN_POINT('',(46.8699783364405,6.37211691886703,-5.86083125));
#3168=CARTESIAN_POINT('',(46.8699783364405,-14.6278830811346,-5.86083125));
#3169=CARTESIAN_POINT('',(49.8699783364405,6.37211691886703,-5.86083125));
#3170=CARTESIAN_POINT('',(46.8699783364405,6.37211691886703,-5.86083125));
#3171=CARTESIAN_POINT('',(49.8699783364405,9.23069556262971,-5.86083125));
#3172=CARTESIAN_POINT('',(49.8699783364405,6.37211691886703,-5.86083125));
#3173=CARTESIAN_POINT('',(49.7285569802032,9.37211691886702,-5.86083125));
#3174=CARTESIAN_POINT('',(51.8699783364413,7.23069556262889,-5.86083125));
#3175=CARTESIAN_POINT('',(47.8699783364397,9.37211691886702,-5.86083125));
#3176=CARTESIAN_POINT('',(49.7285569802032,9.37211691886702,-5.86083125));
#3177=CARTESIAN_POINT('',(47.8699783364397,11.2306955626305,-5.86083125));
#3178=CARTESIAN_POINT('',(47.8699783364397,9.37211691886702,-5.86083125));
#3179=CARTESIAN_POINT('',(47.8699783364397,11.2306955626305,-5.86083125));
#3180=CARTESIAN_POINT('Origin',(75.0113996926795,-11.6278830811363,-9.86083125));
#3181=CARTESIAN_POINT('',(72.8699783364429,-13.7693044373728,-9.86083125));
#3182=CARTESIAN_POINT('',(75.0113996926795,-11.6278830811363,-9.86083125));
#3183=CARTESIAN_POINT('Origin',(72.8699783364429,-13.7693044373728,-9.86083125));
#3184=CARTESIAN_POINT('',(70.8699783364421,-11.769304437372,-9.86083125));
#3185=CARTESIAN_POINT('Origin',(70.8699783364421,-11.769304437372,-9.86083125));
#3186=CARTESIAN_POINT('Origin',(74.8699783364422,-14.6278830811346,-9.86083125));
#3187=CARTESIAN_POINT('',(78.8699783364421,-14.6278830811346,-9.86083125));
#3188=CARTESIAN_POINT('Origin',(78.8699783364421,-14.6278830811346,-9.86083125));
#3189=CARTESIAN_POINT('Origin',(62.3699783364413,0.872116918866206,-7.86083125));
#3190=CARTESIAN_POINT('',(67.3699783364413,17.3721169188671,-7.86083125));
#3191=CARTESIAN_POINT('Origin',(67.3699783364413,-15.6278830811346,-9.86083125));
#3192=CARTESIAN_POINT('Origin',(53.8699783364405,-14.6278830811346,-9.86083125));
#3193=CARTESIAN_POINT('',(53.8699783364405,-11.6278830811363,-9.86083125));
#3194=CARTESIAN_POINT('Origin',(76.869978336443,-11.6278830811363,-9.86083125));
#3195=CARTESIAN_POINT('',(76.869978336443,-11.6278830811363,-9.86083125));
#3196=CARTESIAN_POINT('Origin',(76.869978336443,-9.76930443737278,-9.86083125));
#3197=CARTESIAN_POINT('',(76.869978336443,-9.76930443737278,-9.86083125));
#3198=CARTESIAN_POINT('Origin',(77.0113996926803,-9.62788308113548,-9.86083125));
#3199=CARTESIAN_POINT('',(77.0113996926803,-9.62788308113548,-9.86083125));
#3200=CARTESIAN_POINT('Origin',(76.869978336443,-9.48646172489816,-9.86083125));
#3201=CARTESIAN_POINT('',(76.869978336443,-9.48646172489816,-9.86083125));
#3202=CARTESIAN_POINT('Origin',(76.869978336443,-7.62788308113465,-9.86083125));
#3203=CARTESIAN_POINT('',(76.869978336443,-7.62788308113465,-9.86083125));
#3204=CARTESIAN_POINT('Origin',(75.0113996926795,-7.62788308113465,-9.86083125));
#3205=CARTESIAN_POINT('',(75.0113996926795,-7.62788308113465,-9.86083125));
#3206=CARTESIAN_POINT('Origin',(74.8699783364422,-7.48646172489733,-9.86083125));
#3207=CARTESIAN_POINT('',(74.8699783364422,-7.48646172489733,-9.86083125));
#3208=CARTESIAN_POINT('Origin',(74.8699783364422,-4.62788308113464,-9.86083125));
#3209=CARTESIAN_POINT('',(74.8699783364422,-4.62788308113464,-9.86083125));
#3210=CARTESIAN_POINT('Origin',(77.8699783364421,-4.62788308113464,-9.86083125));
#3211=CARTESIAN_POINT('Origin',(75.0113996926795,13.3721169188687,-9.86083125));
#3212=CARTESIAN_POINT('',(75.0113996926795,13.3721169188687,-9.86083125));
#3213=CARTESIAN_POINT('Origin',(72.8699783364429,15.5135382751052,-9.86083125));
#3214=CARTESIAN_POINT('',(72.8699783364429,15.5135382751052,-9.86083125));
#3215=CARTESIAN_POINT('Origin',(70.8699783364421,13.5135382751043,-9.86083125));
#3216=CARTESIAN_POINT('',(70.8699783364421,13.5135382751043,-9.86083125));
#3217=CARTESIAN_POINT('Origin',(70.8699783364421,16.372116918867,-9.86083125));
#3218=CARTESIAN_POINT('Origin',(47.8699783364397,11.2306955626305,-9.86083125));
#3219=CARTESIAN_POINT('',(47.8699783364397,11.2306955626305,-9.86083125));
#3220=CARTESIAN_POINT('Origin',(47.8699783364397,9.37211691886702,-9.86083125));
#3221=CARTESIAN_POINT('',(47.8699783364397,9.37211691886702,-9.86083125));
#3222=CARTESIAN_POINT('Origin',(49.7285569802032,9.37211691886702,-9.86083125));
#3223=CARTESIAN_POINT('',(49.7285569802032,9.37211691886702,-9.86083125));
#3224=CARTESIAN_POINT('Origin',(49.8699783364405,9.23069556262971,-9.86083125));
#3225=CARTESIAN_POINT('',(49.8699783364405,9.23069556262971,-9.86083125));
#3226=CARTESIAN_POINT('Origin',(49.8699783364405,6.37211691886703,-9.86083125));
#3227=CARTESIAN_POINT('',(49.8699783364405,6.37211691886703,-9.86083125));
#3228=CARTESIAN_POINT('Origin',(46.8699783364405,6.37211691886703,-9.86083125));
#3229=CARTESIAN_POINT('',(46.8699783364405,6.37211691886703,-9.86083125));
#3230=CARTESIAN_POINT('Origin',(46.8699783364405,-4.62788308113464,-9.86083125));
#3231=CARTESIAN_POINT('',(46.8699783364405,-4.62788308113464,-9.86083125));
#3232=CARTESIAN_POINT('Origin',(49.8699783364405,-4.62788308113464,-9.86083125));
#3233=CARTESIAN_POINT('',(49.8699783364405,-4.62788308113464,-9.86083125));
#3234=CARTESIAN_POINT('Origin',(49.8699783364405,-7.62788308113464,-9.86083125));
#3235=CARTESIAN_POINT('',(49.8699783364405,-7.62788308113464,-9.86083125));
#3236=CARTESIAN_POINT('Origin',(47.8699783364397,-7.62788308113464,-9.86083125));
#3237=CARTESIAN_POINT('',(47.8699783364397,-7.62788308113464,-9.86083125));
#3238=CARTESIAN_POINT('Origin',(47.8699783364397,-11.6278830811363,-9.86083125));
#3239=CARTESIAN_POINT('',(47.8699783364397,-11.6278830811363,-9.86083125));
#3240=CARTESIAN_POINT('Origin',(49.8699783364405,-11.6278830811363,-9.86083125));
#3241=CARTESIAN_POINT('',(49.8699783364405,-11.6278830811363,-9.86083125));
#3242=CARTESIAN_POINT('Origin',(51.8699783364397,-13.6278830811355,-9.86083125));
#3243=CARTESIAN_POINT('',(51.8699783364397,-13.6278830811355,-9.86083125));
#3244=CARTESIAN_POINT('Origin',(53.8699783364397,-11.6278830811355,-9.86083125));
#3245=CARTESIAN_POINT('Origin',(74.8699783364422,16.372116918867,-9.86083125));
#3246=CARTESIAN_POINT('',(74.8699783364422,16.372116918867,-9.86083125));
#3247=CARTESIAN_POINT('Origin',(78.8699783364421,16.372116918867,-9.86083125));
#3248=UNCERTAINTY_MEASURE_WITH_UNIT(LENGTH_MEASURE(0.01),#3252,
'DISTANCE_ACCURACY_VALUE',
'Maximum model space distance between geometric entities at asserted c
onnectivities');
#3249=UNCERTAINTY_MEASURE_WITH_UNIT(LENGTH_MEASURE(0.01),#3252,
'DISTANCE_ACCURACY_VALUE',
'Maximum model space distance between geometric entities at asserted c
onnectivities');
#3250=(
GEOMETRIC_REPRESENTATION_CONTEXT(3)
GLOBAL_UNCERTAINTY_ASSIGNED_CONTEXT((#3248))
GLOBAL_UNIT_ASSIGNED_CONTEXT((#3252,#3254,#3255))
REPRESENTATION_CONTEXT('','3D')
);
#3251=(
GEOMETRIC_REPRESENTATION_CONTEXT(3)
GLOBAL_UNCERTAINTY_ASSIGNED_CONTEXT((#3249))
GLOBAL_UNIT_ASSIGNED_CONTEXT((#3252,#3254,#3255))
REPRESENTATION_CONTEXT('','3D')
);
#3252=(
LENGTH_UNIT()
NAMED_UNIT(*)
SI_UNIT(.MILLI.,.METRE.)
);
#3253=(
LENGTH_UNIT()
NAMED_UNIT(*)
SI_UNIT($,.METRE.)
);
#3254=(
NAMED_UNIT(*)
PLANE_ANGLE_UNIT()
SI_UNIT($,.RADIAN.)
);
#3255=(
NAMED_UNIT(*)
SI_UNIT($,.STERADIAN.)
SOLID_ANGLE_UNIT()
);
#3256=SHAPE_DEFINITION_REPRESENTATION(#3257,#3258);
#3257=PRODUCT_DEFINITION_SHAPE('',$,#3260);
#3258=SHAPE_REPRESENTATION('',(#2030),#3250);
#3259=PRODUCT_DEFINITION_CONTEXT('part definition',#3264,'design');
#3260=PRODUCT_DEFINITION('2026-08-13-17-45-14-195',
'Face Button Structure',#3261,#3259);
#3261=PRODUCT_DEFINITION_FORMATION('',$,#3266);
#3262=PRODUCT_RELATED_PRODUCT_CATEGORY('Face Button Structure',
'Face Button Structure',(#3266));
#3263=APPLICATION_PROTOCOL_DEFINITION('international standard',
'automotive_design',2009,#3264);
#3264=APPLICATION_CONTEXT(
'Core Data for Automotive Mechanical Design Process');
#3265=PRODUCT_CONTEXT('part definition',#3264,'mechanical');
#3266=PRODUCT('2026-08-13-17-45-14-195','Face Button Structure',$,(#3265));
#3267=PRESENTATION_STYLE_ASSIGNMENT((#3268));
#3268=SURFACE_STYLE_USAGE(.BOTH.,#3269);
#3269=SURFACE_SIDE_STYLE('',(#3270));
#3270=SURFACE_STYLE_FILL_AREA(#3271);
#3271=FILL_AREA_STYLE('Steel - Satin',(#3272));
#3272=FILL_AREA_STYLE_COLOUR('Steel - Satin',#3273);
#3273=COLOUR_RGB('Steel - Satin',0.627450980392157,0.627450980392157,0.627450980392157);
ENDSEC;
END-ISO-10303-21;
