ISO-10303-21;
HEADER;
/* Generated by software containing ST-Developer
 * from STEP Tools, Inc. (www.steptools.com) 
 */

FILE_DESCRIPTION(
/* description */ (''),
/* implementation_level */ '2;1');

FILE_NAME(
/* name */ 'Face Button X.step',
/* time_stamp */ '2026-08-13T17:43:37+02:00',
/* author */ (''),
/* organization */ (''),
/* preprocessor_version */ 'ST-DEVELOPER v20.1',
/* originating_system */ 'Autodesk Translation Framework v15.8.0.0',
/* authorisation */ '');

FILE_SCHEMA (('AUTOMOTIVE_DESIGN { 1 0 10303 214 3 1 1 }'));
ENDSEC;

DATA;
#10=MECHANICAL_DESIGN_GEOMETRIC_PRESENTATION_REPRESENTATION('',(#13),#1988);
#11=SHAPE_REPRESENTATION_RELATIONSHIP('SRR','None',#1995,#12);
#12=ADVANCED_BREP_SHAPE_REPRESENTATION('',(#14),#1987);
#13=STYLED_ITEM('',(#2005),#14);
#14=MANIFOLD_SOLID_BREP('FaceButton (1)',#1223);
#15=CYLINDRICAL_SURFACE('',#1297,6.25);
#16=CYLINDRICAL_SURFACE('',#1301,6.25);
#17=CYLINDRICAL_SURFACE('',#1305,4.85);
#18=(
BOUNDED_CURVE()
B_SPLINE_CURVE(2,(#1868,#1869,#1870),.UNSPECIFIED.,.F.,.F.)
B_SPLINE_CURVE_WITH_KNOTS((3,3),(0.214882054925096,0.589505121001584),
 .UNSPECIFIED.)
CURVE()
GEOMETRIC_REPRESENTATION_ITEM()
RATIONAL_B_SPLINE_CURVE((1.74999999999825,2.35683232748434,2.80000000000069))
REPRESENTATION_ITEM('')
);
#19=(
BOUNDED_CURVE()
B_SPLINE_CURVE(2,(#1874,#1875,#1876),.UNSPECIFIED.,.F.,.F.)
B_SPLINE_CURVE_WITH_KNOTS((3,3),(2.6182978654675,2.99292093154399),
 .UNSPECIFIED.)
CURVE()
GEOMETRIC_REPRESENTATION_ITEM()
RATIONAL_B_SPLINE_CURVE((2.8000000000007,2.35683232748434,1.74999999999825))
REPRESENTATION_ITEM('')
);
#20=(
BOUNDED_CURVE()
B_SPLINE_CURVE(2,(#1895,#1896,#1897),.UNSPECIFIED.,.F.,.F.)
B_SPLINE_CURVE_WITH_KNOTS((3,3),(0.,0.0723390345543137),.UNSPECIFIED.)
CURVE()
GEOMETRIC_REPRESENTATION_ITEM()
RATIONAL_B_SPLINE_CURVE((1.,1.00095028722609,1.))
REPRESENTATION_ITEM('')
);
#21=(
BOUNDED_CURVE()
B_SPLINE_CURVE(2,(#1901,#1902,#1903),.UNSPECIFIED.,.F.,.F.)
B_SPLINE_CURVE_WITH_KNOTS((3,3),(0.,0.0723390345543138),.UNSPECIFIED.)
CURVE()
GEOMETRIC_REPRESENTATION_ITEM()
RATIONAL_B_SPLINE_CURVE((1.,1.00095028723209,1.))
REPRESENTATION_ITEM('')
);
#22=(
BOUNDED_CURVE()
B_SPLINE_CURVE(2,(#1911,#1912,#1913),.UNSPECIFIED.,.F.,.F.)
B_SPLINE_CURVE_WITH_KNOTS((3,3),(0.,0.0723390345543137),.UNSPECIFIED.)
CURVE()
GEOMETRIC_REPRESENTATION_ITEM()
RATIONAL_B_SPLINE_CURVE((1.,1.00095028723074,1.))
REPRESENTATION_ITEM('')
);
#23=(
BOUNDED_CURVE()
B_SPLINE_CURVE(2,(#1917,#1918,#1919),.UNSPECIFIED.,.F.,.F.)
B_SPLINE_CURVE_WITH_KNOTS((3,3),(0.,0.0723390345543137),.UNSPECIFIED.)
CURVE()
GEOMETRIC_REPRESENTATION_ITEM()
RATIONAL_B_SPLINE_CURVE((1.,1.00095028722991,1.))
REPRESENTATION_ITEM('')
);
#24=FACE_BOUND('',#156,.T.);
#25=FACE_BOUND('',#210,.T.);
#26=PLANE('',#1240);
#27=PLANE('',#1244);
#28=PLANE('',#1245);
#29=PLANE('',#1246);
#30=PLANE('',#1247);
#31=PLANE('',#1248);
#32=PLANE('',#1249);
#33=PLANE('',#1250);
#34=PLANE('',#1251);
#35=PLANE('',#1252);
#36=PLANE('',#1253);
#37=PLANE('',#1254);
#38=PLANE('',#1255);
#39=PLANE('',#1256);
#40=PLANE('',#1257);
#41=PLANE('',#1258);
#42=PLANE('',#1259);
#43=PLANE('',#1260);
#44=PLANE('',#1261);
#45=PLANE('',#1262);
#46=PLANE('',#1263);
#47=PLANE('',#1264);
#48=PLANE('',#1265);
#49=PLANE('',#1266);
#50=PLANE('',#1267);
#51=PLANE('',#1268);
#52=PLANE('',#1269);
#53=PLANE('',#1270);
#54=PLANE('',#1271);
#55=PLANE('',#1272);
#56=PLANE('',#1273);
#57=PLANE('',#1274);
#58=PLANE('',#1275);
#59=PLANE('',#1276);
#60=PLANE('',#1277);
#61=PLANE('',#1278);
#62=PLANE('',#1279);
#63=PLANE('',#1280);
#64=PLANE('',#1281);
#65=PLANE('',#1282);
#66=PLANE('',#1283);
#67=PLANE('',#1284);
#68=PLANE('',#1285);
#69=PLANE('',#1286);
#70=PLANE('',#1287);
#71=PLANE('',#1288);
#72=PLANE('',#1292);
#73=PLANE('',#1302);
#74=PLANE('',#1304);
#75=PLANE('',#1306);
#76=PLANE('',#1307);
#77=PLANE('',#1308);
#78=PLANE('',#1309);
#79=PLANE('',#1310);
#80=PLANE('',#1311);
#81=PLANE('',#1312);
#82=PLANE('',#1313);
#83=PLANE('',#1314);
#84=PLANE('',#1315);
#85=PLANE('',#1316);
#86=FACE_OUTER_BOUND('',#154,.T.);
#87=FACE_OUTER_BOUND('',#155,.T.);
#88=FACE_OUTER_BOUND('',#157,.T.);
#89=FACE_OUTER_BOUND('',#158,.T.);
#90=FACE_OUTER_BOUND('',#159,.T.);
#91=FACE_OUTER_BOUND('',#160,.T.);
#92=FACE_OUTER_BOUND('',#161,.T.);
#93=FACE_OUTER_BOUND('',#162,.T.);
#94=FACE_OUTER_BOUND('',#163,.T.);
#95=FACE_OUTER_BOUND('',#164,.T.);
#96=FACE_OUTER_BOUND('',#165,.T.);
#97=FACE_OUTER_BOUND('',#166,.T.);
#98=FACE_OUTER_BOUND('',#167,.T.);
#99=FACE_OUTER_BOUND('',#168,.T.);
#100=FACE_OUTER_BOUND('',#169,.T.);
#101=FACE_OUTER_BOUND('',#170,.T.);
#102=FACE_OUTER_BOUND('',#171,.T.);
#103=FACE_OUTER_BOUND('',#172,.T.);
#104=FACE_OUTER_BOUND('',#173,.T.);
#105=FACE_OUTER_BOUND('',#174,.T.);
#106=FACE_OUTER_BOUND('',#175,.T.);
#107=FACE_OUTER_BOUND('',#176,.T.);
#108=FACE_OUTER_BOUND('',#177,.T.);
#109=FACE_OUTER_BOUND('',#178,.T.);
#110=FACE_OUTER_BOUND('',#179,.T.);
#111=FACE_OUTER_BOUND('',#180,.T.);
#112=FACE_OUTER_BOUND('',#181,.T.);
#113=FACE_OUTER_BOUND('',#182,.T.);
#114=FACE_OUTER_BOUND('',#183,.T.);
#115=FACE_OUTER_BOUND('',#184,.T.);
#116=FACE_OUTER_BOUND('',#185,.T.);
#117=FACE_OUTER_BOUND('',#186,.T.);
#118=FACE_OUTER_BOUND('',#187,.T.);
#119=FACE_OUTER_BOUND('',#188,.T.);
#120=FACE_OUTER_BOUND('',#189,.T.);
#121=FACE_OUTER_BOUND('',#190,.T.);
#122=FACE_OUTER_BOUND('',#191,.T.);
#123=FACE_OUTER_BOUND('',#192,.T.);
#124=FACE_OUTER_BOUND('',#193,.T.);
#125=FACE_OUTER_BOUND('',#194,.T.);
#126=FACE_OUTER_BOUND('',#195,.T.);
#127=FACE_OUTER_BOUND('',#196,.T.);
#128=FACE_OUTER_BOUND('',#197,.T.);
#129=FACE_OUTER_BOUND('',#198,.T.);
#130=FACE_OUTER_BOUND('',#199,.T.);
#131=FACE_OUTER_BOUND('',#200,.T.);
#132=FACE_OUTER_BOUND('',#201,.T.);
#133=FACE_OUTER_BOUND('',#202,.T.);
#134=FACE_OUTER_BOUND('',#203,.T.);
#135=FACE_OUTER_BOUND('',#204,.T.);
#136=FACE_OUTER_BOUND('',#205,.T.);
#137=FACE_OUTER_BOUND('',#206,.T.);
#138=FACE_OUTER_BOUND('',#207,.T.);
#139=FACE_OUTER_BOUND('',#208,.T.);
#140=FACE_OUTER_BOUND('',#209,.T.);
#141=FACE_OUTER_BOUND('',#211,.T.);
#142=FACE_OUTER_BOUND('',#212,.T.);
#143=FACE_OUTER_BOUND('',#213,.T.);
#144=FACE_OUTER_BOUND('',#214,.T.);
#145=FACE_OUTER_BOUND('',#215,.T.);
#146=FACE_OUTER_BOUND('',#216,.T.);
#147=FACE_OUTER_BOUND('',#217,.T.);
#148=FACE_OUTER_BOUND('',#218,.T.);
#149=FACE_OUTER_BOUND('',#219,.T.);
#150=FACE_OUTER_BOUND('',#220,.T.);
#151=FACE_OUTER_BOUND('',#221,.T.);
#152=FACE_OUTER_BOUND('',#222,.T.);
#153=FACE_OUTER_BOUND('',#223,.T.);
#154=EDGE_LOOP('',(#812,#813,#814,#815));
#155=EDGE_LOOP('',(#816));
#156=EDGE_LOOP('',(#817,#818,#819,#820,#821,#822,#823,#824,#825,#826,#827,
#828,#829,#830,#831,#832,#833,#834,#835,#836,#837,#838));
#157=EDGE_LOOP('',(#839,#840,#841,#842,#843));
#158=EDGE_LOOP('',(#844,#845,#846,#847));
#159=EDGE_LOOP('',(#848,#849,#850,#851));
#160=EDGE_LOOP('',(#852,#853,#854,#855));
#161=EDGE_LOOP('',(#856,#857,#858,#859));
#162=EDGE_LOOP('',(#860,#861,#862,#863));
#163=EDGE_LOOP('',(#864,#865,#866,#867));
#164=EDGE_LOOP('',(#868,#869,#870,#871));
#165=EDGE_LOOP('',(#872,#873,#874,#875));
#166=EDGE_LOOP('',(#876,#877,#878,#879));
#167=EDGE_LOOP('',(#880,#881,#882,#883));
#168=EDGE_LOOP('',(#884,#885,#886,#887));
#169=EDGE_LOOP('',(#888,#889,#890,#891));
#170=EDGE_LOOP('',(#892,#893,#894,#895));
#171=EDGE_LOOP('',(#896,#897,#898,#899));
#172=EDGE_LOOP('',(#900,#901,#902,#903));
#173=EDGE_LOOP('',(#904,#905,#906,#907));
#174=EDGE_LOOP('',(#908,#909,#910,#911));
#175=EDGE_LOOP('',(#912,#913,#914,#915));
#176=EDGE_LOOP('',(#916,#917,#918,#919));
#177=EDGE_LOOP('',(#920,#921,#922,#923));
#178=EDGE_LOOP('',(#924,#925,#926,#927));
#179=EDGE_LOOP('',(#928,#929,#930,#931));
#180=EDGE_LOOP('',(#932,#933,#934,#935));
#181=EDGE_LOOP('',(#936,#937,#938,#939));
#182=EDGE_LOOP('',(#940,#941,#942,#943));
#183=EDGE_LOOP('',(#944,#945,#946,#947));
#184=EDGE_LOOP('',(#948,#949,#950,#951));
#185=EDGE_LOOP('',(#952,#953,#954,#955));
#186=EDGE_LOOP('',(#956,#957,#958,#959));
#187=EDGE_LOOP('',(#960,#961,#962,#963));
#188=EDGE_LOOP('',(#964,#965,#966,#967));
#189=EDGE_LOOP('',(#968,#969,#970,#971));
#190=EDGE_LOOP('',(#972,#973,#974,#975));
#191=EDGE_LOOP('',(#976,#977,#978,#979));
#192=EDGE_LOOP('',(#980,#981,#982,#983));
#193=EDGE_LOOP('',(#984,#985,#986,#987));
#194=EDGE_LOOP('',(#988,#989,#990,#991));
#195=EDGE_LOOP('',(#992,#993,#994,#995));
#196=EDGE_LOOP('',(#996,#997,#998,#999));
#197=EDGE_LOOP('',(#1000,#1001,#1002,#1003));
#198=EDGE_LOOP('',(#1004,#1005,#1006,#1007));
#199=EDGE_LOOP('',(#1008,#1009,#1010,#1011));
#200=EDGE_LOOP('',(#1012,#1013,#1014,#1015));
#201=EDGE_LOOP('',(#1016,#1017,#1018,#1019));
#202=EDGE_LOOP('',(#1020,#1021,#1022,#1023,#1024,#1025,#1026,#1027,#1028,
#1029,#1030,#1031,#1032,#1033,#1034,#1035,#1036,#1037,#1038,#1039,#1040,
#1041));
#203=EDGE_LOOP('',(#1042,#1043,#1044,#1045));
#204=EDGE_LOOP('',(#1046,#1047,#1048,#1049,#1050,#1051,#1052,#1053));
#205=EDGE_LOOP('',(#1054,#1055,#1056,#1057));
#206=EDGE_LOOP('',(#1058,#1059,#1060,#1061));
#207=EDGE_LOOP('',(#1062,#1063,#1064,#1065));
#208=EDGE_LOOP('',(#1066,#1067,#1068,#1069));
#209=EDGE_LOOP('',(#1070,#1071,#1072,#1073,#1074,#1075,#1076,#1077,#1078,
#1079));
#210=EDGE_LOOP('',(#1080));
#211=EDGE_LOOP('',(#1081,#1082,#1083,#1084,#1085,#1086,#1087,#1088));
#212=EDGE_LOOP('',(#1089,#1090,#1091,#1092,#1093));
#213=EDGE_LOOP('',(#1094,#1095,#1096,#1097,#1098,#1099,#1100,#1101));
#214=EDGE_LOOP('',(#1102,#1103,#1104,#1105,#1106));
#215=EDGE_LOOP('',(#1107,#1108,#1109,#1110,#1111));
#216=EDGE_LOOP('',(#1112,#1113,#1114,#1115));
#217=EDGE_LOOP('',(#1116,#1117,#1118,#1119));
#218=EDGE_LOOP('',(#1120,#1121,#1122,#1123,#1124,#1125,#1126));
#219=EDGE_LOOP('',(#1127,#1128,#1129,#1130));
#220=EDGE_LOOP('',(#1131,#1132,#1133,#1134));
#221=EDGE_LOOP('',(#1135,#1136,#1137,#1138,#1139,#1140,#1141));
#222=EDGE_LOOP('',(#1142,#1143,#1144,#1145));
#223=EDGE_LOOP('',(#1146,#1147,#1148,#1149));
#224=LINE('',#1635,#375);
#225=LINE('',#1640,#376);
#226=LINE('',#1642,#377);
#227=LINE('',#1644,#378);
#228=LINE('',#1646,#379);
#229=LINE('',#1648,#380);
#230=LINE('',#1650,#381);
#231=LINE('',#1652,#382);
#232=LINE('',#1654,#383);
#233=LINE('',#1656,#384);
#234=LINE('',#1658,#385);
#235=LINE('',#1660,#386);
#236=LINE('',#1662,#387);
#237=LINE('',#1664,#388);
#238=LINE('',#1666,#389);
#239=LINE('',#1668,#390);
#240=LINE('',#1670,#391);
#241=LINE('',#1672,#392);
#242=LINE('',#1674,#393);
#243=LINE('',#1676,#394);
#244=LINE('',#1678,#395);
#245=LINE('',#1680,#396);
#246=LINE('',#1681,#397);
#247=LINE('',#1684,#398);
#248=LINE('',#1690,#399);
#249=LINE('',#1692,#400);
#250=LINE('',#1693,#401);
#251=LINE('',#1696,#402);
#252=LINE('',#1697,#403);
#253=LINE('',#1700,#404);
#254=LINE('',#1701,#405);
#255=LINE('',#1704,#406);
#256=LINE('',#1705,#407);
#257=LINE('',#1708,#408);
#258=LINE('',#1709,#409);
#259=LINE('',#1712,#410);
#260=LINE('',#1713,#411);
#261=LINE('',#1716,#412);
#262=LINE('',#1717,#413);
#263=LINE('',#1720,#414);
#264=LINE('',#1721,#415);
#265=LINE('',#1724,#416);
#266=LINE('',#1725,#417);
#267=LINE('',#1728,#418);
#268=LINE('',#1729,#419);
#269=LINE('',#1732,#420);
#270=LINE('',#1734,#421);
#271=LINE('',#1735,#422);
#272=LINE('',#1738,#423);
#273=LINE('',#1739,#424);
#274=LINE('',#1741,#425);
#275=LINE('',#1744,#426);
#276=LINE('',#1745,#427);
#277=LINE('',#1748,#428);
#278=LINE('',#1749,#429);
#279=LINE('',#1752,#430);
#280=LINE('',#1753,#431);
#281=LINE('',#1756,#432);
#282=LINE('',#1757,#433);
#283=LINE('',#1760,#434);
#284=LINE('',#1761,#435);
#285=LINE('',#1764,#436);
#286=LINE('',#1765,#437);
#287=LINE('',#1768,#438);
#288=LINE('',#1769,#439);
#289=LINE('',#1772,#440);
#290=LINE('',#1773,#441);
#291=LINE('',#1775,#442);
#292=LINE('',#1778,#443);
#293=LINE('',#1780,#444);
#294=LINE('',#1781,#445);
#295=LINE('',#1784,#446);
#296=LINE('',#1785,#447);
#297=LINE('',#1788,#448);
#298=LINE('',#1789,#449);
#299=LINE('',#1792,#450);
#300=LINE('',#1793,#451);
#301=LINE('',#1796,#452);
#302=LINE('',#1797,#453);
#303=LINE('',#1800,#454);
#304=LINE('',#1801,#455);
#305=LINE('',#1804,#456);
#306=LINE('',#1805,#457);
#307=LINE('',#1808,#458);
#308=LINE('',#1809,#459);
#309=LINE('',#1812,#460);
#310=LINE('',#1813,#461);
#311=LINE('',#1816,#462);
#312=LINE('',#1817,#463);
#313=LINE('',#1820,#464);
#314=LINE('',#1821,#465);
#315=LINE('',#1824,#466);
#316=LINE('',#1825,#467);
#317=LINE('',#1828,#468);
#318=LINE('',#1829,#469);
#319=LINE('',#1832,#470);
#320=LINE('',#1833,#471);
#321=LINE('',#1836,#472);
#322=LINE('',#1837,#473);
#323=LINE('',#1840,#474);
#324=LINE('',#1841,#475);
#325=LINE('',#1844,#476);
#326=LINE('',#1845,#477);
#327=LINE('',#1848,#478);
#328=LINE('',#1849,#479);
#329=LINE('',#1852,#480);
#330=LINE('',#1853,#481);
#331=LINE('',#1856,#482);
#332=LINE('',#1857,#483);
#333=LINE('',#1860,#484);
#334=LINE('',#1861,#485);
#335=LINE('',#1863,#486);
#336=LINE('',#1880,#487);
#337=LINE('',#1882,#488);
#338=LINE('',#1884,#489);
#339=LINE('',#1886,#490);
#340=LINE('',#1890,#491);
#341=LINE('',#1891,#492);
#342=LINE('',#1906,#493);
#343=LINE('',#1907,#494);
#344=LINE('',#1922,#495);
#345=LINE('',#1923,#496);
#346=LINE('',#1926,#497);
#347=LINE('',#1928,#498);
#348=LINE('',#1930,#499);
#349=LINE('',#1931,#500);
#350=LINE('',#1933,#501);
#351=LINE('',#1935,#502);
#352=LINE('',#1937,#503);
#353=LINE('',#1938,#504);
#354=LINE('',#1943,#505);
#355=LINE('',#1945,#506);
#356=LINE('',#1946,#507);
#357=LINE('',#1948,#508);
#358=LINE('',#1951,#509);
#359=LINE('',#1953,#510);
#360=LINE('',#1954,#511);
#361=LINE('',#1958,#512);
#362=LINE('',#1960,#513);
#363=LINE('',#1961,#514);
#364=LINE('',#1962,#515);
#365=LINE('',#1965,#516);
#366=LINE('',#1967,#517);
#367=LINE('',#1969,#518);
#368=LINE('',#1970,#519);
#369=LINE('',#1972,#520);
#370=LINE('',#1974,#521);
#371=LINE('',#1976,#522);
#372=LINE('',#1978,#523);
#373=LINE('',#1980,#524);
#374=LINE('',#1983,#525);
#375=VECTOR('',#1323,4.13535533905933);
#376=VECTOR('',#1328,10.);
#377=VECTOR('',#1329,10.);
#378=VECTOR('',#1330,10.);
#379=VECTOR('',#1331,10.);
#380=VECTOR('',#1332,10.);
#381=VECTOR('',#1333,10.);
#382=VECTOR('',#1334,10.);
#383=VECTOR('',#1335,10.);
#384=VECTOR('',#1336,10.);
#385=VECTOR('',#1337,10.);
#386=VECTOR('',#1338,10.);
#387=VECTOR('',#1339,10.);
#388=VECTOR('',#1340,10.);
#389=VECTOR('',#1341,10.);
#390=VECTOR('',#1342,10.);
#391=VECTOR('',#1343,10.);
#392=VECTOR('',#1344,10.);
#393=VECTOR('',#1345,10.);
#394=VECTOR('',#1346,10.);
#395=VECTOR('',#1347,10.);
#396=VECTOR('',#1348,10.);
#397=VECTOR('',#1349,10.);
#398=VECTOR('',#1352,4.5);
#399=VECTOR('',#1359,10.);
#400=VECTOR('',#1360,10.);
#401=VECTOR('',#1361,10.);
#402=VECTOR('',#1364,10.);
#403=VECTOR('',#1365,10.);
#404=VECTOR('',#1368,10.);
#405=VECTOR('',#1369,10.);
#406=VECTOR('',#1372,10.);
#407=VECTOR('',#1373,10.);
#408=VECTOR('',#1376,10.);
#409=VECTOR('',#1377,10.);
#410=VECTOR('',#1380,10.);
#411=VECTOR('',#1381,10.);
#412=VECTOR('',#1384,10.);
#413=VECTOR('',#1385,10.);
#414=VECTOR('',#1388,10.);
#415=VECTOR('',#1389,10.);
#416=VECTOR('',#1392,10.);
#417=VECTOR('',#1393,10.);
#418=VECTOR('',#1396,10.);
#419=VECTOR('',#1397,10.);
#420=VECTOR('',#1400,10.);
#421=VECTOR('',#1401,10.);
#422=VECTOR('',#1402,10.);
#423=VECTOR('',#1405,10.);
#424=VECTOR('',#1406,10.);
#425=VECTOR('',#1409,10.);
#426=VECTOR('',#1412,10.);
#427=VECTOR('',#1413,10.);
#428=VECTOR('',#1416,10.);
#429=VECTOR('',#1417,10.);
#430=VECTOR('',#1420,10.);
#431=VECTOR('',#1421,10.);
#432=VECTOR('',#1424,10.);
#433=VECTOR('',#1425,10.);
#434=VECTOR('',#1428,10.);
#435=VECTOR('',#1429,10.);
#436=VECTOR('',#1432,10.);
#437=VECTOR('',#1433,10.);
#438=VECTOR('',#1436,10.);
#439=VECTOR('',#1437,10.);
#440=VECTOR('',#1440,10.);
#441=VECTOR('',#1441,10.);
#442=VECTOR('',#1444,10.);
#443=VECTOR('',#1447,10.);
#444=VECTOR('',#1448,10.);
#445=VECTOR('',#1449,10.);
#446=VECTOR('',#1452,10.);
#447=VECTOR('',#1453,10.);
#448=VECTOR('',#1456,10.);
#449=VECTOR('',#1457,10.);
#450=VECTOR('',#1460,10.);
#451=VECTOR('',#1461,10.);
#452=VECTOR('',#1464,10.);
#453=VECTOR('',#1465,10.);
#454=VECTOR('',#1468,10.);
#455=VECTOR('',#1469,10.);
#456=VECTOR('',#1472,10.);
#457=VECTOR('',#1473,10.);
#458=VECTOR('',#1476,10.);
#459=VECTOR('',#1477,10.);
#460=VECTOR('',#1480,10.);
#461=VECTOR('',#1481,10.);
#462=VECTOR('',#1484,10.);
#463=VECTOR('',#1485,10.);
#464=VECTOR('',#1488,10.);
#465=VECTOR('',#1489,10.);
#466=VECTOR('',#1492,10.);
#467=VECTOR('',#1493,10.);
#468=VECTOR('',#1496,10.);
#469=VECTOR('',#1497,10.);
#470=VECTOR('',#1500,10.);
#471=VECTOR('',#1501,10.);
#472=VECTOR('',#1504,10.);
#473=VECTOR('',#1505,10.);
#474=VECTOR('',#1508,10.);
#475=VECTOR('',#1509,10.);
#476=VECTOR('',#1512,10.);
#477=VECTOR('',#1513,10.);
#478=VECTOR('',#1516,10.);
#479=VECTOR('',#1517,10.);
#480=VECTOR('',#1520,10.);
#481=VECTOR('',#1521,10.);
#482=VECTOR('',#1524,10.);
#483=VECTOR('',#1525,10.);
#484=VECTOR('',#1528,10.);
#485=VECTOR('',#1529,10.);
#486=VECTOR('',#1532,10.);
#487=VECTOR('',#1543,10.);
#488=VECTOR('',#1544,10.);
#489=VECTOR('',#1545,10.);
#490=VECTOR('',#1546,10.);
#491=VECTOR('',#1549,10.);
#492=VECTOR('',#1550,10.);
#493=VECTOR('',#1559,10.);
#494=VECTOR('',#1560,10.);
#495=VECTOR('',#1569,10.);
#496=VECTOR('',#1570,10.);
#497=VECTOR('',#1573,10.);
#498=VECTOR('',#1574,10.);
#499=VECTOR('',#1575,10.);
#500=VECTOR('',#1576,10.);
#501=VECTOR('',#1577,10.);
#502=VECTOR('',#1578,10.);
#503=VECTOR('',#1579,10.);
#504=VECTOR('',#1580,10.);
#505=VECTOR('',#1585,10.);
#506=VECTOR('',#1586,10.);
#507=VECTOR('',#1587,10.);
#508=VECTOR('',#1590,4.85);
#509=VECTOR('',#1593,10.);
#510=VECTOR('',#1594,10.);
#511=VECTOR('',#1595,10.);
#512=VECTOR('',#1598,10.);
#513=VECTOR('',#1599,10.);
#514=VECTOR('',#1600,10.);
#515=VECTOR('',#1601,10.);
#516=VECTOR('',#1604,10.);
#517=VECTOR('',#1605,10.);
#518=VECTOR('',#1606,10.);
#519=VECTOR('',#1607,10.);
#520=VECTOR('',#1610,10.);
#521=VECTOR('',#1613,10.);
#522=VECTOR('',#1616,10.);
#523=VECTOR('',#1619,10.);
#524=VECTOR('',#1622,10.);
#525=VECTOR('',#1627,10.);
#526=CIRCLE('',#1238,4.22071067811866);
#527=CIRCLE('',#1239,4.05);
#528=CIRCLE('',#1242,4.85);
#529=CIRCLE('',#1243,4.85);
#530=CIRCLE('',#1290,6.25);
#531=CIRCLE('',#1291,3.25);
#532=CIRCLE('',#1293,6.25);
#533=CIRCLE('',#1295,6.25);
#534=CIRCLE('',#1296,5.75);
#535=CIRCLE('',#1299,6.25);
#536=CIRCLE('',#1300,5.75);
#537=CIRCLE('',#1303,4.85);
#538=VERTEX_POINT('',#1632);
#539=VERTEX_POINT('',#1634);
#540=VERTEX_POINT('',#1638);
#541=VERTEX_POINT('',#1639);
#542=VERTEX_POINT('',#1641);
#543=VERTEX_POINT('',#1643);
#544=VERTEX_POINT('',#1645);
#545=VERTEX_POINT('',#1647);
#546=VERTEX_POINT('',#1649);
#547=VERTEX_POINT('',#1651);
#548=VERTEX_POINT('',#1653);
#549=VERTEX_POINT('',#1655);
#550=VERTEX_POINT('',#1657);
#551=VERTEX_POINT('',#1659);
#552=VERTEX_POINT('',#1661);
#553=VERTEX_POINT('',#1663);
#554=VERTEX_POINT('',#1665);
#555=VERTEX_POINT('',#1667);
#556=VERTEX_POINT('',#1669);
#557=VERTEX_POINT('',#1671);
#558=VERTEX_POINT('',#1673);
#559=VERTEX_POINT('',#1675);
#560=VERTEX_POINT('',#1677);
#561=VERTEX_POINT('',#1679);
#562=VERTEX_POINT('',#1683);
#563=VERTEX_POINT('',#1685);
#564=VERTEX_POINT('',#1689);
#565=VERTEX_POINT('',#1691);
#566=VERTEX_POINT('',#1695);
#567=VERTEX_POINT('',#1699);
#568=VERTEX_POINT('',#1703);
#569=VERTEX_POINT('',#1707);
#570=VERTEX_POINT('',#1711);
#571=VERTEX_POINT('',#1715);
#572=VERTEX_POINT('',#1719);
#573=VERTEX_POINT('',#1723);
#574=VERTEX_POINT('',#1727);
#575=VERTEX_POINT('',#1731);
#576=VERTEX_POINT('',#1733);
#577=VERTEX_POINT('',#1737);
#578=VERTEX_POINT('',#1743);
#579=VERTEX_POINT('',#1747);
#580=VERTEX_POINT('',#1751);
#581=VERTEX_POINT('',#1755);
#582=VERTEX_POINT('',#1759);
#583=VERTEX_POINT('',#1763);
#584=VERTEX_POINT('',#1767);
#585=VERTEX_POINT('',#1771);
#586=VERTEX_POINT('',#1777);
#587=VERTEX_POINT('',#1779);
#588=VERTEX_POINT('',#1783);
#589=VERTEX_POINT('',#1787);
#590=VERTEX_POINT('',#1791);
#591=VERTEX_POINT('',#1795);
#592=VERTEX_POINT('',#1799);
#593=VERTEX_POINT('',#1803);
#594=VERTEX_POINT('',#1807);
#595=VERTEX_POINT('',#1811);
#596=VERTEX_POINT('',#1815);
#597=VERTEX_POINT('',#1819);
#598=VERTEX_POINT('',#1823);
#599=VERTEX_POINT('',#1827);
#600=VERTEX_POINT('',#1831);
#601=VERTEX_POINT('',#1835);
#602=VERTEX_POINT('',#1839);
#603=VERTEX_POINT('',#1843);
#604=VERTEX_POINT('',#1847);
#605=VERTEX_POINT('',#1851);
#606=VERTEX_POINT('',#1855);
#607=VERTEX_POINT('',#1859);
#608=VERTEX_POINT('',#1866);
#609=VERTEX_POINT('',#1867);
#610=VERTEX_POINT('',#1871);
#611=VERTEX_POINT('',#1873);
#612=VERTEX_POINT('',#1879);
#613=VERTEX_POINT('',#1881);
#614=VERTEX_POINT('',#1883);
#615=VERTEX_POINT('',#1885);
#616=VERTEX_POINT('',#1887);
#617=VERTEX_POINT('',#1889);
#618=VERTEX_POINT('',#1893);
#619=VERTEX_POINT('',#1894);
#620=VERTEX_POINT('',#1898);
#621=VERTEX_POINT('',#1900);
#622=VERTEX_POINT('',#1909);
#623=VERTEX_POINT('',#1910);
#624=VERTEX_POINT('',#1914);
#625=VERTEX_POINT('',#1916);
#626=VERTEX_POINT('',#1925);
#627=VERTEX_POINT('',#1927);
#628=VERTEX_POINT('',#1929);
#629=VERTEX_POINT('',#1932);
#630=VERTEX_POINT('',#1934);
#631=VERTEX_POINT('',#1936);
#632=VERTEX_POINT('',#1939);
#633=VERTEX_POINT('',#1942);
#634=VERTEX_POINT('',#1944);
#635=VERTEX_POINT('',#1950);
#636=VERTEX_POINT('',#1952);
#637=VERTEX_POINT('',#1956);
#638=VERTEX_POINT('',#1957);
#639=VERTEX_POINT('',#1959);
#640=VERTEX_POINT('',#1964);
#641=VERTEX_POINT('',#1966);
#642=VERTEX_POINT('',#1968);
#643=EDGE_CURVE('',#538,#538,#526,.T.);
#644=EDGE_CURVE('',#538,#539,#224,.T.);
#645=EDGE_CURVE('',#539,#539,#527,.T.);
#646=EDGE_CURVE('',#540,#541,#225,.T.);
#647=EDGE_CURVE('',#542,#540,#226,.T.);
#648=EDGE_CURVE('',#543,#542,#227,.T.);
#649=EDGE_CURVE('',#544,#543,#228,.T.);
#650=EDGE_CURVE('',#545,#544,#229,.T.);
#651=EDGE_CURVE('',#546,#545,#230,.T.);
#652=EDGE_CURVE('',#547,#546,#231,.T.);
#653=EDGE_CURVE('',#548,#547,#232,.T.);
#654=EDGE_CURVE('',#549,#548,#233,.T.);
#655=EDGE_CURVE('',#550,#549,#234,.T.);
#656=EDGE_CURVE('',#551,#550,#235,.T.);
#657=EDGE_CURVE('',#552,#551,#236,.T.);
#658=EDGE_CURVE('',#553,#552,#237,.T.);
#659=EDGE_CURVE('',#554,#553,#238,.T.);
#660=EDGE_CURVE('',#555,#554,#239,.T.);
#661=EDGE_CURVE('',#556,#555,#240,.T.);
#662=EDGE_CURVE('',#557,#556,#241,.T.);
#663=EDGE_CURVE('',#558,#557,#242,.T.);
#664=EDGE_CURVE('',#559,#558,#243,.T.);
#665=EDGE_CURVE('',#560,#559,#244,.T.);
#666=EDGE_CURVE('',#561,#560,#245,.T.);
#667=EDGE_CURVE('',#541,#561,#246,.T.);
#668=EDGE_CURVE('',#538,#562,#247,.T.);
#669=EDGE_CURVE('',#562,#563,#528,.T.);
#670=EDGE_CURVE('',#563,#562,#529,.T.);
#671=EDGE_CURVE('',#551,#564,#248,.T.);
#672=EDGE_CURVE('',#564,#565,#249,.T.);
#673=EDGE_CURVE('',#552,#565,#250,.T.);
#674=EDGE_CURVE('',#550,#566,#251,.T.);
#675=EDGE_CURVE('',#566,#564,#252,.T.);
#676=EDGE_CURVE('',#549,#567,#253,.T.);
#677=EDGE_CURVE('',#567,#566,#254,.T.);
#678=EDGE_CURVE('',#548,#568,#255,.T.);
#679=EDGE_CURVE('',#568,#567,#256,.T.);
#680=EDGE_CURVE('',#547,#569,#257,.T.);
#681=EDGE_CURVE('',#569,#568,#258,.T.);
#682=EDGE_CURVE('',#546,#570,#259,.T.);
#683=EDGE_CURVE('',#570,#569,#260,.T.);
#684=EDGE_CURVE('',#545,#571,#261,.T.);
#685=EDGE_CURVE('',#571,#570,#262,.T.);
#686=EDGE_CURVE('',#544,#572,#263,.T.);
#687=EDGE_CURVE('',#572,#571,#264,.T.);
#688=EDGE_CURVE('',#543,#573,#265,.T.);
#689=EDGE_CURVE('',#573,#572,#266,.T.);
#690=EDGE_CURVE('',#542,#574,#267,.T.);
#691=EDGE_CURVE('',#574,#573,#268,.T.);
#692=EDGE_CURVE('',#541,#575,#269,.T.);
#693=EDGE_CURVE('',#575,#576,#270,.T.);
#694=EDGE_CURVE('',#576,#540,#271,.T.);
#695=EDGE_CURVE('',#577,#575,#272,.T.);
#696=EDGE_CURVE('',#561,#577,#273,.T.);
#697=EDGE_CURVE('',#576,#574,#274,.T.);
#698=EDGE_CURVE('',#578,#577,#275,.T.);
#699=EDGE_CURVE('',#560,#578,#276,.T.);
#700=EDGE_CURVE('',#579,#578,#277,.T.);
#701=EDGE_CURVE('',#559,#579,#278,.T.);
#702=EDGE_CURVE('',#580,#579,#279,.T.);
#703=EDGE_CURVE('',#558,#580,#280,.T.);
#704=EDGE_CURVE('',#581,#580,#281,.T.);
#705=EDGE_CURVE('',#557,#581,#282,.T.);
#706=EDGE_CURVE('',#582,#581,#283,.T.);
#707=EDGE_CURVE('',#556,#582,#284,.T.);
#708=EDGE_CURVE('',#583,#582,#285,.T.);
#709=EDGE_CURVE('',#555,#583,#286,.T.);
#710=EDGE_CURVE('',#584,#583,#287,.T.);
#711=EDGE_CURVE('',#554,#584,#288,.T.);
#712=EDGE_CURVE('',#585,#584,#289,.T.);
#713=EDGE_CURVE('',#553,#585,#290,.T.);
#714=EDGE_CURVE('',#565,#585,#291,.T.);
#715=EDGE_CURVE('',#566,#586,#292,.T.);
#716=EDGE_CURVE('',#586,#587,#293,.T.);
#717=EDGE_CURVE('',#564,#587,#294,.T.);
#718=EDGE_CURVE('',#567,#588,#295,.T.);
#719=EDGE_CURVE('',#588,#586,#296,.T.);
#720=EDGE_CURVE('',#568,#589,#297,.T.);
#721=EDGE_CURVE('',#589,#588,#298,.T.);
#722=EDGE_CURVE('',#569,#590,#299,.T.);
#723=EDGE_CURVE('',#590,#589,#300,.T.);
#724=EDGE_CURVE('',#570,#591,#301,.T.);
#725=EDGE_CURVE('',#591,#590,#302,.T.);
#726=EDGE_CURVE('',#571,#592,#303,.T.);
#727=EDGE_CURVE('',#592,#591,#304,.T.);
#728=EDGE_CURVE('',#572,#593,#305,.T.);
#729=EDGE_CURVE('',#593,#592,#306,.T.);
#730=EDGE_CURVE('',#573,#594,#307,.T.);
#731=EDGE_CURVE('',#594,#593,#308,.T.);
#732=EDGE_CURVE('',#574,#595,#309,.T.);
#733=EDGE_CURVE('',#595,#594,#310,.T.);
#734=EDGE_CURVE('',#576,#596,#311,.T.);
#735=EDGE_CURVE('',#596,#595,#312,.T.);
#736=EDGE_CURVE('',#575,#597,#313,.T.);
#737=EDGE_CURVE('',#597,#596,#314,.T.);
#738=EDGE_CURVE('',#577,#598,#315,.T.);
#739=EDGE_CURVE('',#598,#597,#316,.T.);
#740=EDGE_CURVE('',#578,#599,#317,.T.);
#741=EDGE_CURVE('',#599,#598,#318,.T.);
#742=EDGE_CURVE('',#579,#600,#319,.T.);
#743=EDGE_CURVE('',#600,#599,#320,.T.);
#744=EDGE_CURVE('',#580,#601,#321,.T.);
#745=EDGE_CURVE('',#601,#600,#322,.T.);
#746=EDGE_CURVE('',#581,#602,#323,.T.);
#747=EDGE_CURVE('',#602,#601,#324,.T.);
#748=EDGE_CURVE('',#582,#603,#325,.T.);
#749=EDGE_CURVE('',#603,#602,#326,.T.);
#750=EDGE_CURVE('',#583,#604,#327,.T.);
#751=EDGE_CURVE('',#604,#603,#328,.T.);
#752=EDGE_CURVE('',#584,#605,#329,.T.);
#753=EDGE_CURVE('',#605,#604,#330,.T.);
#754=EDGE_CURVE('',#585,#606,#331,.T.);
#755=EDGE_CURVE('',#606,#605,#332,.T.);
#756=EDGE_CURVE('',#565,#607,#333,.T.);
#757=EDGE_CURVE('',#607,#606,#334,.T.);
#758=EDGE_CURVE('',#587,#607,#335,.T.);
#759=EDGE_CURVE('',#608,#609,#18,.F.);
#760=EDGE_CURVE('',#609,#610,#530,.T.);
#761=EDGE_CURVE('',#611,#610,#19,.T.);
#762=EDGE_CURVE('',#611,#608,#531,.T.);
#763=EDGE_CURVE('',#608,#612,#336,.T.);
#764=EDGE_CURVE('',#613,#611,#337,.T.);
#765=EDGE_CURVE('',#614,#613,#338,.T.);
#766=EDGE_CURVE('',#615,#614,#339,.T.);
#767=EDGE_CURVE('',#615,#616,#532,.T.);
#768=EDGE_CURVE('',#617,#616,#340,.T.);
#769=EDGE_CURVE('',#612,#617,#341,.T.);
#770=EDGE_CURVE('',#618,#619,#20,.F.);
#771=EDGE_CURVE('',#619,#620,#533,.T.);
#772=EDGE_CURVE('',#620,#621,#21,.F.);
#773=EDGE_CURVE('',#621,#618,#534,.T.);
#774=EDGE_CURVE('',#616,#619,#342,.T.);
#775=EDGE_CURVE('',#620,#615,#343,.T.);
#776=EDGE_CURVE('',#622,#623,#22,.F.);
#777=EDGE_CURVE('',#623,#624,#535,.T.);
#778=EDGE_CURVE('',#624,#625,#23,.F.);
#779=EDGE_CURVE('',#625,#622,#536,.T.);
#780=EDGE_CURVE('',#624,#609,#344,.T.);
#781=EDGE_CURVE('',#610,#623,#345,.T.);
#782=EDGE_CURVE('',#621,#626,#346,.T.);
#783=EDGE_CURVE('',#627,#626,#347,.T.);
#784=EDGE_CURVE('',#628,#627,#348,.T.);
#785=EDGE_CURVE('',#628,#622,#349,.T.);
#786=EDGE_CURVE('',#625,#629,#350,.T.);
#787=EDGE_CURVE('',#630,#629,#351,.T.);
#788=EDGE_CURVE('',#631,#630,#352,.T.);
#789=EDGE_CURVE('',#631,#618,#353,.T.);
#790=EDGE_CURVE('',#632,#632,#537,.T.);
#791=EDGE_CURVE('',#612,#633,#354,.T.);
#792=EDGE_CURVE('',#633,#634,#355,.T.);
#793=EDGE_CURVE('',#629,#634,#356,.T.);
#794=EDGE_CURVE('',#632,#563,#357,.T.);
#795=EDGE_CURVE('',#628,#635,#358,.T.);
#796=EDGE_CURVE('',#635,#636,#359,.T.);
#797=EDGE_CURVE('',#613,#636,#360,.T.);
#798=EDGE_CURVE('',#637,#638,#361,.T.);
#799=EDGE_CURVE('',#639,#637,#362,.T.);
#800=EDGE_CURVE('',#634,#639,#363,.T.);
#801=EDGE_CURVE('',#638,#633,#364,.T.);
#802=EDGE_CURVE('',#640,#635,#365,.T.);
#803=EDGE_CURVE('',#641,#640,#366,.T.);
#804=EDGE_CURVE('',#642,#641,#367,.T.);
#805=EDGE_CURVE('',#636,#642,#368,.T.);
#806=EDGE_CURVE('',#630,#639,#369,.T.);
#807=EDGE_CURVE('',#614,#642,#370,.T.);
#808=EDGE_CURVE('',#626,#641,#371,.T.);
#809=EDGE_CURVE('',#617,#638,#372,.T.);
#810=EDGE_CURVE('',#631,#637,#373,.T.);
#811=EDGE_CURVE('',#627,#640,#374,.T.);
#812=ORIENTED_EDGE('',*,*,#643,.T.);
#813=ORIENTED_EDGE('',*,*,#644,.T.);
#814=ORIENTED_EDGE('',*,*,#645,.T.);
#815=ORIENTED_EDGE('',*,*,#644,.F.);
#816=ORIENTED_EDGE('',*,*,#645,.F.);
#817=ORIENTED_EDGE('',*,*,#646,.F.);
#818=ORIENTED_EDGE('',*,*,#647,.F.);
#819=ORIENTED_EDGE('',*,*,#648,.F.);
#820=ORIENTED_EDGE('',*,*,#649,.F.);
#821=ORIENTED_EDGE('',*,*,#650,.F.);
#822=ORIENTED_EDGE('',*,*,#651,.F.);
#823=ORIENTED_EDGE('',*,*,#652,.F.);
#824=ORIENTED_EDGE('',*,*,#653,.F.);
#825=ORIENTED_EDGE('',*,*,#654,.F.);
#826=ORIENTED_EDGE('',*,*,#655,.F.);
#827=ORIENTED_EDGE('',*,*,#656,.F.);
#828=ORIENTED_EDGE('',*,*,#657,.F.);
#829=ORIENTED_EDGE('',*,*,#658,.F.);
#830=ORIENTED_EDGE('',*,*,#659,.F.);
#831=ORIENTED_EDGE('',*,*,#660,.F.);
#832=ORIENTED_EDGE('',*,*,#661,.F.);
#833=ORIENTED_EDGE('',*,*,#662,.F.);
#834=ORIENTED_EDGE('',*,*,#663,.F.);
#835=ORIENTED_EDGE('',*,*,#664,.F.);
#836=ORIENTED_EDGE('',*,*,#665,.F.);
#837=ORIENTED_EDGE('',*,*,#666,.F.);
#838=ORIENTED_EDGE('',*,*,#667,.F.);
#839=ORIENTED_EDGE('',*,*,#643,.F.);
#840=ORIENTED_EDGE('',*,*,#668,.T.);
#841=ORIENTED_EDGE('',*,*,#669,.T.);
#842=ORIENTED_EDGE('',*,*,#670,.T.);
#843=ORIENTED_EDGE('',*,*,#668,.F.);
#844=ORIENTED_EDGE('',*,*,#657,.T.);
#845=ORIENTED_EDGE('',*,*,#671,.T.);
#846=ORIENTED_EDGE('',*,*,#672,.T.);
#847=ORIENTED_EDGE('',*,*,#673,.F.);
#848=ORIENTED_EDGE('',*,*,#656,.T.);
#849=ORIENTED_EDGE('',*,*,#674,.T.);
#850=ORIENTED_EDGE('',*,*,#675,.T.);
#851=ORIENTED_EDGE('',*,*,#671,.F.);
#852=ORIENTED_EDGE('',*,*,#655,.T.);
#853=ORIENTED_EDGE('',*,*,#676,.T.);
#854=ORIENTED_EDGE('',*,*,#677,.T.);
#855=ORIENTED_EDGE('',*,*,#674,.F.);
#856=ORIENTED_EDGE('',*,*,#654,.T.);
#857=ORIENTED_EDGE('',*,*,#678,.T.);
#858=ORIENTED_EDGE('',*,*,#679,.T.);
#859=ORIENTED_EDGE('',*,*,#676,.F.);
#860=ORIENTED_EDGE('',*,*,#653,.T.);
#861=ORIENTED_EDGE('',*,*,#680,.T.);
#862=ORIENTED_EDGE('',*,*,#681,.T.);
#863=ORIENTED_EDGE('',*,*,#678,.F.);
#864=ORIENTED_EDGE('',*,*,#652,.T.);
#865=ORIENTED_EDGE('',*,*,#682,.T.);
#866=ORIENTED_EDGE('',*,*,#683,.T.);
#867=ORIENTED_EDGE('',*,*,#680,.F.);
#868=ORIENTED_EDGE('',*,*,#651,.T.);
#869=ORIENTED_EDGE('',*,*,#684,.T.);
#870=ORIENTED_EDGE('',*,*,#685,.T.);
#871=ORIENTED_EDGE('',*,*,#682,.F.);
#872=ORIENTED_EDGE('',*,*,#650,.T.);
#873=ORIENTED_EDGE('',*,*,#686,.T.);
#874=ORIENTED_EDGE('',*,*,#687,.T.);
#875=ORIENTED_EDGE('',*,*,#684,.F.);
#876=ORIENTED_EDGE('',*,*,#649,.T.);
#877=ORIENTED_EDGE('',*,*,#688,.T.);
#878=ORIENTED_EDGE('',*,*,#689,.T.);
#879=ORIENTED_EDGE('',*,*,#686,.F.);
#880=ORIENTED_EDGE('',*,*,#648,.T.);
#881=ORIENTED_EDGE('',*,*,#690,.T.);
#882=ORIENTED_EDGE('',*,*,#691,.T.);
#883=ORIENTED_EDGE('',*,*,#688,.F.);
#884=ORIENTED_EDGE('',*,*,#646,.T.);
#885=ORIENTED_EDGE('',*,*,#692,.T.);
#886=ORIENTED_EDGE('',*,*,#693,.T.);
#887=ORIENTED_EDGE('',*,*,#694,.T.);
#888=ORIENTED_EDGE('',*,*,#695,.T.);
#889=ORIENTED_EDGE('',*,*,#692,.F.);
#890=ORIENTED_EDGE('',*,*,#667,.T.);
#891=ORIENTED_EDGE('',*,*,#696,.T.);
#892=ORIENTED_EDGE('',*,*,#647,.T.);
#893=ORIENTED_EDGE('',*,*,#694,.F.);
#894=ORIENTED_EDGE('',*,*,#697,.T.);
#895=ORIENTED_EDGE('',*,*,#690,.F.);
#896=ORIENTED_EDGE('',*,*,#698,.T.);
#897=ORIENTED_EDGE('',*,*,#696,.F.);
#898=ORIENTED_EDGE('',*,*,#666,.T.);
#899=ORIENTED_EDGE('',*,*,#699,.T.);
#900=ORIENTED_EDGE('',*,*,#700,.T.);
#901=ORIENTED_EDGE('',*,*,#699,.F.);
#902=ORIENTED_EDGE('',*,*,#665,.T.);
#903=ORIENTED_EDGE('',*,*,#701,.T.);
#904=ORIENTED_EDGE('',*,*,#702,.T.);
#905=ORIENTED_EDGE('',*,*,#701,.F.);
#906=ORIENTED_EDGE('',*,*,#664,.T.);
#907=ORIENTED_EDGE('',*,*,#703,.T.);
#908=ORIENTED_EDGE('',*,*,#704,.T.);
#909=ORIENTED_EDGE('',*,*,#703,.F.);
#910=ORIENTED_EDGE('',*,*,#663,.T.);
#911=ORIENTED_EDGE('',*,*,#705,.T.);
#912=ORIENTED_EDGE('',*,*,#706,.T.);
#913=ORIENTED_EDGE('',*,*,#705,.F.);
#914=ORIENTED_EDGE('',*,*,#662,.T.);
#915=ORIENTED_EDGE('',*,*,#707,.T.);
#916=ORIENTED_EDGE('',*,*,#708,.T.);
#917=ORIENTED_EDGE('',*,*,#707,.F.);
#918=ORIENTED_EDGE('',*,*,#661,.T.);
#919=ORIENTED_EDGE('',*,*,#709,.T.);
#920=ORIENTED_EDGE('',*,*,#710,.T.);
#921=ORIENTED_EDGE('',*,*,#709,.F.);
#922=ORIENTED_EDGE('',*,*,#660,.T.);
#923=ORIENTED_EDGE('',*,*,#711,.T.);
#924=ORIENTED_EDGE('',*,*,#712,.T.);
#925=ORIENTED_EDGE('',*,*,#711,.F.);
#926=ORIENTED_EDGE('',*,*,#659,.T.);
#927=ORIENTED_EDGE('',*,*,#713,.T.);
#928=ORIENTED_EDGE('',*,*,#714,.T.);
#929=ORIENTED_EDGE('',*,*,#713,.F.);
#930=ORIENTED_EDGE('',*,*,#658,.T.);
#931=ORIENTED_EDGE('',*,*,#673,.T.);
#932=ORIENTED_EDGE('',*,*,#675,.F.);
#933=ORIENTED_EDGE('',*,*,#715,.T.);
#934=ORIENTED_EDGE('',*,*,#716,.T.);
#935=ORIENTED_EDGE('',*,*,#717,.F.);
#936=ORIENTED_EDGE('',*,*,#677,.F.);
#937=ORIENTED_EDGE('',*,*,#718,.T.);
#938=ORIENTED_EDGE('',*,*,#719,.T.);
#939=ORIENTED_EDGE('',*,*,#715,.F.);
#940=ORIENTED_EDGE('',*,*,#679,.F.);
#941=ORIENTED_EDGE('',*,*,#720,.T.);
#942=ORIENTED_EDGE('',*,*,#721,.T.);
#943=ORIENTED_EDGE('',*,*,#718,.F.);
#944=ORIENTED_EDGE('',*,*,#681,.F.);
#945=ORIENTED_EDGE('',*,*,#722,.T.);
#946=ORIENTED_EDGE('',*,*,#723,.T.);
#947=ORIENTED_EDGE('',*,*,#720,.F.);
#948=ORIENTED_EDGE('',*,*,#683,.F.);
#949=ORIENTED_EDGE('',*,*,#724,.T.);
#950=ORIENTED_EDGE('',*,*,#725,.T.);
#951=ORIENTED_EDGE('',*,*,#722,.F.);
#952=ORIENTED_EDGE('',*,*,#685,.F.);
#953=ORIENTED_EDGE('',*,*,#726,.T.);
#954=ORIENTED_EDGE('',*,*,#727,.T.);
#955=ORIENTED_EDGE('',*,*,#724,.F.);
#956=ORIENTED_EDGE('',*,*,#687,.F.);
#957=ORIENTED_EDGE('',*,*,#728,.T.);
#958=ORIENTED_EDGE('',*,*,#729,.T.);
#959=ORIENTED_EDGE('',*,*,#726,.F.);
#960=ORIENTED_EDGE('',*,*,#689,.F.);
#961=ORIENTED_EDGE('',*,*,#730,.T.);
#962=ORIENTED_EDGE('',*,*,#731,.T.);
#963=ORIENTED_EDGE('',*,*,#728,.F.);
#964=ORIENTED_EDGE('',*,*,#691,.F.);
#965=ORIENTED_EDGE('',*,*,#732,.T.);
#966=ORIENTED_EDGE('',*,*,#733,.T.);
#967=ORIENTED_EDGE('',*,*,#730,.F.);
#968=ORIENTED_EDGE('',*,*,#697,.F.);
#969=ORIENTED_EDGE('',*,*,#734,.T.);
#970=ORIENTED_EDGE('',*,*,#735,.T.);
#971=ORIENTED_EDGE('',*,*,#732,.F.);
#972=ORIENTED_EDGE('',*,*,#693,.F.);
#973=ORIENTED_EDGE('',*,*,#736,.T.);
#974=ORIENTED_EDGE('',*,*,#737,.T.);
#975=ORIENTED_EDGE('',*,*,#734,.F.);
#976=ORIENTED_EDGE('',*,*,#695,.F.);
#977=ORIENTED_EDGE('',*,*,#738,.T.);
#978=ORIENTED_EDGE('',*,*,#739,.T.);
#979=ORIENTED_EDGE('',*,*,#736,.F.);
#980=ORIENTED_EDGE('',*,*,#698,.F.);
#981=ORIENTED_EDGE('',*,*,#740,.T.);
#982=ORIENTED_EDGE('',*,*,#741,.T.);
#983=ORIENTED_EDGE('',*,*,#738,.F.);
#984=ORIENTED_EDGE('',*,*,#700,.F.);
#985=ORIENTED_EDGE('',*,*,#742,.T.);
#986=ORIENTED_EDGE('',*,*,#743,.T.);
#987=ORIENTED_EDGE('',*,*,#740,.F.);
#988=ORIENTED_EDGE('',*,*,#702,.F.);
#989=ORIENTED_EDGE('',*,*,#744,.T.);
#990=ORIENTED_EDGE('',*,*,#745,.T.);
#991=ORIENTED_EDGE('',*,*,#742,.F.);
#992=ORIENTED_EDGE('',*,*,#704,.F.);
#993=ORIENTED_EDGE('',*,*,#746,.T.);
#994=ORIENTED_EDGE('',*,*,#747,.T.);
#995=ORIENTED_EDGE('',*,*,#744,.F.);
#996=ORIENTED_EDGE('',*,*,#706,.F.);
#997=ORIENTED_EDGE('',*,*,#748,.T.);
#998=ORIENTED_EDGE('',*,*,#749,.T.);
#999=ORIENTED_EDGE('',*,*,#746,.F.);
#1000=ORIENTED_EDGE('',*,*,#708,.F.);
#1001=ORIENTED_EDGE('',*,*,#750,.T.);
#1002=ORIENTED_EDGE('',*,*,#751,.T.);
#1003=ORIENTED_EDGE('',*,*,#748,.F.);
#1004=ORIENTED_EDGE('',*,*,#710,.F.);
#1005=ORIENTED_EDGE('',*,*,#752,.T.);
#1006=ORIENTED_EDGE('',*,*,#753,.T.);
#1007=ORIENTED_EDGE('',*,*,#750,.F.);
#1008=ORIENTED_EDGE('',*,*,#712,.F.);
#1009=ORIENTED_EDGE('',*,*,#754,.T.);
#1010=ORIENTED_EDGE('',*,*,#755,.T.);
#1011=ORIENTED_EDGE('',*,*,#752,.F.);
#1012=ORIENTED_EDGE('',*,*,#714,.F.);
#1013=ORIENTED_EDGE('',*,*,#756,.T.);
#1014=ORIENTED_EDGE('',*,*,#757,.T.);
#1015=ORIENTED_EDGE('',*,*,#754,.F.);
#1016=ORIENTED_EDGE('',*,*,#672,.F.);
#1017=ORIENTED_EDGE('',*,*,#717,.T.);
#1018=ORIENTED_EDGE('',*,*,#758,.T.);
#1019=ORIENTED_EDGE('',*,*,#756,.F.);
#1020=ORIENTED_EDGE('',*,*,#735,.F.);
#1021=ORIENTED_EDGE('',*,*,#737,.F.);
#1022=ORIENTED_EDGE('',*,*,#739,.F.);
#1023=ORIENTED_EDGE('',*,*,#741,.F.);
#1024=ORIENTED_EDGE('',*,*,#743,.F.);
#1025=ORIENTED_EDGE('',*,*,#745,.F.);
#1026=ORIENTED_EDGE('',*,*,#747,.F.);
#1027=ORIENTED_EDGE('',*,*,#749,.F.);
#1028=ORIENTED_EDGE('',*,*,#751,.F.);
#1029=ORIENTED_EDGE('',*,*,#753,.F.);
#1030=ORIENTED_EDGE('',*,*,#755,.F.);
#1031=ORIENTED_EDGE('',*,*,#757,.F.);
#1032=ORIENTED_EDGE('',*,*,#758,.F.);
#1033=ORIENTED_EDGE('',*,*,#716,.F.);
#1034=ORIENTED_EDGE('',*,*,#719,.F.);
#1035=ORIENTED_EDGE('',*,*,#721,.F.);
#1036=ORIENTED_EDGE('',*,*,#723,.F.);
#1037=ORIENTED_EDGE('',*,*,#725,.F.);
#1038=ORIENTED_EDGE('',*,*,#727,.F.);
#1039=ORIENTED_EDGE('',*,*,#729,.F.);
#1040=ORIENTED_EDGE('',*,*,#731,.F.);
#1041=ORIENTED_EDGE('',*,*,#733,.F.);
#1042=ORIENTED_EDGE('',*,*,#759,.T.);
#1043=ORIENTED_EDGE('',*,*,#760,.T.);
#1044=ORIENTED_EDGE('',*,*,#761,.F.);
#1045=ORIENTED_EDGE('',*,*,#762,.T.);
#1046=ORIENTED_EDGE('',*,*,#763,.F.);
#1047=ORIENTED_EDGE('',*,*,#762,.F.);
#1048=ORIENTED_EDGE('',*,*,#764,.F.);
#1049=ORIENTED_EDGE('',*,*,#765,.F.);
#1050=ORIENTED_EDGE('',*,*,#766,.F.);
#1051=ORIENTED_EDGE('',*,*,#767,.T.);
#1052=ORIENTED_EDGE('',*,*,#768,.F.);
#1053=ORIENTED_EDGE('',*,*,#769,.F.);
#1054=ORIENTED_EDGE('',*,*,#770,.T.);
#1055=ORIENTED_EDGE('',*,*,#771,.T.);
#1056=ORIENTED_EDGE('',*,*,#772,.T.);
#1057=ORIENTED_EDGE('',*,*,#773,.T.);
#1058=ORIENTED_EDGE('',*,*,#771,.F.);
#1059=ORIENTED_EDGE('',*,*,#774,.F.);
#1060=ORIENTED_EDGE('',*,*,#767,.F.);
#1061=ORIENTED_EDGE('',*,*,#775,.F.);
#1062=ORIENTED_EDGE('',*,*,#776,.T.);
#1063=ORIENTED_EDGE('',*,*,#777,.T.);
#1064=ORIENTED_EDGE('',*,*,#778,.T.);
#1065=ORIENTED_EDGE('',*,*,#779,.T.);
#1066=ORIENTED_EDGE('',*,*,#760,.F.);
#1067=ORIENTED_EDGE('',*,*,#780,.F.);
#1068=ORIENTED_EDGE('',*,*,#777,.F.);
#1069=ORIENTED_EDGE('',*,*,#781,.F.);
#1070=ORIENTED_EDGE('',*,*,#782,.T.);
#1071=ORIENTED_EDGE('',*,*,#783,.F.);
#1072=ORIENTED_EDGE('',*,*,#784,.F.);
#1073=ORIENTED_EDGE('',*,*,#785,.T.);
#1074=ORIENTED_EDGE('',*,*,#779,.F.);
#1075=ORIENTED_EDGE('',*,*,#786,.T.);
#1076=ORIENTED_EDGE('',*,*,#787,.F.);
#1077=ORIENTED_EDGE('',*,*,#788,.F.);
#1078=ORIENTED_EDGE('',*,*,#789,.T.);
#1079=ORIENTED_EDGE('',*,*,#773,.F.);
#1080=ORIENTED_EDGE('',*,*,#790,.T.);
#1081=ORIENTED_EDGE('',*,*,#780,.T.);
#1082=ORIENTED_EDGE('',*,*,#759,.F.);
#1083=ORIENTED_EDGE('',*,*,#763,.T.);
#1084=ORIENTED_EDGE('',*,*,#791,.T.);
#1085=ORIENTED_EDGE('',*,*,#792,.T.);
#1086=ORIENTED_EDGE('',*,*,#793,.F.);
#1087=ORIENTED_EDGE('',*,*,#786,.F.);
#1088=ORIENTED_EDGE('',*,*,#778,.F.);
#1089=ORIENTED_EDGE('',*,*,#790,.F.);
#1090=ORIENTED_EDGE('',*,*,#794,.T.);
#1091=ORIENTED_EDGE('',*,*,#669,.F.);
#1092=ORIENTED_EDGE('',*,*,#670,.F.);
#1093=ORIENTED_EDGE('',*,*,#794,.F.);
#1094=ORIENTED_EDGE('',*,*,#764,.T.);
#1095=ORIENTED_EDGE('',*,*,#761,.T.);
#1096=ORIENTED_EDGE('',*,*,#781,.T.);
#1097=ORIENTED_EDGE('',*,*,#776,.F.);
#1098=ORIENTED_EDGE('',*,*,#785,.F.);
#1099=ORIENTED_EDGE('',*,*,#795,.T.);
#1100=ORIENTED_EDGE('',*,*,#796,.T.);
#1101=ORIENTED_EDGE('',*,*,#797,.F.);
#1102=ORIENTED_EDGE('',*,*,#798,.F.);
#1103=ORIENTED_EDGE('',*,*,#799,.F.);
#1104=ORIENTED_EDGE('',*,*,#800,.F.);
#1105=ORIENTED_EDGE('',*,*,#792,.F.);
#1106=ORIENTED_EDGE('',*,*,#801,.F.);
#1107=ORIENTED_EDGE('',*,*,#802,.F.);
#1108=ORIENTED_EDGE('',*,*,#803,.F.);
#1109=ORIENTED_EDGE('',*,*,#804,.F.);
#1110=ORIENTED_EDGE('',*,*,#805,.F.);
#1111=ORIENTED_EDGE('',*,*,#796,.F.);
#1112=ORIENTED_EDGE('',*,*,#800,.T.);
#1113=ORIENTED_EDGE('',*,*,#806,.F.);
#1114=ORIENTED_EDGE('',*,*,#787,.T.);
#1115=ORIENTED_EDGE('',*,*,#793,.T.);
#1116=ORIENTED_EDGE('',*,*,#805,.T.);
#1117=ORIENTED_EDGE('',*,*,#807,.F.);
#1118=ORIENTED_EDGE('',*,*,#765,.T.);
#1119=ORIENTED_EDGE('',*,*,#797,.T.);
#1120=ORIENTED_EDGE('',*,*,#766,.T.);
#1121=ORIENTED_EDGE('',*,*,#807,.T.);
#1122=ORIENTED_EDGE('',*,*,#804,.T.);
#1123=ORIENTED_EDGE('',*,*,#808,.F.);
#1124=ORIENTED_EDGE('',*,*,#782,.F.);
#1125=ORIENTED_EDGE('',*,*,#772,.F.);
#1126=ORIENTED_EDGE('',*,*,#775,.T.);
#1127=ORIENTED_EDGE('',*,*,#801,.T.);
#1128=ORIENTED_EDGE('',*,*,#791,.F.);
#1129=ORIENTED_EDGE('',*,*,#769,.T.);
#1130=ORIENTED_EDGE('',*,*,#809,.T.);
#1131=ORIENTED_EDGE('',*,*,#799,.T.);
#1132=ORIENTED_EDGE('',*,*,#810,.F.);
#1133=ORIENTED_EDGE('',*,*,#788,.T.);
#1134=ORIENTED_EDGE('',*,*,#806,.T.);
#1135=ORIENTED_EDGE('',*,*,#774,.T.);
#1136=ORIENTED_EDGE('',*,*,#770,.F.);
#1137=ORIENTED_EDGE('',*,*,#789,.F.);
#1138=ORIENTED_EDGE('',*,*,#810,.T.);
#1139=ORIENTED_EDGE('',*,*,#798,.T.);
#1140=ORIENTED_EDGE('',*,*,#809,.F.);
#1141=ORIENTED_EDGE('',*,*,#768,.T.);
#1142=ORIENTED_EDGE('',*,*,#803,.T.);
#1143=ORIENTED_EDGE('',*,*,#811,.F.);
#1144=ORIENTED_EDGE('',*,*,#783,.T.);
#1145=ORIENTED_EDGE('',*,*,#808,.T.);
#1146=ORIENTED_EDGE('',*,*,#802,.T.);
#1147=ORIENTED_EDGE('',*,*,#795,.F.);
#1148=ORIENTED_EDGE('',*,*,#784,.T.);
#1149=ORIENTED_EDGE('',*,*,#811,.T.);
#1150=CONICAL_SURFACE('',#1237,4.13535533905933,1.17809724509617);
#1151=CONICAL_SURFACE('',#1241,4.5,0.785398163397449);
#1152=CONICAL_SURFACE('',#1289,4.75,0.785398163397448);
#1153=CONICAL_SURFACE('',#1294,6.,0.785398163397448);
#1154=CONICAL_SURFACE('',#1298,6.,0.785398163397448);
#1155=ADVANCED_FACE('',(#86),#1150,.T.);
#1156=ADVANCED_FACE('',(#87,#24),#26,.T.);
#1157=ADVANCED_FACE('',(#88),#1151,.T.);
#1158=ADVANCED_FACE('',(#89),#27,.T.);
#1159=ADVANCED_FACE('',(#90),#28,.T.);
#1160=ADVANCED_FACE('',(#91),#29,.T.);
#1161=ADVANCED_FACE('',(#92),#30,.T.);
#1162=ADVANCED_FACE('',(#93),#31,.T.);
#1163=ADVANCED_FACE('',(#94),#32,.T.);
#1164=ADVANCED_FACE('',(#95),#33,.T.);
#1165=ADVANCED_FACE('',(#96),#34,.T.);
#1166=ADVANCED_FACE('',(#97),#35,.T.);
#1167=ADVANCED_FACE('',(#98),#36,.T.);
#1168=ADVANCED_FACE('',(#99),#37,.T.);
#1169=ADVANCED_FACE('',(#100),#38,.T.);
#1170=ADVANCED_FACE('',(#101),#39,.T.);
#1171=ADVANCED_FACE('',(#102),#40,.T.);
#1172=ADVANCED_FACE('',(#103),#41,.T.);
#1173=ADVANCED_FACE('',(#104),#42,.T.);
#1174=ADVANCED_FACE('',(#105),#43,.T.);
#1175=ADVANCED_FACE('',(#106),#44,.T.);
#1176=ADVANCED_FACE('',(#107),#45,.T.);
#1177=ADVANCED_FACE('',(#108),#46,.T.);
#1178=ADVANCED_FACE('',(#109),#47,.T.);
#1179=ADVANCED_FACE('',(#110),#48,.T.);
#1180=ADVANCED_FACE('',(#111),#49,.F.);
#1181=ADVANCED_FACE('',(#112),#50,.F.);
#1182=ADVANCED_FACE('',(#113),#51,.F.);
#1183=ADVANCED_FACE('',(#114),#52,.F.);
#1184=ADVANCED_FACE('',(#115),#53,.F.);
#1185=ADVANCED_FACE('',(#116),#54,.F.);
#1186=ADVANCED_FACE('',(#117),#55,.F.);
#1187=ADVANCED_FACE('',(#118),#56,.F.);
#1188=ADVANCED_FACE('',(#119),#57,.F.);
#1189=ADVANCED_FACE('',(#120),#58,.F.);
#1190=ADVANCED_FACE('',(#121),#59,.F.);
#1191=ADVANCED_FACE('',(#122),#60,.F.);
#1192=ADVANCED_FACE('',(#123),#61,.F.);
#1193=ADVANCED_FACE('',(#124),#62,.F.);
#1194=ADVANCED_FACE('',(#125),#63,.F.);
#1195=ADVANCED_FACE('',(#126),#64,.F.);
#1196=ADVANCED_FACE('',(#127),#65,.F.);
#1197=ADVANCED_FACE('',(#128),#66,.F.);
#1198=ADVANCED_FACE('',(#129),#67,.F.);
#1199=ADVANCED_FACE('',(#130),#68,.F.);
#1200=ADVANCED_FACE('',(#131),#69,.F.);
#1201=ADVANCED_FACE('',(#132),#70,.F.);
#1202=ADVANCED_FACE('',(#133),#71,.F.);
#1203=ADVANCED_FACE('',(#134),#1152,.T.);
#1204=ADVANCED_FACE('',(#135),#72,.T.);
#1205=ADVANCED_FACE('',(#136),#1153,.T.);
#1206=ADVANCED_FACE('',(#137),#15,.T.);
#1207=ADVANCED_FACE('',(#138),#1154,.T.);
#1208=ADVANCED_FACE('',(#139),#16,.T.);
#1209=ADVANCED_FACE('',(#140,#25),#73,.F.);
#1210=ADVANCED_FACE('',(#141),#74,.T.);
#1211=ADVANCED_FACE('',(#142),#17,.T.);
#1212=ADVANCED_FACE('',(#143),#75,.T.);
#1213=ADVANCED_FACE('',(#144),#76,.F.);
#1214=ADVANCED_FACE('',(#145),#77,.F.);
#1215=ADVANCED_FACE('',(#146),#78,.T.);
#1216=ADVANCED_FACE('',(#147),#79,.T.);
#1217=ADVANCED_FACE('',(#148),#80,.T.);
#1218=ADVANCED_FACE('',(#149),#81,.T.);
#1219=ADVANCED_FACE('',(#150),#82,.T.);
#1220=ADVANCED_FACE('',(#151),#83,.T.);
#1221=ADVANCED_FACE('',(#152),#84,.T.);
#1222=ADVANCED_FACE('',(#153),#85,.T.);
#1223=CLOSED_SHELL('',(#1155,#1156,#1157,#1158,#1159,#1160,#1161,#1162,
#1163,#1164,#1165,#1166,#1167,#1168,#1169,#1170,#1171,#1172,#1173,#1174,
#1175,#1176,#1177,#1178,#1179,#1180,#1181,#1182,#1183,#1184,#1185,#1186,
#1187,#1188,#1189,#1190,#1191,#1192,#1193,#1194,#1195,#1196,#1197,#1198,
#1199,#1200,#1201,#1202,#1203,#1204,#1205,#1206,#1207,#1208,#1209,#1210,
#1211,#1212,#1213,#1214,#1215,#1216,#1217,#1218,#1219,#1220,#1221,#1222));
#1224=DERIVED_UNIT_ELEMENT(#1226,1.);
#1225=DERIVED_UNIT_ELEMENT(#1990,-3.);
#1226=(
MASS_UNIT()
NAMED_UNIT(*)
SI_UNIT(.KILO.,.GRAM.)
);
#1227=DERIVED_UNIT((#1224,#1225));
#1228=MEASURE_REPRESENTATION_ITEM('density measure',
POSITIVE_RATIO_MEASURE(7850.),#1227);
#1229=PROPERTY_DEFINITION_REPRESENTATION(#1234,#1231);
#1230=PROPERTY_DEFINITION_REPRESENTATION(#1235,#1232);
#1231=REPRESENTATION('material name',(#1233),#1987);
#1232=REPRESENTATION('density',(#1228),#1987);
#1233=DESCRIPTIVE_REPRESENTATION_ITEM('Steel','Steel');
#1234=PROPERTY_DEFINITION('material property','material name',#1997);
#1235=PROPERTY_DEFINITION('material property','density of part',#1997);
#1236=AXIS2_PLACEMENT_3D('',#1630,#1317,#1318);
#1237=AXIS2_PLACEMENT_3D('',#1631,#1319,#1320);
#1238=AXIS2_PLACEMENT_3D('',#1633,#1321,#1322);
#1239=AXIS2_PLACEMENT_3D('',#1636,#1324,#1325);
#1240=AXIS2_PLACEMENT_3D('',#1637,#1326,#1327);
#1241=AXIS2_PLACEMENT_3D('',#1682,#1350,#1351);
#1242=AXIS2_PLACEMENT_3D('',#1686,#1353,#1354);
#1243=AXIS2_PLACEMENT_3D('',#1687,#1355,#1356);
#1244=AXIS2_PLACEMENT_3D('',#1688,#1357,#1358);
#1245=AXIS2_PLACEMENT_3D('',#1694,#1362,#1363);
#1246=AXIS2_PLACEMENT_3D('',#1698,#1366,#1367);
#1247=AXIS2_PLACEMENT_3D('',#1702,#1370,#1371);
#1248=AXIS2_PLACEMENT_3D('',#1706,#1374,#1375);
#1249=AXIS2_PLACEMENT_3D('',#1710,#1378,#1379);
#1250=AXIS2_PLACEMENT_3D('',#1714,#1382,#1383);
#1251=AXIS2_PLACEMENT_3D('',#1718,#1386,#1387);
#1252=AXIS2_PLACEMENT_3D('',#1722,#1390,#1391);
#1253=AXIS2_PLACEMENT_3D('',#1726,#1394,#1395);
#1254=AXIS2_PLACEMENT_3D('',#1730,#1398,#1399);
#1255=AXIS2_PLACEMENT_3D('',#1736,#1403,#1404);
#1256=AXIS2_PLACEMENT_3D('',#1740,#1407,#1408);
#1257=AXIS2_PLACEMENT_3D('',#1742,#1410,#1411);
#1258=AXIS2_PLACEMENT_3D('',#1746,#1414,#1415);
#1259=AXIS2_PLACEMENT_3D('',#1750,#1418,#1419);
#1260=AXIS2_PLACEMENT_3D('',#1754,#1422,#1423);
#1261=AXIS2_PLACEMENT_3D('',#1758,#1426,#1427);
#1262=AXIS2_PLACEMENT_3D('',#1762,#1430,#1431);
#1263=AXIS2_PLACEMENT_3D('',#1766,#1434,#1435);
#1264=AXIS2_PLACEMENT_3D('',#1770,#1438,#1439);
#1265=AXIS2_PLACEMENT_3D('',#1774,#1442,#1443);
#1266=AXIS2_PLACEMENT_3D('',#1776,#1445,#1446);
#1267=AXIS2_PLACEMENT_3D('',#1782,#1450,#1451);
#1268=AXIS2_PLACEMENT_3D('',#1786,#1454,#1455);
#1269=AXIS2_PLACEMENT_3D('',#1790,#1458,#1459);
#1270=AXIS2_PLACEMENT_3D('',#1794,#1462,#1463);
#1271=AXIS2_PLACEMENT_3D('',#1798,#1466,#1467);
#1272=AXIS2_PLACEMENT_3D('',#1802,#1470,#1471);
#1273=AXIS2_PLACEMENT_3D('',#1806,#1474,#1475);
#1274=AXIS2_PLACEMENT_3D('',#1810,#1478,#1479);
#1275=AXIS2_PLACEMENT_3D('',#1814,#1482,#1483);
#1276=AXIS2_PLACEMENT_3D('',#1818,#1486,#1487);
#1277=AXIS2_PLACEMENT_3D('',#1822,#1490,#1491);
#1278=AXIS2_PLACEMENT_3D('',#1826,#1494,#1495);
#1279=AXIS2_PLACEMENT_3D('',#1830,#1498,#1499);
#1280=AXIS2_PLACEMENT_3D('',#1834,#1502,#1503);
#1281=AXIS2_PLACEMENT_3D('',#1838,#1506,#1507);
#1282=AXIS2_PLACEMENT_3D('',#1842,#1510,#1511);
#1283=AXIS2_PLACEMENT_3D('',#1846,#1514,#1515);
#1284=AXIS2_PLACEMENT_3D('',#1850,#1518,#1519);
#1285=AXIS2_PLACEMENT_3D('',#1854,#1522,#1523);
#1286=AXIS2_PLACEMENT_3D('',#1858,#1526,#1527);
#1287=AXIS2_PLACEMENT_3D('',#1862,#1530,#1531);
#1288=AXIS2_PLACEMENT_3D('',#1864,#1533,#1534);
#1289=AXIS2_PLACEMENT_3D('',#1865,#1535,#1536);
#1290=AXIS2_PLACEMENT_3D('',#1872,#1537,#1538);
#1291=AXIS2_PLACEMENT_3D('',#1877,#1539,#1540);
#1292=AXIS2_PLACEMENT_3D('',#1878,#1541,#1542);
#1293=AXIS2_PLACEMENT_3D('',#1888,#1547,#1548);
#1294=AXIS2_PLACEMENT_3D('',#1892,#1551,#1552);
#1295=AXIS2_PLACEMENT_3D('',#1899,#1553,#1554);
#1296=AXIS2_PLACEMENT_3D('',#1904,#1555,#1556);
#1297=AXIS2_PLACEMENT_3D('',#1905,#1557,#1558);
#1298=AXIS2_PLACEMENT_3D('',#1908,#1561,#1562);
#1299=AXIS2_PLACEMENT_3D('',#1915,#1563,#1564);
#1300=AXIS2_PLACEMENT_3D('',#1920,#1565,#1566);
#1301=AXIS2_PLACEMENT_3D('',#1921,#1567,#1568);
#1302=AXIS2_PLACEMENT_3D('',#1924,#1571,#1572);
#1303=AXIS2_PLACEMENT_3D('',#1940,#1581,#1582);
#1304=AXIS2_PLACEMENT_3D('',#1941,#1583,#1584);
#1305=AXIS2_PLACEMENT_3D('',#1947,#1588,#1589);
#1306=AXIS2_PLACEMENT_3D('',#1949,#1591,#1592);
#1307=AXIS2_PLACEMENT_3D('',#1955,#1596,#1597);
#1308=AXIS2_PLACEMENT_3D('',#1963,#1602,#1603);
#1309=AXIS2_PLACEMENT_3D('',#1971,#1608,#1609);
#1310=AXIS2_PLACEMENT_3D('',#1973,#1611,#1612);
#1311=AXIS2_PLACEMENT_3D('',#1975,#1614,#1615);
#1312=AXIS2_PLACEMENT_3D('',#1977,#1617,#1618);
#1313=AXIS2_PLACEMENT_3D('',#1979,#1620,#1621);
#1314=AXIS2_PLACEMENT_3D('',#1981,#1623,#1624);
#1315=AXIS2_PLACEMENT_3D('',#1982,#1625,#1626);
#1316=AXIS2_PLACEMENT_3D('',#1984,#1628,#1629);
#1317=DIRECTION('axis',(0.,0.,1.));
#1318=DIRECTION('refdir',(1.,0.,0.));
#1319=DIRECTION('center_axis',(0.,0.,-1.));
#1320=DIRECTION('ref_axis',(-4.87622783564032E-17,1.,1.03982178064278E-15));
#1321=DIRECTION('center_axis',(0.,-1.05216690675422E-15,1.));
#1322=DIRECTION('ref_axis',(0.,1.,1.05216690675422E-15));
#1323=DIRECTION('',(6.80921402966709E-17,0.923879532511286,0.382683432365091));
#1324=DIRECTION('center_axis',(-1.01927193381343E-31,1.02695629777827E-15,
-1.));
#1325=DIRECTION('ref_axis',(-9.95799250102959E-17,1.,1.02695629777827E-15));
#1326=DIRECTION('center_axis',(1.01927193381343E-31,-1.02695629777827E-15,
1.));
#1327=DIRECTION('ref_axis',(-9.95799250102959E-17,1.,1.02695629777827E-15));
#1328=DIRECTION('',(2.05803650867306E-33,-1.,-1.02695629777827E-15));
#1329=DIRECTION('',(-1.,0.,1.01927193381343E-31));
#1330=DIRECTION('',(-2.05803650867306E-33,1.,1.02695629777827E-15));
#1331=DIRECTION('',(0.634183439435356,0.773182620825081,7.94024761789023E-16));
#1332=DIRECTION('',(-0.690363240912426,0.723462919296416,7.42964801180504E-16));
#1333=DIRECTION('',(-2.05803650867306E-33,1.,1.02695629777827E-15));
#1334=DIRECTION('',(1.,0.,-1.01927193381343E-31));
#1335=DIRECTION('',(2.05803650867306E-33,-1.,-1.02695629777827E-15));
#1336=DIRECTION('',(0.693108392610675,-0.72083337609509,-7.40264375229623E-16));
#1337=DIRECTION('',(1.,0.,-1.01927193381343E-31));
#1338=DIRECTION('',(0.704392242939696,0.709810938269047,7.28944813287298E-16));
#1339=DIRECTION('',(-2.05803650867306E-33,1.,1.02695629777827E-15));
#1340=DIRECTION('',(1.,0.,-1.01927193381343E-31));
#1341=DIRECTION('',(2.05803650867306E-33,-1.,-1.02695629777827E-15));
#1342=DIRECTION('',(-0.704769313635162,-0.709436547238879,-7.28560330061036E-16));
#1343=DIRECTION('',(0.649019842506162,-0.760771479508319,-7.81279062051158E-16));
#1344=DIRECTION('',(2.05803650867306E-33,-1.,-1.02695629777827E-15));
#1345=DIRECTION('',(-1.,0.,1.01927193381343E-31));
#1346=DIRECTION('',(-2.05803650867306E-33,1.,1.02695629777827E-15));
#1347=DIRECTION('',(-0.64960165645136,0.760274745033431,7.80768937453849E-16));
#1348=DIRECTION('',(-1.,0.,1.01927193381343E-31));
#1349=DIRECTION('',(-0.634844074855395,-0.772640278927392,-7.93467800361642E-16));
#1350=DIRECTION('center_axis',(-1.01927193381343E-31,1.02695629777827E-15,
-1.));
#1351=DIRECTION('ref_axis',(-9.95799250102959E-17,1.,1.02695629777827E-15));
#1352=DIRECTION('',(1.57009245868377E-16,-0.707106781186547,-0.707106781186548));
#1353=DIRECTION('center_axis',(1.01927193381343E-31,-1.02695629777827E-15,
1.));
#1354=DIRECTION('ref_axis',(-9.95799250102959E-17,1.,1.02695629777827E-15));
#1355=DIRECTION('center_axis',(1.01927193381343E-31,-1.02695629777827E-15,
1.));
#1356=DIRECTION('ref_axis',(-9.95799250102959E-17,1.,1.02695629777827E-15));
#1357=DIRECTION('center_axis',(-0.707106781186551,-7.2616776214124E-16,
0.707106781186544));
#1358=DIRECTION('ref_axis',(0.707106781186544,0.,0.707106781186551));
#1359=DIRECTION('',(-0.678888038583183,0.279682073321363,-0.678888038583198));
#1360=DIRECTION('',(2.05803650867306E-33,-1.,-1.02695629777827E-15));
#1361=DIRECTION('',(-0.577350269189615,0.577350269189641,-0.577350269189622));
#1362=DIRECTION('center_axis',(-0.501912127810424,0.498080531597856,0.707106781186555));
#1363=DIRECTION('ref_axis',(0.815455753756532,0.,0.578819413690805));
#1364=DIRECTION('',(-0.28248762676906,0.678306988288642,-0.678306988288619));
#1365=DIRECTION('',(-0.704392242939696,-0.709810938269047,-7.28944813287298E-16));
#1366=DIRECTION('center_axis',(7.20734096272614E-32,0.707106781186536,0.707106781186559));
#1367=DIRECTION('ref_axis',(1.,0.,-1.01927193381343E-31));
#1368=DIRECTION('',(0.288268029054136,0.677089928822344,-0.677089928822307));
#1369=DIRECTION('',(-1.,0.,1.01927193381343E-31));
#1370=DIRECTION('center_axis',(0.509706168342435,0.490101644512319,0.707106781186543));
#1371=DIRECTION('ref_axis',(0.811213649527832,0.,-0.584749873723574));
#1372=DIRECTION('',(0.680063238542578,0.273912364025324,-0.680063238542593));
#1373=DIRECTION('',(-0.693108392610675,0.72083337609509,7.40264375229623E-16));
#1374=DIRECTION('center_axis',(0.707106781186555,-7.26167762141236E-16,
0.70710678118654));
#1375=DIRECTION('ref_axis',(0.70710678118654,0.,-0.707106781186555));
#1376=DIRECTION('',(0.577350269189613,0.577350269189638,-0.577350269189626));
#1377=DIRECTION('',(-2.05803650867306E-33,1.,1.02695629777827E-15));
#1378=DIRECTION('center_axis',(7.2073409627261E-32,0.70710678118654,0.707106781186555));
#1379=DIRECTION('ref_axis',(1.,0.,-1.01927193381343E-31));
#1380=DIRECTION('',(-0.577350269189613,0.577350269189638,-0.577350269189626));
#1381=DIRECTION('',(-1.,0.,1.01927193381343E-31));
#1382=DIRECTION('center_axis',(-0.707106781186555,-7.26167762141236E-16,
0.70710678118654));
#1383=DIRECTION('ref_axis',(0.70710678118654,0.,0.707106781186555));
#1384=DIRECTION('',(-0.680342270964403,-0.27252300577747,-0.680342270964411));
#1385=DIRECTION('',(2.05803650867306E-33,-1.,-1.02695629777827E-15));
#1386=DIRECTION('center_axis',(-0.511565536171522,-0.488160529131109,0.707106781186532));
#1387=DIRECTION('ref_axis',(0.810201838896108,0.,0.586150987587127));
#1388=DIRECTION('',(-0.799878375946226,-0.0300251510205744,-0.599410605511631));
#1389=DIRECTION('',(0.690363240912426,-0.723462919296416,-7.42964801180504E-16));
#1390=DIRECTION('center_axis',(-0.546722674281002,0.448435410540948,0.707106781186548));
#1391=DIRECTION('ref_axis',(0.791110679080538,0.,0.6116730282142));
#1392=DIRECTION('',(-0.685524246887682,0.245179554323216,-0.685524246887698));
#1393=DIRECTION('',(-0.634183439435356,-0.773182620825081,-7.94024761789023E-16));
#1394=DIRECTION('center_axis',(-0.707106781186555,-7.26167762141236E-16,
0.70710678118654));
#1395=DIRECTION('ref_axis',(0.70710678118654,0.,0.707106781186555));
#1396=DIRECTION('',(-0.577350269189622,-0.577350269189622,-0.577350269189634));
#1397=DIRECTION('',(2.05803650867306E-33,-1.,-1.02695629777827E-15));
#1398=DIRECTION('center_axis',(0.707106781186555,-7.26167762141236E-16,
0.70710678118654));
#1399=DIRECTION('ref_axis',(0.70710678118654,0.,-0.707106781186555));
#1400=DIRECTION('',(0.685468667376974,-0.24549014662275,-0.685468667376982));
#1401=DIRECTION('',(-2.05803650867306E-33,1.,1.02695629777827E-15));
#1402=DIRECTION('',(-0.577350269189622,0.577350269189622,0.577350269189634));
#1403=DIRECTION('center_axis',(0.546339180647431,-0.448902550326356,0.707106781186539));
#1404=DIRECTION('ref_axis',(0.791318306919543,0.,-0.611404397378682));
#1405=DIRECTION('',(0.634844074855395,0.772640278927392,7.93467800361642E-16));
#1406=DIRECTION('',(0.316954033768407,-0.670648991827292,-0.670648991827299));
#1407=DIRECTION('center_axis',(7.20734096272593E-32,-0.707106781186555,
0.70710678118654));
#1408=DIRECTION('ref_axis',(1.,0.,-1.01927193381343E-31));
#1409=DIRECTION('',(1.,0.,-1.01927193381343E-31));
#1410=DIRECTION('center_axis',(7.20734096272598E-32,-0.707106781186551,
0.707106781186544));
#1411=DIRECTION('ref_axis',(1.,0.,-1.01927193381343E-31));
#1412=DIRECTION('',(1.,0.,-1.01927193381343E-31));
#1413=DIRECTION('',(-0.309854843842439,-0.672305725004398,-0.672305725004398));
#1414=DIRECTION('center_axis',(-0.537595427778058,-0.45933773634681,0.707106781186488));
#1415=DIRECTION('ref_axis',(0.796056818450025,0.,0.605221894679319));
#1416=DIRECTION('',(0.64960165645136,-0.760274745033431,-7.80768937453849E-16));
#1417=DIRECTION('',(-0.684195857064197,-0.252491699571226,-0.684195857064205));
#1418=DIRECTION('center_axis',(-0.707106781186555,-7.26167762141236E-16,
0.70710678118654));
#1419=DIRECTION('ref_axis',(0.70710678118654,0.,0.707106781186555));
#1420=DIRECTION('',(2.05803650867306E-33,-1.,-1.02695629777827E-15));
#1421=DIRECTION('',(-0.577350269189622,-0.577350269189622,-0.577350269189634));
#1422=DIRECTION('center_axis',(7.20734096272593E-32,-0.707106781186555,
0.70710678118654));
#1423=DIRECTION('ref_axis',(1.,0.,-1.01927193381343E-31));
#1424=DIRECTION('',(1.,0.,-1.01927193381343E-31));
#1425=DIRECTION('',(0.577350269189622,-0.577350269189622,-0.577350269189634));
#1426=DIRECTION('center_axis',(0.707106781186551,-7.2616776214124E-16,0.707106781186544));
#1427=DIRECTION('ref_axis',(0.707106781186544,0.,-0.707106781186551));
#1428=DIRECTION('',(-2.05803650867306E-33,1.,1.02695629777827E-15));
#1429=DIRECTION('',(0.684247194130457,0.252213311800116,-0.684247194130465));
#1430=DIRECTION('center_axis',(0.537946672093635,0.458926331760714,0.707106781186575));
#1431=DIRECTION('ref_axis',(0.795866310546625,0.,-0.605472390565337));
#1432=DIRECTION('',(-0.649019842506162,0.760771479508319,7.81279062051158E-16));
#1433=DIRECTION('',(0.804942474279515,-0.0305229711809097,-0.592567263128045));
#1434=DIRECTION('center_axis',(0.501647393374182,-0.498347160843613,0.707106781186547));
#1435=DIRECTION('ref_axis',(0.815599855715158,0.,-0.57861634556709));
#1436=DIRECTION('',(0.704769313635162,0.709436547238879,7.28560330061036E-16));
#1437=DIRECTION('',(0.678847962951831,-0.279876555631745,-0.678847962951838));
#1438=DIRECTION('center_axis',(0.707106781186551,-7.2616776214124E-16,0.707106781186544));
#1439=DIRECTION('ref_axis',(0.707106781186544,0.,-0.707106781186551));
#1440=DIRECTION('',(-2.05803650867306E-33,1.,1.02695629777827E-15));
#1441=DIRECTION('',(0.577350269189615,0.577350269189641,-0.577350269189622));
#1442=DIRECTION('center_axis',(7.20734096272614E-32,0.707106781186536,0.707106781186559));
#1443=DIRECTION('ref_axis',(1.,0.,-1.01927193381343E-31));
#1444=DIRECTION('',(-1.,0.,1.01927193381343E-31));
#1445=DIRECTION('center_axis',(0.709810938269047,-0.704392242939696,0.));
#1446=DIRECTION('ref_axis',(-0.704392242939696,-0.709810938269047,-3.54804630490204E-16));
#1447=DIRECTION('',(0.,0.,-1.));
#1448=DIRECTION('',(-0.704392242939696,-0.709810938269046,-3.54804630490204E-16));
#1449=DIRECTION('',(0.,0.,-1.));
#1450=DIRECTION('center_axis',(0.,-1.,0.));
#1451=DIRECTION('ref_axis',(-1.,0.,-4.99551746561391E-16));
#1452=DIRECTION('',(0.,0.,-1.));
#1453=DIRECTION('',(-1.,0.,-4.99551746561391E-16));
#1454=DIRECTION('center_axis',(-0.72083337609509,-0.693108392610675,0.));
#1455=DIRECTION('ref_axis',(-0.693108392610675,0.72083337609509,-3.43273842950458E-16));
#1456=DIRECTION('',(0.,0.,-1.));
#1457=DIRECTION('',(-0.693108392610675,0.72083337609509,-3.43273842950458E-16));
#1458=DIRECTION('center_axis',(-1.,-2.05803650867306E-33,0.));
#1459=DIRECTION('ref_axis',(-2.05803650867306E-33,1.,4.11976641627084E-18));
#1460=DIRECTION('',(0.,0.,-1.));
#1461=DIRECTION('',(-2.05803650867306E-33,1.,4.11976641627084E-18));
#1462=DIRECTION('center_axis',(0.,-1.,0.));
#1463=DIRECTION('ref_axis',(-1.,0.,-4.99551746561391E-16));
#1464=DIRECTION('',(0.,0.,-1.));
#1465=DIRECTION('',(-1.,0.,-4.99551746561391E-16));
#1466=DIRECTION('center_axis',(1.,2.05803650867306E-33,0.));
#1467=DIRECTION('ref_axis',(2.05803650867306E-33,-1.,-4.11976641627084E-18));
#1468=DIRECTION('',(0.,0.,-1.));
#1469=DIRECTION('',(2.05803650867306E-33,-1.,-4.11976641627084E-18));
#1470=DIRECTION('center_axis',(0.723462919296416,0.690363240912426,0.));
#1471=DIRECTION('ref_axis',(0.690363240912426,-0.723462919296416,3.4189166452125E-16));
#1472=DIRECTION('',(0.,0.,-1.));
#1473=DIRECTION('',(0.690363240912426,-0.723462919296416,3.4189166452125E-16));
#1474=DIRECTION('center_axis',(0.773182620825081,-0.634183439435356,0.));
#1475=DIRECTION('ref_axis',(-0.634183439435356,-0.773182620825081,-3.19992776605162E-16));
#1476=DIRECTION('',(0.,0.,-1.));
#1477=DIRECTION('',(-0.634183439435356,-0.773182620825081,-3.19992776605162E-16));
#1478=DIRECTION('center_axis',(1.,2.05803650867306E-33,0.));
#1479=DIRECTION('ref_axis',(2.05803650867306E-33,-1.,-4.11976641627084E-18));
#1480=DIRECTION('',(0.,0.,-1.));
#1481=DIRECTION('',(2.05803650867306E-33,-1.,-4.11976641627084E-18));
#1482=DIRECTION('center_axis',(0.,1.,0.));
#1483=DIRECTION('ref_axis',(1.,0.,4.99551746561391E-16));
#1484=DIRECTION('',(0.,0.,-1.));
#1485=DIRECTION('',(1.,0.,4.99551746561391E-16));
#1486=DIRECTION('center_axis',(-1.,-2.05803650867306E-33,0.));
#1487=DIRECTION('ref_axis',(-2.05803650867306E-33,1.,4.11976641627084E-18));
#1488=DIRECTION('',(0.,0.,-1.));
#1489=DIRECTION('',(-2.05803650867306E-33,1.,4.11976641627084E-18));
#1490=DIRECTION('center_axis',(-0.772640278927392,0.634844074855395,0.));
#1491=DIRECTION('ref_axis',(0.634844074855395,0.772640278927392,3.20320563861146E-16));
#1492=DIRECTION('',(0.,0.,-1.));
#1493=DIRECTION('',(0.634844074855395,0.772640278927392,3.20320563861146E-16));
#1494=DIRECTION('center_axis',(0.,1.,0.));
#1495=DIRECTION('ref_axis',(1.,0.,4.99551746561391E-16));
#1496=DIRECTION('',(0.,0.,-1.));
#1497=DIRECTION('',(1.,0.,4.99551746561391E-16));
#1498=DIRECTION('center_axis',(0.760274745033431,0.64960165645136,0.));
#1499=DIRECTION('ref_axis',(0.64960165645136,-0.760274745033431,3.21377487687722E-16));
#1500=DIRECTION('',(0.,0.,-1.));
#1501=DIRECTION('',(0.64960165645136,-0.760274745033431,3.21377487687722E-16));
#1502=DIRECTION('center_axis',(1.,2.05803650867306E-33,0.));
#1503=DIRECTION('ref_axis',(2.05803650867306E-33,-1.,-4.11976641627084E-18));
#1504=DIRECTION('',(0.,0.,-1.));
#1505=DIRECTION('',(2.05803650867306E-33,-1.,-4.11976641627084E-18));
#1506=DIRECTION('center_axis',(0.,1.,0.));
#1507=DIRECTION('ref_axis',(1.,0.,4.99551746561391E-16));
#1508=DIRECTION('',(0.,0.,-1.));
#1509=DIRECTION('',(1.,0.,4.99551746561391E-16));
#1510=DIRECTION('center_axis',(-1.,-2.05803650867306E-33,0.));
#1511=DIRECTION('ref_axis',(-2.05803650867306E-33,1.,4.11976641627084E-18));
#1512=DIRECTION('',(0.,0.,-1.));
#1513=DIRECTION('',(-2.05803650867306E-33,1.,4.11976641627084E-18));
#1514=DIRECTION('center_axis',(-0.760771479508319,-0.649019842506162,0.));
#1515=DIRECTION('ref_axis',(-0.649019842506162,0.760771479508319,-3.21084795085218E-16));
#1516=DIRECTION('',(0.,0.,-1.));
#1517=DIRECTION('',(-0.649019842506162,0.760771479508319,-3.21084795085218E-16));
#1518=DIRECTION('center_axis',(-0.709436547238879,0.704769313635162,0.));
#1519=DIRECTION('ref_axis',(0.704769313635162,0.709436547238879,3.54991454411108E-16));
#1520=DIRECTION('',(0.,0.,-1.));
#1521=DIRECTION('',(0.704769313635162,0.709436547238879,3.54991454411108E-16));
#1522=DIRECTION('center_axis',(-1.,-2.05803650867306E-33,0.));
#1523=DIRECTION('ref_axis',(-2.05803650867306E-33,1.,4.11976641627084E-18));
#1524=DIRECTION('',(0.,0.,-1.));
#1525=DIRECTION('',(-2.05803650867306E-33,1.,4.11976641627084E-18));
#1526=DIRECTION('center_axis',(0.,-1.,0.));
#1527=DIRECTION('ref_axis',(-1.,0.,-4.99551746561391E-16));
#1528=DIRECTION('',(0.,0.,-1.));
#1529=DIRECTION('',(-1.,0.,-4.99551746561391E-16));
#1530=DIRECTION('center_axis',(1.,2.05803650867306E-33,0.));
#1531=DIRECTION('ref_axis',(2.05803650867306E-33,-1.,-4.11976641627084E-18));
#1532=DIRECTION('',(2.05803650867306E-33,-1.,-4.11976641627084E-18));
#1533=DIRECTION('center_axis',(0.,0.,-1.));
#1534=DIRECTION('ref_axis',(-1.,0.,0.));
#1535=DIRECTION('center_axis',(1.01927193381343E-31,-1.02695629777827E-15,
1.));
#1536=DIRECTION('ref_axis',(-9.95799250102959E-17,1.,1.02695629777827E-15));
#1537=DIRECTION('center_axis',(-1.01927193381343E-31,1.02695629777827E-15,
-1.));
#1538=DIRECTION('ref_axis',(-9.95799250102959E-17,1.,1.02695629777827E-15));
#1539=DIRECTION('center_axis',(1.01927193381343E-31,-1.02695629777827E-15,
1.));
#1540=DIRECTION('ref_axis',(-9.9579925010296E-17,1.,1.02695629777827E-15));
#1541=DIRECTION('center_axis',(-1.01927193381343E-31,1.02695629777827E-15,
-1.));
#1542=DIRECTION('ref_axis',(9.95799250102959E-17,-1.,-1.02695629777827E-15));
#1543=DIRECTION('',(-1.,-1.19493640944586E-15,-1.12522027774364E-30));
#1544=DIRECTION('',(-1.,-1.19493640944586E-15,-1.12522027774364E-30));
#1545=DIRECTION('',(8.52039810382689E-16,1.,1.02695629777827E-15));
#1546=DIRECTION('',(-1.,1.54345480164306E-15,1.68698782226479E-30));
#1547=DIRECTION('center_axis',(-1.01927193381343E-31,1.02695629777827E-15,
-1.));
#1548=DIRECTION('ref_axis',(9.95799250102959E-17,-1.,-1.02695629777827E-15));
#1549=DIRECTION('',(-1.,1.54345480164306E-15,1.68698782226479E-30));
#1550=DIRECTION('',(1.36840623886762E-15,-1.,-1.02695629777827E-15));
#1551=DIRECTION('center_axis',(-1.01927193381343E-31,1.02695629777827E-15,
-1.));
#1552=DIRECTION('ref_axis',(9.9579925010296E-17,-1.,-1.02695629777827E-15));
#1553=DIRECTION('center_axis',(1.01927193381343E-31,-1.02695629777827E-15,
1.));
#1554=DIRECTION('ref_axis',(9.95799250102959E-17,-1.,-1.02695629777827E-15));
#1555=DIRECTION('center_axis',(-1.01927193381343E-31,1.02695629777827E-15,
-1.));
#1556=DIRECTION('ref_axis',(9.9579925010296E-17,-1.,-1.02695629777827E-15));
#1557=DIRECTION('center_axis',(1.01927193381343E-31,-1.02695629777827E-15,
1.));
#1558=DIRECTION('ref_axis',(9.95799250102959E-17,-1.,-1.02695629777827E-15));
#1559=DIRECTION('',(1.01927193381343E-31,-1.02695629777827E-15,1.));
#1560=DIRECTION('',(-1.01927193381343E-31,1.02695629777827E-15,-1.));
#1561=DIRECTION('center_axis',(-1.01927193381343E-31,1.02695629777827E-15,
-1.));
#1562=DIRECTION('ref_axis',(-9.9579925010296E-17,1.,1.02695629777827E-15));
#1563=DIRECTION('center_axis',(1.01927193381343E-31,-1.02695629777827E-15,
1.));
#1564=DIRECTION('ref_axis',(-9.95799250102959E-17,1.,1.02695629777827E-15));
#1565=DIRECTION('center_axis',(-1.01927193381343E-31,1.02695629777827E-15,
-1.));
#1566=DIRECTION('ref_axis',(-9.9579925010296E-17,1.,1.02695629777827E-15));
#1567=DIRECTION('center_axis',(1.01927193381343E-31,-1.02695629777827E-15,
1.));
#1568=DIRECTION('ref_axis',(-2.64165050419594E-15,1.,1.02695629777827E-15));
#1569=DIRECTION('',(-1.01927193381343E-31,1.02695629777827E-15,-1.));
#1570=DIRECTION('',(1.01927193381343E-31,-1.02695629777827E-15,1.));
#1571=DIRECTION('center_axis',(-1.01927193381343E-31,1.02695629777827E-15,
-1.));
#1572=DIRECTION('ref_axis',(9.95799250102959E-17,-1.,-1.02695629777827E-15));
#1573=DIRECTION('',(1.,-1.54345480164306E-15,1.36919560554444E-16));
#1574=DIRECTION('',(0.707106781186545,-0.70710678118655,-7.26167762141246E-16));
#1575=DIRECTION('',(-0.70710678118655,-0.707106781186545,-7.26167762141241E-16));
#1576=DIRECTION('',(-1.,-1.19493640944586E-15,-1.12522027774364E-30));
#1577=DIRECTION('',(-1.,-1.19493640944586E-15,-1.12522027774364E-30));
#1578=DIRECTION('',(-0.70710678118655,0.707106781186545,7.26167762141241E-16));
#1579=DIRECTION('',(0.707106781186545,0.70710678118655,7.26167762141247E-16));
#1580=DIRECTION('',(1.,-1.54345480164306E-15,1.36919560554444E-16));
#1581=DIRECTION('center_axis',(-1.01927193381343E-31,1.02695629777827E-15,
-1.));
#1582=DIRECTION('ref_axis',(-9.95799250102959E-17,1.,1.02695629777827E-15));
#1583=DIRECTION('center_axis',(-1.19493640944586E-15,1.,1.02695629777827E-15));
#1584=DIRECTION('ref_axis',(1.,1.19493640944586E-15,1.12522027774364E-30));
#1585=DIRECTION('',(-1.01927193381343E-31,1.02695629777827E-15,-1.));
#1586=DIRECTION('',(-1.,-1.19493640944586E-15,-1.12522027774364E-30));
#1587=DIRECTION('',(-1.01927193381343E-31,1.02695629777827E-15,-1.));
#1588=DIRECTION('center_axis',(-1.01927193381343E-31,1.02695629777827E-15,
-1.));
#1589=DIRECTION('ref_axis',(9.95799250102959E-17,-1.,-1.02695629777827E-15));
#1590=DIRECTION('',(1.01927193381343E-31,-1.02695629777827E-15,1.));
#1591=DIRECTION('center_axis',(-1.19493640944586E-15,1.,1.02695629777827E-15));
#1592=DIRECTION('ref_axis',(1.,1.19493640944586E-15,1.12522027774364E-30));
#1593=DIRECTION('',(-1.01927193381343E-31,1.02695629777827E-15,-1.));
#1594=DIRECTION('',(-1.,-1.19493640944586E-15,-1.12522027774364E-30));
#1595=DIRECTION('',(-1.01927193381343E-31,1.02695629777827E-15,-1.));
#1596=DIRECTION('center_axis',(1.01927193381343E-31,-1.02695629777827E-15,
1.));
#1597=DIRECTION('ref_axis',(9.95799250102959E-17,-1.,-1.02695629777827E-15));
#1598=DIRECTION('',(1.,-1.54345480164306E-15,-1.68698782226479E-30));
#1599=DIRECTION('',(-0.707106781186545,-0.70710678118655,-7.26167762141247E-16));
#1600=DIRECTION('',(0.70710678118655,-0.707106781186545,-7.26167762141241E-16));
#1601=DIRECTION('',(-1.36840623886762E-15,1.,1.02695629777827E-15));
#1602=DIRECTION('center_axis',(1.01927193381343E-31,-1.02695629777827E-15,
1.));
#1603=DIRECTION('ref_axis',(9.95799250102959E-17,-1.,-1.02695629777827E-15));
#1604=DIRECTION('',(0.70710678118655,0.707106781186545,7.26167762141241E-16));
#1605=DIRECTION('',(-0.707106781186545,0.70710678118655,7.26167762141246E-16));
#1606=DIRECTION('',(1.,-1.54345480164306E-15,-1.68698782226479E-30));
#1607=DIRECTION('',(-8.52039810382689E-16,-1.,-1.02695629777827E-15));
#1608=DIRECTION('center_axis',(-0.707106781186545,-0.70710678118655,-7.26167762141247E-16));
#1609=DIRECTION('ref_axis',(-0.70710678118655,0.707106781186545,7.26167762141241E-16));
#1610=DIRECTION('',(-1.01927193381343E-31,1.02695629777827E-15,-1.));
#1611=DIRECTION('center_axis',(-1.,8.52039810382689E-16,9.76934842611646E-31));
#1612=DIRECTION('ref_axis',(8.52039810382689E-16,1.,1.02695629777827E-15));
#1613=DIRECTION('',(-1.01927193381343E-31,1.02695629777827E-15,-1.));
#1614=DIRECTION('center_axis',(-1.54345480164306E-15,-1.,-1.02695629777827E-15));
#1615=DIRECTION('ref_axis',(-1.,1.54345480164306E-15,-1.36919560554444E-16));
#1616=DIRECTION('',(-1.01927193381343E-31,1.02695629777827E-15,-1.));
#1617=DIRECTION('center_axis',(1.,1.36840623886762E-15,1.30336621154283E-30));
#1618=DIRECTION('ref_axis',(1.36840623886762E-15,-1.,-1.02695629777827E-15));
#1619=DIRECTION('',(-1.01927193381343E-31,1.02695629777827E-15,-1.));
#1620=DIRECTION('center_axis',(-0.70710678118655,0.707106781186545,7.26167762141242E-16));
#1621=DIRECTION('ref_axis',(0.707106781186545,0.70710678118655,7.26167762141247E-16));
#1622=DIRECTION('',(-1.01927193381343E-31,1.02695629777827E-15,-1.));
#1623=DIRECTION('center_axis',(-1.54345480164306E-15,-1.,-1.02695629777827E-15));
#1624=DIRECTION('ref_axis',(-1.,1.54345480164306E-15,-1.36919560554444E-16));
#1625=DIRECTION('center_axis',(0.70710678118655,0.707106781186545,7.26167762141242E-16));
#1626=DIRECTION('ref_axis',(0.707106781186545,-0.70710678118655,-7.26167762141246E-16));
#1627=DIRECTION('',(-1.01927193381343E-31,1.02695629777827E-15,-1.));
#1628=DIRECTION('center_axis',(0.707106781186545,-0.70710678118655,-7.26167762141247E-16));
#1629=DIRECTION('ref_axis',(-0.70710678118655,-0.707106781186545,-7.26167762141241E-16));
#1630=CARTESIAN_POINT('',(0.,0.,0.));
#1631=CARTESIAN_POINT('Origin',(62.4250797734458,11.9660750746164,9.74292278594064));
#1632=CARTESIAN_POINT('',(62.4250797734458,7.74536439649773,9.70756744688131));
#1633=CARTESIAN_POINT('Origin',(62.4250797734458,11.9660750746164,9.70756744688131));
#1634=CARTESIAN_POINT('',(62.4250797734458,7.91607507461639,9.77827812499996));
#1635=CARTESIAN_POINT('',(62.4250797734458,7.83071973555706,9.74292278594063));
#1636=CARTESIAN_POINT('Origin',(62.4250797734458,11.9660750746164,9.77827812499997));
#1637=CARTESIAN_POINT('Origin',(62.4250797734458,11.9660750746164,9.77827812499997));
#1638=CARTESIAN_POINT('',(63.4165081799824,14.0660757302675,9.77827812499997));
#1639=CARTESIAN_POINT('',(63.4165081799824,13.264746343911,9.77827812499997));
#1640=CARTESIAN_POINT('',(63.4165081799824,12.5975039719972,9.77827812499997));
#1641=CARTESIAN_POINT('',(64.6507942021686,14.0660757302675,9.77827812499997));
#1642=CARTESIAN_POINT('',(62.9707939767141,14.0660757302675,9.77827812499997));
#1643=CARTESIAN_POINT('',(64.6507942021686,12.8217388776187,9.77827812499997));
#1644=CARTESIAN_POINT('',(64.6507942021686,12.9660754024419,9.77827812499997));
#1645=CARTESIAN_POINT('',(63.8499527333606,11.845370421404,9.77827812499997));
#1646=CARTESIAN_POINT('',(63.9820918800308,12.0064715876959,9.77827812499997));
#1647=CARTESIAN_POINT('',(64.6507942021686,11.0061323615216,9.77827812499996));
#1648=CARTESIAN_POINT('',(63.4497124757571,12.2648003215289,9.77827812499997));
#1649=CARTESIAN_POINT('',(64.6507942021686,9.8660753726396,9.77827812499996));
#1650=CARTESIAN_POINT('',(64.6507942021686,11.4660753428373,9.77827812499997));
#1651=CARTESIAN_POINT('',(63.4165081799824,9.8660753726396,9.77827812499996));
#1652=CARTESIAN_POINT('',(63.4879369878072,9.8660753726396,9.77827812499996));
#1653=CARTESIAN_POINT('',(63.4165081799824,10.5086550203136,9.77827812499996));
#1654=CARTESIAN_POINT('',(63.4165081799824,10.966075223628,9.77827812499996));
#1655=CARTESIAN_POINT('',(62.7596482505697,11.1917899608049,9.77827812499996));
#1656=CARTESIAN_POINT('',(62.8282508396418,11.1204432040539,9.77827812499996));
#1657=CARTESIAN_POINT('',(62.1238685242912,11.1917899608049,9.77827812499996));
#1658=CARTESIAN_POINT('',(62.6136512898702,11.1917899608049,9.77827812499996));
#1659=CARTESIAN_POINT('',(61.4393653810818,10.502021123627,9.77827812499996));
#1660=CARTESIAN_POINT('',(62.4068274300387,11.4769255914046,9.77827812499997));
#1661=CARTESIAN_POINT('',(61.4393653810818,9.8660753726396,9.77827812499996));
#1662=CARTESIAN_POINT('',(61.4393653810818,11.2546466409597,9.77827812499996));
#1663=CARTESIAN_POINT('',(60.1993653596241,9.8660753726396,9.77827812499996));
#1664=CARTESIAN_POINT('',(61.8822225772638,9.8660753726396,9.77827812499996));
#1665=CARTESIAN_POINT('',(60.1993653596241,11.0130180729649,9.77827812499996));
#1666=CARTESIAN_POINT('',(60.1993653596241,10.966075223628,9.77827812499996));
#1667=CARTESIAN_POINT('',(61.0263827631821,11.8455122805524,9.77827812499997));
#1668=CARTESIAN_POINT('',(61.0049085284482,11.8238958357818,9.77827812499997));
#1669=CARTESIAN_POINT('',(60.1993653596241,12.8149298737872,9.77827812499997));
#1670=CARTESIAN_POINT('',(61.3210841271528,11.5000676916546,9.77827812499997));
#1671=CARTESIAN_POINT('',(60.1993653596241,14.0660757302675,9.77827812499997));
#1672=CARTESIAN_POINT('',(60.1993653596241,12.4089324592981,9.77827812499997));
#1673=CARTESIAN_POINT('',(61.4393653810818,14.0660757302675,9.77827812499997));
#1674=CARTESIAN_POINT('',(61.3622225665349,14.0660757302675,9.77827812499997));
#1675=CARTESIAN_POINT('',(61.4393653810818,13.2715505908843,9.77827812499997));
#1676=CARTESIAN_POINT('',(61.4393653810818,12.9660754024419,9.77827812499997));
#1677=CARTESIAN_POINT('',(62.1568824096866,12.4317896842393,9.77827812499997));
#1678=CARTESIAN_POINT('',(61.9577274767288,12.6648747824267,9.77827812499997));
#1679=CARTESIAN_POINT('',(62.7321048238203,12.4317896842393,9.77827812499997));
#1680=CARTESIAN_POINT('',(62.2679368995923,12.4317896842393,9.77827812499997));
#1681=CARTESIAN_POINT('',(62.5410155849737,12.19922353351,9.77827812499997));
#1682=CARTESIAN_POINT('Origin',(62.4250797734458,11.9660750746164,9.42827812499997));
#1683=CARTESIAN_POINT('',(62.4250797734458,7.11607507461639,9.07827812499996));
#1684=CARTESIAN_POINT('',(62.4250797734458,7.46607507461639,9.42827812499996));
#1685=CARTESIAN_POINT('',(62.4250797734458,16.8160750746164,9.07827812499997));
#1686=CARTESIAN_POINT('Origin',(62.4250797734458,11.9660750746164,9.07827812499997));
#1687=CARTESIAN_POINT('Origin',(62.4250797734458,11.9660750746164,9.07827812499997));
#1688=CARTESIAN_POINT('Origin',(61.3893653810818,11.2546466409597,9.72827812499997));
#1689=CARTESIAN_POINT('',(61.3393653810818,10.543218207303,9.67827812499996));
#1690=CARTESIAN_POINT('',(61.4393653810818,10.502021123627,9.77827812499996));
#1691=CARTESIAN_POINT('',(61.3393653810818,9.9660753726396,9.67827812499996));
#1692=CARTESIAN_POINT('',(61.3393653810818,11.2546466409597,9.67827812499997));
#1693=CARTESIAN_POINT('',(61.4393653810818,9.8660753726396,9.77827812499996));
#1694=CARTESIAN_POINT('Origin',(62.3713368831253,11.5121452035516,9.72827812499997));
#1695=CARTESIAN_POINT('',(62.0822225392658,11.2917899608049,9.67827812499997));
#1696=CARTESIAN_POINT('',(62.1238685242912,11.1917899608049,9.77827812499996));
#1697=CARTESIAN_POINT('',(62.3358463362118,11.5473648156986,9.67827812499997));
#1698=CARTESIAN_POINT('Origin',(62.6136512898702,11.2417899608049,9.72827812499997));
#1699=CARTESIAN_POINT('',(62.8022228062946,11.2917899608049,9.67827812499997));
#1700=CARTESIAN_POINT('',(62.7596482505697,11.1917899608049,9.77827812499996));
#1701=CARTESIAN_POINT('',(62.6136512898702,11.2917899608049,9.67827812499997));
#1702=CARTESIAN_POINT('Origin',(62.8642925084465,11.1550986236844,9.72827812499997));
#1703=CARTESIAN_POINT('',(63.5165081799824,10.5489325045976,9.67827812499996));
#1704=CARTESIAN_POINT('',(63.4165081799824,10.5086550203136,9.77827812499996));
#1705=CARTESIAN_POINT('',(62.9003341772513,11.1897540433149,9.67827812499996));
#1706=CARTESIAN_POINT('Origin',(63.4665081799824,10.966075223628,9.72827812499997));
#1707=CARTESIAN_POINT('',(63.5165081799824,9.9660753726396,9.67827812499996));
#1708=CARTESIAN_POINT('',(63.4165081799824,9.8660753726396,9.77827812499996));
#1709=CARTESIAN_POINT('',(63.5165081799824,10.966075223628,9.67827812499996));
#1710=CARTESIAN_POINT('Origin',(63.4879369878072,9.9160753726396,9.72827812499996));
#1711=CARTESIAN_POINT('',(64.5507942021686,9.9660753726396,9.67827812499996));
#1712=CARTESIAN_POINT('',(64.6507942021686,9.8660753726396,9.77827812499996));
#1713=CARTESIAN_POINT('',(63.4879369878072,9.9660753726396,9.67827812499996));
#1714=CARTESIAN_POINT('Origin',(64.6007942021686,11.4660753428373,9.72827812499997));
#1715=CARTESIAN_POINT('',(64.5507942021686,10.9660756110582,9.67827812499997));
#1716=CARTESIAN_POINT('',(64.6507942021686,11.0061323615216,9.77827812499996));
#1717=CARTESIAN_POINT('',(64.5507942021686,11.4660753428373,9.67827812499997));
#1718=CARTESIAN_POINT('Origin',(63.4135393297923,12.2302821594833,9.72827812499997));
#1719=CARTESIAN_POINT('',(63.716508585294,11.8403613089952,9.67827812499996));
#1720=CARTESIAN_POINT('',(63.8499527333606,11.845370421404,9.77827812499997));
#1721=CARTESIAN_POINT('',(63.3773661838275,12.1957639974377,9.67827812499996));
#1722=CARTESIAN_POINT('Origin',(63.9434327489895,12.0381807596677,9.72827812499997));
#1723=CARTESIAN_POINT('',(64.5507942021686,12.8575041412744,9.67827812499997));
#1724=CARTESIAN_POINT('',(64.6507942021686,12.8217388776187,9.77827812499997));
#1725=CARTESIAN_POINT('',(63.9047736179483,12.0698899316394,9.67827812499997));
#1726=CARTESIAN_POINT('Origin',(64.6007942021686,12.9660754024419,9.72827812499997));
#1727=CARTESIAN_POINT('',(64.5507942021686,13.9660757302675,9.67827812499997));
#1728=CARTESIAN_POINT('',(64.6507942021686,14.0660757302675,9.77827812499997));
#1729=CARTESIAN_POINT('',(64.5507942021686,12.9660754024419,9.67827812499997));
#1730=CARTESIAN_POINT('Origin',(63.4665081799824,12.5975039719972,9.72827812499997));
#1731=CARTESIAN_POINT('',(63.5165081799824,13.228932869378,9.67827812499997));
#1732=CARTESIAN_POINT('',(63.4165081799824,13.264746343911,9.77827812499997));
#1733=CARTESIAN_POINT('',(63.5165081799824,13.9660757302675,9.67827812499997));
#1734=CARTESIAN_POINT('',(63.5165081799824,12.5975039719972,9.67827812499997));
#1735=CARTESIAN_POINT('',(63.5165081799824,13.9660757302675,9.67827812499997));
#1736=CARTESIAN_POINT('Origin',(62.5796475989201,12.1674813297672,9.72827812499997));
#1737=CARTESIAN_POINT('',(62.7793656171162,12.3317896842393,9.67827812499997));
#1738=CARTESIAN_POINT('',(62.6182796128664,12.1357391260244,9.67827812499997));
#1739=CARTESIAN_POINT('',(62.7321048238203,12.4317896842393,9.77827812499997));
#1740=CARTESIAN_POINT('Origin',(62.9707939767141,14.0160757302675,9.72827812499997));
#1741=CARTESIAN_POINT('',(62.9707939767141,13.9660757302675,9.67827812499997));
#1742=CARTESIAN_POINT('Origin',(62.2679368995923,12.3817896842393,9.72827812499997));
#1743=CARTESIAN_POINT('',(62.1107940257389,12.3317896842393,9.67827812499997));
#1744=CARTESIAN_POINT('',(62.2679368995923,12.3317896842393,9.67827812499997));
#1745=CARTESIAN_POINT('',(62.1568824096866,12.4317896842393,9.77827812499997));
#1746=CARTESIAN_POINT('Origin',(61.9197137394771,12.6323946996042,9.72827812499997));
#1747=CARTESIAN_POINT('',(61.3393653810818,13.2346471666726,9.67827812499997));
#1748=CARTESIAN_POINT('',(61.8817000022254,12.5999146167816,9.67827812499997));
#1749=CARTESIAN_POINT('',(61.4393653810818,13.2715505908843,9.77827812499997));
#1750=CARTESIAN_POINT('Origin',(61.3893653810818,12.9660754024419,9.72827812499997));
#1751=CARTESIAN_POINT('',(61.3393653810818,13.9660757302675,9.67827812499997));
#1752=CARTESIAN_POINT('',(61.3393653810818,12.9660754024419,9.67827812499997));
#1753=CARTESIAN_POINT('',(61.4393653810818,14.0660757302675,9.77827812499997));
#1754=CARTESIAN_POINT('Origin',(61.3622225665349,14.0160757302675,9.72827812499997));
#1755=CARTESIAN_POINT('',(60.2993653596241,13.9660757302675,9.67827812499997));
#1756=CARTESIAN_POINT('',(61.3622225665349,13.9660757302675,9.67827812499997));
#1757=CARTESIAN_POINT('',(60.1993653596241,14.0660757302675,9.77827812499997));
#1758=CARTESIAN_POINT('Origin',(60.2493653596241,12.4089324592981,9.72827812499997));
#1759=CARTESIAN_POINT('',(60.2993653596241,12.8517898439798,9.67827812499997));
#1760=CARTESIAN_POINT('',(60.2993653596241,12.4089324592981,9.67827812499997));
#1761=CARTESIAN_POINT('',(60.1993653596241,12.8149298737872,9.77827812499997));
#1762=CARTESIAN_POINT('Origin',(61.3591227011282,11.5325186837799,9.72827812499997));
#1763=CARTESIAN_POINT('',(61.1622226119835,11.8403613089952,9.67827812499997));
#1764=CARTESIAN_POINT('',(61.3971612751036,11.5649696759052,9.67827812499997));
#1765=CARTESIAN_POINT('',(61.0263827631821,11.8455122805524,9.77827812499997));
#1766=CARTESIAN_POINT('Origin',(61.0403803558102,11.7886573701,9.72827812499997));
#1767=CARTESIAN_POINT('',(60.2993653596241,10.9717899083528,9.67827812499996));
#1768=CARTESIAN_POINT('',(61.0758521831721,11.7534189044183,9.67827812499997));
#1769=CARTESIAN_POINT('',(60.1993653596241,11.0130180729649,9.77827812499996));
#1770=CARTESIAN_POINT('Origin',(60.2493653596241,10.966075223628,9.72827812499997));
#1771=CARTESIAN_POINT('',(60.2993653596241,9.9660753726396,9.67827812499996));
#1772=CARTESIAN_POINT('',(60.2993653596241,10.966075223628,9.67827812499997));
#1773=CARTESIAN_POINT('',(60.1993653596241,9.8660753726396,9.77827812499996));
#1774=CARTESIAN_POINT('Origin',(61.8822225772638,9.9160753726396,9.72827812499997));
#1775=CARTESIAN_POINT('',(61.8822225772638,9.9660753726396,9.67827812499996));
#1776=CARTESIAN_POINT('Origin',(62.0822225392658,11.2917899608049,9.77827812499994));
#1777=CARTESIAN_POINT('',(62.0822225392658,11.2917899608049,9.17827812499995));
#1778=CARTESIAN_POINT('',(62.0822225392658,11.2917899608049,9.77827812499994));
#1779=CARTESIAN_POINT('',(61.3393653810818,10.543218207303,9.17827812499995));
#1780=CARTESIAN_POINT('',(62.0822225392658,11.2917899608049,9.17827812499995));
#1781=CARTESIAN_POINT('',(61.3393653810818,10.543218207303,9.77827812499994));
#1782=CARTESIAN_POINT('Origin',(62.8022228062946,11.2917899608049,9.77827812499995));
#1783=CARTESIAN_POINT('',(62.8022228062946,11.2917899608049,9.17827812499995));
#1784=CARTESIAN_POINT('',(62.8022228062946,11.2917899608049,9.77827812499995));
#1785=CARTESIAN_POINT('',(62.8022228062946,11.2917899608049,9.17827812499995));
#1786=CARTESIAN_POINT('Origin',(63.5165081799824,10.5489325045976,9.77827812499995));
#1787=CARTESIAN_POINT('',(63.5165081799824,10.5489325045976,9.17827812499995));
#1788=CARTESIAN_POINT('',(63.5165081799824,10.5489325045976,9.77827812499995));
#1789=CARTESIAN_POINT('',(63.5165081799824,10.5489325045976,9.17827812499995));
#1790=CARTESIAN_POINT('Origin',(63.5165081799824,9.9660753726396,9.77827812499995));
#1791=CARTESIAN_POINT('',(63.5165081799824,9.9660753726396,9.17827812499995));
#1792=CARTESIAN_POINT('',(63.5165081799824,9.9660753726396,9.77827812499995));
#1793=CARTESIAN_POINT('',(63.5165081799824,9.9660753726396,9.17827812499995));
#1794=CARTESIAN_POINT('Origin',(64.5507942021686,9.9660753726396,9.77827812499995));
#1795=CARTESIAN_POINT('',(64.5507942021686,9.9660753726396,9.17827812499995));
#1796=CARTESIAN_POINT('',(64.5507942021686,9.9660753726396,9.77827812499995));
#1797=CARTESIAN_POINT('',(64.5507942021686,9.9660753726396,9.17827812499995));
#1798=CARTESIAN_POINT('Origin',(64.5507942021686,10.9660756110582,9.77827812499995));
#1799=CARTESIAN_POINT('',(64.5507942021686,10.9660756110582,9.17827812499995));
#1800=CARTESIAN_POINT('',(64.5507942021686,10.9660756110582,9.77827812499995));
#1801=CARTESIAN_POINT('',(64.5507942021686,10.9660756110582,9.17827812499995));
#1802=CARTESIAN_POINT('Origin',(63.716508585294,11.8403613089952,9.77827812499995));
#1803=CARTESIAN_POINT('',(63.716508585294,11.8403613089952,9.17827812499995));
#1804=CARTESIAN_POINT('',(63.716508585294,11.8403613089952,9.77827812499995));
#1805=CARTESIAN_POINT('',(63.716508585294,11.8403613089952,9.17827812499995));
#1806=CARTESIAN_POINT('Origin',(64.5507942021686,12.8575041412744,9.77827812499995));
#1807=CARTESIAN_POINT('',(64.5507942021686,12.8575041412744,9.17827812499995));
#1808=CARTESIAN_POINT('',(64.5507942021686,12.8575041412744,9.77827812499995));
#1809=CARTESIAN_POINT('',(64.5507942021686,12.8575041412744,9.17827812499995));
#1810=CARTESIAN_POINT('Origin',(64.5507942021686,13.9660757302675,9.77827812499995));
#1811=CARTESIAN_POINT('',(64.5507942021686,13.9660757302675,9.17827812499995));
#1812=CARTESIAN_POINT('',(64.5507942021686,13.9660757302675,9.77827812499995));
#1813=CARTESIAN_POINT('',(64.5507942021686,13.9660757302675,9.17827812499995));
#1814=CARTESIAN_POINT('Origin',(63.5165081799824,13.9660757302675,9.77827812499995));
#1815=CARTESIAN_POINT('',(63.5165081799824,13.9660757302675,9.17827812499995));
#1816=CARTESIAN_POINT('',(63.5165081799824,13.9660757302675,9.77827812499995));
#1817=CARTESIAN_POINT('',(63.5165081799824,13.9660757302675,9.17827812499995));
#1818=CARTESIAN_POINT('Origin',(63.5165081799824,13.228932869378,9.77827812499995));
#1819=CARTESIAN_POINT('',(63.5165081799824,13.228932869378,9.17827812499995));
#1820=CARTESIAN_POINT('',(63.5165081799824,13.228932869378,9.77827812499995));
#1821=CARTESIAN_POINT('',(63.5165081799824,13.228932869378,9.17827812499995));
#1822=CARTESIAN_POINT('Origin',(62.7793656171162,12.3317896842393,9.77827812499995));
#1823=CARTESIAN_POINT('',(62.7793656171162,12.3317896842393,9.17827812499995));
#1824=CARTESIAN_POINT('',(62.7793656171162,12.3317896842393,9.77827812499995));
#1825=CARTESIAN_POINT('',(62.7793656171162,12.3317896842393,9.17827812499995));
#1826=CARTESIAN_POINT('Origin',(62.1107940257389,12.3317896842393,9.77827812499994));
#1827=CARTESIAN_POINT('',(62.1107940257389,12.3317896842393,9.17827812499995));
#1828=CARTESIAN_POINT('',(62.1107940257389,12.3317896842393,9.77827812499994));
#1829=CARTESIAN_POINT('',(62.1107940257389,12.3317896842393,9.17827812499995));
#1830=CARTESIAN_POINT('Origin',(61.3393653810818,13.2346471666726,9.77827812499994));
#1831=CARTESIAN_POINT('',(61.3393653810818,13.2346471666726,9.17827812499995));
#1832=CARTESIAN_POINT('',(61.3393653810818,13.2346471666726,9.77827812499994));
#1833=CARTESIAN_POINT('',(61.3393653810818,13.2346471666726,9.17827812499995));
#1834=CARTESIAN_POINT('Origin',(61.3393653810818,13.9660757302675,9.77827812499994));
#1835=CARTESIAN_POINT('',(61.3393653810818,13.9660757302675,9.17827812499995));
#1836=CARTESIAN_POINT('',(61.3393653810818,13.9660757302675,9.77827812499994));
#1837=CARTESIAN_POINT('',(61.3393653810818,13.9660757302675,9.17827812499995));
#1838=CARTESIAN_POINT('Origin',(60.2993653596241,13.9660757302675,9.77827812499994));
#1839=CARTESIAN_POINT('',(60.2993653596241,13.9660757302675,9.17827812499995));
#1840=CARTESIAN_POINT('',(60.2993653596241,13.9660757302675,9.77827812499994));
#1841=CARTESIAN_POINT('',(60.2993653596241,13.9660757302675,9.17827812499995));
#1842=CARTESIAN_POINT('Origin',(60.2993653596241,12.8517898439798,9.77827812499994));
#1843=CARTESIAN_POINT('',(60.2993653596241,12.8517898439798,9.17827812499995));
#1844=CARTESIAN_POINT('',(60.2993653596241,12.8517898439798,9.77827812499994));
#1845=CARTESIAN_POINT('',(60.2993653596241,12.8517898439798,9.17827812499995));
#1846=CARTESIAN_POINT('Origin',(61.1622226119835,11.8403613089952,9.77827812499994));
#1847=CARTESIAN_POINT('',(61.1622226119835,11.8403613089952,9.17827812499995));
#1848=CARTESIAN_POINT('',(61.1622226119835,11.8403613089952,9.77827812499994));
#1849=CARTESIAN_POINT('',(61.1622226119835,11.8403613089952,9.17827812499995));
#1850=CARTESIAN_POINT('Origin',(60.2993653596241,10.9717899083528,9.77827812499994));
#1851=CARTESIAN_POINT('',(60.2993653596241,10.9717899083528,9.17827812499995));
#1852=CARTESIAN_POINT('',(60.2993653596241,10.9717899083528,9.77827812499994));
#1853=CARTESIAN_POINT('',(60.2993653596241,10.9717899083528,9.17827812499995));
#1854=CARTESIAN_POINT('Origin',(60.2993653596241,9.9660753726396,9.77827812499994));
#1855=CARTESIAN_POINT('',(60.2993653596241,9.9660753726396,9.17827812499995));
#1856=CARTESIAN_POINT('',(60.2993653596241,9.9660753726396,9.77827812499994));
#1857=CARTESIAN_POINT('',(60.2993653596241,9.9660753726396,9.17827812499995));
#1858=CARTESIAN_POINT('Origin',(61.3393653810818,9.9660753726396,9.77827812499994));
#1859=CARTESIAN_POINT('',(61.3393653810818,9.9660753726396,9.17827812499995));
#1860=CARTESIAN_POINT('',(61.3393653810818,9.9660753726396,9.77827812499994));
#1861=CARTESIAN_POINT('',(61.3393653810818,9.9660753726396,9.17827812499995));
#1862=CARTESIAN_POINT('Origin',(61.3393653810818,10.543218207303,9.77827812499994));
#1863=CARTESIAN_POINT('',(61.3393653810818,10.543218207303,9.17827812499995));
#1864=CARTESIAN_POINT('Origin',(62.4250797808964,11.9660755514535,9.17827812499995));
#1865=CARTESIAN_POINT('Origin',(62.4250797734458,11.9660750746164,-2.62172187500003));
#1866=CARTESIAN_POINT('',(59.6864669859199,13.7160750746164,-4.12172187500003));
#1867=CARTESIAN_POINT('',(56.4250797734458,13.7160750746164,-1.12172187500003));
#1868=CARTESIAN_POINT('Ctrl Pts',(56.4250797734374,13.7160750746164,-1.12172187499205));
#1869=CARTESIAN_POINT('Ctrl Pts',(58.570729255336,13.7160750746164,-3.1815453776149));
#1870=CARTESIAN_POINT('Ctrl Pts',(59.6864669859214,13.7160750746164,-4.12172187500129));
#1871=CARTESIAN_POINT('',(68.4250797734458,13.7160750746164,-1.12172187500003));
#1872=CARTESIAN_POINT('Origin',(62.4250797734458,11.9660750746164,-1.12172187500003));
#1873=CARTESIAN_POINT('',(65.1636925609716,13.7160750746164,-4.12172187500003));
#1874=CARTESIAN_POINT('Ctrl Pts',(65.1636925609701,13.7160750746164,-4.12172187500129));
#1875=CARTESIAN_POINT('Ctrl Pts',(66.2794302915555,13.7160750746164,-3.18154537761491));
#1876=CARTESIAN_POINT('Ctrl Pts',(68.4250797734541,13.7160750746164,-1.12172187499203));
#1877=CARTESIAN_POINT('Origin',(62.4250797734458,11.9660750746164,-4.12172187500003));
#1878=CARTESIAN_POINT('Origin',(63.9793690953271,11.9660750746164,-4.12172187500003));
#1879=CARTESIAN_POINT('',(57.9018066222863,13.7160750746164,-4.12172187500003));
#1880=CARTESIAN_POINT('',(59.1479351125051,13.7160750746164,-4.12172187500003));
#1881=CARTESIAN_POINT('',(66.9483529246052,13.7160750746164,-4.12172187500003));
#1882=CARTESIAN_POINT('',(65.4638610099662,13.7160750746164,-4.12172187500003));
#1883=CARTESIAN_POINT('',(66.9483529246052,10.2160750746164,-4.12172187500004));
#1884=CARTESIAN_POINT('',(66.9483529246052,11.0910750746164,-4.12172187500004));
#1885=CARTESIAN_POINT('',(68.4250797734458,10.2160750746164,-4.12172187500004));
#1886=CARTESIAN_POINT('',(66.4793690953271,10.2160750746164,-4.12172187500004));
#1887=CARTESIAN_POINT('',(56.4250797734458,10.2160750746164,-4.12172187500004));
#1888=CARTESIAN_POINT('Origin',(62.4250797734458,11.9660750746164,-4.12172187500003));
#1889=CARTESIAN_POINT('',(57.9018066222863,10.2160750746164,-4.12172187500004));
#1890=CARTESIAN_POINT('',(60.163443197866,10.2160750746164,-4.12172187500004));
#1891=CARTESIAN_POINT('',(57.9018066222863,12.8410750746164,-4.12172187500003));
#1892=CARTESIAN_POINT('Origin',(62.4250797734458,11.9660750746164,3.02827812499997));
#1893=CARTESIAN_POINT('',(56.9478541983941,10.2160750746164,3.27827812499996));
#1894=CARTESIAN_POINT('',(56.4250797734458,10.2160750746164,2.77827812499997));
#1895=CARTESIAN_POINT('Ctrl Pts',(56.4250797734458,10.2160750746164,2.77827812499997));
#1896=CARTESIAN_POINT('Ctrl Pts',(56.697358119773,10.2160750746164,3.03966533747409));
#1897=CARTESIAN_POINT('Ctrl Pts',(56.9478541983941,10.2160750746164,3.27827812499996));
#1898=CARTESIAN_POINT('',(68.4250797734458,10.2160750746164,2.77827812499997));
#1899=CARTESIAN_POINT('Origin',(62.4250797734458,11.9660750746164,2.77827812499997));
#1900=CARTESIAN_POINT('',(67.9023053484974,10.2160750746164,3.27827812499996));
#1901=CARTESIAN_POINT('Ctrl Pts',(67.9023053484974,10.2160750746164,3.27827812499997));
#1902=CARTESIAN_POINT('Ctrl Pts',(68.1528014271187,10.2160750746164,3.039665337474));
#1903=CARTESIAN_POINT('Ctrl Pts',(68.4250797734458,10.2160750746164,2.77827812499997));
#1904=CARTESIAN_POINT('Origin',(62.4250797734458,11.9660750746164,3.27827812499997));
#1905=CARTESIAN_POINT('Origin',(62.4250797734458,11.9660750746164,-4.12172187500003));
#1906=CARTESIAN_POINT('',(56.4250797734458,10.2160750746164,-4.12172187500004));
#1907=CARTESIAN_POINT('',(68.4250797734458,10.2160750746164,-4.12172187500004));
#1908=CARTESIAN_POINT('Origin',(62.4250797734458,11.9660750746164,3.02827812499997));
#1909=CARTESIAN_POINT('',(67.9023053484974,13.7160750746164,3.27827812499997));
#1910=CARTESIAN_POINT('',(68.4250797734458,13.7160750746164,2.77827812499997));
#1911=CARTESIAN_POINT('Ctrl Pts',(68.4250797734458,13.7160750746164,2.77827812499997));
#1912=CARTESIAN_POINT('Ctrl Pts',(68.1528014271187,13.7160750746164,3.03966533747395));
#1913=CARTESIAN_POINT('Ctrl Pts',(67.9023053484974,13.7160750746164,3.27827812499997));
#1914=CARTESIAN_POINT('',(56.4250797734458,13.7160750746164,2.77827812499997));
#1915=CARTESIAN_POINT('Origin',(62.4250797734458,11.9660750746164,2.77827812499997));
#1916=CARTESIAN_POINT('',(56.9478541983941,13.7160750746164,3.27827812499997));
#1917=CARTESIAN_POINT('Ctrl Pts',(56.9478541983941,13.7160750746164,3.27827812499997));
#1918=CARTESIAN_POINT('Ctrl Pts',(56.6973581197756,13.7160750746164,3.03966533747663));
#1919=CARTESIAN_POINT('Ctrl Pts',(56.4250797734458,13.7160750746164,2.77827812499997));
#1920=CARTESIAN_POINT('Origin',(62.4250797734458,11.9660750746164,3.27827812499997));
#1921=CARTESIAN_POINT('Origin',(62.4250797734458,11.9660750746164,-4.12172187500003));
#1922=CARTESIAN_POINT('',(56.4250797734458,13.7160750746164,-4.12172187500003));
#1923=CARTESIAN_POINT('',(68.4250797734458,13.7160750746164,-4.12172187500003));
#1924=CARTESIAN_POINT('Origin',(63.9793690953271,11.9660750746164,3.27827812499997));
#1925=CARTESIAN_POINT('',(70.5336584172085,10.2160750746164,3.27827812499997));
#1926=CARTESIAN_POINT('',(54.3165011296831,10.2160750746164,3.27827812499996));
#1927=CARTESIAN_POINT('',(68.7836584172085,11.9660750746164,3.27827812499997));
#1928=CARTESIAN_POINT('',(68.7836584172085,11.9660750746164,3.27827812499997));
#1929=CARTESIAN_POINT('',(70.5336584172085,13.7160750746164,3.27827812499997));
#1930=CARTESIAN_POINT('',(72.9250797734474,16.1074964308554,3.27827812499997));
#1931=CARTESIAN_POINT('',(70.5336584172085,13.7160750746164,3.27827812499997));
#1932=CARTESIAN_POINT('',(54.3165011296831,13.7160750746164,3.27827812499997));
#1933=CARTESIAN_POINT('',(70.5336584172085,13.7160750746164,3.27827812499997));
#1934=CARTESIAN_POINT('',(56.0665011296831,11.9660750746164,3.27827812499997));
#1935=CARTESIAN_POINT('',(56.0665011296831,11.9660750746164,3.27827812499997));
#1936=CARTESIAN_POINT('',(54.3165011296831,10.2160750746164,3.27827812499996));
#1937=CARTESIAN_POINT('',(51.9250797734458,7.82465371837909,3.27827812499996));
#1938=CARTESIAN_POINT('',(54.3165011296831,10.2160750746164,3.27827812499996));
#1939=CARTESIAN_POINT('',(62.4250797734458,16.8160750746164,3.27827812499997));
#1940=CARTESIAN_POINT('Origin',(62.4250797734458,11.9660750746164,3.27827812499997));
#1941=CARTESIAN_POINT('Origin',(54.3165011296831,13.7160750746164,3.27827812499997));
#1942=CARTESIAN_POINT('',(57.9018066222863,13.7160750746164,-7.77172187500003));
#1943=CARTESIAN_POINT('',(57.9018066222863,13.7160750746164,3.27827812499997));
#1944=CARTESIAN_POINT('',(54.3165011296831,13.7160750746164,-7.77172187500003));
#1945=CARTESIAN_POINT('',(58.3707904515644,13.7160750746164,-7.77172187500003));
#1946=CARTESIAN_POINT('',(54.3165011296831,13.7160750746164,3.27827812499997));
#1947=CARTESIAN_POINT('Origin',(62.4250797734458,11.9660750746164,3.27827812499997));
#1948=CARTESIAN_POINT('',(62.4250797734458,16.8160750746164,3.27827812499997));
#1949=CARTESIAN_POINT('Origin',(66.9483529246052,13.7160750746164,3.27827812499997));
#1950=CARTESIAN_POINT('',(70.5336584172085,13.7160750746164,-7.77172187500003));
#1951=CARTESIAN_POINT('',(70.5336584172085,13.7160750746164,3.27827812499997));
#1952=CARTESIAN_POINT('',(66.9483529246052,13.7160750746164,-7.77172187500003));
#1953=CARTESIAN_POINT('',(67.844679297756,13.7160750746164,-7.77172187500003));
#1954=CARTESIAN_POINT('',(66.9483529246052,13.7160750746164,3.27827812499997));
#1955=CARTESIAN_POINT('Origin',(62.4250797734458,11.9660750746164,-7.77172187500003));
#1956=CARTESIAN_POINT('',(54.3165011296831,10.2160750746164,-7.77172187500003));
#1957=CARTESIAN_POINT('',(57.9018066222863,10.2160750746164,-7.77172187500003));
#1958=CARTESIAN_POINT('',(60.1634431978661,10.2160750746164,-7.77172187500003));
#1959=CARTESIAN_POINT('',(56.0665011296831,11.9660750746164,-7.77172187500003));
#1960=CARTESIAN_POINT('',(56.7811457906237,12.6807197355571,-7.77172187500003));
#1961=CARTESIAN_POINT('',(57.6561457906238,10.3764304136758,-7.77172187500003));
#1962=CARTESIAN_POINT('',(57.9018066222863,12.8410750746164,-7.77172187500003));
#1963=CARTESIAN_POINT('Origin',(68.7410056709069,11.9660750746164,-7.77172187500003));
#1964=CARTESIAN_POINT('',(68.7836584172085,11.9660750746164,-7.77172187500003));
#1965=CARTESIAN_POINT('',(69.6479952306331,12.830411888041,-7.77172187500003));
#1966=CARTESIAN_POINT('',(70.5336584172085,10.2160750746164,-7.77172187500003));
#1967=CARTESIAN_POINT('',(68.7729952306331,11.9767382611918,-7.77172187500003));
#1968=CARTESIAN_POINT('',(66.9483529246052,10.2160750746164,-7.77172187500003));
#1969=CARTESIAN_POINT('',(69.6373320440577,10.2160750746164,-7.77172187500003));
#1970=CARTESIAN_POINT('',(66.9483529246052,11.0910750746164,-7.77172187500003));
#1971=CARTESIAN_POINT('Origin',(56.0665011296831,11.9660750746164,3.27827812499997));
#1972=CARTESIAN_POINT('',(56.0665011296831,11.9660750746164,3.27827812499997));
#1973=CARTESIAN_POINT('Origin',(66.9483529246052,10.2160750746164,-4.27172187500004));
#1974=CARTESIAN_POINT('',(66.9483529246052,10.2160750746164,3.27827812499996));
#1975=CARTESIAN_POINT('Origin',(70.5336584172085,10.2160750746164,3.27827812499997));
#1976=CARTESIAN_POINT('',(70.5336584172085,10.2160750746164,3.27827812499997));
#1977=CARTESIAN_POINT('Origin',(57.9018066222863,13.7160750746164,-4.27172187500003));
#1978=CARTESIAN_POINT('',(57.9018066222863,10.2160750746164,3.27827812499996));
#1979=CARTESIAN_POINT('Origin',(54.3165011296831,10.2160750746164,3.27827812499996));
#1980=CARTESIAN_POINT('',(54.3165011296831,10.2160750746164,3.27827812499996));
#1981=CARTESIAN_POINT('Origin',(57.9018066222863,10.2160750746164,3.27827812499996));
#1982=CARTESIAN_POINT('Origin',(68.7836584172085,11.9660750746164,3.27827812499997));
#1983=CARTESIAN_POINT('',(68.7836584172085,11.9660750746164,3.27827812499997));
#1984=CARTESIAN_POINT('Origin',(70.5336584172085,13.7160750746164,3.27827812499997));
#1985=UNCERTAINTY_MEASURE_WITH_UNIT(LENGTH_MEASURE(0.01),#1989,
'DISTANCE_ACCURACY_VALUE',
'Maximum model space distance between geometric entities at asserted c
onnectivities');
#1986=UNCERTAINTY_MEASURE_WITH_UNIT(LENGTH_MEASURE(0.01),#1989,
'DISTANCE_ACCURACY_VALUE',
'Maximum model space distance between geometric entities at asserted c
onnectivities');
#1987=(
GEOMETRIC_REPRESENTATION_CONTEXT(3)
GLOBAL_UNCERTAINTY_ASSIGNED_CONTEXT((#1985))
GLOBAL_UNIT_ASSIGNED_CONTEXT((#1989,#1991,#1992))
REPRESENTATION_CONTEXT('','3D')
);
#1988=(
GEOMETRIC_REPRESENTATION_CONTEXT(3)
GLOBAL_UNCERTAINTY_ASSIGNED_CONTEXT((#1986))
GLOBAL_UNIT_ASSIGNED_CONTEXT((#1989,#1991,#1992))
REPRESENTATION_CONTEXT('','3D')
);
#1989=(
LENGTH_UNIT()
NAMED_UNIT(*)
SI_UNIT(.MILLI.,.METRE.)
);
#1990=(
LENGTH_UNIT()
NAMED_UNIT(*)
SI_UNIT($,.METRE.)
);
#1991=(
NAMED_UNIT(*)
PLANE_ANGLE_UNIT()
SI_UNIT($,.RADIAN.)
);
#1992=(
NAMED_UNIT(*)
SI_UNIT($,.STERADIAN.)
SOLID_ANGLE_UNIT()
);
#1993=SHAPE_DEFINITION_REPRESENTATION(#1994,#1995);
#1994=PRODUCT_DEFINITION_SHAPE('',$,#1997);
#1995=SHAPE_REPRESENTATION('',(#1236),#1987);
#1996=PRODUCT_DEFINITION_CONTEXT('part definition',#2001,'design');
#1997=PRODUCT_DEFINITION('2026-08-13-17-43-37-435','Face Button X',#1998,
#1996);
#1998=PRODUCT_DEFINITION_FORMATION('',$,#2003);
#1999=PRODUCT_RELATED_PRODUCT_CATEGORY('Face Button X','Face Button X',
(#2003));
#2000=APPLICATION_PROTOCOL_DEFINITION('international standard',
'automotive_design',2009,#2001);
#2001=APPLICATION_CONTEXT(
'Core Data for Automotive Mechanical Design Process');
#2002=PRODUCT_CONTEXT('part definition',#2001,'mechanical');
#2003=PRODUCT('2026-08-13-17-43-37-435','Face Button X',$,(#2002));
#2004=PRESENTATION_STYLE_ASSIGNMENT((#2006));
#2005=PRESENTATION_STYLE_ASSIGNMENT((#2007));
#2006=SURFACE_STYLE_USAGE(.BOTH.,#2008);
#2007=SURFACE_STYLE_USAGE(.BOTH.,#2009);
#2008=SURFACE_SIDE_STYLE('',(#2010));
#2009=SURFACE_SIDE_STYLE('',(#2011));
#2010=SURFACE_STYLE_FILL_AREA(#2012);
#2011=SURFACE_STYLE_FILL_AREA(#2013);
#2012=FILL_AREA_STYLE('Steel - Satin',(#2014));
#2013=FILL_AREA_STYLE('Plastic - Matte (Red)',(#2015));
#2014=FILL_AREA_STYLE_COLOUR('Steel - Satin',#2016);
#2015=FILL_AREA_STYLE_COLOUR('Plastic - Matte (Red)',#2017);
#2016=COLOUR_RGB('Steel - Satin',0.627450980392157,0.627450980392157,0.627450980392157);
#2017=COLOUR_RGB('Plastic - Matte (Red)',0.768627450980392,0.207843137254902,
0.152941176470588);
ENDSEC;
END-ISO-10303-21;
