ISO-10303-21;
HEADER;
/* Generated by software containing ST-Developer
 * from STEP Tools, Inc. (www.steptools.com) 
 */

FILE_DESCRIPTION(
/* description */ (''),
/* implementation_level */ '2;1');

FILE_NAME(
/* name */ 'Shoulder Button (also mirrored).step',
/* time_stamp */ '2026-08-13T17:45:22+02:00',
/* author */ (''),
/* organization */ (''),
/* preprocessor_version */ 'ST-DEVELOPER v20.1',
/* originating_system */ 'Autodesk Translation Framework v15.8.0.0',
/* authorisation */ '');

FILE_SCHEMA (('AUTOMOTIVE_DESIGN { 1 0 10303 214 3 1 1 }'));
ENDSEC;

DATA;
#10=MECHANICAL_DESIGN_GEOMETRIC_PRESENTATION_REPRESENTATION('',(#13),#3455);
#11=SHAPE_REPRESENTATION_RELATIONSHIP('SRR','None',#3462,#12);
#12=ADVANCED_BREP_SHAPE_REPRESENTATION('',(#14),#3454);
#13=STYLED_ITEM('',(#3472),#14);
#14=MANIFOLD_SOLID_BREP('Body1',#1331);
#15=FACE_BOUND('',#299,.T.);
#16=FACE_BOUND('',#325,.T.);
#17=B_SPLINE_CURVE_WITH_KNOTS('',3,(#1836,#1837,#1838,#1839,#1840,#1841,
#1842,#1843,#1844,#1845,#1846,#1847,#1848,#1849,#1850,#1851),
 .UNSPECIFIED.,.F.,.F.,(4,2,2,2,2,2,2,4),(-0.139037058895236,-0.138676763788738,
-0.136207871592101,-0.130407713355759,-0.120336465579355,-0.10328460494853,
-0.0862916669911118,-0.0693383818942763),.UNSPECIFIED.);
#18=B_SPLINE_CURVE_WITH_KNOTS('',3,(#1895,#1896,#1897,#1898,#1899,#1900,
#1901,#1902,#1903,#1904,#1905),.UNSPECIFIED.,.F.,.F.,(4,2,2,2,1,4),(0.000158626835258031,
0.0151867670333108,0.0317634255121857,0.0467198779736084,0.0468830300429664,
0.0470461821123245),.UNSPECIFIED.);
#19=B_SPLINE_CURVE_WITH_KNOTS('',3,(#1908,#1909,#1910,#1911,#1912,#1913),
 .UNSPECIFIED.,.F.,.F.,(4,2,4),(0.419310185733789,0.431407668533752,0.441961089323511),
 .UNSPECIFIED.);
#20=B_SPLINE_CURVE_WITH_KNOTS('',3,(#1918,#1919,#1920,#1921,#1922,#1923,
#1924,#1925,#1926,#1927,#1928),.UNSPECIFIED.,.F.,.F.,(4,1,2,2,2,4),(-0.000327901996620946,
-0.000163950998310473,0.,0.0150243692486934,0.0316826032890209,0.0467891581203149),
 .UNSPECIFIED.);
#21=B_SPLINE_CURVE_WITH_KNOTS('',3,(#1937,#1938,#1939,#1940,#1941,#1942),
 .UNSPECIFIED.,.F.,.F.,(4,2,4),(0.0281609794376102,0.0387144002273688,0.050811883027332),
 .UNSPECIFIED.);
#22=B_SPLINE_CURVE_WITH_KNOTS('',3,(#1947,#1948,#1949,#1950,#1951,#1952,
#1953,#1954,#1955,#1956),.UNSPECIFIED.,.F.,.F.,(4,1,1,1,1,1,1,4),(0.,0.52316692397785,
1.0463338479557,1.56950077193355,2.0926676959114,2.61583461988925,3.1390015438671,
3.66216846784495),.UNSPECIFIED.);
#23=B_SPLINE_CURVE_WITH_KNOTS('',3,(#1965,#1966,#1967,#1968,#1969,#1970,
#1971,#1972,#1973,#1974,#1975,#1976,#1977),.UNSPECIFIED.,.F.,.F.,(4,3,3,
3,4),(-3.5308880272136,-3.18943945815216,-2.18323850957376,-0.371989427082499,
0.),.UNSPECIFIED.);
#24=B_SPLINE_CURVE_WITH_KNOTS('',3,(#1979,#1980,#1981,#1982),
 .UNSPECIFIED.,.F.,.F.,(4,4),(-2.77555756156289E-17,0.364747986223316),
 .UNSPECIFIED.);
#25=B_SPLINE_CURVE_WITH_KNOTS('',3,(#2048,#2049,#2050,#2051,#2052,#2053,
#2054,#2055,#2056,#2057,#2058,#2059,#2060,#2061,#2062,#2063),
 .UNSPECIFIED.,.F.,.F.,(4,2,2,2,2,2,2,4),(-0.000360295105460413,0.,0.00246889219516847,
0.00826905042572906,0.0183402981923934,0.0353921588067309,0.0523850967477035,
0.0693383818281263),.UNSPECIFIED.);
#26=B_SPLINE_CURVE_WITH_KNOTS('',3,(#2118,#2119,#2120,#2121),
 .UNSPECIFIED.,.F.,.F.,(4,4),(0.0500000000420336,0.770000000042034),
 .UNSPECIFIED.);
#27=B_SPLINE_CURVE_WITH_KNOTS('',3,(#2137,#2138,#2139,#2140),
 .UNSPECIFIED.,.F.,.F.,(4,4),(-2.77555756156289E-17,0.364747986223316),
 .UNSPECIFIED.);
#28=B_SPLINE_CURVE_WITH_KNOTS('',3,(#2142,#2143,#2144,#2145,#2146,#2147,
#2148,#2149,#2150,#2151,#2152,#2153,#2154),.UNSPECIFIED.,.F.,.F.,(4,3,3,
3,4),(-1.94849929196073,-1.83244701601727,-1.26737832583377,-0.953466419641084,
-0.846942199670634),.UNSPECIFIED.);
#29=B_SPLINE_CURVE_WITH_KNOTS('',3,(#2160,#2161,#2162,#2163),
 .UNSPECIFIED.,.F.,.F.,(4,4),(0.,0.443399479002449),.UNSPECIFIED.);
#30=B_SPLINE_CURVE_WITH_KNOTS('',3,(#2167,#2168,#2169,#2170,#2171,#2172,
#2173,#2174,#2175,#2176,#2177,#2178,#2179,#2180,#2181,#2182,#2183,#2184,
#2185,#2186,#2187,#2188,#2189,#2190,#2191,#2192,#2193,#2194,#2195,#2196,
#2197,#2198,#2199,#2200,#2201,#2202,#2203,#2204,#2205,#2206,#2207,#2208,
#2209),.UNSPECIFIED.,.F.,.F.,(4,3,3,3,3,3,3,3,3,3,3,3,3,3,4),(-0.00104238885172209,
0.,0.0314362728053189,0.062033770642964,0.0922203887716412,0.121861633083898,
0.140469299363515,0.166456922733993,0.191543450461643,0.217305541848726,
0.230896870920429,0.252859358135145,0.27406786469863,0.294400816960964,
0.314733769223297),.UNSPECIFIED.);
#31=B_SPLINE_CURVE_WITH_KNOTS('',3,(#2211,#2212,#2213,#2214),
 .UNSPECIFIED.,.F.,.F.,(4,4),(1.54823128635893,1.72086150630062),
 .UNSPECIFIED.);
#32=B_SPLINE_CURVE_WITH_KNOTS('',3,(#2216,#2217,#2218,#2219,#2220,#2221,
#2222,#2223,#2224,#2225,#2226,#2227,#2228),.UNSPECIFIED.,.F.,.F.,(4,3,3,
3,4),(1.66340138121389,2.50028655274876,2.99529158311929,3.51632258407257,
3.97614364905662),.UNSPECIFIED.);
#33=B_SPLINE_CURVE_WITH_KNOTS('',3,(#2230,#2231,#2232,#2233,#2234,#2235,
#2236),.UNSPECIFIED.,.F.,.F.,(4,3,4),(1.30160810749742,1.39212758701151,
1.48493663934247),.UNSPECIFIED.);
#34=B_SPLINE_CURVE_WITH_KNOTS('',3,(#2238,#2239,#2240,#2241,#2242,#2243,
#2244,#2245),.UNSPECIFIED.,.F.,.F.,(4,2,2,4),(0.,0.125408235832543,0.280409497577986,
0.281177293074905),.UNSPECIFIED.);
#35=B_SPLINE_CURVE_WITH_KNOTS('',3,(#2248,#2249,#2250,#2251,#2252),
 .UNSPECIFIED.,.F.,.F.,(4,1,4),(0.0117750268212707,0.460501271559255,0.797045955112743),
 .UNSPECIFIED.);
#36=B_SPLINE_CURVE_WITH_KNOTS('',3,(#2284,#2285,#2286,#2287),
 .UNSPECIFIED.,.F.,.F.,(4,4),(-0.820000000000001,4.44089209850063E-16),
 .UNSPECIFIED.);
#37=B_SPLINE_CURVE_WITH_KNOTS('',3,(#2288,#2289,#2290,#2291),
 .UNSPECIFIED.,.F.,.F.,(4,4),(-4.44089209850063E-16,0.820000000000001),
 .UNSPECIFIED.);
#38=B_SPLINE_CURVE_WITH_KNOTS('',3,(#2325,#2326,#2327,#2328,#2329,#2330),
 .UNSPECIFIED.,.F.,.F.,(4,2,4),(-0.86,-0.45,-0.09),.UNSPECIFIED.);
#39=B_SPLINE_CURVE_WITH_KNOTS('',3,(#2331,#2332,#2333,#2334),
 .UNSPECIFIED.,.F.,.F.,(4,4),(-0.09,-0.04),.UNSPECIFIED.);
#40=B_SPLINE_CURVE_WITH_KNOTS('',3,(#2376,#2377,#2378,#2379,#2380),
 .UNSPECIFIED.,.F.,.F.,(4,1,4),(-0.797045955112743,-0.460501271559255,-0.0117750268212707),
 .UNSPECIFIED.);
#41=B_SPLINE_CURVE_WITH_KNOTS('',3,(#2402,#2403,#2404,#2405),
 .UNSPECIFIED.,.F.,.F.,(4,4),(-0.212023456360807,0.),.UNSPECIFIED.);
#42=B_SPLINE_CURVE_WITH_KNOTS('',3,(#2408,#2409,#2410,#2411),
 .UNSPECIFIED.,.F.,.F.,(4,4),(0.,0.212023456360807),.UNSPECIFIED.);
#43=B_SPLINE_CURVE_WITH_KNOTS('',3,(#2435,#2436,#2437,#2438),
 .UNSPECIFIED.,.F.,.F.,(4,4),(-0.274628701114229,0.),.UNSPECIFIED.);
#44=B_SPLINE_CURVE_WITH_KNOTS('',3,(#2439,#2440,#2441,#2442),
 .UNSPECIFIED.,.F.,.F.,(4,4),(0.,0.274628701114229),.UNSPECIFIED.);
#45=B_SPLINE_CURVE_WITH_KNOTS('',3,(#2466,#2467,#2468,#2469),
 .UNSPECIFIED.,.F.,.F.,(4,4),(-0.303209884371283,-2.55999836492209E-13),
 .UNSPECIFIED.);
#46=B_SPLINE_CURVE_WITH_KNOTS('',3,(#2470,#2471,#2472,#2473),
 .UNSPECIFIED.,.F.,.F.,(4,4),(2.55999836492209E-13,0.303209884371283),
 .UNSPECIFIED.);
#47=B_SPLINE_CURVE_WITH_KNOTS('',3,(#2502,#2503,#2504,#2505,#2506,#2507,
#2508,#2509),.UNSPECIFIED.,.F.,.F.,(4,2,2,4),(-0.241265260998764,-0.237672519275659,
0.,0.00361072938794447),.UNSPECIFIED.);
#48=B_SPLINE_CURVE_WITH_KNOTS('',3,(#2564,#2565,#2566,#2567),
 .UNSPECIFIED.,.F.,.F.,(4,4),(-0.138762306126263,0.),.UNSPECIFIED.);
#49=B_SPLINE_CURVE_WITH_KNOTS('',3,(#2568,#2569,#2570,#2571),
 .UNSPECIFIED.,.F.,.F.,(4,4),(0.,0.138762306126263),.UNSPECIFIED.);
#50=B_SPLINE_CURVE_WITH_KNOTS('',3,(#2593,#2594,#2595,#2596),
 .UNSPECIFIED.,.F.,.F.,(4,4),(-0.0369212427313797,0.),.UNSPECIFIED.);
#51=B_SPLINE_CURVE_WITH_KNOTS('',3,(#2599,#2600,#2601,#2602),
 .UNSPECIFIED.,.F.,.F.,(4,4),(0.,0.0369212427313797),.UNSPECIFIED.);
#52=B_SPLINE_CURVE_WITH_KNOTS('',3,(#2625,#2626,#2627,#2628),
 .UNSPECIFIED.,.F.,.F.,(4,4),(-0.469800758028342,0.),.UNSPECIFIED.);
#53=B_SPLINE_CURVE_WITH_KNOTS('',3,(#2629,#2630,#2631,#2632),
 .UNSPECIFIED.,.F.,.F.,(4,4),(0.,0.469800758028342),.UNSPECIFIED.);
#54=B_SPLINE_CURVE_WITH_KNOTS('',3,(#2655,#2656,#2657,#2658),
 .UNSPECIFIED.,.F.,.F.,(4,4),(-0.443399479002449,0.),.UNSPECIFIED.);
#55=B_SPLINE_CURVE_WITH_KNOTS('',3,(#2685,#2686,#2687,#2688,#2689),
 .UNSPECIFIED.,.F.,.F.,(4,1,4),(0.0017673344823848,0.324941859213265,0.568648253623214),
 .UNSPECIFIED.);
#56=B_SPLINE_CURVE_WITH_KNOTS('',3,(#2691,#2692,#2693,#2694,#2695),
 .UNSPECIFIED.,.F.,.F.,(4,1,4),(-0.568648253623214,-0.324941859213265,1.64571130562708E-16),
 .UNSPECIFIED.);
#57=B_SPLINE_CURVE_WITH_KNOTS('',3,(#2698,#2699,#2700,#2701,#2702,#2703,
#2704,#2705,#2706,#2707,#2708,#2709,#2710,#2711,#2712,#2713,#2714,#2715,
#2716,#2717,#2718,#2719,#2720,#2721,#2722,#2723,#2724,#2725,#2726,#2727,
#2728,#2729,#2730,#2731),.UNSPECIFIED.,.F.,.F.,(4,3,3,3,3,3,3,3,3,3,3,4),
(-0.069681335917682,-0.0618654095788198,-0.0538871036850345,-0.0501585532272232,
-0.0421922987650658,-0.0346726121631588,-0.0306259142077099,-0.0226669153054719,
-0.0153142716595763,-0.00738100689001273,0.,0.000324221209678027),
 .UNSPECIFIED.);
#58=B_SPLINE_CURVE_WITH_KNOTS('',3,(#2748,#2749,#2750,#2751),
 .UNSPECIFIED.,.F.,.F.,(4,4),(-0.770000000042034,-0.0500000000420336),
 .UNSPECIFIED.);
#59=B_SPLINE_CURVE_WITH_KNOTS('',3,(#2777,#2778,#2779,#2780,#2781,#2782,
#2783),.UNSPECIFIED.,.F.,.F.,(4,3,4),(-2.98102297504724,-2.64093791192017,
-2.38587411457487),.UNSPECIFIED.);
#60=B_SPLINE_CURVE_WITH_KNOTS('',3,(#2786,#2787,#2788,#2789,#2790),
 .UNSPECIFIED.,.F.,.F.,(4,1,4),(2.38587411457486,2.64093791192017,2.97925582703511),
 .UNSPECIFIED.);
#61=B_SPLINE_CURVE_WITH_KNOTS('',3,(#2841,#2842,#2843,#2844,#2845,#2846,
#2847,#2848,#2849,#2850),.UNSPECIFIED.,.F.,.F.,(4,1,1,1,1,1,1,4),(-3.66216846784495,
-3.1390015438671,-2.61583461988925,-2.0926676959114,-1.56950077193355,-1.0463338479557,
-0.52316692397785,0.),.UNSPECIFIED.);
#62=B_SPLINE_CURVE_WITH_KNOTS('',3,(#2912,#2913,#2914,#2915),
 .UNSPECIFIED.,.F.,.F.,(4,4),(-0.406752002403558,-0.253644247267594),
 .UNSPECIFIED.);
#63=B_SPLINE_CURVE_WITH_KNOTS('',3,(#2917,#2918,#2919,#2920,#2921,#2922,
#2923),.UNSPECIFIED.,.F.,.F.,(4,3,4),(-0.907292050045776,-0.540074642868946,
-0.538340809966038),.UNSPECIFIED.);
#64=B_SPLINE_CURVE_WITH_KNOTS('',3,(#2925,#2926,#2927,#2928),
 .UNSPECIFIED.,.F.,.F.,(4,4),(-2.46965210630365,-2.20334743701677),
 .UNSPECIFIED.);
#65=B_SPLINE_CURVE_WITH_KNOTS('',3,(#2930,#2931,#2932,#2933,#2934,#2935,
#2936,#2937,#2938,#2939,#2940,#2941,#2942,#2943,#2944,#2945,#2946,#2947,
#2948,#2949,#2950,#2951,#2952,#2953,#2954,#2955,#2956,#2957,#2958,#2959,
#2960,#2961,#2962,#2963,#2964,#2965,#2966,#2967,#2968,#2969,#2970,#2971,
#2972,#2973,#2974,#2975,#2976,#2977,#2978),.UNSPECIFIED.,.F.,.F.,(4,3,3,
3,3,3,3,3,3,3,3,3,3,3,3,3,4),(-2.20334743701677,-2.12664291173314,-2.05185714659801,
-1.97777520058212,-1.92712709598917,-1.85116821133071,-1.77416889800367,
-1.76522210884734,-1.67588140149109,-1.62581072664494,-1.54122121588643,
-1.47047786279029,-1.45663170512791,-1.38959341859643,-1.31913069351128,
-1.24345857298871,-1.16778645246615),.UNSPECIFIED.);
#66=B_SPLINE_CURVE_WITH_KNOTS('',3,(#2980,#2981,#2982,#2983),
 .UNSPECIFIED.,.F.,.F.,(4,4),(-1.16778645246615,-1.02915763059761),
 .UNSPECIFIED.);
#67=B_SPLINE_CURVE_WITH_KNOTS('',3,(#2985,#2986,#2987,#2988),
 .UNSPECIFIED.,.F.,.F.,(4,4),(-1.20311449469655,-1.13274039751922),
 .UNSPECIFIED.);
#68=B_SPLINE_CURVE_WITH_KNOTS('',3,(#2989,#2990,#2991,#2992),
 .UNSPECIFIED.,.F.,.F.,(4,4),(-0.955969587890626,-0.433469650797206),
 .UNSPECIFIED.);
#69=B_SPLINE_CURVE_WITH_KNOTS('',3,(#2997,#2998,#2999,#3000),
 .UNSPECIFIED.,.F.,.F.,(4,4),(-0.37954792240615,0.),.UNSPECIFIED.);
#70=B_SPLINE_CURVE_WITH_KNOTS('',3,(#3023,#3024,#3025,#3026),
 .UNSPECIFIED.,.F.,.F.,(4,4),(-0.130835880554852,-2.83950978930184E-15),
 .UNSPECIFIED.);
#71=B_SPLINE_CURVE_WITH_KNOTS('',3,(#3030,#3031,#3032,#3033),
 .UNSPECIFIED.,.F.,.F.,(4,4),(2.83950978930184E-15,0.790023103226257),
 .UNSPECIFIED.);
#72=B_SPLINE_CURVE_WITH_KNOTS('',3,(#3035,#3036,#3037,#3038),
 .UNSPECIFIED.,.F.,.F.,(4,4),(-0.790023103226257,-0.3764089191238),
 .UNSPECIFIED.);
#73=B_SPLINE_CURVE_WITH_KNOTS('',3,(#3045,#3046,#3047,#3048),
 .UNSPECIFIED.,.F.,.F.,(4,4),(-0.380155176421362,-1.45333723396353E-13),
 .UNSPECIFIED.);
#74=B_SPLINE_CURVE_WITH_KNOTS('',3,(#3050,#3051,#3052,#3053,#3054),
 .UNSPECIFIED.,.F.,.F.,(4,1,4),(-0.16825693363608,0.0496575304458317,0.340210148889138),
 .UNSPECIFIED.);
#75=B_SPLINE_CURVE_WITH_KNOTS('',3,(#3091,#3092,#3093,#3094,#3095,#3096,
#3097,#3098),.UNSPECIFIED.,.F.,.F.,(4,1,1,1,1,4),(-4.43207106188068,-4.27178786854846,
-3.95122148188402,-3.63065509521959,-3.47037190188737,-3.31008870855515),
 .UNSPECIFIED.);
#76=B_SPLINE_CURVE_WITH_KNOTS('',3,(#3117,#3118,#3119,#3120),
 .UNSPECIFIED.,.F.,.F.,(4,4),(-0.171428234469901,4.74757049409281E-16),
 .UNSPECIFIED.);
#77=B_SPLINE_CURVE_WITH_KNOTS('',3,(#3139,#3140,#3141,#3142),
 .UNSPECIFIED.,.F.,.F.,(4,4),(-0.398661661435357,0.),.UNSPECIFIED.);
#78=B_SPLINE_CURVE_WITH_KNOTS('',3,(#3167,#3168,#3169,#3170,#3171,#3172),
 .UNSPECIFIED.,.F.,.F.,(4,2,4),(-0.0923513431305966,0.,0.00044065583717738),
 .UNSPECIFIED.);
#79=B_SPLINE_CURVE_WITH_KNOTS('',3,(#3197,#3198,#3199,#3200,#3201,#3202),
 .UNSPECIFIED.,.F.,.F.,(4,2,4),(-0.672149847643192,-0.668991176808324,0.),
 .UNSPECIFIED.);
#80=B_SPLINE_CURVE_WITH_KNOTS('',3,(#3204,#3205,#3206,#3207),
 .UNSPECIFIED.,.F.,.F.,(4,4),(0.514320633962534,1.02581177554024),
 .UNSPECIFIED.);
#81=B_SPLINE_CURVE_WITH_KNOTS('',3,(#3208,#3209,#3210,#3211),
 .UNSPECIFIED.,.F.,.F.,(4,4),(-0.00781071029224128,0.406242957069405),
 .UNSPECIFIED.);
#82=B_SPLINE_CURVE_WITH_KNOTS('',3,(#3270,#3271,#3272,#3273),
 .UNSPECIFIED.,.F.,.F.,(4,4),(5.6035093031333E-5,0.16825693363608),
 .UNSPECIFIED.);
#83=B_SPLINE_CURVE_WITH_KNOTS('',3,(#3295,#3296,#3297,#3298),
 .UNSPECIFIED.,.F.,.F.,(4,4),(1.45333723396353E-13,0.380155176421362),
 .UNSPECIFIED.);
#84=B_SPLINE_CURVE_WITH_KNOTS('',3,(#3321,#3322,#3323,#3324),
 .UNSPECIFIED.,.F.,.F.,(4,4),(0.,0.37954792240615),.UNSPECIFIED.);
#85=B_SPLINE_CURVE_WITH_KNOTS('',3,(#3345,#3346,#3347,#3348),
 .UNSPECIFIED.,.F.,.F.,(4,4),(-0.321230332371804,0.166649898460951),
 .UNSPECIFIED.);
#86=B_SPLINE_CURVE_WITH_KNOTS('',3,(#3349,#3350,#3351,#3352),
 .UNSPECIFIED.,.F.,.F.,(4,4),(-0.166649898460951,1.5546406636314E-5),
 .UNSPECIFIED.);
#87=(
BOUNDED_SURFACE()
B_SPLINE_SURFACE(2,2,((#1820,#1821,#1822),(#1823,#1824,#1825),(#1826,#1827,
#1828)),.UNSPECIFIED.,.F.,.F.,.F.)
B_SPLINE_SURFACE_WITH_KNOTS((3,3),(3,3),(0.,1.57079632679491),(-0.754641432356897,
0.241731582622267),.UNSPECIFIED.)
GEOMETRIC_REPRESENTATION_ITEM()
RATIONAL_B_SPLINE_SURFACE(((1.,0.878450552960714,1.),(0.707106781186579,
0.621158342935621,0.707106781186579),(1.,0.878450552960714,1.)))
REPRESENTATION_ITEM('')
SURFACE()
);
#88=(
BOUNDED_SURFACE()
B_SPLINE_SURFACE(2,2,((#1861,#1862,#1863,#1864,#1865,#1866,#1867,#1868,
#1869,#1870,#1871),(#1872,#1873,#1874,#1875,#1876,#1877,#1878,#1879,#1880,
#1881,#1882),(#1883,#1884,#1885,#1886,#1887,#1888,#1889,#1890,#1891,#1892,
#1893)),.UNSPECIFIED.,.F.,.T.,.F.)
B_SPLINE_SURFACE_WITH_KNOTS((3,3),(3,2,2,2,2,3),(-3.14159265358979,-1.57079632679488),
(-3.17960345036064,-3.14159265358979,-1.5707963267949,0.,1.5707963267949,
3.10358185681895),.UNSPECIFIED.)
GEOMETRIC_REPRESENTATION_ITEM()
RATIONAL_B_SPLINE_SURFACE(((0.98616790625766,0.992912445473696,1.,0.707106781186548,
1.,0.707106781186548,1.,0.707106781186548,1.,0.714194335712852,0.98616790625766),
(0.697326013903317,0.702095123318954,0.707106781186533,0.49999999999999,
0.707106781186533,0.49999999999999,0.707106781186533,0.49999999999999,0.707106781186533,
0.505011657867569,0.697326013903317),(0.98616790625766,0.992912445473696,
1.,0.707106781186548,1.,0.707106781186548,1.,0.707106781186548,1.,0.714194335712852,
0.98616790625766)))
REPRESENTATION_ITEM('')
SURFACE()
);
#89=(
BOUNDED_SURFACE()
B_SPLINE_SURFACE(2,2,((#2065,#2066,#2067),(#2068,#2069,#2070),(#2071,#2072,
#2073)),.UNSPECIFIED.,.F.,.F.,.F.)
B_SPLINE_SURFACE_WITH_KNOTS((3,3),(3,3),(-1.57079632679491,0.),(-0.754641432356022,
0.241731582622267),.UNSPECIFIED.)
GEOMETRIC_REPRESENTATION_ITEM()
RATIONAL_B_SPLINE_SURFACE(((1.,0.878450552960923,1.),(0.707106781186578,
0.621158342935768,0.707106781186578),(1.,0.878450552960923,1.)))
REPRESENTATION_ITEM('')
SURFACE()
);
#90=(
BOUNDED_SURFACE()
B_SPLINE_SURFACE(2,2,((#2079,#2080,#2081,#2082,#2083,#2084,#2085,#2086,
#2087,#2088,#2089),(#2090,#2091,#2092,#2093,#2094,#2095,#2096,#2097,#2098,
#2099,#2100),(#2101,#2102,#2103,#2104,#2105,#2106,#2107,#2108,#2109,#2110,
#2111)),.UNSPECIFIED.,.F.,.T.,.F.)
B_SPLINE_SURFACE_WITH_KNOTS((3,3),(3,2,2,2,2,3),(-3.14159265358979,-1.57079632679488),
(1.44566312493876,1.5707963267949,3.14159265358979,4.71238898038469,6.28318530717959,
7.72884843211835),.UNSPECIFIED.)
GEOMETRIC_REPRESENTATION_ITEM()
RATIONAL_B_SPLINE_SURFACE(((0.957052368398368,0.97666746118075,1.,0.707106781186548,
1.,0.707106781186548,1.,0.707106781186548,1.,0.730439320005798,0.957052368398368),
(0.67673821964512,0.690608184765145,0.707106781186535,0.499999999999991,
0.707106781186535,0.499999999999991,0.707106781186535,0.499999999999991,
0.707106781186535,0.516498596421381,0.67673821964512),(0.957052368398368,
0.97666746118075,1.,0.707106781186548,1.,0.707106781186548,1.,0.707106781186548,
1.,0.730439320005798,0.957052368398368)))
REPRESENTATION_ITEM('')
SURFACE()
);
#91=(
BOUNDED_SURFACE()
B_SPLINE_SURFACE(5,1,((#2851,#2852),(#2853,#2854),(#2855,#2856),(#2857,
#2858),(#2859,#2860),(#2861,#2862),(#2863,#2864),(#2865,#2866),(#2867,#2868),
(#2869,#2870),(#2871,#2872),(#2873,#2874),(#2875,#2876),(#2877,#2878),(#2879,
#2880),(#2881,#2882),(#2883,#2884),(#2885,#2886),(#2887,#2888),(#2889,#2890),
(#2891,#2892),(#2893,#2894),(#2895,#2896),(#2897,#2898),(#2899,#2900),(#2901,
#2902),(#2903,#2904),(#2905,#2906),(#2907,#2908),(#2909,#2910)),
 .UNSPECIFIED.,.F.,.F.,.F.)
B_SPLINE_SURFACE_WITH_KNOTS((6,5,1,1,1,1,1,1,1,1,1,1,1,1,1,1,5,6),(2,2),
(-0.0732031475797159,0.,0.0666666666666667,0.133333333333333,0.2,0.266666666666667,
0.333333333333333,0.4,0.466666666666667,0.533333333333333,0.6,0.666666666666667,
0.733333333333333,0.8,0.866666666666667,0.933333333333333,1.,1.17139938621607),
(-0.387076581449601,2.46707658144961),.UNSPECIFIED.)
GEOMETRIC_REPRESENTATION_ITEM()
RATIONAL_B_SPLINE_SURFACE(((1.,1.),(1.,1.),(1.,1.),(1.,1.),(1.,1.),(1.,
1.),(1.,1.),(1.,1.),(1.,1.),(1.,1.),(1.,1.),(1.,1.),(1.,1.),(1.,1.),(1.,
1.),(1.,1.),(1.,1.),(1.,1.),(1.,1.),(1.,1.),(1.,1.),(1.,1.),(1.,1.),(1.,
1.),(1.,1.),(1.,1.),(1.,1.),(1.,1.),(1.,1.),(1.,1.)))
REPRESENTATION_ITEM('')
SURFACE()
);
#92=B_SPLINE_SURFACE_WITH_KNOTS('',3,3,((#1767,#1768,#1769,#1770,#1771),
(#1772,#1773,#1774,#1775,#1776),(#1777,#1778,#1779,#1780,#1781),(#1782,
#1783,#1784,#1785,#1786),(#1787,#1788,#1789,#1790,#1791),(#1792,#1793,#1794,
#1795,#1796),(#1797,#1798,#1799,#1800,#1801)),.UNSPECIFIED.,.F.,.F.,.F.,
(4,1,1,1,4),(4,1,4),(0.,0.285714285714286,0.5,0.785714285714286,1.),(-1.5707963267949,
-0.897597901025658,-9.91270557701038E-17),.UNSPECIFIED.);
#93=B_SPLINE_SURFACE_WITH_KNOTS('',3,3,((#1986,#1987,#1988,#1989,#1990),
(#1991,#1992,#1993,#1994,#1995),(#1996,#1997,#1998,#1999,#2000),(#2001,
#2002,#2003,#2004,#2005),(#2006,#2007,#2008,#2009,#2010),(#2011,#2012,#2013,
#2014,#2015),(#2016,#2017,#2018,#2019,#2020)),.UNSPECIFIED.,.F.,.F.,.F.,
(4,1,1,1,4),(4,1,4),(0.,0.285714285714286,0.5,0.785714285714286,1.),(-1.57079632679491,
-0.89759790102566,-2.97381167310312E-16),.UNSPECIFIED.);
#94=B_SPLINE_SURFACE_WITH_KNOTS('',3,3,((#2268,#2269,#2270,#2271),(#2272,
#2273,#2274,#2275),(#2276,#2277,#2278,#2279),(#2280,#2281,#2282,#2283)),
 .UNSPECIFIED.,.F.,.F.,.F.,(4,4),(4,4),(0.,1.),(-4.44089209850063E-16,0.820000000000001),
 .UNSPECIFIED.);
#95=B_SPLINE_SURFACE_WITH_KNOTS('',3,1,((#2292,#2293),(#2294,#2295),(#2296,
#2297),(#2298,#2299),(#2300,#2301),(#2302,#2303),(#2304,#2305),(#2306,#2307),
(#2308,#2309),(#2310,#2311),(#2312,#2313),(#2314,#2315),(#2316,#2317),(#2318,
#2319),(#2320,#2321),(#2322,#2323)),.UNSPECIFIED.,.F.,.F.,.F.,(4,2,2,2,
2,2,2,4),(2,2),(0.,0.348272553626068,0.53696133568621,0.95054218263867,
1.42891847329206,2.34345373484326,3.98969662075073,5.10608241016863),(0.,
0.9),.UNSPECIFIED.);
#96=B_SPLINE_SURFACE_WITH_KNOTS('',3,3,((#2349,#2350,#2351,#2352,#2353),
(#2354,#2355,#2356,#2357,#2358),(#2359,#2360,#2361,#2362,#2363),(#2364,
#2365,#2366,#2367,#2368),(#2369,#2370,#2371,#2372,#2373)),.UNSPECIFIED.,
 .F.,.F.,.F.,(4,1,4),(4,1,4),(0.,0.5,1.),(0.0117750268212707,0.460501271559255,
0.797045955112743),.UNSPECIFIED.);
#97=B_SPLINE_SURFACE_WITH_KNOTS('',3,3,((#2381,#2382,#2383,#2384),(#2385,
#2386,#2387,#2388),(#2389,#2390,#2391,#2392),(#2393,#2394,#2395,#2396),
(#2397,#2398,#2399,#2400)),.UNSPECIFIED.,.F.,.F.,.F.,(4,1,4),(4,4),(0.,
0.5,1.),(0.,0.212023456360807),.UNSPECIFIED.);
#98=B_SPLINE_SURFACE_WITH_KNOTS('',3,3,((#2412,#2413,#2414,#2415),(#2416,
#2417,#2418,#2419),(#2420,#2421,#2422,#2423),(#2424,#2425,#2426,#2427),
(#2428,#2429,#2430,#2431)),.UNSPECIFIED.,.F.,.F.,.F.,(4,1,4),(4,4),(0.,
0.5,1.),(0.,0.274628701114229),.UNSPECIFIED.);
#99=B_SPLINE_SURFACE_WITH_KNOTS('',3,3,((#2443,#2444,#2445,#2446),(#2447,
#2448,#2449,#2450),(#2451,#2452,#2453,#2454),(#2455,#2456,#2457,#2458),
(#2459,#2460,#2461,#2462)),.UNSPECIFIED.,.F.,.F.,.F.,(4,1,4),(4,4),(0.,
0.5,1.),(2.55999836492209E-13,0.303209884371283),.UNSPECIFIED.);
#100=B_SPLINE_SURFACE_WITH_KNOTS('',3,3,((#2474,#2475,#2476,#2477),(#2478,
#2479,#2480,#2481),(#2482,#2483,#2484,#2485),(#2486,#2487,#2488,#2489),
(#2490,#2491,#2492,#2493)),.UNSPECIFIED.,.F.,.F.,.F.,(4,1,4),(4,4),(0.,
0.5,1.),(-1.5707963267949,-1.39514260695302),.UNSPECIFIED.);
#101=B_SPLINE_SURFACE_WITH_KNOTS('',3,3,((#2516,#2517,#2518,#2519),(#2520,
#2521,#2522,#2523),(#2524,#2525,#2526,#2527),(#2528,#2529,#2530,#2531),
(#2532,#2533,#2534,#2535)),.UNSPECIFIED.,.F.,.F.,.F.,(4,1,4),(4,4),(0.,
0.5,1.),(1.16720816991455,1.5707963267949),.UNSPECIFIED.);
#102=B_SPLINE_SURFACE_WITH_KNOTS('',3,3,((#2541,#2542,#2543,#2544),(#2545,
#2546,#2547,#2548),(#2549,#2550,#2551,#2552),(#2553,#2554,#2555,#2556),
(#2557,#2558,#2559,#2560)),.UNSPECIFIED.,.F.,.F.,.F.,(4,1,4),(4,4),(0.,
0.5,1.),(0.,0.138762306126263),.UNSPECIFIED.);
#103=B_SPLINE_SURFACE_WITH_KNOTS('',3,3,((#2572,#2573,#2574,#2575),(#2576,
#2577,#2578,#2579),(#2580,#2581,#2582,#2583),(#2584,#2585,#2586,#2587),
(#2588,#2589,#2590,#2591)),.UNSPECIFIED.,.F.,.F.,.F.,(4,1,4),(4,4),(0.,
0.5,1.),(0.,0.0369212427313797),.UNSPECIFIED.);
#104=B_SPLINE_SURFACE_WITH_KNOTS('',3,3,((#2603,#2604,#2605,#2606),(#2607,
#2608,#2609,#2610),(#2611,#2612,#2613,#2614),(#2615,#2616,#2617,#2618),
(#2619,#2620,#2621,#2622)),.UNSPECIFIED.,.F.,.F.,.F.,(4,1,4),(4,4),(0.,
0.5,1.),(0.,0.469800758028342),.UNSPECIFIED.);
#105=B_SPLINE_SURFACE_WITH_KNOTS('',3,3,((#2633,#2634,#2635,#2636),(#2637,
#2638,#2639,#2640),(#2641,#2642,#2643,#2644),(#2645,#2646,#2647,#2648),
(#2649,#2650,#2651,#2652)),.UNSPECIFIED.,.F.,.F.,.F.,(4,1,4),(4,4),(0.,
0.5,1.),(0.,0.443399479002449),.UNSPECIFIED.);
#106=B_SPLINE_SURFACE_WITH_KNOTS('',3,3,((#2659,#2660,#2661,#2662,#2663),
(#2664,#2665,#2666,#2667,#2668),(#2669,#2670,#2671,#2672,#2673),(#2674,
#2675,#2676,#2677,#2678),(#2679,#2680,#2681,#2682,#2683)),.UNSPECIFIED.,
 .F.,.F.,.F.,(4,1,4),(4,1,4),(0.,0.5,1.),(-1.64571130562708E-16,0.324941859213265,
0.568648253623214),.UNSPECIFIED.);
#107=B_SPLINE_SURFACE_WITH_KNOTS('',3,3,((#2732,#2733,#2734,#2735),(#2736,
#2737,#2738,#2739),(#2740,#2741,#2742,#2743),(#2744,#2745,#2746,#2747)),
 .UNSPECIFIED.,.F.,.F.,.F.,(4,4),(4,4),(0.,1.),(0.0500000000420336,0.770000000042034),
 .UNSPECIFIED.);
#108=B_SPLINE_SURFACE_WITH_KNOTS('',3,3,((#2752,#2753,#2754,#2755,#2756),
(#2757,#2758,#2759,#2760,#2761),(#2762,#2763,#2764,#2765,#2766),(#2767,
#2768,#2769,#2770,#2771),(#2772,#2773,#2774,#2775,#2776)),.UNSPECIFIED.,
 .F.,.F.,.F.,(4,1,4),(4,1,4),(0.,0.5,1.),(2.38587411457486,2.64093791192017,
2.98102297504724),.UNSPECIFIED.);
#109=B_SPLINE_SURFACE_WITH_KNOTS('',3,3,((#2791,#2792,#2793,#2794,#2795,
#2796,#2797,#2798,#2799,#2800),(#2801,#2802,#2803,#2804,#2805,#2806,#2807,
#2808,#2809,#2810),(#2811,#2812,#2813,#2814,#2815,#2816,#2817,#2818,#2819,
#2820),(#2821,#2822,#2823,#2824,#2825,#2826,#2827,#2828,#2829,#2830),(#2831,
#2832,#2833,#2834,#2835,#2836,#2837,#2838,#2839,#2840)),.UNSPECIFIED.,.F.,
 .F.,.F.,(4,1,4),(4,1,1,1,1,1,1,4),(0.,0.5,1.),(0.,0.52316692397785,1.0463338479557,
1.56950077193355,2.0926676959114,2.61583461988925,3.1390015438671,3.66216846784495),
 .UNSPECIFIED.);
#110=B_SPLINE_SURFACE_WITH_KNOTS('',3,3,((#3002,#3003,#3004,#3005),(#3006,
#3007,#3008,#3009),(#3010,#3011,#3012,#3013),(#3014,#3015,#3016,#3017),
(#3018,#3019,#3020,#3021)),.UNSPECIFIED.,.F.,.F.,.F.,(4,1,4),(4,4),(0.,
0.571428571428571,1.),(2.83950978930184E-15,0.790023103226257),
 .UNSPECIFIED.);
#111=B_SPLINE_SURFACE_WITH_KNOTS('',3,3,((#3055,#3056,#3057,#3058,#3059,
#3060,#3061,#3062),(#3063,#3064,#3065,#3066,#3067,#3068,#3069,#3070),(#3071,
#3072,#3073,#3074,#3075,#3076,#3077,#3078),(#3079,#3080,#3081,#3082,#3083,
#3084,#3085,#3086)),.UNSPECIFIED.,.F.,.F.,.F.,(4,4),(4,1,1,1,1,4),(0.,1.),
(-4.43207106188068,-4.27178786854846,-3.95122148188402,-3.63065509521959,
-3.47037190188737,-3.31008870855515),.UNSPECIFIED.);
#112=B_SPLINE_SURFACE_WITH_KNOTS('',3,3,((#3099,#3100,#3101,#3102),(#3103,
#3104,#3105,#3106),(#3107,#3108,#3109,#3110),(#3111,#3112,#3113,#3114)),
 .UNSPECIFIED.,.F.,.F.,.F.,(4,4),(4,4),(0.,1.),(-0.171428234469901,4.74757049409281E-16),
 .UNSPECIFIED.);
#113=B_SPLINE_SURFACE_WITH_KNOTS('',3,3,((#3121,#3122,#3123,#3124),(#3125,
#3126,#3127,#3128),(#3129,#3130,#3131,#3132),(#3133,#3134,#3135,#3136)),
 .UNSPECIFIED.,.F.,.F.,.F.,(4,4),(4,4),(0.,1.),(-0.398661661435357,0.),
 .UNSPECIFIED.);
#114=B_SPLINE_SURFACE_WITH_KNOTS('',3,3,((#3143,#3144,#3145,#3146,#3147,
#3148),(#3149,#3150,#3151,#3152,#3153,#3154),(#3155,#3156,#3157,#3158,#3159,
#3160),(#3161,#3162,#3163,#3164,#3165,#3166)),.UNSPECIFIED.,.F.,.F.,.F.,
(4,4),(4,2,4),(0.,1.),(-0.0923513431305966,0.,0.00044065583717738),
 .UNSPECIFIED.);
#115=B_SPLINE_SURFACE_WITH_KNOTS('',3,3,((#3173,#3174,#3175,#3176,#3177,
#3178),(#3179,#3180,#3181,#3182,#3183,#3184),(#3185,#3186,#3187,#3188,#3189,
#3190),(#3191,#3192,#3193,#3194,#3195,#3196)),.UNSPECIFIED.,.F.,.F.,.F.,
(4,4),(4,2,4),(0.,1.),(-0.672149847643192,-0.668991176808324,0.),
 .UNSPECIFIED.);
#116=B_SPLINE_SURFACE_WITH_KNOTS('',3,3,((#3212,#3213,#3214,#3215),(#3216,
#3217,#3218,#3219),(#3220,#3221,#3222,#3223),(#3224,#3225,#3226,#3227)),
 .UNSPECIFIED.,.F.,.F.,.F.,(4,4),(4,4),(0.,1.),(-0.00781071029224128,0.439023167920271),
 .UNSPECIFIED.);
#117=B_SPLINE_SURFACE_WITH_KNOTS('',3,3,((#3228,#3229,#3230,#3231),(#3232,
#3233,#3234,#3235),(#3236,#3237,#3238,#3239),(#3240,#3241,#3242,#3243)),
 .UNSPECIFIED.,.F.,.F.,.F.,(4,4),(4,4),(0.,1.),(0.433469650797206,1.02581177554024),
 .UNSPECIFIED.);
#118=B_SPLINE_SURFACE_WITH_KNOTS('',3,3,((#3244,#3245,#3246,#3247,#3248),
(#3249,#3250,#3251,#3252,#3253),(#3254,#3255,#3256,#3257,#3258),(#3259,
#3260,#3261,#3262,#3263),(#3264,#3265,#3266,#3267,#3268)),.UNSPECIFIED.,
 .F.,.F.,.F.,(4,1,4),(4,1,4),(0.,0.571428571428571,1.),(-0.340210149221714,
-0.0496575304458317,0.16825693363608),.UNSPECIFIED.);
#119=B_SPLINE_SURFACE_WITH_KNOTS('',3,3,((#3275,#3276,#3277,#3278),(#3279,
#3280,#3281,#3282),(#3283,#3284,#3285,#3286),(#3287,#3288,#3289,#3290),
(#3291,#3292,#3293,#3294)),.UNSPECIFIED.,.F.,.F.,.F.,(4,1,4),(4,4),(0.,
0.571428571428571,1.),(1.45333723396353E-13,0.380155176421362),
 .UNSPECIFIED.);
#120=B_SPLINE_SURFACE_WITH_KNOTS('',3,3,((#3299,#3300,#3301,#3302),(#3303,
#3304,#3305,#3306),(#3307,#3308,#3309,#3310),(#3311,#3312,#3313,#3314),
(#3315,#3316,#3317,#3318)),.UNSPECIFIED.,.F.,.F.,.F.,(4,1,4),(4,4),(0.,
0.571428571428571,1.),(0.,0.37954792240615),.UNSPECIFIED.);
#121=B_SPLINE_SURFACE_WITH_KNOTS('',3,3,((#3325,#3326,#3327,#3328),(#3329,
#3330,#3331,#3332),(#3333,#3334,#3335,#3336),(#3337,#3338,#3339,#3340),
(#3341,#3342,#3343,#3344)),.UNSPECIFIED.,.F.,.F.,.F.,(4,1,4),(4,4),(0.,
0.571428571428571,1.),(-0.321230332371804,0.166649898460951),
 .UNSPECIFIED.);
#122=B_SPLINE_SURFACE_WITH_KNOTS('',3,1,((#3353,#3354),(#3355,#3356),(#3357,
#3358),(#3359,#3360),(#3361,#3362),(#3363,#3364),(#3365,#3366),(#3367,#3368),
(#3369,#3370),(#3371,#3372),(#3373,#3374),(#3375,#3376),(#3377,#3378),(#3379,
#3380),(#3381,#3382),(#3383,#3384),(#3385,#3386),(#3387,#3388),(#3389,#3390),
(#3391,#3392),(#3393,#3394),(#3395,#3396),(#3397,#3398),(#3399,#3400),(#3401,
#3402),(#3403,#3404),(#3405,#3406),(#3407,#3408),(#3409,#3410),(#3411,#3412),
(#3413,#3414),(#3415,#3416),(#3417,#3418),(#3419,#3420),(#3421,#3422),(#3423,
#3424),(#3425,#3426),(#3427,#3428),(#3429,#3430),(#3431,#3432),(#3433,#3434),
(#3435,#3436),(#3437,#3438),(#3439,#3440),(#3441,#3442),(#3443,#3444)),
 .UNSPECIFIED.,.F.,.F.,.F.,(4,3,3,3,3,3,3,3,3,3,3,3,3,3,3,4),(2,2),(-7.08567795757377,
-6.63728626027613,-6.50692756691959,-6.26843013940745,-5.76785494337607,
-4.9537792492725,-4.13532706475899,-3.51632258407257,-2.99529158311929,
-2.50028655274876,-0.63510680844115,-0.302426325844633,0.0641955242922207,
0.441213290022448,0.84221584081223,1.06472048147171),(-1.43999999999999,
1.54707658144961),.UNSPECIFIED.);
#123=CIRCLE('',#1352,1.15);
#124=CIRCLE('',#1353,1.15);
#125=CIRCLE('',#1354,0.100000000000029);
#126=CIRCLE('',#1361,0.500000000000017);
#127=CIRCLE('',#1362,0.45);
#128=CIRCLE('',#1363,0.0500000000000167);
#129=CIRCLE('',#1366,0.45);
#130=CIRCLE('',#1367,0.450000000000006);
#131=CIRCLE('',#1371,2.5);
#132=CIRCLE('',#1372,0.400000000000007);
#133=CIRCLE('',#1373,0.100000000000006);
#134=CIRCLE('',#1377,0.450000000000006);
#135=CIRCLE('',#1383,0.0500000000000167);
#136=CIRCLE('',#1384,0.45);
#137=CIRCLE('',#1385,0.500000000000017);
#138=CIRCLE('',#1386,0.450000000000006);
#139=CIRCLE('',#1389,0.500000000000001);
#140=CIRCLE('',#1391,0.500000000000021);
#141=CIRCLE('',#1393,0.400000000000007);
#142=CIRCLE('',#1400,0.5);
#143=CIRCLE('',#1403,0.500000000000003);
#144=CIRCLE('',#1410,2.5);
#145=CIRCLE('',#1411,0.5);
#146=CIRCLE('',#1412,0.5);
#147=CIRCLE('',#1413,0.500000000000005);
#148=CIRCLE('',#1414,0.5);
#149=CIRCLE('',#1415,0.500000000000003);
#150=CIRCLE('',#1419,0.500000000000003);
#151=CIRCLE('',#1420,0.5);
#152=CIRCLE('',#1423,0.499999999999996);
#153=CIRCLE('',#1424,0.500000000000007);
#154=CIRCLE('',#1425,0.5);
#155=CIRCLE('',#1426,0.5);
#156=CIRCLE('',#1427,0.5);
#157=CIRCLE('',#1429,0.75);
#158=CIRCLE('',#1430,0.749999999999998);
#159=CIRCLE('',#1435,9.99999999999999);
#160=CIRCLE('',#1436,10.);
#161=CIRCLE('',#1437,10.);
#162=CIRCLE('',#1438,10.);
#163=CIRCLE('',#1440,0.75);
#164=CIRCLE('',#1441,0.749999999999999);
#165=CYLINDRICAL_SURFACE('',#1351,1.15);
#166=CYLINDRICAL_SURFACE('',#1357,0.45);
#167=CYLINDRICAL_SURFACE('',#1359,0.45);
#168=CYLINDRICAL_SURFACE('',#1364,0.45);
#169=CYLINDRICAL_SURFACE('',#1365,0.45);
#170=CYLINDRICAL_SURFACE('',#1368,0.6);
#171=CYLINDRICAL_SURFACE('',#1376,0.45);
#172=CYLINDRICAL_SURFACE('',#1378,0.45);
#173=CYLINDRICAL_SURFACE('',#1380,0.45);
#174=CYLINDRICAL_SURFACE('',#1382,0.45);
#175=CYLINDRICAL_SURFACE('',#1388,0.500000000000017);
#176=CYLINDRICAL_SURFACE('',#1394,0.100000000000003);
#177=CYLINDRICAL_SURFACE('',#1402,0.500000000000017);
#178=CYLINDRICAL_SURFACE('',#1404,0.400000000000007);
#179=CYLINDRICAL_SURFACE('',#1418,0.5);
#180=CYLINDRICAL_SURFACE('',#1428,6.);
#181=CYLINDRICAL_SURFACE('',#1433,6.);
#182=CYLINDRICAL_SURFACE('',#1434,5.99999999999999);
#183=CYLINDRICAL_SURFACE('',#1442,6.);
#184=CYLINDRICAL_SURFACE('',#1443,4.25);
#185=CYLINDRICAL_SURFACE('',#1444,4.25);
#186=CYLINDRICAL_SURFACE('',#1446,2.5);
#187=ELLIPSE('',#1349,4.40555370965381,4.25);
#188=ELLIPSE('',#1355,0.964462069520658,0.45);
#189=ELLIPSE('',#1356,0.964462069520664,0.45);
#190=ELLIPSE('',#1358,0.472047792321014,0.45);
#191=ELLIPSE('',#1360,0.453160341284267,0.45);
#192=ELLIPSE('',#1374,0.964462069520654,0.45);
#193=ELLIPSE('',#1375,0.964462069520656,0.45);
#194=ELLIPSE('',#1379,0.472047792321004,0.45);
#195=ELLIPSE('',#1381,0.453160341284266,0.45);
#196=ELLIPSE('',#1396,4.46181647353914,4.25);
#197=ELLIPSE('',#1407,4.40555370965381,4.25);
#198=ELLIPSE('',#1416,5.67436057188305,5.5);
#199=ELLIPSE('',#1417,6.16022466308989,6.);
#200=ELLIPSE('',#1421,5.52790658778156,5.5);
#201=ELLIPSE('',#1422,6.02559136045906,6.);
#202=FACE_OUTER_BOUND('',#283,.T.);
#203=FACE_OUTER_BOUND('',#284,.T.);
#204=FACE_OUTER_BOUND('',#285,.T.);
#205=FACE_OUTER_BOUND('',#286,.T.);
#206=FACE_OUTER_BOUND('',#287,.T.);
#207=FACE_OUTER_BOUND('',#288,.T.);
#208=FACE_OUTER_BOUND('',#289,.T.);
#209=FACE_OUTER_BOUND('',#290,.T.);
#210=FACE_OUTER_BOUND('',#291,.T.);
#211=FACE_OUTER_BOUND('',#292,.T.);
#212=FACE_OUTER_BOUND('',#293,.T.);
#213=FACE_OUTER_BOUND('',#294,.T.);
#214=FACE_OUTER_BOUND('',#295,.T.);
#215=FACE_OUTER_BOUND('',#296,.T.);
#216=FACE_OUTER_BOUND('',#297,.T.);
#217=FACE_OUTER_BOUND('',#298,.T.);
#218=FACE_OUTER_BOUND('',#300,.T.);
#219=FACE_OUTER_BOUND('',#301,.T.);
#220=FACE_OUTER_BOUND('',#302,.T.);
#221=FACE_OUTER_BOUND('',#303,.T.);
#222=FACE_OUTER_BOUND('',#304,.T.);
#223=FACE_OUTER_BOUND('',#305,.T.);
#224=FACE_OUTER_BOUND('',#306,.T.);
#225=FACE_OUTER_BOUND('',#307,.T.);
#226=FACE_OUTER_BOUND('',#308,.T.);
#227=FACE_OUTER_BOUND('',#309,.T.);
#228=FACE_OUTER_BOUND('',#310,.T.);
#229=FACE_OUTER_BOUND('',#311,.T.);
#230=FACE_OUTER_BOUND('',#312,.T.);
#231=FACE_OUTER_BOUND('',#313,.T.);
#232=FACE_OUTER_BOUND('',#314,.T.);
#233=FACE_OUTER_BOUND('',#315,.T.);
#234=FACE_OUTER_BOUND('',#316,.T.);
#235=FACE_OUTER_BOUND('',#317,.T.);
#236=FACE_OUTER_BOUND('',#318,.T.);
#237=FACE_OUTER_BOUND('',#319,.T.);
#238=FACE_OUTER_BOUND('',#320,.T.);
#239=FACE_OUTER_BOUND('',#321,.T.);
#240=FACE_OUTER_BOUND('',#322,.T.);
#241=FACE_OUTER_BOUND('',#323,.T.);
#242=FACE_OUTER_BOUND('',#324,.T.);
#243=FACE_OUTER_BOUND('',#326,.T.);
#244=FACE_OUTER_BOUND('',#327,.T.);
#245=FACE_OUTER_BOUND('',#328,.T.);
#246=FACE_OUTER_BOUND('',#329,.T.);
#247=FACE_OUTER_BOUND('',#330,.T.);
#248=FACE_OUTER_BOUND('',#331,.T.);
#249=FACE_OUTER_BOUND('',#332,.T.);
#250=FACE_OUTER_BOUND('',#333,.T.);
#251=FACE_OUTER_BOUND('',#334,.T.);
#252=FACE_OUTER_BOUND('',#335,.T.);
#253=FACE_OUTER_BOUND('',#336,.T.);
#254=FACE_OUTER_BOUND('',#337,.T.);
#255=FACE_OUTER_BOUND('',#338,.T.);
#256=FACE_OUTER_BOUND('',#339,.T.);
#257=FACE_OUTER_BOUND('',#340,.T.);
#258=FACE_OUTER_BOUND('',#341,.T.);
#259=FACE_OUTER_BOUND('',#342,.T.);
#260=FACE_OUTER_BOUND('',#343,.T.);
#261=FACE_OUTER_BOUND('',#344,.T.);
#262=FACE_OUTER_BOUND('',#345,.T.);
#263=FACE_OUTER_BOUND('',#346,.T.);
#264=FACE_OUTER_BOUND('',#347,.T.);
#265=FACE_OUTER_BOUND('',#348,.T.);
#266=FACE_OUTER_BOUND('',#349,.T.);
#267=FACE_OUTER_BOUND('',#350,.T.);
#268=FACE_OUTER_BOUND('',#351,.T.);
#269=FACE_OUTER_BOUND('',#352,.T.);
#270=FACE_OUTER_BOUND('',#353,.T.);
#271=FACE_OUTER_BOUND('',#354,.T.);
#272=FACE_OUTER_BOUND('',#355,.T.);
#273=FACE_OUTER_BOUND('',#356,.T.);
#274=FACE_OUTER_BOUND('',#357,.T.);
#275=FACE_OUTER_BOUND('',#358,.T.);
#276=FACE_OUTER_BOUND('',#359,.T.);
#277=FACE_OUTER_BOUND('',#360,.T.);
#278=FACE_OUTER_BOUND('',#361,.T.);
#279=FACE_OUTER_BOUND('',#362,.T.);
#280=FACE_OUTER_BOUND('',#363,.T.);
#281=FACE_OUTER_BOUND('',#364,.T.);
#282=FACE_OUTER_BOUND('',#365,.T.);
#283=EDGE_LOOP('',(#829,#830,#831,#832));
#284=EDGE_LOOP('',(#833,#834,#835,#836));
#285=EDGE_LOOP('',(#837,#838,#839,#840));
#286=EDGE_LOOP('',(#841,#842,#843,#844,#845));
#287=EDGE_LOOP('',(#846,#847,#848,#849));
#288=EDGE_LOOP('',(#850,#851,#852,#853));
#289=EDGE_LOOP('',(#854,#855,#856));
#290=EDGE_LOOP('',(#857,#858,#859,#860));
#291=EDGE_LOOP('',(#861,#862,#863,#864));
#292=EDGE_LOOP('',(#865,#866,#867,#868));
#293=EDGE_LOOP('',(#869,#870,#871,#872));
#294=EDGE_LOOP('',(#873,#874,#875,#876));
#295=EDGE_LOOP('',(#877,#878,#879,#880));
#296=EDGE_LOOP('',(#881,#882,#883,#884));
#297=EDGE_LOOP('',(#885,#886,#887,#888,#889,#890));
#298=EDGE_LOOP('',(#891,#892,#893,#894,#895,#896,#897,#898,#899,#900,#901,
#902,#903,#904,#905,#906,#907,#908,#909,#910,#911,#912));
#299=EDGE_LOOP('',(#913));
#300=EDGE_LOOP('',(#914,#915,#916));
#301=EDGE_LOOP('',(#917,#918,#919,#920));
#302=EDGE_LOOP('',(#921,#922,#923,#924));
#303=EDGE_LOOP('',(#925,#926,#927,#928));
#304=EDGE_LOOP('',(#929,#930,#931,#932));
#305=EDGE_LOOP('',(#933,#934,#935,#936));
#306=EDGE_LOOP('',(#937,#938,#939,#940));
#307=EDGE_LOOP('',(#941,#942,#943,#944,#945,#946));
#308=EDGE_LOOP('',(#947,#948,#949,#950));
#309=EDGE_LOOP('',(#951,#952,#953,#954));
#310=EDGE_LOOP('',(#955,#956,#957,#958,#959,#960,#961,#962,#963,#964,#965,
#966,#967,#968,#969,#970,#971,#972,#973,#974,#975,#976,#977));
#311=EDGE_LOOP('',(#978,#979,#980,#981));
#312=EDGE_LOOP('',(#982,#983,#984));
#313=EDGE_LOOP('',(#985,#986,#987,#988));
#314=EDGE_LOOP('',(#989,#990,#991,#992));
#315=EDGE_LOOP('',(#993,#994,#995,#996));
#316=EDGE_LOOP('',(#997,#998,#999,#1000));
#317=EDGE_LOOP('',(#1001,#1002,#1003,#1004));
#318=EDGE_LOOP('',(#1005,#1006,#1007,#1008));
#319=EDGE_LOOP('',(#1009,#1010,#1011,#1012,#1013));
#320=EDGE_LOOP('',(#1014,#1015,#1016,#1017));
#321=EDGE_LOOP('',(#1018,#1019,#1020,#1021));
#322=EDGE_LOOP('',(#1022,#1023,#1024));
#323=EDGE_LOOP('',(#1025,#1026,#1027,#1028));
#324=EDGE_LOOP('',(#1029,#1030,#1031,#1032,#1033,#1034,#1035,#1036,#1037));
#325=EDGE_LOOP('',(#1038));
#326=EDGE_LOOP('',(#1039,#1040,#1041,#1042));
#327=EDGE_LOOP('',(#1043,#1044,#1045,#1046));
#328=EDGE_LOOP('',(#1047,#1048,#1049,#1050));
#329=EDGE_LOOP('',(#1051,#1052,#1053,#1054));
#330=EDGE_LOOP('',(#1055,#1056,#1057,#1058));
#331=EDGE_LOOP('',(#1059,#1060,#1061,#1062,#1063,#1064));
#332=EDGE_LOOP('',(#1065,#1066,#1067,#1068));
#333=EDGE_LOOP('',(#1069,#1070,#1071,#1072));
#334=EDGE_LOOP('',(#1073,#1074,#1075,#1076));
#335=EDGE_LOOP('',(#1077,#1078,#1079,#1080));
#336=EDGE_LOOP('',(#1081,#1082,#1083,#1084));
#337=EDGE_LOOP('',(#1085,#1086,#1087,#1088,#1089));
#338=EDGE_LOOP('',(#1090,#1091,#1092,#1093));
#339=EDGE_LOOP('',(#1094,#1095,#1096,#1097));
#340=EDGE_LOOP('',(#1098,#1099,#1100,#1101));
#341=EDGE_LOOP('',(#1102,#1103,#1104,#1105,#1106,#1107,#1108,#1109,#1110,
#1111,#1112,#1113,#1114,#1115,#1116,#1117));
#342=EDGE_LOOP('',(#1118,#1119,#1120,#1121,#1122,#1123));
#343=EDGE_LOOP('',(#1124,#1125,#1126,#1127,#1128,#1129));
#344=EDGE_LOOP('',(#1130,#1131,#1132));
#345=EDGE_LOOP('',(#1133,#1134,#1135));
#346=EDGE_LOOP('',(#1136,#1137,#1138,#1139,#1140));
#347=EDGE_LOOP('',(#1141,#1142,#1143,#1144,#1145));
#348=EDGE_LOOP('',(#1146,#1147,#1148,#1149));
#349=EDGE_LOOP('',(#1150,#1151,#1152,#1153));
#350=EDGE_LOOP('',(#1154,#1155,#1156,#1157));
#351=EDGE_LOOP('',(#1158,#1159,#1160));
#352=EDGE_LOOP('',(#1161,#1162,#1163));
#353=EDGE_LOOP('',(#1164,#1165,#1166,#1167,#1168,#1169));
#354=EDGE_LOOP('',(#1170,#1171,#1172,#1173,#1174,#1175));
#355=EDGE_LOOP('',(#1176,#1177,#1178,#1179,#1180));
#356=EDGE_LOOP('',(#1181,#1182,#1183,#1184));
#357=EDGE_LOOP('',(#1185,#1186,#1187,#1188));
#358=EDGE_LOOP('',(#1189,#1190,#1191,#1192));
#359=EDGE_LOOP('',(#1193,#1194,#1195,#1196));
#360=EDGE_LOOP('',(#1197,#1198,#1199,#1200,#1201,#1202,#1203,#1204));
#361=EDGE_LOOP('',(#1205,#1206,#1207,#1208));
#362=EDGE_LOOP('',(#1209,#1210,#1211,#1212,#1213));
#363=EDGE_LOOP('',(#1214,#1215,#1216,#1217,#1218));
#364=EDGE_LOOP('',(#1219,#1220,#1221,#1222));
#365=EDGE_LOOP('',(#1223,#1224,#1225,#1226));
#366=LINE('',#1729,#438);
#367=LINE('',#1731,#439);
#368=LINE('',#1733,#440);
#369=LINE('',#1734,#441);
#370=LINE('',#1738,#442);
#371=LINE('',#1740,#443);
#372=LINE('',#1742,#444);
#373=LINE('',#1743,#445);
#374=LINE('',#1745,#446);
#375=LINE('',#1746,#447);
#376=LINE('',#1749,#448);
#377=LINE('',#1751,#449);
#378=LINE('',#1754,#450);
#379=LINE('',#1757,#451);
#380=LINE('',#1759,#452);
#381=LINE('',#1760,#453);
#382=LINE('',#1765,#454);
#383=LINE('',#1810,#455);
#384=LINE('',#1813,#456);
#385=LINE('',#1816,#457);
#386=LINE('',#1819,#458);
#387=LINE('',#1853,#459);
#388=LINE('',#1854,#460);
#389=LINE('',#1857,#461);
#390=LINE('',#1860,#462);
#391=LINE('',#1916,#463);
#392=LINE('',#1929,#464);
#393=LINE('',#1932,#465);
#394=LINE('',#1934,#466);
#395=LINE('',#1936,#467);
#396=LINE('',#1945,#468);
#397=LINE('',#1958,#469);
#398=LINE('',#1959,#470);
#399=LINE('',#1963,#471);
#400=LINE('',#1984,#472);
#401=LINE('',#2028,#473);
#402=LINE('',#2031,#474);
#403=LINE('',#2034,#475);
#404=LINE('',#2037,#476);
#405=LINE('',#2040,#477);
#406=LINE('',#2043,#478);
#407=LINE('',#2046,#479);
#408=LINE('',#2064,#480);
#409=LINE('',#2114,#481);
#410=LINE('',#2116,#482);
#411=LINE('',#2122,#483);
#412=LINE('',#2125,#484);
#413=LINE('',#2129,#485);
#414=LINE('',#2135,#486);
#415=LINE('',#2156,#487);
#416=LINE('',#2158,#488);
#417=LINE('',#2165,#489);
#418=LINE('',#2247,#490);
#419=LINE('',#2254,#491);
#420=LINE('',#2255,#492);
#421=LINE('',#2259,#493);
#422=LINE('',#2263,#494);
#423=LINE('',#2336,#495);
#424=LINE('',#2341,#496);
#425=LINE('',#2342,#497);
#426=LINE('',#2344,#498);
#427=LINE('',#2347,#499);
#428=LINE('',#2511,#500);
#429=LINE('',#2514,#501);
#430=LINE('',#2515,#502);
#431=LINE('',#2697,#503);
#432=LINE('',#2995,#504);
#433=LINE('',#3001,#505);
#434=LINE('',#3040,#506);
#435=LINE('',#3044,#507);
#436=LINE('',#3447,#508);
#437=LINE('',#3450,#509);
#438=VECTOR('',#1451,10.);
#439=VECTOR('',#1452,10.);
#440=VECTOR('',#1453,10.);
#441=VECTOR('',#1454,10.);
#442=VECTOR('',#1457,10.);
#443=VECTOR('',#1458,10.);
#444=VECTOR('',#1459,10.);
#445=VECTOR('',#1460,10.);
#446=VECTOR('',#1463,10.);
#447=VECTOR('',#1464,10.);
#448=VECTOR('',#1467,10.);
#449=VECTOR('',#1468,10.);
#450=VECTOR('',#1471,10.);
#451=VECTOR('',#1474,10.);
#452=VECTOR('',#1475,10.);
#453=VECTOR('',#1476,10.);
#454=VECTOR('',#1481,1.15);
#455=VECTOR('',#1492,10.);
#456=VECTOR('',#1495,10.);
#457=VECTOR('',#1498,10.);
#458=VECTOR('',#1501,10.);
#459=VECTOR('',#1510,10.);
#460=VECTOR('',#1511,10.);
#461=VECTOR('',#1514,10.);
#462=VECTOR('',#1517,10.);
#463=VECTOR('',#1522,10.);
#464=VECTOR('',#1523,10.);
#465=VECTOR('',#1526,10.);
#466=VECTOR('',#1527,10.);
#467=VECTOR('',#1528,10.);
#468=VECTOR('',#1531,10.);
#469=VECTOR('',#1532,10.);
#470=VECTOR('',#1533,10.);
#471=VECTOR('',#1536,10.);
#472=VECTOR('',#1537,10.);
#473=VECTOR('',#1548,10.);
#474=VECTOR('',#1551,10.);
#475=VECTOR('',#1554,10.);
#476=VECTOR('',#1557,10.);
#477=VECTOR('',#1560,10.);
#478=VECTOR('',#1563,10.);
#479=VECTOR('',#1566,10.);
#480=VECTOR('',#1567,10.);
#481=VECTOR('',#1578,10.);
#482=VECTOR('',#1579,10.);
#483=VECTOR('',#1580,10.);
#484=VECTOR('',#1583,10.);
#485=VECTOR('',#1588,10.);
#486=VECTOR('',#1595,10.);
#487=VECTOR('',#1596,10.);
#488=VECTOR('',#1597,4.25);
#489=VECTOR('',#1598,6.);
#490=VECTOR('',#1599,6.);
#491=VECTOR('',#1602,0.1);
#492=VECTOR('',#1603,0.1);
#493=VECTOR('',#1610,10.);
#494=VECTOR('',#1615,10.);
#495=VECTOR('',#1626,0.4);
#496=VECTOR('',#1633,10.);
#497=VECTOR('',#1634,10.);
#498=VECTOR('',#1637,10.);
#499=VECTOR('',#1640,10.);
#500=VECTOR('',#1659,10.);
#501=VECTOR('',#1662,10.);
#502=VECTOR('',#1663,10.);
#503=VECTOR('',#1678,10.);
#504=VECTOR('',#1683,10.);
#505=VECTOR('',#1684,10.);
#506=VECTOR('',#1691,10.);
#507=VECTOR('',#1696,10.);
#508=VECTOR('',#1717,10.);
#509=VECTOR('',#1722,10.);
#510=VERTEX_POINT('',#1727);
#511=VERTEX_POINT('',#1728);
#512=VERTEX_POINT('',#1730);
#513=VERTEX_POINT('',#1732);
#514=VERTEX_POINT('',#1736);
#515=VERTEX_POINT('',#1737);
#516=VERTEX_POINT('',#1739);
#517=VERTEX_POINT('',#1741);
#518=VERTEX_POINT('',#1748);
#519=VERTEX_POINT('',#1750);
#520=VERTEX_POINT('',#1752);
#521=VERTEX_POINT('',#1756);
#522=VERTEX_POINT('',#1758);
#523=VERTEX_POINT('',#1762);
#524=VERTEX_POINT('',#1764);
#525=VERTEX_POINT('',#1802);
#526=VERTEX_POINT('',#1803);
#527=VERTEX_POINT('',#1805);
#528=VERTEX_POINT('',#1809);
#529=VERTEX_POINT('',#1811);
#530=VERTEX_POINT('',#1815);
#531=VERTEX_POINT('',#1817);
#532=VERTEX_POINT('',#1829);
#533=VERTEX_POINT('',#1830);
#534=VERTEX_POINT('',#1832);
#535=VERTEX_POINT('',#1834);
#536=VERTEX_POINT('',#1856);
#537=VERTEX_POINT('',#1858);
#538=VERTEX_POINT('',#1894);
#539=VERTEX_POINT('',#1906);
#540=VERTEX_POINT('',#1915);
#541=VERTEX_POINT('',#1917);
#542=VERTEX_POINT('',#1931);
#543=VERTEX_POINT('',#1933);
#544=VERTEX_POINT('',#1935);
#545=VERTEX_POINT('',#1944);
#546=VERTEX_POINT('',#1946);
#547=VERTEX_POINT('',#1957);
#548=VERTEX_POINT('',#1960);
#549=VERTEX_POINT('',#1962);
#550=VERTEX_POINT('',#1964);
#551=VERTEX_POINT('',#1978);
#552=VERTEX_POINT('',#1983);
#553=VERTEX_POINT('',#2021);
#554=VERTEX_POINT('',#2022);
#555=VERTEX_POINT('',#2024);
#556=VERTEX_POINT('',#2029);
#557=VERTEX_POINT('',#2033);
#558=VERTEX_POINT('',#2035);
#559=VERTEX_POINT('',#2039);
#560=VERTEX_POINT('',#2041);
#561=VERTEX_POINT('',#2045);
#562=VERTEX_POINT('',#2047);
#563=VERTEX_POINT('',#2074);
#564=VERTEX_POINT('',#2076);
#565=VERTEX_POINT('',#2115);
#566=VERTEX_POINT('',#2117);
#567=VERTEX_POINT('',#2124);
#568=VERTEX_POINT('',#2128);
#569=VERTEX_POINT('',#2132);
#570=VERTEX_POINT('',#2134);
#571=VERTEX_POINT('',#2136);
#572=VERTEX_POINT('',#2141);
#573=VERTEX_POINT('',#2155);
#574=VERTEX_POINT('',#2157);
#575=VERTEX_POINT('',#2159);
#576=VERTEX_POINT('',#2164);
#577=VERTEX_POINT('',#2166);
#578=VERTEX_POINT('',#2210);
#579=VERTEX_POINT('',#2215);
#580=VERTEX_POINT('',#2229);
#581=VERTEX_POINT('',#2237);
#582=VERTEX_POINT('',#2246);
#583=VERTEX_POINT('',#2262);
#584=VERTEX_POINT('',#2324);
#585=VERTEX_POINT('',#2340);
#586=VERTEX_POINT('',#2346);
#587=VERTEX_POINT('',#2374);
#588=VERTEX_POINT('',#2401);
#589=VERTEX_POINT('',#2406);
#590=VERTEX_POINT('',#2432);
#591=VERTEX_POINT('',#2433);
#592=VERTEX_POINT('',#2463);
#593=VERTEX_POINT('',#2464);
#594=VERTEX_POINT('',#2494);
#595=VERTEX_POINT('',#2495);
#596=VERTEX_POINT('',#2500);
#597=VERTEX_POINT('',#2501);
#598=VERTEX_POINT('',#2510);
#599=VERTEX_POINT('',#2512);
#600=VERTEX_POINT('',#2536);
#601=VERTEX_POINT('',#2537);
#602=VERTEX_POINT('',#2561);
#603=VERTEX_POINT('',#2562);
#604=VERTEX_POINT('',#2592);
#605=VERTEX_POINT('',#2597);
#606=VERTEX_POINT('',#2623);
#607=VERTEX_POINT('',#2653);
#608=VERTEX_POINT('',#2684);
#609=VERTEX_POINT('',#2690);
#610=VERTEX_POINT('',#2696);
#611=VERTEX_POINT('',#2784);
#612=VERTEX_POINT('',#2911);
#613=VERTEX_POINT('',#2916);
#614=VERTEX_POINT('',#2924);
#615=VERTEX_POINT('',#2929);
#616=VERTEX_POINT('',#2979);
#617=VERTEX_POINT('',#2984);
#618=VERTEX_POINT('',#2994);
#619=VERTEX_POINT('',#2996);
#620=VERTEX_POINT('',#3022);
#621=VERTEX_POINT('',#3027);
#622=VERTEX_POINT('',#3029);
#623=VERTEX_POINT('',#3043);
#624=VERTEX_POINT('',#3087);
#625=VERTEX_POINT('',#3089);
#626=VERTEX_POINT('',#3115);
#627=VERTEX_POINT('',#3137);
#628=VERTEX_POINT('',#3269);
#629=VERTEX_POINT('',#3319);
#630=EDGE_CURVE('',#510,#511,#366,.T.);
#631=EDGE_CURVE('',#512,#511,#367,.T.);
#632=EDGE_CURVE('',#512,#513,#368,.T.);
#633=EDGE_CURVE('',#513,#510,#369,.T.);
#634=EDGE_CURVE('',#514,#515,#370,.T.);
#635=EDGE_CURVE('',#516,#515,#371,.T.);
#636=EDGE_CURVE('',#516,#517,#372,.T.);
#637=EDGE_CURVE('',#517,#514,#373,.T.);
#638=EDGE_CURVE('',#511,#516,#374,.T.);
#639=EDGE_CURVE('',#515,#512,#375,.T.);
#640=EDGE_CURVE('',#513,#518,#376,.T.);
#641=EDGE_CURVE('',#519,#518,#377,.T.);
#642=EDGE_CURVE('',#520,#519,#187,.F.);
#643=EDGE_CURVE('',#520,#510,#378,.T.);
#644=EDGE_CURVE('',#517,#521,#379,.T.);
#645=EDGE_CURVE('',#521,#522,#380,.T.);
#646=EDGE_CURVE('',#522,#514,#381,.T.);
#647=EDGE_CURVE('',#523,#523,#123,.T.);
#648=EDGE_CURVE('',#523,#524,#382,.T.);
#649=EDGE_CURVE('',#524,#524,#124,.T.);
#650=EDGE_CURVE('',#525,#526,#125,.T.);
#651=EDGE_CURVE('',#526,#527,#188,.T.);
#652=EDGE_CURVE('',#527,#525,#189,.T.);
#653=EDGE_CURVE('',#526,#528,#383,.T.);
#654=EDGE_CURVE('',#528,#529,#190,.T.);
#655=EDGE_CURVE('',#529,#527,#384,.T.);
#656=EDGE_CURVE('',#528,#530,#385,.T.);
#657=EDGE_CURVE('',#530,#531,#191,.T.);
#658=EDGE_CURVE('',#531,#529,#386,.T.);
#659=EDGE_CURVE('',#532,#533,#126,.T.);
#660=EDGE_CURVE('',#533,#534,#127,.T.);
#661=EDGE_CURVE('',#534,#535,#128,.T.);
#662=EDGE_CURVE('',#535,#532,#17,.T.);
#663=EDGE_CURVE('',#530,#532,#387,.T.);
#664=EDGE_CURVE('',#535,#531,#388,.T.);
#665=EDGE_CURVE('',#527,#536,#389,.T.);
#666=EDGE_CURVE('',#536,#537,#129,.T.);
#667=EDGE_CURVE('',#537,#525,#390,.T.);
#668=EDGE_CURVE('',#538,#537,#18,.T.);
#669=EDGE_CURVE('',#536,#539,#130,.T.);
#670=EDGE_CURVE('',#539,#538,#19,.T.);
#671=EDGE_CURVE('',#538,#540,#391,.T.);
#672=EDGE_CURVE('',#541,#540,#20,.T.);
#673=EDGE_CURVE('',#541,#537,#392,.T.);
#674=EDGE_CURVE('',#539,#542,#393,.T.);
#675=EDGE_CURVE('',#542,#543,#394,.T.);
#676=EDGE_CURVE('',#543,#544,#395,.T.);
#677=EDGE_CURVE('',#540,#544,#21,.T.);
#678=EDGE_CURVE('',#534,#545,#396,.T.);
#679=EDGE_CURVE('',#546,#545,#22,.T.);
#680=EDGE_CURVE('',#547,#546,#397,.T.);
#681=EDGE_CURVE('',#518,#547,#398,.T.);
#682=EDGE_CURVE('',#548,#522,#131,.T.);
#683=EDGE_CURVE('',#549,#548,#399,.T.);
#684=EDGE_CURVE('',#550,#549,#23,.T.);
#685=EDGE_CURVE('',#551,#550,#24,.T.);
#686=EDGE_CURVE('',#551,#552,#400,.T.);
#687=EDGE_CURVE('',#542,#552,#132,.T.);
#688=EDGE_CURVE('',#553,#554,#133,.T.);
#689=EDGE_CURVE('',#554,#555,#192,.T.);
#690=EDGE_CURVE('',#555,#553,#193,.T.);
#691=EDGE_CURVE('',#554,#541,#401,.T.);
#692=EDGE_CURVE('',#541,#556,#134,.T.);
#693=EDGE_CURVE('',#556,#555,#402,.T.);
#694=EDGE_CURVE('',#555,#557,#403,.T.);
#695=EDGE_CURVE('',#557,#558,#194,.T.);
#696=EDGE_CURVE('',#558,#553,#404,.T.);
#697=EDGE_CURVE('',#557,#559,#405,.T.);
#698=EDGE_CURVE('',#559,#560,#195,.T.);
#699=EDGE_CURVE('',#560,#558,#406,.T.);
#700=EDGE_CURVE('',#559,#561,#407,.T.);
#701=EDGE_CURVE('',#561,#562,#25,.T.);
#702=EDGE_CURVE('',#562,#560,#408,.T.);
#703=EDGE_CURVE('',#561,#563,#135,.T.);
#704=EDGE_CURVE('',#563,#564,#136,.T.);
#705=EDGE_CURVE('',#564,#562,#137,.T.);
#706=EDGE_CURVE('',#544,#556,#138,.T.);
#707=EDGE_CURVE('',#530,#560,#409,.T.);
#708=EDGE_CURVE('',#565,#562,#410,.T.);
#709=EDGE_CURVE('',#566,#565,#26,.T.);
#710=EDGE_CURVE('',#532,#566,#411,.T.);
#711=EDGE_CURVE('',#567,#564,#412,.T.);
#712=EDGE_CURVE('',#565,#567,#139,.F.);
#713=EDGE_CURVE('',#563,#568,#413,.T.);
#714=EDGE_CURVE('',#567,#568,#140,.F.);
#715=EDGE_CURVE('',#543,#569,#141,.F.);
#716=EDGE_CURVE('',#569,#570,#414,.T.);
#717=EDGE_CURVE('',#571,#570,#27,.T.);
#718=EDGE_CURVE('',#572,#571,#28,.T.);
#719=EDGE_CURVE('',#572,#573,#415,.T.);
#720=EDGE_CURVE('',#574,#573,#416,.T.);
#721=EDGE_CURVE('',#575,#574,#29,.T.);
#722=EDGE_CURVE('',#576,#575,#417,.T.);
#723=EDGE_CURVE('',#577,#576,#30,.F.);
#724=EDGE_CURVE('',#577,#578,#31,.T.);
#725=EDGE_CURVE('',#578,#579,#32,.T.);
#726=EDGE_CURVE('',#579,#580,#33,.T.);
#727=EDGE_CURVE('',#581,#580,#34,.F.);
#728=EDGE_CURVE('',#582,#581,#418,.T.);
#729=EDGE_CURVE('',#568,#582,#35,.T.);
#730=EDGE_CURVE('',#525,#554,#419,.T.);
#731=EDGE_CURVE('',#553,#526,#420,.T.);
#732=EDGE_CURVE('',#547,#519,#196,.T.);
#733=EDGE_CURVE('',#528,#558,#421,.T.);
#734=EDGE_CURVE('',#533,#583,#422,.T.);
#735=EDGE_CURVE('',#545,#583,#142,.F.);
#736=EDGE_CURVE('',#583,#566,#143,.F.);
#737=EDGE_CURVE('',#550,#571,#36,.T.);
#738=EDGE_CURVE('',#570,#551,#37,.T.);
#739=EDGE_CURVE('',#549,#584,#38,.T.);
#740=EDGE_CURVE('',#584,#572,#39,.T.);
#741=EDGE_CURVE('',#552,#569,#423,.T.);
#742=EDGE_CURVE('',#573,#520,#197,.F.);
#743=EDGE_CURVE('',#573,#585,#424,.T.);
#744=EDGE_CURVE('',#585,#520,#425,.T.);
#745=EDGE_CURVE('',#584,#585,#426,.T.);
#746=EDGE_CURVE('',#586,#584,#427,.T.);
#747=EDGE_CURVE('',#521,#586,#144,.T.);
#748=EDGE_CURVE('',#582,#587,#145,.T.);
#749=EDGE_CURVE('',#587,#567,#40,.T.);
#750=EDGE_CURVE('',#582,#588,#41,.T.);
#751=EDGE_CURVE('',#588,#589,#146,.T.);
#752=EDGE_CURVE('',#589,#587,#42,.T.);
#753=EDGE_CURVE('',#590,#591,#147,.T.);
#754=EDGE_CURVE('',#591,#589,#43,.T.);
#755=EDGE_CURVE('',#588,#590,#44,.T.);
#756=EDGE_CURVE('',#592,#593,#148,.T.);
#757=EDGE_CURVE('',#593,#591,#45,.T.);
#758=EDGE_CURVE('',#590,#592,#46,.T.);
#759=EDGE_CURVE('',#594,#595,#149,.T.);
#760=EDGE_CURVE('',#595,#593,#198,.T.);
#761=EDGE_CURVE('',#592,#594,#199,.T.);
#762=EDGE_CURVE('',#596,#597,#47,.T.);
#763=EDGE_CURVE('',#597,#598,#428,.T.);
#764=EDGE_CURVE('',#598,#599,#150,.T.);
#765=EDGE_CURVE('',#599,#595,#429,.T.);
#766=EDGE_CURVE('',#594,#596,#430,.T.);
#767=EDGE_CURVE('',#600,#601,#151,.T.);
#768=EDGE_CURVE('',#601,#599,#200,.T.);
#769=EDGE_CURVE('',#598,#600,#201,.T.);
#770=EDGE_CURVE('',#602,#603,#152,.T.);
#771=EDGE_CURVE('',#603,#601,#48,.T.);
#772=EDGE_CURVE('',#600,#602,#49,.T.);
#773=EDGE_CURVE('',#602,#604,#50,.T.);
#774=EDGE_CURVE('',#604,#605,#153,.T.);
#775=EDGE_CURVE('',#605,#603,#51,.T.);
#776=EDGE_CURVE('',#575,#606,#154,.T.);
#777=EDGE_CURVE('',#606,#605,#52,.T.);
#778=EDGE_CURVE('',#604,#575,#53,.T.);
#779=EDGE_CURVE('',#574,#607,#155,.T.);
#780=EDGE_CURVE('',#607,#606,#54,.T.);
#781=EDGE_CURVE('',#608,#607,#55,.T.);
#782=EDGE_CURVE('',#574,#609,#56,.T.);
#783=EDGE_CURVE('',#610,#609,#431,.T.);
#784=EDGE_CURVE('',#610,#608,#57,.T.);
#785=EDGE_CURVE('',#567,#583,#58,.T.);
#786=EDGE_CURVE('',#610,#546,#59,.T.);
#787=EDGE_CURVE('',#546,#611,#156,.T.);
#788=EDGE_CURVE('',#611,#608,#60,.T.);
#789=EDGE_CURVE('',#583,#611,#61,.T.);
#790=EDGE_CURVE('',#612,#589,#62,.T.);
#791=EDGE_CURVE('',#613,#612,#63,.T.);
#792=EDGE_CURVE('',#613,#614,#64,.T.);
#793=EDGE_CURVE('',#614,#615,#65,.T.);
#794=EDGE_CURVE('',#615,#616,#66,.T.);
#795=EDGE_CURVE('',#617,#616,#67,.T.);
#796=EDGE_CURVE('',#603,#617,#68,.T.);
#797=EDGE_CURVE('',#598,#618,#432,.T.);
#798=EDGE_CURVE('',#619,#618,#69,.T.);
#799=EDGE_CURVE('',#619,#604,#433,.T.);
#800=EDGE_CURVE('',#596,#620,#70,.T.);
#801=EDGE_CURVE('',#621,#620,#157,.T.);
#802=EDGE_CURVE('',#621,#622,#71,.T.);
#803=EDGE_CURVE('',#622,#618,#158,.T.);
#804=EDGE_CURVE('',#618,#597,#72,.T.);
#805=EDGE_CURVE('',#620,#594,#434,.T.);
#806=EDGE_CURVE('',#590,#623,#435,.T.);
#807=EDGE_CURVE('',#620,#623,#73,.T.);
#808=EDGE_CURVE('',#623,#581,#74,.T.);
#809=EDGE_CURVE('',#624,#615,#159,.T.);
#810=EDGE_CURVE('',#614,#625,#160,.T.);
#811=EDGE_CURVE('',#625,#624,#75,.T.);
#812=EDGE_CURVE('',#626,#616,#161,.T.);
#813=EDGE_CURVE('',#624,#626,#76,.T.);
#814=EDGE_CURVE('',#613,#627,#162,.T.);
#815=EDGE_CURVE('',#627,#625,#77,.T.);
#816=EDGE_CURVE('',#626,#617,#78,.T.);
#817=EDGE_CURVE('',#612,#627,#79,.T.);
#818=EDGE_CURVE('',#624,#601,#80,.T.);
#819=EDGE_CURVE('',#593,#625,#81,.T.);
#820=EDGE_CURVE('',#580,#628,#82,.T.);
#821=EDGE_CURVE('',#628,#623,#163,.T.);
#822=EDGE_CURVE('',#628,#621,#83,.T.);
#823=EDGE_CURVE('',#629,#619,#164,.T.);
#824=EDGE_CURVE('',#622,#629,#84,.T.);
#825=EDGE_CURVE('',#576,#619,#85,.T.);
#826=EDGE_CURVE('',#629,#577,#86,.T.);
#827=EDGE_CURVE('',#609,#519,#436,.T.);
#828=EDGE_CURVE('',#586,#548,#437,.T.);
#829=ORIENTED_EDGE('',*,*,#630,.T.);
#830=ORIENTED_EDGE('',*,*,#631,.F.);
#831=ORIENTED_EDGE('',*,*,#632,.T.);
#832=ORIENTED_EDGE('',*,*,#633,.T.);
#833=ORIENTED_EDGE('',*,*,#634,.T.);
#834=ORIENTED_EDGE('',*,*,#635,.F.);
#835=ORIENTED_EDGE('',*,*,#636,.T.);
#836=ORIENTED_EDGE('',*,*,#637,.T.);
#837=ORIENTED_EDGE('',*,*,#638,.T.);
#838=ORIENTED_EDGE('',*,*,#635,.T.);
#839=ORIENTED_EDGE('',*,*,#639,.T.);
#840=ORIENTED_EDGE('',*,*,#631,.T.);
#841=ORIENTED_EDGE('',*,*,#633,.F.);
#842=ORIENTED_EDGE('',*,*,#640,.T.);
#843=ORIENTED_EDGE('',*,*,#641,.F.);
#844=ORIENTED_EDGE('',*,*,#642,.F.);
#845=ORIENTED_EDGE('',*,*,#643,.T.);
#846=ORIENTED_EDGE('',*,*,#637,.F.);
#847=ORIENTED_EDGE('',*,*,#644,.T.);
#848=ORIENTED_EDGE('',*,*,#645,.T.);
#849=ORIENTED_EDGE('',*,*,#646,.T.);
#850=ORIENTED_EDGE('',*,*,#647,.F.);
#851=ORIENTED_EDGE('',*,*,#648,.T.);
#852=ORIENTED_EDGE('',*,*,#649,.F.);
#853=ORIENTED_EDGE('',*,*,#648,.F.);
#854=ORIENTED_EDGE('',*,*,#650,.T.);
#855=ORIENTED_EDGE('',*,*,#651,.T.);
#856=ORIENTED_EDGE('',*,*,#652,.T.);
#857=ORIENTED_EDGE('',*,*,#651,.F.);
#858=ORIENTED_EDGE('',*,*,#653,.T.);
#859=ORIENTED_EDGE('',*,*,#654,.T.);
#860=ORIENTED_EDGE('',*,*,#655,.T.);
#861=ORIENTED_EDGE('',*,*,#656,.T.);
#862=ORIENTED_EDGE('',*,*,#657,.T.);
#863=ORIENTED_EDGE('',*,*,#658,.T.);
#864=ORIENTED_EDGE('',*,*,#654,.F.);
#865=ORIENTED_EDGE('',*,*,#659,.T.);
#866=ORIENTED_EDGE('',*,*,#660,.T.);
#867=ORIENTED_EDGE('',*,*,#661,.T.);
#868=ORIENTED_EDGE('',*,*,#662,.T.);
#869=ORIENTED_EDGE('',*,*,#663,.T.);
#870=ORIENTED_EDGE('',*,*,#662,.F.);
#871=ORIENTED_EDGE('',*,*,#664,.T.);
#872=ORIENTED_EDGE('',*,*,#657,.F.);
#873=ORIENTED_EDGE('',*,*,#652,.F.);
#874=ORIENTED_EDGE('',*,*,#665,.T.);
#875=ORIENTED_EDGE('',*,*,#666,.T.);
#876=ORIENTED_EDGE('',*,*,#667,.T.);
#877=ORIENTED_EDGE('',*,*,#668,.T.);
#878=ORIENTED_EDGE('',*,*,#666,.F.);
#879=ORIENTED_EDGE('',*,*,#669,.T.);
#880=ORIENTED_EDGE('',*,*,#670,.T.);
#881=ORIENTED_EDGE('',*,*,#668,.F.);
#882=ORIENTED_EDGE('',*,*,#671,.T.);
#883=ORIENTED_EDGE('',*,*,#672,.F.);
#884=ORIENTED_EDGE('',*,*,#673,.T.);
#885=ORIENTED_EDGE('',*,*,#670,.F.);
#886=ORIENTED_EDGE('',*,*,#674,.T.);
#887=ORIENTED_EDGE('',*,*,#675,.T.);
#888=ORIENTED_EDGE('',*,*,#676,.T.);
#889=ORIENTED_EDGE('',*,*,#677,.F.);
#890=ORIENTED_EDGE('',*,*,#671,.F.);
#891=ORIENTED_EDGE('',*,*,#669,.F.);
#892=ORIENTED_EDGE('',*,*,#665,.F.);
#893=ORIENTED_EDGE('',*,*,#655,.F.);
#894=ORIENTED_EDGE('',*,*,#658,.F.);
#895=ORIENTED_EDGE('',*,*,#664,.F.);
#896=ORIENTED_EDGE('',*,*,#661,.F.);
#897=ORIENTED_EDGE('',*,*,#678,.T.);
#898=ORIENTED_EDGE('',*,*,#679,.F.);
#899=ORIENTED_EDGE('',*,*,#680,.F.);
#900=ORIENTED_EDGE('',*,*,#681,.F.);
#901=ORIENTED_EDGE('',*,*,#640,.F.);
#902=ORIENTED_EDGE('',*,*,#632,.F.);
#903=ORIENTED_EDGE('',*,*,#639,.F.);
#904=ORIENTED_EDGE('',*,*,#634,.F.);
#905=ORIENTED_EDGE('',*,*,#646,.F.);
#906=ORIENTED_EDGE('',*,*,#682,.F.);
#907=ORIENTED_EDGE('',*,*,#683,.F.);
#908=ORIENTED_EDGE('',*,*,#684,.F.);
#909=ORIENTED_EDGE('',*,*,#685,.F.);
#910=ORIENTED_EDGE('',*,*,#686,.T.);
#911=ORIENTED_EDGE('',*,*,#687,.F.);
#912=ORIENTED_EDGE('',*,*,#674,.F.);
#913=ORIENTED_EDGE('',*,*,#647,.T.);
#914=ORIENTED_EDGE('',*,*,#688,.T.);
#915=ORIENTED_EDGE('',*,*,#689,.T.);
#916=ORIENTED_EDGE('',*,*,#690,.T.);
#917=ORIENTED_EDGE('',*,*,#689,.F.);
#918=ORIENTED_EDGE('',*,*,#691,.T.);
#919=ORIENTED_EDGE('',*,*,#692,.T.);
#920=ORIENTED_EDGE('',*,*,#693,.T.);
#921=ORIENTED_EDGE('',*,*,#690,.F.);
#922=ORIENTED_EDGE('',*,*,#694,.T.);
#923=ORIENTED_EDGE('',*,*,#695,.T.);
#924=ORIENTED_EDGE('',*,*,#696,.T.);
#925=ORIENTED_EDGE('',*,*,#697,.T.);
#926=ORIENTED_EDGE('',*,*,#698,.T.);
#927=ORIENTED_EDGE('',*,*,#699,.T.);
#928=ORIENTED_EDGE('',*,*,#695,.F.);
#929=ORIENTED_EDGE('',*,*,#700,.T.);
#930=ORIENTED_EDGE('',*,*,#701,.T.);
#931=ORIENTED_EDGE('',*,*,#702,.T.);
#932=ORIENTED_EDGE('',*,*,#698,.F.);
#933=ORIENTED_EDGE('',*,*,#703,.T.);
#934=ORIENTED_EDGE('',*,*,#704,.T.);
#935=ORIENTED_EDGE('',*,*,#705,.T.);
#936=ORIENTED_EDGE('',*,*,#701,.F.);
#937=ORIENTED_EDGE('',*,*,#677,.T.);
#938=ORIENTED_EDGE('',*,*,#706,.T.);
#939=ORIENTED_EDGE('',*,*,#692,.F.);
#940=ORIENTED_EDGE('',*,*,#672,.T.);
#941=ORIENTED_EDGE('',*,*,#663,.F.);
#942=ORIENTED_EDGE('',*,*,#707,.T.);
#943=ORIENTED_EDGE('',*,*,#702,.F.);
#944=ORIENTED_EDGE('',*,*,#708,.F.);
#945=ORIENTED_EDGE('',*,*,#709,.F.);
#946=ORIENTED_EDGE('',*,*,#710,.F.);
#947=ORIENTED_EDGE('',*,*,#705,.F.);
#948=ORIENTED_EDGE('',*,*,#711,.F.);
#949=ORIENTED_EDGE('',*,*,#712,.F.);
#950=ORIENTED_EDGE('',*,*,#708,.T.);
#951=ORIENTED_EDGE('',*,*,#704,.F.);
#952=ORIENTED_EDGE('',*,*,#713,.T.);
#953=ORIENTED_EDGE('',*,*,#714,.F.);
#954=ORIENTED_EDGE('',*,*,#711,.T.);
#955=ORIENTED_EDGE('',*,*,#703,.F.);
#956=ORIENTED_EDGE('',*,*,#700,.F.);
#957=ORIENTED_EDGE('',*,*,#697,.F.);
#958=ORIENTED_EDGE('',*,*,#694,.F.);
#959=ORIENTED_EDGE('',*,*,#693,.F.);
#960=ORIENTED_EDGE('',*,*,#706,.F.);
#961=ORIENTED_EDGE('',*,*,#676,.F.);
#962=ORIENTED_EDGE('',*,*,#715,.T.);
#963=ORIENTED_EDGE('',*,*,#716,.T.);
#964=ORIENTED_EDGE('',*,*,#717,.F.);
#965=ORIENTED_EDGE('',*,*,#718,.F.);
#966=ORIENTED_EDGE('',*,*,#719,.T.);
#967=ORIENTED_EDGE('',*,*,#720,.F.);
#968=ORIENTED_EDGE('',*,*,#721,.F.);
#969=ORIENTED_EDGE('',*,*,#722,.F.);
#970=ORIENTED_EDGE('',*,*,#723,.F.);
#971=ORIENTED_EDGE('',*,*,#724,.T.);
#972=ORIENTED_EDGE('',*,*,#725,.T.);
#973=ORIENTED_EDGE('',*,*,#726,.T.);
#974=ORIENTED_EDGE('',*,*,#727,.F.);
#975=ORIENTED_EDGE('',*,*,#728,.F.);
#976=ORIENTED_EDGE('',*,*,#729,.F.);
#977=ORIENTED_EDGE('',*,*,#713,.F.);
#978=ORIENTED_EDGE('',*,*,#650,.F.);
#979=ORIENTED_EDGE('',*,*,#730,.T.);
#980=ORIENTED_EDGE('',*,*,#688,.F.);
#981=ORIENTED_EDGE('',*,*,#731,.T.);
#982=ORIENTED_EDGE('',*,*,#681,.T.);
#983=ORIENTED_EDGE('',*,*,#732,.T.);
#984=ORIENTED_EDGE('',*,*,#641,.T.);
#985=ORIENTED_EDGE('',*,*,#653,.F.);
#986=ORIENTED_EDGE('',*,*,#731,.F.);
#987=ORIENTED_EDGE('',*,*,#696,.F.);
#988=ORIENTED_EDGE('',*,*,#733,.F.);
#989=ORIENTED_EDGE('',*,*,#667,.F.);
#990=ORIENTED_EDGE('',*,*,#673,.F.);
#991=ORIENTED_EDGE('',*,*,#691,.F.);
#992=ORIENTED_EDGE('',*,*,#730,.F.);
#993=ORIENTED_EDGE('',*,*,#660,.F.);
#994=ORIENTED_EDGE('',*,*,#734,.T.);
#995=ORIENTED_EDGE('',*,*,#735,.F.);
#996=ORIENTED_EDGE('',*,*,#678,.F.);
#997=ORIENTED_EDGE('',*,*,#656,.F.);
#998=ORIENTED_EDGE('',*,*,#733,.T.);
#999=ORIENTED_EDGE('',*,*,#699,.F.);
#1000=ORIENTED_EDGE('',*,*,#707,.F.);
#1001=ORIENTED_EDGE('',*,*,#659,.F.);
#1002=ORIENTED_EDGE('',*,*,#710,.T.);
#1003=ORIENTED_EDGE('',*,*,#736,.F.);
#1004=ORIENTED_EDGE('',*,*,#734,.F.);
#1005=ORIENTED_EDGE('',*,*,#685,.T.);
#1006=ORIENTED_EDGE('',*,*,#737,.T.);
#1007=ORIENTED_EDGE('',*,*,#717,.T.);
#1008=ORIENTED_EDGE('',*,*,#738,.T.);
#1009=ORIENTED_EDGE('',*,*,#737,.F.);
#1010=ORIENTED_EDGE('',*,*,#684,.T.);
#1011=ORIENTED_EDGE('',*,*,#739,.T.);
#1012=ORIENTED_EDGE('',*,*,#740,.T.);
#1013=ORIENTED_EDGE('',*,*,#718,.T.);
#1014=ORIENTED_EDGE('',*,*,#687,.T.);
#1015=ORIENTED_EDGE('',*,*,#741,.T.);
#1016=ORIENTED_EDGE('',*,*,#715,.F.);
#1017=ORIENTED_EDGE('',*,*,#675,.F.);
#1018=ORIENTED_EDGE('',*,*,#738,.F.);
#1019=ORIENTED_EDGE('',*,*,#716,.F.);
#1020=ORIENTED_EDGE('',*,*,#741,.F.);
#1021=ORIENTED_EDGE('',*,*,#686,.F.);
#1022=ORIENTED_EDGE('',*,*,#742,.F.);
#1023=ORIENTED_EDGE('',*,*,#743,.T.);
#1024=ORIENTED_EDGE('',*,*,#744,.T.);
#1025=ORIENTED_EDGE('',*,*,#719,.F.);
#1026=ORIENTED_EDGE('',*,*,#740,.F.);
#1027=ORIENTED_EDGE('',*,*,#745,.T.);
#1028=ORIENTED_EDGE('',*,*,#743,.F.);
#1029=ORIENTED_EDGE('',*,*,#745,.F.);
#1030=ORIENTED_EDGE('',*,*,#746,.F.);
#1031=ORIENTED_EDGE('',*,*,#747,.F.);
#1032=ORIENTED_EDGE('',*,*,#644,.F.);
#1033=ORIENTED_EDGE('',*,*,#636,.F.);
#1034=ORIENTED_EDGE('',*,*,#638,.F.);
#1035=ORIENTED_EDGE('',*,*,#630,.F.);
#1036=ORIENTED_EDGE('',*,*,#643,.F.);
#1037=ORIENTED_EDGE('',*,*,#744,.F.);
#1038=ORIENTED_EDGE('',*,*,#649,.T.);
#1039=ORIENTED_EDGE('',*,*,#714,.T.);
#1040=ORIENTED_EDGE('',*,*,#729,.T.);
#1041=ORIENTED_EDGE('',*,*,#748,.T.);
#1042=ORIENTED_EDGE('',*,*,#749,.T.);
#1043=ORIENTED_EDGE('',*,*,#748,.F.);
#1044=ORIENTED_EDGE('',*,*,#750,.T.);
#1045=ORIENTED_EDGE('',*,*,#751,.T.);
#1046=ORIENTED_EDGE('',*,*,#752,.T.);
#1047=ORIENTED_EDGE('',*,*,#753,.T.);
#1048=ORIENTED_EDGE('',*,*,#754,.T.);
#1049=ORIENTED_EDGE('',*,*,#751,.F.);
#1050=ORIENTED_EDGE('',*,*,#755,.T.);
#1051=ORIENTED_EDGE('',*,*,#756,.T.);
#1052=ORIENTED_EDGE('',*,*,#757,.T.);
#1053=ORIENTED_EDGE('',*,*,#753,.F.);
#1054=ORIENTED_EDGE('',*,*,#758,.T.);
#1055=ORIENTED_EDGE('',*,*,#759,.T.);
#1056=ORIENTED_EDGE('',*,*,#760,.T.);
#1057=ORIENTED_EDGE('',*,*,#756,.F.);
#1058=ORIENTED_EDGE('',*,*,#761,.T.);
#1059=ORIENTED_EDGE('',*,*,#762,.T.);
#1060=ORIENTED_EDGE('',*,*,#763,.T.);
#1061=ORIENTED_EDGE('',*,*,#764,.T.);
#1062=ORIENTED_EDGE('',*,*,#765,.T.);
#1063=ORIENTED_EDGE('',*,*,#759,.F.);
#1064=ORIENTED_EDGE('',*,*,#766,.T.);
#1065=ORIENTED_EDGE('',*,*,#767,.T.);
#1066=ORIENTED_EDGE('',*,*,#768,.T.);
#1067=ORIENTED_EDGE('',*,*,#764,.F.);
#1068=ORIENTED_EDGE('',*,*,#769,.T.);
#1069=ORIENTED_EDGE('',*,*,#770,.T.);
#1070=ORIENTED_EDGE('',*,*,#771,.T.);
#1071=ORIENTED_EDGE('',*,*,#767,.F.);
#1072=ORIENTED_EDGE('',*,*,#772,.T.);
#1073=ORIENTED_EDGE('',*,*,#770,.F.);
#1074=ORIENTED_EDGE('',*,*,#773,.T.);
#1075=ORIENTED_EDGE('',*,*,#774,.T.);
#1076=ORIENTED_EDGE('',*,*,#775,.T.);
#1077=ORIENTED_EDGE('',*,*,#776,.T.);
#1078=ORIENTED_EDGE('',*,*,#777,.T.);
#1079=ORIENTED_EDGE('',*,*,#774,.F.);
#1080=ORIENTED_EDGE('',*,*,#778,.T.);
#1081=ORIENTED_EDGE('',*,*,#779,.T.);
#1082=ORIENTED_EDGE('',*,*,#780,.T.);
#1083=ORIENTED_EDGE('',*,*,#776,.F.);
#1084=ORIENTED_EDGE('',*,*,#721,.T.);
#1085=ORIENTED_EDGE('',*,*,#781,.T.);
#1086=ORIENTED_EDGE('',*,*,#779,.F.);
#1087=ORIENTED_EDGE('',*,*,#782,.T.);
#1088=ORIENTED_EDGE('',*,*,#783,.F.);
#1089=ORIENTED_EDGE('',*,*,#784,.T.);
#1090=ORIENTED_EDGE('',*,*,#712,.T.);
#1091=ORIENTED_EDGE('',*,*,#785,.T.);
#1092=ORIENTED_EDGE('',*,*,#736,.T.);
#1093=ORIENTED_EDGE('',*,*,#709,.T.);
#1094=ORIENTED_EDGE('',*,*,#786,.T.);
#1095=ORIENTED_EDGE('',*,*,#787,.T.);
#1096=ORIENTED_EDGE('',*,*,#788,.T.);
#1097=ORIENTED_EDGE('',*,*,#784,.F.);
#1098=ORIENTED_EDGE('',*,*,#735,.T.);
#1099=ORIENTED_EDGE('',*,*,#789,.T.);
#1100=ORIENTED_EDGE('',*,*,#787,.F.);
#1101=ORIENTED_EDGE('',*,*,#679,.T.);
#1102=ORIENTED_EDGE('',*,*,#775,.F.);
#1103=ORIENTED_EDGE('',*,*,#777,.F.);
#1104=ORIENTED_EDGE('',*,*,#780,.F.);
#1105=ORIENTED_EDGE('',*,*,#781,.F.);
#1106=ORIENTED_EDGE('',*,*,#788,.F.);
#1107=ORIENTED_EDGE('',*,*,#789,.F.);
#1108=ORIENTED_EDGE('',*,*,#785,.F.);
#1109=ORIENTED_EDGE('',*,*,#749,.F.);
#1110=ORIENTED_EDGE('',*,*,#752,.F.);
#1111=ORIENTED_EDGE('',*,*,#790,.F.);
#1112=ORIENTED_EDGE('',*,*,#791,.F.);
#1113=ORIENTED_EDGE('',*,*,#792,.T.);
#1114=ORIENTED_EDGE('',*,*,#793,.T.);
#1115=ORIENTED_EDGE('',*,*,#794,.T.);
#1116=ORIENTED_EDGE('',*,*,#795,.F.);
#1117=ORIENTED_EDGE('',*,*,#796,.F.);
#1118=ORIENTED_EDGE('',*,*,#773,.F.);
#1119=ORIENTED_EDGE('',*,*,#772,.F.);
#1120=ORIENTED_EDGE('',*,*,#769,.F.);
#1121=ORIENTED_EDGE('',*,*,#797,.T.);
#1122=ORIENTED_EDGE('',*,*,#798,.F.);
#1123=ORIENTED_EDGE('',*,*,#799,.T.);
#1124=ORIENTED_EDGE('',*,*,#762,.F.);
#1125=ORIENTED_EDGE('',*,*,#800,.T.);
#1126=ORIENTED_EDGE('',*,*,#801,.F.);
#1127=ORIENTED_EDGE('',*,*,#802,.T.);
#1128=ORIENTED_EDGE('',*,*,#803,.T.);
#1129=ORIENTED_EDGE('',*,*,#804,.T.);
#1130=ORIENTED_EDGE('',*,*,#766,.F.);
#1131=ORIENTED_EDGE('',*,*,#805,.F.);
#1132=ORIENTED_EDGE('',*,*,#800,.F.);
#1133=ORIENTED_EDGE('',*,*,#763,.F.);
#1134=ORIENTED_EDGE('',*,*,#804,.F.);
#1135=ORIENTED_EDGE('',*,*,#797,.F.);
#1136=ORIENTED_EDGE('',*,*,#761,.F.);
#1137=ORIENTED_EDGE('',*,*,#758,.F.);
#1138=ORIENTED_EDGE('',*,*,#806,.T.);
#1139=ORIENTED_EDGE('',*,*,#807,.F.);
#1140=ORIENTED_EDGE('',*,*,#805,.T.);
#1141=ORIENTED_EDGE('',*,*,#755,.F.);
#1142=ORIENTED_EDGE('',*,*,#750,.F.);
#1143=ORIENTED_EDGE('',*,*,#728,.T.);
#1144=ORIENTED_EDGE('',*,*,#808,.F.);
#1145=ORIENTED_EDGE('',*,*,#806,.F.);
#1146=ORIENTED_EDGE('',*,*,#809,.T.);
#1147=ORIENTED_EDGE('',*,*,#793,.F.);
#1148=ORIENTED_EDGE('',*,*,#810,.T.);
#1149=ORIENTED_EDGE('',*,*,#811,.T.);
#1150=ORIENTED_EDGE('',*,*,#812,.T.);
#1151=ORIENTED_EDGE('',*,*,#794,.F.);
#1152=ORIENTED_EDGE('',*,*,#809,.F.);
#1153=ORIENTED_EDGE('',*,*,#813,.T.);
#1154=ORIENTED_EDGE('',*,*,#814,.T.);
#1155=ORIENTED_EDGE('',*,*,#815,.T.);
#1156=ORIENTED_EDGE('',*,*,#810,.F.);
#1157=ORIENTED_EDGE('',*,*,#792,.F.);
#1158=ORIENTED_EDGE('',*,*,#812,.F.);
#1159=ORIENTED_EDGE('',*,*,#816,.T.);
#1160=ORIENTED_EDGE('',*,*,#795,.T.);
#1161=ORIENTED_EDGE('',*,*,#814,.F.);
#1162=ORIENTED_EDGE('',*,*,#791,.T.);
#1163=ORIENTED_EDGE('',*,*,#817,.T.);
#1164=ORIENTED_EDGE('',*,*,#768,.F.);
#1165=ORIENTED_EDGE('',*,*,#818,.F.);
#1166=ORIENTED_EDGE('',*,*,#811,.F.);
#1167=ORIENTED_EDGE('',*,*,#819,.F.);
#1168=ORIENTED_EDGE('',*,*,#760,.F.);
#1169=ORIENTED_EDGE('',*,*,#765,.F.);
#1170=ORIENTED_EDGE('',*,*,#757,.F.);
#1171=ORIENTED_EDGE('',*,*,#819,.T.);
#1172=ORIENTED_EDGE('',*,*,#815,.F.);
#1173=ORIENTED_EDGE('',*,*,#817,.F.);
#1174=ORIENTED_EDGE('',*,*,#790,.T.);
#1175=ORIENTED_EDGE('',*,*,#754,.F.);
#1176=ORIENTED_EDGE('',*,*,#771,.F.);
#1177=ORIENTED_EDGE('',*,*,#796,.T.);
#1178=ORIENTED_EDGE('',*,*,#816,.F.);
#1179=ORIENTED_EDGE('',*,*,#813,.F.);
#1180=ORIENTED_EDGE('',*,*,#818,.T.);
#1181=ORIENTED_EDGE('',*,*,#727,.T.);
#1182=ORIENTED_EDGE('',*,*,#820,.T.);
#1183=ORIENTED_EDGE('',*,*,#821,.T.);
#1184=ORIENTED_EDGE('',*,*,#808,.T.);
#1185=ORIENTED_EDGE('',*,*,#801,.T.);
#1186=ORIENTED_EDGE('',*,*,#807,.T.);
#1187=ORIENTED_EDGE('',*,*,#821,.F.);
#1188=ORIENTED_EDGE('',*,*,#822,.T.);
#1189=ORIENTED_EDGE('',*,*,#823,.T.);
#1190=ORIENTED_EDGE('',*,*,#798,.T.);
#1191=ORIENTED_EDGE('',*,*,#803,.F.);
#1192=ORIENTED_EDGE('',*,*,#824,.T.);
#1193=ORIENTED_EDGE('',*,*,#723,.T.);
#1194=ORIENTED_EDGE('',*,*,#825,.T.);
#1195=ORIENTED_EDGE('',*,*,#823,.F.);
#1196=ORIENTED_EDGE('',*,*,#826,.T.);
#1197=ORIENTED_EDGE('',*,*,#826,.F.);
#1198=ORIENTED_EDGE('',*,*,#824,.F.);
#1199=ORIENTED_EDGE('',*,*,#802,.F.);
#1200=ORIENTED_EDGE('',*,*,#822,.F.);
#1201=ORIENTED_EDGE('',*,*,#820,.F.);
#1202=ORIENTED_EDGE('',*,*,#726,.F.);
#1203=ORIENTED_EDGE('',*,*,#725,.F.);
#1204=ORIENTED_EDGE('',*,*,#724,.F.);
#1205=ORIENTED_EDGE('',*,*,#778,.F.);
#1206=ORIENTED_EDGE('',*,*,#799,.F.);
#1207=ORIENTED_EDGE('',*,*,#825,.F.);
#1208=ORIENTED_EDGE('',*,*,#722,.T.);
#1209=ORIENTED_EDGE('',*,*,#782,.F.);
#1210=ORIENTED_EDGE('',*,*,#720,.T.);
#1211=ORIENTED_EDGE('',*,*,#742,.T.);
#1212=ORIENTED_EDGE('',*,*,#642,.T.);
#1213=ORIENTED_EDGE('',*,*,#827,.F.);
#1214=ORIENTED_EDGE('',*,*,#786,.F.);
#1215=ORIENTED_EDGE('',*,*,#783,.T.);
#1216=ORIENTED_EDGE('',*,*,#827,.T.);
#1217=ORIENTED_EDGE('',*,*,#732,.F.);
#1218=ORIENTED_EDGE('',*,*,#680,.T.);
#1219=ORIENTED_EDGE('',*,*,#683,.T.);
#1220=ORIENTED_EDGE('',*,*,#828,.F.);
#1221=ORIENTED_EDGE('',*,*,#746,.T.);
#1222=ORIENTED_EDGE('',*,*,#739,.F.);
#1223=ORIENTED_EDGE('',*,*,#682,.T.);
#1224=ORIENTED_EDGE('',*,*,#645,.F.);
#1225=ORIENTED_EDGE('',*,*,#747,.T.);
#1226=ORIENTED_EDGE('',*,*,#828,.T.);
#1227=PLANE('',#1345);
#1228=PLANE('',#1346);
#1229=PLANE('',#1347);
#1230=PLANE('',#1348);
#1231=PLANE('',#1350);
#1232=PLANE('',#1369);
#1233=PLANE('',#1370);
#1234=PLANE('',#1387);
#1235=PLANE('',#1390);
#1236=PLANE('',#1392);
#1237=PLANE('',#1395);
#1238=PLANE('',#1397);
#1239=PLANE('',#1398);
#1240=PLANE('',#1399);
#1241=PLANE('',#1401);
#1242=PLANE('',#1405);
#1243=PLANE('',#1406);
#1244=PLANE('',#1408);
#1245=PLANE('',#1409);
#1246=PLANE('',#1431);
#1247=PLANE('',#1432);
#1248=PLANE('',#1439);
#1249=PLANE('',#1445);
#1250=ADVANCED_FACE('',(#202),#1227,.T.);
#1251=ADVANCED_FACE('',(#203),#1228,.T.);
#1252=ADVANCED_FACE('',(#204),#1229,.T.);
#1253=ADVANCED_FACE('',(#205),#1230,.T.);
#1254=ADVANCED_FACE('',(#206),#1231,.T.);
#1255=ADVANCED_FACE('',(#207),#165,.F.);
#1256=ADVANCED_FACE('',(#208),#92,.F.);
#1257=ADVANCED_FACE('',(#209),#166,.T.);
#1258=ADVANCED_FACE('',(#210),#167,.T.);
#1259=ADVANCED_FACE('',(#211),#87,.F.);
#1260=ADVANCED_FACE('',(#212),#168,.T.);
#1261=ADVANCED_FACE('',(#213),#169,.T.);
#1262=ADVANCED_FACE('',(#214),#88,.T.);
#1263=ADVANCED_FACE('',(#215),#170,.F.);
#1264=ADVANCED_FACE('',(#216),#1232,.T.);
#1265=ADVANCED_FACE('',(#217,#15),#1233,.T.);
#1266=ADVANCED_FACE('',(#218),#93,.F.);
#1267=ADVANCED_FACE('',(#219),#171,.T.);
#1268=ADVANCED_FACE('',(#220),#172,.T.);
#1269=ADVANCED_FACE('',(#221),#173,.T.);
#1270=ADVANCED_FACE('',(#222),#174,.T.);
#1271=ADVANCED_FACE('',(#223),#89,.F.);
#1272=ADVANCED_FACE('',(#224),#90,.T.);
#1273=ADVANCED_FACE('',(#225),#1234,.T.);
#1274=ADVANCED_FACE('',(#226),#175,.T.);
#1275=ADVANCED_FACE('',(#227),#1235,.T.);
#1276=ADVANCED_FACE('',(#228),#1236,.T.);
#1277=ADVANCED_FACE('',(#229),#176,.T.);
#1278=ADVANCED_FACE('',(#230),#1237,.F.);
#1279=ADVANCED_FACE('',(#231),#1238,.T.);
#1280=ADVANCED_FACE('',(#232),#1239,.F.);
#1281=ADVANCED_FACE('',(#233),#1240,.T.);
#1282=ADVANCED_FACE('',(#234),#1241,.T.);
#1283=ADVANCED_FACE('',(#235),#177,.T.);
#1284=ADVANCED_FACE('',(#236),#94,.F.);
#1285=ADVANCED_FACE('',(#237),#95,.T.);
#1286=ADVANCED_FACE('',(#238),#178,.F.);
#1287=ADVANCED_FACE('',(#239),#1242,.F.);
#1288=ADVANCED_FACE('',(#240),#1243,.F.);
#1289=ADVANCED_FACE('',(#241),#1244,.F.);
#1290=ADVANCED_FACE('',(#242,#16),#1245,.T.);
#1291=ADVANCED_FACE('',(#243),#96,.F.);
#1292=ADVANCED_FACE('',(#244),#97,.F.);
#1293=ADVANCED_FACE('',(#245),#98,.F.);
#1294=ADVANCED_FACE('',(#246),#99,.F.);
#1295=ADVANCED_FACE('',(#247),#100,.F.);
#1296=ADVANCED_FACE('',(#248),#179,.T.);
#1297=ADVANCED_FACE('',(#249),#101,.F.);
#1298=ADVANCED_FACE('',(#250),#102,.F.);
#1299=ADVANCED_FACE('',(#251),#103,.F.);
#1300=ADVANCED_FACE('',(#252),#104,.F.);
#1301=ADVANCED_FACE('',(#253),#105,.F.);
#1302=ADVANCED_FACE('',(#254),#106,.F.);
#1303=ADVANCED_FACE('',(#255),#107,.F.);
#1304=ADVANCED_FACE('',(#256),#108,.F.);
#1305=ADVANCED_FACE('',(#257),#109,.F.);
#1306=ADVANCED_FACE('',(#258),#91,.T.);
#1307=ADVANCED_FACE('',(#259),#180,.T.);
#1308=ADVANCED_FACE('',(#260),#110,.F.);
#1309=ADVANCED_FACE('',(#261),#1246,.T.);
#1310=ADVANCED_FACE('',(#262),#1247,.T.);
#1311=ADVANCED_FACE('',(#263),#181,.T.);
#1312=ADVANCED_FACE('',(#264),#182,.F.);
#1313=ADVANCED_FACE('',(#265),#111,.T.);
#1314=ADVANCED_FACE('',(#266),#112,.T.);
#1315=ADVANCED_FACE('',(#267),#113,.T.);
#1316=ADVANCED_FACE('',(#268),#114,.T.);
#1317=ADVANCED_FACE('',(#269),#115,.T.);
#1318=ADVANCED_FACE('',(#270),#1248,.T.);
#1319=ADVANCED_FACE('',(#271),#116,.F.);
#1320=ADVANCED_FACE('',(#272),#117,.F.);
#1321=ADVANCED_FACE('',(#273),#118,.F.);
#1322=ADVANCED_FACE('',(#274),#119,.F.);
#1323=ADVANCED_FACE('',(#275),#120,.F.);
#1324=ADVANCED_FACE('',(#276),#121,.F.);
#1325=ADVANCED_FACE('',(#277),#122,.T.);
#1326=ADVANCED_FACE('',(#278),#183,.F.);
#1327=ADVANCED_FACE('',(#279),#184,.T.);
#1328=ADVANCED_FACE('',(#280),#185,.T.);
#1329=ADVANCED_FACE('',(#281),#1249,.T.);
#1330=ADVANCED_FACE('',(#282),#186,.T.);
#1331=CLOSED_SHELL('',(#1250,#1251,#1252,#1253,#1254,#1255,#1256,#1257,
#1258,#1259,#1260,#1261,#1262,#1263,#1264,#1265,#1266,#1267,#1268,#1269,
#1270,#1271,#1272,#1273,#1274,#1275,#1276,#1277,#1278,#1279,#1280,#1281,
#1282,#1283,#1284,#1285,#1286,#1287,#1288,#1289,#1290,#1291,#1292,#1293,
#1294,#1295,#1296,#1297,#1298,#1299,#1300,#1301,#1302,#1303,#1304,#1305,
#1306,#1307,#1308,#1309,#1310,#1311,#1312,#1313,#1314,#1315,#1316,#1317,
#1318,#1319,#1320,#1321,#1322,#1323,#1324,#1325,#1326,#1327,#1328,#1329,
#1330));
#1332=DERIVED_UNIT_ELEMENT(#1334,1.);
#1333=DERIVED_UNIT_ELEMENT(#3457,-3.);
#1334=(
MASS_UNIT()
NAMED_UNIT(*)
SI_UNIT(.KILO.,.GRAM.)
);
#1335=DERIVED_UNIT((#1332,#1333));
#1336=MEASURE_REPRESENTATION_ITEM('density measure',
POSITIVE_RATIO_MEASURE(7850.),#1335);
#1337=PROPERTY_DEFINITION_REPRESENTATION(#1342,#1339);
#1338=PROPERTY_DEFINITION_REPRESENTATION(#1343,#1340);
#1339=REPRESENTATION('material name',(#1341),#3454);
#1340=REPRESENTATION('density',(#1336),#3454);
#1341=DESCRIPTIVE_REPRESENTATION_ITEM('Steel','Steel');
#1342=PROPERTY_DEFINITION('material property','material name',#3464);
#1343=PROPERTY_DEFINITION('material property','density of part',#3464);
#1344=AXIS2_PLACEMENT_3D('',#1725,#1447,#1448);
#1345=AXIS2_PLACEMENT_3D('',#1726,#1449,#1450);
#1346=AXIS2_PLACEMENT_3D('',#1735,#1455,#1456);
#1347=AXIS2_PLACEMENT_3D('',#1744,#1461,#1462);
#1348=AXIS2_PLACEMENT_3D('',#1747,#1465,#1466);
#1349=AXIS2_PLACEMENT_3D('',#1753,#1469,#1470);
#1350=AXIS2_PLACEMENT_3D('',#1755,#1472,#1473);
#1351=AXIS2_PLACEMENT_3D('',#1761,#1477,#1478);
#1352=AXIS2_PLACEMENT_3D('',#1763,#1479,#1480);
#1353=AXIS2_PLACEMENT_3D('',#1766,#1482,#1483);
#1354=AXIS2_PLACEMENT_3D('',#1804,#1484,#1485);
#1355=AXIS2_PLACEMENT_3D('',#1806,#1486,#1487);
#1356=AXIS2_PLACEMENT_3D('',#1807,#1488,#1489);
#1357=AXIS2_PLACEMENT_3D('',#1808,#1490,#1491);
#1358=AXIS2_PLACEMENT_3D('',#1812,#1493,#1494);
#1359=AXIS2_PLACEMENT_3D('',#1814,#1496,#1497);
#1360=AXIS2_PLACEMENT_3D('',#1818,#1499,#1500);
#1361=AXIS2_PLACEMENT_3D('',#1831,#1502,#1503);
#1362=AXIS2_PLACEMENT_3D('',#1833,#1504,#1505);
#1363=AXIS2_PLACEMENT_3D('',#1835,#1506,#1507);
#1364=AXIS2_PLACEMENT_3D('',#1852,#1508,#1509);
#1365=AXIS2_PLACEMENT_3D('',#1855,#1512,#1513);
#1366=AXIS2_PLACEMENT_3D('',#1859,#1515,#1516);
#1367=AXIS2_PLACEMENT_3D('',#1907,#1518,#1519);
#1368=AXIS2_PLACEMENT_3D('',#1914,#1520,#1521);
#1369=AXIS2_PLACEMENT_3D('',#1930,#1524,#1525);
#1370=AXIS2_PLACEMENT_3D('',#1943,#1529,#1530);
#1371=AXIS2_PLACEMENT_3D('',#1961,#1534,#1535);
#1372=AXIS2_PLACEMENT_3D('',#1985,#1538,#1539);
#1373=AXIS2_PLACEMENT_3D('',#2023,#1540,#1541);
#1374=AXIS2_PLACEMENT_3D('',#2025,#1542,#1543);
#1375=AXIS2_PLACEMENT_3D('',#2026,#1544,#1545);
#1376=AXIS2_PLACEMENT_3D('',#2027,#1546,#1547);
#1377=AXIS2_PLACEMENT_3D('',#2030,#1549,#1550);
#1378=AXIS2_PLACEMENT_3D('',#2032,#1552,#1553);
#1379=AXIS2_PLACEMENT_3D('',#2036,#1555,#1556);
#1380=AXIS2_PLACEMENT_3D('',#2038,#1558,#1559);
#1381=AXIS2_PLACEMENT_3D('',#2042,#1561,#1562);
#1382=AXIS2_PLACEMENT_3D('',#2044,#1564,#1565);
#1383=AXIS2_PLACEMENT_3D('',#2075,#1568,#1569);
#1384=AXIS2_PLACEMENT_3D('',#2077,#1570,#1571);
#1385=AXIS2_PLACEMENT_3D('',#2078,#1572,#1573);
#1386=AXIS2_PLACEMENT_3D('',#2112,#1574,#1575);
#1387=AXIS2_PLACEMENT_3D('',#2113,#1576,#1577);
#1388=AXIS2_PLACEMENT_3D('',#2123,#1581,#1582);
#1389=AXIS2_PLACEMENT_3D('',#2126,#1584,#1585);
#1390=AXIS2_PLACEMENT_3D('',#2127,#1586,#1587);
#1391=AXIS2_PLACEMENT_3D('',#2130,#1589,#1590);
#1392=AXIS2_PLACEMENT_3D('',#2131,#1591,#1592);
#1393=AXIS2_PLACEMENT_3D('',#2133,#1593,#1594);
#1394=AXIS2_PLACEMENT_3D('',#2253,#1600,#1601);
#1395=AXIS2_PLACEMENT_3D('',#2256,#1604,#1605);
#1396=AXIS2_PLACEMENT_3D('',#2257,#1606,#1607);
#1397=AXIS2_PLACEMENT_3D('',#2258,#1608,#1609);
#1398=AXIS2_PLACEMENT_3D('',#2260,#1611,#1612);
#1399=AXIS2_PLACEMENT_3D('',#2261,#1613,#1614);
#1400=AXIS2_PLACEMENT_3D('',#2264,#1616,#1617);
#1401=AXIS2_PLACEMENT_3D('',#2265,#1618,#1619);
#1402=AXIS2_PLACEMENT_3D('',#2266,#1620,#1621);
#1403=AXIS2_PLACEMENT_3D('',#2267,#1622,#1623);
#1404=AXIS2_PLACEMENT_3D('',#2335,#1624,#1625);
#1405=AXIS2_PLACEMENT_3D('',#2337,#1627,#1628);
#1406=AXIS2_PLACEMENT_3D('',#2338,#1629,#1630);
#1407=AXIS2_PLACEMENT_3D('',#2339,#1631,#1632);
#1408=AXIS2_PLACEMENT_3D('',#2343,#1635,#1636);
#1409=AXIS2_PLACEMENT_3D('',#2345,#1638,#1639);
#1410=AXIS2_PLACEMENT_3D('',#2348,#1641,#1642);
#1411=AXIS2_PLACEMENT_3D('',#2375,#1643,#1644);
#1412=AXIS2_PLACEMENT_3D('',#2407,#1645,#1646);
#1413=AXIS2_PLACEMENT_3D('',#2434,#1647,#1648);
#1414=AXIS2_PLACEMENT_3D('',#2465,#1649,#1650);
#1415=AXIS2_PLACEMENT_3D('',#2496,#1651,#1652);
#1416=AXIS2_PLACEMENT_3D('',#2497,#1653,#1654);
#1417=AXIS2_PLACEMENT_3D('',#2498,#1655,#1656);
#1418=AXIS2_PLACEMENT_3D('',#2499,#1657,#1658);
#1419=AXIS2_PLACEMENT_3D('',#2513,#1660,#1661);
#1420=AXIS2_PLACEMENT_3D('',#2538,#1664,#1665);
#1421=AXIS2_PLACEMENT_3D('',#2539,#1666,#1667);
#1422=AXIS2_PLACEMENT_3D('',#2540,#1668,#1669);
#1423=AXIS2_PLACEMENT_3D('',#2563,#1670,#1671);
#1424=AXIS2_PLACEMENT_3D('',#2598,#1672,#1673);
#1425=AXIS2_PLACEMENT_3D('',#2624,#1674,#1675);
#1426=AXIS2_PLACEMENT_3D('',#2654,#1676,#1677);
#1427=AXIS2_PLACEMENT_3D('',#2785,#1679,#1680);
#1428=AXIS2_PLACEMENT_3D('',#2993,#1681,#1682);
#1429=AXIS2_PLACEMENT_3D('',#3028,#1685,#1686);
#1430=AXIS2_PLACEMENT_3D('',#3034,#1687,#1688);
#1431=AXIS2_PLACEMENT_3D('',#3039,#1689,#1690);
#1432=AXIS2_PLACEMENT_3D('',#3041,#1692,#1693);
#1433=AXIS2_PLACEMENT_3D('',#3042,#1694,#1695);
#1434=AXIS2_PLACEMENT_3D('',#3049,#1697,#1698);
#1435=AXIS2_PLACEMENT_3D('',#3088,#1699,#1700);
#1436=AXIS2_PLACEMENT_3D('',#3090,#1701,#1702);
#1437=AXIS2_PLACEMENT_3D('',#3116,#1703,#1704);
#1438=AXIS2_PLACEMENT_3D('',#3138,#1705,#1706);
#1439=AXIS2_PLACEMENT_3D('',#3203,#1707,#1708);
#1440=AXIS2_PLACEMENT_3D('',#3274,#1709,#1710);
#1441=AXIS2_PLACEMENT_3D('',#3320,#1711,#1712);
#1442=AXIS2_PLACEMENT_3D('',#3445,#1713,#1714);
#1443=AXIS2_PLACEMENT_3D('',#3446,#1715,#1716);
#1444=AXIS2_PLACEMENT_3D('',#3448,#1718,#1719);
#1445=AXIS2_PLACEMENT_3D('',#3449,#1720,#1721);
#1446=AXIS2_PLACEMENT_3D('',#3451,#1723,#1724);
#1447=DIRECTION('axis',(0.,0.,1.));
#1448=DIRECTION('refdir',(1.,0.,0.));
#1449=DIRECTION('center_axis',(0.76299706886484,0.646401943765381,-8.51148827354027E-34));
#1450=DIRECTION('ref_axis',(-1.11553354801262E-33,0.,-1.));
#1451=DIRECTION('',(-0.646401943765381,0.76299706886484,0.));
#1452=DIRECTION('',(3.02837815015945E-19,3.66069608061635E-18,-1.));
#1453=DIRECTION('',(0.646401943765381,-0.76299706886484,0.));
#1454=DIRECTION('',(-1.19960831687414E-33,9.92398040036019E-35,-1.));
#1455=DIRECTION('center_axis',(-0.64640194376538,0.762997068864841,0.));
#1456=DIRECTION('ref_axis',(0.,0.,1.));
#1457=DIRECTION('',(0.762997068864841,0.64640194376538,0.));
#1458=DIRECTION('',(0.,0.,1.));
#1459=DIRECTION('',(-0.762997068864841,-0.64640194376538,0.));
#1460=DIRECTION('',(0.,0.,1.));
#1461=DIRECTION('center_axis',(0.0824452036111226,0.996595599228454,0.));
#1462=DIRECTION('ref_axis',(0.,0.,1.));
#1463=DIRECTION('',(-0.996595599228454,0.0824452036111222,0.));
#1464=DIRECTION('',(0.996595599228454,-0.0824452036111223,0.));
#1465=DIRECTION('center_axis',(0.0824452036111222,0.996595599228454,0.));
#1466=DIRECTION('ref_axis',(-0.996595599228454,0.0824452036111222,0.));
#1467=DIRECTION('',(0.996595599228454,-0.0824452036111222,0.));
#1468=DIRECTION('',(0.,0.,1.));
#1469=DIRECTION('center_axis',(-0.0824452036111222,-0.996595599228454,0.));
#1470=DIRECTION('ref_axis',(-0.996595599228454,0.0824452036111222,1.65378499032648E-16));
#1471=DIRECTION('',(-0.996595599228454,0.0824452036111222,0.));
#1472=DIRECTION('center_axis',(0.0824452036111222,0.996595599228454,0.));
#1473=DIRECTION('ref_axis',(-0.996595599228454,0.0824452036111222,0.));
#1474=DIRECTION('',(-0.996595599228454,0.0824452036111222,0.));
#1475=DIRECTION('',(0.,0.,1.));
#1476=DIRECTION('',(0.996595599228454,-0.0824452036111222,0.));
#1477=DIRECTION('center_axis',(0.,0.,-1.));
#1478=DIRECTION('ref_axis',(-1.,0.,0.));
#1479=DIRECTION('center_axis',(0.,0.,-1.));
#1480=DIRECTION('ref_axis',(-1.,0.,0.));
#1481=DIRECTION('',(0.,0.,-1.));
#1482=DIRECTION('center_axis',(0.,0.,1.));
#1483=DIRECTION('ref_axis',(-1.,0.,0.));
#1484=DIRECTION('center_axis',(-3.98565361422422E-16,-8.22529151449723E-16,
1.));
#1485=DIRECTION('ref_axis',(-0.998086613889336,0.0618313122529288,-3.46944695195261E-16));
#1486=DIRECTION('center_axis',(-0.937595101755752,0.347728953588311,-3.43161502757827E-15));
#1487=DIRECTION('ref_axis',(-0.347728953588311,-0.937595101755752,-1.0791861271469E-16));
#1488=DIRECTION('center_axis',(0.853936612247979,-0.520377038561891,0.));
#1489=DIRECTION('ref_axis',(-0.520377038561891,-0.853936612247979,-7.1945741809793E-17));
#1490=DIRECTION('center_axis',(-0.74502308698339,-0.667038679434514,0.));
#1491=DIRECTION('ref_axis',(0.471667573541859,-0.526810876946491,0.707106781186551));
#1492=DIRECTION('',(0.74502308698339,0.667038679434514,0.));
#1493=DIRECTION('center_axis',(-0.508749057812403,-0.860914860003585,-8.49606666504821E-15));
#1494=DIRECTION('ref_axis',(0.860914860003585,-0.508749057812403,-2.68145895967306E-14));
#1495=DIRECTION('',(-0.74502308698339,-0.667038679434514,0.));
#1496=DIRECTION('center_axis',(-0.224951054363311,-0.974370064780746,0.));
#1497=DIRECTION('ref_axis',(0.688983680191628,-0.159064415975362,0.70710678118656));
#1498=DIRECTION('',(0.224951054363311,0.974370064780746,0.));
#1499=DIRECTION('center_axis',(-0.108508320415799,-0.99409554088153,0.));
#1500=DIRECTION('ref_axis',(0.99409554088153,-0.108508320415799,0.));
#1501=DIRECTION('',(-0.224951054363311,-0.974370064780746,0.));
#1502=DIRECTION('center_axis',(0.,0.,1.));
#1503=DIRECTION('ref_axis',(0.999972476452855,0.00741932185205115,0.));
#1504=DIRECTION('center_axis',(0.239384221183028,-0.970924917101521,0.));
#1505=DIRECTION('ref_axis',(0.970924917101521,0.239384221183028,0.));
#1506=DIRECTION('center_axis',(0.,0.,-1.));
#1507=DIRECTION('ref_axis',(0.999972476452855,0.00741932185205115,0.));
#1508=DIRECTION('center_axis',(0.00944788809457076,-0.999955367709256,0.));
#1509=DIRECTION('ref_axis',(0.707075221391085,0.00668066573956065,0.707106781186565));
#1510=DIRECTION('',(-0.00944788809457076,0.999955367709256,0.));
#1511=DIRECTION('',(0.00944788809457076,-0.999955367709256,0.));
#1512=DIRECTION('center_axis',(-0.0618313122529205,-0.998086613889337,0.));
#1513=DIRECTION('ref_axis',(-0.705753812892688,0.0437213401837099,0.707106781186529));
#1514=DIRECTION('',(0.0618313122529205,0.998086613889337,0.));
#1515=DIRECTION('center_axis',(-0.0618313122529213,-0.998086613889337,0.));
#1516=DIRECTION('ref_axis',(0.,0.,1.));
#1517=DIRECTION('',(-0.0618313122529205,-0.998086613889337,0.));
#1518=DIRECTION('center_axis',(0.,0.,1.));
#1519=DIRECTION('ref_axis',(-0.998086613889337,0.0618313122529213,0.));
#1520=DIRECTION('center_axis',(0.,0.,-1.));
#1521=DIRECTION('ref_axis',(0.999146779395096,-0.041300281166193,0.));
#1522=DIRECTION('',(0.,0.,-1.));
#1523=DIRECTION('',(0.,0.,1.));
#1524=DIRECTION('center_axis',(-0.989611302795182,-0.143768805309159,0.));
#1525=DIRECTION('ref_axis',(0.,0.,1.));
#1526=DIRECTION('',(-0.143768805309165,0.989611302795181,0.));
#1527=DIRECTION('',(0.,0.,-1.));
#1528=DIRECTION('',(0.143768805309165,-0.989611302795181,0.));
#1529=DIRECTION('center_axis',(0.,0.,1.));
#1530=DIRECTION('ref_axis',(0.224951054362871,0.974370064780847,0.));
#1531=DIRECTION('',(-0.970924917101521,-0.239384221183028,0.));
#1532=DIRECTION('',(0.342020143325667,0.939692620785909,0.));
#1533=DIRECTION('',(0.790952852180781,-0.611877100100246,0.));
#1534=DIRECTION('center_axis',(0.,0.,-1.));
#1535=DIRECTION('ref_axis',(1.,0.,0.));
#1536=DIRECTION('',(-0.999118749767624,0.0419728943817304,0.));
#1537=DIRECTION('',(0.972759412491988,-0.231817008453312,0.));
#1538=DIRECTION('center_axis',(0.,0.,1.));
#1539=DIRECTION('ref_axis',(0.944535168969847,0.328410283911912,0.));
#1540=DIRECTION('center_axis',(0.,0.,-1.));
#1541=DIRECTION('ref_axis',(0.66703867943452,-0.745023086983385,0.));
#1542=DIRECTION('center_axis',(0.853936612247976,-0.520377038561896,0.));
#1543=DIRECTION('ref_axis',(-0.520377038561896,-0.853936612247976,0.));
#1544=DIRECTION('center_axis',(-0.937595101755758,0.347728953588293,5.41692633954907E-14));
#1545=DIRECTION('ref_axis',(-0.347728953588293,-0.937595101755758,0.));
#1546=DIRECTION('center_axis',(0.0618313122529205,0.998086613889337,0.));
#1547=DIRECTION('ref_axis',(-0.705753812892689,0.043721340183696,-0.707106781186529));
#1548=DIRECTION('',(0.0618313122529205,0.998086613889337,0.));
#1549=DIRECTION('center_axis',(-0.0618313122529213,-0.998086613889337,0.));
#1550=DIRECTION('ref_axis',(-0.998086613889337,0.0618313122529213,0.));
#1551=DIRECTION('',(-0.0618313122529205,-0.998086613889337,0.));
#1552=DIRECTION('center_axis',(0.74502308698339,0.667038679434514,0.));
#1553=DIRECTION('ref_axis',(0.471667573541859,-0.526810876946491,-0.70710678118655));
#1554=DIRECTION('',(0.74502308698339,0.667038679434514,0.));
#1555=DIRECTION('center_axis',(-0.508749057812464,-0.860914860003549,0.));
#1556=DIRECTION('ref_axis',(-0.860914860003549,0.508749057812464,0.));
#1557=DIRECTION('',(-0.74502308698339,-0.667038679434514,0.));
#1558=DIRECTION('center_axis',(0.224951054363311,0.974370064780746,0.));
#1559=DIRECTION('ref_axis',(0.688983680191629,-0.159064415975363,-0.707106781186559));
#1560=DIRECTION('',(0.224951054363311,0.974370064780746,0.));
#1561=DIRECTION('center_axis',(-0.108508320415823,-0.994095540881528,0.));
#1562=DIRECTION('ref_axis',(-0.994095540881528,0.108508320415823,0.));
#1563=DIRECTION('',(-0.224951054363311,-0.974370064780746,0.));
#1564=DIRECTION('center_axis',(-0.00944788809457076,0.999955367709256,0.));
#1565=DIRECTION('ref_axis',(0.707075221391086,0.00668066573956065,-0.707106781186564));
#1566=DIRECTION('',(-0.00944788809457076,0.999955367709256,0.));
#1567=DIRECTION('',(0.00944788809457076,-0.999955367709256,0.));
#1568=DIRECTION('center_axis',(0.,0.,1.));
#1569=DIRECTION('ref_axis',(0.999972476452855,0.00741932185205115,0.));
#1570=DIRECTION('center_axis',(0.239384221183028,-0.970924917101521,0.));
#1571=DIRECTION('ref_axis',(0.970924917101521,0.239384221183028,0.));
#1572=DIRECTION('center_axis',(0.,0.,-1.));
#1573=DIRECTION('ref_axis',(0.999972476452855,0.00741932185205115,0.));
#1574=DIRECTION('center_axis',(0.,0.,-1.));
#1575=DIRECTION('ref_axis',(-0.998086613889337,0.0618313122529213,0.));
#1576=DIRECTION('center_axis',(0.999955367709256,0.00944788809457076,0.));
#1577=DIRECTION('ref_axis',(0.00944788809457076,-0.999955367709256,0.));
#1578=DIRECTION('',(0.,0.,-1.));
#1579=DIRECTION('',(0.,0.,-1.));
#1580=DIRECTION('',(0.,0.,-1.));
#1581=DIRECTION('center_axis',(0.,0.,-1.));
#1582=DIRECTION('ref_axis',(0.974370064780746,-0.224951054363311,0.));
#1583=DIRECTION('',(0.,0.,-1.));
#1584=DIRECTION('center_axis',(-2.28276312076943E-15,-1.69370204728372E-17,
-1.));
#1585=DIRECTION('ref_axis',(0.974370064780847,-0.224951054362873,-2.22044604925031E-15));
#1586=DIRECTION('center_axis',(-0.239384221183028,0.970924917101521,0.));
#1587=DIRECTION('ref_axis',(0.970924917101521,0.239384221183028,0.));
#1588=DIRECTION('',(-0.970924917101521,-0.239384221183028,0.));
#1589=DIRECTION('center_axis',(0.23938422118343,-0.970924917101422,-4.56691187171929E-13));
#1590=DIRECTION('ref_axis',(0.970924917101422,0.23938422118343,0.));
#1591=DIRECTION('center_axis',(0.,0.,-1.));
#1592=DIRECTION('ref_axis',(-0.224951054362871,-0.974370064780847,0.));
#1593=DIRECTION('center_axis',(0.,0.,-1.));
#1594=DIRECTION('ref_axis',(0.944535168969847,0.328410283911912,0.));
#1595=DIRECTION('',(-0.972759412491988,0.231817008453312,0.));
#1596=DIRECTION('',(-0.327005309331891,0.945022501144155,0.));
#1597=DIRECTION('',(-0.342020143325667,-0.939692620785909,0.));
#1598=DIRECTION('',(0.0696942135912796,0.997568401961436,0.));
#1599=DIRECTION('',(-0.406679626039202,-0.913570841130897,0.));
#1600=DIRECTION('center_axis',(0.,0.,-1.));
#1601=DIRECTION('ref_axis',(0.667038679434542,-0.745023086983365,0.));
#1602=DIRECTION('',(0.,0.,-1.));
#1603=DIRECTION('',(0.,0.,1.));
#1604=DIRECTION('center_axis',(-0.611877100100246,-0.790952852180781,0.));
#1605=DIRECTION('ref_axis',(-0.790952852180781,0.611877100100246,0.));
#1606=DIRECTION('center_axis',(-0.611877100100246,-0.790952852180781,0.));
#1607=DIRECTION('ref_axis',(-0.790952852180781,0.611877100100246,-1.24413793262155E-16));
#1608=DIRECTION('center_axis',(0.667038679434514,-0.74502308698339,0.));
#1609=DIRECTION('ref_axis',(-0.74502308698339,-0.667038679434514,0.));
#1610=DIRECTION('',(0.,0.,-1.));
#1611=DIRECTION('center_axis',(0.998086613889337,-0.0618313122529205,0.));
#1612=DIRECTION('ref_axis',(-0.0618313122529205,-0.998086613889337,0.));
#1613=DIRECTION('center_axis',(-0.239384221183028,0.970924917101521,0.));
#1614=DIRECTION('ref_axis',(0.970924917101521,0.239384221183028,0.));
#1615=DIRECTION('',(0.,0.,-1.));
#1616=DIRECTION('center_axis',(0.23938422118307,-0.97092491710151,2.57517271412349E-14));
#1617=DIRECTION('ref_axis',(-3.5527136788005E-14,1.77635683940025E-14,1.));
#1618=DIRECTION('center_axis',(0.974370064780746,-0.224951054363311,0.));
#1619=DIRECTION('ref_axis',(-0.224951054363311,-0.974370064780746,0.));
#1620=DIRECTION('center_axis',(0.,0.,-1.));
#1621=DIRECTION('ref_axis',(0.974370064780746,-0.224951054363311,0.));
#1622=DIRECTION('center_axis',(-1.15912062882783E-15,2.38239423351815E-15,
1.));
#1623=DIRECTION('ref_axis',(0.970924917101422,0.23938422118343,5.55111512312575E-16));
#1624=DIRECTION('center_axis',(0.,0.,1.));
#1625=DIRECTION('ref_axis',(0.944535168969847,0.328410283911912,0.));
#1626=DIRECTION('',(0.,0.,-1.));
#1627=DIRECTION('center_axis',(0.231817008453312,0.972759412491988,0.));
#1628=DIRECTION('ref_axis',(-0.972759412491988,0.231817008453312,0.));
#1629=DIRECTION('center_axis',(0.0824452036111221,0.996595599228454,0.));
#1630=DIRECTION('ref_axis',(-0.996595599228454,0.0824452036111221,0.));
#1631=DIRECTION('center_axis',(-0.0824452036111222,-0.996595599228454,0.));
#1632=DIRECTION('ref_axis',(-0.996595599228454,0.0824452036111222,1.65378499032648E-16));
#1633=DIRECTION('',(0.,0.,1.));
#1634=DIRECTION('',(-0.996595599228454,0.0824452036111221,0.));
#1635=DIRECTION('center_axis',(0.945022501144155,0.327005309331891,0.));
#1636=DIRECTION('ref_axis',(-0.327005309331891,0.945022501144155,0.));
#1637=DIRECTION('',(-0.327005309331891,0.945022501144155,0.));
#1638=DIRECTION('center_axis',(0.,0.,-1.));
#1639=DIRECTION('ref_axis',(1.,0.,0.));
#1640=DIRECTION('',(0.999118749767624,-0.0419728943817304,0.));
#1641=DIRECTION('center_axis',(0.,0.,1.));
#1642=DIRECTION('ref_axis',(1.,0.,0.));
#1643=DIRECTION('center_axis',(0.656368293799375,-0.754440629138501,-2.80361993261371E-13));
#1644=DIRECTION('ref_axis',(-2.8421709430404E-13,1.24344978758017E-13,-1.));
#1645=DIRECTION('center_axis',(0.728803447259395,-0.620518667056657,0.289485956649111));
#1646=DIRECTION('ref_axis',(0.274706872743096,-0.12228683671565,-0.953720118081709));
#1647=DIRECTION('center_axis',(0.674016549698461,-0.32941892715757,0.661199562282779));
#1648=DIRECTION('ref_axis',(0.604270312661578,-0.268993288441208,-0.75000000000631));
#1649=DIRECTION('center_axis',(0.971271067755147,-0.167000307671574,0.16953881614361));
#1650=DIRECTION('ref_axis',(0.159648181458838,-0.0710680111606266,-0.98461251055761));
#1651=DIRECTION('center_axis',(0.985538201139603,-0.169453398002268,-3.0100970250094E-15));
#1652=DIRECTION('ref_axis',(0.,1.77635683940024E-14,-1.));
#1653=DIRECTION('center_axis',(-0.16945339800227,-0.985538201139603,0.));
#1654=DIRECTION('ref_axis',(0.985538201139603,-0.16945339800227,2.44570073262177E-16));
#1655=DIRECTION('center_axis',(0.189096917259346,0.981958428795747,7.26795237915854E-16));
#1656=DIRECTION('ref_axis',(0.981958428795747,-0.189096917259346,1.80224437475026E-16));
#1657=DIRECTION('center_axis',(0.985538201139603,-0.16945339800227,0.));
#1658=DIRECTION('ref_axis',(0.119821646822507,0.696880745144201,-0.707106781186551));
#1659=DIRECTION('',(-0.985538201139603,0.16945339800227,0.));
#1660=DIRECTION('center_axis',(0.985538201139603,-0.169453398002268,0.));
#1661=DIRECTION('ref_axis',(0.,0.,-1.));
#1662=DIRECTION('',(0.985538201139603,-0.16945339800227,0.));
#1663=DIRECTION('',(-0.985538201139603,0.16945339800227,0.));
#1664=DIRECTION('center_axis',(0.907062596827428,-0.155960305805938,-0.391041977861203));
#1665=DIRECTION('ref_axis',(-0.39176580072688,0.0273703631148869,-0.919657773633098));
#1666=DIRECTION('center_axis',(-0.16945339800227,-0.985538201139603,0.));
#1667=DIRECTION('ref_axis',(-0.985538201139603,0.16945339800227,-1.50629764676076E-16));
#1668=DIRECTION('center_axis',(0.161240549485311,0.986915135764811,0.));
#1669=DIRECTION('ref_axis',(-0.986915135764811,0.161240549485311,-1.84251297210532E-16));
#1670=DIRECTION('center_axis',(0.791980515594647,-0.0352770831021041,-0.609526365571042));
#1671=DIRECTION('ref_axis',(-0.608165950544178,0.0424889637370466,-0.79267197790716));
#1672=DIRECTION('center_axis',(0.749315083068816,-0.0342082188936801,-0.661329497335251));
#1673=DIRECTION('ref_axis',(-0.659829476812126,0.0460983892436311,-0.750000000025986));
#1674=DIRECTION('center_axis',(0.996932694814224,-0.0782636697992701,6.41697682061523E-13));
#1675=DIRECTION('ref_axis',(6.3948846218409E-13,-5.32907051820075E-14,-1.));
#1676=DIRECTION('center_axis',(0.991793183639793,-0.127852574810383,1.87533450287877E-14));
#1677=DIRECTION('ref_axis',(1.77635683940025E-14,-8.88178419700124E-15,
-1.));
#1678=DIRECTION('',(-0.342020143325667,-0.939692620785909,0.));
#1679=DIRECTION('center_axis',(-0.991809776979375,0.127723789045432,-1.13441513112484E-15));
#1680=DIRECTION('ref_axis',(0.,8.88178419700125E-15,1.));
#1681=DIRECTION('center_axis',(0.0696942135912796,0.997568401961436,0.));
#1682=DIRECTION('ref_axis',(-0.35269369086218,0.0246406255199282,-0.935414346693485));
#1683=DIRECTION('',(-0.0696942135912796,-0.997568401961436,0.));
#1684=DIRECTION('',(0.0696942135912796,0.997568401961436,0.));
#1685=DIRECTION('center_axis',(0.955262038946873,-0.295760776552711,-1.48150862303897E-14));
#1686=DIRECTION('ref_axis',(-0.295760776552711,-0.955262038946873,0.));
#1687=DIRECTION('center_axis',(0.998906443113585,-0.046753800980947,1.98411081407796E-10));
#1688=DIRECTION('ref_axis',(-0.046753800980947,-0.998906443113585,0.));
#1689=DIRECTION('center_axis',(0.,0.,-1.));
#1690=DIRECTION('ref_axis',(1.,0.,0.));
#1691=DIRECTION('',(0.406679626039202,0.913570841130897,0.));
#1692=DIRECTION('center_axis',(0.,0.,-1.));
#1693=DIRECTION('ref_axis',(1.,0.,0.));
#1694=DIRECTION('center_axis',(-0.406679626039202,-0.913570841130897,0.));
#1695=DIRECTION('ref_axis',(0.322996068428977,-0.143782960671364,-0.935414346693486));
#1696=DIRECTION('',(-0.406679626039202,-0.913570841130897,0.));
#1697=DIRECTION('center_axis',(0.406679626039202,0.913570841130897,0.));
#1698=DIRECTION('ref_axis',(-0.79117555657608,0.352194887351507,0.49999999999999));
#1699=DIRECTION('center_axis',(-0.92408932466046,0.158887880693278,0.347582452689106));
#1700=DIRECTION('ref_axis',(-0.169453398002269,-0.985538201139603,0.));
#1701=DIRECTION('center_axis',(0.977812340467981,-0.168125013834326,0.124968022116605));
#1702=DIRECTION('ref_axis',(-0.200492649354397,-0.923973664356828,0.325692132434712));
#1703=DIRECTION('center_axis',(-0.952139001700721,0.0850450019178599,0.293596098559134));
#1704=DIRECTION('ref_axis',(-0.0889657618511821,-0.99603468474659,1.11022302462516E-16));
#1705=DIRECTION('center_axis',(0.932199909492374,-0.360899732153508,0.0274720234772881));
#1706=DIRECTION('ref_axis',(-0.359128938319055,-0.912834162674359,0.194319832020383));
#1707=DIRECTION('center_axis',(0.16945339800227,0.985538201139603,0.));
#1708=DIRECTION('ref_axis',(-0.985538201139603,0.16945339800227,0.));
#1709=DIRECTION('center_axis',(0.647775559728536,-0.382236532325238,0.659000802407978));
#1710=DIRECTION('ref_axis',(-0.508197139162417,-0.861240772227566,0.));
#1711=DIRECTION('center_axis',(0.749339945744683,-0.0337647805976113,-0.661324115167859));
#1712=DIRECTION('ref_axis',(-0.0450136894475625,-0.998986370158431,-1.48029736616688E-15));
#1713=DIRECTION('center_axis',(-0.0696942135912796,-0.997568401961436,0.));
#1714=DIRECTION('ref_axis',(0.863919578111256,-0.0603569594668274,0.49999999999999));
#1715=DIRECTION('center_axis',(-0.342020143325667,-0.939692620785909,0.));
#1716=DIRECTION('ref_axis',(-0.937348594522208,0.341166987537341,-0.0705882352941179));
#1717=DIRECTION('',(-0.342020143325667,-0.939692620785909,0.));
#1718=DIRECTION('center_axis',(0.342020143325667,0.939692620785909,0.));
#1719=DIRECTION('ref_axis',(-0.664463024388676,0.241844762647975,0.707106781186547));
#1720=DIRECTION('center_axis',(-0.0419728943817304,-0.999118749767624,0.));
#1721=DIRECTION('ref_axis',(0.999118749767624,-0.0419728943817304,0.));
#1722=DIRECTION('',(0.,0.,1.));
#1723=DIRECTION('center_axis',(0.,0.,1.));
#1724=DIRECTION('ref_axis',(-0.993092849903283,0.117331118936855,0.));
#1725=CARTESIAN_POINT('',(0.,0.,0.));
#1726=CARTESIAN_POINT('Origin',(39.9881916804733,38.3758085029276,-4.071721875));
#1727=CARTESIAN_POINT('',(41.1308796749949,37.0270074993781,-7.471721875));
#1728=CARTESIAN_POINT('',(38.8455036859516,39.7246095064771,-7.471721875));
#1729=CARTESIAN_POINT('',(40.8321159619539,37.3796608902476,-7.471721875));
#1730=CARTESIAN_POINT('',(38.8455036859516,39.7246095064771,0.228278125000001));
#1731=CARTESIAN_POINT('',(38.8455036859516,39.724609506477,-7.471721875));
#1732=CARTESIAN_POINT('',(41.1308796749949,37.0270074993781,0.228278125000001));
#1733=CARTESIAN_POINT('',(53.5628188058528,22.3526501453514,0.228278125000001));
#1734=CARTESIAN_POINT('',(41.1308796749949,37.0270074993781,-4.071721875));
#1735=CARTESIAN_POINT('Origin',(35.5035114839452,38.7468119191776,-7.921721875));
#1736=CARTESIAN_POINT('',(34.1547104803957,37.604123924656,0.228278125000001));
#1737=CARTESIAN_POINT('',(36.8523124874947,39.8894999136993,0.228278125000001));
#1738=CARTESIAN_POINT('',(44.1391715049472,46.0628392685062,0.228278125000001));
#1739=CARTESIAN_POINT('',(36.8523124874947,39.8894999136993,-7.471721875));
#1740=CARTESIAN_POINT('',(36.8523124874947,39.8894999136993,0.228278125000001));
#1741=CARTESIAN_POINT('',(34.1547104803957,37.604123924656,-7.471721875));
#1742=CARTESIAN_POINT('',(35.9064221423742,39.0881529850873,-7.471721875));
#1743=CARTESIAN_POINT('',(34.1547104803957,37.604123924656,-7.921721875));
#1744=CARTESIAN_POINT('Origin',(37.8489080867231,39.8070547100882,-3.621721875));
#1745=CARTESIAN_POINT('',(36.8523124874947,39.8894999136993,-7.471721875));
#1746=CARTESIAN_POINT('',(38.8455036859516,39.724609506477,0.228278125000001));
#1747=CARTESIAN_POINT('Origin',(47.5527544653913,36.495746097994,-8.371721875));
#1748=CARTESIAN_POINT('',(47.5527544653913,36.495746097994,0.228278125000001));
#1749=CARTESIAN_POINT('',(43.8899365807929,36.7987594431462,0.228278125000001));
#1750=CARTESIAN_POINT('',(47.5527544653913,36.495746097994,-4.021721875));
#1751=CARTESIAN_POINT('',(47.5527544653913,36.495746097994,0.278278125000001));
#1752=CARTESIAN_POINT('',(49.8662141007345,36.3043608953806,-7.471721875));
#1753=CARTESIAN_POINT('Origin',(51.9323578368312,36.1334353553278,-3.721721875));
#1754=CARTESIAN_POINT('',(43.8899365807929,36.7987594431462,-7.471721875));
#1755=CARTESIAN_POINT('Origin',(47.5527544653913,36.495746097994,-8.371721875));
#1756=CARTESIAN_POINT('',(29.7260268884563,37.9704949188179,-7.471721875));
#1757=CARTESIAN_POINT('',(43.8899365807929,36.7987594431462,-7.471721875));
#1758=CARTESIAN_POINT('',(29.7260268884563,37.9704949188179,0.228278125000001));
#1759=CARTESIAN_POINT('',(29.7260268884563,37.9704949188179,-8.371721875));
#1760=CARTESIAN_POINT('',(43.8899365807929,36.7987594431462,0.228278125000001));
#1761=CARTESIAN_POINT('Origin',(29.2459799489738,35.5170167885111,0.228278125000001));
#1762=CARTESIAN_POINT('',(30.3959799489738,35.5170167885111,0.228278125000001));
#1763=CARTESIAN_POINT('Origin',(29.2459799489738,35.5170167885111,0.228278125000001));
#1764=CARTESIAN_POINT('',(30.3959799489738,35.5170167885111,-7.471721875));
#1765=CARTESIAN_POINT('',(30.3959799489738,35.5170167885111,0.228278125000001));
#1766=CARTESIAN_POINT('Origin',(29.2459799489738,35.5170167885111,-7.471721875));
#1767=CARTESIAN_POINT('Ctrl Pts',(82.5276689464501,20.1115320724903,0.228278125000001));
#1768=CARTESIAN_POINT('Ctrl Pts',(82.4150464591628,19.9267190270822,0.228278125000001));
#1769=CARTESIAN_POINT('Ctrl Pts',(82.151835746933,19.494791314572,0.146004086288033));
#1770=CARTESIAN_POINT('Ctrl Pts',(82.0257850309077,19.2879426002022,-0.0870821898461452));
#1771=CARTESIAN_POINT('Ctrl Pts',(82.0257850309077,19.2879426002022,-0.221721875000004));
#1772=CARTESIAN_POINT('Ctrl Pts',(82.5276689464501,20.1115320724903,0.228278125000001));
#1773=CARTESIAN_POINT('Ctrl Pts',(82.4186050614681,19.9249946679984,0.228278125000001));
#1774=CARTESIAN_POINT('Ctrl Pts',(82.1664892940649,19.4930319525583,0.152749112305131));
#1775=CARTESIAN_POINT('Ctrl Pts',(82.024393594379,19.2654819063768,-0.0705874175615136));
#1776=CARTESIAN_POINT('Ctrl Pts',(82.024393594379,19.2654819063768,-0.221721875000004));
#1777=CARTESIAN_POINT('Ctrl Pts',(82.5276689464501,20.1115320724903,0.228278125000001));
#1778=CARTESIAN_POINT('Ctrl Pts',(82.4248326155024,19.9219770396018,0.228278125000001));
#1779=CARTESIAN_POINT('Ctrl Pts',(82.1910895102047,19.4898523770733,0.160220148196853));
#1780=CARTESIAN_POINT('Ctrl Pts',(82.0358306210069,19.2255168792982,-0.0462326233485303));
#1781=CARTESIAN_POINT('Ctrl Pts',(82.0358306210069,19.2255168792982,-0.221721875000003));
#1782=CARTESIAN_POINT('Ctrl Pts',(82.5276689464501,20.1115320724903,0.228278125000001));
#1783=CARTESIAN_POINT('Ctrl Pts',(82.434618771842,19.9172350521214,0.228278125000001));
#1784=CARTESIAN_POINT('Ctrl Pts',(82.2244562906306,19.4784930468205,0.163406210417652));
#1785=CARTESIAN_POINT('Ctrl Pts',(82.0845466708695,19.1839921783589,-0.0335441613413654));
#1786=CARTESIAN_POINT('Ctrl Pts',(82.0845466708695,19.1839921783589,-0.221721875000001));
#1787=CARTESIAN_POINT('Ctrl Pts',(82.5276689464501,20.1115320724903,0.228278125000001));
#1788=CARTESIAN_POINT('Ctrl Pts',(82.4435152776053,19.9129241544119,0.228278125000001));
#1789=CARTESIAN_POINT('Ctrl Pts',(82.2508018251794,19.4598601916217,0.159561237079436));
#1790=CARTESIAN_POINT('Ctrl Pts',(82.1435731971526,19.177200634698,-0.0489906405767786));
#1791=CARTESIAN_POINT('Ctrl Pts',(82.1435731971526,19.177200634698,-0.221721874999998));
#1792=CARTESIAN_POINT('Ctrl Pts',(82.5276689464501,20.1115320724903,0.228278125000001));
#1793=CARTESIAN_POINT('Ctrl Pts',(82.4497428316396,19.9099065260153,0.228278125000001));
#1794=CARTESIAN_POINT('Ctrl Pts',(82.2686788244869,19.4420568690733,0.151114501426596));
#1795=CARTESIAN_POINT('Ctrl Pts',(82.1797231990449,19.19599900542,-0.0748628320823969));
#1796=CARTESIAN_POINT('Ctrl Pts',(82.1797231990449,19.19599900542,-0.221721874999996));
#1797=CARTESIAN_POINT('Ctrl Pts',(82.5276689464501,20.1115320724903,0.228278125000001));
#1798=CARTESIAN_POINT('Ctrl Pts',(82.4524117833686,19.9086132567025,0.228278125000001));
#1799=CARTESIAN_POINT('Ctrl Pts',(82.2765278016506,19.434370436154,0.146004086288033));
#1800=CARTESIAN_POINT('Ctrl Pts',(82.1922975602401,19.2072571602785,-0.0870821898461337));
#1801=CARTESIAN_POINT('Ctrl Pts',(82.1922975602401,19.2072571602785,-0.221721874999995));
#1802=CARTESIAN_POINT('',(82.0257850309077,19.2879426002022,-0.221721874999999));
#1803=CARTESIAN_POINT('',(82.1922975602401,19.2072571602785,-0.221721874999999));
#1804=CARTESIAN_POINT('Origin',(82.1255936922966,19.2817594689769,-0.221721874999999));
#1805=CARTESIAN_POINT('',(82.5276689464501,20.1115320724903,0.228278125000001));
#1806=CARTESIAN_POINT('Origin',(82.5276689464501,20.1115320724903,-0.221721874999999));
#1807=CARTESIAN_POINT('Origin',(82.5276689464501,20.1115320724903,-0.221721874999999));
#1808=CARTESIAN_POINT('Origin',(82.1977375027504,19.8161358111469,-0.221721874999999));
#1809=CARTESIAN_POINT('',(83.0711915913603,19.9941540016302,-0.221721874999999));
#1810=CARTESIAN_POINT('',(82.4979049084959,19.4808754220044,-0.221721874999999));
#1811=CARTESIAN_POINT('',(82.6647986323192,20.2343078712159,0.228278125000001));
#1812=CARTESIAN_POINT('Origin',(82.6647986323192,20.234307871216,-0.221721874999999));
#1813=CARTESIAN_POINT('',(82.1977375027504,19.8161358111469,0.228278125000001));
#1814=CARTESIAN_POINT('Origin',(82.9857351838319,21.6244368011423,-0.221721874999999));
#1815=CARTESIAN_POINT('',(84.0711734373222,24.3255512417422,-0.221721874999999));
#1816=CARTESIAN_POINT('',(83.4242017129832,21.5232088266788,-0.221721874999999));
#1817=CARTESIAN_POINT('',(83.6206887627472,24.374722909254,0.228278125000001));
#1818=CARTESIAN_POINT('Origin',(83.6206887627472,24.374722909254,-0.221721874999999));
#1819=CARTESIAN_POINT('',(82.9857351838319,21.6244368011423,0.228278125000001));
#1820=CARTESIAN_POINT('Ctrl Pts',(83.9354458084473,25.4503803086318,-0.221721874999999));
#1821=CARTESIAN_POINT('Ctrl Pts',(84.121756192571,25.6485188137853,-0.221721874999999));
#1822=CARTESIAN_POINT('Ctrl Pts',(84.0566496576466,25.9125861642225,-0.221721874999999));
#1823=CARTESIAN_POINT('Ctrl Pts',(83.9354458084473,25.4503803086318,0.228278125000007));
#1824=CARTESIAN_POINT('Ctrl Pts',(84.121756192571,25.6485188137853,0.228278125000007));
#1825=CARTESIAN_POINT('Ctrl Pts',(84.0566496576466,25.9125861642225,0.228278125000007));
#1826=CARTESIAN_POINT('Ctrl Pts',(83.607613060031,25.758642679131,0.228278125000001));
#1827=CARTESIAN_POINT('Ctrl Pts',(83.6262440984433,25.7784565296464,0.228278125000001));
#1828=CARTESIAN_POINT('Ctrl Pts',(83.6197334449509,25.8048632646901,0.228278125000001));
#1829=CARTESIAN_POINT('',(84.0583722314862,25.6804185264493,-0.221721874999999));
#1830=CARTESIAN_POINT('',(84.0566496576465,25.9125861642224,-0.221721874999999));
#1831=CARTESIAN_POINT('Origin',(83.5711871990958,25.7928940536309,-0.221721874999999));
#1832=CARTESIAN_POINT('',(83.6197334449509,25.8048632646901,0.228278125000001));
#1833=CARTESIAN_POINT('Origin',(83.6197334449509,25.8048632646901,-0.221721874999999));
#1834=CARTESIAN_POINT('',(83.607613060031,25.758642679131,0.228278125000001));
#1835=CARTESIAN_POINT('Origin',(83.5711871990958,25.7928940536309,0.228278125000001));
#1836=CARTESIAN_POINT('Ctrl Pts',(83.607613060031,25.758642679131,0.228278125000001));
#1837=CARTESIAN_POINT('Ctrl Pts',(83.6087316384586,25.7582054788104,0.228278125000001));
#1838=CARTESIAN_POINT('Ctrl Pts',(83.6098539012029,25.7577754958249,0.228273980779063));
#1839=CARTESIAN_POINT('Ctrl Pts',(83.6186804411523,25.75445516834,0.228208456767477));
#1840=CARTESIAN_POINT('Ctrl Pts',(83.6266232830433,25.751827847391,0.227948516717668));
#1841=CARTESIAN_POINT('Ctrl Pts',(83.6531054847188,25.7437506476576,0.226371483488491));
#1842=CARTESIAN_POINT('Ctrl Pts',(83.6721916907822,25.739014804425,0.224064625032628));
#1843=CARTESIAN_POINT('Ctrl Pts',(83.7241487316691,25.727347958371,0.2142943988856));
#1844=CARTESIAN_POINT('Ctrl Pts',(83.7567359395745,25.7214137981791,0.204344259283968));
#1845=CARTESIAN_POINT('Ctrl Pts',(83.8410541676484,25.7073512500804,0.167598933633032));
#1846=CARTESIAN_POINT('Ctrl Pts',(83.8894557961121,25.7007779079622,0.134334575003377));
#1847=CARTESIAN_POINT('Ctrl Pts',(83.9708424339098,25.6903309607227,0.0510743208548588));
#1848=CARTESIAN_POINT('Ctrl Pts',(84.0031076521488,25.6866120532282,0.00195812512273441));
#1849=CARTESIAN_POINT('Ctrl Pts',(84.0470639239419,25.6816292619176,-0.10587617154946));
#1850=CARTESIAN_POINT('Ctrl Pts',(84.0583722314862,25.6804185264492,-0.163513669784134));
#1851=CARTESIAN_POINT('Ctrl Pts',(84.0583722314862,25.6804185264492,-0.221721874999999));
#1852=CARTESIAN_POINT('Origin',(83.6403062451791,22.2984274808663,-0.221721874999999));
#1853=CARTESIAN_POINT('',(84.0902861606482,22.3026790305088,-0.221721874999999));
#1854=CARTESIAN_POINT('',(83.6403062451791,22.2984274808663,0.228278125000001));
#1855=CARTESIAN_POINT('Origin',(82.5491128588374,20.4576816385162,-0.221721874999999));
#1856=CARTESIAN_POINT('',(82.6471237714737,22.03978262187,0.228278125000001));
#1857=CARTESIAN_POINT('',(82.5491128588374,20.4576816385162,0.228278125000001));
#1858=CARTESIAN_POINT('',(82.1979847952235,22.0676067123838,-0.221721874999998));
#1859=CARTESIAN_POINT('Origin',(82.6471237714737,22.03978262187,-0.221721874999999));
#1860=CARTESIAN_POINT('',(82.0999738825872,20.48550572903,-0.221721874999999));
#1861=CARTESIAN_POINT('Ctrl Pts',(82.1979847952235,22.0676067123838,-0.221721874999999));
#1862=CARTESIAN_POINT('Ctrl Pts',(82.1979847952235,22.0676067123838,-0.221721874999999));
#1863=CARTESIAN_POINT('Ctrl Pts',(82.1979847952235,22.0676067123838,-0.221721874999999));
#1864=CARTESIAN_POINT('Ctrl Pts',(82.1979847952235,22.0676067123838,-0.221721874999999));
#1865=CARTESIAN_POINT('Ctrl Pts',(82.1979847952235,22.0676067123838,-0.221721874999999));
#1866=CARTESIAN_POINT('Ctrl Pts',(82.1979847952235,22.0676067123838,-0.221721874999999));
#1867=CARTESIAN_POINT('Ctrl Pts',(82.1979847952235,22.0676067123838,-0.221721874999999));
#1868=CARTESIAN_POINT('Ctrl Pts',(82.1979847952235,22.0676067123838,-0.221721874999999));
#1869=CARTESIAN_POINT('Ctrl Pts',(82.1979847952235,22.0676067123838,-0.221721874999999));
#1870=CARTESIAN_POINT('Ctrl Pts',(82.1979847952235,22.0676067123838,-0.221721874999999));
#1871=CARTESIAN_POINT('Ctrl Pts',(82.1979847952235,22.0676067123838,-0.221721874999999));
#1872=CARTESIAN_POINT('Ctrl Pts',(82.1979847952235,22.0676067123838,0.228278125000007));
#1873=CARTESIAN_POINT('Ctrl Pts',(82.1979847952235,22.0676067123838,0.228278125000007));
#1874=CARTESIAN_POINT('Ctrl Pts',(82.1979847952235,22.0676067123838,0.228278125000007));
#1875=CARTESIAN_POINT('Ctrl Pts',(82.1979847952235,22.0676067123838,0.228278125000007));
#1876=CARTESIAN_POINT('Ctrl Pts',(82.1979847952235,22.0676067123838,0.228278125000007));
#1877=CARTESIAN_POINT('Ctrl Pts',(82.1979847952235,22.0676067123838,0.228278125000007));
#1878=CARTESIAN_POINT('Ctrl Pts',(82.1979847952235,22.0676067123838,0.228278125000007));
#1879=CARTESIAN_POINT('Ctrl Pts',(82.1979847952235,22.0676067123838,0.228278125000007));
#1880=CARTESIAN_POINT('Ctrl Pts',(82.1979847952235,22.0676067123838,0.228278125000007));
#1881=CARTESIAN_POINT('Ctrl Pts',(82.1979847952235,22.0676067123838,0.228278125000007));
#1882=CARTESIAN_POINT('Ctrl Pts',(82.1979847952235,22.0676067123838,0.228278125000007));
#1883=CARTESIAN_POINT('Ctrl Pts',(82.6458983821493,22.0243237059341,0.228278125000001));
#1884=CARTESIAN_POINT('Ctrl Pts',(82.6466442786392,22.0320426053287,0.228278125000001));
#1885=CARTESIAN_POINT('Ctrl Pts',(82.6471237714737,22.03978262187,0.228278125000001));
#1886=CARTESIAN_POINT('Ctrl Pts',(82.6749478619875,22.4889215981202,0.228278125000001));
#1887=CARTESIAN_POINT('Ctrl Pts',(82.2258088857373,22.516745688634,0.228278125000001));
#1888=CARTESIAN_POINT('Ctrl Pts',(81.7766699094871,22.5445697791478,0.228278125000001));
#1889=CARTESIAN_POINT('Ctrl Pts',(81.7488458189733,22.0954308028976,0.228278125000001));
#1890=CARTESIAN_POINT('Ctrl Pts',(81.7210217284595,21.6462918266474,0.228278125000001));
#1891=CARTESIAN_POINT('Ctrl Pts',(82.1701607047097,21.6184677361336,0.228278125000001));
#1892=CARTESIAN_POINT('Ctrl Pts',(82.6040818961182,21.5915863850506,0.228278125000001));
#1893=CARTESIAN_POINT('Ctrl Pts',(82.6458983821493,22.0243237059341,0.228278125000001));
#1894=CARTESIAN_POINT('',(82.2071295380321,22.288838628187,0.165901093966033));
#1895=CARTESIAN_POINT('Ctrl Pts',(82.2071295380321,22.288838628187,0.165901093966033));
#1896=CARTESIAN_POINT('Ctrl Pts',(82.2133584053325,22.2459631415969,0.14079092559061));
#1897=CARTESIAN_POINT('Ctrl Pts',(82.2142329262042,22.2072802568893,0.108833526161462));
#1898=CARTESIAN_POINT('Ctrl Pts',(82.2110352669966,22.1386564228049,0.0288545275431865));
#1899=CARTESIAN_POINT('Ctrl Pts',(82.2066302491115,22.1110555694507,-0.019283496389401));
#1900=CARTESIAN_POINT('Ctrl Pts',(82.2001921129149,22.076441824106,-0.118717640624143));
#1901=CARTESIAN_POINT('Ctrl Pts',(82.1980695941361,22.0679740496679,-0.168345277920453));
#1902=CARTESIAN_POINT('Ctrl Pts',(82.1979865867651,22.0676144725793,-0.218989388498273));
#1903=CARTESIAN_POINT('Ctrl Pts',(82.1979825558418,22.0675970122916,-0.220082420094145));
#1904=CARTESIAN_POINT('Ctrl Pts',(82.1979847952042,22.0676067123882,-0.221175375523375));
#1905=CARTESIAN_POINT('Ctrl Pts',(82.1979847952235,22.0676067123838,-0.221721874999999));
#1906=CARTESIAN_POINT('',(82.1739875782803,22.5169664052568,0.228278125000002));
#1907=CARTESIAN_POINT('Origin',(82.1979847952235,22.0676067123838,0.228278125000001));
#1908=CARTESIAN_POINT('Ctrl Pts',(82.1739875782803,22.5169664052568,0.228278125000001));
#1909=CARTESIAN_POINT('Ctrl Pts',(82.1797850471117,22.4770603862095,0.228278125000001));
#1910=CARTESIAN_POINT('Ctrl Pts',(82.1866721805947,22.429653821732,0.221439230472851));
#1911=CARTESIAN_POINT('Ctrl Pts',(82.1970978746148,22.3578900992781,0.200415960992032));
#1912=CARTESIAN_POINT('Ctrl Pts',(82.2025566597007,22.3203153596888,0.184335544296011));
#1913=CARTESIAN_POINT('Ctrl Pts',(82.2071295380321,22.288838628187,0.165901093966033));
#1914=CARTESIAN_POINT('Origin',(81.613362756355,22.2025773450015,-7.971721875));
#1915=CARTESIAN_POINT('',(82.2071295380321,22.288838628187,-7.90934484396603));
#1916=CARTESIAN_POINT('',(82.2071295380321,22.288838628187,-7.971721875));
#1917=CARTESIAN_POINT('',(82.1979847952235,22.0676067123838,-7.521721875));
#1918=CARTESIAN_POINT('Ctrl Pts',(82.1979847952235,22.0676067123838,-7.521721875));
#1919=CARTESIAN_POINT('Ctrl Pts',(82.1979847952042,22.0676067123882,-7.52226837470021));
#1920=CARTESIAN_POINT('Ctrl Pts',(82.19798255584,22.0675970122837,-7.52336133057737));
#1921=CARTESIAN_POINT('Ctrl Pts',(82.1979865867666,22.0676144725857,-7.52445436262166));
#1922=CARTESIAN_POINT('Ctrl Pts',(82.1980695651272,22.0679739240049,-7.57508075272711));
#1923=CARTESIAN_POINT('Ctrl Pts',(82.2001905069323,22.0764358604519,-7.62469118291977));
#1924=CARTESIAN_POINT('Ctrl Pts',(82.2066265425352,22.1110326833975,-7.72411421957213));
#1925=CARTESIAN_POINT('Ctrl Pts',(82.2110320867957,22.1386287288317,-7.77225670920895));
#1926=CARTESIAN_POINT('Ctrl Pts',(82.2142334685765,22.2072551526965,-7.85225643659487));
#1927=CARTESIAN_POINT('Ctrl Pts',(82.2133604633835,22.2459489753075,-7.88422637905709));
#1928=CARTESIAN_POINT('Ctrl Pts',(82.2071295380321,22.288838628187,-7.90934484396603));
#1929=CARTESIAN_POINT('',(82.1979847952235,22.0676067123838,-7.971721875));
#1930=CARTESIAN_POINT('Origin',(82.2368199699544,22.0844689323271,-7.971721875));
#1931=CARTESIAN_POINT('',(81.960565981117,23.9860223966399,0.228278125000001));
#1932=CARTESIAN_POINT('',(81.4890633119647,27.2315412676341,0.228278125000002));
#1933=CARTESIAN_POINT('',(81.960565981117,23.9860223966399,-7.971721875));
#1934=CARTESIAN_POINT('',(81.960565981117,23.9860223966399,-7.971721875));
#1935=CARTESIAN_POINT('',(82.1739875782803,22.5169664052568,-7.971721875));
#1936=CARTESIAN_POINT('',(81.4890633119647,27.2315412676341,-7.971721875));
#1937=CARTESIAN_POINT('Ctrl Pts',(82.2071295380321,22.288838628187,-7.90934484396603));
#1938=CARTESIAN_POINT('Ctrl Pts',(82.2025566597007,22.3203153596888,-7.92777929429601));
#1939=CARTESIAN_POINT('Ctrl Pts',(82.1970978746148,22.3578900992781,-7.94385971099203));
#1940=CARTESIAN_POINT('Ctrl Pts',(82.1866721805948,22.429653821732,-7.96488298047285));
#1941=CARTESIAN_POINT('Ctrl Pts',(82.1797850471117,22.4770603862095,-7.971721875));
#1942=CARTESIAN_POINT('Ctrl Pts',(82.1739875782803,22.5169664052568,-7.971721875));
#1943=CARTESIAN_POINT('Origin',(81.9809241668472,18.9047080962932,0.228278125000001));
#1944=CARTESIAN_POINT('',(83.5711871990958,25.7928940536309,0.228278125000001));
#1945=CARTESIAN_POINT('',(84.0566496576465,25.9125861642224,0.228278125000001));
#1946=CARTESIAN_POINT('',(53.029567399986,39.1169972656769,0.228278125000001));
#1947=CARTESIAN_POINT('Ctrl Pts',(53.0295673999861,39.1169972656769,0.228278125000001));
#1948=CARTESIAN_POINT('Ctrl Pts',(54.7591743006309,38.8942610595646,0.228278125000001));
#1949=CARTESIAN_POINT('Ctrl Pts',(58.2073300673566,38.5657396714066,0.228278125000001));
#1950=CARTESIAN_POINT('Ctrl Pts',(63.3623994182731,38.3205708298627,0.228278125000001));
#1951=CARTESIAN_POINT('Ctrl Pts',(68.5802140456145,38.1504105247709,0.228278125000001));
#1952=CARTESIAN_POINT('Ctrl Pts',(73.7710243735061,37.3155999433891,0.228278125000001));
#1953=CARTESIAN_POINT('Ctrl Pts',(78.4857957497507,34.8436600921905,0.228278125000001));
#1954=CARTESIAN_POINT('Ctrl Pts',(81.9852160474217,30.8253250814711,0.228278125000001));
#1955=CARTESIAN_POINT('Ctrl Pts',(83.1537617302204,27.4859412676877,0.228278125000001));
#1956=CARTESIAN_POINT('Ctrl Pts',(83.5711871990958,25.7928940536307,0.228278125000001));
#1957=CARTESIAN_POINT('',(51.0818409310443,33.7656627729854,0.228278125000001));
#1958=CARTESIAN_POINT('',(51.268479869886,34.2784490430439,0.228278125000001));
#1959=CARTESIAN_POINT('',(48.471459586517,35.7850404929611,0.228278125000001));
#1960=CARTESIAN_POINT('',(29.1410477130195,33.019219914092,0.228278125000001));
#1961=CARTESIAN_POINT('Origin',(29.2459799489738,35.5170167885111,0.228278125000001));
#1962=CARTESIAN_POINT('',(53.3620595588328,32.0016972499849,0.228278125000001));
#1963=CARTESIAN_POINT('',(34.5461918107878,32.7921502665787,0.228278125000001));
#1964=CARTESIAN_POINT('',(75.8233902301764,26.1153108847231,0.228278125000002));
#1965=CARTESIAN_POINT('Ctrl Pts',(75.823404180455,26.1153370465495,0.228278125000001));
#1966=CARTESIAN_POINT('Ctrl Pts',(75.5586729553239,26.2564997566433,0.228278125000001));
#1967=CARTESIAN_POINT('Ctrl Pts',(75.2318322740776,26.3891738702534,0.228278125000001));
#1968=CARTESIAN_POINT('Ctrl Pts',(74.8164310439928,26.5175424918076,0.228278125000001));
#1969=CARTESIAN_POINT('Ctrl Pts',(73.5923019960931,26.8958267796304,0.228278125000001));
#1970=CARTESIAN_POINT('Ctrl Pts',(71.8621949481864,27.155398730423,0.228278125000001));
#1971=CARTESIAN_POINT('Ctrl Pts',(69.4901476364609,27.5740885892233,0.228278125000001));
#1972=CARTESIAN_POINT('Ctrl Pts',(65.2202564948765,28.3277666926597,0.228278125000001));
#1973=CARTESIAN_POINT('Ctrl Pts',(61.3901219626464,29.1518025260144,0.228278125000001));
#1974=CARTESIAN_POINT('Ctrl Pts',(56.3907200521226,30.8911930632294,0.228278125000001));
#1975=CARTESIAN_POINT('Ctrl Pts',(55.3639564388636,31.2484243770592,0.228278125000001));
#1976=CARTESIAN_POINT('Ctrl Pts',(54.3531845169591,31.6215359363213,0.228278125000001));
#1977=CARTESIAN_POINT('Ctrl Pts',(53.3618998820593,32.0012804094556,0.228278125000001));
#1978=CARTESIAN_POINT('',(79.2241715182006,24.8279298230711,0.228278125000002));
#1979=CARTESIAN_POINT('Ctrl Pts',(79.2241715182006,24.8279298230711,0.228278125000008));
#1980=CARTESIAN_POINT('Ctrl Pts',(78.0418677539557,25.1096830687253,0.228278125000008));
#1981=CARTESIAN_POINT('Ctrl Pts',(76.8958905705962,25.5434978889073,0.228278125000008));
#1982=CARTESIAN_POINT('Ctrl Pts',(75.8233902301764,26.1153108847231,0.228278125000008));
#1983=CARTESIAN_POINT('',(81.6754787169104,24.2437620480719,0.228278125000001));
#1984=CARTESIAN_POINT('',(73.9220628468223,26.091468324893,0.228278125000001));
#1985=CARTESIAN_POINT('Origin',(81.5827519135291,23.8546582830751,0.228278125000001));
#1986=CARTESIAN_POINT('Ctrl Pts',(82.5276689464501,20.1115320724903,-7.971721875));
#1987=CARTESIAN_POINT('Ctrl Pts',(82.4524117833686,19.9086132567025,-7.971721875));
#1988=CARTESIAN_POINT('Ctrl Pts',(82.2765315462256,19.4343805327973,-7.88944180764943));
#1989=CARTESIAN_POINT('Ctrl Pts',(82.1922975602401,19.2072571602785,-7.65636156015385));
#1990=CARTESIAN_POINT('Ctrl Pts',(82.1922975602401,19.2072571602785,-7.521721875));
#1991=CARTESIAN_POINT('Ctrl Pts',(82.5276689464501,20.1115320724903,-7.971721875));
#1992=CARTESIAN_POINT('Ctrl Pts',(82.4488531810633,19.9103376157862,-7.971721875));
#1993=CARTESIAN_POINT('Ctrl Pts',(82.2660652842165,19.4447780382307,-7.8961753025316));
#1994=CARTESIAN_POINT('Ctrl Pts',(82.1755317453131,19.1922462871339,-7.67285633243848));
#1995=CARTESIAN_POINT('Ctrl Pts',(82.1755317453131,19.1922462871339,-7.521721875));
#1996=CARTESIAN_POINT('Ctrl Pts',(82.5276689464501,20.1115320724903,-7.971721875));
#1997=CARTESIAN_POINT('Ctrl Pts',(82.4426256270289,19.9133552441829,-7.97172187499999));
#1998=CARTESIAN_POINT('Ctrl Pts',(82.2483161288181,19.4620917727218,-7.90362730266664));
#1999=CARTESIAN_POINT('Ctrl Pts',(82.1370777860296,19.1764568937464,-7.69721112665146));
#2000=CARTESIAN_POINT('Ctrl Pts',(82.1370777860296,19.1764568937464,-7.521721875));
#2001=CARTESIAN_POINT('Ctrl Pts',(82.5276689464501,20.1115320724903,-7.971721875));
#2002=CARTESIAN_POINT('Ctrl Pts',(82.4328394706893,19.9180972316632,-7.97172187499999));
#2003=CARTESIAN_POINT('Ctrl Pts',(82.2187148717121,19.4812291442077,-7.90680339234303));
#2004=CARTESIAN_POINT('Ctrl Pts',(82.074298395726,19.1889582565959,-7.70989958865861));
#2005=CARTESIAN_POINT('Ctrl Pts',(82.074298395726,19.1889582565959,-7.521721875));
#2006=CARTESIAN_POINT('Ctrl Pts',(82.5276689464501,20.1115320724903,-7.971721875));
#2007=CARTESIAN_POINT('Ctrl Pts',(82.4239429649261,19.9224081293727,-7.971721875));
#2008=CARTESIAN_POINT('Ctrl Pts',(82.1877702677203,19.4903751868247,-7.90297059307771));
#2009=CARTESIAN_POINT('Ctrl Pts',(82.0323895391478,19.2310758994271,-7.6944531094232));
#2010=CARTESIAN_POINT('Ctrl Pts',(82.0323895391478,19.2310758994271,-7.521721875));
#2011=CARTESIAN_POINT('Ctrl Pts',(82.5276689464501,20.1115320724903,-7.971721875));
#2012=CARTESIAN_POINT('Ctrl Pts',(82.4177154108918,19.9254257577693,-7.971721875));
#2013=CARTESIAN_POINT('Ctrl Pts',(82.1627311350571,19.4933936370894,-7.89454293542787));
#2014=CARTESIAN_POINT('Ctrl Pts',(82.0247414535112,19.2710970798331,-7.66858091791758));
#2015=CARTESIAN_POINT('Ctrl Pts',(82.0247414535112,19.2710970798332,-7.52172187499999));
#2016=CARTESIAN_POINT('Ctrl Pts',(82.5276689464501,20.1115320724903,-7.971721875));
#2017=CARTESIAN_POINT('Ctrl Pts',(82.4150464591628,19.9267190270822,-7.971721875));
#2018=CARTESIAN_POINT('Ctrl Pts',(82.1518413506966,19.4948005103254,-7.88944180764945));
#2019=CARTESIAN_POINT('Ctrl Pts',(82.0257850309077,19.2879426002022,-7.65636156015384));
#2020=CARTESIAN_POINT('Ctrl Pts',(82.0257850309077,19.2879426002022,-7.52172187499999));
#2021=CARTESIAN_POINT('',(82.1922975602401,19.2072571602785,-7.521721875));
#2022=CARTESIAN_POINT('',(82.0257850309077,19.2879426002022,-7.521721875));
#2023=CARTESIAN_POINT('Origin',(82.1255936922966,19.2817594689769,-7.521721875));
#2024=CARTESIAN_POINT('',(82.5276689464501,20.1115320724903,-7.971721875));
#2025=CARTESIAN_POINT('Origin',(82.5276689464501,20.1115320724903,-7.521721875));
#2026=CARTESIAN_POINT('Origin',(82.5276689464501,20.1115320724903,-7.521721875));
#2027=CARTESIAN_POINT('Origin',(82.6508822659622,22.1004525785732,-7.521721875));
#2028=CARTESIAN_POINT('',(82.201743289712,22.128276669087,-7.521721875));
#2029=CARTESIAN_POINT('',(82.6471237714737,22.03978262187,-7.971721875));
#2030=CARTESIAN_POINT('Origin',(82.6471237714737,22.03978262187,-7.521721875));
#2031=CARTESIAN_POINT('',(82.6508822659622,22.1004525785732,-7.971721875));
#2032=CARTESIAN_POINT('Origin',(83.2140469866706,20.7260643058408,-7.521721875));
#2033=CARTESIAN_POINT('',(82.6647986323193,20.234307871216,-7.971721875));
#2034=CARTESIAN_POINT('',(83.2140469866706,20.7260643058408,-7.971721875));
#2035=CARTESIAN_POINT('',(83.0711915913603,19.9941540016302,-7.521721875));
#2036=CARTESIAN_POINT('Origin',(82.6647986323193,20.234307871216,-7.521721875));
#2037=CARTESIAN_POINT('',(83.5142143924161,20.3908039166982,-7.521721875));
#2038=CARTESIAN_POINT('Origin',(83.3610859110851,23.2502594204863,-7.521721875));
#2039=CARTESIAN_POINT('',(83.6206887627472,24.374722909254,-7.971721875));
#2040=CARTESIAN_POINT('',(83.3610859110851,23.2502594204863,-7.971721875));
#2041=CARTESIAN_POINT('',(84.0711734373222,24.3255512417422,-7.521721875));
#2042=CARTESIAN_POINT('Origin',(83.6206887627472,24.374722909254,-7.521721875));
#2043=CARTESIAN_POINT('',(83.7995524402364,23.1490314460229,-7.521721875));
#2044=CARTESIAN_POINT('Origin',(83.6249798453661,23.9205588616844,-7.521721875));
#2045=CARTESIAN_POINT('',(83.607613060031,25.758642679131,-7.971721875));
#2046=CARTESIAN_POINT('',(83.6249798453661,23.9205588616844,-7.971721875));
#2047=CARTESIAN_POINT('',(84.0583722314862,25.6804185264493,-7.521721875));
#2048=CARTESIAN_POINT('Ctrl Pts',(83.607613060031,25.758642679131,-7.971721875));
#2049=CARTESIAN_POINT('Ctrl Pts',(83.6087316384557,25.7582054788117,-7.971721875));
#2050=CARTESIAN_POINT('Ctrl Pts',(83.6098539012059,25.7577754958239,-7.97171773077904));
#2051=CARTESIAN_POINT('Ctrl Pts',(83.618680441149,25.7544551683412,-7.9716522067675));
#2052=CARTESIAN_POINT('Ctrl Pts',(83.6266232830407,25.7518278473919,-7.97139226671783));
#2053=CARTESIAN_POINT('Ctrl Pts',(83.6531054847194,25.7437506476575,-7.96981523348843));
#2054=CARTESIAN_POINT('Ctrl Pts',(83.6721916907828,25.739014804425,-7.96750837503252));
#2055=CARTESIAN_POINT('Ctrl Pts',(83.7241487316691,25.727347958371,-7.9577381488856));
#2056=CARTESIAN_POINT('Ctrl Pts',(83.7567359395746,25.7214137981792,-7.94778800928396));
#2057=CARTESIAN_POINT('Ctrl Pts',(83.8410541676484,25.7073512500805,-7.91104268363305));
#2058=CARTESIAN_POINT('Ctrl Pts',(83.8894557961121,25.7007779079622,-7.87777832500339));
#2059=CARTESIAN_POINT('Ctrl Pts',(83.9708424339098,25.6903309607228,-7.79451807085488));
#2060=CARTESIAN_POINT('Ctrl Pts',(84.0031076521488,25.6866120532283,-7.74540187512275));
#2061=CARTESIAN_POINT('Ctrl Pts',(84.047063923942,25.6816292619177,-7.63756757845054));
#2062=CARTESIAN_POINT('Ctrl Pts',(84.0583722314862,25.6804185264493,-7.57993008021586));
#2063=CARTESIAN_POINT('Ctrl Pts',(84.0583722314862,25.6804185264493,-7.521721875));
#2064=CARTESIAN_POINT('',(84.0749597608352,23.924810411327,-7.521721875));
#2065=CARTESIAN_POINT('Ctrl Pts',(83.607613060031,25.758642679131,-7.971721875));
#2066=CARTESIAN_POINT('Ctrl Pts',(83.6262440984433,25.7784565296464,-7.971721875));
#2067=CARTESIAN_POINT('Ctrl Pts',(83.6197334449509,25.8048632646901,-7.971721875));
#2068=CARTESIAN_POINT('Ctrl Pts',(83.9354458084476,25.4503803086321,-7.97172187500001));
#2069=CARTESIAN_POINT('Ctrl Pts',(84.121756192571,25.6485188137856,-7.97172187500001));
#2070=CARTESIAN_POINT('Ctrl Pts',(84.0566496576466,25.9125861642225,-7.97172187500001));
#2071=CARTESIAN_POINT('Ctrl Pts',(83.9354458084476,25.4503803086321,-7.521721875));
#2072=CARTESIAN_POINT('Ctrl Pts',(84.121756192571,25.6485188137856,-7.521721875));
#2073=CARTESIAN_POINT('Ctrl Pts',(84.0566496576466,25.9125861642225,-7.521721875));
#2074=CARTESIAN_POINT('',(83.6197334449509,25.8048632646901,-7.971721875));
#2075=CARTESIAN_POINT('Origin',(83.5711871990958,25.7928940536309,-7.971721875));
#2076=CARTESIAN_POINT('',(84.0566496576465,25.9125861642224,-7.521721875));
#2077=CARTESIAN_POINT('Origin',(83.6197334449509,25.8048632646901,-7.521721875));
#2078=CARTESIAN_POINT('Origin',(83.5711871990958,25.7928940536309,-7.521721875));
#2079=CARTESIAN_POINT('Ctrl Pts',(82.1979847952235,22.0676067123838,-7.521721875));
#2080=CARTESIAN_POINT('Ctrl Pts',(82.1979847952235,22.0676067123838,-7.521721875));
#2081=CARTESIAN_POINT('Ctrl Pts',(82.1979847952235,22.0676067123838,-7.521721875));
#2082=CARTESIAN_POINT('Ctrl Pts',(82.1979847952235,22.0676067123838,-7.521721875));
#2083=CARTESIAN_POINT('Ctrl Pts',(82.1979847952235,22.0676067123838,-7.521721875));
#2084=CARTESIAN_POINT('Ctrl Pts',(82.1979847952235,22.0676067123838,-7.521721875));
#2085=CARTESIAN_POINT('Ctrl Pts',(82.1979847952235,22.0676067123838,-7.521721875));
#2086=CARTESIAN_POINT('Ctrl Pts',(82.1979847952235,22.0676067123838,-7.521721875));
#2087=CARTESIAN_POINT('Ctrl Pts',(82.1979847952235,22.0676067123838,-7.521721875));
#2088=CARTESIAN_POINT('Ctrl Pts',(82.1979847952235,22.0676067123838,-7.521721875));
#2089=CARTESIAN_POINT('Ctrl Pts',(82.1979847952235,22.0676067123838,-7.521721875));
#2090=CARTESIAN_POINT('Ctrl Pts',(82.1979847952235,22.0676067123838,-7.971721875));
#2091=CARTESIAN_POINT('Ctrl Pts',(82.1979847952235,22.0676067123838,-7.971721875));
#2092=CARTESIAN_POINT('Ctrl Pts',(82.1979847952235,22.0676067123838,-7.971721875));
#2093=CARTESIAN_POINT('Ctrl Pts',(82.1979847952235,22.0676067123838,-7.971721875));
#2094=CARTESIAN_POINT('Ctrl Pts',(82.1979847952235,22.0676067123838,-7.971721875));
#2095=CARTESIAN_POINT('Ctrl Pts',(82.1979847952235,22.0676067123838,-7.971721875));
#2096=CARTESIAN_POINT('Ctrl Pts',(82.1979847952235,22.0676067123838,-7.971721875));
#2097=CARTESIAN_POINT('Ctrl Pts',(82.1979847952235,22.0676067123838,-7.971721875));
#2098=CARTESIAN_POINT('Ctrl Pts',(82.1979847952235,22.0676067123838,-7.971721875));
#2099=CARTESIAN_POINT('Ctrl Pts',(82.1979847952235,22.0676067123838,-7.971721875));
#2100=CARTESIAN_POINT('Ctrl Pts',(82.1979847952235,22.0676067123838,-7.971721875));
#2101=CARTESIAN_POINT('Ctrl Pts',(82.1739875740531,22.5169664050311,-7.971721875));
#2102=CARTESIAN_POINT('Ctrl Pts',(82.1999045948535,22.5183504554709,-7.971721875));
#2103=CARTESIAN_POINT('Ctrl Pts',(82.2258088857373,22.516745688634,-7.971721875));
#2104=CARTESIAN_POINT('Ctrl Pts',(82.6749478619875,22.4889215981202,-7.971721875));
#2105=CARTESIAN_POINT('Ctrl Pts',(82.6471237714737,22.03978262187,-7.971721875));
#2106=CARTESIAN_POINT('Ctrl Pts',(82.6192996809599,21.5906436456197,-7.971721875));
#2107=CARTESIAN_POINT('Ctrl Pts',(82.1701607047097,21.6184677361336,-7.971721875));
#2108=CARTESIAN_POINT('Ctrl Pts',(81.7210217284595,21.6462918266474,-7.971721875));
#2109=CARTESIAN_POINT('Ctrl Pts',(81.7488458189733,22.0954308028976,-7.971721875));
#2110=CARTESIAN_POINT('Ctrl Pts',(81.773635392911,22.4955863391415,-7.971721875));
#2111=CARTESIAN_POINT('Ctrl Pts',(82.1739875740531,22.5169664050311,-7.971721875));
#2112=CARTESIAN_POINT('Origin',(82.1979847952235,22.0676067123838,-7.971721875));
#2113=CARTESIAN_POINT('Origin',(84.0583722314862,25.6804185264493,0.228278125000001));
#2114=CARTESIAN_POINT('',(84.0711734373222,24.3255512417422,0.228278125000001));
#2115=CARTESIAN_POINT('',(84.0583722314862,25.6804185264493,-7.471721875));
#2116=CARTESIAN_POINT('',(84.0583722314862,25.6804185264493,0.228278125000001));
#2117=CARTESIAN_POINT('',(84.0583722314862,25.6804185264493,-0.271721874999998));
#2118=CARTESIAN_POINT('Ctrl Pts',(84.0583722314862,25.6804185264493,-0.271721874999998));
#2119=CARTESIAN_POINT('Ctrl Pts',(84.0583722314862,25.6804185264493,-2.671721875));
#2120=CARTESIAN_POINT('Ctrl Pts',(84.0583722314862,25.6804185264493,-5.071721875));
#2121=CARTESIAN_POINT('Ctrl Pts',(84.0583722314862,25.6804185264493,-7.471721875));
#2122=CARTESIAN_POINT('',(84.0583722314862,25.6804185264493,0.228278125000001));
#2123=CARTESIAN_POINT('Origin',(83.5711871990958,25.7928940536309,0.228278125000001));
#2124=CARTESIAN_POINT('',(84.0566496576465,25.9125861642224,-7.471721875));
#2125=CARTESIAN_POINT('',(84.0566496576465,25.9125861642224,0.228278125000001));
#2126=CARTESIAN_POINT('Origin',(83.5711871990958,25.7928940536307,-7.471721875));
#2127=CARTESIAN_POINT('Origin',(83.5711871990958,25.7928940536309,0.228278125000001));
#2128=CARTESIAN_POINT('',(83.5711871990957,25.7928940536309,-7.971721875));
#2129=CARTESIAN_POINT('',(82.9347166384993,25.6359704782126,-7.971721875));
#2130=CARTESIAN_POINT('Origin',(83.5711871990958,25.7928940536307,-7.471721875));
#2131=CARTESIAN_POINT('Origin',(82.7316256213521,22.1563533349816,-7.971721875));
#2132=CARTESIAN_POINT('',(81.6754787169104,24.2437620480719,-7.971721875));
#2133=CARTESIAN_POINT('Origin',(81.5827519135291,23.8546582830751,-7.971721875));
#2134=CARTESIAN_POINT('',(79.2241715182006,24.8279298230711,-7.971721875));
#2135=CARTESIAN_POINT('',(73.9220628468223,26.091468324893,-7.971721875));
#2136=CARTESIAN_POINT('',(75.8233902301764,26.1153108847231,-7.971721875));
#2137=CARTESIAN_POINT('Ctrl Pts',(75.8233902301764,26.1153108847231,-7.97172187499999));
#2138=CARTESIAN_POINT('Ctrl Pts',(76.8958905705962,25.5434978889073,-7.97172187499999));
#2139=CARTESIAN_POINT('Ctrl Pts',(78.0418677539557,25.1096830687253,-7.97172187499999));
#2140=CARTESIAN_POINT('Ctrl Pts',(79.2241715182006,24.8279298230711,-7.97172187499999));
#2141=CARTESIAN_POINT('',(53.3620595588328,32.0016972499849,-7.971721875));
#2142=CARTESIAN_POINT('Ctrl Pts',(53.3618998820593,32.0012804094556,-7.971721875));
#2143=CARTESIAN_POINT('Ctrl Pts',(54.3531845169591,31.6215359363213,-7.971721875));
#2144=CARTESIAN_POINT('Ctrl Pts',(55.3639564388636,31.2484243770592,-7.971721875));
#2145=CARTESIAN_POINT('Ctrl Pts',(56.3907200521226,30.8911930632294,-7.971721875));
#2146=CARTESIAN_POINT('Ctrl Pts',(61.3901219626464,29.1518025260144,-7.971721875));
#2147=CARTESIAN_POINT('Ctrl Pts',(65.2202564948765,28.3277666926597,-7.971721875));
#2148=CARTESIAN_POINT('Ctrl Pts',(69.4901476364609,27.5740885892233,-7.971721875));
#2149=CARTESIAN_POINT('Ctrl Pts',(71.8621949481864,27.155398730423,-7.971721875));
#2150=CARTESIAN_POINT('Ctrl Pts',(73.5923019960931,26.8958267796304,-7.971721875));
#2151=CARTESIAN_POINT('Ctrl Pts',(74.8164310439928,26.5175424918076,-7.971721875));
#2152=CARTESIAN_POINT('Ctrl Pts',(75.2318322740776,26.3891738702534,-7.971721875));
#2153=CARTESIAN_POINT('Ctrl Pts',(75.5586729553239,26.2564997566433,-7.971721875));
#2154=CARTESIAN_POINT('Ctrl Pts',(75.823404180455,26.1153370465496,-7.971721875));
#2155=CARTESIAN_POINT('',(51.9323578368312,36.1334353553278,-7.971721875));
#2156=CARTESIAN_POINT('',(54.306960432798,29.2709997298977,-7.971721875));
#2157=CARTESIAN_POINT('',(53.0187909328389,39.1183857543571,-7.971721875));
#2158=CARTESIAN_POINT('',(51.2585177582653,34.2820749551443,-7.971721875));
#2159=CARTESIAN_POINT('',(57.4290113348995,38.6643051012853,-7.971721875));
#2160=CARTESIAN_POINT('Ctrl Pts',(57.4290113348942,38.6643051012857,-7.971721875));
#2161=CARTESIAN_POINT('Ctrl Pts',(55.9555465432905,38.7799786693319,-7.971721875));
#2162=CARTESIAN_POINT('Ctrl Pts',(54.4846595358525,38.9294198708237,-7.971721875));
#2163=CARTESIAN_POINT('Ctrl Pts',(53.0187909328389,39.1183857543571,-7.971721875));
#2164=CARTESIAN_POINT('',(57.3767387593108,37.9161013837922,-7.971721875));
#2165=CARTESIAN_POINT('',(57.3289998748351,37.2327906719855,-7.971721875));
#2166=CARTESIAN_POINT('',(60.4236259636913,36.9684338798273,-7.971721875));
#2167=CARTESIAN_POINT('Ctrl Pts',(57.3767387593108,37.9161013837922,-7.971721875));
#2168=CARTESIAN_POINT('Ctrl Pts',(57.3799140866786,37.9146905874534,-7.971721875));
#2169=CARTESIAN_POINT('Ctrl Pts',(57.3830894403802,37.9132800587727,-7.97172180089464));
#2170=CARTESIAN_POINT('Ctrl Pts',(57.3862648343557,37.9118698009229,-7.97172165683537));
#2171=CARTESIAN_POINT('Ctrl Pts',(57.4820280911392,37.8693393667021,-7.97171731230832));
#2172=CARTESIAN_POINT('Ctrl Pts',(57.5786496622347,37.8266927133034,-7.97165261090061));
#2173=CARTESIAN_POINT('Ctrl Pts',(57.6759541415124,37.784276493488,-7.97161919213234));
#2174=CARTESIAN_POINT('Ctrl Pts',(57.7706623663942,37.7429920129097,-7.97158666503551));
#2175=CARTESIAN_POINT('Ctrl Pts',(57.8660179137135,37.7019259363436,-7.97158366681826));
#2176=CARTESIAN_POINT('Ctrl Pts',(57.9618349791869,37.6614208109318,-7.9716584082064));
#2177=CARTESIAN_POINT('Ctrl Pts',(58.0563653614098,37.6214596101974,-7.97173214592685));
#2178=CARTESIAN_POINT('Ctrl Pts',(58.1513451940337,37.5820444973163,-7.97188160497972));
#2179=CARTESIAN_POINT('Ctrl Pts',(58.2465678029951,37.5435255904399,-7.97211751645506));
#2180=CARTESIAN_POINT('Ctrl Pts',(58.3400700497273,37.5057025946841,-7.97234916577883));
#2181=CARTESIAN_POINT('Ctrl Pts',(58.4338064792329,37.468743883175,-7.97266426434114));
#2182=CARTESIAN_POINT('Ctrl Pts',(58.5275515582572,37.4329994908271,-7.97303737980222));
#2183=CARTESIAN_POINT('Ctrl Pts',(58.5864012181253,37.4105604961219,-7.97327160775535));
#2184=CARTESIAN_POINT('Ctrl Pts',(58.6452536832297,37.3886004125554,-7.97352799129504));
#2185=CARTESIAN_POINT('Ctrl Pts',(58.704046776413,37.3672091674088,-7.97379253525462));
#2186=CARTESIAN_POINT('Ctrl Pts',(58.7861577052888,37.3373339743598,-7.97416199957556));
#2187=CARTESIAN_POINT('Ctrl Pts',(58.8689710956612,37.308273247752,-7.97455656485037));
#2188=CARTESIAN_POINT('Ctrl Pts',(58.952344646666,37.2803423199871,-7.97491868577183));
#2189=CARTESIAN_POINT('Ctrl Pts',(59.0328273006286,37.2533798700607,-7.97526825050144));
#2190=CARTESIAN_POINT('Ctrl Pts',(59.1138320630596,37.2274701596089,-7.97558745551471));
#2191=CARTESIAN_POINT('Ctrl Pts',(59.1952262669206,37.2029377524978,-7.97580380377591));
#2192=CARTESIAN_POINT('Ctrl Pts',(59.2788123630521,37.1777447038304,-7.9760259781532));
#2193=CARTESIAN_POINT('Ctrl Pts',(59.3628120545915,37.1540056656374,-7.9761383995716));
#2194=CARTESIAN_POINT('Ctrl Pts',(59.447006891033,37.131965435362,-7.97618602631528));
#2195=CARTESIAN_POINT('Ctrl Pts',(59.4914256344891,37.1203376518103,-7.97621115279807));
#2196=CARTESIAN_POINT('Ctrl Pts',(59.5358980100408,37.1091831485429,-7.97621814279415));
#2197=CARTESIAN_POINT('Ctrl Pts',(59.5803869633762,37.098541004488,-7.97621287770685));
#2198=CARTESIAN_POINT('Ctrl Pts',(59.6522775094493,37.0813441614487,-7.97620436975213));
#2199=CARTESIAN_POINT('Ctrl Pts',(59.7248979607216,37.0653228072323,-7.9761723105833));
#2200=CARTESIAN_POINT('Ctrl Pts',(59.7980221810839,37.0507405716529,-7.97611822965478));
#2201=CARTESIAN_POINT('Ctrl Pts',(59.8686360187764,37.0366589498415,-7.97606600534538));
#2202=CARTESIAN_POINT('Ctrl Pts',(59.9397200048179,37.0239192443982,-7.97599303042492));
#2203=CARTESIAN_POINT('Ctrl Pts',(60.0110418596919,37.0127952945329,-7.97590326415807));
#2204=CARTESIAN_POINT('Ctrl Pts',(60.0794193225781,37.0021305765387,-7.97581720372693));
#2205=CARTESIAN_POINT('Ctrl Pts',(60.1480156902742,36.992950939847,-7.97571552629724));
#2206=CARTESIAN_POINT('Ctrl Pts',(60.2165949465201,36.9855324689146,-7.97560696058315));
#2207=CARTESIAN_POINT('Ctrl Pts',(60.285174202766,36.9781139979821,-7.97549839486905));
#2208=CARTESIAN_POINT('Ctrl Pts',(60.3537368520346,36.9724564171575,-7.97538268836702));
#2209=CARTESIAN_POINT('Ctrl Pts',(60.422008836965,36.9688738775065,-7.97527717290876));
#2210=CARTESIAN_POINT('',(62.5125173435026,36.8706489151846,-7.97172187500006));
#2211=CARTESIAN_POINT('Ctrl Pts',(60.4265800740085,36.9657116993848,-7.971721875));
#2212=CARTESIAN_POINT('Ctrl Pts',(61.1485106624357,36.9277041364212,-7.971721875));
#2213=CARTESIAN_POINT('Ctrl Pts',(61.8447721071433,36.8962381050405,-7.971721875));
#2214=CARTESIAN_POINT('Ctrl Pts',(62.5166220187744,36.8676626029401,-7.971721875));
#2215=CARTESIAN_POINT('',(75.3413093503089,34.714026102094,-7.97172187500006));
#2216=CARTESIAN_POINT('Ctrl Pts',(62.5166220187744,36.8676626029401,-7.971721875));
#2217=CARTESIAN_POINT('Ctrl Pts',(64.425964732944,36.7864533539776,-7.971721875));
#2218=CARTESIAN_POINT('Ctrl Pts',(66.1381476772992,36.7285894674613,-7.971721875));
#2219=CARTESIAN_POINT('Ctrl Pts',(67.6820364841957,36.6102703722226,-7.971721875));
#2220=CARTESIAN_POINT('Ctrl Pts',(68.5952235637862,36.540286401513,-7.971721875));
#2221=CARTESIAN_POINT('Ctrl Pts',(69.4465862498356,36.4490679317529,-7.971721875));
#2222=CARTESIAN_POINT('Ctrl Pts',(70.2505412968337,36.3221913366441,-7.971721875));
#2223=CARTESIAN_POINT('Ctrl Pts',(71.096766036298,36.1886439274438,-7.971721875));
#2224=CARTESIAN_POINT('Ctrl Pts',(71.9942545749028,36.0000864897522,-7.971721875));
#2225=CARTESIAN_POINT('Ctrl Pts',(72.906821891742,35.716230126759,-7.971721875));
#2226=CARTESIAN_POINT('Ctrl Pts',(73.71218217689,35.465720781067,-7.971721875));
#2227=CARTESIAN_POINT('Ctrl Pts',(74.5345254190496,35.1383425465088,-7.971721875));
#2228=CARTESIAN_POINT('Ctrl Pts',(75.3444623126951,34.7121496500821,-7.971721875));
#2229=CARTESIAN_POINT('',(77.0053457924394,33.6735300824726,-7.971721875));
#2230=CARTESIAN_POINT('Ctrl Pts',(75.3444623126951,34.712149650082,-7.971721875));
#2231=CARTESIAN_POINT('Ctrl Pts',(75.6248507747555,34.5646078209498,-7.971721875));
#2232=CARTESIAN_POINT('Ctrl Pts',(75.9037524048488,34.4052236033894,-7.971721875));
#2233=CARTESIAN_POINT('Ctrl Pts',(76.1799478871987,34.2330865020092,-7.971721875));
#2234=CARTESIAN_POINT('Ctrl Pts',(76.4631293760074,34.0565954159374,-7.971721875));
#2235=CARTESIAN_POINT('Ctrl Pts',(76.7388010587582,33.8695173735431,-7.971721875));
#2236=CARTESIAN_POINT('Ctrl Pts',(77.0062519820046,33.6724603893571,-7.971721875));
#2237=CARTESIAN_POINT('',(79.8323349450326,32.0257124696378,-7.971721875));
#2238=CARTESIAN_POINT('Ctrl Pts',(77.0053457924394,33.6735300824726,-7.971721875));
#2239=CARTESIAN_POINT('Ctrl Pts',(77.3420293150551,33.4257576932265,-7.971721875));
#2240=CARTESIAN_POINT('Ctrl Pts',(77.7434814734155,33.2020842679033,-7.971721875));
#2241=CARTESIAN_POINT('Ctrl Pts',(78.687198981488,32.6953395411183,-7.971721875));
#2242=CARTESIAN_POINT('Ctrl Pts',(79.2516756586405,32.4044667247676,-7.97172187499999));
#2243=CARTESIAN_POINT('Ctrl Pts',(79.8266692007743,32.0294137801699,-7.97172187499999));
#2244=CARTESIAN_POINT('Ctrl Pts',(79.8295025041646,32.027563791831,-7.971721875));
#2245=CARTESIAN_POINT('Ctrl Pts',(79.8323349399059,32.0257124617942,-7.971721875));
#2246=CARTESIAN_POINT('',(80.1709473911545,32.7863762146169,-7.971721875));
#2247=CARTESIAN_POINT('',(80.0883626897654,32.600856777985,-7.971721875));
#2248=CARTESIAN_POINT('Ctrl Pts',(83.5711871990958,25.7928940536307,-7.971721875));
#2249=CARTESIAN_POINT('Ctrl Pts',(83.2131236120636,27.245173810574,-7.971721875));
#2250=CARTESIAN_POINT('Ctrl Pts',(82.3778802378957,29.747431891888,-7.971721875));
#2251=CARTESIAN_POINT('Ctrl Pts',(80.9072715902589,31.9400329386392,-7.971721875));
#2252=CARTESIAN_POINT('Ctrl Pts',(80.1709473911547,32.7863762146169,-7.971721875));
#2253=CARTESIAN_POINT('Origin',(82.1255936922966,19.2817594689769,0.228278125000001));
#2254=CARTESIAN_POINT('',(82.0257850309077,19.2879426002021,0.228278125000001));
#2255=CARTESIAN_POINT('',(82.1922975602401,19.2072571602785,0.228278125000001));
#2256=CARTESIAN_POINT('Origin',(53.3620595588328,32.0016972499849,0.628278125000001));
#2257=CARTESIAN_POINT('Origin',(51.0818409310443,33.7656627729854,-4.021721875));
#2258=CARTESIAN_POINT('Origin',(83.0711915913603,19.9941540016302,0.228278125000001));
#2259=CARTESIAN_POINT('',(83.0711915913603,19.9941540016302,0.228278125000001));
#2260=CARTESIAN_POINT('Origin',(82.1979847952235,22.0676067123838,0.228278125000001));
#2261=CARTESIAN_POINT('Origin',(83.5711871990958,25.7928940536309,0.228278125000001));
#2262=CARTESIAN_POINT('',(84.0566496576465,25.9125861642224,-0.271721874999999));
#2263=CARTESIAN_POINT('',(84.0566496576465,25.9125861642224,0.228278125000001));
#2264=CARTESIAN_POINT('Origin',(83.5711871990957,25.7928940536309,-0.271721874999999));
#2265=CARTESIAN_POINT('Origin',(84.0711734373222,24.3255512417422,0.228278125000001));
#2266=CARTESIAN_POINT('Origin',(83.5711871990958,25.7928940536309,0.228278125000001));
#2267=CARTESIAN_POINT('Origin',(83.5711871990958,25.7928940536307,-0.271721874999999));
#2268=CARTESIAN_POINT('Ctrl Pts',(79.2241715182006,24.8279298230711,-7.971721875));
#2269=CARTESIAN_POINT('Ctrl Pts',(79.2241715182006,24.8279298230711,-5.23838854166667));
#2270=CARTESIAN_POINT('Ctrl Pts',(79.2241715182006,24.8279298230711,-2.50505520833333));
#2271=CARTESIAN_POINT('Ctrl Pts',(79.2241715182006,24.8279298230711,0.228278125000008));
#2272=CARTESIAN_POINT('Ctrl Pts',(78.0418677539557,25.1096830687253,-7.971721875));
#2273=CARTESIAN_POINT('Ctrl Pts',(78.0418677539557,25.1096830687253,-5.23838854166667));
#2274=CARTESIAN_POINT('Ctrl Pts',(78.0418677539557,25.1096830687253,-2.50505520833333));
#2275=CARTESIAN_POINT('Ctrl Pts',(78.0418677539557,25.1096830687253,0.228278125000008));
#2276=CARTESIAN_POINT('Ctrl Pts',(76.8958905705962,25.5434978889073,-7.971721875));
#2277=CARTESIAN_POINT('Ctrl Pts',(76.8958905705962,25.5434978889073,-5.23838854166667));
#2278=CARTESIAN_POINT('Ctrl Pts',(76.8958905705962,25.5434978889073,-2.50505520833333));
#2279=CARTESIAN_POINT('Ctrl Pts',(76.8958905705962,25.5434978889073,0.228278125000008));
#2280=CARTESIAN_POINT('Ctrl Pts',(75.8233902301764,26.1153108847231,-7.971721875));
#2281=CARTESIAN_POINT('Ctrl Pts',(75.8233902301764,26.1153108847231,-5.23838854166667));
#2282=CARTESIAN_POINT('Ctrl Pts',(75.8233902301764,26.1153108847231,-2.50505520833333));
#2283=CARTESIAN_POINT('Ctrl Pts',(75.8233902301764,26.1153108847231,0.228278125000008));
#2284=CARTESIAN_POINT('Ctrl Pts',(75.8233902301764,26.1153108847231,0.228278125000008));
#2285=CARTESIAN_POINT('Ctrl Pts',(75.8233902301764,26.1153108847231,-2.50505520833333));
#2286=CARTESIAN_POINT('Ctrl Pts',(75.8233902301764,26.1153108847231,-5.23838854166667));
#2287=CARTESIAN_POINT('Ctrl Pts',(75.8233902301764,26.1153108847231,-7.971721875));
#2288=CARTESIAN_POINT('Ctrl Pts',(79.2241715182006,24.8279298230711,-7.971721875));
#2289=CARTESIAN_POINT('Ctrl Pts',(79.2241715182006,24.8279298230711,-5.23838854166667));
#2290=CARTESIAN_POINT('Ctrl Pts',(79.2241715182006,24.8279298230711,-2.50505520833333));
#2291=CARTESIAN_POINT('Ctrl Pts',(79.2241715182006,24.8279298230711,0.228278125000008));
#2292=CARTESIAN_POINT('Ctrl Pts',(77.9641129558921,20.2072868200868,0.628278125000001));
#2293=CARTESIAN_POINT('Ctrl Pts',(77.9641129558921,20.2072868200868,-8.371721875));
#2294=CARTESIAN_POINT('Ctrl Pts',(77.8321237847382,21.3606676904561,0.628278125000001));
#2295=CARTESIAN_POINT('Ctrl Pts',(77.8321237847382,21.3606676904561,-8.371721875));
#2296=CARTESIAN_POINT('Ctrl Pts',(77.5981975269164,23.363271591448,0.628278125000001));
#2297=CARTESIAN_POINT('Ctrl Pts',(77.5981975269164,23.363271591448,-8.371721875));
#2298=CARTESIAN_POINT('Ctrl Pts',(77.4010855587085,24.2252110341871,0.628278125000001));
#2299=CARTESIAN_POINT('Ctrl Pts',(77.4010855587085,24.2252110341871,-8.371721875));
#2300=CARTESIAN_POINT('Ctrl Pts',(77.0153366742956,24.9180162638907,0.628278125000001));
#2301=CARTESIAN_POINT('Ctrl Pts',(77.0153366742956,24.9180162638907,-8.371721875));
#2302=CARTESIAN_POINT('Ctrl Pts',(76.6988582528098,25.4298527989434,0.628278125000001));
#2303=CARTESIAN_POINT('Ctrl Pts',(76.6988582528098,25.4298527989434,-8.371721875));
#2304=CARTESIAN_POINT('Ctrl Pts',(76.4764906315433,25.6759046151513,0.628278125000001));
#2305=CARTESIAN_POINT('Ctrl Pts',(76.4764906315433,25.6759046151513,-8.371721875));
#2306=CARTESIAN_POINT('Ctrl Pts',(75.8866439679461,26.1115655166027,0.628278125000001));
#2307=CARTESIAN_POINT('Ctrl Pts',(75.8866439679461,26.1115655166027,-8.371721875));
#2308=CARTESIAN_POINT('Ctrl Pts',(75.456750053915,26.3196690559445,0.628278125000001));
#2309=CARTESIAN_POINT('Ctrl Pts',(75.456750053915,26.3196690559445,-8.371721875));
#2310=CARTESIAN_POINT('Ctrl Pts',(73.5923019960931,26.8958267796304,0.628278125000001));
#2311=CARTESIAN_POINT('Ctrl Pts',(73.5923019960931,26.8958267796304,-8.371721875));
#2312=CARTESIAN_POINT('Ctrl Pts',(71.8621949481864,27.155398730423,0.628278125000001));
#2313=CARTESIAN_POINT('Ctrl Pts',(71.8621949481864,27.155398730423,-8.371721875));
#2314=CARTESIAN_POINT('Ctrl Pts',(65.2202564948765,28.3277666926597,0.628278125000001));
#2315=CARTESIAN_POINT('Ctrl Pts',(65.2202564948765,28.3277666926597,-8.371721875));
#2316=CARTESIAN_POINT('Ctrl Pts',(61.3901219626464,29.1518025260144,0.628278125000001));
#2317=CARTESIAN_POINT('Ctrl Pts',(61.3901219626464,29.1518025260144,-8.371721875));
#2318=CARTESIAN_POINT('Ctrl Pts',(53.0004176269609,32.0707461502117,0.628278125000001));
#2319=CARTESIAN_POINT('Ctrl Pts',(53.0004176269609,32.0707461502117,-8.371721875));
#2320=CARTESIAN_POINT('Ctrl Pts',(49.7844685695654,33.4234375382457,0.628278125000001));
#2321=CARTESIAN_POINT('Ctrl Pts',(49.7844685695654,33.4234375382457,-8.371721875));
#2322=CARTESIAN_POINT('Ctrl Pts',(46.8687147322696,34.6163622093626,0.628278125000001));
#2323=CARTESIAN_POINT('Ctrl Pts',(46.8687147322696,34.6163622093626,-8.371721875));
#2324=CARTESIAN_POINT('',(53.3620595588328,32.0016972499849,-7.471721875));
#2325=CARTESIAN_POINT('Ctrl Pts',(53.3620595588328,32.0016972499849,0.228278125000001));
#2326=CARTESIAN_POINT('Ctrl Pts',(53.3620595588328,32.0016972499849,-1.13838854166667));
#2327=CARTESIAN_POINT('Ctrl Pts',(53.3620595588327,32.0016972499849,-2.50505520833333));
#2328=CARTESIAN_POINT('Ctrl Pts',(53.3620595588327,32.0016972499849,-5.071721875));
#2329=CARTESIAN_POINT('Ctrl Pts',(53.3620595588327,32.0016972499849,-6.271721875));
#2330=CARTESIAN_POINT('Ctrl Pts',(53.3620595588327,32.0016972499849,-7.471721875));
#2331=CARTESIAN_POINT('Ctrl Pts',(53.3620595588327,32.0016972499849,-7.471721875));
#2332=CARTESIAN_POINT('Ctrl Pts',(53.3620595588327,32.0016972499849,-7.63838854166666));
#2333=CARTESIAN_POINT('Ctrl Pts',(53.3620595588327,32.0016972499849,-7.80505520833333));
#2334=CARTESIAN_POINT('Ctrl Pts',(53.3620595588327,32.0016972499849,-7.971721875));
#2335=CARTESIAN_POINT('Origin',(81.5827519135291,23.8546582830751,-7.971721875));
#2336=CARTESIAN_POINT('',(81.6754787169104,24.2437620480719,-7.971721875));
#2337=CARTESIAN_POINT('Origin',(82.4553716325146,24.0579067992945,-7.971721875));
#2338=CARTESIAN_POINT('Origin',(51.9323578368312,36.1334353553278,-7.971721875));
#2339=CARTESIAN_POINT('Origin',(51.9323578368312,36.1334353553278,-3.721721875));
#2340=CARTESIAN_POINT('',(51.9323578368312,36.1334353553278,-7.471721875));
#2341=CARTESIAN_POINT('',(51.9323578368312,36.1334353553278,-7.971721875));
#2342=CARTESIAN_POINT('',(29.7260268884563,37.9704949188179,-7.471721875));
#2343=CARTESIAN_POINT('Origin',(53.3620595588328,32.0016972499849,-7.971721875));
#2344=CARTESIAN_POINT('',(51.9323578368312,36.1334353553278,-7.471721875));
#2345=CARTESIAN_POINT('Origin',(40.0540197539033,35.009357019248,-7.471721875));
#2346=CARTESIAN_POINT('',(29.1410477130195,33.019219914092,-7.471721875));
#2347=CARTESIAN_POINT('',(34.5461918107878,32.7921502665787,-7.471721875));
#2348=CARTESIAN_POINT('Origin',(29.2459799489738,35.5170167885111,-7.471721875));
#2349=CARTESIAN_POINT('Ctrl Pts',(83.5711871990958,25.7928940536307,-7.971721875));
#2350=CARTESIAN_POINT('Ctrl Pts',(83.2131236120636,27.245173810574,-7.971721875));
#2351=CARTESIAN_POINT('Ctrl Pts',(82.3778802378957,29.747431891888,-7.971721875));
#2352=CARTESIAN_POINT('Ctrl Pts',(80.9072715902589,31.9400329386392,-7.971721875));
#2353=CARTESIAN_POINT('Ctrl Pts',(80.1709473911547,32.7863762146169,-7.971721875));
#2354=CARTESIAN_POINT('Ctrl Pts',(83.6982809735438,25.824229374908,-7.971721875));
#2355=CARTESIAN_POINT('Ctrl Pts',(83.3385285280109,27.2833590185801,-7.971721875));
#2356=CARTESIAN_POINT('Ctrl Pts',(82.4980260028629,29.8033574458703,-7.971721875));
#2357=CARTESIAN_POINT('Ctrl Pts',(81.013017164009,32.0179174696164,-7.971721875));
#2358=CARTESIAN_POINT('Ctrl Pts',(80.2697034385743,32.8722946233606,-7.971721875));
#2359=CARTESIAN_POINT('Ctrl Pts',(83.9513166229325,25.8866160134561,-7.86323456268709));
#2360=CARTESIAN_POINT('Ctrl Pts',(83.5882160783194,27.3593253024607,-7.86323456268709));
#2361=CARTESIAN_POINT('Ctrl Pts',(82.7371414344082,29.9147858877023,-7.86323456268709));
#2362=CARTESIAN_POINT('Ctrl Pts',(81.2234906706461,32.1730487122208,-7.86323456268709));
#2363=CARTESIAN_POINT('Ctrl Pts',(80.466320469569,33.0433527294349,-7.86323456268709));
#2364=CARTESIAN_POINT('Ctrl Pts',(84.0566496576465,25.9125861642224,-7.60262156889957));
#2365=CARTESIAN_POINT('Ctrl Pts',(83.6921334352088,27.3910373390862,-7.60262156889957));
#2366=CARTESIAN_POINT('Ctrl Pts',(82.8368134342021,29.9610419394882,-7.60262156889957));
#2367=CARTESIAN_POINT('Ctrl Pts',(81.3111968449102,32.2375219834338,-7.60262156889957));
#2368=CARTESIAN_POINT('Ctrl Pts',(80.5481677057239,33.1145603615166,-7.60262156889957));
#2369=CARTESIAN_POINT('Ctrl Pts',(84.0566496576465,25.9125861642224,-7.471721875));
#2370=CARTESIAN_POINT('Ctrl Pts',(83.6921469794376,27.3909824046832,-7.471721875));
#2371=CARTESIAN_POINT('Ctrl Pts',(82.8367309342854,29.9611216353898,-7.471721875));
#2372=CARTESIAN_POINT('Ctrl Pts',(81.3111407906321,32.2375864131531,-7.471721875));
#2373=CARTESIAN_POINT('Ctrl Pts',(80.5481677057239,33.1145603615166,-7.471721875));
#2374=CARTESIAN_POINT('',(80.5481677057239,33.1145603615166,-7.471721875));
#2375=CARTESIAN_POINT('Origin',(80.1709473911547,32.7863762146169,-7.471721875));
#2376=CARTESIAN_POINT('Ctrl Pts',(80.5481677057239,33.1145603615166,-7.471721875));
#2377=CARTESIAN_POINT('Ctrl Pts',(81.3111407906321,32.2375864131531,-7.471721875));
#2378=CARTESIAN_POINT('Ctrl Pts',(82.8367309342854,29.9611216353898,-7.471721875));
#2379=CARTESIAN_POINT('Ctrl Pts',(83.6921469794376,27.3909824046832,-7.471721875));
#2380=CARTESIAN_POINT('Ctrl Pts',(84.0566496576465,25.9125861642224,-7.471721875));
#2381=CARTESIAN_POINT('Ctrl Pts',(79.0095274769895,34.6359495552025,-7.77254110746888));
#2382=CARTESIAN_POINT('Ctrl Pts',(79.5427965371865,34.1819130002706,-7.5679483971467));
#2383=CARTESIAN_POINT('Ctrl Pts',(80.0674939691358,33.6670547456417,-7.47172187499998));
#2384=CARTESIAN_POINT('Ctrl Pts',(80.5481677057239,33.1145603615166,-7.471721875));
#2385=CARTESIAN_POINT('Ctrl Pts',(79.0368171472704,34.6127145528287,-7.89104964886567));
#2386=CARTESIAN_POINT('Ctrl Pts',(79.5598025744182,34.1652247703221,-7.69139125971705));
#2387=CARTESIAN_POINT('Ctrl Pts',(80.0750633648312,33.6581820721165,-7.59911903365204));
#2388=CARTESIAN_POINT('Ctrl Pts',(80.5481677057239,33.1145603615166,-7.60262156889958));
#2389=CARTESIAN_POINT('Ctrl Pts',(79.0286364114508,34.4929279249254,-8.12721892976187));
#2390=CARTESIAN_POINT('Ctrl Pts',(79.5262191655019,34.0599467546806,-7.93729371480513));
#2391=CARTESIAN_POINT('Ctrl Pts',(80.0168297176178,33.569277970392,-7.85304191024309));
#2392=CARTESIAN_POINT('Ctrl Pts',(80.4663203655261,33.0433526389169,-7.86323442477978));
#2393=CARTESIAN_POINT('Ctrl Pts',(78.9003964002897,34.2900064482089,-8.23933076556285));
#2394=CARTESIAN_POINT('Ctrl Pts',(79.3764569792901,33.8681077497488,-8.05182727303223));
#2395=CARTESIAN_POINT('Ctrl Pts',(79.8438875746164,33.3881709735481,-7.9661504785311));
#2396=CARTESIAN_POINT('Ctrl Pts',(80.2697034385743,32.8722946233607,-7.97172187500001));
#2397=CARTESIAN_POINT('Ctrl Pts',(78.8227427150807,34.1941035909961,-8.24940116650973));
#2398=CARTESIAN_POINT('Ctrl Pts',(79.2922189283338,33.7758550677115,-8.06054635698158));
#2399=CARTESIAN_POINT('Ctrl Pts',(79.7520826927986,33.29953232244,-7.97172187499999));
#2400=CARTESIAN_POINT('Ctrl Pts',(80.1709473911546,32.7863762146169,-7.97172187500001));
#2401=CARTESIAN_POINT('',(78.8227427150807,34.1941035909961,-8.24940116650973));
#2402=CARTESIAN_POINT('Ctrl Pts',(80.1709473911546,32.7863762146169,-7.97172187500001));
#2403=CARTESIAN_POINT('Ctrl Pts',(79.7520826927986,33.29953232244,-7.97172187499999));
#2404=CARTESIAN_POINT('Ctrl Pts',(79.2922189283338,33.7758550677115,-8.06054635698158));
#2405=CARTESIAN_POINT('Ctrl Pts',(78.8227427150807,34.1941035909961,-8.24940116650973));
#2406=CARTESIAN_POINT('',(79.0095274769894,34.6359495552026,-7.77254110746888));
#2407=CARTESIAN_POINT('Origin',(78.6853892787092,34.255247009354,-7.77254110746888));
#2408=CARTESIAN_POINT('Ctrl Pts',(79.0095274769895,34.6359495552025,-7.77254110746888));
#2409=CARTESIAN_POINT('Ctrl Pts',(79.5427965371865,34.1819130002706,-7.5679483971467));
#2410=CARTESIAN_POINT('Ctrl Pts',(80.0674939691358,33.6670547456417,-7.47172187499998));
#2411=CARTESIAN_POINT('Ctrl Pts',(80.5481677057239,33.1145603615166,-7.471721875));
#2412=CARTESIAN_POINT('Ctrl Pts',(78.8227427150806,34.1941035909963,-8.24940116650981));
#2413=CARTESIAN_POINT('Ctrl Pts',(78.2146418716045,34.7358504838361,-8.49402009655707));
#2414=CARTESIAN_POINT('Ctrl Pts',(77.5691531171152,35.1424650756478,-8.91300071509089));
#2415=CARTESIAN_POINT('Ctrl Pts',(77.000370048541,35.4225543956343,-9.47172187499458));
#2416=CARTESIAN_POINT('Ctrl Pts',(78.9003964002895,34.2900064482091,-8.23933076556293));
#2417=CARTESIAN_POINT('Ctrl Pts',(78.281601096405,34.8392929218065,-8.48320483371248));
#2418=CARTESIAN_POINT('Ctrl Pts',(77.6275070398246,35.2532933789589,-8.90623317924146));
#2419=CARTESIAN_POINT('Ctrl Pts',(77.0551542793451,35.5392410530597,-9.46943313288938));
#2420=CARTESIAN_POINT('Ctrl Pts',(79.0286361920871,34.4929277730276,-8.12721870309325));
#2421=CARTESIAN_POINT('Ctrl Pts',(78.3772888710537,35.0622747035307,-8.37502639335101));
#2422=CARTESIAN_POINT('Ctrl Pts',(77.6947849457498,35.4961005209187,-8.80888218703621));
#2423=CARTESIAN_POINT('Ctrl Pts',(77.1007628435771,35.7998873332716,-9.3860681489449));
#2424=CARTESIAN_POINT('Ctrl Pts',(79.0368171472702,34.6127145528289,-7.89104964886575));
#2425=CARTESIAN_POINT('Ctrl Pts',(78.3489415003064,35.2027044338848,-8.15027932046063));
#2426=CARTESIAN_POINT('Ctrl Pts',(77.6266019724579,35.6528446543175,-8.59751690366252));
#2427=CARTESIAN_POINT('Ctrl Pts',(76.9943749707703,35.9688374933576,-9.19344465869972));
#2428=CARTESIAN_POINT('Ctrl Pts',(79.0095274769893,34.6359495552027,-7.77254110746896));
#2429=CARTESIAN_POINT('Ctrl Pts',(78.3072455679073,35.2338872238026,-8.03754494835351));
#2430=CARTESIAN_POINT('Ctrl Pts',(77.5672747528538,35.6888383870046,-8.4914406184318));
#2431=CARTESIAN_POINT('Ctrl Pts',(76.917786017514,36.0062695873101,-9.09672187499414));
#2432=CARTESIAN_POINT('',(77.0003700485382,35.4225543956355,-9.47172187499729));
#2433=CARTESIAN_POINT('',(76.917786017514,36.0062695873101,-9.09672187499413));
#2434=CARTESIAN_POINT('Origin',(76.6982348922074,35.5570510398561,-9.09672187499413));
#2435=CARTESIAN_POINT('Ctrl Pts',(76.917786017514,36.0062695873101,-9.09672187499414));
#2436=CARTESIAN_POINT('Ctrl Pts',(77.5672747528538,35.6888383870046,-8.4914406184318));
#2437=CARTESIAN_POINT('Ctrl Pts',(78.3072455679073,35.2338872238026,-8.03754494835351));
#2438=CARTESIAN_POINT('Ctrl Pts',(79.0095274769893,34.6359495552027,-7.77254110746896));
#2439=CARTESIAN_POINT('Ctrl Pts',(78.8227427150806,34.1941035909963,-8.24940116650981));
#2440=CARTESIAN_POINT('Ctrl Pts',(78.2146418716045,34.7358504838361,-8.49402009655707));
#2441=CARTESIAN_POINT('Ctrl Pts',(77.5691531171152,35.1424650756478,-8.91300071509089));
#2442=CARTESIAN_POINT('Ctrl Pts',(77.000370048541,35.4225543956343,-9.47172187499458));
#2443=CARTESIAN_POINT('Ctrl Pts',(77.0003700485401,35.4225543956347,-9.47172187499543));
#2444=CARTESIAN_POINT('Ctrl Pts',(76.2562090711325,35.783512720042,-10.2007482125532));
#2445=CARTESIAN_POINT('Ctrl Pts',(75.2782415633692,36.1444964494245,-10.6924665934755));
#2446=CARTESIAN_POINT('Ctrl Pts',(74.2163948831333,36.3489775434774,-10.8793969383457));
#2447=CARTESIAN_POINT('Ctrl Pts',(77.0551542793443,35.5392410530601,-9.46943313289024));
#2448=CARTESIAN_POINT('Ctrl Pts',(76.3085706789796,35.9067985530991,-10.2038267345797));
#2449=CARTESIAN_POINT('Ctrl Pts',(75.3179951448708,36.2758561152117,-10.7014939763728));
#2450=CARTESIAN_POINT('Ctrl Pts',(74.2401283725094,36.4812271507642,-10.885094314814));
#2451=CARTESIAN_POINT('Ctrl Pts',(77.1007627579493,35.7998872816155,-9.38606808739552));
#2452=CARTESIAN_POINT('Ctrl Pts',(76.3576003623613,36.1765114601771,-10.1113935593805));
#2453=CARTESIAN_POINT('Ctrl Pts',(75.3588848660945,36.5540060249411,-10.6060324070524));
#2454=CARTESIAN_POINT('Ctrl Pts',(74.2690186963717,36.7525427815485,-10.7833508999195));
#2455=CARTESIAN_POINT('Ctrl Pts',(76.9943749707688,35.9688374933584,-9.19344465870117));
#2456=CARTESIAN_POINT('Ctrl Pts',(76.2672968603241,36.3319424605053,-9.88092379504528));
#2457=CARTESIAN_POINT('Ctrl Pts',(75.3004260268383,36.6893808369806,-10.3463299201025));
#2458=CARTESIAN_POINT('Ctrl Pts',(74.2437678621175,36.8734170950061,-10.5196269144522));
#2459=CARTESIAN_POINT('Ctrl Pts',(76.9177860175122,36.006269587311,-9.0967218749958));
#2460=CARTESIAN_POINT('Ctrl Pts',(76.2007036312092,36.3567365164762,-9.76499601775709));
#2461=CARTESIAN_POINT('Ctrl Pts',(75.2546272743769,36.6996099689994,-10.2157378669358));
#2462=CARTESIAN_POINT('Ctrl Pts',(74.221297491405,36.8772806496275,-10.3870906830668));
#2463=CARTESIAN_POINT('',(74.2163948831333,36.3489775434774,-10.8793969383457));
#2464=CARTESIAN_POINT('',(74.2212974914051,36.8772806496275,-10.3870906830672));
#2465=CARTESIAN_POINT('Origin',(74.1365707924039,36.3845115490577,-10.3870906830668));
#2466=CARTESIAN_POINT('Ctrl Pts',(74.221297491405,36.8772806496275,-10.3870906830668));
#2467=CARTESIAN_POINT('Ctrl Pts',(75.2546272743769,36.6996099689994,-10.2157378669358));
#2468=CARTESIAN_POINT('Ctrl Pts',(76.2007036312092,36.3567365164762,-9.76499601775709));
#2469=CARTESIAN_POINT('Ctrl Pts',(76.9177860175122,36.006269587311,-9.0967218749958));
#2470=CARTESIAN_POINT('Ctrl Pts',(77.0003700485401,35.4225543956347,-9.47172187499543));
#2471=CARTESIAN_POINT('Ctrl Pts',(76.2562090711325,35.783512720042,-10.2007482125532));
#2472=CARTESIAN_POINT('Ctrl Pts',(75.2782415633692,36.1444964494245,-10.6924665934755));
#2473=CARTESIAN_POINT('Ctrl Pts',(74.2163948831333,36.3489775434774,-10.8793969383457));
#2474=CARTESIAN_POINT('Ctrl Pts',(73.2440329564721,37.0453114738006,-10.471721875));
#2475=CARTESIAN_POINT('Ctrl Pts',(73.5714690035556,36.9890121332549,-10.471721875));
#2476=CARTESIAN_POINT('Ctrl Pts',(73.898899863039,36.932713684665,-10.4433663346901));
#2477=CARTESIAN_POINT('Ctrl Pts',(74.2212974914051,36.8772806496275,-10.3870906830669));
#2478=CARTESIAN_POINT('Ctrl Pts',(73.2440329564721,37.0453114738006,-10.6026215688996));
#2479=CARTESIAN_POINT('Ctrl Pts',(73.5788105314437,36.9877895371043,-10.6038336098694));
#2480=CARTESIAN_POINT('Ctrl Pts',(73.913721258066,36.9301227941841,-10.5760229506194));
#2481=CARTESIAN_POINT('Ctrl Pts',(74.2437678621175,36.8734170950061,-10.5196269144522));
#2482=CARTESIAN_POINT('Ctrl Pts',(73.2256493778558,36.9383928801724,-10.8632343567033));
#2483=CARTESIAN_POINT('Ctrl Pts',(73.5746045646825,36.8762563473385,-10.8667614433224));
#2484=CARTESIAN_POINT('Ctrl Pts',(73.9242251513704,36.8140030601201,-10.8400812652361));
#2485=CARTESIAN_POINT('Ctrl Pts',(74.2690188177315,36.7525431187695,-10.7833512630063));
#2486=CARTESIAN_POINT('Ctrl Pts',(73.1814876553997,36.6815490220863,-10.971721875));
#2487=CARTESIAN_POINT('Ctrl Pts',(73.5359306968985,36.6145133529269,-10.9736498386899));
#2488=CARTESIAN_POINT('Ctrl Pts',(73.8904920760236,36.5474281224132,-10.9445784270157));
#2489=CARTESIAN_POINT('Ctrl Pts',(74.2401283725094,36.4812271507642,-10.885094314814));
#2490=CARTESIAN_POINT('Ctrl Pts',(73.1593062574709,36.5525423732308,-10.971721875));
#2491=CARTESIAN_POINT('Ctrl Pts',(73.5134876573184,36.4843372345021,-10.971721875));
#2492=CARTESIAN_POINT('Ctrl Pts',(73.8676634458366,36.416133176354,-10.9407885582982));
#2493=CARTESIAN_POINT('Ctrl Pts',(74.2163948831333,36.3489775434774,-10.8793969383457));
#2494=CARTESIAN_POINT('',(73.1593062574709,36.5525423732308,-10.971721875));
#2495=CARTESIAN_POINT('',(73.2440329564721,37.0453114738006,-10.471721875));
#2496=CARTESIAN_POINT('Origin',(73.1593062574709,36.5525423732308,-10.471721875));
#2497=CARTESIAN_POINT('Origin',(73.2440329564721,37.0453114738006,-4.971721875));
#2498=CARTESIAN_POINT('Origin',(73.1593062574709,36.5525423732308,-4.971721875));
#2499=CARTESIAN_POINT('Origin',(69.2549491616747,37.2238573726209,-10.471721875));
#2500=CARTESIAN_POINT('',(71.8454288138873,36.7784504071419,-10.971721875));
#2501=CARTESIAN_POINT('',(69.4341989763691,37.1930371657439,-10.971721875));
#2502=CARTESIAN_POINT('Ctrl Pts',(71.8454288135391,36.778450407212,-10.971721875));
#2503=CARTESIAN_POINT('Ctrl Pts',(71.833677896882,36.7807791166887,-10.971721875));
#2504=CARTESIAN_POINT('Ctrl Pts',(71.821926011221,36.7831028864514,-10.9717215982078));
#2505=CARTESIAN_POINT('Ctrl Pts',(71.0326797251677,36.9388222201735,-10.9716862347729));
#2506=CARTESIAN_POINT('Ctrl Pts',(70.2533837258933,37.0701611127906,-10.9716947957443));
#2507=CARTESIAN_POINT('Ctrl Pts',(69.4580056514253,37.1894758552757,-10.9717216662717));
#2508=CARTESIAN_POINT('Ctrl Pts',(69.4461025747368,37.1912581167899,-10.971721875));
#2509=CARTESIAN_POINT('Ctrl Pts',(69.4341990190793,37.1930371594688,-10.971721875));
#2510=CARTESIAN_POINT('',(65.3320998977508,37.8983519146426,-10.971721875));
#2511=CARTESIAN_POINT('',(69.2549491616747,37.2238573726209,-10.971721875));
#2512=CARTESIAN_POINT('',(65.4168265967519,38.3911210152124,-10.471721875));
#2513=CARTESIAN_POINT('Origin',(65.3320998977508,37.8983519146426,-10.471721875));
#2514=CARTESIAN_POINT('',(69.3396758606758,37.7166264731907,-10.471721875));
#2515=CARTESIAN_POINT('',(69.2549491616747,37.2238573726209,-10.971721875));
#2516=CARTESIAN_POINT('Ctrl Pts',(63.2772984924923,38.758991389967,-10.029839629982));
#2517=CARTESIAN_POINT('Ctrl Pts',(63.9513259112441,38.6430991431498,-10.3204182690785));
#2518=CARTESIAN_POINT('Ctrl Pts',(64.6839154660288,38.517137725058,-10.471721875));
#2519=CARTESIAN_POINT('Ctrl Pts',(65.4168265967519,38.3911210152124,-10.471721875));
#2520=CARTESIAN_POINT('Ctrl Pts',(63.2255854265416,38.7678829324118,-10.1533397100351));
#2521=CARTESIAN_POINT('Ctrl Pts',(63.9163603982201,38.6490741595018,-10.4500036313035));
#2522=CARTESIAN_POINT('Ctrl Pts',(64.6666222708749,38.5201483346027,-10.6037576753385));
#2523=CARTESIAN_POINT('Ctrl Pts',(65.4168265967519,38.3911210152124,-10.6026215688996));
#2524=CARTESIAN_POINT('Ctrl Pts',(63.1033092217535,38.6729239500892,-10.3990993608247));
#2525=CARTESIAN_POINT('Ctrl Pts',(63.8275569143376,38.5502966606008,-10.7078929123092));
#2526=CARTESIAN_POINT('Ctrl Pts',(64.613603114636,38.4171482474373,-10.8665441980104));
#2527=CARTESIAN_POINT('Ctrl Pts',(65.3984436497127,38.2842060948256,-10.8632380838459));
#2528=CARTESIAN_POINT('Ctrl Pts',(63.0173712138115,38.4123994377108,-10.4945358411577));
#2529=CARTESIAN_POINT('Ctrl Pts',(63.7544041037526,38.2909947117067,-10.8102619745569));
#2530=CARTESIAN_POINT('Ctrl Pts',(64.5543204068658,38.1591927703407,-10.9735290515035));
#2531=CARTESIAN_POINT('Ctrl Pts',(65.3542812956795,38.0273585634981,-10.971721875));
#2532=CARTESIAN_POINT('Ctrl Pts',(62.9966888931277,38.2799074709546,-10.4896685167986));
#2533=CARTESIAN_POINT('Ctrl Pts',(63.7324263896517,38.1597039054023,-10.8066633958129));
#2534=CARTESIAN_POINT('Ctrl Pts',(64.5320876349093,38.0290565843563,-10.971721875));
#2535=CARTESIAN_POINT('Ctrl Pts',(65.3320998977508,37.8983519146426,-10.971721875));
#2536=CARTESIAN_POINT('',(62.9966888931277,38.2799074709546,-10.4896685167986));
#2537=CARTESIAN_POINT('',(63.2772984924923,38.758991389967,-10.029839629982));
#2538=CARTESIAN_POINT('Origin',(63.1925717934912,38.2662222893972,-10.029839629982));
#2539=CARTESIAN_POINT('Origin',(65.4168265967519,38.3911210152124,-4.971721875));
#2540=CARTESIAN_POINT('Origin',(65.3320998977508,37.8983519146426,-4.971721875));
#2541=CARTESIAN_POINT('Ctrl Pts',(62.9966888931277,38.2799074709546,-10.4896685167986));
#2542=CARTESIAN_POINT('Ctrl Pts',(62.5387233115619,38.3547291241455,-10.2923525653797));
#2543=CARTESIAN_POINT('Ctrl Pts',(62.1009865983148,38.3968039171519,-10.035314775648));
#2544=CARTESIAN_POINT('Ctrl Pts',(61.7014196151166,38.4154435427236,-9.72775374244294));
#2545=CARTESIAN_POINT('Ctrl Pts',(63.0173712138115,38.4123994377108,-10.4945358411577));
#2546=CARTESIAN_POINT('Ctrl Pts',(62.5533577687725,38.4873752824556,-10.2957386018975));
#2547=CARTESIAN_POINT('Ctrl Pts',(62.1109902334131,38.5282141501628,-10.0363054175717));
#2548=CARTESIAN_POINT('Ctrl Pts',(61.7084009886025,38.5448633610096,-9.7261729115838));
#2549=CARTESIAN_POINT('Ctrl Pts',(63.1033089015891,38.6729254088345,-10.3991006852745));
#2550=CARTESIAN_POINT('Ctrl Pts',(62.6357964117719,38.7476803751926,-10.2026941987997));
#2551=CARTESIAN_POINT('Ctrl Pts',(62.1905460797516,38.7855650680558,-9.94536562842092));
#2552=CARTESIAN_POINT('Ctrl Pts',(61.7869255230591,38.7980679830639,-9.63879755950727));
#2553=CARTESIAN_POINT('Ctrl Pts',(63.2255854265416,38.7678829324118,-10.1533397100351));
#2554=CARTESIAN_POINT('Ctrl Pts',(62.7734365533625,38.8432055290385,-9.96723467640916));
#2555=CARTESIAN_POINT('Ctrl Pts',(62.341912654988,38.8828346008557,-9.72440300063361));
#2556=CARTESIAN_POINT('Ctrl Pts',(61.9488248643072,38.8972194202639,-9.43417417106786));
#2557=CARTESIAN_POINT('Ctrl Pts',(63.2772984924923,38.758991389967,-10.029839629982));
#2558=CARTESIAN_POINT('Ctrl Pts',(62.8356630618373,38.834926167854,-9.84896667451467));
#2559=CARTESIAN_POINT('Ctrl Pts',(62.4133556216861,38.8765278883272,-9.61334870059402));
#2560=CARTESIAN_POINT('Ctrl Pts',(62.0277519629107,38.8937037809753,-9.33141775348937));
#2561=CARTESIAN_POINT('',(61.7014196151166,38.4154435427236,-9.72775374244294));
#2562=CARTESIAN_POINT('',(62.0277519629132,38.8937037809752,-9.33141775348593));
#2563=CARTESIAN_POINT('Origin',(62.0055025903886,38.394199060855,-9.33141775348937));
#2564=CARTESIAN_POINT('Ctrl Pts',(62.0277519629107,38.8937037809753,-9.33141775348937));
#2565=CARTESIAN_POINT('Ctrl Pts',(62.4133556216861,38.8765278883272,-9.61334870059402));
#2566=CARTESIAN_POINT('Ctrl Pts',(62.8356630618373,38.834926167854,-9.84896667451467));
#2567=CARTESIAN_POINT('Ctrl Pts',(63.2772984924923,38.758991389967,-10.029839629982));
#2568=CARTESIAN_POINT('Ctrl Pts',(62.9966888931277,38.2799074709546,-10.4896685167986));
#2569=CARTESIAN_POINT('Ctrl Pts',(62.5387233115619,38.3547291241455,-10.2923525653797));
#2570=CARTESIAN_POINT('Ctrl Pts',(62.1009865983148,38.3968039171519,-10.035314775648));
#2571=CARTESIAN_POINT('Ctrl Pts',(61.7014196151166,38.4154435427236,-9.72775374244294));
#2572=CARTESIAN_POINT('Ctrl Pts',(61.743665376287,38.9065114105917,-9.09672187497141));
#2573=CARTESIAN_POINT('Ctrl Pts',(61.8356913234455,38.9023101822761,-9.17811223129755));
#2574=CARTESIAN_POINT('Ctrl Pts',(61.9304570931547,38.8980375734591,-9.2564028505048));
#2575=CARTESIAN_POINT('Ctrl Pts',(62.027751962907,38.8937037809754,-9.33141775348631));
#2576=CARTESIAN_POINT('Ctrl Pts',(61.658066242056,38.910419237869,-9.1939115549127));
#2577=CARTESIAN_POINT('Ctrl Pts',(61.7522583463689,38.9060863328286,-9.27723214638665));
#2578=CARTESIAN_POINT('Ctrl Pts',(61.8492426489133,38.9016822056043,-9.3573728210483));
#2579=CARTESIAN_POINT('Ctrl Pts',(61.9488248643034,38.8972194202641,-9.43417417106475));
#2580=CARTESIAN_POINT('Ctrl Pts',(61.4827649915274,38.8121377115903,-9.3874517427333));
#2581=CARTESIAN_POINT('Ctrl Pts',(61.5812948039506,38.8075189579021,-9.47459970716511));
#2582=CARTESIAN_POINT('Ctrl Pts',(61.6827689594035,38.8028250524314,-9.55845528470206));
#2583=CARTESIAN_POINT('Ctrl Pts',(61.7869249459497,38.7980690493924,-9.63879837107369));
#2584=CARTESIAN_POINT('Ctrl Pts',(61.398222417429,38.5594369110279,-9.47017084395038));
#2585=CARTESIAN_POINT('Ctrl Pts',(61.4987304076893,38.5546588463342,-9.55895930396115));
#2586=CARTESIAN_POINT('Ctrl Pts',(61.6021667304183,38.5497991404873,-9.64432757360307));
#2587=CARTESIAN_POINT('Ctrl Pts',(61.7084009885982,38.5448633610098,-9.72617291158049));
#2588=CARTESIAN_POINT('Ctrl Pts',(61.3909480628752,38.4300808332781,-9.47172187496882));
#2589=CARTESIAN_POINT('Ctrl Pts',(61.4915362929749,38.4252860783877,-9.56051135459734));
#2590=CARTESIAN_POINT('Ctrl Pts',(61.5951046511576,38.4204030894434,-9.64591930282353));
#2591=CARTESIAN_POINT('Ctrl Pts',(61.7014196151122,38.4154435427238,-9.72775374243961));
#2592=CARTESIAN_POINT('',(61.3909480628929,38.4300808332768,-9.47172187498441));
#2593=CARTESIAN_POINT('Ctrl Pts',(61.7014196151122,38.4154435427238,-9.72775374243961));
#2594=CARTESIAN_POINT('Ctrl Pts',(61.5951046511576,38.4204030894434,-9.64591930282353));
#2595=CARTESIAN_POINT('Ctrl Pts',(61.4915362929749,38.4252860783877,-9.56051135459734));
#2596=CARTESIAN_POINT('Ctrl Pts',(61.3909480628752,38.4300808332781,-9.47172187496882));
#2597=CARTESIAN_POINT('',(61.743665376287,38.9065114105917,-9.09672187497141));
#2598=CARTESIAN_POINT('Origin',(61.7208628012989,38.407031638655,-9.09672187497141));
#2599=CARTESIAN_POINT('Ctrl Pts',(61.743665376287,38.9065114105917,-9.09672187497141));
#2600=CARTESIAN_POINT('Ctrl Pts',(61.8356913234455,38.9023101822761,-9.17811223129755));
#2601=CARTESIAN_POINT('Ctrl Pts',(61.9304570931547,38.8980375734591,-9.2564028505048));
#2602=CARTESIAN_POINT('Ctrl Pts',(62.027751962907,38.8937037809754,-9.33141775348631));
#2603=CARTESIAN_POINT('Ctrl Pts',(61.3909480628806,38.4300808332777,-9.47172187497361));
#2604=CARTESIAN_POINT('Ctrl Pts',(60.3076306022725,38.4773554074573,-8.51574310830867));
#2605=CARTESIAN_POINT('Ctrl Pts',(58.8700460722896,38.5501391724033,-7.97172187499987));
#2606=CARTESIAN_POINT('Ctrl Pts',(57.4290113348993,38.6643051012854,-7.971721875));
#2607=CARTESIAN_POINT('Ctrl Pts',(61.3982224174344,38.5594369110276,-9.47017084395518));
#2608=CARTESIAN_POINT('Ctrl Pts',(60.3147207706757,38.6073654569896,-8.51477102746688));
#2609=CARTESIAN_POINT('Ctrl Pts',(58.8779847709697,38.6809909471434,-7.97199898246803));
#2610=CARTESIAN_POINT('Ctrl Pts',(57.4392560253194,38.794803285875,-7.971721875));
#2611=CARTESIAN_POINT('Ctrl Pts',(61.4827648155918,38.8121380109388,-9.38745195756872));
#2612=CARTESIAN_POINT('Ctrl Pts',(60.3799134764573,38.8626453200756,-8.41487435647144));
#2613=CARTESIAN_POINT('Ctrl Pts',(58.9207292910272,38.93961837699,-7.86374769051238));
#2614=CARTESIAN_POINT('Ctrl Pts',(57.4596530380754,39.0546230585116,-7.86324074007141));
#2615=CARTESIAN_POINT('Ctrl Pts',(61.6580662420574,38.9104192378689,-9.19391155491395));
#2616=CARTESIAN_POINT('Ctrl Pts',(60.5101150817302,38.963268504159,-8.17941952001232));
#2617=CARTESIAN_POINT('Ctrl Pts',(58.989950109678,39.0433084477847,-7.60279577633199));
#2618=CARTESIAN_POINT('Ctrl Pts',(57.4681431697989,39.1627714486925,-7.60262156889958));
#2619=CARTESIAN_POINT('Ctrl Pts',(61.743665376287,38.9065114105917,-9.0967218749714));
#2620=CARTESIAN_POINT('Ctrl Pts',(60.5726901724345,38.9599695312109,-8.06107821108459));
#2621=CARTESIAN_POINT('Ctrl Pts',(59.021461967078,39.0408289844964,-7.47172187499985));
#2622=CARTESIAN_POINT('Ctrl Pts',(57.4681431697988,39.1627714486925,-7.471721875));
#2623=CARTESIAN_POINT('',(57.4681431697989,39.1627714486925,-7.471721875));
#2624=CARTESIAN_POINT('Origin',(57.4290113348992,38.6643051012854,-7.471721875));
#2625=CARTESIAN_POINT('Ctrl Pts',(57.4681431697988,39.1627714486925,-7.471721875));
#2626=CARTESIAN_POINT('Ctrl Pts',(59.021461967078,39.0408289844964,-7.47172187499985));
#2627=CARTESIAN_POINT('Ctrl Pts',(60.5726901724345,38.9599695312109,-8.06107821108459));
#2628=CARTESIAN_POINT('Ctrl Pts',(61.743665376287,38.9065114105917,-9.0967218749714));
#2629=CARTESIAN_POINT('Ctrl Pts',(61.3909480628806,38.4300808332777,-9.47172187497361));
#2630=CARTESIAN_POINT('Ctrl Pts',(60.3076306022725,38.4773554074573,-8.51574310830867));
#2631=CARTESIAN_POINT('Ctrl Pts',(58.8700460722896,38.5501391724033,-7.97172187499987));
#2632=CARTESIAN_POINT('Ctrl Pts',(57.4290113348993,38.6643051012854,-7.971721875));
#2633=CARTESIAN_POINT('Ctrl Pts',(57.4290113348942,38.6643051012857,-7.971721875));
#2634=CARTESIAN_POINT('Ctrl Pts',(55.9555465432905,38.7799786693319,-7.971721875));
#2635=CARTESIAN_POINT('Ctrl Pts',(54.4846595358525,38.9294198708237,-7.971721875));
#2636=CARTESIAN_POINT('Ctrl Pts',(53.0187909328389,39.1183857543571,-7.971721875));
#2637=CARTESIAN_POINT('Ctrl Pts',(57.4392560253144,38.7948032858754,-7.971721875));
#2638=CARTESIAN_POINT('Ctrl Pts',(55.9677419499886,38.9103237139799,-7.971721875));
#2639=CARTESIAN_POINT('Ctrl Pts',(54.4990979042512,39.059541466185,-7.971721875));
#2640=CARTESIAN_POINT('Ctrl Pts',(53.0355267957459,39.2482111785073,-7.971721875));
#2641=CARTESIAN_POINT('Ctrl Pts',(57.4596532982623,39.0546263728702,-7.86324406462704));
#2642=CARTESIAN_POINT('Ctrl Pts',(55.9920064453079,39.1698432067438,-7.86324406462704));
#2643=CARTESIAN_POINT('Ctrl Pts',(54.5278644640854,39.3186122293468,-7.86324406462704));
#2644=CARTESIAN_POINT('Ctrl Pts',(53.0688480528782,39.506694793273,-7.86324406462704));
#2645=CARTESIAN_POINT('Ctrl Pts',(57.4681431697939,39.1627714486929,-7.60262156889957));
#2646=CARTESIAN_POINT('Ctrl Pts',(56.0021314957345,39.277859913719,-7.60262156889957));
#2647=CARTESIAN_POINT('Ctrl Pts',(54.5398077673093,39.4264480463984,-7.60262156889957));
#2648=CARTESIAN_POINT('Ctrl Pts',(53.0827172202441,39.614282346177,-7.60262156889957));
#2649=CARTESIAN_POINT('Ctrl Pts',(57.4681431697939,39.1627714486929,-7.471721875));
#2650=CARTESIAN_POINT('Ctrl Pts',(56.0021158514708,39.2778611418636,-7.471721875));
#2651=CARTESIAN_POINT('Ctrl Pts',(54.5398261926488,39.4264456711783,-7.471721875));
#2652=CARTESIAN_POINT('Ctrl Pts',(53.0827172202441,39.614282346177,-7.471721875));
#2653=CARTESIAN_POINT('',(53.0827172202441,39.614282346177,-7.471721875));
#2654=CARTESIAN_POINT('Origin',(53.0187909328389,39.1183857543571,-7.471721875));
#2655=CARTESIAN_POINT('Ctrl Pts',(53.0827172202441,39.614282346177,-7.471721875));
#2656=CARTESIAN_POINT('Ctrl Pts',(54.5398261926488,39.4264456711783,-7.471721875));
#2657=CARTESIAN_POINT('Ctrl Pts',(56.0021158514708,39.2778611418636,-7.471721875));
#2658=CARTESIAN_POINT('Ctrl Pts',(57.4681431697939,39.1627714486929,-7.471721875));
#2659=CARTESIAN_POINT('Ctrl Pts',(49.3338306830117,40.1853532711758,-3.98642775735294));
#2660=CARTESIAN_POINT('Ctrl Pts',(49.4098321840736,40.1719815137972,-5.06678139212586));
#2661=CARTESIAN_POINT('Ctrl Pts',(50.409909865788,39.9917671168282,-6.86866721321978));
#2662=CARTESIAN_POINT('Ctrl Pts',(52.2818439879934,39.7175233308188,-7.471721875));
#2663=CARTESIAN_POINT('Ctrl Pts',(53.0827172202441,39.614282346177,-7.471721875));
#2664=CARTESIAN_POINT('Ctrl Pts',(49.2195248675172,40.2054643164895,-3.99476807285904));
#2665=CARTESIAN_POINT('Ctrl Pts',(49.2976994024629,40.1916052735598,-5.10921128411774));
#2666=CARTESIAN_POINT('Ctrl Pts',(50.3258027560415,40.0045546391566,-6.96844345395244));
#2667=CARTESIAN_POINT('Ctrl Pts',(52.2550145743296,39.720855079862,-7.59872499914911));
#2668=CARTESIAN_POINT('Ctrl Pts',(53.0827172202441,39.614282346177,-7.60262156889958));
#2669=CARTESIAN_POINT('Ctrl Pts',(48.9768476627547,40.1620969488319,-4.01140332251555));
#2670=CARTESIAN_POINT('Ctrl Pts',(49.0593730867049,40.1469032371334,-5.19365822906882));
#2671=CARTESIAN_POINT('Ctrl Pts',(50.1440324405572,39.9425718596877,-7.16762886364566));
#2672=CARTESIAN_POINT('Ctrl Pts',(52.1877925522305,39.6271022244326,-7.85190749106015));
#2673=CARTESIAN_POINT('Ctrl Pts',(53.0688483848834,39.5066973687437,-7.8632466614091));
#2674=CARTESIAN_POINT('Ctrl Pts',(48.8182151547177,39.9728703073304,-4.02027413758537));
#2675=CARTESIAN_POINT('Ctrl Pts',(48.9035265991821,39.9563558929743,-5.23896781112643));
#2676=CARTESIAN_POINT('Ctrl Pts',(50.0250487887905,39.7348443225961,-7.27205307097381));
#2677=CARTESIAN_POINT('Ctrl Pts',(52.1310852619794,39.384267141916,-7.96552369756156));
#2678=CARTESIAN_POINT('Ctrl Pts',(53.0355267957459,39.2482111785073,-7.971721875));
#2679=CARTESIAN_POINT('Ctrl Pts',(48.7785167853789,39.8635003937782,-4.021721875));
#2680=CARTESIAN_POINT('Ctrl Pts',(48.8645565680048,39.8465614117677,-5.24612266107593));
#2681=CARTESIAN_POINT('Ctrl Pts',(49.9969024164931,39.6193150700372,-7.28825992498242));
#2682=CARTESIAN_POINT('Ctrl Pts',(52.1137937010371,39.2583930639726,-7.971721875));
#2683=CARTESIAN_POINT('Ctrl Pts',(53.0187909328389,39.1183857543571,-7.971721875));
#2684=CARTESIAN_POINT('',(49.3351119730008,40.1851278505083,-4.00405130749397));
#2685=CARTESIAN_POINT('Ctrl Pts',(49.3351147195203,40.185127144369,-4.00405109069699));
#2686=CARTESIAN_POINT('Ctrl Pts',(49.4160570031151,40.1708604082341,-5.07797018046638));
#2687=CARTESIAN_POINT('Ctrl Pts',(50.4157277570799,39.9909147788556,-6.87054148134904));
#2688=CARTESIAN_POINT('Ctrl Pts',(52.2818439879934,39.7175233308188,-7.471721875));
#2689=CARTESIAN_POINT('Ctrl Pts',(53.0827172202441,39.614282346177,-7.471721875));
#2690=CARTESIAN_POINT('',(48.7785167853789,39.8635003937782,-4.021721875));
#2691=CARTESIAN_POINT('Ctrl Pts',(53.0187909328389,39.1183857543571,-7.971721875));
#2692=CARTESIAN_POINT('Ctrl Pts',(52.1137937010371,39.2583930639726,-7.971721875));
#2693=CARTESIAN_POINT('Ctrl Pts',(49.9969024164931,39.6193150700372,-7.28825992498242));
#2694=CARTESIAN_POINT('Ctrl Pts',(48.8645565680048,39.8465614117677,-5.24612266107593));
#2695=CARTESIAN_POINT('Ctrl Pts',(48.7785167853789,39.8635003937782,-4.021721875));
#2696=CARTESIAN_POINT('',(48.7785921707199,39.8637075133003,-4.021721875));
#2697=CARTESIAN_POINT('',(47.2747862315459,35.732034652178,-4.021721875));
#2698=CARTESIAN_POINT('Ctrl Pts',(48.7785921725634,39.8637075122269,-4.02172118666679));
#2699=CARTESIAN_POINT('Ctrl Pts',(48.7875028629413,39.8881879825519,-4.02155846446296));
#2700=CARTESIAN_POINT('Ctrl Pts',(48.7983657026197,39.9118352727967,-4.02131825863119));
#2701=CARTESIAN_POINT('Ctrl Pts',(48.8109801967501,39.9344908441265,-4.02101047239668));
#2702=CARTESIAN_POINT('Ctrl Pts',(48.8238567629437,39.9576170956328,-4.02069629175802));
#2703=CARTESIAN_POINT('Ctrl Pts',(48.8385592674747,39.9797111107899,-4.02031164984714));
#2704=CARTESIAN_POINT('Ctrl Pts',(48.8549223223536,40.0005812199091,-4.01986227679353));
#2705=CARTESIAN_POINT('Ctrl Pts',(48.8625693688033,40.0103345755646,-4.01965226853775));
#2706=CARTESIAN_POINT('Ctrl Pts',(48.870579686775,40.0198201973842,-4.01942805943208));
#2707=CARTESIAN_POINT('Ctrl Pts',(48.8789391565281,40.0290157640095,-4.01918992608592));
#2708=CARTESIAN_POINT('Ctrl Pts',(48.896799626428,40.0486626011624,-4.01868114100901));
#2709=CARTESIAN_POINT('Ctrl Pts',(48.9161134200609,40.0668357646652,-4.01811322130934));
#2710=CARTESIAN_POINT('Ctrl Pts',(48.9367016651691,40.0833577371437,-4.01749077467004));
#2711=CARTESIAN_POINT('Ctrl Pts',(48.9561357858882,40.0989535300818,-4.01690322079812));
#2712=CARTESIAN_POINT('Ctrl Pts',(48.9767065159258,40.1130786188217,-4.01626700570194));
#2713=CARTESIAN_POINT('Ctrl Pts',(48.9982917876978,40.1255520350083,-4.01558310727659));
#2714=CARTESIAN_POINT('Ctrl Pts',(49.0099078403038,40.1322645684492,-4.0152150692843));
#2715=CARTESIAN_POINT('Ctrl Pts',(49.0218181376096,40.1384981307206,-4.01483317406186));
#2716=CARTESIAN_POINT('Ctrl Pts',(49.0339911976178,40.1442450374183,-4.01443869374086));
#2717=CARTESIAN_POINT('Ctrl Pts',(49.0579330317524,40.1555479872806,-4.01366283439175));
#2718=CARTESIAN_POINT('Ctrl Pts',(49.0827251458266,40.164893799601,-4.01284401677346));
#2719=CARTESIAN_POINT('Ctrl Pts',(49.1081077065233,40.1722669005197,-4.01199221838052));
#2720=CARTESIAN_POINT('Ctrl Pts',(49.1315565002618,40.1790782827408,-4.01120531413309));
#2721=CARTESIAN_POINT('Ctrl Pts',(49.1555104091551,40.1842057656471,-4.01039016733219));
#2722=CARTESIAN_POINT('Ctrl Pts',(49.1797760060156,40.1875992859544,-4.00955368622732));
#2723=CARTESIAN_POINT('Ctrl Pts',(49.2059578004772,40.1912607846474,-4.00865115016013));
#2724=CARTESIAN_POINT('Ctrl Pts',(49.2323446793293,40.1928821601376,-4.00772937391228));
#2725=CARTESIAN_POINT('Ctrl Pts',(49.2586902435586,40.1924248380229,-4.00679587047833));
#2726=CARTESIAN_POINT('Ctrl Pts',(49.2832018156222,40.1919993514448,-4.00592735096235));
#2727=CARTESIAN_POINT('Ctrl Pts',(49.3076786740748,40.1897741983569,-4.00504860300346));
#2728=CARTESIAN_POINT('Ctrl Pts',(49.3319216741697,40.1856777742963,-4.00416612586663));
#2729=CARTESIAN_POINT('Ctrl Pts',(49.3329865823773,40.185497833052,-4.00412736180516));
#2730=CARTESIAN_POINT('Ctrl Pts',(49.3340509046702,40.185314297078,-4.0040885948506));
#2731=CARTESIAN_POINT('Ctrl Pts',(49.3351146241631,40.1851271611765,-4.00404982552153));
#2732=CARTESIAN_POINT('Ctrl Pts',(84.0583722314862,25.6804185264493,-0.271721874999998));
#2733=CARTESIAN_POINT('Ctrl Pts',(84.0583722314862,25.6804185264493,-2.671721875));
#2734=CARTESIAN_POINT('Ctrl Pts',(84.0583722314862,25.6804185264493,-5.071721875));
#2735=CARTESIAN_POINT('Ctrl Pts',(84.0583722314862,25.6804185264493,-7.471721875));
#2736=CARTESIAN_POINT('Ctrl Pts',(84.0759418230856,25.7565207885762,-0.271721874999998));
#2737=CARTESIAN_POINT('Ctrl Pts',(84.0759418230856,25.7565207885762,-2.671721875));
#2738=CARTESIAN_POINT('Ctrl Pts',(84.0759418230856,25.7565207885762,-5.071721875));
#2739=CARTESIAN_POINT('Ctrl Pts',(84.0759418230856,25.7565207885762,-7.471721875));
#2740=CARTESIAN_POINT('Ctrl Pts',(84.0753465382343,25.8367529821312,-0.271721874999998));
#2741=CARTESIAN_POINT('Ctrl Pts',(84.0753465382343,25.8367529821312,-2.67172187499999));
#2742=CARTESIAN_POINT('Ctrl Pts',(84.0753465382343,25.8367529821312,-5.071721875));
#2743=CARTESIAN_POINT('Ctrl Pts',(84.0753465382343,25.8367529821312,-7.471721875));
#2744=CARTESIAN_POINT('Ctrl Pts',(84.0566496576465,25.9125861642224,-0.271721874999998));
#2745=CARTESIAN_POINT('Ctrl Pts',(84.0566496576465,25.9125861642224,-2.671721875));
#2746=CARTESIAN_POINT('Ctrl Pts',(84.0566496576465,25.9125861642224,-5.071721875));
#2747=CARTESIAN_POINT('Ctrl Pts',(84.0566496576465,25.9125861642224,-7.471721875));
#2748=CARTESIAN_POINT('Ctrl Pts',(84.0566496576465,25.9125861642224,-7.471721875));
#2749=CARTESIAN_POINT('Ctrl Pts',(84.0566496576465,25.9125861642224,-5.071721875));
#2750=CARTESIAN_POINT('Ctrl Pts',(84.0566496576465,25.9125861642224,-2.671721875));
#2751=CARTESIAN_POINT('Ctrl Pts',(84.0566496576465,25.9125861642224,-0.271721874999998));
#2752=CARTESIAN_POINT('Ctrl Pts',(53.0934292945088,39.6129021541666,-0.271721874999999));
#2753=CARTESIAN_POINT('Ctrl Pts',(52.2552184145966,39.7208457055274,-0.271721874999997));
#2754=CARTESIAN_POINT('Ctrl Pts',(50.2949245518985,40.0100559245667,-0.934755891494259));
#2755=CARTESIAN_POINT('Ctrl Pts',(49.3350705841157,40.1851351318373,-2.88807007207337));
#2756=CARTESIAN_POINT('Ctrl Pts',(49.3350705841157,40.1851351318373,-4.021721875));
#2757=CARTESIAN_POINT('Ctrl Pts',(53.0934292945088,39.6129021541666,-0.140822181100423));
#2758=CARTESIAN_POINT('Ctrl Pts',(52.2271398490533,39.7243287948544,-0.144902581454326));
#2759=CARTESIAN_POINT('Ctrl Pts',(50.2071406836182,40.023536081778,-0.837327170777883));
#2760=CARTESIAN_POINT('Ctrl Pts',(49.220507128787,40.2052897082637,-2.85232029351121));
#2761=CARTESIAN_POINT('Ctrl Pts',(49.220507128787,40.2052897082637,-4.021721875));
#2762=CARTESIAN_POINT('Ctrl Pts',(53.07957505919,39.505320268721,0.119807843759976));
#2763=CARTESIAN_POINT('Ctrl Pts',(52.1574480412705,39.6312198906035,0.107933719166335));
#2764=CARTESIAN_POINT('Ctrl Pts',(50.0180273306561,39.9636919288704,-0.642798989792398));
#2765=CARTESIAN_POINT('Ctrl Pts',(48.9773242288542,40.1620697676142,-2.78120482429618));
#2766=CARTESIAN_POINT('Ctrl Pts',(48.9773242288542,40.1620697676142,-4.021721875));
#2767=CARTESIAN_POINT('Ctrl Pts',(53.0462864048758,39.2468248618901,0.228278125000005));
#2768=CARTESIAN_POINT('Ctrl Pts',(52.0996843660644,39.3891087205089,0.221787532752713));
#2769=CARTESIAN_POINT('Ctrl Pts',(49.894635442007,39.7582507999299,-0.539795322637207));
#2770=CARTESIAN_POINT('Ctrl Pts',(48.8183769091662,39.9730151838205,-2.74294116215451));
#2771=CARTESIAN_POINT('Ctrl Pts',(48.8183769091662,39.9730151838205,-4.021721875));
#2772=CARTESIAN_POINT('Ctrl Pts',(53.029567399986,39.1169972656769,0.228278125000005));
#2773=CARTESIAN_POINT('Ctrl Pts',(52.0823836768886,39.2634187108899,0.228278125000006));
#2774=CARTESIAN_POINT('Ctrl Pts',(49.8654805167516,39.6434429584768,-0.523160427026816));
#2775=CARTESIAN_POINT('Ctrl Pts',(48.7785921707199,39.8637075133003,-2.73691649834984));
#2776=CARTESIAN_POINT('Ctrl Pts',(48.7785921707199,39.8637075133003,-4.021721875));
#2777=CARTESIAN_POINT('Ctrl Pts',(48.7785921707199,39.8637075133003,-4.021721875));
#2778=CARTESIAN_POINT('Ctrl Pts',(48.7785921707199,39.8637075133003,-2.73691649834984));
#2779=CARTESIAN_POINT('Ctrl Pts',(49.3996712255952,39.7378420534012,-1.4719130290224));
#2780=CARTESIAN_POINT('Ctrl Pts',(50.389734709566,39.5598101632119,-0.684400994567184));
#2781=CARTESIAN_POINT('Ctrl Pts',(51.1322823225442,39.42628624557,-0.0937669687257785));
#2782=CARTESIAN_POINT('Ctrl Pts',(52.0823836768886,39.26341871089,0.228278125000002));
#2783=CARTESIAN_POINT('Ctrl Pts',(53.029567399986,39.1169972656769,0.228278125000005));
#2784=CARTESIAN_POINT('',(53.0934292945088,39.6129021541666,-0.271721874999999));
#2785=CARTESIAN_POINT('Origin',(53.029567399986,39.1169972656769,-0.271721874999999));
#2786=CARTESIAN_POINT('Ctrl Pts',(53.0934292945088,39.6129021541666,-0.271721874999999));
#2787=CARTESIAN_POINT('Ctrl Pts',(52.2552184145966,39.7208457055274,-0.271721874999997));
#2788=CARTESIAN_POINT('Ctrl Pts',(50.3007451618883,40.0091971860264,-0.932787175225039));
#2789=CARTESIAN_POINT('Ctrl Pts',(49.3407795045337,40.1840944164039,-2.87648167670301));
#2790=CARTESIAN_POINT('Ctrl Pts',(49.3351149812352,40.1851270368487,-4.00405132237021));
#2791=CARTESIAN_POINT('Ctrl Pts',(53.0295673999861,39.1169972656769,0.228278125000001));
#2792=CARTESIAN_POINT('Ctrl Pts',(54.7591743006309,38.8942610595646,0.228278125000001));
#2793=CARTESIAN_POINT('Ctrl Pts',(58.2073300673566,38.5657396714066,0.228278125000001));
#2794=CARTESIAN_POINT('Ctrl Pts',(63.3623994182731,38.3205708298627,0.228278125000001));
#2795=CARTESIAN_POINT('Ctrl Pts',(68.5802140456145,38.1504105247709,0.228278125000001));
#2796=CARTESIAN_POINT('Ctrl Pts',(73.7710243735061,37.3155999433891,0.228278125000001));
#2797=CARTESIAN_POINT('Ctrl Pts',(78.4857957497507,34.8436600921905,0.228278125000001));
#2798=CARTESIAN_POINT('Ctrl Pts',(81.9852160474217,30.8253250814711,0.228278125000001));
#2799=CARTESIAN_POINT('Ctrl Pts',(83.1537617302204,27.4859412676877,0.228278125000001));
#2800=CARTESIAN_POINT('Ctrl Pts',(83.5711871990958,25.7928940536307,0.228278125000001));
#2801=CARTESIAN_POINT('Ctrl Pts',(53.0462864048758,39.2468248618901,0.228278125000001));
#2802=CARTESIAN_POINT('Ctrl Pts',(54.7731828131472,39.0244377089573,0.228278125000001));
#2803=CARTESIAN_POINT('Ctrl Pts',(58.2158940945996,38.6964800836168,0.228278125000001));
#2804=CARTESIAN_POINT('Ctrl Pts',(63.3667179618078,38.451234378044,0.228278125000001));
#2805=CARTESIAN_POINT('Ctrl Pts',(68.5875715615047,38.2814986136891,0.228278125000001));
#2806=CARTESIAN_POINT('Ctrl Pts',(73.8106883476748,37.4425945933276,0.228278125000001));
#2807=CARTESIAN_POINT('Ctrl Pts',(78.5684554859192,34.949577612483,0.228278125000001));
#2808=CARTESIAN_POINT('Ctrl Pts',(82.1015789483062,30.8916584134907,0.228278125000001));
#2809=CARTESIAN_POINT('Ctrl Pts',(83.2788866572988,27.5252620900967,0.228278125000001));
#2810=CARTESIAN_POINT('Ctrl Pts',(83.6982809735438,25.824229374908,0.228278125000001));
#2811=CARTESIAN_POINT('Ctrl Pts',(53.0795733676427,39.505307133399,0.119794599968301));
#2812=CARTESIAN_POINT('Ctrl Pts',(54.8010963257296,39.2836119653948,0.119794599968301));
#2813=CARTESIAN_POINT('Ctrl Pts',(58.232973924697,38.9567711022776,0.119794599968301));
#2814=CARTESIAN_POINT('Ctrl Pts',(63.3754438696856,38.7113424469381,0.119794599968301));
#2815=CARTESIAN_POINT('Ctrl Pts',(68.6023505142088,38.5424390282259,0.119794599968301));
#2816=CARTESIAN_POINT('Ctrl Pts',(73.8897415128899,37.6953091116922,0.119794599968301));
#2817=CARTESIAN_POINT('Ctrl Pts',(78.7330157024954,35.1603413075603,0.119794599968301));
#2818=CARTESIAN_POINT('Ctrl Pts',(82.3330649163593,31.0238055154407,0.119794599968301));
#2819=CARTESIAN_POINT('Ctrl Pts',(83.5280228172678,27.6034805938533,0.119794599968301));
#2820=CARTESIAN_POINT('Ctrl Pts',(83.9513203000982,25.8866169200715,0.119794599968301));
#2821=CARTESIAN_POINT('Ctrl Pts',(53.0934292945088,39.6129021541666,-0.140822181100424));
#2822=CARTESIAN_POINT('Ctrl Pts',(54.8126801949038,39.3914995783753,-0.140822181100424));
#2823=CARTESIAN_POINT('Ctrl Pts',(58.2400388498857,39.0651322654069,-0.140822181100424));
#2824=CARTESIAN_POINT('Ctrl Pts',(63.3788801627533,38.8196733063335,-0.140822181100424));
#2825=CARTESIAN_POINT('Ctrl Pts',(68.6083025120316,38.6511361286588,-0.140822181100424));
#2826=CARTESIAN_POINT('Ctrl Pts',(73.922519870714,37.800698606508,-0.140822181100424));
#2827=CARTESIAN_POINT('Ctrl Pts',(78.8015341355247,35.2482485357634,-0.140822181100424));
#2828=CARTESIAN_POINT('Ctrl Pts',(82.4297115314531,31.0786904682305,-0.140822181100424));
#2829=CARTESIAN_POINT('Ctrl Pts',(83.6317017976174,27.6361436473826,-0.140822181100424));
#2830=CARTESIAN_POINT('Ctrl Pts',(84.0566496576465,25.9125861642224,-0.140822181100424));
#2831=CARTESIAN_POINT('Ctrl Pts',(53.0934292945088,39.6129021541666,-0.271721874999999));
#2832=CARTESIAN_POINT('Ctrl Pts',(54.8127019323844,39.3914967790548,-0.271721874999999));
#2833=CARTESIAN_POINT('Ctrl Pts',(58.2400663409533,39.0651241180784,-0.271721874999999));
#2834=CARTESIAN_POINT('Ctrl Pts',(63.3790007369045,38.8196369423918,-0.271721874999999));
#2835=CARTESIAN_POINT('Ctrl Pts',(68.6084254965617,38.6510875972392,-0.271721874999999));
#2836=CARTESIAN_POINT('Ctrl Pts',(73.9225986828339,37.8005783924363,-0.271721874999999));
#2837=CARTESIAN_POINT('Ctrl Pts',(78.8015223734549,35.248140598007,-0.271721874999999));
#2838=CARTESIAN_POINT('Ctrl Pts',(82.4295336844714,31.0787656622822,-0.271721874999999));
#2839=CARTESIAN_POINT('Ctrl Pts',(83.631717587288,27.6360796056321,-0.271721874999999));
#2840=CARTESIAN_POINT('Ctrl Pts',(84.0566496576465,25.9125861642224,-0.271721874999999));
#2841=CARTESIAN_POINT('Ctrl Pts',(84.0566496576465,25.9125861642224,-0.271721874999999));
#2842=CARTESIAN_POINT('Ctrl Pts',(83.631717587288,27.6360796056321,-0.271721874999999));
#2843=CARTESIAN_POINT('Ctrl Pts',(82.4295336844714,31.0787656622822,-0.271721874999999));
#2844=CARTESIAN_POINT('Ctrl Pts',(78.8015223734549,35.248140598007,-0.271721874999999));
#2845=CARTESIAN_POINT('Ctrl Pts',(73.9225986828339,37.8005783924363,-0.271721874999999));
#2846=CARTESIAN_POINT('Ctrl Pts',(68.6084254965617,38.6510875972392,-0.271721874999999));
#2847=CARTESIAN_POINT('Ctrl Pts',(63.3790007369045,38.8196369423918,-0.271721874999999));
#2848=CARTESIAN_POINT('Ctrl Pts',(58.2400663409533,39.0651241180784,-0.271721874999999));
#2849=CARTESIAN_POINT('Ctrl Pts',(54.8127019323844,39.3914967790548,-0.271721874999999));
#2850=CARTESIAN_POINT('Ctrl Pts',(53.0934292945088,39.6129021541666,-0.271721874999999));
#2851=CARTESIAN_POINT('Ctrl Pts',(45.0872331122945,40.9535667501198,4.49904393949601));
#2852=CARTESIAN_POINT('Ctrl Pts',(45.0872331122945,40.9535667501198,-24.0424876894961));
#2853=CARTESIAN_POINT('Ctrl Pts',(45.8542662467249,40.8146159875522,4.49904393949601));
#2854=CARTESIAN_POINT('Ctrl Pts',(45.8542662467249,40.8146159875522,-24.0424876894961));
#2855=CARTESIAN_POINT('Ctrl Pts',(46.6212993811553,40.6756652249846,4.49904393949601));
#2856=CARTESIAN_POINT('Ctrl Pts',(46.6212993811553,40.6756652249846,-24.0424876894961));
#2857=CARTESIAN_POINT('Ctrl Pts',(47.3883325155856,40.5367144624171,4.49904393949601));
#2858=CARTESIAN_POINT('Ctrl Pts',(47.3883325155856,40.5367144624171,-24.0424876894961));
#2859=CARTESIAN_POINT('Ctrl Pts',(48.155365650016,40.3977636998495,4.49904393949601));
#2860=CARTESIAN_POINT('Ctrl Pts',(48.155365650016,40.3977636998495,-24.0424876894961));
#2861=CARTESIAN_POINT('Ctrl Pts',(48.9223987844463,40.2588129372819,4.49904393949601));
#2862=CARTESIAN_POINT('Ctrl Pts',(48.9223987844463,40.2588129372819,-24.0424876894961));
#2863=CARTESIAN_POINT('Ctrl Pts',(49.6209417294703,40.1322694145313,4.49904393949601));
#2864=CARTESIAN_POINT('Ctrl Pts',(49.6209417294703,40.1322694145313,-24.0424876894961));
#2865=CARTESIAN_POINT('Ctrl Pts',(51.0196625494035,39.8943565384509,4.49904393949601));
#2866=CARTESIAN_POINT('Ctrl Pts',(51.0196625494035,39.8943565384509,-24.0424876894961));
#2867=CARTESIAN_POINT('Ctrl Pts',(53.1226365802403,39.5829660957103,4.49904393949601));
#2868=CARTESIAN_POINT('Ctrl Pts',(53.1226365802403,39.5829660957103,-24.0424876894961));
#2869=CARTESIAN_POINT('Ctrl Pts',(55.9365632353137,39.2597774745855,4.49904393949601));
#2870=CARTESIAN_POINT('Ctrl Pts',(55.9365632353137,39.2597774745855,-24.0424876894961));
#2871=CARTESIAN_POINT('Ctrl Pts',(59.4638453639093,38.9983462971134,4.49904393949601));
#2872=CARTESIAN_POINT('Ctrl Pts',(59.4638453639093,38.9983462971134,-24.0424876894961));
#2873=CARTESIAN_POINT('Ctrl Pts',(62.9818499367778,38.8468832921818,4.49904393949601));
#2874=CARTESIAN_POINT('Ctrl Pts',(62.9818499367778,38.8468832921818,-24.0424876894961));
#2875=CARTESIAN_POINT('Ctrl Pts',(66.4478575057496,38.7214414017444,4.49904393949601));
#2876=CARTESIAN_POINT('Ctrl Pts',(66.4478575057496,38.7214414017444,-24.0424876894961));
#2877=CARTESIAN_POINT('Ctrl Pts',(69.7963941598636,38.5008951150902,4.49904393949601));
#2878=CARTESIAN_POINT('Ctrl Pts',(69.7963941598636,38.5008951150902,-24.0424876894961));
#2879=CARTESIAN_POINT('Ctrl Pts',(72.9095785779791,37.9308994717996,4.49904393949601));
#2880=CARTESIAN_POINT('Ctrl Pts',(72.9095785779791,37.9308994717996,-24.0424876894961));
#2881=CARTESIAN_POINT('Ctrl Pts',(75.6934124507177,36.9177598675201,4.49904393949601));
#2882=CARTESIAN_POINT('Ctrl Pts',(75.6934124507177,36.9177598675201,-24.0424876894961));
#2883=CARTESIAN_POINT('Ctrl Pts',(78.0904248200812,35.5075431559119,4.49904393949601));
#2884=CARTESIAN_POINT('Ctrl Pts',(78.0904248200812,35.5075431559119,-24.0424876894961));
#2885=CARTESIAN_POINT('Ctrl Pts',(80.0730479984934,33.7936686674746,4.49904393949601));
#2886=CARTESIAN_POINT('Ctrl Pts',(80.0730479984934,33.7936686674746,-24.0424876894961));
#2887=CARTESIAN_POINT('Ctrl Pts',(81.6462222810652,31.8662928965304,4.49904393949601));
#2888=CARTESIAN_POINT('Ctrl Pts',(81.6462222810652,31.8662928965304,-24.0424876894961));
#2889=CARTESIAN_POINT('Ctrl Pts',(82.8521412269477,29.729324033597,4.49904393949601));
#2890=CARTESIAN_POINT('Ctrl Pts',(82.8521412269477,29.729324033597,-24.0424876894961));
#2891=CARTESIAN_POINT('Ctrl Pts',(83.7591408692925,27.304984715283,4.49904393949601));
#2892=CARTESIAN_POINT('Ctrl Pts',(83.7591408692925,27.304984715283,-24.0424876894961));
#2893=CARTESIAN_POINT('Ctrl Pts',(84.3033040712073,25.0494671302195,4.49904393949601));
#2894=CARTESIAN_POINT('Ctrl Pts',(84.3033040712073,25.0494671302195,-24.0424876894961));
#2895=CARTESIAN_POINT('Ctrl Pts',(84.6356319625247,23.1349445526438,4.49904393949601));
#2896=CARTESIAN_POINT('Ctrl Pts',(84.6356319625247,23.1349445526438,-24.0424876894961));
#2897=CARTESIAN_POINT('Ctrl Pts',(84.8269081490539,21.7531364605958,4.49904393949601));
#2898=CARTESIAN_POINT('Ctrl Pts',(84.8269081490539,21.7531364605958,-24.0424876894961));
#2899=CARTESIAN_POINT('Ctrl Pts',(84.9149780439595,21.0358647266091,4.49904393949601));
#2900=CARTESIAN_POINT('Ctrl Pts',(84.9149780439595,21.0358647266091,-24.0424876894961));
#2901=CARTESIAN_POINT('Ctrl Pts',(85.1414049329236,19.1917657022772,4.49904393949601));
#2902=CARTESIAN_POINT('Ctrl Pts',(85.1414049329236,19.1917657022772,-24.0424876894961));
#2903=CARTESIAN_POINT('Ctrl Pts',(85.3678318218876,17.3476666779452,4.49904393949601));
#2904=CARTESIAN_POINT('Ctrl Pts',(85.3678318218876,17.3476666779452,-24.0424876894961));
#2905=CARTESIAN_POINT('Ctrl Pts',(85.5942587108517,15.5035676536133,4.49904393949601));
#2906=CARTESIAN_POINT('Ctrl Pts',(85.5942587108517,15.5035676536133,-24.0424876894961));
#2907=CARTESIAN_POINT('Ctrl Pts',(85.8206855998158,13.6594686292814,4.49904393949601));
#2908=CARTESIAN_POINT('Ctrl Pts',(85.8206855998158,13.6594686292814,-24.0424876894961));
#2909=CARTESIAN_POINT('Ctrl Pts',(86.0471124887798,11.8153696049494,4.49904393949601));
#2910=CARTESIAN_POINT('Ctrl Pts',(86.0471124887798,11.8153696049494,-24.0424876894961));
#2911=CARTESIAN_POINT('',(79.0095274769898,34.6359495552023,-6.24146355610924));
#2912=CARTESIAN_POINT('Ctrl Pts',(79.0095274769899,34.6359495552024,-6.24146355610923));
#2913=CARTESIAN_POINT('Ctrl Pts',(79.0095274769898,34.6359495552024,-6.75182273989578));
#2914=CARTESIAN_POINT('Ctrl Pts',(79.0095274769897,34.6359495552024,-7.26218192368233));
#2915=CARTESIAN_POINT('Ctrl Pts',(79.0095274769896,34.6359495552025,-7.77254110746888));
#2916=CARTESIAN_POINT('',(76.1561940678234,36.544594611402,-4.00580729683024));
#2917=CARTESIAN_POINT('Ctrl Pts',(76.1561940678234,36.544594611402,-4.00580729683025));
#2918=CARTESIAN_POINT('Ctrl Pts',(77.2747565110988,35.9680375800955,-4.64698123627934));
#2919=CARTESIAN_POINT('Ctrl Pts',(78.2030342276767,35.32078526819,-5.39868151961146));
#2920=CARTESIAN_POINT('Ctrl Pts',(78.9982805892487,34.645515010699,-6.22968645990952));
#2921=CARTESIAN_POINT('Ctrl Pts',(79.0020353794102,34.6423266929125,-6.23361008575026));
#2922=CARTESIAN_POINT('Ctrl Pts',(79.0057818487933,34.6391386622578,-6.23753594931197));
#2923=CARTESIAN_POINT('Ctrl Pts',(79.0095274769898,34.6359495552023,-6.24146355610916));
#2924=CARTESIAN_POINT('',(73.9109049778841,37.4929260174552,-2.98963268510364));
#2925=CARTESIAN_POINT('Ctrl Pts',(76.1561940678234,36.544594611402,-4.00580729683025));
#2926=CARTESIAN_POINT('Ctrl Pts',(75.4896262900816,36.8881734088217,-3.6237223354283));
#2927=CARTESIAN_POINT('Ctrl Pts',(74.7495840588194,37.2093418101802,-3.27786607764222));
#2928=CARTESIAN_POINT('Ctrl Pts',(73.910904977884,37.4929260174553,-2.98963268510358));
#2929=CARTESIAN_POINT('',(63.9195425443039,38.8132851939082,-3.23226489176759));
#2930=CARTESIAN_POINT('Ctrl Pts',(73.9109049778841,37.4929260174552,-2.98963268510364));
#2931=CARTESIAN_POINT('Ctrl Pts',(73.681307172717,37.5705603749234,-2.91071494851796));
#2932=CARTESIAN_POINT('Ctrl Pts',(73.4489861539837,37.6437469838178,-2.83782112785917));
#2933=CARTESIAN_POINT('Ctrl Pts',(73.2140220176337,37.7125854483037,-2.7710224448064));
#2934=CARTESIAN_POINT('Ctrl Pts',(72.9849354982756,37.7797019217877,-2.70589472771737));
#2935=CARTESIAN_POINT('Ctrl Pts',(72.7533363093725,37.8426847129784,-2.64656102308395));
#2936=CARTESIAN_POINT('Ctrl Pts',(72.5192975883197,37.9016745964542,-2.59308734034987));
#2937=CARTESIAN_POINT('Ctrl Pts',(72.2874614378526,37.9601093180252,-2.540116905797));
#2938=CARTESIAN_POINT('Ctrl Pts',(72.0532314486524,38.0146259226903,-2.49289671321894));
#2939=CARTESIAN_POINT('Ctrl Pts',(71.8166786808947,38.0654123593031,-2.45149092587183));
#2940=CARTESIAN_POINT('Ctrl Pts',(71.6549530518113,38.1001338655782,-2.42318275146371));
#2941=CARTESIAN_POINT('Ctrl Pts',(71.4921417206443,38.133112885597,-2.39759231092642));
#2942=CARTESIAN_POINT('Ctrl Pts',(71.3282674245777,38.1644235278359,-2.37474010827164));
#2943=CARTESIAN_POINT('Ctrl Pts',(71.0824994403903,38.2113811875261,-2.34046786475627));
#2944=CARTESIAN_POINT('Ctrl Pts',(70.8354417791208,38.2543739022834,-2.31254057865201));
#2945=CARTESIAN_POINT('Ctrl Pts',(70.5872940936826,38.2937864610384,-2.2909592546734));
#2946=CARTESIAN_POINT('Ctrl Pts',(70.3357474646299,38.3337388638974,-2.26908232566749));
#2947=CARTESIAN_POINT('Ctrl Pts',(70.0830808189258,38.370012445051,-2.25372639398374));
#2948=CARTESIAN_POINT('Ctrl Pts',(69.8294938438381,38.4030606220911,-2.24489250619031));
#2949=CARTESIAN_POINT('Ctrl Pts',(69.8000287862828,38.4069005923351,-2.24386606935466));
#2950=CARTESIAN_POINT('Ctrl Pts',(69.7705512937739,38.4106970738475,-2.24292768557192));
#2951=CARTESIAN_POINT('Ctrl Pts',(69.7410616718154,38.4144508225295,-2.24207735648385));
#2952=CARTESIAN_POINT('Ctrl Pts',(69.4465846656619,38.4519349474624,-2.23358615356329));
#2953=CARTESIAN_POINT('Ctrl Pts',(69.1514749383631,38.4850797887972,-2.23390359660043));
#2954=CARTESIAN_POINT('Ctrl Pts',(68.8562590183884,38.5146994839388,-2.24297838222573));
#2955=CARTESIAN_POINT('Ctrl Pts',(68.6908063286137,38.5312997344669,-2.24806431285902));
#2956=CARTESIAN_POINT('Ctrl Pts',(68.5253199674059,38.5467939158033,-2.25590092593833));
#2957=CARTESIAN_POINT('Ctrl Pts',(68.3598887578237,38.5613280184709,-2.26647919020951));
#2958=CARTESIAN_POINT('Ctrl Pts',(68.0804089000876,38.5858819642235,-2.28435013367338));
#2959=CARTESIAN_POINT('Ctrl Pts',(67.8011779210919,38.6076911921733,-2.31004524865108));
#2960=CARTESIAN_POINT('Ctrl Pts',(67.5227141491372,38.6274298808822,-2.34349023850501));
#2961=CARTESIAN_POINT('Ctrl Pts',(67.2898311265588,38.6439376134896,-2.37146073632817));
#2962=CARTESIAN_POINT('Ctrl Pts',(67.0574844186341,38.6589976099907,-2.40485165423615));
#2963=CARTESIAN_POINT('Ctrl Pts',(66.8259560103752,38.6729654832687,-2.44361953354783));
#2964=CARTESIAN_POINT('Ctrl Pts',(66.7806403912566,38.6756993284591,-2.45120733007843));
#2965=CARTESIAN_POINT('Ctrl Pts',(66.7353560516062,38.6783911924844,-2.45900110619588));
#2966=CARTESIAN_POINT('Ctrl Pts',(66.690105003788,38.6810435183184,-2.46700053605791));
#2967=CARTESIAN_POINT('Ctrl Pts',(66.4710152808999,38.6938851509437,-2.5057309733901));
#2968=CARTESIAN_POINT('Ctrl Pts',(66.2527369495105,38.7058021078256,-2.54926993534423));
#2969=CARTESIAN_POINT('Ctrl Pts',(66.0354842328084,38.717043817162,-2.5975778030246));
#2970=CARTESIAN_POINT('Ctrl Pts',(65.8071338491245,38.7288597736167,-2.64835332513187));
#2971=CARTESIAN_POINT('Ctrl Pts',(65.5799165211073,38.7399295901561,-2.70439740561828));
#2972=CARTESIAN_POINT('Ctrl Pts',(65.3540583160424,38.7504891949017,-2.76566403875075));
#2973=CARTESIAN_POINT('Ctrl Pts',(65.1115021376655,38.76182948414,-2.83146018899628));
#2974=CARTESIAN_POINT('Ctrl Pts',(64.8705135067493,38.7725812481357,-2.90327965685848));
#2975=CARTESIAN_POINT('Ctrl Pts',(64.631346688091,38.7829779917771,-2.98106545985531));
#2976=CARTESIAN_POINT('Ctrl Pts',(64.3921798694327,38.7933747354184,-3.05885126285214));
#2977=CARTESIAN_POINT('Ctrl Pts',(64.1548346038742,38.8034157309321,-3.14260340098359));
#2978=CARTESIAN_POINT('Ctrl Pts',(63.9195425443039,38.8132851939082,-3.2322648917676));
#2979=CARTESIAN_POINT('',(62.6519565575218,38.8665126566937,-3.78262620161539));
#2980=CARTESIAN_POINT('Ctrl Pts',(63.9195425443039,38.8132851939082,-3.23226489176761));
#2981=CARTESIAN_POINT('Ctrl Pts',(63.4730745189473,38.8320125562099,-3.40239118662511));
#2982=CARTESIAN_POINT('Ctrl Pts',(63.0497370286689,38.8495170938466,-3.58789518231403));
#2983=CARTESIAN_POINT('Ctrl Pts',(62.6519565575218,38.8665126566937,-3.78262620161539));
#2984=CARTESIAN_POINT('',(62.0277519629157,38.893703780975,-4.10641838255184));
#2985=CARTESIAN_POINT('Ctrl Pts',(62.0277519628887,38.8937037809762,-4.10641838255184));
#2986=CARTESIAN_POINT('Ctrl Pts',(62.2332489243435,38.8845503570676,-3.99366213673818));
#2987=CARTESIAN_POINT('Ctrl Pts',(62.4413869063136,38.8755094526663,-3.8857052084586));
#2988=CARTESIAN_POINT('Ctrl Pts',(62.6519565575196,38.8665126566938,-3.78262620161539));
#2989=CARTESIAN_POINT('Ctrl Pts',(62.0277519629157,38.893703780975,-9.33141775348592));
#2990=CARTESIAN_POINT('Ctrl Pts',(62.0277519629157,38.893703780975,-7.58975129650786));
#2991=CARTESIAN_POINT('Ctrl Pts',(62.0277519629157,38.893703780975,-5.84808483952979));
#2992=CARTESIAN_POINT('Ctrl Pts',(62.0277519629157,38.893703780975,-4.10641838255172));
#2993=CARTESIAN_POINT('Origin',(65.2469535969333,36.6796100010373,-4.971721875));
#2994=CARTESIAN_POINT('',(65.3043704682537,37.5014466179689,-10.971721875));
#2995=CARTESIAN_POINT('',(65.2469535969333,36.6796100010373,-10.971721875));
#2996=CARTESIAN_POINT('',(61.3389434000587,37.6857118858072,-9.47172187499996));
#2997=CARTESIAN_POINT('Ctrl Pts',(61.3389434000586,37.6857118858072,-9.47172187499992));
#2998=CARTESIAN_POINT('Ctrl Pts',(62.4221781042306,37.6335484210174,-10.4279283281395));
#2999=CARTESIAN_POINT('Ctrl Pts',(63.860344228282,37.5731906494373,-10.971721874918));
#3000=CARTESIAN_POINT('Ctrl Pts',(65.3043704680628,37.5014466179822,-10.971721875));
#3001=CARTESIAN_POINT('',(61.2879767358842,36.9562003365114,-9.471721875));
#3002=CARTESIAN_POINT('Ctrl Pts',(72.8868816390477,35.7224182246343,-10.221721875));
#3003=CARTESIAN_POINT('Ctrl Pts',(70.4845479024356,36.466210045633,-10.221721875));
#3004=CARTESIAN_POINT('Ctrl Pts',(67.888093625245,36.6296944290911,-10.221721875));
#3005=CARTESIAN_POINT('Ctrl Pts',(65.2693051173695,36.7522667856441,-10.221721875));
#3006=CARTESIAN_POINT('Ctrl Pts',(72.8868816390477,35.7224182246343,-10.4461213502564));
#3007=CARTESIAN_POINT('Ctrl Pts',(70.4849098738275,36.4660979748759,-10.4461213502564));
#3008=CARTESIAN_POINT('Ctrl Pts',(67.8880560994904,36.6296961854835,-10.4461213502564));
#3009=CARTESIAN_POINT('Ctrl Pts',(65.2693051173695,36.7522667856441,-10.4461213502564));
#3010=CARTESIAN_POINT('Ctrl Pts',(72.9426194467126,35.9024428121302,-10.8344912453796));
#3011=CARTESIAN_POINT('Ctrl Pts',(70.5117368651617,36.6550737036713,-10.8344912453796));
#3012=CARTESIAN_POINT('Ctrl Pts',(67.8998643190718,36.8178055263906,-10.8344912453796));
#3013=CARTESIAN_POINT('Ctrl Pts',(65.2781161382123,36.9405164103929,-10.8344912453796));
#3014=CARTESIAN_POINT('Ctrl Pts',(73.0589257991674,36.2780945286404,-10.971721875));
#3015=CARTESIAN_POINT('Ctrl Pts',(70.568693076101,37.0491009477619,-10.971721875));
#3016=CARTESIAN_POINT('Ctrl Pts',(67.9244028614118,37.2103321882674,-10.971721875));
#3017=CARTESIAN_POINT('Ctrl Pts',(65.2965018218004,37.3333310567306,-10.971721875));
#3018=CARTESIAN_POINT('Ctrl Pts',(73.1087022214623,36.4388647538444,-10.971721875));
#3019=CARTESIAN_POINT('Ctrl Pts',(70.5931052867854,37.2177242421938,-10.971721875));
#3020=CARTESIAN_POINT('Ctrl Pts',(67.9349010281762,37.3783246748507,-10.971721875));
#3021=CARTESIAN_POINT('Ctrl Pts',(65.3043704681052,37.5014466179793,-10.971721875));
#3022=CARTESIAN_POINT('',(73.1087022214623,36.4388647538444,-10.971721875));
#3023=CARTESIAN_POINT('Ctrl Pts',(71.8479164020408,36.7775934757667,-10.971721875));
#3024=CARTESIAN_POINT('Ctrl Pts',(72.2715739677417,36.6798820696476,-10.971721875));
#3025=CARTESIAN_POINT('Ctrl Pts',(72.6920937213748,36.5678518259573,-10.971721875));
#3026=CARTESIAN_POINT('Ctrl Pts',(73.1087022214623,36.4388647538444,-10.971721875));
#3027=CARTESIAN_POINT('',(72.8868816390477,35.7224182246343,-10.221721875));
#3028=CARTESIAN_POINT('Origin',(73.1087022214623,36.4388647538444,-10.221721875));
#3029=CARTESIAN_POINT('',(65.2693051173695,36.7522667856441,-10.221721875));
#3030=CARTESIAN_POINT('Ctrl Pts',(72.8868816390477,35.7224182246343,-10.221721875));
#3031=CARTESIAN_POINT('Ctrl Pts',(70.4845479024356,36.466210045633,-10.221721875));
#3032=CARTESIAN_POINT('Ctrl Pts',(67.888093625245,36.6296944290911,-10.221721875));
#3033=CARTESIAN_POINT('Ctrl Pts',(65.2693051173695,36.7522667856441,-10.221721875));
#3034=CARTESIAN_POINT('Origin',(65.3043704681052,37.5014466179793,-10.221721875));
#3035=CARTESIAN_POINT('Ctrl Pts',(65.3043704681052,37.5014466179793,-10.971721875));
#3036=CARTESIAN_POINT('Ctrl Pts',(66.6815767129822,37.4369865004912,-10.971721875));
#3037=CARTESIAN_POINT('Ctrl Pts',(68.0663683575427,37.3622534763221,-10.971721875));
#3038=CARTESIAN_POINT('Ctrl Pts',(69.434309231406,37.1939026567544,-10.971721875));
#3039=CARTESIAN_POINT('Origin',(69.3346385185654,36.7905521922962,-10.971721875));
#3040=CARTESIAN_POINT('',(72.837118937748,35.8287762393144,-10.971721875));
#3041=CARTESIAN_POINT('Origin',(69.3346385185654,36.7905521922962,-10.971721875));
#3042=CARTESIAN_POINT('Origin',(72.837118937748,35.8287762393144,-4.971721875));
#3043=CARTESIAN_POINT('',(76.7420970166554,34.8423662183347,-9.47172187499857));
#3044=CARTESIAN_POINT('',(76.4627408137567,34.2148165086497,-9.471721875));
#3045=CARTESIAN_POINT('Ctrl Pts',(73.1087022214623,36.4388647538444,-10.971721875));
#3046=CARTESIAN_POINT('Ctrl Pts',(74.4834141790476,35.990978608107,-10.971721875));
#3047=CARTESIAN_POINT('Ctrl Pts',(75.7976679982285,35.3817415441774,-10.4260935561488));
#3048=CARTESIAN_POINT('Ctrl Pts',(76.7420970166567,34.8423662183343,-9.47172187499743));
#3049=CARTESIAN_POINT('Origin',(80.0883626897654,32.600856777985,-13.971721875));
#3050=CARTESIAN_POINT('Ctrl Pts',(76.7420970166569,34.842366218334,-9.47172187499716));
#3051=CARTESIAN_POINT('Ctrl Pts',(77.1575328960184,34.5892430027385,-9.04622318851789));
#3052=CARTESIAN_POINT('Ctrl Pts',(78.2325805641745,33.8451864091369,-8.24127047419544));
#3053=CARTESIAN_POINT('Ctrl Pts',(79.3045310940544,32.7341150327866,-7.9717218765841));
#3054=CARTESIAN_POINT('Ctrl Pts',(79.832334941157,32.0257124667502,-7.97172187500001));
#3055=CARTESIAN_POINT('Ctrl Pts',(73.9109049778844,37.4929260174551,-2.98963268510372));
#3056=CARTESIAN_POINT('Ctrl Pts',(73.5719639016403,37.6075328302451,-2.87314696547952));
#3057=CARTESIAN_POINT('Ctrl Pts',(72.4484748784727,37.9522082017324,-2.5344488729658));
#3058=CARTESIAN_POINT('Ctrl Pts',(70.18090615686,38.4125540674884,-2.15946325769739));
#3059=CARTESIAN_POINT('Ctrl Pts',(67.5197612812223,38.6425100320662,-2.27267409254014));
#3060=CARTESIAN_POINT('Ctrl Pts',(65.3354789704232,38.7534861764524,-2.73939083619099));
#3061=CARTESIAN_POINT('Ctrl Pts',(64.3369035019006,38.7957787445779,-3.07322982250954));
#3062=CARTESIAN_POINT('Ctrl Pts',(63.9195425443039,38.8132851939082,-3.2322648917676));
#3063=CARTESIAN_POINT('Ctrl Pts',(73.9785900778734,37.1099382677408,-4.03448515649995));
#3064=CARTESIAN_POINT('Ctrl Pts',(73.5762557116204,37.1985232796182,-3.97272555655061));
#3065=CARTESIAN_POINT('Ctrl Pts',(72.2991136366064,37.4706645293223,-3.7473380871486));
#3066=CARTESIAN_POINT('Ctrl Pts',(69.9139130334551,37.9054560786505,-3.39837486487598));
#3067=CARTESIAN_POINT('Ctrl Pts',(67.2797010791555,38.2787456534281,-3.36654881386267));
#3068=CARTESIAN_POINT('Ctrl Pts',(65.1432719360682,38.5554577976681,-3.58411045591047));
#3069=CARTESIAN_POINT('Ctrl Pts',(64.1387899652642,38.6843323029535,-3.73964774741322));
#3070=CARTESIAN_POINT('Ctrl Pts',(63.6985698864026,38.741763164965,-3.78705265252752));
#3071=CARTESIAN_POINT('Ctrl Pts',(74.0839869099821,36.9008898253823,-5.14040483902938));
#3072=CARTESIAN_POINT('Ctrl Pts',(73.6186252197622,36.980828876512,-5.14304775300185));
#3073=CARTESIAN_POINT('Ctrl Pts',(72.1862611142414,37.2268471273454,-5.05874398415626));
#3074=CARTESIAN_POINT('Ctrl Pts',(69.6749777246857,37.6584668047128,-4.74896599716881));
#3075=CARTESIAN_POINT('Ctrl Pts',(67.0617958235983,38.1080447779672,-4.52767845692158));
#3076=CARTESIAN_POINT('Ctrl Pts',(64.9646565257676,38.468857644151,-4.45703411415861));
#3077=CARTESIAN_POINT('Ctrl Pts',(63.9487212602655,38.6435259224029,-4.42011280094907));
#3078=CARTESIAN_POINT('Ctrl Pts',(63.4833262981923,38.72356697748,-4.35098546007872));
#3079=CARTESIAN_POINT('Ctrl Pts',(74.221297491406,36.8772806496274,-6.24655400945069));
#3080=CARTESIAN_POINT('Ctrl Pts',(73.6961671341313,36.967571541783,-6.31366760516444));
#3081=CARTESIAN_POINT('Ctrl Pts',(72.1174023729528,37.2390242902595,-6.37069078930588));
#3082=CARTESIAN_POINT('Ctrl Pts',(69.484130136974,37.6917890108311,-6.10024661860796));
#3083=CARTESIAN_POINT('Ctrl Pts',(66.8786510095402,38.1397749854561,-5.68907048330521));
#3084=CARTESIAN_POINT('Ctrl Pts',(64.8056219428331,38.4962115184132,-5.3300102070507));
#3085=CARTESIAN_POINT('Ctrl Pts',(63.7709227681752,38.6741176521919,-5.10059764233282));
#3086=CARTESIAN_POINT('Ctrl Pts',(63.2772984924923,38.758991389967,-4.91492821420501));
#3087=CARTESIAN_POINT('',(63.2772984924923,38.758991389967,-4.91492821420501));
#3088=CARTESIAN_POINT('Origin',(64.971832472515,48.614373401363,-4.91492821420501));
#3089=CARTESIAN_POINT('',(74.2212974914054,36.8772806496275,-6.24655400945077));
#3090=CARTESIAN_POINT('Origin',(75.9158314714281,46.7326626610235,-6.24655400945077));
#3091=CARTESIAN_POINT('Ctrl Pts',(74.221297491406,36.8772806496274,-6.24655400945069));
#3092=CARTESIAN_POINT('Ctrl Pts',(73.6961671341313,36.967571541783,-6.31366760516444));
#3093=CARTESIAN_POINT('Ctrl Pts',(72.1174023729528,37.2390242902595,-6.37069078930588));
#3094=CARTESIAN_POINT('Ctrl Pts',(69.484130136974,37.6917890108311,-6.10024661860796));
#3095=CARTESIAN_POINT('Ctrl Pts',(66.8786510095402,38.1397749854561,-5.68907048330521));
#3096=CARTESIAN_POINT('Ctrl Pts',(64.8056219428331,38.4962115184132,-5.3300102070507));
#3097=CARTESIAN_POINT('Ctrl Pts',(63.7709227681752,38.6741176521919,-5.10059764233282));
#3098=CARTESIAN_POINT('Ctrl Pts',(63.2772984924923,38.758991389967,-4.91492821420501));
#3099=CARTESIAN_POINT('Ctrl Pts',(63.9195425443039,38.8132851939082,-3.2322648917676));
#3100=CARTESIAN_POINT('Ctrl Pts',(63.4730745189473,38.8320125562099,-3.4023911866251));
#3101=CARTESIAN_POINT('Ctrl Pts',(63.0497370286689,38.8495170938466,-3.58789518231402));
#3102=CARTESIAN_POINT('Ctrl Pts',(62.6519565575218,38.8665126566937,-3.78262620161539));
#3103=CARTESIAN_POINT('Ctrl Pts',(63.6985698864026,38.741763164965,-3.78705265252751));
#3104=CARTESIAN_POINT('Ctrl Pts',(63.3168507906353,38.7935203145539,-3.8383952357656));
#3105=CARTESIAN_POINT('Ctrl Pts',(62.9467867702085,38.8323395454917,-3.90186909750516));
#3106=CARTESIAN_POINT('Ctrl Pts',(62.5916361566774,38.8595093415508,-3.97621804282646));
#3107=CARTESIAN_POINT('Ctrl Pts',(63.4833262981923,38.72356697748,-4.35098546007868));
#3108=CARTESIAN_POINT('Ctrl Pts',(63.1632829547714,38.784307000581,-4.27735411284541));
#3109=CARTESIAN_POINT('Ctrl Pts',(62.8449187652823,38.8290503885237,-4.21687889436768));
#3110=CARTESIAN_POINT('Ctrl Pts',(62.5317543925178,38.8586566717836,-4.17016901194494));
#3111=CARTESIAN_POINT('Ctrl Pts',(63.2772984924923,38.758991389967,-4.91492821420494));
#3112=CARTESIAN_POINT('Ctrl Pts',(63.0132734901281,38.8043878380767,-4.71631006021455));
#3113=CARTESIAN_POINT('Ctrl Pts',(62.7444613110339,38.8396577018214,-4.53188889483651));
#3114=CARTESIAN_POINT('Ctrl Pts',(62.4724221309814,38.8639562260368,-4.3641200254257));
#3115=CARTESIAN_POINT('',(62.4724221309814,38.8639562260368,-4.36412002542571));
#3116=CARTESIAN_POINT('Origin',(63.3620797494933,48.8243030735027,-4.36412002542571));
#3117=CARTESIAN_POINT('Ctrl Pts',(63.2772984924923,38.758991389967,-4.91492821420494));
#3118=CARTESIAN_POINT('Ctrl Pts',(63.0132734901281,38.8043878380767,-4.71631006021455));
#3119=CARTESIAN_POINT('Ctrl Pts',(62.7444613110339,38.8396577018214,-4.53188889483651));
#3120=CARTESIAN_POINT('Ctrl Pts',(62.4724221309814,38.8639562260368,-4.3641200254257));
#3121=CARTESIAN_POINT('Ctrl Pts',(76.1561940678235,36.544594611402,-4.00580729683027));
#3122=CARTESIAN_POINT('Ctrl Pts',(75.4896262900816,36.8881734088217,-3.62372233542827));
#3123=CARTESIAN_POINT('Ctrl Pts',(74.7495840588193,37.2093418101803,-3.27786607764217));
#3124=CARTESIAN_POINT('Ctrl Pts',(73.9109049778837,37.4929260174553,-2.98963268510351));
#3125=CARTESIAN_POINT('Ctrl Pts',(76.1268139609782,36.4200307737456,-4.64525501420281));
#3126=CARTESIAN_POINT('Ctrl Pts',(75.469606711413,36.7020297441612,-4.39727196468734));
#3127=CARTESIAN_POINT('Ctrl Pts',(74.7552499213978,36.9375603667819,-4.1893352393921));
#3128=CARTESIAN_POINT('Ctrl Pts',(73.9785900778727,37.109938267741,-4.03448515649983));
#3129=CARTESIAN_POINT('Ctrl Pts',(76.1204165218768,36.3538855112733,-5.29712237202488));
#3130=CARTESIAN_POINT('Ctrl Pts',(75.4790187286313,36.6008849094447,-5.19137433424159));
#3131=CARTESIAN_POINT('Ctrl Pts',(74.7958928432625,36.7880274438702,-5.13489395706033));
#3132=CARTESIAN_POINT('Ctrl Pts',(74.0839869099813,36.9008898253825,-5.14040483902938));
#3133=CARTESIAN_POINT('Ctrl Pts',(76.1371234811984,36.3474174381885,-5.94900561703406));
#3134=CARTESIAN_POINT('Ctrl Pts',(75.5177362066848,36.587212249575,-5.98551242544224));
#3135=CARTESIAN_POINT('Ctrl Pts',(74.8709913117757,36.765572320721,-6.08048747837323));
#3136=CARTESIAN_POINT('Ctrl Pts',(74.2212974914052,36.8772806496275,-6.2465540094508));
#3137=CARTESIAN_POINT('',(76.1371234811984,36.3474174381885,-5.94900561703407));
#3138=CARTESIAN_POINT('Origin',(79.747483451014,45.6729362381456,-5.94900561703407));
#3139=CARTESIAN_POINT('Ctrl Pts',(76.1371234811984,36.3474174381885,-5.94900561703406));
#3140=CARTESIAN_POINT('Ctrl Pts',(75.5177362066848,36.587212249575,-5.98551242544224));
#3141=CARTESIAN_POINT('Ctrl Pts',(74.8709913117757,36.765572320721,-6.08048747837323));
#3142=CARTESIAN_POINT('Ctrl Pts',(74.2212974914052,36.8772806496275,-6.2465540094508));
#3143=CARTESIAN_POINT('Ctrl Pts',(62.6519565575218,38.8665126566937,-3.78262620161538));
#3144=CARTESIAN_POINT('Ctrl Pts',(62.4376653650797,38.875668459185,-3.88753115637902));
#3145=CARTESIAN_POINT('Ctrl Pts',(62.23056735289,38.8846715727903,-3.99520015889916));
#3146=CARTESIAN_POINT('Ctrl Pts',(62.029659644053,38.8936188133257,-4.10537186460821));
#3147=CARTESIAN_POINT('Ctrl Pts',(62.0287057218926,38.8936612978154,-4.10589510130562));
#3148=CARTESIAN_POINT('Ctrl Pts',(62.0277519629159,38.893703780975,-4.10641838255172));
#3149=CARTESIAN_POINT('Ctrl Pts',(62.5916361566773,38.8595093415508,-3.97621804282641));
#3150=CARTESIAN_POINT('Ctrl Pts',(62.4003104029273,38.8741461787465,-4.01627110049466));
#3151=CARTESIAN_POINT('Ctrl Pts',(62.2131392765846,38.8854184691198,-4.05950597139784));
#3152=CARTESIAN_POINT('Ctrl Pts',(62.0294958533807,38.8936260360483,-4.10597681194248));
#3153=CARTESIAN_POINT('Ctrl Pts',(62.0286238585254,38.8936649442445,-4.10619756264037));
#3154=CARTESIAN_POINT('Ctrl Pts',(62.0277519629159,38.893703780975,-4.10641838255172));
#3155=CARTESIAN_POINT('Ctrl Pts',(62.5317543925178,38.8586566717836,-4.17016901194484));
#3156=CARTESIAN_POINT('Ctrl Pts',(62.3630473499753,38.874606086608,-4.1450055936065));
#3157=CARTESIAN_POINT('Ctrl Pts',(62.1957117533678,38.8861835080433,-4.12381239985377));
#3158=CARTESIAN_POINT('Ctrl Pts',(62.0293320656167,38.8936333045835,-4.10658175723785));
#3159=CARTESIAN_POINT('Ctrl Pts',(62.0285419951581,38.8936685906736,-4.10650002397512));
#3160=CARTESIAN_POINT('Ctrl Pts',(62.0277519629159,38.893703780975,-4.10641838255172));
#3161=CARTESIAN_POINT('Ctrl Pts',(62.4724221309814,38.8639562260369,-4.36412002542554));
#3162=CARTESIAN_POINT('Ctrl Pts',(62.3258699382259,38.8770462596262,-4.2737400452931));
#3163=CARTESIAN_POINT('Ctrl Pts',(62.1782853797749,38.8869668580584,-4.1881188311259));
#3164=CARTESIAN_POINT('Ctrl Pts',(62.0291682787685,38.893640618366,-4.10718670252361));
#3165=CARTESIAN_POINT('Ctrl Pts',(62.0284601317909,38.8936722371027,-4.10680248530987));
#3166=CARTESIAN_POINT('Ctrl Pts',(62.0277519629159,38.893703780975,-4.10641838255172));
#3167=CARTESIAN_POINT('Ctrl Pts',(62.4724221309814,38.8639562260369,-4.36412002542554));
#3168=CARTESIAN_POINT('Ctrl Pts',(62.3258699382259,38.8770462596262,-4.2737400452931));
#3169=CARTESIAN_POINT('Ctrl Pts',(62.1782853797749,38.8869668580584,-4.1881188311259));
#3170=CARTESIAN_POINT('Ctrl Pts',(62.0291682787685,38.893640618366,-4.10718670252361));
#3171=CARTESIAN_POINT('Ctrl Pts',(62.0284601317909,38.8936722371027,-4.10680248530987));
#3172=CARTESIAN_POINT('Ctrl Pts',(62.0277519629159,38.893703780975,-4.10641838255172));
#3173=CARTESIAN_POINT('Ctrl Pts',(79.0095274769898,34.6359495552023,-6.24146355610916));
#3174=CARTESIAN_POINT('Ctrl Pts',(79.0057818487933,34.6391386622578,-6.23753594931197));
#3175=CARTESIAN_POINT('Ctrl Pts',(79.0020353794102,34.6423266929125,-6.23361008575026));
#3176=CARTESIAN_POINT('Ctrl Pts',(78.2030342276767,35.3207852681901,-5.39868151961143));
#3177=CARTESIAN_POINT('Ctrl Pts',(77.2747565110987,35.9680375800956,-4.64698123627927));
#3178=CARTESIAN_POINT('Ctrl Pts',(76.1561940678233,36.5445946114021,-4.00580729683016));
#3179=CARTESIAN_POINT('Ctrl Pts',(79.0095274769898,34.6359495552023,-6.24146355610916));
#3180=CARTESIAN_POINT('Ctrl Pts',(79.0057222937025,34.6392129100253,-6.23845060823342));
#3181=CARTESIAN_POINT('Ctrl Pts',(79.0018581950613,34.6424534162733,-6.23543360588747));
#3182=CARTESIAN_POINT('Ctrl Pts',(78.1867290942392,35.3350526641666,-5.59519023225227));
#3183=CARTESIAN_POINT('Ctrl Pts',(77.230395296064,35.9471593416504,-5.06097685542709));
#3184=CARTESIAN_POINT('Ctrl Pts',(76.126813960978,36.4200307737456,-4.64525501420275));
#3185=CARTESIAN_POINT('Ctrl Pts',(79.0095274769898,34.6359495552023,-6.24146355610916));
#3186=CARTESIAN_POINT('Ctrl Pts',(79.005616867554,34.6392670712871,-6.23935143762431));
#3187=CARTESIAN_POINT('Ctrl Pts',(79.0017237036197,34.6425989618477,-6.23727034339271));
#3188=CARTESIAN_POINT('Ctrl Pts',(78.1694650458727,35.3489853472731,-5.79094800389491));
#3189=CARTESIAN_POINT('Ctrl Pts',(77.1964464874903,35.9390521906858,-5.47467302768893));
#3190=CARTESIAN_POINT('Ctrl Pts',(76.1204165218766,36.3538855112734,-5.29712237202487));
#3191=CARTESIAN_POINT('Ctrl Pts',(79.0095274769898,34.6359495552023,-6.24146355610916));
#3192=CARTESIAN_POINT('Ctrl Pts',(79.0055447712685,34.639340515076,-6.24027380318508));
#3193=CARTESIAN_POINT('Ctrl Pts',(79.0015592713293,34.6427270569951,-6.23908637276115));
#3194=CARTESIAN_POINT('Ctrl Pts',(78.1528563953372,35.3634619740573,-5.98774242702589));
#3195=CARTESIAN_POINT('Ctrl Pts',(77.1765126719849,35.9450195439832,-5.88774381264948));
#3196=CARTESIAN_POINT('Ctrl Pts',(76.1371234811982,36.3474174381886,-5.94900561703408));
#3197=CARTESIAN_POINT('Ctrl Pts',(79.0095274769898,34.6359495552023,-6.24146355610916));
#3198=CARTESIAN_POINT('Ctrl Pts',(79.0055447712685,34.639340515076,-6.24027380318508));
#3199=CARTESIAN_POINT('Ctrl Pts',(79.0015592713293,34.6427270569951,-6.23908637276115));
#3200=CARTESIAN_POINT('Ctrl Pts',(78.1528563953372,35.3634619740573,-5.98774242702589));
#3201=CARTESIAN_POINT('Ctrl Pts',(77.1765126719849,35.9450195439832,-5.88774381264948));
#3202=CARTESIAN_POINT('Ctrl Pts',(76.1371234811982,36.3474174381886,-5.94900561703408));
#3203=CARTESIAN_POINT('Origin',(69.1899115630774,37.7423769403954,-17.2359329786377));
#3204=CARTESIAN_POINT('Ctrl Pts',(63.2772984924923,38.758991389967,-4.91492821420501));
#3205=CARTESIAN_POINT('Ctrl Pts',(63.2772984924923,38.758991389967,-6.61989868613069));
#3206=CARTESIAN_POINT('Ctrl Pts',(63.2772984924923,38.758991389967,-8.32486915805636));
#3207=CARTESIAN_POINT('Ctrl Pts',(63.2772984924923,38.758991389967,-10.029839629982));
#3208=CARTESIAN_POINT('Ctrl Pts',(74.2212974914052,36.8772806496275,-10.3870906830672));
#3209=CARTESIAN_POINT('Ctrl Pts',(74.2212974914052,36.8772806496275,-9.00691179186176));
#3210=CARTESIAN_POINT('Ctrl Pts',(74.2212974914054,36.8772806496275,-7.62673290065625));
#3211=CARTESIAN_POINT('Ctrl Pts',(74.2212974914054,36.8772806496275,-6.24655400945076));
#3212=CARTESIAN_POINT('Ctrl Pts',(74.2212974914052,36.8772806496275,-10.3870906830672));
#3213=CARTESIAN_POINT('Ctrl Pts',(74.2212974914052,36.8772806496275,-8.89764442235887));
#3214=CARTESIAN_POINT('Ctrl Pts',(74.2212974914054,36.8772806496275,-7.40819816165048));
#3215=CARTESIAN_POINT('Ctrl Pts',(74.2212974914054,36.8772806496275,-5.91875190094211));
#3216=CARTESIAN_POINT('Ctrl Pts',(75.9789835695756,36.5750641772241,-10.3870906830672));
#3217=CARTESIAN_POINT('Ctrl Pts',(75.9789835695756,36.5750641772241,-8.89764442235887));
#3218=CARTESIAN_POINT('Ctrl Pts',(75.978983569576,36.575064177224,-7.40819816165048));
#3219=CARTESIAN_POINT('Ctrl Pts',(75.978983569576,36.575064177224,-5.91875190094211));
#3220=CARTESIAN_POINT('Ctrl Pts',(77.6515779546098,35.7921364952154,-10.3870906830672));
#3221=CARTESIAN_POINT('Ctrl Pts',(77.6515779546098,35.7921364952154,-8.89764442235887));
#3222=CARTESIAN_POINT('Ctrl Pts',(77.6515779546104,35.7921364952152,-7.40819816165048));
#3223=CARTESIAN_POINT('Ctrl Pts',(77.6515779546104,35.7921364952152,-5.91875190094211));
#3224=CARTESIAN_POINT('Ctrl Pts',(79.0095274769892,34.6359495552028,-10.3870906830672));
#3225=CARTESIAN_POINT('Ctrl Pts',(79.0095274769892,34.6359495552028,-8.89764442235887));
#3226=CARTESIAN_POINT('Ctrl Pts',(79.0095274769899,34.6359495552024,-7.40819816165048));
#3227=CARTESIAN_POINT('Ctrl Pts',(79.0095274769899,34.6359495552024,-5.91875190094211));
#3228=CARTESIAN_POINT('Ctrl Pts',(63.2772984924923,38.758991389967,-4.10641838255172));
#3229=CARTESIAN_POINT('Ctrl Pts',(63.2772984924923,38.758991389967,-6.08089213169516));
#3230=CARTESIAN_POINT('Ctrl Pts',(63.2772984924923,38.758991389967,-8.0553658808386));
#3231=CARTESIAN_POINT('Ctrl Pts',(63.2772984924923,38.758991389967,-10.029839629982));
#3232=CARTESIAN_POINT('Ctrl Pts',(62.8641557010365,38.8300271446352,-4.10641838255172));
#3233=CARTESIAN_POINT('Ctrl Pts',(62.8641557010365,38.8300271446352,-6.08089213169516));
#3234=CARTESIAN_POINT('Ctrl Pts',(62.8641557010365,38.8300271446352,-8.05536588083861));
#3235=CARTESIAN_POINT('Ctrl Pts',(62.8641557010365,38.8300271446352,-10.029839629982));
#3236=CARTESIAN_POINT('Ctrl Pts',(62.446541968574,38.8750496732776,-4.10641838255172));
#3237=CARTESIAN_POINT('Ctrl Pts',(62.446541968574,38.8750496732776,-6.08089213169516));
#3238=CARTESIAN_POINT('Ctrl Pts',(62.446541968574,38.8750496732776,-8.0553658808386));
#3239=CARTESIAN_POINT('Ctrl Pts',(62.446541968574,38.8750496732776,-10.029839629982));
#3240=CARTESIAN_POINT('Ctrl Pts',(62.0277519629157,38.893703780975,-4.10641838255172));
#3241=CARTESIAN_POINT('Ctrl Pts',(62.0277519629157,38.893703780975,-6.08089213169516));
#3242=CARTESIAN_POINT('Ctrl Pts',(62.0277519629157,38.893703780975,-8.0553658808386));
#3243=CARTESIAN_POINT('Ctrl Pts',(62.0277519629157,38.893703780975,-10.029839629982));
#3244=CARTESIAN_POINT('Ctrl Pts',(79.2534364937486,31.5488722538772,-7.221721875));
#3245=CARTESIAN_POINT('Ctrl Pts',(78.6731444837121,32.2533643171952,-7.22172187638542));
#3246=CARTESIAN_POINT('Ctrl Pts',(77.5076784711768,33.3704174770848,-7.52496404850256));
#3247=CARTESIAN_POINT('Ctrl Pts',(76.3529589912646,34.1354715485451,-8.43053585270762));
#3248=CARTESIAN_POINT('Ctrl Pts',(75.9077464277844,34.3981806054963,-8.9092218749968));
#3249=CARTESIAN_POINT('Ctrl Pts',(79.2534364939527,31.5488722536294,-7.44612135035842));
#3250=CARTESIAN_POINT('Ctrl Pts',(78.6894563588211,32.2330303526906,-7.45448934846374));
#3251=CARTESIAN_POINT('Ctrl Pts',(77.5703750043984,33.3122619865718,-7.75715104352271));
#3252=CARTESIAN_POINT('Ctrl Pts',(76.4678196349998,34.0604746864483,-8.62629933133385));
#3253=CARTESIAN_POINT('Ctrl Pts',(76.0412271111275,34.3194169152532,-9.08611374488607));
#3254=CARTESIAN_POINT('Ctrl Pts',(79.3988989742257,31.6686900896998,-7.83449095394643));
#3255=CARTESIAN_POINT('Ctrl Pts',(78.8657205051419,32.3390611968939,-7.85617938430949));
#3256=CARTESIAN_POINT('Ctrl Pts',(77.8184652408685,33.3843438725321,-8.1563988908815));
#3257=CARTESIAN_POINT('Ctrl Pts',(76.7818223195058,34.1102041322287,-8.96376131089635));
#3258=CARTESIAN_POINT('Ctrl Pts',(76.3775376996084,34.3627505966865,-9.39156111738575));
#3259=CARTESIAN_POINT('Ctrl Pts',(79.7024304349243,31.9187097711556,-7.97172187512017));
#3260=CARTESIAN_POINT('Ctrl Pts',(79.1779419723164,32.6135642251063,-7.98146219419525));
#3261=CARTESIAN_POINT('Ctrl Pts',(78.1243944712993,33.7000398714293,-8.26169950703122));
#3262=CARTESIAN_POINT('Ctrl Pts',(77.0695777431691,34.4347296104545,-9.05956525757021));
#3263=CARTESIAN_POINT('Ctrl Pts',(76.6602628051835,34.6864310167998,-9.48172782420932));
#3264=CARTESIAN_POINT('Ctrl Pts',(79.8323349429694,32.0257124643177,-7.97172187500001));
#3265=CARTESIAN_POINT('Ctrl Pts',(79.3045310954567,32.7341150313332,-7.97172187623149));
#3266=CARTESIAN_POINT('Ctrl Pts',(78.2325805648777,33.8451864086502,-8.24127047366894));
#3267=CARTESIAN_POINT('Ctrl Pts',(77.1575328960184,34.5892430027385,-9.04622318851789));
#3268=CARTESIAN_POINT('Ctrl Pts',(76.7420970166569,34.842366218334,-9.47172187499716));
#3269=CARTESIAN_POINT('',(75.9077464277844,34.3981806054963,-8.9092218749968));
#3270=CARTESIAN_POINT('Ctrl Pts',(77.0055201465627,33.6736071145217,-7.97189953065809));
#3271=CARTESIAN_POINT('Ctrl Pts',(76.6246264878268,33.9538003007011,-8.22422621404758));
#3272=CARTESIAN_POINT('Ctrl Pts',(76.2513911396465,34.1954042564331,-8.53974011797689));
#3273=CARTESIAN_POINT('Ctrl Pts',(75.9077464277844,34.3981806054963,-8.9092218749968));
#3274=CARTESIAN_POINT('Origin',(76.2888942821562,35.0441111846669,-8.9092218749968));
#3275=CARTESIAN_POINT('Ctrl Pts',(75.9077464277835,34.3981806054968,-8.90922187499775));
#3276=CARTESIAN_POINT('Ctrl Pts',(75.1310661769905,34.8564806468151,-9.74429709600557));
#3277=CARTESIAN_POINT('Ctrl Pts',(74.042872649608,35.3645093106067,-10.221721875));
#3278=CARTESIAN_POINT('Ctrl Pts',(72.8868816390477,35.7224182246343,-10.221721875));
#3279=CARTESIAN_POINT('Ctrl Pts',(76.0412271111268,34.3194169152537,-9.08611374488682));
#3280=CARTESIAN_POINT('Ctrl Pts',(75.2286875941099,34.8117579850495,-9.95077462048841));
#3281=CARTESIAN_POINT('Ctrl Pts',(74.093984731346,35.348859095949,-10.4419835206646));
#3282=CARTESIAN_POINT('Ctrl Pts',(72.8868816390477,35.7224182246343,-10.4461213502564));
#3283=CARTESIAN_POINT('Ctrl Pts',(76.3775376608876,34.3627508107581,-9.39156095515864));
#3284=CARTESIAN_POINT('Ctrl Pts',(75.4820446758769,34.904021366462,-10.307938469013));
#3285=CARTESIAN_POINT('Ctrl Pts',(74.2494492424669,35.4902381492584,-10.8237662262751));
#3286=CARTESIAN_POINT('Ctrl Pts',(72.9426195616373,35.9024431833192,-10.8344907791468));
#3287=CARTESIAN_POINT('Ctrl Pts',(76.6602628051832,34.6864310168,-9.4817278242096));
#3288=CARTESIAN_POINT('Ctrl Pts',(75.7204678116922,35.2307908076457,-10.4291094032775));
#3289=CARTESIAN_POINT('Ctrl Pts',(74.422456693207,35.8368043291998,-10.9669054563824));
#3290=CARTESIAN_POINT('Ctrl Pts',(73.0589257991674,36.2780945286404,-10.971721875));
#3291=CARTESIAN_POINT('Ctrl Pts',(76.7420970166567,34.8423662183343,-9.47172187499743));
#3292=CARTESIAN_POINT('Ctrl Pts',(75.7976679982285,35.3817415441774,-10.4260935561488));
#3293=CARTESIAN_POINT('Ctrl Pts',(74.4834141790476,35.990978608107,-10.971721875));
#3294=CARTESIAN_POINT('Ctrl Pts',(73.1087022214623,36.4388647538444,-10.971721875));
#3295=CARTESIAN_POINT('Ctrl Pts',(75.9077464277835,34.3981806054968,-8.90922187499775));
#3296=CARTESIAN_POINT('Ctrl Pts',(75.1310661769905,34.8564806468151,-9.74429709600557));
#3297=CARTESIAN_POINT('Ctrl Pts',(74.042872649608,35.3645093106067,-10.221721875));
#3298=CARTESIAN_POINT('Ctrl Pts',(72.8868816390477,35.7224182246343,-10.221721875));
#3299=CARTESIAN_POINT('Ctrl Pts',(65.2693051173695,36.7522667856441,-10.221721875));
#3300=CARTESIAN_POINT('Ctrl Pts',(64.0111700915379,36.8111537765234,-10.2217218749283));
#3301=CARTESIAN_POINT('Ctrl Pts',(62.750839970528,36.8590565620093,-9.74590252149684));
#3302=CARTESIAN_POINT('Ctrl Pts',(61.8000552406041,36.9018983162541,-8.90922187499993));
#3303=CARTESIAN_POINT('Ctrl Pts',(65.2693051173568,36.7522667856447,-10.4461213502566));
#3304=CARTESIAN_POINT('Ctrl Pts',(63.956963914893,36.813658271857,-10.4469293210768));
#3305=CARTESIAN_POINT('Ctrl Pts',(62.6423555045211,36.8634037709073,-9.95204983520585));
#3306=CARTESIAN_POINT('Ctrl Pts',(61.650261683788,36.9086479185001,-9.07929611242262));
#3307=CARTESIAN_POINT('Ctrl Pts',(65.278115987129,36.9405131832054,-10.8344951217914));
#3308=CARTESIAN_POINT('Ctrl Pts',(63.8712640026421,37.0077790359786,-10.8365892453069));
#3309=CARTESIAN_POINT('Ctrl Pts',(62.4620133439326,37.062873927204,-10.3082070661149));
#3310=CARTESIAN_POINT('Ctrl Pts',(61.3998031251287,37.1127689597111,-9.37350994867369));
#3311=CARTESIAN_POINT('Ctrl Pts',(65.296501821758,37.3333310567334,-10.9717218750002));
#3312=CARTESIAN_POINT('Ctrl Pts',(63.8535648852182,37.4044388539776,-10.9726623501058));
#3313=CARTESIAN_POINT('Ctrl Pts',(62.4141693765734,37.4639094882379,-10.4302929512385));
#3314=CARTESIAN_POINT('Ctrl Pts',(61.3294529001866,37.5159382295117,-9.47380744903464));
#3315=CARTESIAN_POINT('Ctrl Pts',(65.3043704680628,37.5014466179822,-10.971721875));
#3316=CARTESIAN_POINT('Ctrl Pts',(63.860344228282,37.5731906494373,-10.971721874918));
#3317=CARTESIAN_POINT('Ctrl Pts',(62.4221781042306,37.6335484210174,-10.4279283281395));
#3318=CARTESIAN_POINT('Ctrl Pts',(61.3389434000586,37.6857118858072,-9.47172187499992));
#3319=CARTESIAN_POINT('',(61.8000552406041,36.9018983162541,-8.90922187499993));
#3320=CARTESIAN_POINT('Origin',(61.8338155076898,37.6511380938729,-8.90922187499993));
#3321=CARTESIAN_POINT('Ctrl Pts',(65.2693051173695,36.7522667856441,-10.221721875));
#3322=CARTESIAN_POINT('Ctrl Pts',(64.0111700915379,36.8111537765234,-10.2217218749283));
#3323=CARTESIAN_POINT('Ctrl Pts',(62.750839970528,36.8590565620093,-9.74590252149684));
#3324=CARTESIAN_POINT('Ctrl Pts',(61.8000552406041,36.9018983162541,-8.90922187499993));
#3325=CARTESIAN_POINT('Ctrl Pts',(57.3767387593108,37.9161013837922,-7.971721875));
#3326=CARTESIAN_POINT('Ctrl Pts',(58.8177757031646,37.8015214280978,-7.971721875));
#3327=CARTESIAN_POINT('Ctrl Pts',(60.2554857563639,37.731178953589,-8.51573087658992));
#3328=CARTESIAN_POINT('Ctrl Pts',(61.3389434000587,37.6857118858072,-9.47172187499993));
#3329=CARTESIAN_POINT('Ctrl Pts',(57.3591908753612,37.6923890768794,-7.971721875));
#3330=CARTESIAN_POINT('Ctrl Pts',(58.8033344468591,37.5778613036146,-7.97124671909599));
#3331=CARTESIAN_POINT('Ctrl Pts',(60.2441128480987,37.5058370664948,-8.51815816405186));
#3332=CARTESIAN_POINT('Ctrl Pts',(61.3262894002293,37.4593470107465,-9.47450264037956));
#3333=CARTESIAN_POINT('Ctrl Pts',(57.328820053383,37.3052012730897,-7.78327217916698));
#3334=CARTESIAN_POINT('Ctrl Pts',(58.8252959716061,37.1874419571171,-7.78253950291906));
#3335=CARTESIAN_POINT('Ctrl Pts',(60.3140904147266,37.1095873739696,-8.34758296076672));
#3336=CARTESIAN_POINT('Ctrl Pts',(61.4315065801945,37.058871440082,-9.33483526157655));
#3337=CARTESIAN_POINT('Ctrl Pts',(57.318089277412,37.1683980748032,-7.39002148144231));
#3338=CARTESIAN_POINT('Ctrl Pts',(58.9112258047111,37.0434372104517,-7.38980324752574));
#3339=CARTESIAN_POINT('Ctrl Pts',(60.4967236485564,36.9611709271253,-7.98770852762063));
#3340=CARTESIAN_POINT('Ctrl Pts',(61.6877100729921,36.9069605179386,-9.03677755306694));
#3341=CARTESIAN_POINT('Ctrl Pts',(57.318089277412,37.1683980748032,-7.221721875));
#3342=CARTESIAN_POINT('Ctrl Pts',(58.9515539770647,37.0402699025953,-7.221721875));
#3343=CARTESIAN_POINT('Ctrl Pts',(60.5778931732511,36.956968160446,-7.83373200178893));
#3344=CARTESIAN_POINT('Ctrl Pts',(61.8000552406041,36.9018983162541,-8.90922187499992));
#3345=CARTESIAN_POINT('Ctrl Pts',(57.3767387593108,37.9161013837922,-7.971721875));
#3346=CARTESIAN_POINT('Ctrl Pts',(58.8177757031646,37.8015214280978,-7.971721875));
#3347=CARTESIAN_POINT('Ctrl Pts',(60.2554857563639,37.731178953589,-8.51573087658992));
#3348=CARTESIAN_POINT('Ctrl Pts',(61.3389434000587,37.6857118858072,-9.47172187499993));
#3349=CARTESIAN_POINT('Ctrl Pts',(61.8000552406041,36.9018983162541,-8.90922187499992));
#3350=CARTESIAN_POINT('Ctrl Pts',(61.3825507553168,36.9207108023951,-8.54182228214628));
#3351=CARTESIAN_POINT('Ctrl Pts',(60.9178794687106,36.9428179042549,-8.22851000783519));
#3352=CARTESIAN_POINT('Ctrl Pts',(60.4218700358074,36.9688811708792,-7.97520628749524));
#3353=CARTESIAN_POINT('Ctrl Pts',(83.5658504817951,15.6126088721549,6.42827812499994));
#3354=CARTESIAN_POINT('Ctrl Pts',(83.5658504817951,15.6126088721549,-23.4424876894961));
#3355=CARTESIAN_POINT('Ctrl Pts',(83.401610817456,16.9502335957464,6.42827812499994));
#3356=CARTESIAN_POINT('Ctrl Pts',(83.401610817456,16.9502335957464,-23.4424876894961));
#3357=CARTESIAN_POINT('Ctrl Pts',(83.2373711531169,18.2878583193386,6.42827812499994));
#3358=CARTESIAN_POINT('Ctrl Pts',(83.2373711531169,18.2878583193386,-23.4424876894961));
#3359=CARTESIAN_POINT('Ctrl Pts',(83.0731314887778,19.6254830429299,6.42827812499994));
#3360=CARTESIAN_POINT('Ctrl Pts',(83.0731314887778,19.6254830429299,-23.4424876894961));
#3361=CARTESIAN_POINT('Ctrl Pts',(83.0253829060775,20.0143640418866,6.42827812499994));
#3362=CARTESIAN_POINT('Ctrl Pts',(83.0253829060775,20.0143640418866,-23.4424876894961));
#3363=CARTESIAN_POINT('Ctrl Pts',(82.9776343233771,20.4032450408433,6.42827812499994));
#3364=CARTESIAN_POINT('Ctrl Pts',(82.9776343233771,20.4032450408433,-23.4424876894961));
#3365=CARTESIAN_POINT('Ctrl Pts',(82.9298857406769,20.7921260397988,6.42827812499994));
#3366=CARTESIAN_POINT('Ctrl Pts',(82.9298857406769,20.7921260397988,-23.4424876894961));
#3367=CARTESIAN_POINT('Ctrl Pts',(82.8453979777811,21.4802236497464,6.42827812499994));
#3368=CARTESIAN_POINT('Ctrl Pts',(82.8453979777811,21.4802236497464,-23.4424876894961));
#3369=CARTESIAN_POINT('Ctrl Pts',(82.7519780034646,22.1409712014521,6.42827812499994));
#3370=CARTESIAN_POINT('Ctrl Pts',(82.7519780034646,22.1409712014521,-23.4424876894961));
#3371=CARTESIAN_POINT('Ctrl Pts',(82.6491170510352,22.7726716304435,6.42827812499994));
#3372=CARTESIAN_POINT('Ctrl Pts',(82.6491170510352,22.7726716304435,-23.4424876894961));
#3373=CARTESIAN_POINT('Ctrl Pts',(82.43330859941,24.0980170433702,6.42827812499994));
#3374=CARTESIAN_POINT('Ctrl Pts',(82.43330859941,24.0980170433702,-23.4424876894961));
#3375=CARTESIAN_POINT('Ctrl Pts',(82.175259567507,25.2951453842911,6.42827812499994));
#3376=CARTESIAN_POINT('Ctrl Pts',(82.175259567507,25.2951453842911,-23.4424876894961));
#3377=CARTESIAN_POINT('Ctrl Pts',(81.8691114421662,26.3535984236574,6.42827812499994));
#3378=CARTESIAN_POINT('Ctrl Pts',(81.8691114421662,26.3535984236574,-23.4424876894961));
#3379=CARTESIAN_POINT('Ctrl Pts',(81.3712287072421,28.0749399913769,6.42827812499994));
#3380=CARTESIAN_POINT('Ctrl Pts',(81.3712287072421,28.0749399913769,-23.4424876894961));
#3381=CARTESIAN_POINT('Ctrl Pts',(80.7315869222208,29.5222131600128,6.42827812499994));
#3382=CARTESIAN_POINT('Ctrl Pts',(80.7315869222208,29.5222131600128,-23.4424876894961));
#3383=CARTESIAN_POINT('Ctrl Pts',(79.7839658427341,30.8558928417797,6.42827812499994));
#3384=CARTESIAN_POINT('Ctrl Pts',(79.7839658427341,30.8558928417797,-23.4424876894961));
#3385=CARTESIAN_POINT('Ctrl Pts',(78.8312503296504,32.1967424174267,6.42827812499994));
#3386=CARTESIAN_POINT('Ctrl Pts',(78.8312503296504,32.1967424174267,-23.4424876894961));
#3387=CARTESIAN_POINT('Ctrl Pts',(77.6000254429204,33.3480320757121,6.42827812499994));
#3388=CARTESIAN_POINT('Ctrl Pts',(77.6000254429204,33.3480320757121,-23.4424876894961));
#3389=CARTESIAN_POINT('Ctrl Pts',(76.1799478871987,34.2330865020092,6.42827812499994));
#3390=CARTESIAN_POINT('Ctrl Pts',(76.1799478871987,34.2330865020092,-23.4424876894961));
#3391=CARTESIAN_POINT('Ctrl Pts',(75.1059274538164,34.9024629981509,6.42827812499994));
#3392=CARTESIAN_POINT('Ctrl Pts',(75.1059274538164,34.9024629981509,-23.4424876894961));
#3393=CARTESIAN_POINT('Ctrl Pts',(73.9909862831467,35.3789980614065,6.42827812499994));
#3394=CARTESIAN_POINT('Ctrl Pts',(73.9909862831467,35.3789980614065,-23.4424876894961));
#3395=CARTESIAN_POINT('Ctrl Pts',(72.906821891742,35.716230126759,6.42827812499994));
#3396=CARTESIAN_POINT('Ctrl Pts',(72.906821891742,35.716230126759,-23.4424876894961));
#3397=CARTESIAN_POINT('Ctrl Pts',(71.9942545749028,36.0000864897522,6.42827812499994));
#3398=CARTESIAN_POINT('Ctrl Pts',(71.9942545749028,36.0000864897522,-23.4424876894961));
#3399=CARTESIAN_POINT('Ctrl Pts',(71.096766036298,36.1886439274438,6.42827812499994));
#3400=CARTESIAN_POINT('Ctrl Pts',(71.096766036298,36.1886439274438,-23.4424876894961));
#3401=CARTESIAN_POINT('Ctrl Pts',(70.2505412968337,36.3221913366441,6.42827812499994));
#3402=CARTESIAN_POINT('Ctrl Pts',(70.2505412968337,36.3221913366441,-23.4424876894961));
#3403=CARTESIAN_POINT('Ctrl Pts',(69.4465862498356,36.4490679317529,6.42827812499994));
#3404=CARTESIAN_POINT('Ctrl Pts',(69.4465862498356,36.4490679317529,-23.4424876894961));
#3405=CARTESIAN_POINT('Ctrl Pts',(68.5952235637862,36.540286401513,6.42827812499994));
#3406=CARTESIAN_POINT('Ctrl Pts',(68.5952235637862,36.540286401513,-23.4424876894961));
#3407=CARTESIAN_POINT('Ctrl Pts',(67.6820364841957,36.6102703722226,6.42827812499994));
#3408=CARTESIAN_POINT('Ctrl Pts',(67.6820364841957,36.6102703722226,-23.4424876894961));
#3409=CARTESIAN_POINT('Ctrl Pts',(64.241146111141,36.8739700855288,6.42827812499994));
#3410=CARTESIAN_POINT('Ctrl Pts',(64.241146111141,36.8739700855288,-23.4424876894961));
#3411=CARTESIAN_POINT('Ctrl Pts',(59.9643089706387,36.8373780770319,6.42827812499994));
#3412=CARTESIAN_POINT('Ctrl Pts',(59.9643089706387,36.8373780770319,-23.4424876894961));
#3413=CARTESIAN_POINT('Ctrl Pts',(54.5319701278111,37.4282026239147,6.42827812499994));
#3414=CARTESIAN_POINT('Ctrl Pts',(54.5319701278111,37.4282026239147,-23.4424876894961));
#3415=CARTESIAN_POINT('Ctrl Pts',(53.5633525572105,37.5335500725571,6.42827812499994));
#3416=CARTESIAN_POINT('Ctrl Pts',(53.5633525572105,37.5335500725571,-23.4424876894961));
#3417=CARTESIAN_POINT('Ctrl Pts',(52.5314418238993,37.6638110995117,6.42827812499994));
#3418=CARTESIAN_POINT('Ctrl Pts',(52.5314418238993,37.6638110995117,-23.4424876894961));
#3419=CARTESIAN_POINT('Ctrl Pts',(51.5800229529441,37.8008589268007,6.42827812499994));
#3420=CARTESIAN_POINT('Ctrl Pts',(51.5800229529441,37.8008589268007,-23.4424876894961));
#3421=CARTESIAN_POINT('Ctrl Pts',(50.5315365975009,37.9518889109037,6.42827812499994));
#3422=CARTESIAN_POINT('Ctrl Pts',(50.5315365975009,37.9518889109037,-23.4424876894961));
#3423=CARTESIAN_POINT('Ctrl Pts',(49.5460504969137,38.1132845265382,6.42827812499994));
#3424=CARTESIAN_POINT('Ctrl Pts',(49.5460504969137,38.1132845265382,-23.4424876894961));
#3425=CARTESIAN_POINT('Ctrl Pts',(48.5658941336788,38.2908433150618,6.42827812499994));
#3426=CARTESIAN_POINT('Ctrl Pts',(48.5658941336788,38.2908433150618,-23.4424876894961));
#3427=CARTESIAN_POINT('Ctrl Pts',(47.5817259364248,38.4691288614936,6.42827812499994));
#3428=CARTESIAN_POINT('Ctrl Pts',(47.5817259364248,38.4691288614936,-23.4424876894961));
#3429=CARTESIAN_POINT('Ctrl Pts',(46.5998281467595,38.6470031155683,6.42827812499994));
#3430=CARTESIAN_POINT('Ctrl Pts',(46.5998281467595,38.6470031155683,-23.4424876894961));
#3431=CARTESIAN_POINT('Ctrl Pts',(45.5594556318236,38.8354702727427,6.42827812499994));
#3432=CARTESIAN_POINT('Ctrl Pts',(45.5594556318236,38.8354702727427,-23.4424876894961));
#3433=CARTESIAN_POINT('Ctrl Pts',(44.4528976120634,39.0359271679786,6.42827812499994));
#3434=CARTESIAN_POINT('Ctrl Pts',(44.4528976120634,39.0359271679786,-23.4424876894961));
#3435=CARTESIAN_POINT('Ctrl Pts',(43.2531981212051,39.2532569698137,6.42827812499994));
#3436=CARTESIAN_POINT('Ctrl Pts',(43.2531981212051,39.2532569698137,-23.4424876894961));
#3437=CARTESIAN_POINT('Ctrl Pts',(42.0752154887244,39.4666526860185,6.42827812499994));
#3438=CARTESIAN_POINT('Ctrl Pts',(42.0752154887244,39.4666526860185,-23.4424876894961));
#3439=CARTESIAN_POINT('Ctrl Pts',(41.4215872217046,39.5850597561453,6.42827812499994));
#3440=CARTESIAN_POINT('Ctrl Pts',(41.4215872217046,39.5850597561453,-23.4424876894961));
#3441=CARTESIAN_POINT('Ctrl Pts',(40.7679589546849,39.7034668262722,6.42827812499994));
#3442=CARTESIAN_POINT('Ctrl Pts',(40.7679589546849,39.7034668262722,-23.4424876894961));
#3443=CARTESIAN_POINT('Ctrl Pts',(40.1143306876652,39.821873896399,6.42827812499994));
#3444=CARTESIAN_POINT('Ctrl Pts',(40.1143306876652,39.821873896399,-23.4424876894961));
#3445=CARTESIAN_POINT('Origin',(57.3289998748351,37.2327906719855,-13.971721875));
#3446=CARTESIAN_POINT('Origin',(51.2585177582653,34.2820749551443,-3.721721875));
#3447=CARTESIAN_POINT('',(47.2747862315459,35.732034652178,-4.021721875));
#3448=CARTESIAN_POINT('Origin',(51.268479869886,34.2784490430439,-4.021721875));
#3449=CARTESIAN_POINT('Origin',(29.1410477130195,33.019219914092,-8.371721875));
#3450=CARTESIAN_POINT('',(29.1410477130195,33.019219914092,0.278278125000001));
#3451=CARTESIAN_POINT('Origin',(29.2459799489738,35.5170167885111,-8.371721875));
#3452=UNCERTAINTY_MEASURE_WITH_UNIT(LENGTH_MEASURE(0.01),#3456,
'DISTANCE_ACCURACY_VALUE',
'Maximum model space distance between geometric entities at asserted c
onnectivities');
#3453=UNCERTAINTY_MEASURE_WITH_UNIT(LENGTH_MEASURE(0.01),#3456,
'DISTANCE_ACCURACY_VALUE',
'Maximum model space distance between geometric entities at asserted c
onnectivities');
#3454=(
GEOMETRIC_REPRESENTATION_CONTEXT(3)
GLOBAL_UNCERTAINTY_ASSIGNED_CONTEXT((#3452))
GLOBAL_UNIT_ASSIGNED_CONTEXT((#3456,#3458,#3459))
REPRESENTATION_CONTEXT('','3D')
);
#3455=(
GEOMETRIC_REPRESENTATION_CONTEXT(3)
GLOBAL_UNCERTAINTY_ASSIGNED_CONTEXT((#3453))
GLOBAL_UNIT_ASSIGNED_CONTEXT((#3456,#3458,#3459))
REPRESENTATION_CONTEXT('','3D')
);
#3456=(
LENGTH_UNIT()
NAMED_UNIT(*)
SI_UNIT(.MILLI.,.METRE.)
);
#3457=(
LENGTH_UNIT()
NAMED_UNIT(*)
SI_UNIT($,.METRE.)
);
#3458=(
NAMED_UNIT(*)
PLANE_ANGLE_UNIT()
SI_UNIT($,.RADIAN.)
);
#3459=(
NAMED_UNIT(*)
SI_UNIT($,.STERADIAN.)
SOLID_ANGLE_UNIT()
);
#3460=SHAPE_DEFINITION_REPRESENTATION(#3461,#3462);
#3461=PRODUCT_DEFINITION_SHAPE('',$,#3464);
#3462=SHAPE_REPRESENTATION('',(#1344),#3454);
#3463=PRODUCT_DEFINITION_CONTEXT('part definition',#3468,'design');
#3464=PRODUCT_DEFINITION('2026-08-13-17-45-22-372','Shoulder Button',#3465,
#3463);
#3465=PRODUCT_DEFINITION_FORMATION('',$,#3470);
#3466=PRODUCT_RELATED_PRODUCT_CATEGORY('Shoulder Button',
'Shoulder Button',(#3470));
#3467=APPLICATION_PROTOCOL_DEFINITION('international standard',
'automotive_design',2009,#3468);
#3468=APPLICATION_CONTEXT(
'Core Data for Automotive Mechanical Design Process');
#3469=PRODUCT_CONTEXT('part definition',#3468,'mechanical');
#3470=PRODUCT('2026-08-13-17-45-22-372','Shoulder Button',$,(#3469));
#3471=PRESENTATION_STYLE_ASSIGNMENT((#3473));
#3472=PRESENTATION_STYLE_ASSIGNMENT((#3474));
#3473=SURFACE_STYLE_USAGE(.BOTH.,#3475);
#3474=SURFACE_STYLE_USAGE(.BOTH.,#3476);
#3475=SURFACE_SIDE_STYLE('',(#3477));
#3476=SURFACE_SIDE_STYLE('',(#3478));
#3477=SURFACE_STYLE_FILL_AREA(#3479);
#3478=SURFACE_STYLE_FILL_AREA(#3480);
#3479=FILL_AREA_STYLE('Steel - Satin',(#3481));
#3480=FILL_AREA_STYLE('Plastic - Matte (Red)',(#3482));
#3481=FILL_AREA_STYLE_COLOUR('Steel - Satin',#3483);
#3482=FILL_AREA_STYLE_COLOUR('Plastic - Matte (Red)',#3484);
#3483=COLOUR_RGB('Steel - Satin',0.627450980392157,0.627450980392157,0.627450980392157);
#3484=COLOUR_RGB('Plastic - Matte (Red)',0.768627450980392,0.207843137254902,
0.152941176470588);
ENDSEC;
END-ISO-10303-21;
