ISO-10303-21;
HEADER;
/* Generated by software containing ST-Developer
 * from STEP Tools, Inc. (www.steptools.com) 
 */

FILE_DESCRIPTION(
/* description */ (''),
/* implementation_level */ '2;1');

FILE_NAME(
/* name */ 'Side Plastic (also mirrored).step',
/* time_stamp */ '2026-08-13T17:45:30+02:00',
/* author */ (''),
/* organization */ (''),
/* preprocessor_version */ 'ST-DEVELOPER v20.1',
/* originating_system */ 'Autodesk Translation Framework v15.8.0.0',
/* authorisation */ '');

FILE_SCHEMA (('AUTOMOTIVE_DESIGN { 1 0 10303 214 3 1 1 }'));
ENDSEC;

DATA;
#10=MECHANICAL_DESIGN_GEOMETRIC_PRESENTATION_REPRESENTATION('',(#13),#2222);
#11=SHAPE_REPRESENTATION_RELATIONSHIP('SRR','None',#2229,#12);
#12=ADVANCED_BREP_SHAPE_REPRESENTATION('',(#14),#2221);
#13=STYLED_ITEM('',(#2239),#14);
#14=MANIFOLD_SOLID_BREP('Body1',#669);
#15=(
BOUNDED_SURFACE()
B_SPLINE_SURFACE(2,2,((#2069,#2070,#2071,#2072,#2073),(#2074,#2075,#2076,
#2077,#2078),(#2079,#2080,#2081,#2082,#2083)),.UNSPECIFIED.,.F.,.F.,.F.)
B_SPLINE_SURFACE_WITH_KNOTS((3,3),(3,2,3),(-3.14159265358979,-1.57079632679489),
(-3.14159265358979,-2.28675127757399,-1.43190990155819),.UNSPECIFIED.)
GEOMETRIC_REPRESENTATION_ITEM()
RATIONAL_B_SPLINE_SURFACE(((1.,0.910037964737635,1.,0.910037964737635,1.),
(0.707106781186569,0.643494016003205,0.707106781186569,0.643494016003205,
0.707106781186569),(1.,0.910037964737635,1.,0.910037964737635,1.)))
REPRESENTATION_ITEM('')
SURFACE()
);
#16=(
BOUNDED_SURFACE()
B_SPLINE_SURFACE(2,2,((#2098,#2099,#2100,#2101,#2102),(#2103,#2104,#2105,
#2106,#2107),(#2108,#2109,#2110,#2111,#2112)),.UNSPECIFIED.,.F.,.F.,.F.)
B_SPLINE_SURFACE_WITH_KNOTS((3,3),(3,2,3),(-3.14159265358979,-1.5707963267949),
(1.43190990155819,2.28675127757404,3.14159265358984),.UNSPECIFIED.)
GEOMETRIC_REPRESENTATION_ITEM()
RATIONAL_B_SPLINE_SURFACE(((1.,0.91003796473763,1.,0.91003796473763,1.),
(0.707106781186572,0.643494016003204,0.707106781186572,0.643494016003204,
0.707106781186572),(1.,0.91003796473763,1.,0.91003796473763,1.)))
REPRESENTATION_ITEM('')
SURFACE()
);
#17=ELLIPSE('',#707,2.34634629883473,0.7);
#18=ELLIPSE('',#708,2.34634629883472,0.7);
#19=ELLIPSE('',#711,2.34634629883481,0.7);
#20=ELLIPSE('',#712,2.34634629883481,0.7);
#21=FACE_BOUND('',#120,.T.);
#22=FACE_BOUND('',#121,.T.);
#23=FACE_BOUND('',#122,.T.);
#24=CYLINDRICAL_SURFACE('',#685,4.5);
#25=CYLINDRICAL_SURFACE('',#696,0.9);
#26=CYLINDRICAL_SURFACE('',#699,0.900000000000001);
#27=CYLINDRICAL_SURFACE('',#702,0.899999999999999);
#28=CYLINDRICAL_SURFACE('',#713,0.7);
#29=CYLINDRICAL_SURFACE('',#716,0.7);
#30=CYLINDRICAL_SURFACE('',#717,0.7);
#31=CYLINDRICAL_SURFACE('',#720,0.7);
#32=CYLINDRICAL_SURFACE('',#729,0.25);
#33=CIRCLE('',#684,0.700000000000001);
#34=CIRCLE('',#687,0.700000000000001);
#35=CIRCLE('',#690,0.9);
#36=CIRCLE('',#691,0.900000000000001);
#37=CIRCLE('',#692,0.899999999999999);
#38=CIRCLE('',#697,0.9);
#39=CIRCLE('',#700,0.900000000000001);
#40=CIRCLE('',#703,0.899999999999999);
#41=CIRCLE('',#709,0.249999999999999);
#42=CIRCLE('',#710,0.25);
#43=CIRCLE('',#714,0.699999999999994);
#44=CIRCLE('',#715,0.700000000000001);
#45=CIRCLE('',#718,0.7);
#46=CIRCLE('',#719,0.7);
#47=CIRCLE('',#721,0.700000000000001);
#48=CIRCLE('',#722,0.7);
#49=CIRCLE('',#723,0.0675444679663241);
#50=CIRCLE('',#724,0.7);
#51=PLANE('',#683);
#52=PLANE('',#686);
#53=PLANE('',#688);
#54=PLANE('',#689);
#55=PLANE('',#693);
#56=PLANE('',#694);
#57=PLANE('',#695);
#58=PLANE('',#698);
#59=PLANE('',#701);
#60=PLANE('',#704);
#61=PLANE('',#705);
#62=PLANE('',#706);
#63=PLANE('',#725);
#64=PLANE('',#726);
#65=PLANE('',#727);
#66=PLANE('',#728);
#67=PLANE('',#730);
#68=PLANE('',#731);
#69=FACE_OUTER_BOUND('',#110,.T.);
#70=FACE_OUTER_BOUND('',#111,.T.);
#71=FACE_OUTER_BOUND('',#112,.T.);
#72=FACE_OUTER_BOUND('',#113,.T.);
#73=FACE_OUTER_BOUND('',#114,.T.);
#74=FACE_OUTER_BOUND('',#115,.T.);
#75=FACE_OUTER_BOUND('',#116,.T.);
#76=FACE_OUTER_BOUND('',#117,.T.);
#77=FACE_OUTER_BOUND('',#118,.T.);
#78=FACE_OUTER_BOUND('',#119,.T.);
#79=FACE_OUTER_BOUND('',#123,.T.);
#80=FACE_OUTER_BOUND('',#124,.T.);
#81=FACE_OUTER_BOUND('',#125,.T.);
#82=FACE_OUTER_BOUND('',#126,.T.);
#83=FACE_OUTER_BOUND('',#127,.T.);
#84=FACE_OUTER_BOUND('',#128,.T.);
#85=FACE_OUTER_BOUND('',#129,.T.);
#86=FACE_OUTER_BOUND('',#130,.T.);
#87=FACE_OUTER_BOUND('',#131,.T.);
#88=FACE_OUTER_BOUND('',#132,.T.);
#89=FACE_OUTER_BOUND('',#133,.T.);
#90=FACE_OUTER_BOUND('',#134,.T.);
#91=FACE_OUTER_BOUND('',#135,.T.);
#92=FACE_OUTER_BOUND('',#136,.T.);
#93=FACE_OUTER_BOUND('',#137,.T.);
#94=FACE_OUTER_BOUND('',#138,.T.);
#95=FACE_OUTER_BOUND('',#139,.T.);
#96=FACE_OUTER_BOUND('',#140,.T.);
#97=FACE_OUTER_BOUND('',#141,.T.);
#98=FACE_OUTER_BOUND('',#142,.T.);
#99=FACE_OUTER_BOUND('',#143,.T.);
#100=FACE_OUTER_BOUND('',#144,.T.);
#101=FACE_OUTER_BOUND('',#145,.T.);
#102=FACE_OUTER_BOUND('',#146,.T.);
#103=FACE_OUTER_BOUND('',#147,.T.);
#104=FACE_OUTER_BOUND('',#148,.T.);
#105=FACE_OUTER_BOUND('',#149,.T.);
#106=FACE_OUTER_BOUND('',#150,.T.);
#107=FACE_OUTER_BOUND('',#151,.T.);
#108=FACE_OUTER_BOUND('',#152,.T.);
#109=FACE_OUTER_BOUND('',#153,.T.);
#110=EDGE_LOOP('',(#424,#425,#426,#427));
#111=EDGE_LOOP('',(#428,#429,#430,#431));
#112=EDGE_LOOP('',(#432,#433,#434,#435));
#113=EDGE_LOOP('',(#436,#437,#438,#439));
#114=EDGE_LOOP('',(#440,#441,#442,#443));
#115=EDGE_LOOP('',(#444,#445,#446,#447,#448,#449,#450,#451));
#116=EDGE_LOOP('',(#452,#453,#454,#455));
#117=EDGE_LOOP('',(#456,#457,#458,#459,#460,#461,#462,#463));
#118=EDGE_LOOP('',(#464,#465,#466,#467,#468));
#119=EDGE_LOOP('',(#469,#470,#471,#472));
#120=EDGE_LOOP('',(#473));
#121=EDGE_LOOP('',(#474));
#122=EDGE_LOOP('',(#475));
#123=EDGE_LOOP('',(#476,#477,#478,#479,#480,#481,#482,#483,#484,#485,#486,
#487,#488,#489,#490,#491));
#124=EDGE_LOOP('',(#492,#493,#494,#495,#496));
#125=EDGE_LOOP('',(#497,#498,#499));
#126=EDGE_LOOP('',(#500,#501,#502,#503));
#127=EDGE_LOOP('',(#504));
#128=EDGE_LOOP('',(#505,#506,#507,#508));
#129=EDGE_LOOP('',(#509));
#130=EDGE_LOOP('',(#510,#511,#512,#513));
#131=EDGE_LOOP('',(#514));
#132=EDGE_LOOP('',(#515,#516,#517,#518,#519,#520));
#133=EDGE_LOOP('',(#521,#522,#523));
#134=EDGE_LOOP('',(#524,#525,#526,#527,#528,#529,#530,#531,#532,#533,#534,
#535,#536,#537));
#135=EDGE_LOOP('',(#538,#539,#540));
#136=EDGE_LOOP('',(#541,#542,#543));
#137=EDGE_LOOP('',(#544,#545,#546,#547));
#138=EDGE_LOOP('',(#548,#549,#550,#551));
#139=EDGE_LOOP('',(#552,#553,#554,#555));
#140=EDGE_LOOP('',(#556,#557,#558,#559));
#141=EDGE_LOOP('',(#560,#561,#562,#563));
#142=EDGE_LOOP('',(#564,#565,#566,#567));
#143=EDGE_LOOP('',(#568,#569,#570,#571,#572));
#144=EDGE_LOOP('',(#573,#574,#575,#576));
#145=EDGE_LOOP('',(#577,#578,#579,#580,#581,#582,#583));
#146=EDGE_LOOP('',(#584,#585,#586,#587));
#147=EDGE_LOOP('',(#588,#589,#590));
#148=EDGE_LOOP('',(#591,#592,#593,#594,#595));
#149=EDGE_LOOP('',(#596,#597,#598,#599));
#150=EDGE_LOOP('',(#600,#601,#602,#603));
#151=EDGE_LOOP('',(#604,#605,#606,#607));
#152=EDGE_LOOP('',(#608,#609,#610,#611));
#153=EDGE_LOOP('',(#612,#613,#614,#615));
#154=LINE('',#1014,#194);
#155=LINE('',#1127,#195);
#156=LINE('',#1151,#196);
#157=LINE('',#1338,#197);
#158=LINE('',#1403,#198);
#159=LINE('',#1417,#199);
#160=LINE('',#1419,#200);
#161=LINE('',#1422,#201);
#162=LINE('',#1425,#202);
#163=LINE('',#1438,#203);
#164=LINE('',#1442,#204);
#165=LINE('',#1444,#205);
#166=LINE('',#1460,#206);
#167=LINE('',#1462,#207);
#168=LINE('',#1469,#208);
#169=LINE('',#1470,#209);
#170=LINE('',#1473,#210);
#171=LINE('',#1475,#211);
#172=LINE('',#1476,#212);
#173=LINE('',#1507,#213);
#174=LINE('',#1509,#214);
#175=LINE('',#1536,#215);
#176=LINE('',#1553,#216);
#177=LINE('',#1554,#217);
#178=LINE('',#1557,#218);
#179=LINE('',#1582,#219);
#180=LINE('',#1587,#220);
#181=LINE('',#1592,#221);
#182=LINE('',#1597,#222);
#183=LINE('',#1809,#223);
#184=LINE('',#2064,#224);
#185=LINE('',#2068,#225);
#186=LINE('',#2096,#226);
#187=LINE('',#2120,#227);
#188=LINE('',#2121,#228);
#189=LINE('',#2123,#229);
#190=LINE('',#2125,#230);
#191=LINE('',#2126,#231);
#192=LINE('',#2129,#232);
#193=LINE('',#2130,#233);
#194=VECTOR('',#734,10.);
#195=VECTOR('',#735,10.);
#196=VECTOR('',#736,10.);
#197=VECTOR('',#737,10.);
#198=VECTOR('',#740,10.);
#199=VECTOR('',#741,10.);
#200=VECTOR('',#742,10.);
#201=VECTOR('',#745,10.);
#202=VECTOR('',#748,10.);
#203=VECTOR('',#751,10.);
#204=VECTOR('',#754,10.);
#205=VECTOR('',#755,10.);
#206=VECTOR('',#758,10.);
#207=VECTOR('',#759,10.);
#208=VECTOR('',#760,10.);
#209=VECTOR('',#761,10.);
#210=VECTOR('',#764,10.);
#211=VECTOR('',#765,10.);
#212=VECTOR('',#766,10.);
#213=VECTOR('',#775,10.);
#214=VECTOR('',#776,10.);
#215=VECTOR('',#777,10.);
#216=VECTOR('',#780,10.);
#217=VECTOR('',#781,10.);
#218=VECTOR('',#784,10.);
#219=VECTOR('',#787,0.9);
#220=VECTOR('',#794,0.900000000000001);
#221=VECTOR('',#801,0.899999999999999);
#222=VECTOR('',#808,10.);
#223=VECTOR('',#825,10.);
#224=VECTOR('',#832,10.);
#225=VECTOR('',#837,10.);
#226=VECTOR('',#842,10.);
#227=VECTOR('',#853,10.);
#228=VECTOR('',#854,10.);
#229=VECTOR('',#857,10.);
#230=VECTOR('',#860,10.);
#231=VECTOR('',#861,10.);
#232=VECTOR('',#866,10.);
#233=VECTOR('',#867,10.);
#234=B_SPLINE_CURVE_WITH_KNOTS('',3,(#979,#980,#981,#982,#983,#984,#985),
 .UNSPECIFIED.,.F.,.F.,(4,3,4),(0.,0.0564443753148631,0.112883895537802),
 .UNSPECIFIED.);
#235=B_SPLINE_CURVE_WITH_KNOTS('',3,(#987,#988,#989,#990,#991,#992,#993,
#994,#995,#996,#997,#998,#999,#1000,#1001,#1002,#1003,#1004,#1005,#1006,
#1007,#1008,#1009,#1010,#1011,#1012),.UNSPECIFIED.,.F.,.F.,(4,1,1,1,1,1,
1,1,1,1,1,1,1,1,1,1,1,1,1,1,1,1,1,4),(0.428567989534373,0.453353492736609,
0.466975321606654,0.480597150476698,0.482299879085453,0.484002607694209,
0.48740806491172,0.490813522129231,0.494218979346742,0.501029893781764,
0.507840808216786,0.52146263708683,0.528273551521852,0.535084465956874,
0.548706294826918,0.55551720926194,0.558922666479451,0.560625395088207,
0.561476759392585,0.562328123696962,0.575949952567006,0.589571781437051,
0.603193610307095,0.616815439177139),.UNSPECIFIED.);
#236=B_SPLINE_CURVE_WITH_KNOTS('',3,(#1015,#1016,#1017,#1018,#1019,#1020,
#1021,#1022,#1023,#1024,#1025,#1026,#1027,#1028,#1029,#1030,#1031,#1032,
#1033,#1034,#1035,#1036,#1037,#1038,#1039,#1040),.UNSPECIFIED.,.F.,.F.,
(4,1,1,1,1,1,1,1,1,1,1,1,1,1,1,1,1,1,1,1,1,1,1,4),(-0.616815439177139,-0.603193610307095,
-0.589571781437051,-0.575949952567006,-0.562328123696962,-0.561476759392585,
-0.560625395088207,-0.558922666479451,-0.55551720926194,-0.548706294826918,
-0.535084465956874,-0.528273551521852,-0.52146263708683,-0.507840808216786,
-0.501029893781764,-0.494218979346742,-0.490813522129231,-0.48740806491172,
-0.484002607694209,-0.482299879085453,-0.480597150476698,-0.466975321606654,
-0.453353492736609,-0.426109834996521),.UNSPECIFIED.);
#237=B_SPLINE_CURVE_WITH_KNOTS('',3,(#1129,#1130,#1131,#1132,#1133,#1134,
#1135,#1136,#1137,#1138,#1139,#1140,#1141,#1142,#1143,#1144,#1145,#1146,
#1147,#1148,#1149),.UNSPECIFIED.,.F.,.F.,(4,2,2,2,1,2,2,2,2,2,4),(0.0185256681660901,
0.036190798038894,0.0919114570734196,0.196706296664496,0.539115614211205,
0.881524931757913,1.03639609999777,1.17969705863762,1.31794426848165,1.38580233032626,
1.42391575781707),.UNSPECIFIED.);
#238=B_SPLINE_CURVE_WITH_KNOTS('',3,(#1152,#1153,#1154,#1155,#1156,#1157,
#1158,#1159,#1160,#1161,#1162,#1163,#1164,#1165,#1166,#1167,#1168,#1169,
#1170,#1171,#1172),.UNSPECIFIED.,.F.,.F.,(4,2,2,2,2,2,1,2,2,2,4),(-1.42391575781707,
-1.38580233032626,-1.31794426848165,-1.17969705863762,-1.03639609999777,
-0.881524931757913,-0.539115614211205,-0.196706296664496,-0.0919114570734196,
-0.036190798038894,-0.0185256681660901),.UNSPECIFIED.);
#239=B_SPLINE_CURVE_WITH_KNOTS('',3,(#1189,#1190,#1191,#1192),
 .UNSPECIFIED.,.F.,.F.,(4,4),(-0.0185256681660877,-1.23397948359301E-10),
 .UNSPECIFIED.);
#240=B_SPLINE_CURVE_WITH_KNOTS('',3,(#1193,#1194,#1195,#1196),
 .UNSPECIFIED.,.F.,.F.,(4,4),(1.23397948359301E-10,0.0185256681660877),
 .UNSPECIFIED.);
#241=B_SPLINE_CURVE_WITH_KNOTS('',3,(#1303,#1304,#1305,#1306,#1307,#1308,
#1309),.UNSPECIFIED.,.F.,.F.,(4,3,4),(-6.93889390390723E-18,0.0564189150733006,
0.112868471199636),.UNSPECIFIED.);
#242=B_SPLINE_CURVE_WITH_KNOTS('',3,(#1311,#1312,#1313,#1314,#1315,#1316,
#1317,#1318,#1319,#1320,#1321,#1322,#1323,#1324,#1325,#1326,#1327,#1328,
#1329,#1330,#1331,#1332,#1333,#1334,#1335,#1336),.UNSPECIFIED.,.F.,.F.,
(4,1,1,1,1,1,1,1,1,1,1,1,1,1,1,1,1,1,1,1,1,1,1,4),(0.426109834996521,0.45335349273661,
0.466975321606654,0.480597150476698,0.482299879085453,0.484002607694209,
0.48740806491172,0.490813522129231,0.494218979346742,0.501029893781764,
0.507840808216786,0.52146263708683,0.528273551521852,0.535084465956874,
0.548706294826918,0.55551720926194,0.558922666479451,0.560625395088207,
0.561476759392585,0.562328123696962,0.575949952567006,0.589571781437051,
0.603193610307095,0.616815439177139),.UNSPECIFIED.);
#243=B_SPLINE_CURVE_WITH_KNOTS('',3,(#1339,#1340,#1341,#1342,#1343,#1344,
#1345,#1346,#1347,#1348,#1349,#1350,#1351,#1352,#1353,#1354,#1355,#1356,
#1357,#1358,#1359,#1360,#1361,#1362,#1363,#1364),.UNSPECIFIED.,.F.,.F.,
(4,1,1,1,1,1,1,1,1,1,1,1,1,1,1,1,1,1,1,1,1,1,1,4),(-0.616815439177139,-0.603193610307095,
-0.589571781437051,-0.575949952567006,-0.562328123696962,-0.561476759392585,
-0.560625395088207,-0.558922666479451,-0.55551720926194,-0.548706294826918,
-0.535084465956874,-0.528273551521852,-0.52146263708683,-0.507840808216786,
-0.501029893781764,-0.494218979346742,-0.490813522129231,-0.48740806491172,
-0.484002607694209,-0.482299879085453,-0.480597150476698,-0.466975321606654,
-0.45335349273661,-0.428567989806804),.UNSPECIFIED.);
#244=B_SPLINE_CURVE_WITH_KNOTS('',3,(#1389,#1390,#1391,#1392,#1393,#1394),
 .UNSPECIFIED.,.F.,.F.,(4,2,4),(-1.44243718552274,-1.43296706356289,-1.42391575781707),
 .UNSPECIFIED.);
#245=B_SPLINE_CURVE_WITH_KNOTS('',3,(#1395,#1396,#1397,#1398,#1399,#1400),
 .UNSPECIFIED.,.F.,.F.,(4,2,4),(1.42391575781707,1.43296706356289,1.44243718552274),
 .UNSPECIFIED.);
#246=B_SPLINE_CURVE_WITH_KNOTS('',3,(#1405,#1406,#1407,#1408,#1409,#1410,
#1411,#1412,#1413,#1414,#1415),.UNSPECIFIED.,.F.,.F.,(4,1,1,1,1,1,1,1,4),
(-5.37107537378569,-3.8374380169652,-3.06995041357217,-2.68620661187566,
-2.30246281017914,-1.53497520678611,-0.767487603393074,-0.383743801696558,
-4.16150119024865E-14),.UNSPECIFIED.);
#247=B_SPLINE_CURVE_WITH_KNOTS('',3,(#1426,#1427,#1428,#1429,#1430,#1431,
#1432,#1433,#1434,#1435),.UNSPECIFIED.,.F.,.F.,(4,1,1,1,1,1,1,4),(-1.20900381469274,
-1.03628898402235,-0.863574153351956,-0.690859322681565,-0.518144492011174,
-0.345429661340782,-0.172714830670391,0.),.UNSPECIFIED.);
#248=B_SPLINE_CURVE_WITH_KNOTS('',3,(#1445,#1446,#1447,#1448,#1449,#1450,
#1451,#1452,#1453,#1454,#1455,#1456),.UNSPECIFIED.,.F.,.F.,(4,1,1,1,1,1,
1,1,1,4),(-5.37241322375126,-4.98866942205474,-4.60492562035822,-3.83743801696519,
-3.06995041357215,-2.68620661187563,-2.30246281017911,-1.53497520678607,
-0.767487603393037,-0.00133882540477464),.UNSPECIFIED.);
#249=B_SPLINE_CURVE_WITH_KNOTS('',3,(#1464,#1465,#1466,#1467),
 .UNSPECIFIED.,.F.,.F.,(4,4),(-0.75887484035344,-0.391376939574373),
 .UNSPECIFIED.);
#250=B_SPLINE_CURVE_WITH_KNOTS('',3,(#1485,#1486,#1487,#1488,#1489,#1490,
#1491,#1492),.UNSPECIFIED.,.F.,.F.,(4,2,2,4),(0.0627795797112954,0.068450131876751,
0.0797862917620794,0.0911224516474077),.UNSPECIFIED.);
#251=B_SPLINE_CURVE_WITH_KNOTS('',3,(#1494,#1495,#1496,#1497,#1498,#1499,
#1500,#1501,#1502,#1503,#1504,#1505),.UNSPECIFIED.,.F.,.F.,(4,2,2,2,2,4),
(0.0201589626283017,0.0230586667427197,0.0344095364785131,0.0457604062143065,
0.0571052690455288,0.0627795797112954),.UNSPECIFIED.);
#252=B_SPLINE_CURVE_WITH_KNOTS('',3,(#1510,#1511,#1512,#1513,#1514,#1515,
#1516,#1517,#1518,#1519,#1520,#1521,#1522,#1523,#1524,#1525),
 .UNSPECIFIED.,.F.,.F.,(4,2,2,2,2,2,2,4),(0.688057160373024,0.699393320258352,
0.710729480143681,0.722074342974903,0.733419205806125,0.744770075541919,
0.756120945277712,0.759020649392132),.UNSPECIFIED.);
#253=B_SPLINE_CURVE_WITH_KNOTS('',3,(#1527,#1528,#1529,#1530),
 .UNSPECIFIED.,.F.,.F.,(4,4),(-0.2,-0.0500000000000002),.UNSPECIFIED.);
#254=B_SPLINE_CURVE_WITH_KNOTS('',3,(#1532,#1533,#1534,#1535),
 .UNSPECIFIED.,.F.,.F.,(4,4),(0.182380355309876,0.2),.UNSPECIFIED.);
#255=B_SPLINE_CURVE_WITH_KNOTS('',3,(#1538,#1539,#1540,#1541),
 .UNSPECIFIED.,.F.,.F.,(4,4),(0.15,0.167619644690122),.UNSPECIFIED.);
#256=B_SPLINE_CURVE_WITH_KNOTS('',3,(#1542,#1543,#1544,#1545),
 .UNSPECIFIED.,.F.,.F.,(4,4),(-0.85,-0.7),.UNSPECIFIED.);
#257=B_SPLINE_CURVE_WITH_KNOTS('',3,(#1548,#1549,#1550,#1551),
 .UNSPECIFIED.,.F.,.F.,(4,4),(-0.849957843009358,-0.319421427047545),
 .UNSPECIFIED.);
#258=B_SPLINE_CURVE_WITH_KNOTS('',3,(#1558,#1559,#1560,#1561,#1562,#1563,
#1564,#1565,#1566,#1567,#1568,#1569,#1570,#1571,#1572,#1573,#1574,#1575,
#1576,#1577,#1578,#1579),.UNSPECIFIED.,.F.,.F.,(4,3,3,3,3,3,3,4),(-1.02918540197663,
-1.02676206603748,-0.859419158845836,-0.73512492495086,-0.573906710170803,
-0.417656489567112,-0.238040503562538,-0.092696853172952),.UNSPECIFIED.);
#259=B_SPLINE_CURVE_WITH_KNOTS('',3,(#1598,#1599,#1600,#1601),
 .UNSPECIFIED.,.F.,.F.,(4,4),(-0.550000000000001,-0.0500000000000005),
 .UNSPECIFIED.);
#260=B_SPLINE_CURVE_WITH_KNOTS('',3,(#1603,#1604,#1605,#1606,#1607,#1608,
#1609,#1610,#1611,#1612,#1613,#1614,#1615,#1616,#1617,#1618,#1619,#1620,
#1621,#1622,#1623,#1624),.UNSPECIFIED.,.F.,.F.,(4,3,3,3,3,3,3,4),(-15.1596156852782,
-12.8634263373081,-10.0257907565082,-7.55729563335369,-5.01031441687507,
-3.04667104395349,-0.402929814654313,-0.364645110714029),.UNSPECIFIED.);
#261=B_SPLINE_CURVE_WITH_KNOTS('',3,(#1797,#1798,#1799,#1800,#1801,#1802,
#1803,#1804,#1805,#1806,#1807,#1808),.UNSPECIFIED.,.F.,.F.,(4,2,2,2,2,4),
(-0.110313640632363,-0.109904117913399,-0.0820317729553334,-0.054683507091638,
-0.0273404351665947,0.),.UNSPECIFIED.);
#262=B_SPLINE_CURVE_WITH_KNOTS('',3,(#1872,#1873,#1874,#1875,#1876,#1877,
#1878,#1879,#1880,#1881,#1882,#1883),.UNSPECIFIED.,.F.,.F.,(4,1,1,1,1,1,
1,1,1,4),(-2.07889624010434E-16,0.767487603393037,1.53497520678607,2.30246281017911,
2.68620661187563,3.06995041357215,3.83743801696519,4.60492562035822,4.98866942205474,
5.37241322375126),.UNSPECIFIED.);
#263=B_SPLINE_CURVE_WITH_KNOTS('',3,(#1885,#1886,#1887,#1888,#1889,#1890,
#1891,#1892,#1893,#1894,#1895,#1896,#1897,#1898,#1899,#1900,#1901,#1902,
#1903,#1904,#1905,#1906,#1907,#1908,#1909,#1910,#1911,#1912,#1913,#1914,
#1915,#1916,#1917,#1918,#1919,#1920,#1921,#1922,#1923,#1924),
 .UNSPECIFIED.,.F.,.F.,(4,3,3,3,3,3,3,3,3,3,3,3,3,4),(-0.000409525868023416,
0.,0.0100833156185044,0.0203394676139521,0.0278725591746021,0.0381089116547642,
0.046879273307744,0.0552210352229976,0.0653729965977801,0.075680117327094,
0.0825643172928524,0.0928737142444243,0.102929490889246,0.109904962583944),
 .UNSPECIFIED.);
#264=B_SPLINE_CURVE_WITH_KNOTS('',3,(#1987,#1988,#1989,#1990,#1991,#1992,
#1993,#1994,#1995,#1996),.UNSPECIFIED.,.F.,.F.,(4,1,1,1,1,1,1,4),(0.,0.172714830670391,
0.345429661340782,0.518144492011174,0.690859322681565,0.863574153351956,
1.03628898402235,1.20900381469274),.UNSPECIFIED.);
#265=B_SPLINE_CURVE_WITH_KNOTS('',3,(#2052,#2053,#2054,#2055,#2056,#2057,
#2058,#2059,#2060,#2061,#2062),.UNSPECIFIED.,.F.,.F.,(4,1,1,1,1,1,1,1,4),
(4.16150119024865E-14,0.383743801696558,0.767487603393074,1.53497520678611,
2.30246281017914,2.68620661187566,3.06995041357217,3.8374380169652,5.37241322375127),
 .UNSPECIFIED.);
#266=B_SPLINE_CURVE_WITH_KNOTS('',3,(#2085,#2086,#2087,#2088,#2089,#2090,
#2091,#2092),.UNSPECIFIED.,.F.,.F.,(4,2,2,4),(-0.00308935734685383,-0.0026370797253461,
-0.00174231113697831,0.),.UNSPECIFIED.);
#267=B_SPLINE_CURVE_WITH_KNOTS('',3,(#2133,#2134,#2135,#2136,#2137,#2138),
 .UNSPECIFIED.,.F.,.F.,(4,2,4),(-0.83,-0.45,-0.0700000000000005),
 .UNSPECIFIED.);
#268=VERTEX_POINT('',#977);
#269=VERTEX_POINT('',#978);
#270=VERTEX_POINT('',#986);
#271=VERTEX_POINT('',#1013);
#272=VERTEX_POINT('',#1125);
#273=VERTEX_POINT('',#1126);
#274=VERTEX_POINT('',#1128);
#275=VERTEX_POINT('',#1150);
#276=VERTEX_POINT('',#1301);
#277=VERTEX_POINT('',#1302);
#278=VERTEX_POINT('',#1310);
#279=VERTEX_POINT('',#1337);
#280=VERTEX_POINT('',#1402);
#281=VERTEX_POINT('',#1404);
#282=VERTEX_POINT('',#1416);
#283=VERTEX_POINT('',#1418);
#284=VERTEX_POINT('',#1420);
#285=VERTEX_POINT('',#1424);
#286=VERTEX_POINT('',#1437);
#287=VERTEX_POINT('',#1439);
#288=VERTEX_POINT('',#1441);
#289=VERTEX_POINT('',#1443);
#290=VERTEX_POINT('',#1458);
#291=VERTEX_POINT('',#1459);
#292=VERTEX_POINT('',#1461);
#293=VERTEX_POINT('',#1463);
#294=VERTEX_POINT('',#1468);
#295=VERTEX_POINT('',#1472);
#296=VERTEX_POINT('',#1474);
#297=VERTEX_POINT('',#1477);
#298=VERTEX_POINT('',#1479);
#299=VERTEX_POINT('',#1481);
#300=VERTEX_POINT('',#1484);
#301=VERTEX_POINT('',#1493);
#302=VERTEX_POINT('',#1506);
#303=VERTEX_POINT('',#1508);
#304=VERTEX_POINT('',#1526);
#305=VERTEX_POINT('',#1531);
#306=VERTEX_POINT('',#1537);
#307=VERTEX_POINT('',#1547);
#308=VERTEX_POINT('',#1552);
#309=VERTEX_POINT('',#1556);
#310=VERTEX_POINT('',#1581);
#311=VERTEX_POINT('',#1586);
#312=VERTEX_POINT('',#1591);
#313=VERTEX_POINT('',#1596);
#314=VERTEX_POINT('',#1736);
#315=VERTEX_POINT('',#1738);
#316=VERTEX_POINT('',#1790);
#317=VERTEX_POINT('',#1791);
#318=VERTEX_POINT('',#1796);
#319=VERTEX_POINT('',#1870);
#320=VERTEX_POINT('',#1871);
#321=VERTEX_POINT('',#1985);
#322=VERTEX_POINT('',#2066);
#323=VERTEX_POINT('',#2084);
#324=VERTEX_POINT('',#2095);
#325=VERTEX_POINT('',#2113);
#326=VERTEX_POINT('',#2115);
#327=VERTEX_POINT('',#2119);
#328=EDGE_CURVE('',#268,#269,#234,.T.);
#329=EDGE_CURVE('',#269,#270,#235,.T.);
#330=EDGE_CURVE('',#270,#271,#154,.T.);
#331=EDGE_CURVE('',#271,#268,#236,.T.);
#332=EDGE_CURVE('',#272,#273,#155,.T.);
#333=EDGE_CURVE('',#273,#274,#237,.T.);
#334=EDGE_CURVE('',#274,#275,#156,.T.);
#335=EDGE_CURVE('',#275,#272,#238,.T.);
#336=EDGE_CURVE('',#272,#271,#239,.T.);
#337=EDGE_CURVE('',#270,#273,#240,.T.);
#338=EDGE_CURVE('',#276,#277,#241,.T.);
#339=EDGE_CURVE('',#277,#278,#242,.T.);
#340=EDGE_CURVE('',#278,#279,#157,.T.);
#341=EDGE_CURVE('',#279,#276,#243,.T.);
#342=EDGE_CURVE('',#278,#275,#244,.T.);
#343=EDGE_CURVE('',#274,#279,#245,.T.);
#344=EDGE_CURVE('',#280,#272,#158,.T.);
#345=EDGE_CURVE('',#281,#280,#246,.T.);
#346=EDGE_CURVE('',#282,#281,#159,.T.);
#347=EDGE_CURVE('',#283,#282,#160,.T.);
#348=EDGE_CURVE('',#284,#283,#33,.T.);
#349=EDGE_CURVE('',#284,#268,#161,.T.);
#350=EDGE_CURVE('',#275,#285,#162,.T.);
#351=EDGE_CURVE('',#280,#285,#247,.T.);
#352=EDGE_CURVE('',#277,#286,#163,.T.);
#353=EDGE_CURVE('',#287,#286,#34,.T.);
#354=EDGE_CURVE('',#288,#287,#164,.T.);
#355=EDGE_CURVE('',#289,#288,#165,.T.);
#356=EDGE_CURVE('',#285,#289,#248,.T.);
#357=EDGE_CURVE('',#290,#291,#166,.T.);
#358=EDGE_CURVE('',#291,#292,#167,.T.);
#359=EDGE_CURVE('',#292,#293,#249,.F.);
#360=EDGE_CURVE('',#293,#294,#168,.T.);
#361=EDGE_CURVE('',#294,#290,#169,.T.);
#362=EDGE_CURVE('',#294,#295,#170,.T.);
#363=EDGE_CURVE('',#296,#295,#171,.T.);
#364=EDGE_CURVE('',#290,#296,#172,.T.);
#365=EDGE_CURVE('',#297,#297,#35,.T.);
#366=EDGE_CURVE('',#298,#298,#36,.T.);
#367=EDGE_CURVE('',#299,#299,#37,.T.);
#368=EDGE_CURVE('',#300,#284,#250,.T.);
#369=EDGE_CURVE('',#301,#300,#251,.T.);
#370=EDGE_CURVE('',#301,#302,#173,.T.);
#371=EDGE_CURVE('',#302,#303,#174,.T.);
#372=EDGE_CURVE('',#286,#303,#252,.T.);
#373=EDGE_CURVE('',#304,#276,#253,.T.);
#374=EDGE_CURVE('',#305,#304,#254,.T.);
#375=EDGE_CURVE('',#295,#305,#175,.T.);
#376=EDGE_CURVE('',#306,#293,#255,.T.);
#377=EDGE_CURVE('',#269,#306,#256,.T.);
#378=EDGE_CURVE('',#307,#305,#257,.T.);
#379=EDGE_CURVE('',#307,#308,#176,.T.);
#380=EDGE_CURVE('',#308,#296,#177,.T.);
#381=EDGE_CURVE('',#309,#291,#178,.T.);
#382=EDGE_CURVE('',#292,#309,#258,.T.);
#383=EDGE_CURVE('',#297,#310,#179,.T.);
#384=EDGE_CURVE('',#310,#310,#38,.T.);
#385=EDGE_CURVE('',#298,#311,#180,.T.);
#386=EDGE_CURVE('',#311,#311,#39,.T.);
#387=EDGE_CURVE('',#299,#312,#181,.T.);
#388=EDGE_CURVE('',#312,#312,#40,.T.);
#389=EDGE_CURVE('',#313,#308,#182,.T.);
#390=EDGE_CURVE('',#309,#313,#259,.T.);
#391=EDGE_CURVE('',#313,#307,#260,.T.);
#392=EDGE_CURVE('',#314,#282,#17,.T.);
#393=EDGE_CURVE('',#282,#315,#18,.T.);
#394=EDGE_CURVE('',#315,#314,#41,.T.);
#395=EDGE_CURVE('',#316,#317,#42,.T.);
#396=EDGE_CURVE('',#317,#288,#19,.T.);
#397=EDGE_CURVE('',#288,#316,#20,.T.);
#398=EDGE_CURVE('',#281,#318,#261,.T.);
#399=EDGE_CURVE('',#318,#315,#183,.T.);
#400=EDGE_CURVE('',#319,#320,#262,.T.);
#401=EDGE_CURVE('',#320,#285,#43,.T.);
#402=EDGE_CURVE('',#289,#319,#263,.T.);
#403=EDGE_CURVE('',#321,#280,#44,.T.);
#404=EDGE_CURVE('',#320,#321,#264,.T.);
#405=EDGE_CURVE('',#321,#318,#265,.T.);
#406=EDGE_CURVE('',#317,#319,#184,.T.);
#407=EDGE_CURVE('',#287,#322,#45,.T.);
#408=EDGE_CURVE('',#322,#316,#185,.T.);
#409=EDGE_CURVE('',#303,#323,#266,.T.);
#410=EDGE_CURVE('',#323,#322,#46,.T.);
#411=EDGE_CURVE('',#314,#324,#186,.T.);
#412=EDGE_CURVE('',#324,#283,#47,.T.);
#413=EDGE_CURVE('',#324,#325,#48,.T.);
#414=EDGE_CURVE('',#325,#326,#49,.T.);
#415=EDGE_CURVE('',#326,#301,#50,.T.);
#416=EDGE_CURVE('',#302,#327,#187,.T.);
#417=EDGE_CURVE('',#327,#323,#188,.T.);
#418=EDGE_CURVE('',#326,#302,#189,.T.);
#419=EDGE_CURVE('',#327,#325,#190,.T.);
#420=EDGE_CURVE('',#322,#324,#191,.T.);
#421=EDGE_CURVE('',#316,#314,#192,.T.);
#422=EDGE_CURVE('',#315,#317,#193,.T.);
#423=EDGE_CURVE('',#319,#318,#267,.T.);
#424=ORIENTED_EDGE('',*,*,#328,.T.);
#425=ORIENTED_EDGE('',*,*,#329,.T.);
#426=ORIENTED_EDGE('',*,*,#330,.T.);
#427=ORIENTED_EDGE('',*,*,#331,.T.);
#428=ORIENTED_EDGE('',*,*,#332,.T.);
#429=ORIENTED_EDGE('',*,*,#333,.T.);
#430=ORIENTED_EDGE('',*,*,#334,.T.);
#431=ORIENTED_EDGE('',*,*,#335,.T.);
#432=ORIENTED_EDGE('',*,*,#332,.F.);
#433=ORIENTED_EDGE('',*,*,#336,.T.);
#434=ORIENTED_EDGE('',*,*,#330,.F.);
#435=ORIENTED_EDGE('',*,*,#337,.T.);
#436=ORIENTED_EDGE('',*,*,#338,.T.);
#437=ORIENTED_EDGE('',*,*,#339,.T.);
#438=ORIENTED_EDGE('',*,*,#340,.T.);
#439=ORIENTED_EDGE('',*,*,#341,.T.);
#440=ORIENTED_EDGE('',*,*,#340,.F.);
#441=ORIENTED_EDGE('',*,*,#342,.T.);
#442=ORIENTED_EDGE('',*,*,#334,.F.);
#443=ORIENTED_EDGE('',*,*,#343,.T.);
#444=ORIENTED_EDGE('',*,*,#331,.F.);
#445=ORIENTED_EDGE('',*,*,#336,.F.);
#446=ORIENTED_EDGE('',*,*,#344,.F.);
#447=ORIENTED_EDGE('',*,*,#345,.F.);
#448=ORIENTED_EDGE('',*,*,#346,.F.);
#449=ORIENTED_EDGE('',*,*,#347,.F.);
#450=ORIENTED_EDGE('',*,*,#348,.F.);
#451=ORIENTED_EDGE('',*,*,#349,.T.);
#452=ORIENTED_EDGE('',*,*,#335,.F.);
#453=ORIENTED_EDGE('',*,*,#350,.T.);
#454=ORIENTED_EDGE('',*,*,#351,.F.);
#455=ORIENTED_EDGE('',*,*,#344,.T.);
#456=ORIENTED_EDGE('',*,*,#342,.F.);
#457=ORIENTED_EDGE('',*,*,#339,.F.);
#458=ORIENTED_EDGE('',*,*,#352,.T.);
#459=ORIENTED_EDGE('',*,*,#353,.F.);
#460=ORIENTED_EDGE('',*,*,#354,.F.);
#461=ORIENTED_EDGE('',*,*,#355,.F.);
#462=ORIENTED_EDGE('',*,*,#356,.F.);
#463=ORIENTED_EDGE('',*,*,#350,.F.);
#464=ORIENTED_EDGE('',*,*,#357,.T.);
#465=ORIENTED_EDGE('',*,*,#358,.T.);
#466=ORIENTED_EDGE('',*,*,#359,.T.);
#467=ORIENTED_EDGE('',*,*,#360,.T.);
#468=ORIENTED_EDGE('',*,*,#361,.T.);
#469=ORIENTED_EDGE('',*,*,#361,.F.);
#470=ORIENTED_EDGE('',*,*,#362,.T.);
#471=ORIENTED_EDGE('',*,*,#363,.F.);
#472=ORIENTED_EDGE('',*,*,#364,.F.);
#473=ORIENTED_EDGE('',*,*,#365,.T.);
#474=ORIENTED_EDGE('',*,*,#366,.T.);
#475=ORIENTED_EDGE('',*,*,#367,.T.);
#476=ORIENTED_EDGE('',*,*,#328,.F.);
#477=ORIENTED_EDGE('',*,*,#349,.F.);
#478=ORIENTED_EDGE('',*,*,#368,.F.);
#479=ORIENTED_EDGE('',*,*,#369,.F.);
#480=ORIENTED_EDGE('',*,*,#370,.T.);
#481=ORIENTED_EDGE('',*,*,#371,.T.);
#482=ORIENTED_EDGE('',*,*,#372,.F.);
#483=ORIENTED_EDGE('',*,*,#352,.F.);
#484=ORIENTED_EDGE('',*,*,#338,.F.);
#485=ORIENTED_EDGE('',*,*,#373,.F.);
#486=ORIENTED_EDGE('',*,*,#374,.F.);
#487=ORIENTED_EDGE('',*,*,#375,.F.);
#488=ORIENTED_EDGE('',*,*,#362,.F.);
#489=ORIENTED_EDGE('',*,*,#360,.F.);
#490=ORIENTED_EDGE('',*,*,#376,.F.);
#491=ORIENTED_EDGE('',*,*,#377,.F.);
#492=ORIENTED_EDGE('',*,*,#375,.T.);
#493=ORIENTED_EDGE('',*,*,#378,.F.);
#494=ORIENTED_EDGE('',*,*,#379,.T.);
#495=ORIENTED_EDGE('',*,*,#380,.T.);
#496=ORIENTED_EDGE('',*,*,#363,.T.);
#497=ORIENTED_EDGE('',*,*,#358,.F.);
#498=ORIENTED_EDGE('',*,*,#381,.F.);
#499=ORIENTED_EDGE('',*,*,#382,.F.);
#500=ORIENTED_EDGE('',*,*,#365,.F.);
#501=ORIENTED_EDGE('',*,*,#383,.T.);
#502=ORIENTED_EDGE('',*,*,#384,.T.);
#503=ORIENTED_EDGE('',*,*,#383,.F.);
#504=ORIENTED_EDGE('',*,*,#384,.F.);
#505=ORIENTED_EDGE('',*,*,#366,.F.);
#506=ORIENTED_EDGE('',*,*,#385,.T.);
#507=ORIENTED_EDGE('',*,*,#386,.T.);
#508=ORIENTED_EDGE('',*,*,#385,.F.);
#509=ORIENTED_EDGE('',*,*,#386,.F.);
#510=ORIENTED_EDGE('',*,*,#367,.F.);
#511=ORIENTED_EDGE('',*,*,#387,.T.);
#512=ORIENTED_EDGE('',*,*,#388,.T.);
#513=ORIENTED_EDGE('',*,*,#387,.F.);
#514=ORIENTED_EDGE('',*,*,#388,.F.);
#515=ORIENTED_EDGE('',*,*,#357,.F.);
#516=ORIENTED_EDGE('',*,*,#364,.T.);
#517=ORIENTED_EDGE('',*,*,#380,.F.);
#518=ORIENTED_EDGE('',*,*,#389,.F.);
#519=ORIENTED_EDGE('',*,*,#390,.F.);
#520=ORIENTED_EDGE('',*,*,#381,.T.);
#521=ORIENTED_EDGE('',*,*,#379,.F.);
#522=ORIENTED_EDGE('',*,*,#391,.F.);
#523=ORIENTED_EDGE('',*,*,#389,.T.);
#524=ORIENTED_EDGE('',*,*,#329,.F.);
#525=ORIENTED_EDGE('',*,*,#377,.T.);
#526=ORIENTED_EDGE('',*,*,#376,.T.);
#527=ORIENTED_EDGE('',*,*,#359,.F.);
#528=ORIENTED_EDGE('',*,*,#382,.T.);
#529=ORIENTED_EDGE('',*,*,#390,.T.);
#530=ORIENTED_EDGE('',*,*,#391,.T.);
#531=ORIENTED_EDGE('',*,*,#378,.T.);
#532=ORIENTED_EDGE('',*,*,#374,.T.);
#533=ORIENTED_EDGE('',*,*,#373,.T.);
#534=ORIENTED_EDGE('',*,*,#341,.F.);
#535=ORIENTED_EDGE('',*,*,#343,.F.);
#536=ORIENTED_EDGE('',*,*,#333,.F.);
#537=ORIENTED_EDGE('',*,*,#337,.F.);
#538=ORIENTED_EDGE('',*,*,#392,.T.);
#539=ORIENTED_EDGE('',*,*,#393,.T.);
#540=ORIENTED_EDGE('',*,*,#394,.T.);
#541=ORIENTED_EDGE('',*,*,#395,.T.);
#542=ORIENTED_EDGE('',*,*,#396,.T.);
#543=ORIENTED_EDGE('',*,*,#397,.T.);
#544=ORIENTED_EDGE('',*,*,#393,.F.);
#545=ORIENTED_EDGE('',*,*,#346,.T.);
#546=ORIENTED_EDGE('',*,*,#398,.T.);
#547=ORIENTED_EDGE('',*,*,#399,.T.);
#548=ORIENTED_EDGE('',*,*,#400,.T.);
#549=ORIENTED_EDGE('',*,*,#401,.T.);
#550=ORIENTED_EDGE('',*,*,#356,.T.);
#551=ORIENTED_EDGE('',*,*,#402,.T.);
#552=ORIENTED_EDGE('',*,*,#403,.T.);
#553=ORIENTED_EDGE('',*,*,#351,.T.);
#554=ORIENTED_EDGE('',*,*,#401,.F.);
#555=ORIENTED_EDGE('',*,*,#404,.T.);
#556=ORIENTED_EDGE('',*,*,#345,.T.);
#557=ORIENTED_EDGE('',*,*,#403,.F.);
#558=ORIENTED_EDGE('',*,*,#405,.T.);
#559=ORIENTED_EDGE('',*,*,#398,.F.);
#560=ORIENTED_EDGE('',*,*,#396,.F.);
#561=ORIENTED_EDGE('',*,*,#406,.T.);
#562=ORIENTED_EDGE('',*,*,#402,.F.);
#563=ORIENTED_EDGE('',*,*,#355,.T.);
#564=ORIENTED_EDGE('',*,*,#397,.F.);
#565=ORIENTED_EDGE('',*,*,#354,.T.);
#566=ORIENTED_EDGE('',*,*,#407,.T.);
#567=ORIENTED_EDGE('',*,*,#408,.T.);
#568=ORIENTED_EDGE('',*,*,#409,.T.);
#569=ORIENTED_EDGE('',*,*,#410,.T.);
#570=ORIENTED_EDGE('',*,*,#407,.F.);
#571=ORIENTED_EDGE('',*,*,#353,.T.);
#572=ORIENTED_EDGE('',*,*,#372,.T.);
#573=ORIENTED_EDGE('',*,*,#392,.F.);
#574=ORIENTED_EDGE('',*,*,#411,.T.);
#575=ORIENTED_EDGE('',*,*,#412,.T.);
#576=ORIENTED_EDGE('',*,*,#347,.T.);
#577=ORIENTED_EDGE('',*,*,#369,.T.);
#578=ORIENTED_EDGE('',*,*,#368,.T.);
#579=ORIENTED_EDGE('',*,*,#348,.T.);
#580=ORIENTED_EDGE('',*,*,#412,.F.);
#581=ORIENTED_EDGE('',*,*,#413,.T.);
#582=ORIENTED_EDGE('',*,*,#414,.T.);
#583=ORIENTED_EDGE('',*,*,#415,.T.);
#584=ORIENTED_EDGE('',*,*,#409,.F.);
#585=ORIENTED_EDGE('',*,*,#371,.F.);
#586=ORIENTED_EDGE('',*,*,#416,.T.);
#587=ORIENTED_EDGE('',*,*,#417,.T.);
#588=ORIENTED_EDGE('',*,*,#415,.F.);
#589=ORIENTED_EDGE('',*,*,#418,.T.);
#590=ORIENTED_EDGE('',*,*,#370,.F.);
#591=ORIENTED_EDGE('',*,*,#410,.F.);
#592=ORIENTED_EDGE('',*,*,#417,.F.);
#593=ORIENTED_EDGE('',*,*,#419,.T.);
#594=ORIENTED_EDGE('',*,*,#413,.F.);
#595=ORIENTED_EDGE('',*,*,#420,.F.);
#596=ORIENTED_EDGE('',*,*,#418,.F.);
#597=ORIENTED_EDGE('',*,*,#414,.F.);
#598=ORIENTED_EDGE('',*,*,#419,.F.);
#599=ORIENTED_EDGE('',*,*,#416,.F.);
#600=ORIENTED_EDGE('',*,*,#395,.F.);
#601=ORIENTED_EDGE('',*,*,#421,.T.);
#602=ORIENTED_EDGE('',*,*,#394,.F.);
#603=ORIENTED_EDGE('',*,*,#422,.T.);
#604=ORIENTED_EDGE('',*,*,#408,.F.);
#605=ORIENTED_EDGE('',*,*,#420,.T.);
#606=ORIENTED_EDGE('',*,*,#411,.F.);
#607=ORIENTED_EDGE('',*,*,#421,.F.);
#608=ORIENTED_EDGE('',*,*,#406,.F.);
#609=ORIENTED_EDGE('',*,*,#422,.F.);
#610=ORIENTED_EDGE('',*,*,#399,.F.);
#611=ORIENTED_EDGE('',*,*,#423,.F.);
#612=ORIENTED_EDGE('',*,*,#400,.F.);
#613=ORIENTED_EDGE('',*,*,#423,.T.);
#614=ORIENTED_EDGE('',*,*,#405,.F.);
#615=ORIENTED_EDGE('',*,*,#404,.F.);
#616=B_SPLINE_SURFACE_WITH_KNOTS('',3,3,((#873,#874,#875,#876,#877,#878,
#879,#880,#881,#882,#883,#884,#885,#886,#887,#888,#889,#890,#891,#892,#893,
#894,#895,#896,#897,#898),(#899,#900,#901,#902,#903,#904,#905,#906,#907,
#908,#909,#910,#911,#912,#913,#914,#915,#916,#917,#918,#919,#920,#921,#922,
#923,#924),(#925,#926,#927,#928,#929,#930,#931,#932,#933,#934,#935,#936,
#937,#938,#939,#940,#941,#942,#943,#944,#945,#946,#947,#948,#949,#950),
(#951,#952,#953,#954,#955,#956,#957,#958,#959,#960,#961,#962,#963,#964,
#965,#966,#967,#968,#969,#970,#971,#972,#973,#974,#975,#976)),
 .UNSPECIFIED.,.F.,.F.,.F.,(4,4),(4,1,1,1,1,1,1,1,1,1,1,1,1,1,1,1,1,1,1,
1,1,1,1,4),(0.,1.),(0.426109834996521,0.453353492736609,0.466975321606654,
0.480597150476698,0.482299879085453,0.484002607694209,0.48740806491172,
0.490813522129231,0.494218979346742,0.501029893781764,0.507840808216786,
0.52146263708683,0.528273551521852,0.535084465956874,0.548706294826918,
0.55551720926194,0.558922666479451,0.560625395088207,0.561476759392585,
0.562328123696962,0.575949952567006,0.589571781437051,0.603193610307095,
0.616815439177139),.UNSPECIFIED.);
#617=B_SPLINE_SURFACE_WITH_KNOTS('',3,3,((#1041,#1042,#1043,#1044,#1045,
#1046,#1047,#1048,#1049,#1050,#1051,#1052,#1053,#1054,#1055,#1056,#1057,
#1058,#1059,#1060,#1061),(#1062,#1063,#1064,#1065,#1066,#1067,#1068,#1069,
#1070,#1071,#1072,#1073,#1074,#1075,#1076,#1077,#1078,#1079,#1080,#1081,
#1082),(#1083,#1084,#1085,#1086,#1087,#1088,#1089,#1090,#1091,#1092,#1093,
#1094,#1095,#1096,#1097,#1098,#1099,#1100,#1101,#1102,#1103),(#1104,#1105,
#1106,#1107,#1108,#1109,#1110,#1111,#1112,#1113,#1114,#1115,#1116,#1117,
#1118,#1119,#1120,#1121,#1122,#1123,#1124)),.UNSPECIFIED.,.F.,.F.,.F.,(4,
4),(4,2,2,2,1,2,2,2,2,2,4),(0.,1.),(0.0185256681660901,0.036190798038894,
0.0919114570734196,0.196706296664496,0.539115614211205,0.881524931757913,
1.03639609999777,1.17969705863762,1.31794426848165,1.38580233032626,1.42391575781707),
 .UNSPECIFIED.);
#618=B_SPLINE_SURFACE_WITH_KNOTS('',3,3,((#1173,#1174,#1175,#1176),(#1177,
#1178,#1179,#1180),(#1181,#1182,#1183,#1184),(#1185,#1186,#1187,#1188)),
 .UNSPECIFIED.,.F.,.F.,.F.,(4,4),(4,4),(0.,1.),(1.23397948359301E-10,0.0185256681660877),
 .UNSPECIFIED.);
#619=B_SPLINE_SURFACE_WITH_KNOTS('',3,3,((#1197,#1198,#1199,#1200,#1201,
#1202,#1203,#1204,#1205,#1206,#1207,#1208,#1209,#1210,#1211,#1212,#1213,
#1214,#1215,#1216,#1217,#1218,#1219,#1220,#1221,#1222),(#1223,#1224,#1225,
#1226,#1227,#1228,#1229,#1230,#1231,#1232,#1233,#1234,#1235,#1236,#1237,
#1238,#1239,#1240,#1241,#1242,#1243,#1244,#1245,#1246,#1247,#1248),(#1249,
#1250,#1251,#1252,#1253,#1254,#1255,#1256,#1257,#1258,#1259,#1260,#1261,
#1262,#1263,#1264,#1265,#1266,#1267,#1268,#1269,#1270,#1271,#1272,#1273,
#1274),(#1275,#1276,#1277,#1278,#1279,#1280,#1281,#1282,#1283,#1284,#1285,
#1286,#1287,#1288,#1289,#1290,#1291,#1292,#1293,#1294,#1295,#1296,#1297,
#1298,#1299,#1300)),.UNSPECIFIED.,.F.,.F.,.F.,(4,4),(4,1,1,1,1,1,1,1,1,
1,1,1,1,1,1,1,1,1,1,1,1,1,1,4),(0.,1.),(-0.616815439177139,-0.603193610307095,
-0.589571781437051,-0.575949952567006,-0.562328123696962,-0.561476759392585,
-0.560625395088207,-0.558922666479451,-0.55551720926194,-0.548706294826918,
-0.535084465956874,-0.528273551521852,-0.52146263708683,-0.507840808216786,
-0.501029893781764,-0.494218979346742,-0.490813522129231,-0.48740806491172,
-0.484002607694209,-0.482299879085453,-0.480597150476698,-0.466975321606654,
-0.45335349273661,-0.426109834996521),.UNSPECIFIED.);
#620=B_SPLINE_SURFACE_WITH_KNOTS('',3,3,((#1365,#1366,#1367,#1368,#1369,
#1370),(#1371,#1372,#1373,#1374,#1375,#1376),(#1377,#1378,#1379,#1380,#1381,
#1382),(#1383,#1384,#1385,#1386,#1387,#1388)),.UNSPECIFIED.,.F.,.F.,.F.,
(4,4),(4,2,4),(0.,1.),(1.42391575781707,1.43296706356289,1.44243718552274),
 .UNSPECIFIED.);
#621=B_SPLINE_SURFACE_WITH_KNOTS('',3,1,((#1625,#1626),(#1627,#1628),(#1629,
#1630),(#1631,#1632),(#1633,#1634),(#1635,#1636),(#1637,#1638),(#1639,#1640),
(#1641,#1642),(#1643,#1644),(#1645,#1646),(#1647,#1648),(#1649,#1650),(#1651,
#1652),(#1653,#1654),(#1655,#1656),(#1657,#1658),(#1659,#1660),(#1661,#1662),
(#1663,#1664),(#1665,#1666),(#1667,#1668),(#1669,#1670),(#1671,#1672),(#1673,
#1674),(#1675,#1676),(#1677,#1678),(#1679,#1680),(#1681,#1682),(#1683,#1684),
(#1685,#1686)),.UNSPECIFIED.,.F.,.F.,.F.,(4,3,3,3,3,3,3,3,3,3,4),(2,2),
(-0.641709259231014,-0.623850346023376,-0.595666365692632,-0.570658505716125,
-0.540480810859565,-0.514228851980313,-0.487142208975007,-0.466259248909209,
-0.438143582247387,-0.409189617986632,-0.40768098944166),(0.,0.9),
 .UNSPECIFIED.);
#622=B_SPLINE_SURFACE_WITH_KNOTS('',3,3,((#1687,#1688,#1689,#1690,#1691,
#1692,#1693),(#1694,#1695,#1696,#1697,#1698,#1699,#1700),(#1701,#1702,#1703,
#1704,#1705,#1706,#1707),(#1708,#1709,#1710,#1711,#1712,#1713,#1714),(#1715,
#1716,#1717,#1718,#1719,#1720,#1721),(#1722,#1723,#1724,#1725,#1726,#1727,
#1728),(#1729,#1730,#1731,#1732,#1733,#1734,#1735)),.UNSPECIFIED.,.F.,.F.,
 .F.,(4,1,1,1,4),(4,1,1,1,4),(0.,0.285714285714286,0.571428571428571,0.857142857142857,
1.),(1.5419764230905E-16,0.22439947525641,0.448798950512819,0.897597901025638,
1.57079632679487),.UNSPECIFIED.);
#623=B_SPLINE_SURFACE_WITH_KNOTS('',3,3,((#1741,#1742,#1743,#1744,#1745,
#1746,#1747),(#1748,#1749,#1750,#1751,#1752,#1753,#1754),(#1755,#1756,#1757,
#1758,#1759,#1760,#1761),(#1762,#1763,#1764,#1765,#1766,#1767,#1768),(#1769,
#1770,#1771,#1772,#1773,#1774,#1775),(#1776,#1777,#1778,#1779,#1780,#1781,
#1782),(#1783,#1784,#1785,#1786,#1787,#1788,#1789)),.UNSPECIFIED.,.F.,.F.,
 .F.,(4,1,1,1,4),(4,1,1,1,4),(0.,0.285714285714286,0.571428571428571,0.857142857142857,
1.),(-1.57079632679485,-0.89759790102563,-0.448798950512815,-0.224399475256408,
4.21250048522551E-17),.UNSPECIFIED.);
#624=B_SPLINE_SURFACE_WITH_KNOTS('',3,3,((#1810,#1811,#1812,#1813,#1814,
#1815,#1816,#1817,#1818,#1819,#1820,#1821),(#1822,#1823,#1824,#1825,#1826,
#1827,#1828,#1829,#1830,#1831,#1832,#1833),(#1834,#1835,#1836,#1837,#1838,
#1839,#1840,#1841,#1842,#1843,#1844,#1845),(#1846,#1847,#1848,#1849,#1850,
#1851,#1852,#1853,#1854,#1855,#1856,#1857),(#1858,#1859,#1860,#1861,#1862,
#1863,#1864,#1865,#1866,#1867,#1868,#1869)),.UNSPECIFIED.,.F.,.F.,.F.,(4,
1,4),(4,1,1,1,1,1,1,1,1,4),(0.,0.571428571428571,1.),(-2.07889624010434E-16,
0.767487603393037,1.53497520678607,2.30246281017911,2.68620661187563,3.06995041357215,
3.83743801696519,4.60492562035822,4.98866942205474,5.37241322375126),
 .UNSPECIFIED.);
#625=B_SPLINE_SURFACE_WITH_KNOTS('',3,3,((#1925,#1926,#1927,#1928,#1929,
#1930,#1931,#1932,#1933,#1934),(#1935,#1936,#1937,#1938,#1939,#1940,#1941,
#1942,#1943,#1944),(#1945,#1946,#1947,#1948,#1949,#1950,#1951,#1952,#1953,
#1954),(#1955,#1956,#1957,#1958,#1959,#1960,#1961,#1962,#1963,#1964),(#1965,
#1966,#1967,#1968,#1969,#1970,#1971,#1972,#1973,#1974),(#1975,#1976,#1977,
#1978,#1979,#1980,#1981,#1982,#1983,#1984)),.UNSPECIFIED.,.F.,.F.,.F.,(4,
1,1,4),(4,1,1,1,1,1,1,4),(0.,0.285714285714286,0.571428571428571,1.),(0.,
0.172714830670391,0.345429661340782,0.518144492011174,0.690859322681565,
0.863574153351956,1.03628898402235,1.20900381469274),.UNSPECIFIED.);
#626=B_SPLINE_SURFACE_WITH_KNOTS('',3,3,((#1997,#1998,#1999,#2000,#2001,
#2002,#2003,#2004,#2005,#2006,#2007),(#2008,#2009,#2010,#2011,#2012,#2013,
#2014,#2015,#2016,#2017,#2018),(#2019,#2020,#2021,#2022,#2023,#2024,#2025,
#2026,#2027,#2028,#2029),(#2030,#2031,#2032,#2033,#2034,#2035,#2036,#2037,
#2038,#2039,#2040),(#2041,#2042,#2043,#2044,#2045,#2046,#2047,#2048,#2049,
#2050,#2051)),.UNSPECIFIED.,.F.,.F.,.F.,(4,1,4),(4,1,1,1,1,1,1,1,4),(0.,
0.571428571428571,1.),(4.16150119024865E-14,0.383743801696558,0.767487603393074,
1.53497520678611,2.30246281017914,2.68620661187566,3.06995041357217,3.8374380169652,
5.37241322375127),.UNSPECIFIED.);
#627=B_SPLINE_SURFACE_WITH_KNOTS('',3,1,((#2139,#2140),(#2141,#2142),(#2143,
#2144),(#2145,#2146),(#2147,#2148),(#2149,#2150),(#2151,#2152),(#2153,#2154),
(#2155,#2156),(#2157,#2158),(#2159,#2160),(#2161,#2162),(#2163,#2164),(#2165,
#2166),(#2167,#2168),(#2169,#2170),(#2171,#2172),(#2173,#2174),(#2175,#2176),
(#2177,#2178),(#2179,#2180),(#2181,#2182),(#2183,#2184),(#2185,#2186),(#2187,
#2188),(#2189,#2190),(#2191,#2192),(#2193,#2194),(#2195,#2196),(#2197,#2198),
(#2199,#2200),(#2201,#2202),(#2203,#2204),(#2205,#2206),(#2207,#2208),(#2209,
#2210),(#2211,#2212),(#2213,#2214),(#2215,#2216),(#2217,#2218)),
 .UNSPECIFIED.,.F.,.F.,.F.,(4,3,3,3,3,3,3,3,3,3,3,3,3,4),(2,2),(0.0441701558760467,
0.0448026360231199,0.682341578808926,0.859675710107256,1.1313000681353,
1.49346587883936,1.54628505337666,1.62294191776233,1.84839038658222,1.96219030202255,
2.0706684045872,2.21762289742034,2.3903340642529,2.39291317477015),(0.,
0.9),.UNSPECIFIED.);
#628=ADVANCED_FACE('',(#69),#616,.T.);
#629=ADVANCED_FACE('',(#70),#617,.T.);
#630=ADVANCED_FACE('',(#71),#618,.T.);
#631=ADVANCED_FACE('',(#72),#619,.T.);
#632=ADVANCED_FACE('',(#73),#620,.T.);
#633=ADVANCED_FACE('',(#74),#51,.F.);
#634=ADVANCED_FACE('',(#75),#24,.T.);
#635=ADVANCED_FACE('',(#76),#52,.T.);
#636=ADVANCED_FACE('',(#77),#53,.T.);
#637=ADVANCED_FACE('',(#78,#21,#22,#23),#54,.F.);
#638=ADVANCED_FACE('',(#79),#55,.T.);
#639=ADVANCED_FACE('',(#80),#56,.T.);
#640=ADVANCED_FACE('',(#81),#57,.T.);
#641=ADVANCED_FACE('',(#82),#25,.F.);
#642=ADVANCED_FACE('',(#83),#58,.T.);
#643=ADVANCED_FACE('',(#84),#26,.F.);
#644=ADVANCED_FACE('',(#85),#59,.T.);
#645=ADVANCED_FACE('',(#86),#27,.F.);
#646=ADVANCED_FACE('',(#87),#60,.T.);
#647=ADVANCED_FACE('',(#88),#61,.T.);
#648=ADVANCED_FACE('',(#89),#62,.T.);
#649=ADVANCED_FACE('',(#90),#621,.T.);
#650=ADVANCED_FACE('',(#91),#622,.F.);
#651=ADVANCED_FACE('',(#92),#623,.F.);
#652=ADVANCED_FACE('',(#93),#28,.T.);
#653=ADVANCED_FACE('',(#94),#624,.F.);
#654=ADVANCED_FACE('',(#95),#625,.F.);
#655=ADVANCED_FACE('',(#96),#626,.F.);
#656=ADVANCED_FACE('',(#97),#29,.T.);
#657=ADVANCED_FACE('',(#98),#30,.T.);
#658=ADVANCED_FACE('',(#99),#15,.T.);
#659=ADVANCED_FACE('',(#100),#31,.T.);
#660=ADVANCED_FACE('',(#101),#16,.T.);
#661=ADVANCED_FACE('',(#102),#63,.F.);
#662=ADVANCED_FACE('',(#103),#64,.T.);
#663=ADVANCED_FACE('',(#104),#65,.F.);
#664=ADVANCED_FACE('',(#105),#66,.F.);
#665=ADVANCED_FACE('',(#106),#32,.T.);
#666=ADVANCED_FACE('',(#107),#67,.T.);
#667=ADVANCED_FACE('',(#108),#68,.T.);
#668=ADVANCED_FACE('',(#109),#627,.T.);
#669=CLOSED_SHELL('',(#628,#629,#630,#631,#632,#633,#634,#635,#636,#637,
#638,#639,#640,#641,#642,#643,#644,#645,#646,#647,#648,#649,#650,#651,#652,
#653,#654,#655,#656,#657,#658,#659,#660,#661,#662,#663,#664,#665,#666,#667,
#668));
#670=DERIVED_UNIT_ELEMENT(#672,1.);
#671=DERIVED_UNIT_ELEMENT(#2224,-3.);
#672=(
MASS_UNIT()
NAMED_UNIT(*)
SI_UNIT(.KILO.,.GRAM.)
);
#673=DERIVED_UNIT((#670,#671));
#674=MEASURE_REPRESENTATION_ITEM('density measure',
POSITIVE_RATIO_MEASURE(7850.),#673);
#675=PROPERTY_DEFINITION_REPRESENTATION(#680,#677);
#676=PROPERTY_DEFINITION_REPRESENTATION(#681,#678);
#677=REPRESENTATION('material name',(#679),#2221);
#678=REPRESENTATION('density',(#674),#2221);
#679=DESCRIPTIVE_REPRESENTATION_ITEM('Steel','Steel');
#680=PROPERTY_DEFINITION('material property','material name',#2231);
#681=PROPERTY_DEFINITION('material property','density of part',#2231);
#682=AXIS2_PLACEMENT_3D('',#872,#732,#733);
#683=AXIS2_PLACEMENT_3D('',#1401,#738,#739);
#684=AXIS2_PLACEMENT_3D('',#1421,#743,#744);
#685=AXIS2_PLACEMENT_3D('',#1423,#746,#747);
#686=AXIS2_PLACEMENT_3D('',#1436,#749,#750);
#687=AXIS2_PLACEMENT_3D('',#1440,#752,#753);
#688=AXIS2_PLACEMENT_3D('',#1457,#756,#757);
#689=AXIS2_PLACEMENT_3D('',#1471,#762,#763);
#690=AXIS2_PLACEMENT_3D('',#1478,#767,#768);
#691=AXIS2_PLACEMENT_3D('',#1480,#769,#770);
#692=AXIS2_PLACEMENT_3D('',#1482,#771,#772);
#693=AXIS2_PLACEMENT_3D('',#1483,#773,#774);
#694=AXIS2_PLACEMENT_3D('',#1546,#778,#779);
#695=AXIS2_PLACEMENT_3D('',#1555,#782,#783);
#696=AXIS2_PLACEMENT_3D('',#1580,#785,#786);
#697=AXIS2_PLACEMENT_3D('',#1583,#788,#789);
#698=AXIS2_PLACEMENT_3D('',#1584,#790,#791);
#699=AXIS2_PLACEMENT_3D('',#1585,#792,#793);
#700=AXIS2_PLACEMENT_3D('',#1588,#795,#796);
#701=AXIS2_PLACEMENT_3D('',#1589,#797,#798);
#702=AXIS2_PLACEMENT_3D('',#1590,#799,#800);
#703=AXIS2_PLACEMENT_3D('',#1593,#802,#803);
#704=AXIS2_PLACEMENT_3D('',#1594,#804,#805);
#705=AXIS2_PLACEMENT_3D('',#1595,#806,#807);
#706=AXIS2_PLACEMENT_3D('',#1602,#809,#810);
#707=AXIS2_PLACEMENT_3D('',#1737,#811,#812);
#708=AXIS2_PLACEMENT_3D('',#1739,#813,#814);
#709=AXIS2_PLACEMENT_3D('',#1740,#815,#816);
#710=AXIS2_PLACEMENT_3D('',#1792,#817,#818);
#711=AXIS2_PLACEMENT_3D('',#1793,#819,#820);
#712=AXIS2_PLACEMENT_3D('',#1794,#821,#822);
#713=AXIS2_PLACEMENT_3D('',#1795,#823,#824);
#714=AXIS2_PLACEMENT_3D('',#1884,#826,#827);
#715=AXIS2_PLACEMENT_3D('',#1986,#828,#829);
#716=AXIS2_PLACEMENT_3D('',#2063,#830,#831);
#717=AXIS2_PLACEMENT_3D('',#2065,#833,#834);
#718=AXIS2_PLACEMENT_3D('',#2067,#835,#836);
#719=AXIS2_PLACEMENT_3D('',#2093,#838,#839);
#720=AXIS2_PLACEMENT_3D('',#2094,#840,#841);
#721=AXIS2_PLACEMENT_3D('',#2097,#843,#844);
#722=AXIS2_PLACEMENT_3D('',#2114,#845,#846);
#723=AXIS2_PLACEMENT_3D('',#2116,#847,#848);
#724=AXIS2_PLACEMENT_3D('',#2117,#849,#850);
#725=AXIS2_PLACEMENT_3D('',#2118,#851,#852);
#726=AXIS2_PLACEMENT_3D('',#2122,#855,#856);
#727=AXIS2_PLACEMENT_3D('',#2124,#858,#859);
#728=AXIS2_PLACEMENT_3D('',#2127,#862,#863);
#729=AXIS2_PLACEMENT_3D('',#2128,#864,#865);
#730=AXIS2_PLACEMENT_3D('',#2131,#868,#869);
#731=AXIS2_PLACEMENT_3D('',#2132,#870,#871);
#732=DIRECTION('axis',(0.,0.,1.));
#733=DIRECTION('refdir',(1.,0.,0.));
#734=DIRECTION('',(0.668403955694799,-0.230729608008043,0.707106781186548));
#735=DIRECTION('',(-0.654840751953091,0.261743285834315,-0.708995093002883));
#736=DIRECTION('',(0.654840751952971,-0.26174328583407,-0.708995093003084));
#737=DIRECTION('',(-0.668403955694799,0.230729608008043,0.707106781186547));
#738=DIRECTION('center_axis',(0.,0.,-1.));
#739=DIRECTION('ref_axis',(1.,0.,0.));
#740=DIRECTION('',(-0.766044443118979,0.642787609686538,0.));
#741=DIRECTION('',(0.148852834762257,-0.988859359860258,0.));
#742=DIRECTION('',(0.244677183656167,0.969604597657254,0.));
#743=DIRECTION('center_axis',(0.,0.,1.));
#744=DIRECTION('ref_axis',(-0.969604597657256,0.244677183656159,0.));
#745=DIRECTION('',(-0.39401611087085,-0.919103533000613,0.));
#746=DIRECTION('center_axis',(0.766044443118979,-0.642787609686538,0.));
#747=DIRECTION('ref_axis',(-0.454519477672043,-0.541675220419703,0.707106781186547));
#748=DIRECTION('',(0.766044443118979,-0.642787609686538,0.));
#749=DIRECTION('center_axis',(0.,0.,-1.));
#750=DIRECTION('ref_axis',(1.,0.,0.));
#751=DIRECTION('',(0.39401611087085,0.919103533000613,0.));
#752=DIRECTION('center_axis',(0.,0.,-1.));
#753=DIRECTION('ref_axis',(-0.969604597657256,0.244677183656159,0.));
#754=DIRECTION('',(-0.244677183656167,-0.969604597657254,0.));
#755=DIRECTION('',(-0.148852834762257,0.988859359860258,0.));
#756=DIRECTION('center_axis',(-0.705752132066301,-0.0437484637888798,0.707106781186535));
#757=DIRECTION('ref_axis',(0.70778442983332,0.,0.706428482498775));
#758=DIRECTION('',(0.705752132066277,0.0437484637888783,0.70710678118656));
#759=DIRECTION('',(-0.061869670823221,0.998084236841874,4.06756404254584E-31));
#760=DIRECTION('',(-0.359294834661041,-0.838110784850815,-0.410460149226018));
#761=DIRECTION('',(0.061869670823221,-0.998084236841874,-4.06756404254584E-31));
#762=DIRECTION('center_axis',(0.998084236841874,0.061869670823221,1.29526019539602E-15));
#763=DIRECTION('ref_axis',(1.29774637008041E-15,0.,-1.));
#764=DIRECTION('',(1.13380141440137E-15,2.64476719846347E-15,-1.));
#765=DIRECTION('',(-0.061869670823221,0.998084236841874,-1.06003184139073E-30));
#766=DIRECTION('',(1.29277878363349E-15,8.01373219195723E-17,-1.));
#767=DIRECTION('center_axis',(0.998084236841874,0.061869670823221,1.29526019539602E-15));
#768=DIRECTION('ref_axis',(0.0618696708232223,-0.998084236841874,0.));
#769=DIRECTION('center_axis',(0.998084236841874,0.061869670823221,1.29526019539602E-15));
#770=DIRECTION('ref_axis',(0.0618696708232224,-0.998084236841874,0.));
#771=DIRECTION('center_axis',(0.998084236841874,0.061869670823221,1.29526019539602E-15));
#772=DIRECTION('ref_axis',(0.0618696708232226,-0.998084236841874,0.));
#773=DIRECTION('center_axis',(-0.919103533000614,0.39401611087085,0.));
#774=DIRECTION('ref_axis',(0.39401611087085,0.919103533000613,0.));
#775=DIRECTION('',(0.,0.,-1.));
#776=DIRECTION('',(0.,0.,-1.));
#777=DIRECTION('',(0.359294834661042,0.838110784850816,-0.410460149226017));
#778=DIRECTION('center_axis',(-0.7057521320663,-0.0437484637888797,-0.707106781186537));
#779=DIRECTION('ref_axis',(-0.707784429833322,0.,0.706428482498773));
#780=DIRECTION('',(0.061869670823221,-0.998084236841874,1.06003184139073E-30));
#781=DIRECTION('',(-0.705752132066279,-0.0437484637888784,0.707106781186558));
#782=DIRECTION('center_axis',(-1.29277878363349E-15,-8.01373219195727E-17,
1.));
#783=DIRECTION('ref_axis',(-0.0618696708232213,0.998084236841874,0.));
#784=DIRECTION('',(-0.998084236841874,-0.0618696708232209,-1.29526019539602E-15));
#785=DIRECTION('center_axis',(0.998084236841874,0.0618696708232223,0.));
#786=DIRECTION('ref_axis',(0.0618696708232223,-0.998084236841874,0.));
#787=DIRECTION('',(0.998084236841874,0.0618696708232223,0.));
#788=DIRECTION('center_axis',(0.998084236841874,0.0618696708232223,0.));
#789=DIRECTION('ref_axis',(0.0618696708232223,-0.998084236841874,0.));
#790=DIRECTION('center_axis',(-0.998084236841874,-0.0618696708232223,0.));
#791=DIRECTION('ref_axis',(0.0618696708232223,-0.998084236841874,0.));
#792=DIRECTION('center_axis',(0.998084236841874,0.0618696708232225,0.));
#793=DIRECTION('ref_axis',(0.0618696708232224,-0.998084236841874,0.));
#794=DIRECTION('',(0.998084236841874,0.0618696708232225,0.));
#795=DIRECTION('center_axis',(0.998084236841874,0.0618696708232223,0.));
#796=DIRECTION('ref_axis',(0.0618696708232223,-0.998084236841874,0.));
#797=DIRECTION('center_axis',(-0.998084236841874,-0.0618696708232223,0.));
#798=DIRECTION('ref_axis',(0.0618696708232223,-0.998084236841874,0.));
#799=DIRECTION('center_axis',(0.998084236841874,0.0618696708232226,0.));
#800=DIRECTION('ref_axis',(0.0618696708232226,-0.998084236841874,0.));
#801=DIRECTION('',(0.998084236841874,0.0618696708232226,0.));
#802=DIRECTION('center_axis',(0.998084236841874,0.0618696708232223,0.));
#803=DIRECTION('ref_axis',(0.0618696708232223,-0.998084236841874,0.));
#804=DIRECTION('center_axis',(-0.998084236841874,-0.0618696708232223,0.));
#805=DIRECTION('ref_axis',(0.0618696708232223,-0.998084236841874,0.));
#806=DIRECTION('center_axis',(0.061869670823221,-0.998084236841874,0.));
#807=DIRECTION('ref_axis',(0.,0.,1.));
#808=DIRECTION('',(-0.998084236841874,-0.0618696708232209,-1.29526019539602E-15));
#809=DIRECTION('center_axis',(1.29277878363349E-15,8.01373219195713E-17,
-1.));
#810=DIRECTION('ref_axis',(0.0618696708232201,-0.998084236841874,0.));
#811=DIRECTION('center_axis',(0.998445689379382,0.0557333415446351,-7.53040905154081E-14));
#812=DIRECTION('ref_axis',(-0.0557333415446351,0.998445689379382,-4.43597812523666E-17));
#813=DIRECTION('center_axis',(-0.988235735616215,0.152938323683364,-4.85130423716703E-16));
#814=DIRECTION('ref_axis',(0.152938323683364,0.988235735616215,-4.43597812523667E-17));
#815=DIRECTION('center_axis',(0.,0.,1.));
#816=DIRECTION('ref_axis',(0.988859359860259,0.148852834762252,0.));
#817=DIRECTION('center_axis',(0.,0.,-1.));
#818=DIRECTION('ref_axis',(-0.969604597657253,0.244677183656173,0.));
#819=DIRECTION('center_axis',(-0.988235735616218,0.152938323683351,0.));
#820=DIRECTION('ref_axis',(0.152938323683351,0.988235735616217,0.));
#821=DIRECTION('center_axis',(0.998445689379382,0.0557333415446256,-4.97902174167913E-14));
#822=DIRECTION('ref_axis',(-0.0557333415446256,0.998445689379382,0.));
#823=DIRECTION('center_axis',(-0.148852834762257,0.988859359860259,0.));
#824=DIRECTION('ref_axis',(0.699229158996984,0.105254848859231,0.707106781186541));
#825=DIRECTION('',(-0.148852834762257,0.988859359860258,0.));
#826=DIRECTION('center_axis',(0.386175467246816,0.922425340337473,1.30857069034715E-12));
#827=DIRECTION('ref_axis',(0.922425340337473,-0.386175467246816,0.));
#828=DIRECTION('center_axis',(-0.386175467246837,-0.922425340337464,1.10347224594546E-12));
#829=DIRECTION('ref_axis',(0.922425340337464,-0.386175467246837,0.));
#830=DIRECTION('center_axis',(-0.148852834762257,0.988859359860259,0.));
#831=DIRECTION('ref_axis',(0.699229158996985,0.105254848859231,-0.70710678118654));
#832=DIRECTION('',(0.148852834762257,-0.988859359860258,0.));
#833=DIRECTION('center_axis',(0.244677183656167,0.969604597657255,0.));
#834=DIRECTION('ref_axis',(-0.685613986073091,0.173012895764906,-0.707106781186554));
#835=DIRECTION('center_axis',(0.244677183656159,0.969604597657256,0.));
#836=DIRECTION('ref_axis',(0.,0.,-1.));
#837=DIRECTION('',(0.244677183656167,0.969604597657254,0.));
#838=DIRECTION('center_axis',(0.992546151641321,0.121869343405153,0.));
#839=DIRECTION('ref_axis',(0.121869343405153,-0.992546151641321,0.));
#840=DIRECTION('center_axis',(-0.244677183656167,-0.969604597657255,0.));
#841=DIRECTION('ref_axis',(-0.68561398607309,0.173012895764905,0.707106781186555));
#842=DIRECTION('',(-0.244677183656167,-0.969604597657254,0.));
#843=DIRECTION('center_axis',(0.244677183656159,0.969604597657256,0.));
#844=DIRECTION('ref_axis',(-0.969604597657256,0.244677183656159,0.));
#845=DIRECTION('center_axis',(0.992546151641321,0.121869343405153,0.));
#846=DIRECTION('ref_axis',(0.121869343405153,-0.992546151641321,0.));
#847=DIRECTION('center_axis',(0.,0.,-1.));
#848=DIRECTION('ref_axis',(-1.,0.,0.));
#849=DIRECTION('center_axis',(0.969604597657255,-0.244677183656167,0.));
#850=DIRECTION('ref_axis',(-0.244677183656167,-0.969604597657255,0.));
#851=DIRECTION('center_axis',(0.121869343405149,-0.992546151641322,0.));
#852=DIRECTION('ref_axis',(-0.992546151641322,-0.121869343405149,0.));
#853=DIRECTION('',(0.992546151641322,0.121869343405149,0.));
#854=DIRECTION('',(0.,0.,-1.));
#855=DIRECTION('center_axis',(-0.969604597657255,0.244677183656167,0.));
#856=DIRECTION('ref_axis',(-0.244677183656167,-0.969604597657254,0.));
#857=DIRECTION('',(-0.244677183656167,-0.969604597657254,0.));
#858=DIRECTION('center_axis',(0.992546151641321,0.121869343405153,0.));
#859=DIRECTION('ref_axis',(0.121869343405153,-0.992546151641321,0.));
#860=DIRECTION('',(-0.121869343405153,0.992546151641321,0.));
#861=DIRECTION('',(0.,0.,1.));
#862=DIRECTION('center_axis',(0.,0.,1.));
#863=DIRECTION('ref_axis',(-1.,0.,0.));
#864=DIRECTION('center_axis',(0.,0.,1.));
#865=DIRECTION('ref_axis',(0.0488698570401713,0.998805154708802,0.));
#866=DIRECTION('',(0.,0.,1.));
#867=DIRECTION('',(0.,0.,-1.));
#868=DIRECTION('center_axis',(-0.969604597657255,0.244677183656167,0.));
#869=DIRECTION('ref_axis',(-0.244677183656167,-0.969604597657254,0.));
#870=DIRECTION('center_axis',(0.988859359860259,0.148852834762257,0.));
#871=DIRECTION('ref_axis',(-0.148852834762257,0.988859359860258,0.));
#872=CARTESIAN_POINT('',(0.,0.,0.));
#873=CARTESIAN_POINT('Ctrl Pts',(82.0681082365415,15.0185072828263,0.628278125000001));
#874=CARTESIAN_POINT('Ctrl Pts',(82.4257560157432,11.831942489454,0.628278125000001));
#875=CARTESIAN_POINT('Ctrl Pts',(83.0579384787746,6.32488967155526,0.628278125000011));
#876=CARTESIAN_POINT('Ctrl Pts',(83.8490760633802,-0.0790170525170841,0.62827812500001));
#877=CARTESIAN_POINT('Ctrl Pts',(84.2094783942859,-2.83520756831599,0.628278125000014));
#878=CARTESIAN_POINT('Ctrl Pts',(84.3949646328877,-4.22519771060221,0.628278125000014));
#879=CARTESIAN_POINT('Ctrl Pts',(84.4669326786317,-4.76324362640657,0.628278125000014));
#880=CARTESIAN_POINT('Ctrl Pts',(84.5526533993555,-5.40251117367859,0.628278125000015));
#881=CARTESIAN_POINT('Ctrl Pts',(84.6490548174579,-6.12488918753552,0.628278125000014));
#882=CARTESIAN_POINT('Ctrl Pts',(84.7694964261237,-7.03981254279968,0.628278125000015));
#883=CARTESIAN_POINT('Ctrl Pts',(84.9062759750913,-8.12007242847644,0.628278125000015));
#884=CARTESIAN_POINT('Ctrl Pts',(85.1019843298661,-9.81312428586645,0.628278125000016));
#885=CARTESIAN_POINT('Ctrl Pts',(85.2731978570068,-11.597251852067,0.628278125000018));
#886=CARTESIAN_POINT('Ctrl Pts',(85.4318203658026,-13.5922422256971,0.628278125000019));
#887=CARTESIAN_POINT('Ctrl Pts',(85.5825293567661,-15.7157050213176,0.62827812500002));
#888=CARTESIAN_POINT('Ctrl Pts',(85.7211545167557,-18.001374851089,0.628278125000027));
#889=CARTESIAN_POINT('Ctrl Pts',(85.8228116228172,-20.0412809091913,0.628278125000028));
#890=CARTESIAN_POINT('Ctrl Pts',(85.8666140384175,-21.0563154756535,0.628278125000028));
#891=CARTESIAN_POINT('Ctrl Pts',(85.8864916317636,-21.5607501188646,0.628278125000028));
#892=CARTESIAN_POINT('Ctrl Pts',(85.8972236265479,-21.8478463745534,0.628278125000028));
#893=CARTESIAN_POINT('Ctrl Pts',(85.9435608037888,-23.1357957441442,0.628278125000028));
#894=CARTESIAN_POINT('Ctrl Pts',(85.9976942518061,-25.4286984242941,0.628278125000019));
#895=CARTESIAN_POINT('Ctrl Pts',(85.9329831100364,-28.3325773098453,0.628278125000016));
#896=CARTESIAN_POINT('Ctrl Pts',(85.6382776342491,-30.8447629689457,0.628278125000007));
#897=CARTESIAN_POINT('Ctrl Pts',(85.2254310635741,-32.4259820565091,0.628278125000001));
#898=CARTESIAN_POINT('Ctrl Pts',(84.9528405773496,-33.2156533988662,0.628278125000001));
#899=CARTESIAN_POINT('Ctrl Pts',(81.9024815013494,14.999917974948,0.461611458333335));
#900=CARTESIAN_POINT('Ctrl Pts',(82.2601555741684,11.8131189111007,0.461611458333335));
#901=CARTESIAN_POINT('Ctrl Pts',(82.892419752201,6.30533338360238,0.461611458333342));
#902=CARTESIAN_POINT('Ctrl Pts',(83.6837233419492,-0.0999266975547209,0.461611458333341));
#903=CARTESIAN_POINT('Ctrl Pts',(84.0442421257445,-2.85701381257814,0.461611458333344));
#904=CARTESIAN_POINT('Ctrl Pts',(84.2297631366164,-4.24726439697129,0.461611458333344));
#905=CARTESIAN_POINT('Ctrl Pts',(84.3017396532703,-4.78537373080888,0.461611458333344));
#906=CARTESIAN_POINT('Ctrl Pts',(84.3874595915556,-5.42463574737557,0.461611458333344));
#907=CARTESIAN_POINT('Ctrl Pts',(84.4838351487218,-6.14682078469084,0.461611458333344));
#908=CARTESIAN_POINT('Ctrl Pts',(84.6042049578031,-7.06120073906023,0.461611458333344));
#909=CARTESIAN_POINT('Ctrl Pts',(84.7408245888671,-8.1402116573611,0.461611458333345));
#910=CARTESIAN_POINT('Ctrl Pts',(84.9362051079501,-9.83044545295813,0.461611458333346));
#911=CARTESIAN_POINT('Ctrl Pts',(85.1071521736508,-11.6117437967556,0.461611458333347));
#912=CARTESIAN_POINT('Ctrl Pts',(85.2656137692793,-13.6046878653634,0.461611458333348));
#913=CARTESIAN_POINT('Ctrl Pts',(85.4162027123968,-15.7264555180256,0.461611458333349));
#914=CARTESIAN_POINT('Ctrl Pts',(85.5547421974359,-18.0107323093466,0.461611458333353));
#915=CARTESIAN_POINT('Ctrl Pts',(85.6563221456565,-20.0491152487711,0.461611458333354));
#916=CARTESIAN_POINT('Ctrl Pts',(85.7000850409704,-21.0632390458579,0.461611458333354));
#917=CARTESIAN_POINT('Ctrl Pts',(85.7199425845919,-21.5671685527738,0.461611458333355));
#918=CARTESIAN_POINT('Ctrl Pts',(85.7306632943,-21.853960803326,0.461611458333355));
#919=CARTESIAN_POINT('Ctrl Pts',(85.7769480221318,-23.1404861108808,0.461611458333354));
#920=CARTESIAN_POINT('Ctrl Pts',(85.8309990457599,-25.4300710338222,0.461611458333348));
#921=CARTESIAN_POINT('Ctrl Pts',(85.7663499787293,-28.3232333701882,0.461611458333346));
#922=CARTESIAN_POINT('Ctrl Pts',(85.4737273853813,-30.8148343096596,0.461611458333339));
#923=CARTESIAN_POINT('Ctrl Pts',(85.0651441637983,-32.3795435762722,0.461611458333335));
#924=CARTESIAN_POINT('Ctrl Pts',(84.795296254135,-33.1612699087186,0.461611458333335));
#925=CARTESIAN_POINT('Ctrl Pts',(81.7368547661573,14.9813286670698,0.294944791666668));
#926=CARTESIAN_POINT('Ctrl Pts',(82.0945551325936,11.7942953327475,0.294944791666668));
#927=CARTESIAN_POINT('Ctrl Pts',(82.7269010256273,6.28577709564955,0.294944791666673));
#928=CARTESIAN_POINT('Ctrl Pts',(83.5183706205183,-0.120836342592363,0.294944791666672));
#929=CARTESIAN_POINT('Ctrl Pts',(83.879005857203,-2.87882005684027,0.294944791666674));
#930=CARTESIAN_POINT('Ctrl Pts',(84.0645616403451,-4.26933108334036,0.294944791666674));
#931=CARTESIAN_POINT('Ctrl Pts',(84.1365466279089,-4.80750383521118,0.294944791666674));
#932=CARTESIAN_POINT('Ctrl Pts',(84.2222657837556,-5.44676032107254,0.294944791666674));
#933=CARTESIAN_POINT('Ctrl Pts',(84.3186154799856,-6.16875238184614,0.294944791666674));
#934=CARTESIAN_POINT('Ctrl Pts',(84.4389134894826,-7.08258893532077,0.294944791666674));
#935=CARTESIAN_POINT('Ctrl Pts',(84.5753732026428,-8.16035088624574,0.294944791666674));
#936=CARTESIAN_POINT('Ctrl Pts',(84.7704258860341,-9.8477666200498,0.294944791666675));
#937=CARTESIAN_POINT('Ctrl Pts',(84.9411064902947,-11.6262357414442,0.294944791666676));
#938=CARTESIAN_POINT('Ctrl Pts',(85.0994071727559,-13.6171335050298,0.294944791666676));
#939=CARTESIAN_POINT('Ctrl Pts',(85.2498760680274,-15.7372060147336,0.294944791666677));
#940=CARTESIAN_POINT('Ctrl Pts',(85.3883298781161,-18.0200897676041,0.29494479166668));
#941=CARTESIAN_POINT('Ctrl Pts',(85.4898326684958,-20.0569495883509,0.29494479166668));
#942=CARTESIAN_POINT('Ctrl Pts',(85.5335560435233,-21.0701626160624,0.294944791666681));
#943=CARTESIAN_POINT('Ctrl Pts',(85.5533935374201,-21.5735869866831,0.294944791666681));
#944=CARTESIAN_POINT('Ctrl Pts',(85.5641029620521,-21.8600752320987,0.294944791666681));
#945=CARTESIAN_POINT('Ctrl Pts',(85.6103352404749,-23.1451764776173,0.29494479166668));
#946=CARTESIAN_POINT('Ctrl Pts',(85.6643038397137,-25.4314436433502,0.294944791666676));
#947=CARTESIAN_POINT('Ctrl Pts',(85.5997168474221,-28.3138894305311,0.294944791666675));
#948=CARTESIAN_POINT('Ctrl Pts',(85.3091771365134,-30.7849056503734,0.294944791666671));
#949=CARTESIAN_POINT('Ctrl Pts',(84.9048572640225,-32.3331050960354,0.294944791666668));
#950=CARTESIAN_POINT('Ctrl Pts',(84.6377519309205,-33.1068864185709,0.294944791666668));
#951=CARTESIAN_POINT('Ctrl Pts',(81.5712280309653,14.9627393591916,0.128278125000001));
#952=CARTESIAN_POINT('Ctrl Pts',(81.9289546910188,11.7754717543942,0.128278125000001));
#953=CARTESIAN_POINT('Ctrl Pts',(82.5613822990537,6.26622080769668,0.128278125000003));
#954=CARTESIAN_POINT('Ctrl Pts',(83.3530178990874,-0.141745987629998,0.128278125000003));
#955=CARTESIAN_POINT('Ctrl Pts',(83.7137695886616,-2.90062630110242,0.128278125000004));
#956=CARTESIAN_POINT('Ctrl Pts',(83.8993601440739,-4.29139776970943,0.128278125000004));
#957=CARTESIAN_POINT('Ctrl Pts',(83.9713536025476,-4.82963393961349,0.128278125000004));
#958=CARTESIAN_POINT('Ctrl Pts',(84.0570719759556,-5.46888489476951,0.128278125000004));
#959=CARTESIAN_POINT('Ctrl Pts',(84.1533958112494,-6.19068397900146,0.128278125000004));
#960=CARTESIAN_POINT('Ctrl Pts',(84.273622021162,-7.10397713158131,0.128278125000004));
#961=CARTESIAN_POINT('Ctrl Pts',(84.4099218164186,-8.18049011513039,0.128278125000004));
#962=CARTESIAN_POINT('Ctrl Pts',(84.6046466641181,-9.86508778714148,0.128278125000004));
#963=CARTESIAN_POINT('Ctrl Pts',(84.7750608069386,-11.6407276861328,0.128278125000005));
#964=CARTESIAN_POINT('Ctrl Pts',(84.9332005762326,-13.6295791446961,0.128278125000005));
#965=CARTESIAN_POINT('Ctrl Pts',(85.083549423658,-15.7479565114416,0.128278125000005));
#966=CARTESIAN_POINT('Ctrl Pts',(85.2219175587964,-18.0294472258617,0.128278125000006));
#967=CARTESIAN_POINT('Ctrl Pts',(85.3233431913351,-20.0647839279307,0.128278125000007));
#968=CARTESIAN_POINT('Ctrl Pts',(85.3670270460763,-21.0770861862668,0.128278125000007));
#969=CARTESIAN_POINT('Ctrl Pts',(85.3868444902484,-21.5800054205924,0.128278125000007));
#970=CARTESIAN_POINT('Ctrl Pts',(85.3975426298043,-21.8661896608713,0.128278125000007));
#971=CARTESIAN_POINT('Ctrl Pts',(85.4437224588179,-23.1498668443539,0.128278125000007));
#972=CARTESIAN_POINT('Ctrl Pts',(85.4976086336675,-25.4328162528783,0.128278125000005));
#973=CARTESIAN_POINT('Ctrl Pts',(85.433083716115,-28.3045454908739,0.128278125000004));
#974=CARTESIAN_POINT('Ctrl Pts',(85.1446268876456,-30.7549769910872,0.128278125000003));
#975=CARTESIAN_POINT('Ctrl Pts',(84.7445703642467,-32.2866666157985,0.128278125000001));
#976=CARTESIAN_POINT('Ctrl Pts',(84.4802076077059,-33.0525029284232,0.128278125000001));
#977=CARTESIAN_POINT('',(82.0681082365415,15.0185072828263,0.628278125000001));
#978=CARTESIAN_POINT('',(81.6695092308485,14.088713438678,0.128278125000001));
#979=CARTESIAN_POINT('Ctrl Pts',(82.0681082365415,15.0185072828262,0.628278125000001));
#980=CARTESIAN_POINT('Ctrl Pts',(82.0016445011864,14.8634703381534,0.544936919044649));
#981=CARTESIAN_POINT('Ctrl Pts',(81.9352527352376,14.7085942477091,0.46166567506538));
#982=CARTESIAN_POINT('Ctrl Pts',(81.8688069973474,14.5535923709007,0.378307236684068));
#983=CARTESIAN_POINT('Ctrl Pts',(81.8023669748215,14.3986038266583,0.294955968421634));
#984=CARTESIAN_POINT('Ctrl Pts',(81.7359795995941,14.2437381650483,0.211651254433105));
#985=CARTESIAN_POINT('Ctrl Pts',(81.6695528954577,14.0887853306239,0.128278125000001));
#986=CARTESIAN_POINT('',(84.4802076077059,-33.0525029284232,0.128278125000001));
#987=CARTESIAN_POINT('Ctrl Pts',(81.6695603529529,14.0887192039643,0.128278125000001));
#988=CARTESIAN_POINT('Ctrl Pts',(82.0048986570769,11.1152277766643,0.128278125000002));
#989=CARTESIAN_POINT('Ctrl Pts',(82.5970963478263,5.97713017224286,0.128278125000003));
#990=CARTESIAN_POINT('Ctrl Pts',(83.3530178990874,-0.141745987629998,0.128278125000003));
#991=CARTESIAN_POINT('Ctrl Pts',(83.7137695886616,-2.90062630110242,0.128278125000004));
#992=CARTESIAN_POINT('Ctrl Pts',(83.8993601440739,-4.29139776970943,0.128278125000004));
#993=CARTESIAN_POINT('Ctrl Pts',(83.9713536025476,-4.82963393961349,0.128278125000004));
#994=CARTESIAN_POINT('Ctrl Pts',(84.0570719759556,-5.46888489476951,0.128278125000004));
#995=CARTESIAN_POINT('Ctrl Pts',(84.1533958112494,-6.19068397900146,0.128278125000004));
#996=CARTESIAN_POINT('Ctrl Pts',(84.273622021162,-7.10397713158131,0.128278125000004));
#997=CARTESIAN_POINT('Ctrl Pts',(84.4099218164186,-8.18049011513039,0.128278125000004));
#998=CARTESIAN_POINT('Ctrl Pts',(84.6046466641181,-9.86508778714148,0.128278125000004));
#999=CARTESIAN_POINT('Ctrl Pts',(84.7750608069386,-11.6407276861328,0.128278125000005));
#1000=CARTESIAN_POINT('Ctrl Pts',(84.9332005762326,-13.6295791446961,0.128278125000005));
#1001=CARTESIAN_POINT('Ctrl Pts',(85.083549423658,-15.7479565114416,0.128278125000005));
#1002=CARTESIAN_POINT('Ctrl Pts',(85.2219175587964,-18.0294472258617,0.128278125000006));
#1003=CARTESIAN_POINT('Ctrl Pts',(85.3233431913351,-20.0647839279307,0.128278125000007));
#1004=CARTESIAN_POINT('Ctrl Pts',(85.3670270460763,-21.0770861862668,0.128278125000007));
#1005=CARTESIAN_POINT('Ctrl Pts',(85.3868444902484,-21.5800054205924,0.128278125000007));
#1006=CARTESIAN_POINT('Ctrl Pts',(85.3975426298043,-21.8661896608713,0.128278125000007));
#1007=CARTESIAN_POINT('Ctrl Pts',(85.4437224588179,-23.1498668443539,0.128278125000007));
#1008=CARTESIAN_POINT('Ctrl Pts',(85.4976086336675,-25.4328162528783,0.128278125000005));
#1009=CARTESIAN_POINT('Ctrl Pts',(85.433083716115,-28.3045454908739,0.128278125000004));
#1010=CARTESIAN_POINT('Ctrl Pts',(85.1446268876456,-30.7549769910872,0.128278125000003));
#1011=CARTESIAN_POINT('Ctrl Pts',(84.7445703642467,-32.2866666157985,0.128278125000001));
#1012=CARTESIAN_POINT('Ctrl Pts',(84.4802076077059,-33.0525029284232,0.128278125000001));
#1013=CARTESIAN_POINT('',(84.9528405773496,-33.2156533988662,0.628278125000001));
#1014=CARTESIAN_POINT('',(84.4802076077059,-33.0525029284232,0.128278125000001));
#1015=CARTESIAN_POINT('Ctrl Pts',(84.9528405773496,-33.2156533988662,0.628278125000001));
#1016=CARTESIAN_POINT('Ctrl Pts',(85.2254310635741,-32.4259820565091,0.628278125000001));
#1017=CARTESIAN_POINT('Ctrl Pts',(85.6382776342491,-30.8447629689457,0.628278125000007));
#1018=CARTESIAN_POINT('Ctrl Pts',(85.9329831100364,-28.3325773098453,0.628278125000016));
#1019=CARTESIAN_POINT('Ctrl Pts',(85.9976942518061,-25.4286984242941,0.628278125000019));
#1020=CARTESIAN_POINT('Ctrl Pts',(85.9435608037888,-23.1357957441442,0.628278125000028));
#1021=CARTESIAN_POINT('Ctrl Pts',(85.8972236265479,-21.8478463745534,0.628278125000028));
#1022=CARTESIAN_POINT('Ctrl Pts',(85.8864916317636,-21.5607501188646,0.628278125000028));
#1023=CARTESIAN_POINT('Ctrl Pts',(85.8666140384175,-21.0563154756535,0.628278125000028));
#1024=CARTESIAN_POINT('Ctrl Pts',(85.8228116228172,-20.0412809091913,0.628278125000028));
#1025=CARTESIAN_POINT('Ctrl Pts',(85.7211545167557,-18.001374851089,0.628278125000027));
#1026=CARTESIAN_POINT('Ctrl Pts',(85.5825293567661,-15.7157050213176,0.62827812500002));
#1027=CARTESIAN_POINT('Ctrl Pts',(85.4318203658026,-13.5922422256971,0.628278125000019));
#1028=CARTESIAN_POINT('Ctrl Pts',(85.2731978570068,-11.597251852067,0.628278125000018));
#1029=CARTESIAN_POINT('Ctrl Pts',(85.1019843298661,-9.81312428586645,0.628278125000016));
#1030=CARTESIAN_POINT('Ctrl Pts',(84.9062759750913,-8.12007242847644,0.628278125000015));
#1031=CARTESIAN_POINT('Ctrl Pts',(84.7694964261237,-7.03981254279968,0.628278125000015));
#1032=CARTESIAN_POINT('Ctrl Pts',(84.6490548174579,-6.12488918753552,0.628278125000014));
#1033=CARTESIAN_POINT('Ctrl Pts',(84.5526533993555,-5.40251117367859,0.628278125000015));
#1034=CARTESIAN_POINT('Ctrl Pts',(84.4669326786317,-4.76324362640657,0.628278125000014));
#1035=CARTESIAN_POINT('Ctrl Pts',(84.3949646328877,-4.22519771060221,0.628278125000014));
#1036=CARTESIAN_POINT('Ctrl Pts',(84.2094783942859,-2.83520756831599,0.628278125000014));
#1037=CARTESIAN_POINT('Ctrl Pts',(83.8490760633802,-0.0790170525170841,
0.62827812500001));
#1038=CARTESIAN_POINT('Ctrl Pts',(83.0579384787746,6.32488967155526,0.628278125000011));
#1039=CARTESIAN_POINT('Ctrl Pts',(82.4257560157432,11.831942489454,0.628278125000001));
#1040=CARTESIAN_POINT('Ctrl Pts',(82.0681082365415,15.0185072828263,0.628278125000001));
#1041=CARTESIAN_POINT('Ctrl Pts',(84.8894457689623,-33.3958945172376,0.628278125000002));
#1042=CARTESIAN_POINT('Ctrl Pts',(84.86894139622,-33.4531048867992,0.628278124999966));
#1043=CARTESIAN_POINT('Ctrl Pts',(84.8481007629952,-33.5102298840275,0.627199245824509));
#1044=CARTESIAN_POINT('Ctrl Pts',(84.7601851142201,-33.747062847064,0.61816487121688));
#1045=CARTESIAN_POINT('Ctrl Pts',(84.6903334610349,-33.9253536413817,0.600352300992294));
#1046=CARTESIAN_POINT('Ctrl Pts',(84.4818499970705,-34.4320229325621,0.516682067811856));
#1047=CARTESIAN_POINT('Ctrl Pts',(84.3376956892459,-34.7508489071107,0.421419696529569));
#1048=CARTESIAN_POINT('Ctrl Pts',(83.711199034238,-36.0446082026312,-0.147322078068808));
#1049=CARTESIAN_POINT('Ctrl Pts',(82.7304498636569,-37.5363278528145,-1.91668464332541));
#1050=CARTESIAN_POINT('Ctrl Pts',(82.6803054476379,-37.5738071321828,-4.37073907004437));
#1051=CARTESIAN_POINT('Ctrl Pts',(83.0205224615026,-37.0903170144733,-5.93857213835889));
#1052=CARTESIAN_POINT('Ctrl Pts',(83.170391392745,-36.8667460589822,-6.39489904460191));
#1053=CARTESIAN_POINT('Ctrl Pts',(83.5213745423353,-36.301596608117,-7.16543685163088));
#1054=CARTESIAN_POINT('Ctrl Pts',(83.7135937624975,-35.9739210367507,-7.48181331398014));
#1055=CARTESIAN_POINT('Ctrl Pts',(84.1064786273435,-35.2347382865057,-7.97252670582993));
#1056=CARTESIAN_POINT('Ctrl Pts',(84.3026742979176,-34.8335165667503,-8.14677791110209));
#1057=CARTESIAN_POINT('Ctrl Pts',(84.5798821987003,-34.196673158129,-8.3035632045507));
#1058=CARTESIAN_POINT('Ctrl Pts',(84.668138263301,-33.9821772557611,-8.33822131549861));
#1059=CARTESIAN_POINT('Ctrl Pts',(84.7993886113316,-33.6423415397903,-8.36668813552804));
#1060=CARTESIAN_POINT('Ctrl Pts',(84.8451987480225,-33.5193505454602,-8.37172187499995));
#1061=CARTESIAN_POINT('Ctrl Pts',(84.8894457689626,-33.3958945172365,-8.371721875));
#1062=CARTESIAN_POINT('Ctrl Pts',(84.7345819338385,-33.3339946294537,0.460607284633019));
#1063=CARTESIAN_POINT('Ctrl Pts',(84.7149786955246,-33.3887657238685,0.459964385132627));
#1064=CARTESIAN_POINT('Ctrl Pts',(84.6950420420009,-33.4435150279772,0.458309364868653));
#1065=CARTESIAN_POINT('Ctrl Pts',(84.6111976245546,-33.6700014163317,0.447065549986001));
#1066=CARTESIAN_POINT('Ctrl Pts',(84.5446332778187,-33.8406669379493,0.428209887908556));
#1067=CARTESIAN_POINT('Ctrl Pts',(84.3470823678982,-34.3238092456532,0.343214404923731));
#1068=CARTESIAN_POINT('Ctrl Pts',(84.2105514610606,-34.628542879354,0.249595150056988));
#1069=CARTESIAN_POINT('Ctrl Pts',(83.6215837160853,-35.8583515980567,-0.302683652801067));
#1070=CARTESIAN_POINT('Ctrl Pts',(82.7000934957762,-37.2869254887037,-1.99192596792593));
#1071=CARTESIAN_POINT('Ctrl Pts',(82.6512755785469,-37.3269949309561,-4.35165242678181));
#1072=CARTESIAN_POINT('Ctrl Pts',(82.9724143937455,-36.8599066128953,-5.85540416997201));
#1073=CARTESIAN_POINT('Ctrl Pts',(83.1133396030007,-36.6461061822611,-6.2923782128876));
#1074=CARTESIAN_POINT('Ctrl Pts',(83.4432444522226,-36.1052131224421,-7.03031368971689));
#1075=CARTESIAN_POINT('Ctrl Pts',(83.6236530831741,-35.792973974395,-7.33339570835265));
#1076=CARTESIAN_POINT('Ctrl Pts',(83.9929217035735,-35.088726520108,-7.80576008088713));
#1077=CARTESIAN_POINT('Ctrl Pts',(84.1775907679705,-34.7069168701188,-7.97491867102431));
#1078=CARTESIAN_POINT('Ctrl Pts',(84.4398543453989,-34.0995552611141,-8.13047226376681));
#1079=CARTESIAN_POINT('Ctrl Pts',(84.5235770318022,-33.8948214262692,-8.16570553663208));
#1080=CARTESIAN_POINT('Ctrl Pts',(84.6485449865999,-33.5699221209779,-8.19651703365088));
#1081=CARTESIAN_POINT('Ctrl Pts',(84.6922562899443,-33.4522438305963,-8.20266930494509));
#1082=CARTESIAN_POINT('Ctrl Pts',(84.7345819338389,-33.3339946294527,-8.20405103463303));
#1083=CARTESIAN_POINT('Ctrl Pts',(84.5797180987148,-33.2720947416698,0.292936444266037));
#1084=CARTESIAN_POINT('Ctrl Pts',(84.5609846111413,-33.3245033646655,0.291661338618977));
#1085=CARTESIAN_POINT('Ctrl Pts',(84.5420262187979,-33.3766949936637,0.289404787709946));
#1086=CARTESIAN_POINT('Ctrl Pts',(84.4620742697573,-33.5932689218901,0.276010235560818));
#1087=CARTESIAN_POINT('Ctrl Pts',(84.399152373271,-33.7554429266315,0.255993329713837));
#1088=CARTESIAN_POINT('Ctrl Pts',(84.2118982761214,-34.216582040716,0.169868062894031));
#1089=CARTESIAN_POINT('Ctrl Pts',(84.0840464906325,-34.5047015232414,0.0775632427631339));
#1090=CARTESIAN_POINT('Ctrl Pts',(83.5306498446314,-35.6750067385567,-0.457559846802988));
#1091=CARTESIAN_POINT('Ctrl Pts',(82.6699951747578,-37.0372813226058,-2.06723982904004));
#1092=CARTESIAN_POINT('Ctrl Pts',(82.622175148218,-37.0789232128706,-4.33256034964142));
#1093=CARTESIAN_POINT('Ctrl Pts',(82.9240696577917,-36.6313089299981,-5.77203573733663));
#1094=CARTESIAN_POINT('Ctrl Pts',(83.056279358372,-36.4251470075159,-6.18981143572159));
#1095=CARTESIAN_POINT('Ctrl Pts',(83.3649990357212,-35.9097194985286,-6.89512396682241));
#1096=CARTESIAN_POINT('Ctrl Pts',(83.5336739794324,-35.612051226203,-7.18494123549211));
#1097=CARTESIAN_POINT('Ctrl Pts',(83.8793350254109,-34.9430408206156,-7.63897364949498));
#1098=CARTESIAN_POINT('Ctrl Pts',(84.0525017324539,-34.5803327630652,-7.80309284009285));
#1099=CARTESIAN_POINT('Ctrl Pts',(84.2998170965138,-34.0024983401531,-7.95735598177759));
#1100=CARTESIAN_POINT('Ctrl Pts',(84.3790165947542,-33.8074693419142,-7.9932032037484));
#1101=CARTESIAN_POINT('Ctrl Pts',(84.4976982534924,-33.4975165951407,-8.02633699569565));
#1102=CARTESIAN_POINT('Ctrl Pts',(84.539315734568,-33.3851319719715,-8.03362300124771));
#1103=CARTESIAN_POINT('Ctrl Pts',(84.5797180987151,-33.2720947416689,-8.03638019426606));
#1104=CARTESIAN_POINT('Ctrl Pts',(84.4248542635911,-33.210194853886,0.125265603899054));
#1105=CARTESIAN_POINT('Ctrl Pts',(84.4070219104459,-33.2601642017348,0.123347598751637));
#1106=CARTESIAN_POINT('Ctrl Pts',(84.3889674978036,-33.3099801376134,0.12051490675409));
#1107=CARTESIAN_POINT('Ctrl Pts',(84.3130867800919,-33.5162074911579,0.104910914329939));
#1108=CARTESIAN_POINT('Ctrl Pts',(84.2534521900547,-33.6707562231991,0.0838509166300988));
#1109=CARTESIAN_POINT('Ctrl Pts',(84.0771306469491,-34.1083683538072,-0.00359959999409341));
#1110=CARTESIAN_POINT('Ctrl Pts',(83.9569022624472,-34.3823954954846,-0.0942613037094473));
#1111=CARTESIAN_POINT('Ctrl Pts',(83.4410345264787,-35.4887501339822,-0.612921421535247));
#1112=CARTESIAN_POINT('Ctrl Pts',(82.6396388068771,-36.787878958495,-2.14248115364056));
#1113=CARTESIAN_POINT('Ctrl Pts',(82.593145279127,-36.832111011644,-4.31347370637886));
#1114=CARTESIAN_POINT('Ctrl Pts',(82.8759615900346,-36.40089852842,-5.68886776894975));
#1115=CARTESIAN_POINT('Ctrl Pts',(82.9992275686277,-36.2045071307949,-6.08729060400728));
#1116=CARTESIAN_POINT('Ctrl Pts',(83.2868689456085,-35.7133360128537,-6.76000080490842));
#1117=CARTESIAN_POINT('Ctrl Pts',(83.443733300109,-35.4311041638473,-7.03652362986462));
#1118=CARTESIAN_POINT('Ctrl Pts',(83.7657781016409,-34.7970290542179,-7.47220702455218));
#1119=CARTESIAN_POINT('Ctrl Pts',(83.9274182025068,-34.4537330664337,-7.63123360001507));
#1120=CARTESIAN_POINT('Ctrl Pts',(84.1597892432124,-33.9053804431381,-7.78426504099371));
#1121=CARTESIAN_POINT('Ctrl Pts',(84.2344553632554,-33.7201135124222,-7.82068742488186));
#1122=CARTESIAN_POINT('Ctrl Pts',(84.3468546287607,-33.4250971763283,-7.85616589381848));
#1123=CARTESIAN_POINT('Ctrl Pts',(84.3863732764898,-33.3180252571076,-7.86457043119284));
#1124=CARTESIAN_POINT('Ctrl Pts',(84.4248542635914,-33.2101948538851,-7.86870935389909));
#1125=CARTESIAN_POINT('',(84.8894457689631,-33.3958945172379,0.628278125000002));
#1126=CARTESIAN_POINT('',(84.4248542635911,-33.210194853886,0.125265603899054));
#1127=CARTESIAN_POINT('',(84.8894457689631,-33.3958945172379,0.628278125000002));
#1128=CARTESIAN_POINT('',(84.4248542635914,-33.2101948538851,-7.86870935389909));
#1129=CARTESIAN_POINT('Ctrl Pts',(84.4248542635911,-33.210194853886,0.125265603899054));
#1130=CARTESIAN_POINT('Ctrl Pts',(84.4070219104459,-33.2601642017348,0.123347598751637));
#1131=CARTESIAN_POINT('Ctrl Pts',(84.3889674978036,-33.3099801376134,0.12051490675409));
#1132=CARTESIAN_POINT('Ctrl Pts',(84.3130867800919,-33.5162074911579,0.104910914329939));
#1133=CARTESIAN_POINT('Ctrl Pts',(84.2534521900547,-33.6707562231991,0.0838509166300988));
#1134=CARTESIAN_POINT('Ctrl Pts',(84.0771306469491,-34.1083683538072,-0.00359959999409341));
#1135=CARTESIAN_POINT('Ctrl Pts',(83.9569022624472,-34.3823954954846,-0.0942613037094473));
#1136=CARTESIAN_POINT('Ctrl Pts',(83.4410345264787,-35.4887501339822,-0.612921421535247));
#1137=CARTESIAN_POINT('Ctrl Pts',(82.6396388068771,-36.787878958495,-2.14248115364056));
#1138=CARTESIAN_POINT('Ctrl Pts',(82.593145279127,-36.832111011644,-4.31347370637886));
#1139=CARTESIAN_POINT('Ctrl Pts',(82.8759615900346,-36.40089852842,-5.68886776894975));
#1140=CARTESIAN_POINT('Ctrl Pts',(82.9992275686277,-36.2045071307949,-6.08729060400728));
#1141=CARTESIAN_POINT('Ctrl Pts',(83.2868689456085,-35.7133360128537,-6.76000080490842));
#1142=CARTESIAN_POINT('Ctrl Pts',(83.443733300109,-35.4311041638473,-7.03652362986462));
#1143=CARTESIAN_POINT('Ctrl Pts',(83.7657781016409,-34.7970290542179,-7.47220702455218));
#1144=CARTESIAN_POINT('Ctrl Pts',(83.9274182025068,-34.4537330664337,-7.63123360001507));
#1145=CARTESIAN_POINT('Ctrl Pts',(84.1597892432124,-33.9053804431381,-7.78426504099371));
#1146=CARTESIAN_POINT('Ctrl Pts',(84.2344553632554,-33.7201135124222,-7.82068742488186));
#1147=CARTESIAN_POINT('Ctrl Pts',(84.3468546287607,-33.4250971763283,-7.85616589381848));
#1148=CARTESIAN_POINT('Ctrl Pts',(84.3863732764898,-33.3180252571076,-7.86457043119284));
#1149=CARTESIAN_POINT('Ctrl Pts',(84.4248542635914,-33.2101948538851,-7.86870935389909));
#1150=CARTESIAN_POINT('',(84.8894457689632,-33.3958945172367,-8.371721875));
#1151=CARTESIAN_POINT('',(84.4248542635914,-33.2101948538851,-7.86870935389909));
#1152=CARTESIAN_POINT('Ctrl Pts',(84.8894457689626,-33.3958945172365,-8.371721875));
#1153=CARTESIAN_POINT('Ctrl Pts',(84.8451987480225,-33.5193505454602,-8.37172187499995));
#1154=CARTESIAN_POINT('Ctrl Pts',(84.7993886113316,-33.6423415397903,-8.36668813552804));
#1155=CARTESIAN_POINT('Ctrl Pts',(84.668138263301,-33.9821772557611,-8.33822131549861));
#1156=CARTESIAN_POINT('Ctrl Pts',(84.5798821987003,-34.196673158129,-8.3035632045507));
#1157=CARTESIAN_POINT('Ctrl Pts',(84.3026742979176,-34.8335165667503,-8.14677791110209));
#1158=CARTESIAN_POINT('Ctrl Pts',(84.1064786273435,-35.2347382865057,-7.97252670582993));
#1159=CARTESIAN_POINT('Ctrl Pts',(83.7135937624975,-35.9739210367507,-7.48181331398014));
#1160=CARTESIAN_POINT('Ctrl Pts',(83.5213745423353,-36.301596608117,-7.16543685163088));
#1161=CARTESIAN_POINT('Ctrl Pts',(83.170391392745,-36.8667460589822,-6.39489904460191));
#1162=CARTESIAN_POINT('Ctrl Pts',(83.0205224615026,-37.0903170144733,-5.93857213835889));
#1163=CARTESIAN_POINT('Ctrl Pts',(82.6803054476379,-37.5738071321828,-4.37073907004437));
#1164=CARTESIAN_POINT('Ctrl Pts',(82.7304498636569,-37.5363278528145,-1.91668464332541));
#1165=CARTESIAN_POINT('Ctrl Pts',(83.711199034238,-36.0446082026312,-0.147322078068808));
#1166=CARTESIAN_POINT('Ctrl Pts',(84.3376956892459,-34.7508489071107,0.421419696529569));
#1167=CARTESIAN_POINT('Ctrl Pts',(84.4818499970705,-34.4320229325621,0.516682067811856));
#1168=CARTESIAN_POINT('Ctrl Pts',(84.6903334610349,-33.9253536413817,0.600352300992294));
#1169=CARTESIAN_POINT('Ctrl Pts',(84.7601851142201,-33.747062847064,0.61816487121688));
#1170=CARTESIAN_POINT('Ctrl Pts',(84.8481007629952,-33.5102298840275,0.627199245824509));
#1171=CARTESIAN_POINT('Ctrl Pts',(84.86894139622,-33.4531048867992,0.628278124999966));
#1172=CARTESIAN_POINT('Ctrl Pts',(84.8894457689623,-33.3958945172376,0.628278125000002));
#1173=CARTESIAN_POINT('Ctrl Pts',(84.9528405773092,-33.2156533989832,0.628278125000001));
#1174=CARTESIAN_POINT('Ctrl Pts',(84.9320636475403,-33.2758423888762,0.628278125000001));
#1175=CARTESIAN_POINT('Ctrl Pts',(84.9109489905962,-33.335897204864,0.628278125000001));
#1176=CARTESIAN_POINT('Ctrl Pts',(84.8894457689622,-33.3958945172375,0.628278125000001));
#1177=CARTESIAN_POINT('Ctrl Pts',(84.7952962541081,-33.1612699087966,0.461611458333335));
#1178=CARTESIAN_POINT('Ctrl Pts',(84.7753791962112,-33.2189679233636,0.461611458328874));
#1179=CARTESIAN_POINT('Ctrl Pts',(84.755151094068,-33.2765285705629,0.461277764214754));
#1180=CARTESIAN_POINT('Ctrl Pts',(84.7345819338385,-33.3339946294537,0.460607284633019));
#1181=CARTESIAN_POINT('Ctrl Pts',(84.637751930907,-33.1068864186099,0.294944791666668));
#1182=CARTESIAN_POINT('Ctrl Pts',(84.618694744882,-33.1620934578511,0.294944791657746));
#1183=CARTESIAN_POINT('Ctrl Pts',(84.5993531975397,-33.2171599362618,0.294277403429506));
#1184=CARTESIAN_POINT('Ctrl Pts',(84.5797180987148,-33.2720947416698,0.292936444266037));
#1185=CARTESIAN_POINT('Ctrl Pts',(84.4802076077059,-33.0525029284232,0.128278125000001));
#1186=CARTESIAN_POINT('Ctrl Pts',(84.4620102935529,-33.1052189923386,0.128278124986618));
#1187=CARTESIAN_POINT('Ctrl Pts',(84.4435553010115,-33.1577913019607,0.127277042644259));
#1188=CARTESIAN_POINT('Ctrl Pts',(84.4248542635911,-33.210194853886,0.125265603899055));
#1189=CARTESIAN_POINT('Ctrl Pts',(84.8894457689622,-33.3958945172375,0.628278125000001));
#1190=CARTESIAN_POINT('Ctrl Pts',(84.9109489905962,-33.335897204864,0.628278125000001));
#1191=CARTESIAN_POINT('Ctrl Pts',(84.9320636475403,-33.2758423888762,0.628278125000001));
#1192=CARTESIAN_POINT('Ctrl Pts',(84.9528405773092,-33.2156533989832,0.628278125000001));
#1193=CARTESIAN_POINT('Ctrl Pts',(84.4802076077059,-33.0525029284232,0.128278125000001));
#1194=CARTESIAN_POINT('Ctrl Pts',(84.4620102935529,-33.1052189923386,0.128278124986618));
#1195=CARTESIAN_POINT('Ctrl Pts',(84.4435553010115,-33.1577913019607,0.127277042644259));
#1196=CARTESIAN_POINT('Ctrl Pts',(84.4248542635911,-33.210194853886,0.125265603899055));
#1197=CARTESIAN_POINT('Ctrl Pts',(84.9528405773496,-33.2156533988662,-8.371721875));
#1198=CARTESIAN_POINT('Ctrl Pts',(85.2254310635741,-32.4259820565091,-8.371721875));
#1199=CARTESIAN_POINT('Ctrl Pts',(85.6382778025362,-30.8447658981813,-8.37172187500002));
#1200=CARTESIAN_POINT('Ctrl Pts',(85.9329837623695,-28.3325816836823,-8.37172187500005));
#1201=CARTESIAN_POINT('Ctrl Pts',(85.9976950896875,-25.4287029036484,-8.37172187500005));
#1202=CARTESIAN_POINT('Ctrl Pts',(85.9435621071827,-23.1357999501044,-8.37172187500008));
#1203=CARTESIAN_POINT('Ctrl Pts',(85.89722496528,-21.84785055389,-8.37172187500009));
#1204=CARTESIAN_POINT('Ctrl Pts',(85.8864929702331,-21.5607542983941,-8.37172187500009));
#1205=CARTESIAN_POINT('Ctrl Pts',(85.8666153861592,-21.0563196475965,-8.37172187500009));
#1206=CARTESIAN_POINT('Ctrl Pts',(85.8228129971161,-20.0412850532209,-8.37172187500008));
#1207=CARTESIAN_POINT('Ctrl Pts',(85.7211559404859,-18.0013789308038,-8.37172187500008));
#1208=CARTESIAN_POINT('Ctrl Pts',(85.5825310843482,-15.7157084233381,-8.37172187500002));
#1209=CARTESIAN_POINT('Ctrl Pts',(85.4318221101361,-13.5922449110029,-8.37172187500001));
#1210=CARTESIAN_POINT('Ctrl Pts',(85.273199665935,-11.5972542370168,-8.371721875));
#1211=CARTESIAN_POINT('Ctrl Pts',(85.1019860935861,-9.81312364927385,-8.37172187499998));
#1212=CARTESIAN_POINT('Ctrl Pts',(84.9062777243594,-8.12007001932492,-8.37172187499996));
#1213=CARTESIAN_POINT('Ctrl Pts',(84.7694981685173,-7.03980974783991,-8.37172187499996));
#1214=CARTESIAN_POINT('Ctrl Pts',(84.6490565505459,-6.1248859178498,-8.37172187499995));
#1215=CARTESIAN_POINT('Ctrl Pts',(84.5526551272848,-5.40250774550997,-8.37172187499995));
#1216=CARTESIAN_POINT('Ctrl Pts',(84.4669343964008,-4.76323991597496,-8.37172187499995));
#1217=CARTESIAN_POINT('Ctrl Pts',(84.3949663485985,-4.22519398409333,-8.37172187499995));
#1218=CARTESIAN_POINT('Ctrl Pts',(84.2094800928803,-2.8352033803903,-8.37172187499995));
#1219=CARTESIAN_POINT('Ctrl Pts',(83.8490774564818,-0.0790108509071738,
-8.37172187499996));
#1220=CARTESIAN_POINT('Ctrl Pts',(83.0579401556089,6.3248960162136,-8.37172187499996));
#1221=CARTESIAN_POINT('Ctrl Pts',(82.4257560157432,11.831942489454,-8.371721875));
#1222=CARTESIAN_POINT('Ctrl Pts',(82.0681082365415,15.0185072828263,-8.371721875));
#1223=CARTESIAN_POINT('Ctrl Pts',(84.795296254135,-33.1612699087186,-8.20505520833333));
#1224=CARTESIAN_POINT('Ctrl Pts',(85.0651441637983,-32.3795435762722,-8.20505520833333));
#1225=CARTESIAN_POINT('Ctrl Pts',(85.4737275191801,-30.814837342042,-8.20505520833335));
#1226=CARTESIAN_POINT('Ctrl Pts',(85.7663505509906,-28.3232378728696,-8.20505520833338));
#1227=CARTESIAN_POINT('Ctrl Pts',(85.8309997809145,-25.4300756620072,-8.20505520833339));
#1228=CARTESIAN_POINT('Ctrl Pts',(85.7769491822531,-23.1404904283208,-8.20505520833342));
#1229=CARTESIAN_POINT('Ctrl Pts',(85.7306644859633,-21.8539650909132,-8.20505520833342));
#1230=CARTESIAN_POINT('Ctrl Pts',(85.7199437760896,-21.5671728405354,-8.20505520833342));
#1231=CARTESIAN_POINT('Ctrl Pts',(85.7000862410927,-21.0632433249988,-8.20505520833342));
#1232=CARTESIAN_POINT('Ctrl Pts',(85.6563233711642,-20.0491194960928,-8.20505520833342));
#1233=CARTESIAN_POINT('Ctrl Pts',(85.5547434711917,-18.0107364852773,-8.20505520833341));
#1234=CARTESIAN_POINT('Ctrl Pts',(85.4162042894098,-15.7264589554599,-8.20505520833336));
#1235=CARTESIAN_POINT('Ctrl Pts',(85.2656153643366,-13.6046905689094,-8.20505520833335));
#1236=CARTESIAN_POINT('Ctrl Pts',(85.1071538343386,-11.6117461836158,-8.20505520833333));
#1237=CARTESIAN_POINT('Ctrl Pts',(84.9362067272402,-9.83044477151905,-8.20505520833331));
#1238=CARTESIAN_POINT('Ctrl Pts',(84.7408261967003,-8.14020917565258,-8.2050552083333));
#1239=CARTESIAN_POINT('Ctrl Pts',(84.6042065604845,-7.06119786829557,-8.20505520833329));
#1240=CARTESIAN_POINT('Ctrl Pts',(84.4838367437004,-6.1468174344398,-8.20505520833329));
#1241=CARTESIAN_POINT('Ctrl Pts',(84.3874611822271,-5.4246322375996,-8.20505520833328));
#1242=CARTESIAN_POINT('Ctrl Pts',(84.301741235137,-4.78536993759376,-8.20505520833328));
#1243=CARTESIAN_POINT('Ctrl Pts',(84.229764716679,-4.24726058754377,-8.20505520833328));
#1244=CARTESIAN_POINT('Ctrl Pts',(84.0442436905379,-2.85700954251888,-8.20505520833328));
#1245=CARTESIAN_POINT('Ctrl Pts',(83.6837246307976,-0.0999204280512936,
-8.2050552083333));
#1246=CARTESIAN_POINT('Ctrl Pts',(82.892421321012,6.30533980512432,-8.2050552083333));
#1247=CARTESIAN_POINT('Ctrl Pts',(82.2601555741684,11.8131189111007,-8.20505520833333));
#1248=CARTESIAN_POINT('Ctrl Pts',(81.9024815013494,14.999917974948,-8.20505520833333));
#1249=CARTESIAN_POINT('Ctrl Pts',(84.6377519309205,-33.1068864185709,-8.03838854166667));
#1250=CARTESIAN_POINT('Ctrl Pts',(84.9048572640225,-32.3331050960354,-8.03838854166667));
#1251=CARTESIAN_POINT('Ctrl Pts',(85.309177235824,-30.7849087859028,-8.03838854166668));
#1252=CARTESIAN_POINT('Ctrl Pts',(85.5997173396116,-28.313894062057,-8.03838854166671));
#1253=CARTESIAN_POINT('Ctrl Pts',(85.6643044721414,-25.431448420366,-8.03838854166672));
#1254=CARTESIAN_POINT('Ctrl Pts',(85.6103362573236,-23.1451809065372,-8.03838854166675));
#1255=CARTESIAN_POINT('Ctrl Pts',(85.5641040066467,-21.8600796279365,-8.03838854166675));
#1256=CARTESIAN_POINT('Ctrl Pts',(85.553394581946,-21.5735913826767,-8.03838854166675));
#1257=CARTESIAN_POINT('Ctrl Pts',(85.5335570960262,-21.0701670024011,-8.03838854166675));
#1258=CARTESIAN_POINT('Ctrl Pts',(85.4898337452123,-20.0569539389648,-8.03838854166675));
#1259=CARTESIAN_POINT('Ctrl Pts',(85.3883310018975,-18.0200940397508,-8.03838854166674));
#1260=CARTESIAN_POINT('Ctrl Pts',(85.2498774944714,-15.7372094875817,-8.03838854166669));
#1261=CARTESIAN_POINT('Ctrl Pts',(85.0994086185372,-13.617136226816,-8.03838854166668));
#1262=CARTESIAN_POINT('Ctrl Pts',(84.9411080027422,-11.6262381302147,-8.03838854166667));
#1263=CARTESIAN_POINT('Ctrl Pts',(84.7704273608942,-9.84776589376428,-8.03838854166664));
#1264=CARTESIAN_POINT('Ctrl Pts',(84.5753746690412,-8.16034833198026,-8.03838854166663));
#1265=CARTESIAN_POINT('Ctrl Pts',(84.4389149524517,-7.08258598875125,-8.03838854166662));
#1266=CARTESIAN_POINT('Ctrl Pts',(84.3186169368548,-6.16874895102981,-8.03838854166662));
#1267=CARTESIAN_POINT('Ctrl Pts',(84.2222672371695,-5.44675672968924,-8.03838854166662));
#1268=CARTESIAN_POINT('Ctrl Pts',(84.1365480738732,-4.80749995921258,-8.03838854166661));
#1269=CARTESIAN_POINT('Ctrl Pts',(84.0645630847595,-4.26932719099422,-8.03838854166661));
#1270=CARTESIAN_POINT('Ctrl Pts',(83.8790072881955,-2.87881570464747,-8.03838854166662));
#1271=CARTESIAN_POINT('Ctrl Pts',(83.5183718051134,-0.120830005195427,-8.03838854166663));
#1272=CARTESIAN_POINT('Ctrl Pts',(82.726902486415,6.28578359403502,-8.03838854166663));
#1273=CARTESIAN_POINT('Ctrl Pts',(82.0945551325936,11.7942953327475,-8.03838854166666));
#1274=CARTESIAN_POINT('Ctrl Pts',(81.7368547661573,14.9813286670698,-8.03838854166667));
#1275=CARTESIAN_POINT('Ctrl Pts',(84.4802076077059,-33.0525029284232,-7.871721875));
#1276=CARTESIAN_POINT('Ctrl Pts',(84.7445703642467,-32.2866666157985,-7.871721875));
#1277=CARTESIAN_POINT('Ctrl Pts',(85.1446269524679,-30.7549802297635,-7.87172187500002));
#1278=CARTESIAN_POINT('Ctrl Pts',(85.4330841282326,-28.3045502512443,-7.87172187500005));
#1279=CARTESIAN_POINT('Ctrl Pts',(85.4976091633684,-25.4328211787249,-7.87172187500005));
#1280=CARTESIAN_POINT('Ctrl Pts',(85.4437233323941,-23.1498713847536,-7.87172187500008));
#1281=CARTESIAN_POINT('Ctrl Pts',(85.3975435273301,-21.8661941649598,-7.87172187500009));
#1282=CARTESIAN_POINT('Ctrl Pts',(85.3868453878025,-21.5800099248181,-7.87172187500009));
#1283=CARTESIAN_POINT('Ctrl Pts',(85.3670279509598,-21.0770906798034,-7.87172187500009));
#1284=CARTESIAN_POINT('Ctrl Pts',(85.3233441192604,-20.0647883818367,-7.87172187500008));
#1285=CARTESIAN_POINT('Ctrl Pts',(85.2219185326034,-18.0294515942243,-7.87172187500007));
#1286=CARTESIAN_POINT('Ctrl Pts',(85.0835506995329,-15.7479600197035,-7.87172187500002));
#1287=CARTESIAN_POINT('Ctrl Pts',(84.9332018727378,-13.6295818847225,-7.87172187500001));
#1288=CARTESIAN_POINT('Ctrl Pts',(84.7750621711458,-11.6407300768137,-7.871721875));
#1289=CARTESIAN_POINT('Ctrl Pts',(84.6046479945483,-9.86508701600948,-7.87172187499998));
#1290=CARTESIAN_POINT('Ctrl Pts',(84.4099231413821,-8.18048748830792,-7.87172187499996));
#1291=CARTESIAN_POINT('Ctrl Pts',(84.2736233444189,-7.10397410920691,-7.87172187499996));
#1292=CARTESIAN_POINT('Ctrl Pts',(84.1533971300093,-6.19068046761981,-7.87172187499996));
#1293=CARTESIAN_POINT('Ctrl Pts',(84.0570732921118,-5.46888122177887,-7.87172187499995));
#1294=CARTESIAN_POINT('Ctrl Pts',(83.9713549126094,-4.82962998083138,-7.87172187499995));
#1295=CARTESIAN_POINT('Ctrl Pts',(83.89936145284,-4.29139379444467,-7.87172187499995));
#1296=CARTESIAN_POINT('Ctrl Pts',(83.7137708858531,-2.90062186677605,-7.87172187499995));
#1297=CARTESIAN_POINT('Ctrl Pts',(83.3530189794293,-0.14173958233955,-7.87172187499996));
#1298=CARTESIAN_POINT('Ctrl Pts',(82.5613836518181,6.26622738294573,-7.87172187499996));
#1299=CARTESIAN_POINT('Ctrl Pts',(81.9289546910188,11.7754717543942,-7.871721875));
#1300=CARTESIAN_POINT('Ctrl Pts',(81.5712280309653,14.9627393591916,-7.871721875));
#1301=CARTESIAN_POINT('',(81.6695092308485,14.088713438678,-7.871721875));
#1302=CARTESIAN_POINT('',(82.0681082365415,15.0185072828263,-8.371721875));
#1303=CARTESIAN_POINT('Ctrl Pts',(81.6695529163101,14.0887854322615,-7.871721875));
#1304=CARTESIAN_POINT('Ctrl Pts',(81.7359644396724,14.2437028351192,-7.95507595814567));
#1305=CARTESIAN_POINT('Ctrl Pts',(81.8023366643153,14.3985331396491,-8.03836167159779));
#1306=CARTESIAN_POINT('Ctrl Pts',(81.8687614998363,14.5534862479658,-8.12169390087519));
#1307=CARTESIAN_POINT('Ctrl Pts',(81.9352224106152,14.7085235111515,-8.20507138779808));
#1308=CARTESIAN_POINT('Ctrl Pts',(82.0016293142846,14.8634349123556,-8.28836162565655));
#1309=CARTESIAN_POINT('Ctrl Pts',(82.0681082365415,15.0185072828262,-8.371721875));
#1310=CARTESIAN_POINT('',(84.9528405773496,-33.2156533988662,-8.371721875));
#1311=CARTESIAN_POINT('Ctrl Pts',(82.0681082365415,15.0185072828263,-8.371721875));
#1312=CARTESIAN_POINT('Ctrl Pts',(82.4257560157432,11.831942489454,-8.371721875));
#1313=CARTESIAN_POINT('Ctrl Pts',(83.0579401556089,6.3248960162136,-8.37172187499996));
#1314=CARTESIAN_POINT('Ctrl Pts',(83.8490774564818,-0.0790108509071738,
-8.37172187499996));
#1315=CARTESIAN_POINT('Ctrl Pts',(84.2094800928803,-2.8352033803903,-8.37172187499995));
#1316=CARTESIAN_POINT('Ctrl Pts',(84.3949663485985,-4.22519398409333,-8.37172187499995));
#1317=CARTESIAN_POINT('Ctrl Pts',(84.4669343964008,-4.76323991597496,-8.37172187499995));
#1318=CARTESIAN_POINT('Ctrl Pts',(84.5526551272848,-5.40250774550997,-8.37172187499995));
#1319=CARTESIAN_POINT('Ctrl Pts',(84.6490565505459,-6.1248859178498,-8.37172187499995));
#1320=CARTESIAN_POINT('Ctrl Pts',(84.7694981685173,-7.03980974783991,-8.37172187499996));
#1321=CARTESIAN_POINT('Ctrl Pts',(84.9062777243594,-8.12007001932492,-8.37172187499996));
#1322=CARTESIAN_POINT('Ctrl Pts',(85.1019860935861,-9.81312364927385,-8.37172187499998));
#1323=CARTESIAN_POINT('Ctrl Pts',(85.273199665935,-11.5972542370168,-8.371721875));
#1324=CARTESIAN_POINT('Ctrl Pts',(85.4318221101361,-13.5922449110029,-8.37172187500001));
#1325=CARTESIAN_POINT('Ctrl Pts',(85.5825310843482,-15.7157084233381,-8.37172187500002));
#1326=CARTESIAN_POINT('Ctrl Pts',(85.7211559404859,-18.0013789308038,-8.37172187500008));
#1327=CARTESIAN_POINT('Ctrl Pts',(85.8228129971161,-20.0412850532209,-8.37172187500008));
#1328=CARTESIAN_POINT('Ctrl Pts',(85.8666153861592,-21.0563196475965,-8.37172187500009));
#1329=CARTESIAN_POINT('Ctrl Pts',(85.8864929702331,-21.5607542983941,-8.37172187500009));
#1330=CARTESIAN_POINT('Ctrl Pts',(85.89722496528,-21.84785055389,-8.37172187500009));
#1331=CARTESIAN_POINT('Ctrl Pts',(85.9435621071827,-23.1357999501044,-8.37172187500008));
#1332=CARTESIAN_POINT('Ctrl Pts',(85.9976950896875,-25.4287029036484,-8.37172187500005));
#1333=CARTESIAN_POINT('Ctrl Pts',(85.9329837623695,-28.3325816836823,-8.37172187500005));
#1334=CARTESIAN_POINT('Ctrl Pts',(85.6382778025362,-30.8447658981813,-8.37172187500002));
#1335=CARTESIAN_POINT('Ctrl Pts',(85.2254310635741,-32.4259820565091,-8.371721875));
#1336=CARTESIAN_POINT('Ctrl Pts',(84.9528405773496,-33.2156533988662,-8.371721875));
#1337=CARTESIAN_POINT('',(84.4802076077059,-33.0525029284232,-7.871721875));
#1338=CARTESIAN_POINT('',(84.9528405773496,-33.2156533988662,-8.371721875));
#1339=CARTESIAN_POINT('Ctrl Pts',(84.4802076077059,-33.0525029284232,-7.871721875));
#1340=CARTESIAN_POINT('Ctrl Pts',(84.7445703642467,-32.2866666157985,-7.871721875));
#1341=CARTESIAN_POINT('Ctrl Pts',(85.1446269524679,-30.7549802297635,-7.87172187500002));
#1342=CARTESIAN_POINT('Ctrl Pts',(85.4330841282326,-28.3045502512443,-7.87172187500005));
#1343=CARTESIAN_POINT('Ctrl Pts',(85.4976091633684,-25.4328211787249,-7.87172187500005));
#1344=CARTESIAN_POINT('Ctrl Pts',(85.4437233323941,-23.1498713847536,-7.87172187500008));
#1345=CARTESIAN_POINT('Ctrl Pts',(85.3975435273301,-21.8661941649598,-7.87172187500009));
#1346=CARTESIAN_POINT('Ctrl Pts',(85.3868453878025,-21.5800099248181,-7.87172187500009));
#1347=CARTESIAN_POINT('Ctrl Pts',(85.3670279509598,-21.0770906798034,-7.87172187500009));
#1348=CARTESIAN_POINT('Ctrl Pts',(85.3233441192604,-20.0647883818367,-7.87172187500008));
#1349=CARTESIAN_POINT('Ctrl Pts',(85.2219185326034,-18.0294515942243,-7.87172187500007));
#1350=CARTESIAN_POINT('Ctrl Pts',(85.0835506995329,-15.7479600197035,-7.87172187500002));
#1351=CARTESIAN_POINT('Ctrl Pts',(84.9332018727378,-13.6295818847225,-7.87172187500001));
#1352=CARTESIAN_POINT('Ctrl Pts',(84.7750621711458,-11.6407300768137,-7.871721875));
#1353=CARTESIAN_POINT('Ctrl Pts',(84.6046479945483,-9.86508701600948,-7.87172187499998));
#1354=CARTESIAN_POINT('Ctrl Pts',(84.4099231413821,-8.18048748830792,-7.87172187499996));
#1355=CARTESIAN_POINT('Ctrl Pts',(84.2736233444189,-7.10397410920691,-7.87172187499996));
#1356=CARTESIAN_POINT('Ctrl Pts',(84.1533971300093,-6.19068046761981,-7.87172187499996));
#1357=CARTESIAN_POINT('Ctrl Pts',(84.0570732921118,-5.46888122177887,-7.87172187499995));
#1358=CARTESIAN_POINT('Ctrl Pts',(83.9713549126094,-4.82962998083138,-7.87172187499995));
#1359=CARTESIAN_POINT('Ctrl Pts',(83.89936145284,-4.29139379444467,-7.87172187499995));
#1360=CARTESIAN_POINT('Ctrl Pts',(83.7137708858531,-2.90062186677605,-7.87172187499995));
#1361=CARTESIAN_POINT('Ctrl Pts',(83.3530189794293,-0.14173958233955,-7.87172187499996));
#1362=CARTESIAN_POINT('Ctrl Pts',(82.5970976922587,5.97713670778514,-7.87172187499996));
#1363=CARTESIAN_POINT('Ctrl Pts',(82.0048988225879,11.1152284705539,-7.87172187499999));
#1364=CARTESIAN_POINT('Ctrl Pts',(81.6695603848659,14.0887192075668,-7.871721875));
#1365=CARTESIAN_POINT('Ctrl Pts',(84.8894457689626,-33.3958945172365,-8.371721875));
#1366=CARTESIAN_POINT('Ctrl Pts',(84.8999537012384,-33.3665757618481,-8.371721875));
#1367=CARTESIAN_POINT('Ctrl Pts',(84.9103691326928,-33.3372402531591,-8.371721875));
#1368=CARTESIAN_POINT('Ctrl Pts',(84.9315076040626,-33.2771600287848,-8.371721875));
#1369=CARTESIAN_POINT('Ctrl Pts',(84.9422195573988,-33.2464215859651,-8.371721875));
#1370=CARTESIAN_POINT('Ctrl Pts',(84.9528405773092,-33.2156533989832,-8.371721875));
#1371=CARTESIAN_POINT('Ctrl Pts',(84.7345819338389,-33.3339946294527,-8.20405103463303));
#1372=CARTESIAN_POINT('Ctrl Pts',(84.7446334463474,-33.3059128231447,-8.20437867624288));
#1373=CARTESIAN_POINT('Ctrl Pts',(84.7546039582524,-33.2778055792434,-8.20462592499513));
#1374=CARTESIAN_POINT('Ctrl Pts',(84.7748497225068,-33.2202288082948,-8.20496800630954));
#1375=CARTESIAN_POINT('Ctrl Pts',(84.7851148232741,-33.1907647337711,-8.20505520807697));
#1376=CARTESIAN_POINT('Ctrl Pts',(84.7952962541081,-33.1612699087965,-8.20505520833333));
#1377=CARTESIAN_POINT('Ctrl Pts',(84.5797180987152,-33.2720947416689,-8.03638019426606));
#1378=CARTESIAN_POINT('Ctrl Pts',(84.5893131135285,-33.2452498635063,-8.03703547802763));
#1379=CARTESIAN_POINT('Ctrl Pts',(84.5988387723869,-33.2183709022493,-8.03752997505961));
#1380=CARTESIAN_POINT('Ctrl Pts',(84.6181918242688,-33.1632975836746,-8.03821413777271));
#1381=CARTESIAN_POINT('Ctrl Pts',(84.628010003223,-33.1351078605632,-8.03838854191619));
#1382=CARTESIAN_POINT('Ctrl Pts',(84.637751930907,-33.1068864186099,-8.03838854166667));
#1383=CARTESIAN_POINT('Ctrl Pts',(84.4248542635914,-33.210194853885,-7.86870935389909));
#1384=CARTESIAN_POINT('Ctrl Pts',(84.4339928586376,-33.1845869248029,-7.86969227927051));
#1385=CARTESIAN_POINT('Ctrl Pts',(84.4430735979464,-33.1589362283336,-7.87043402505474));
#1386=CARTESIAN_POINT('Ctrl Pts',(84.4615339427129,-33.1063663631847,-7.87146026908225));
#1387=CARTESIAN_POINT('Ctrl Pts',(84.4709052690984,-33.0794510083691,-7.87172187499316));
#1388=CARTESIAN_POINT('Ctrl Pts',(84.4802076077059,-33.0525029284232,-7.871721875));
#1389=CARTESIAN_POINT('Ctrl Pts',(84.9528405773092,-33.2156533989832,-8.371721875));
#1390=CARTESIAN_POINT('Ctrl Pts',(84.9422195573988,-33.2464215859651,-8.371721875));
#1391=CARTESIAN_POINT('Ctrl Pts',(84.9315076040626,-33.2771600287848,-8.371721875));
#1392=CARTESIAN_POINT('Ctrl Pts',(84.9103691326928,-33.3372402531591,-8.371721875));
#1393=CARTESIAN_POINT('Ctrl Pts',(84.8999537012384,-33.3665757618481,-8.371721875));
#1394=CARTESIAN_POINT('Ctrl Pts',(84.8894457689626,-33.3958945172365,-8.371721875));
#1395=CARTESIAN_POINT('Ctrl Pts',(84.4248542635914,-33.210194853885,-7.86870935389909));
#1396=CARTESIAN_POINT('Ctrl Pts',(84.4339928586376,-33.1845869248029,-7.86969227927051));
#1397=CARTESIAN_POINT('Ctrl Pts',(84.4430735979464,-33.1589362283336,-7.87043402505474));
#1398=CARTESIAN_POINT('Ctrl Pts',(84.4615339427129,-33.1063663631847,-7.87146026908225));
#1399=CARTESIAN_POINT('Ctrl Pts',(84.4709052690984,-33.0794510083691,-7.87172187499316));
#1400=CARTESIAN_POINT('Ctrl Pts',(84.4802076077059,-33.0525029284232,-7.871721875));
#1401=CARTESIAN_POINT('Origin',(85.2245165327057,-9.34787320878961,0.628278125000001));
#1402=CARTESIAN_POINT('',(87.154298204437,-35.2963313605133,0.628278125000002));
#1403=CARTESIAN_POINT('',(80.7882901622962,-29.9546163602798,0.628278125000001));
#1404=CARTESIAN_POINT('',(84.5562247560188,17.9637193191879,0.628278125000001));
#1405=CARTESIAN_POINT('Ctrl Pts',(84.5562247698681,17.9637193207339,0.628278124999991));
#1406=CARTESIAN_POINT('Ctrl Pts',(85.1233972987251,12.8831542161253,0.628278124999991));
#1407=CARTESIAN_POINT('Ctrl Pts',(85.9785530773027,5.25976716040851,0.628278125000001));
#1408=CARTESIAN_POINT('Ctrl Pts',(87.1346763457366,-3.60868484297217,0.628278125000002));
#1409=CARTESIAN_POINT('Ctrl Pts',(87.8154854289164,-8.68116438696674,0.628278125000003));
#1410=CARTESIAN_POINT('Ctrl Pts',(88.2873446304792,-13.782623974907,0.628278125000001));
#1411=CARTESIAN_POINT('Ctrl Pts',(88.6428197627539,-20.1492434261409,0.628278124999998));
#1412=CARTESIAN_POINT('Ctrl Pts',(88.9031208023069,-26.5477976401621,0.628278125000001));
#1413=CARTESIAN_POINT('Ctrl Pts',(88.4118362139066,-31.6575603336166,0.628278125000002));
#1414=CARTESIAN_POINT('Ctrl Pts',(87.6482730108473,-34.1164146709058,0.628278125000006));
#1415=CARTESIAN_POINT('Ctrl Pts',(87.1542982044367,-35.2963313605134,0.628278125000006));
#1416=CARTESIAN_POINT('',(84.3580038587674,19.2805394571714,0.628278125000002));
#1417=CARTESIAN_POINT('',(86.5746831077763,4.55469277315354,0.628278125000001));
#1418=CARTESIAN_POINT('',(83.9645524751816,17.7213737647318,0.628278125000001));
#1419=CARTESIAN_POINT('',(81.4142235777563,7.61495277552918,0.628278125000001));
#1420=CARTESIAN_POINT('',(83.0222417855118,17.2441713905065,0.628278125000001));
#1421=CARTESIAN_POINT('Origin',(83.2858292568215,17.8926477932911,0.628278125000001));
#1422=CARTESIAN_POINT('',(83.2652065370159,17.8109242600997,0.628278125000001));
#1423=CARTESIAN_POINT('Origin',(80.7882901622962,-29.9546163602798,-3.871721875));
#1424=CARTESIAN_POINT('',(87.1542982044372,-35.2963313605131,-8.371721875));
#1425=CARTESIAN_POINT('',(80.7882901622962,-29.9546163602798,-8.371721875));
#1426=CARTESIAN_POINT('Ctrl Pts',(87.1542982044363,-35.2963313605142,0.628278125000003));
#1427=CARTESIAN_POINT('Ctrl Pts',(86.8668792542201,-35.9049595294219,0.628278124999661));
#1428=CARTESIAN_POINT('Ctrl Pts',(86.2396438138319,-37.1056884934917,0.340553783610051));
#1429=CARTESIAN_POINT('Ctrl Pts',(85.3647767889373,-38.5169818942177,-0.937064475469583));
#1430=CARTESIAN_POINT('Ctrl Pts',(84.8365152659078,-39.2759351721899,-2.82222034862106));
#1431=CARTESIAN_POINT('Ctrl Pts',(84.8362036344947,-39.2760612472657,-4.92136769521222));
#1432=CARTESIAN_POINT('Ctrl Pts',(85.3649016953684,-38.5168401546578,-6.80644216769385));
#1433=CARTESIAN_POINT('Ctrl Pts',(86.239574960704,-37.1056621238201,-8.08405262587366));
#1434=CARTESIAN_POINT('Ctrl Pts',(86.8668792542203,-35.9049595294212,-8.37172187499965));
#1435=CARTESIAN_POINT('Ctrl Pts',(87.1542982044363,-35.2963313605142,-8.371721875));
#1436=CARTESIAN_POINT('Origin',(85.2245165327057,-9.34787320878961,-8.371721875));
#1437=CARTESIAN_POINT('',(83.0222417855118,17.2441713905065,-8.371721875));
#1438=CARTESIAN_POINT('',(83.2652065370159,17.8109242600997,-8.371721875));
#1439=CARTESIAN_POINT('',(83.9645524751816,17.7213737647318,-8.371721875));
#1440=CARTESIAN_POINT('Origin',(83.2858292568215,17.8926477932911,-8.371721875));
#1441=CARTESIAN_POINT('',(84.3580038587674,19.2805394571714,-8.371721875));
#1442=CARTESIAN_POINT('',(81.4142235777563,7.61495277552918,-8.371721875));
#1443=CARTESIAN_POINT('',(84.5562260343126,17.9637096236461,-8.371721875));
#1444=CARTESIAN_POINT('',(86.5746831077763,4.55469277315354,-8.371721875));
#1445=CARTESIAN_POINT('Ctrl Pts',(87.1542982044365,-35.2963313605138,-8.37172187499999));
#1446=CARTESIAN_POINT('Ctrl Pts',(87.6482730108473,-34.1164146709061,-8.37172187499999));
#1447=CARTESIAN_POINT('Ctrl Pts',(88.4106525944081,-31.6573136858987,-8.371721875));
#1448=CARTESIAN_POINT('Ctrl Pts',(88.8959562554342,-26.5472204130253,-8.371721875));
#1449=CARTESIAN_POINT('Ctrl Pts',(88.6545902529009,-20.1500795691603,-8.371721875));
#1450=CARTESIAN_POINT('Ctrl Pts',(88.287179076482,-13.7826517348472,-8.371721875));
#1451=CARTESIAN_POINT('Ctrl Pts',(87.8163369470779,-8.68106576862104,-8.371721875));
#1452=CARTESIAN_POINT('Ctrl Pts',(87.1353863464647,-3.60928340420133,-8.371721875));
#1453=CARTESIAN_POINT('Ctrl Pts',(86.3072707289962,2.73104946750496,-8.371721875));
#1454=CARTESIAN_POINT('Ctrl Pts',(85.4125721515634,10.3403772083847,-8.371721875));
#1455=CARTESIAN_POINT('Ctrl Pts',(84.8395721436333,15.4256382668389,-8.37172187499999));
#1456=CARTESIAN_POINT('Ctrl Pts',(84.5562258724068,17.9637096055721,-8.37172187499999));
#1457=CARTESIAN_POINT('Origin',(83.5142938674857,-16.8643204762149,-1.621721875));
#1458=CARTESIAN_POINT('',(84.0381436935655,-29.3558408544442,-1.871721875));
#1459=CARTESIAN_POINT('',(84.5371858119864,-29.3249060190325,-1.371721875));
#1460=CARTESIAN_POINT('',(83.0400594567236,-29.4177105252674,-2.87172187500005));
#1461=CARTESIAN_POINT('',(82.0575155253174,10.6772435494837,-1.371721875));
#1462=CARTESIAN_POINT('',(83.7638149266962,-16.8488530585091,-1.371721875));
#1463=CARTESIAN_POINT('',(81.6695092308485,14.088713438678,-1.54791832190122));
#1464=CARTESIAN_POINT('Ctrl Pts',(81.6695092308485,14.088713438678,-1.54791832190123));
#1465=CARTESIAN_POINT('Ctrl Pts',(81.8198395863806,12.7544604659884,-1.48042575594104));
#1466=CARTESIAN_POINT('Ctrl Pts',(81.9402594562676,11.6975189932638,-1.42562920300108));
#1467=CARTESIAN_POINT('Ctrl Pts',(82.0575155256466,10.677243549557,-1.37172187433104));
#1468=CARTESIAN_POINT('',(81.3860689400123,13.4275451120163,-1.871721875));
#1469=CARTESIAN_POINT('',(77.2831837335152,3.85693065045806,-6.55887769148924));
#1470=CARTESIAN_POINT('',(83.2647728082752,-16.8797878939207,-1.871721875));
#1471=CARTESIAN_POINT('Origin',(82.491401922985,-4.40373493339729,-3.871721875));
#1472=CARTESIAN_POINT('',(81.3860689400123,13.4275451120163,-5.871721875));
#1473=CARTESIAN_POINT('',(81.3860689400123,13.4275451120163,-5.12172187499997));
#1474=CARTESIAN_POINT('',(84.0381436935655,-29.3558408544442,-5.871721875));
#1475=CARTESIAN_POINT('',(81.7180310376947,8.07231802712613,-5.871721875));
#1476=CARTESIAN_POINT('',(84.0381436935655,-29.3558408544442,-5.121721875));
#1477=CARTESIAN_POINT('',(81.6623483339538,8.97059384028382,-3.8717218750001));
#1478=CARTESIAN_POINT('Origin',(81.7180310376947,8.07231802712613,-3.8717218750001));
#1479=CARTESIAN_POINT('',(82.4357192192441,-3.50545912023962,-3.8717218750001));
#1480=CARTESIAN_POINT('Origin',(82.491401922985,-4.4037349333973,-3.8717218750001));
#1481=CARTESIAN_POINT('',(83.2090901045344,-15.9815120807631,-3.8717218750001));
#1482=CARTESIAN_POINT('Origin',(83.2647728082753,-16.8797878939207,-3.8717218750001));
#1483=CARTESIAN_POINT('Origin',(81.6695092308485,14.088713438678,0.628278125000001));
#1484=CARTESIAN_POINT('',(83.1367618408387,17.5113071358386,0.565126119027071));
#1485=CARTESIAN_POINT('Ctrl Pts',(83.1367618408419,17.5113071358461,0.565126119023323));
#1486=CARTESIAN_POINT('Ctrl Pts',(83.1295118588824,17.4943954313515,0.573516745001257));
#1487=CARTESIAN_POINT('Ctrl Pts',(83.1222725655281,17.4775086596821,0.580919407612027));
#1488=CARTESIAN_POINT('Ctrl Pts',(83.1012430874974,17.4284541489098,0.60002603740289));
#1489=CARTESIAN_POINT('Ctrl Pts',(83.0854750223532,17.3916726976372,0.610891064765854));
#1490=CARTESIAN_POINT('Ctrl Pts',(83.0534187568554,17.3168964992511,0.62501714917105));
#1491=CARTESIAN_POINT('Ctrl Pts',(83.0371305509459,17.2789017391773,0.628278125000001));
#1492=CARTESIAN_POINT('Ctrl Pts',(83.0222417855118,17.2441713905065,0.628278125000001));
#1493=CARTESIAN_POINT('',(83.2652065370159,17.8109242600997,0.261287973321905));
#1494=CARTESIAN_POINT('Ctrl Pts',(83.2652065370159,17.8109242600997,0.261287973321907));
#1495=CARTESIAN_POINT('Ctrl Pts',(83.2632401091946,17.8063372629996,0.270400859216309));
#1496=CARTESIAN_POINT('Ctrl Pts',(83.2612404781535,17.8016728142529,0.27919714187219));
#1497=CARTESIAN_POINT('Ctrl Pts',(83.251572630962,17.7791210650601,0.319871249876185));
#1498=CARTESIAN_POINT('Ctrl Pts',(83.2420700521764,17.7569548299914,0.353677063106909));
#1499=CARTESIAN_POINT('Ctrl Pts',(83.2207755788961,17.7072821768047,0.416264257256728));
#1500=CARTESIAN_POINT('Ctrl Pts',(83.2089838941984,17.6797762480705,0.44504609795656));
#1501=CARTESIAN_POINT('Ctrl Pts',(83.1859435028377,17.6260309708673,0.493044821983527));
#1502=CARTESIAN_POINT('Ctrl Pts',(83.1725297331201,17.5947412778873,0.516777965791601));
#1503=CARTESIAN_POINT('Ctrl Pts',(83.1512819935431,17.5451776382931,0.547343776667379));
#1504=CARTESIAN_POINT('Ctrl Pts',(83.144016628164,17.5282300495924,0.55672993165217));
#1505=CARTESIAN_POINT('Ctrl Pts',(83.1367618408419,17.5113071358461,0.565126119023323));
#1506=CARTESIAN_POINT('',(83.2652206712868,17.8108091454407,0.228278125000001));
#1507=CARTESIAN_POINT('',(83.2652065370159,17.8109242600997,-8.371721875));
#1508=CARTESIAN_POINT('',(83.2652183146003,17.8108283391556,-8.00489829171003));
#1509=CARTESIAN_POINT('',(83.2652253439746,17.8107710893665,-4.071721875));
#1510=CARTESIAN_POINT('Ctrl Pts',(83.0222417855118,17.2441713905065,-8.371721875));
#1511=CARTESIAN_POINT('Ctrl Pts',(83.0371305509459,17.2789017391773,-8.371721875));
#1512=CARTESIAN_POINT('Ctrl Pts',(83.0534187568554,17.3168964992511,-8.36846089917105));
#1513=CARTESIAN_POINT('Ctrl Pts',(83.0854750223532,17.3916726976372,-8.35433481476585));
#1514=CARTESIAN_POINT('Ctrl Pts',(83.1012430874974,17.4284541489098,-8.34346978740289));
#1515=CARTESIAN_POINT('Ctrl Pts',(83.1292890770753,17.4938757583222,-8.31798820677583));
#1516=CARTESIAN_POINT('Ctrl Pts',(83.1442025419064,17.5286637221574,-8.30097163020691));
#1517=CARTESIAN_POINT('Ctrl Pts',(83.1725297331201,17.5947412778873,-8.26022171579161));
#1518=CARTESIAN_POINT('Ctrl Pts',(83.1859435028377,17.6260309708673,-8.23648857198353));
#1519=CARTESIAN_POINT('Ctrl Pts',(83.2089838941984,17.6797762480705,-8.18848984795656));
#1520=CARTESIAN_POINT('Ctrl Pts',(83.2207755788961,17.7072821768047,-8.15970800725672));
#1521=CARTESIAN_POINT('Ctrl Pts',(83.2420700521764,17.7569548299914,-8.09712081310691));
#1522=CARTESIAN_POINT('Ctrl Pts',(83.251572630962,17.7791210650601,-8.06331499987618));
#1523=CARTESIAN_POINT('Ctrl Pts',(83.2612404781535,17.8016728142529,-8.02264089187218));
#1524=CARTESIAN_POINT('Ctrl Pts',(83.2632401091946,17.8063372629996,-8.01384460921629));
#1525=CARTESIAN_POINT('Ctrl Pts',(83.2652065370159,17.8109242600997,-8.00473172332189));
#1526=CARTESIAN_POINT('',(81.6695092308485,14.088713438678,-6.371721875));
#1527=CARTESIAN_POINT('Ctrl Pts',(81.6695092308485,14.088713438678,-6.371721875));
#1528=CARTESIAN_POINT('Ctrl Pts',(81.6695092308485,14.088713438678,-6.871721875));
#1529=CARTESIAN_POINT('Ctrl Pts',(81.6695092308485,14.088713438678,-7.371721875));
#1530=CARTESIAN_POINT('Ctrl Pts',(81.6695092308485,14.088713438678,-7.871721875));
#1531=CARTESIAN_POINT('',(81.6695092308485,14.0887134386779,-6.19552542809876));
#1532=CARTESIAN_POINT('Ctrl Pts',(81.6695092308485,14.0887134386779,-6.19552542809876));
#1533=CARTESIAN_POINT('Ctrl Pts',(81.6695092308485,14.0887134386779,-6.25425757706584));
#1534=CARTESIAN_POINT('Ctrl Pts',(81.6695092308485,14.088713438678,-6.31298972603292));
#1535=CARTESIAN_POINT('Ctrl Pts',(81.6695092308485,14.088713438678,-6.371721875));
#1536=CARTESIAN_POINT('',(80.2766039891178,10.8395464795396,-4.60426377270131));
#1537=CARTESIAN_POINT('',(81.6695092308485,14.088713438678,-1.371721875));
#1538=CARTESIAN_POINT('Ctrl Pts',(81.6695092308485,14.088713438678,-1.371721875));
#1539=CARTESIAN_POINT('Ctrl Pts',(81.6695092308485,14.088713438678,-1.43045402396707));
#1540=CARTESIAN_POINT('Ctrl Pts',(81.6695092308485,14.088713438678,-1.48918617293414));
#1541=CARTESIAN_POINT('Ctrl Pts',(81.6695092308485,14.088713438678,-1.54791832190122));
#1542=CARTESIAN_POINT('Ctrl Pts',(81.6695092308485,14.088713438678,0.128278125000001));
#1543=CARTESIAN_POINT('Ctrl Pts',(81.6695092308485,14.088713438678,-0.371721874999999));
#1544=CARTESIAN_POINT('Ctrl Pts',(81.6695092308485,14.088713438678,-0.871721874999999));
#1545=CARTESIAN_POINT('Ctrl Pts',(81.6695092308485,14.088713438678,-1.371721875));
#1546=CARTESIAN_POINT('Origin',(81.9675520969052,8.08778544483194,-6.121721875));
#1547=CARTESIAN_POINT('',(82.0575155241916,10.6772435622177,-6.371721875));
#1548=CARTESIAN_POINT('Ctrl Pts',(82.0575155241916,10.6772435622176,-6.371721875));
#1549=CARTESIAN_POINT('Ctrl Pts',(81.9402593495366,11.6975199220439,-6.31781449793567));
#1550=CARTESIAN_POINT('Ctrl Pts',(81.8198393708634,12.7544623788049,-6.26301789730002));
#1551=CARTESIAN_POINT('Ctrl Pts',(81.6695092308485,14.0887134386779,-6.19552542809876));
#1552=CARTESIAN_POINT('',(84.5371858119864,-29.3249060190325,-6.371721875));
#1553=CARTESIAN_POINT('',(82.2170731561156,8.10325286253774,-6.371721875));
#1554=CARTESIAN_POINT('',(84.287664752776,-29.3403734367383,-6.12172187499999));
#1555=CARTESIAN_POINT('Origin',(84.0381436935655,-29.3558408544442,-1.371721875));
#1556=CARTESIAN_POINT('',(85.3052117565582,-29.2772972996276,-1.371721875));
#1557=CARTESIAN_POINT('',(84.0381436935655,-29.3558408544442,-1.371721875));
#1558=CARTESIAN_POINT('Ctrl Pts',(82.0575280886169,10.6771506017216,-1.371721875));
#1559=CARTESIAN_POINT('Ctrl Pts',(82.0634650904205,10.6254804753777,-1.371721875));
#1560=CARTESIAN_POINT('Ctrl Pts',(82.0694101281258,10.5737721613742,-1.371721875));
#1561=CARTESIAN_POINT('Ctrl Pts',(82.0753630262813,10.5220280143653,-1.371721875));
#1562=CARTESIAN_POINT('Ctrl Pts',(82.4864390423875,6.94884781646503,-1.371721875));
#1563=CARTESIAN_POINT('Ctrl Pts',(82.9273464469334,3.26572422547978,-1.371721875));
#1564=CARTESIAN_POINT('Ctrl Pts',(83.3098838061058,0.238604786642629,-1.371721875));
#1565=CARTESIAN_POINT('Ctrl Pts',(83.5940140915926,-2.00979341482975,-1.371721875));
#1566=CARTESIAN_POINT('Ctrl Pts',(83.8436515045898,-3.87505581318444,-1.371721875));
#1567=CARTESIAN_POINT('Ctrl Pts',(84.0482798592437,-5.40415362629692,-1.371721875));
#1568=CARTESIAN_POINT('Ctrl Pts',(84.313696982765,-7.38749920821975,-1.371721875));
#1569=CARTESIAN_POINT('Ctrl Pts',(84.5081891423394,-8.90377987372866,-1.371721875));
#1570=CARTESIAN_POINT('Ctrl Pts',(84.6803137528296,-10.6822232802526,-1.371721875));
#1571=CARTESIAN_POINT('Ctrl Pts',(84.8471342848464,-12.4058633477206,-1.371721875));
#1572=CARTESIAN_POINT('Ctrl Pts',(84.996053729783,-14.3829390728333,-1.371721875));
#1573=CARTESIAN_POINT('Ctrl Pts',(85.1298735636012,-16.547891480745,-1.371721875));
#1574=CARTESIAN_POINT('Ctrl Pts',(85.2837049073611,-19.036592359999,-1.371721875));
#1575=CARTESIAN_POINT('Ctrl Pts',(85.4180083402342,-21.7265756637886,-1.371721875));
#1576=CARTESIAN_POINT('Ctrl Pts',(85.460879584441,-24.1262550694916,-1.371721875));
#1577=CARTESIAN_POINT('Ctrl Pts',(85.4955706120515,-26.0680541952148,-1.371721875));
#1578=CARTESIAN_POINT('Ctrl Pts',(85.4690791543202,-27.7749473706496,-1.371721875));
#1579=CARTESIAN_POINT('Ctrl Pts',(85.3049518486858,-29.2796356914161,-1.371721875));
#1580=CARTESIAN_POINT('Origin',(80.7199468008529,8.01044835630291,-3.8717218750001));
#1581=CARTESIAN_POINT('',(85.6546852813213,9.2180725235767,-3.8717218750001));
#1582=CARTESIAN_POINT('',(80.664264097112,8.90872416946059,-3.8717218750001));
#1583=CARTESIAN_POINT('Origin',(85.7103679850622,8.31979671041902,-3.8717218750001));
#1584=CARTESIAN_POINT('Origin',(85.7103679850622,8.31979671041902,-3.8717218750001));
#1585=CARTESIAN_POINT('Origin',(81.4933176861431,-4.46560460422052,-3.8717218750001));
#1586=CARTESIAN_POINT('',(86.4280561666116,-3.25798043694672,-3.8717218750001));
#1587=CARTESIAN_POINT('',(81.4376349824022,-3.56732879106284,-3.8717218750001));
#1588=CARTESIAN_POINT('Origin',(86.4837388703525,-4.15625625010441,-3.8717218750001));
#1589=CARTESIAN_POINT('Origin',(86.4837388703525,-4.15625625010441,-3.8717218750001));
#1590=CARTESIAN_POINT('Origin',(82.2666885714334,-16.941657564744,-3.8717218750001));
#1591=CARTESIAN_POINT('',(87.2014270519019,-15.7340333974702,-3.8717218750001));
#1592=CARTESIAN_POINT('',(82.2110058676925,-16.0433817515863,-3.8717218750001));
#1593=CARTESIAN_POINT('Origin',(87.2571097556428,-16.6323092106278,-3.8717218750001));
#1594=CARTESIAN_POINT('Origin',(87.2571097556428,-16.6323092106278,-3.8717218750001));
#1595=CARTESIAN_POINT('Origin',(84.0381436935655,-29.3558408544442,-6.371721875));
#1596=CARTESIAN_POINT('',(85.3052117565582,-29.2772972996276,-6.371721875));
#1597=CARTESIAN_POINT('',(84.0381436935655,-29.3558408544442,-6.371721875));
#1598=CARTESIAN_POINT('Ctrl Pts',(85.3052117565582,-29.2772972996276,-1.371721875));
#1599=CARTESIAN_POINT('Ctrl Pts',(85.3052117565582,-29.2772972996276,-3.03838854166667));
#1600=CARTESIAN_POINT('Ctrl Pts',(85.3052117565582,-29.2772972996275,-4.70505520833333));
#1601=CARTESIAN_POINT('Ctrl Pts',(85.3052117565582,-29.2772972996276,-6.371721875));
#1602=CARTESIAN_POINT('Origin',(80.9446601524044,20.5483709876496,-6.371721875));
#1603=CARTESIAN_POINT('Ctrl Pts',(85.3049518486858,-29.2796356914161,-6.371721875));
#1604=CARTESIAN_POINT('Ctrl Pts',(85.4690791543202,-27.7749473706496,-6.371721875));
#1605=CARTESIAN_POINT('Ctrl Pts',(85.4955706120515,-26.0680541952148,-6.371721875));
#1606=CARTESIAN_POINT('Ctrl Pts',(85.460879584441,-24.1262550694917,-6.371721875));
#1607=CARTESIAN_POINT('Ctrl Pts',(85.4180083402342,-21.7265756637886,-6.371721875));
#1608=CARTESIAN_POINT('Ctrl Pts',(85.2837049073611,-19.036592359999,-6.371721875));
#1609=CARTESIAN_POINT('Ctrl Pts',(85.1298735636012,-16.547891480745,-6.371721875));
#1610=CARTESIAN_POINT('Ctrl Pts',(84.996053729783,-14.3829390728333,-6.371721875));
#1611=CARTESIAN_POINT('Ctrl Pts',(84.8471342848464,-12.4058633477206,-6.371721875));
#1612=CARTESIAN_POINT('Ctrl Pts',(84.6803137528296,-10.6822232802526,-6.371721875));
#1613=CARTESIAN_POINT('Ctrl Pts',(84.5081891423394,-8.90377987372866,-6.371721875));
#1614=CARTESIAN_POINT('Ctrl Pts',(84.313696982765,-7.38749920821974,-6.371721875));
#1615=CARTESIAN_POINT('Ctrl Pts',(84.0482798592437,-5.40415362629692,-6.371721875));
#1616=CARTESIAN_POINT('Ctrl Pts',(83.8436515045898,-3.87505581318444,-6.371721875));
#1617=CARTESIAN_POINT('Ctrl Pts',(83.5940140915926,-2.00979341482975,-6.371721875));
#1618=CARTESIAN_POINT('Ctrl Pts',(83.3098838061058,0.238604786642629,-6.371721875));
#1619=CARTESIAN_POINT('Ctrl Pts',(82.9273464469334,3.26572422547977,-6.371721875));
#1620=CARTESIAN_POINT('Ctrl Pts',(82.4864390423875,6.948847816465,-6.371721875));
#1621=CARTESIAN_POINT('Ctrl Pts',(82.0753630262813,10.5220280143653,-6.371721875));
#1622=CARTESIAN_POINT('Ctrl Pts',(82.0694101276393,10.5737721656029,-6.371721875));
#1623=CARTESIAN_POINT('Ctrl Pts',(82.0634650894488,10.6254804838292,-6.371721875));
#1624=CARTESIAN_POINT('Ctrl Pts',(82.0575280871614,10.6771506143895,-6.371721875));
#1625=CARTESIAN_POINT('Ctrl Pts',(82.3681335397008,-37.1545951575731,0.628278125000001));
#1626=CARTESIAN_POINT('Ctrl Pts',(82.3681335397008,-37.1545951575731,-8.371721875));
#1627=CARTESIAN_POINT('Ctrl Pts',(83.0301800151884,-36.2313211753902,0.628278125000001));
#1628=CARTESIAN_POINT('Ctrl Pts',(83.0301800151884,-36.2313211753902,-8.371721875));
#1629=CARTESIAN_POINT('Ctrl Pts',(83.5819342618171,-35.2387244533427,0.628278125000001));
#1630=CARTESIAN_POINT('Ctrl Pts',(83.5819342618171,-35.2387244533427,-8.371721875));
#1631=CARTESIAN_POINT('Ctrl Pts',(84.0174783244223,-34.2392268815474,0.628278125000001));
#1632=CARTESIAN_POINT('Ctrl Pts',(84.0174783244223,-34.2392268815474,-8.371721875));
#1633=CARTESIAN_POINT('Ctrl Pts',(84.7048306370137,-32.6618733451598,0.628278125000001));
#1634=CARTESIAN_POINT('Ctrl Pts',(84.7048306370137,-32.6618733451598,-8.371721875));
#1635=CARTESIAN_POINT('Ctrl Pts',(85.0957136137443,-31.1134654993377,0.628278125000001));
#1636=CARTESIAN_POINT('Ctrl Pts',(85.0957136137443,-31.1134654993377,-8.371721875));
#1637=CARTESIAN_POINT('Ctrl Pts',(85.2928481504324,-29.3880413049234,0.628278125000001));
#1638=CARTESIAN_POINT('Ctrl Pts',(85.2928481504324,-29.3880413049234,-8.371721875));
#1639=CARTESIAN_POINT('Ctrl Pts',(85.4677671232736,-27.8570593021108,0.628278125000001));
#1640=CARTESIAN_POINT('Ctrl Pts',(85.4677671232736,-27.8570593021108,-8.371721875));
#1641=CARTESIAN_POINT('Ctrl Pts',(85.4964064223006,-26.1148379235357,0.628278125000001));
#1642=CARTESIAN_POINT('Ctrl Pts',(85.4964064223006,-26.1148379235357,-8.371721875));
#1643=CARTESIAN_POINT('Ctrl Pts',(85.460879584441,-24.1262550694916,0.628278125000001));
#1644=CARTESIAN_POINT('Ctrl Pts',(85.460879584441,-24.1262550694916,-8.371721875));
#1645=CARTESIAN_POINT('Ctrl Pts',(85.4180083402342,-21.7265756637886,0.628278125000001));
#1646=CARTESIAN_POINT('Ctrl Pts',(85.4180083402342,-21.7265756637886,-8.371721875));
#1647=CARTESIAN_POINT('Ctrl Pts',(85.2837049073611,-19.036592359999,0.628278125000001));
#1648=CARTESIAN_POINT('Ctrl Pts',(85.2837049073611,-19.036592359999,-8.371721875));
#1649=CARTESIAN_POINT('Ctrl Pts',(85.1298735636012,-16.547891480745,0.628278125000001));
#1650=CARTESIAN_POINT('Ctrl Pts',(85.1298735636012,-16.547891480745,-8.371721875));
#1651=CARTESIAN_POINT('Ctrl Pts',(84.996053729783,-14.3829390728333,0.628278125000001));
#1652=CARTESIAN_POINT('Ctrl Pts',(84.996053729783,-14.3829390728333,-8.371721875));
#1653=CARTESIAN_POINT('Ctrl Pts',(84.8471342848464,-12.4058633477206,0.628278125000001));
#1654=CARTESIAN_POINT('Ctrl Pts',(84.8471342848464,-12.4058633477206,-8.371721875));
#1655=CARTESIAN_POINT('Ctrl Pts',(84.6803137528296,-10.6822232802526,0.628278125000001));
#1656=CARTESIAN_POINT('Ctrl Pts',(84.6803137528296,-10.6822232802526,-8.371721875));
#1657=CARTESIAN_POINT('Ctrl Pts',(84.5081891423394,-8.90377987372866,0.628278125000001));
#1658=CARTESIAN_POINT('Ctrl Pts',(84.5081891423394,-8.90377987372866,-8.371721875));
#1659=CARTESIAN_POINT('Ctrl Pts',(84.313696982765,-7.38749920821974,0.628278125000001));
#1660=CARTESIAN_POINT('Ctrl Pts',(84.313696982765,-7.38749920821974,-8.371721875));
#1661=CARTESIAN_POINT('Ctrl Pts',(84.0482798592437,-5.40415362629692,0.628278125000001));
#1662=CARTESIAN_POINT('Ctrl Pts',(84.0482798592437,-5.40415362629692,-8.371721875));
#1663=CARTESIAN_POINT('Ctrl Pts',(83.8436515045898,-3.87505581318444,0.628278125000001));
#1664=CARTESIAN_POINT('Ctrl Pts',(83.8436515045898,-3.87505581318444,-8.371721875));
#1665=CARTESIAN_POINT('Ctrl Pts',(83.5940140915926,-2.00979341482975,0.628278125000001));
#1666=CARTESIAN_POINT('Ctrl Pts',(83.5940140915926,-2.00979341482975,-8.371721875));
#1667=CARTESIAN_POINT('Ctrl Pts',(83.3098838061058,0.238604786642629,0.628278125000001));
#1668=CARTESIAN_POINT('Ctrl Pts',(83.3098838061058,0.238604786642629,-8.371721875));
#1669=CARTESIAN_POINT('Ctrl Pts',(82.9273464469334,3.26572422547977,0.628278125000001));
#1670=CARTESIAN_POINT('Ctrl Pts',(82.9273464469334,3.26572422547977,-8.371721875));
#1671=CARTESIAN_POINT('Ctrl Pts',(82.4864390423875,6.94884781646501,0.628278125000001));
#1672=CARTESIAN_POINT('Ctrl Pts',(82.4864390423875,6.94884781646501,-8.371721875));
#1673=CARTESIAN_POINT('Ctrl Pts',(82.0753630262813,10.5220280143653,0.628278125000001));
#1674=CARTESIAN_POINT('Ctrl Pts',(82.0753630262813,10.5220280143653,-8.371721875));
#1675=CARTESIAN_POINT('Ctrl Pts',(81.652030354787,14.2017462651057,0.628278125000001));
#1676=CARTESIAN_POINT('Ctrl Pts',(81.652030354787,14.2017462651057,-8.371721875));
#1677=CARTESIAN_POINT('Ctrl Pts',(81.2684492348942,17.7002512844151,0.628278125000001));
#1678=CARTESIAN_POINT('Ctrl Pts',(81.2684492348942,17.7002512844151,-8.371721875));
#1679=CARTESIAN_POINT('Ctrl Pts',(80.9877179631177,20.1707308320149,0.628278125000001));
#1680=CARTESIAN_POINT('Ctrl Pts',(80.9877179631177,20.1707308320149,-8.371721875));
#1681=CARTESIAN_POINT('Ctrl Pts',(80.9730906324263,20.2994536532394,0.628278125000001));
#1682=CARTESIAN_POINT('Ctrl Pts',(80.9730906324263,20.2994536532394,-8.371721875));
#1683=CARTESIAN_POINT('Ctrl Pts',(80.9587409033798,20.4253270388662,0.628278125000001));
#1684=CARTESIAN_POINT('Ctrl Pts',(80.9587409033798,20.4253270388662,-8.371721875));
#1685=CARTESIAN_POINT('Ctrl Pts',(80.9446601524045,20.5483709876496,0.628278125000001));
#1686=CARTESIAN_POINT('Ctrl Pts',(80.9446601524045,20.5483709876496,-8.371721875));
#1687=CARTESIAN_POINT('Ctrl Pts',(84.2272341391124,21.6232388050341,-0.0717218749999408));
#1688=CARTESIAN_POINT('Ctrl Pts',(84.2272341391124,21.6232388050341,-0.0193619974401057));
#1689=CARTESIAN_POINT('Ctrl Pts',(84.2294465792434,21.5836036198726,0.0853420815804434));
#1690=CARTESIAN_POINT('Ctrl Pts',(84.2424318006306,21.3509773685051,0.284167563940527));
#1691=CARTESIAN_POINT('Ctrl Pts',(84.2799176099301,20.6794306126384,0.536527492869867));
#1692=CARTESIAN_POINT('Ctrl Pts',(84.3286592022974,19.8062399615153,0.628278124999991));
#1693=CARTESIAN_POINT('Ctrl Pts',(84.3580038587673,19.2805394571714,0.628278125000002));
#1694=CARTESIAN_POINT('Ctrl Pts',(84.2432255281127,21.6866093411255,-0.0717218749999408));
#1695=CARTESIAN_POINT('Ctrl Pts',(84.2432255281127,21.6866093411255,0.00494111546264358));
#1696=CARTESIAN_POINT('Ctrl Pts',(84.2490235674413,21.6158083706347,0.135879329589682));
#1697=CARTESIAN_POINT('Ctrl Pts',(84.2704746718473,21.3605594293009,0.322111837998382));
#1698=CARTESIAN_POINT('Ctrl Pts',(84.3077035902077,20.6778141946074,0.549330664921915));
#1699=CARTESIAN_POINT('Ctrl Pts',(84.339122970973,19.8057279869056,0.628278124999993));
#1700=CARTESIAN_POINT('Ctrl Pts',(84.3580038587673,19.2805394571714,0.628278125000002));
#1701=CARTESIAN_POINT('Ctrl Pts',(84.3276191169238,21.7997774221341,-0.0717218749999531));
#1702=CARTESIAN_POINT('Ctrl Pts',(84.3276191169238,21.7997774221341,0.0494546061512999));
#1703=CARTESIAN_POINT('Ctrl Pts',(84.3321351090326,21.6688017414499,0.225311857747811));
#1704=CARTESIAN_POINT('Ctrl Pts',(84.3488769969583,21.3738071490353,0.381416769169508));
#1705=CARTESIAN_POINT('Ctrl Pts',(84.3633279719317,20.6744072405717,0.566819627809194));
#1706=CARTESIAN_POINT('Ctrl Pts',(84.3600505083242,19.8047040376861,0.628278124999996));
#1707=CARTESIAN_POINT('Ctrl Pts',(84.3580038587674,19.2805394571714,0.628278125000002));
#1708=CARTESIAN_POINT('Ctrl Pts',(84.5370375663076,21.8309564312605,-0.0717218749999978));
#1709=CARTESIAN_POINT('Ctrl Pts',(84.5370375663076,21.8309564312605,0.0651654530638472));
#1710=CARTESIAN_POINT('Ctrl Pts',(84.5253309257917,21.6787919244837,0.2562325764588));
#1711=CARTESIAN_POINT('Ctrl Pts',(84.4986949515803,21.3719677434798,0.400336077977345));
#1712=CARTESIAN_POINT('Ctrl Pts',(84.44708201201,20.6700518944781,0.571878524045714));
#1713=CARTESIAN_POINT('Ctrl Pts',(84.391441814351,19.803168113857,0.628278125));
#1714=CARTESIAN_POINT('Ctrl Pts',(84.3580038587673,19.2805394571714,0.628278125000002));
#1715=CARTESIAN_POINT('Ctrl Pts',(84.6786793236118,21.7259414743006,-0.0717218750000353));
#1716=CARTESIAN_POINT('Ctrl Pts',(84.6786793236118,21.7259414743006,0.0279742587573196));
#1717=CARTESIAN_POINT('Ctrl Pts',(84.6622106053531,21.6255057043824,0.182540920534997));
#1718=CARTESIAN_POINT('Ctrl Pts',(84.6129780148175,21.3529446443548,0.354020006203174));
#1719=CARTESIAN_POINT('Ctrl Pts',(84.5166953078843,20.6672300642343,0.559065056537976));
#1720=CARTESIAN_POINT('Ctrl Pts',(84.41760123604,19.8018881773326,0.628278125000004));
#1721=CARTESIAN_POINT('Ctrl Pts',(84.3580038587673,19.2805394571714,0.628278125000002));
#1722=CARTESIAN_POINT('Ctrl Pts',(84.7119858343454,21.6315972034807,-0.071721875000048));
#1723=CARTESIAN_POINT('Ctrl Pts',(84.7119858343454,21.6315972034807,-0.00723718878250456));
#1724=CARTESIAN_POINT('Ctrl Pts',(84.7026716194026,21.5770388827251,0.110549200596953));
#1725=CARTESIAN_POINT('Ctrl Pts',(84.661898300738,21.3359652583484,0.303093074014387));
#1726=CARTESIAN_POINT('Ctrl Pts',(84.5585730656167,20.6656977906935,0.542945786440959));
#1727=CARTESIAN_POINT('Ctrl Pts',(84.4332968890534,19.801120215418,0.628278125000007));
#1728=CARTESIAN_POINT('Ctrl Pts',(84.3580038587673,19.2805394571714,0.628278125000002));
#1729=CARTESIAN_POINT('Ctrl Pts',(84.7168501284919,21.5992827178106,-0.0717218750000509));
#1730=CARTESIAN_POINT('Ctrl Pts',(84.7168501284919,21.5992827178106,-0.0193619974402214));
#1731=CARTESIAN_POINT('Ctrl Pts',(84.7107789532222,21.5600528360244,0.0853420815803586));
#1732=CARTESIAN_POINT('Ctrl Pts',(84.6751460997707,21.3298053853226,0.284167563940478));
#1733=CARTESIAN_POINT('Ctrl Pts',(84.5722809803058,20.6651257644439,0.536527492869868));
#1734=CARTESIAN_POINT('Ctrl Pts',(84.4385287733912,19.8008642281132,0.628278125000007));
#1735=CARTESIAN_POINT('Ctrl Pts',(84.3580038587673,19.2805394571714,0.628278125000002));
#1736=CARTESIAN_POINT('',(84.2272341391124,21.6232388050341,-0.0717218749999982));
#1737=CARTESIAN_POINT('Origin',(84.3580038587673,19.2805394571713,-0.0717218749999982));
#1738=CARTESIAN_POINT('',(84.7168501284918,21.5992827178106,-0.0717218749999982));
#1739=CARTESIAN_POINT('Origin',(84.3580038587674,19.2805394571713,-0.0717218749999982));
#1740=CARTESIAN_POINT('Origin',(84.4696352885268,21.5620695091201,-0.0717218749999982));
#1741=CARTESIAN_POINT('Ctrl Pts',(84.3580038587673,19.2805394571714,-8.371721875));
#1742=CARTESIAN_POINT('Ctrl Pts',(84.3286592022973,19.8062399615154,-8.37172187499999));
#1743=CARTESIAN_POINT('Ctrl Pts',(84.279917878575,20.6794257999468,-8.27996649313724));
#1744=CARTESIAN_POINT('Ctrl Pts',(84.2424318899551,21.3509757682852,-8.02761016973912));
#1745=CARTESIAN_POINT('Ctrl Pts',(84.2294466565406,21.5836022351176,-7.82878463429252));
#1746=CARTESIAN_POINT('Ctrl Pts',(84.2272341391124,21.6232388050342,-7.72408175255988));
#1747=CARTESIAN_POINT('Ctrl Pts',(84.2272341391124,21.6232388050342,-7.67172187500006));
#1748=CARTESIAN_POINT('Ctrl Pts',(84.3580038587673,19.2805394571714,-8.371721875));
#1749=CARTESIAN_POINT('Ctrl Pts',(84.3391229709729,19.8057279869056,-8.37172187499999));
#1750=CARTESIAN_POINT('Ctrl Pts',(84.3077086084927,20.6778151386009,-8.29274705023377));
#1751=CARTESIAN_POINT('Ctrl Pts',(84.2704772616112,21.3605617950935,-8.06553858979397));
#1752=CARTESIAN_POINT('Ctrl Pts',(84.249025626719,21.6158101204974,-7.87930718674168));
#1753=CARTESIAN_POINT('Ctrl Pts',(84.2432255281128,21.6866093411255,-7.74838486546263));
#1754=CARTESIAN_POINT('Ctrl Pts',(84.2432255281127,21.6866093411255,-7.67172187500006));
#1755=CARTESIAN_POINT('Ctrl Pts',(84.3580038587673,19.2805394571714,-8.371721875));
#1756=CARTESIAN_POINT('Ctrl Pts',(84.3600505083242,19.8047040376862,-8.371721875));
#1757=CARTESIAN_POINT('Ctrl Pts',(84.3633318068451,20.6744175060651,-8.3101886235058));
#1758=CARTESIAN_POINT('Ctrl Pts',(84.3488806006383,21.3738159534296,-8.12481121747761));
#1759=CARTESIAN_POINT('Ctrl Pts',(84.3321389473187,21.6688082525216,-7.9687100601199));
#1760=CARTESIAN_POINT('Ctrl Pts',(84.3276221969344,21.7997773548289,-7.79289835615128));
#1761=CARTESIAN_POINT('Ctrl Pts',(84.3276221969344,21.7997773548289,-7.67172187500004));
#1762=CARTESIAN_POINT('Ctrl Pts',(84.3580038587673,19.2805394571714,-8.371721875));
#1763=CARTESIAN_POINT('Ctrl Pts',(84.391441814351,19.803168113857,-8.37172187500001));
#1764=CARTESIAN_POINT('Ctrl Pts',(84.4470862778387,20.6700659108376,-8.31522992108671));
#1765=CARTESIAN_POINT('Ctrl Pts',(84.4986980762421,21.3719791413814,-8.14371869863528));
#1766=CARTESIAN_POINT('Ctrl Pts',(84.5253338277214,21.6788004161814,-7.99961986312954));
#1767=CARTESIAN_POINT('Ctrl Pts',(84.5370393743841,21.8309562727074,-7.80860920306383));
#1768=CARTESIAN_POINT('Ctrl Pts',(84.5370393743841,21.8309562727074,-7.671721875));
#1769=CARTESIAN_POINT('Ctrl Pts',(84.3580038587673,19.2805394571714,-8.371721875));
#1770=CARTESIAN_POINT('Ctrl Pts',(84.41760123604,19.8018881773327,-8.37172187500001));
#1771=CARTESIAN_POINT('Ctrl Pts',(84.5166934855014,20.6672353424325,-8.3024575405049));
#1772=CARTESIAN_POINT('Ctrl Pts',(84.6129777307527,21.3529500138471,-8.09743040085196));
#1773=CARTESIAN_POINT('Ctrl Pts',(84.6622106368342,21.6255096161365,-7.92595385244361));
#1774=CARTESIAN_POINT('Ctrl Pts',(84.6786805764897,21.7259414632843,-7.77141800875731));
#1775=CARTESIAN_POINT('Ctrl Pts',(84.6786805764897,21.7259414632843,-7.67172187499996));
#1776=CARTESIAN_POINT('Ctrl Pts',(84.3580038587673,19.2805394571714,-8.371721875));
#1777=CARTESIAN_POINT('Ctrl Pts',(84.4332968890534,19.8011202154181,-8.37172187500001));
#1778=CARTESIAN_POINT('Ctrl Pts',(84.5585750517621,20.6656965950322,-8.28637302565758));
#1779=CARTESIAN_POINT('Ctrl Pts',(84.6618993641696,21.3359659966051,-8.04652728952312));
#1780=CARTESIAN_POINT('Ctrl Pts',(84.7026723955193,21.5770393410849,-7.85398389427643));
#1781=CARTESIAN_POINT('Ctrl Pts',(84.7119858343453,21.6315972034808,-7.7362065612175));
#1782=CARTESIAN_POINT('Ctrl Pts',(84.7119858343453,21.6315972034808,-7.67172187499995));
#1783=CARTESIAN_POINT('Ctrl Pts',(84.3580038587673,19.2805394571714,-8.371721875));
#1784=CARTESIAN_POINT('Ctrl Pts',(84.4385287733912,19.8008642281132,-8.37172187500001));
#1785=CARTESIAN_POINT('Ctrl Pts',(84.572280243115,20.6651210009662,-8.27996649313721));
#1786=CARTESIAN_POINT('Ctrl Pts',(84.6751458546547,21.3298038014663,-8.02761016973908));
#1787=CARTESIAN_POINT('Ctrl Pts',(84.7107787411103,21.5600514654297,-7.82878463429244));
#1788=CARTESIAN_POINT('Ctrl Pts',(84.7168501284918,21.5992827178107,-7.72408175255978));
#1789=CARTESIAN_POINT('Ctrl Pts',(84.7168501284918,21.5992827178107,-7.67172187499995));
#1790=CARTESIAN_POINT('',(84.2272341391124,21.6232388050342,-7.671721875));
#1791=CARTESIAN_POINT('',(84.7168501284918,21.5992827178107,-7.671721875));
#1792=CARTESIAN_POINT('Origin',(84.4696352885268,21.5620695091201,-7.671721875));
#1793=CARTESIAN_POINT('Origin',(84.3580038587674,19.2805394571713,-7.671721875));
#1794=CARTESIAN_POINT('Origin',(84.3580038587674,19.2805394571713,-7.671721875));
#1795=CARTESIAN_POINT('Origin',(86.5746831077763,4.55469277315354,-0.0717218749999982));
#1796=CARTESIAN_POINT('',(85.2504190140352,18.0546771519009,-0.0717218749999982));
#1797=CARTESIAN_POINT('Ctrl Pts',(84.5562253725566,17.9637146739467,0.628278124999995));
#1798=CARTESIAN_POINT('Ctrl Pts',(84.5575788885361,17.9638920292067,0.62827812481015));
#1799=CARTESIAN_POINT('Ctrl Pts',(84.5589323050687,17.9640693713951,0.628274133329797));
#1800=CARTESIAN_POINT('Ctrl Pts',(84.6524052758877,17.9763174162684,0.627722802913824));
#1801=CARTESIAN_POINT('Ctrl Pts',(84.7435039709641,17.9882543621272,0.608694787241594));
#1802=CARTESIAN_POINT('Ctrl Pts',(84.9114213489329,18.0102571180538,0.536574342837843));
#1803=CARTESIAN_POINT('Ctrl Pts',(84.9868723562098,18.0201437159365,0.48481802419855));
#1804=CARTESIAN_POINT('Ctrl Pts',(85.1138436134744,18.036781193465,0.355061866003962));
#1805=CARTESIAN_POINT('Ctrl Pts',(85.1641546556584,18.0433736262132,0.278307295831194));
#1806=CARTESIAN_POINT('Ctrl Pts',(85.232769060348,18.0523644147647,0.109675443070288));
#1807=CARTESIAN_POINT('Ctrl Pts',(85.2504190140351,18.054677151901,0.0194129088886559));
#1808=CARTESIAN_POINT('Ctrl Pts',(85.2504190140352,18.0546771519009,-0.071721874999993));
#1809=CARTESIAN_POINT('',(87.2668846596784,4.65888975748712,-0.0717218749999982));
#1810=CARTESIAN_POINT('Ctrl Pts',(85.2504190140352,18.054677151901,-7.671721875));
#1811=CARTESIAN_POINT('Ctrl Pts',(85.5342678626518,15.5120212048297,-7.671721875));
#1812=CARTESIAN_POINT('Ctrl Pts',(86.107165829629,10.4272472545106,-7.671721875));
#1813=CARTESIAN_POINT('Ctrl Pts',(87.0027168606019,2.81125667165223,-7.671721875));
#1814=CARTESIAN_POINT('Ctrl Pts',(87.8281057870655,-3.50733923188219,-7.671721875));
#1815=CARTESIAN_POINT('Ctrl Pts',(88.51177620113,-8.60054678256388,-7.671721875));
#1816=CARTESIAN_POINT('Ctrl Pts',(88.986466582801,-13.7365522395599,-7.671721875));
#1817=CARTESIAN_POINT('Ctrl Pts',(89.3526983372262,-20.1161265795746,-7.67172187499999));
#1818=CARTESIAN_POINT('Ctrl Pts',(89.5986542661154,-26.5353669834502,-7.671721875));
#1819=CARTESIAN_POINT('Ctrl Pts',(89.1028549289489,-31.7893151689589,-7.671721875));
#1820=CARTESIAN_POINT('Ctrl Pts',(88.3116034219643,-34.3446197933017,-7.671721875));
#1821=CARTESIAN_POINT('Ctrl Pts',(87.7999959426728,-35.5666541875866,-7.671721875));
#1822=CARTESIAN_POINT('Ctrl Pts',(85.2504190140352,18.054677151901,-7.88116138523931));
#1823=CARTESIAN_POINT('Ctrl Pts',(85.5342679188791,15.512020701158,-7.88116138523931));
#1824=CARTESIAN_POINT('Ctrl Pts',(86.1071656229635,10.427255878867,-7.88116138523932));
#1825=CARTESIAN_POINT('Ctrl Pts',(87.0027180494336,2.81124735441634,-7.88116138523932));
#1826=CARTESIAN_POINT('Ctrl Pts',(87.8281007852103,-3.50725248971023,-7.88116138523932));
#1827=CARTESIAN_POINT('Ctrl Pts',(88.5117766012279,-8.60051992351914,-7.88116138523932));
#1828=CARTESIAN_POINT('Ctrl Pts',(88.9864839358938,-13.7365185806787,-7.88116138523932));
#1829=CARTESIAN_POINT('Ctrl Pts',(89.3527003420664,-20.1160884902805,-7.88116138523932));
#1830=CARTESIAN_POINT('Ctrl Pts',(89.5987245588753,-26.5350316162518,-7.88116138523932));
#1831=CARTESIAN_POINT('Ctrl Pts',(89.1029341759157,-31.7891585286735,-7.88116138523932));
#1832=CARTESIAN_POINT('Ctrl Pts',(88.3116597732174,-34.3444851917326,-7.88116138523932));
#1833=CARTESIAN_POINT('Ctrl Pts',(87.7999959426728,-35.5666541875866,-7.88116138523932));
#1834=CARTESIAN_POINT('Ctrl Pts',(85.0756086957745,18.0351622396999,-8.24363489137431));
#1835=CARTESIAN_POINT('Ctrl Pts',(85.3594531097204,15.4925460174394,-8.24363489137431));
#1836=CARTESIAN_POINT('Ctrl Pts',(85.9324973616745,10.4065288958343,-8.24363489137431));
#1837=CARTESIAN_POINT('Ctrl Pts',(86.8279646518947,2.79110444652785,-8.24363489137431));
#1838=CARTESIAN_POINT('Ctrl Pts',(87.6540402477281,-3.53297689127889,-8.24363489137432));
#1839=CARTESIAN_POINT('Ctrl Pts',(88.3370259124409,-8.62078615061144,-8.24363489137431));
#1840=CARTESIAN_POINT('Ctrl Pts',(88.8107451810286,-13.7481443210521,-8.24363489137432));
#1841=CARTESIAN_POINT('Ctrl Pts',(89.1772770337566,-20.1246675608485,-8.24363489137431));
#1842=CARTESIAN_POINT('Ctrl Pts',(89.4220629965345,-26.5384270800356,-8.24363489137431));
#1843=CARTESIAN_POINT('Ctrl Pts',(88.9288988384109,-31.756183891137,-8.24363489137431));
#1844=CARTESIAN_POINT('Ctrl Pts',(88.1449078456582,-34.2873090752235,-8.24363489137431));
#1845=CARTESIAN_POINT('Ctrl Pts',(87.6377448148065,-35.4987273837846,-8.24363489137431));
#1846=CARTESIAN_POINT('Ctrl Pts',(84.710850376351,17.9944425233298,-8.37172187499999));
#1847=CARTESIAN_POINT('Ctrl Pts',(84.9946855710682,15.4519088849057,-8.37172187499999));
#1848=CARTESIAN_POINT('Ctrl Pts',(85.5680349009217,10.3633033095517,-8.371721875));
#1849=CARTESIAN_POINT('Ctrl Pts',(86.4633283052435,2.74904926027872,-8.371721875));
#1850=CARTESIAN_POINT('Ctrl Pts',(87.2908329438609,-3.58641964436142,-8.371721875));
#1851=CARTESIAN_POINT('Ctrl Pts',(87.9723930932931,-8.66300120821447,-8.371721875));
#1852=CARTESIAN_POINT('Ctrl Pts',(88.4440963334974,-13.7723118667807,-8.371721875));
#1853=CARTESIAN_POINT('Ctrl Pts',(88.811245052737,-20.1424660069476,-8.371721875));
#1854=CARTESIAN_POINT('Ctrl Pts',(89.0536312240194,-26.5446086790417,-8.371721875));
#1855=CARTESIAN_POINT('Ctrl Pts',(88.5659710526661,-31.686957247956,-8.371721875));
#1856=CARTESIAN_POINT('Ctrl Pts',(87.7971159131918,-34.1676431136876,-8.37172187499999));
#1857=CARTESIAN_POINT('Ctrl Pts',(87.299192438071,-35.3569916610588,-8.37172187499999));
#1858=CARTESIAN_POINT('Ctrl Pts',(84.5547404778937,17.9770152284628,-8.37172187499999));
#1859=CARTESIAN_POINT('Ctrl Pts',(84.8385717326292,15.4345168835335,-8.37172187499999));
#1860=CARTESIAN_POINT('Ctrl Pts',(85.412051603695,10.3448044193304,-8.371721875));
#1861=CARTESIAN_POINT('Ctrl Pts',(86.3072707289962,2.73104946750496,-8.371721875));
#1862=CARTESIAN_POINT('Ctrl Pts',(87.1353863464647,-3.60928340420133,-8.371721875));
#1863=CARTESIAN_POINT('Ctrl Pts',(87.8163369470779,-8.68106576862104,-8.371721875));
#1864=CARTESIAN_POINT('Ctrl Pts',(88.287179076482,-13.7826517348472,-8.371721875));
#1865=CARTESIAN_POINT('Ctrl Pts',(88.6545902529009,-20.1500795691603,-8.371721875));
#1866=CARTESIAN_POINT('Ctrl Pts',(88.8959562554342,-26.5472204130253,-8.371721875));
#1867=CARTESIAN_POINT('Ctrl Pts',(88.4106525944081,-31.6573136858987,-8.371721875));
#1868=CARTESIAN_POINT('Ctrl Pts',(87.6482730108473,-34.1164146709061,-8.37172187499999));
#1869=CARTESIAN_POINT('Ctrl Pts',(87.1542982044365,-35.2963313605138,-8.37172187499999));
#1870=CARTESIAN_POINT('',(85.2504190140352,18.0546771519009,-7.67172187499999));
#1871=CARTESIAN_POINT('',(87.7999959426728,-35.5666541875866,-7.671721875));
#1872=CARTESIAN_POINT('Ctrl Pts',(85.2504190140352,18.054677151901,-7.671721875));
#1873=CARTESIAN_POINT('Ctrl Pts',(85.5342678626518,15.5120212048297,-7.671721875));
#1874=CARTESIAN_POINT('Ctrl Pts',(86.107165829629,10.4272472545106,-7.671721875));
#1875=CARTESIAN_POINT('Ctrl Pts',(87.0027168606019,2.81125667165223,-7.671721875));
#1876=CARTESIAN_POINT('Ctrl Pts',(87.8281057870655,-3.50733923188219,-7.671721875));
#1877=CARTESIAN_POINT('Ctrl Pts',(88.51177620113,-8.60054678256388,-7.671721875));
#1878=CARTESIAN_POINT('Ctrl Pts',(88.986466582801,-13.7365522395599,-7.671721875));
#1879=CARTESIAN_POINT('Ctrl Pts',(89.3526983372262,-20.1161265795746,-7.67172187499999));
#1880=CARTESIAN_POINT('Ctrl Pts',(89.5986542661154,-26.5353669834502,-7.671721875));
#1881=CARTESIAN_POINT('Ctrl Pts',(89.1028549289489,-31.7893151689589,-7.671721875));
#1882=CARTESIAN_POINT('Ctrl Pts',(88.3116034219643,-34.3446197933017,-7.671721875));
#1883=CARTESIAN_POINT('Ctrl Pts',(87.7999959426728,-35.5666541875866,-7.671721875));
#1884=CARTESIAN_POINT('Origin',(87.1542982044365,-35.2963313605138,-7.671721875));
#1885=CARTESIAN_POINT('Ctrl Pts',(84.5562247863478,17.9637193339352,-8.37172187499999));
#1886=CARTESIAN_POINT('Ctrl Pts',(84.5575784755448,17.9638951365205,-8.37172187499999));
#1887=CARTESIAN_POINT('Ctrl Pts',(84.5589323516971,17.9640693885747,-8.37171773072199));
#1888=CARTESIAN_POINT('Ctrl Pts',(84.5602858767322,17.9642467442036,-8.37170944992381));
#1889=CARTESIAN_POINT('Ctrl Pts',(84.5936122788067,17.9686135825308,-8.3715055606698));
#1890=CARTESIAN_POINT('Ctrl Pts',(84.6268162866727,17.9729641698967,-8.36879916644691));
#1891=CARTESIAN_POINT('Ctrl Pts',(84.6596448520273,17.977265367808,-8.36373155077107));
#1892=CARTESIAN_POINT('Ctrl Pts',(84.6930361261685,17.9816402918121,-8.35857707196744));
#1893=CARTESIAN_POINT('Ctrl Pts',(84.7260402206655,17.9859642575675,-8.35097944688751));
#1894=CARTESIAN_POINT('Ctrl Pts',(84.7583874769765,17.9902020162016,-8.34103414606231));
#1895=CARTESIAN_POINT('Ctrl Pts',(84.7821463724799,17.9933146283993,-8.33372937310772));
#1896=CARTESIAN_POINT('Ctrl Pts',(84.8055509334508,17.9963807353818,-8.3251569368562));
#1897=CARTESIAN_POINT('Ctrl Pts',(84.8284871504332,17.9993855706895,-8.31533823287467));
#1898=CARTESIAN_POINT('Ctrl Pts',(84.8596540624112,18.0034686955404,-8.30199607261496));
#1899=CARTESIAN_POINT('Ctrl Pts',(84.8897343650877,18.0074095629369,-8.28644973058441));
#1900=CARTESIAN_POINT('Ctrl Pts',(84.9184663278057,18.011174632953,-8.2688074227621));
#1901=CARTESIAN_POINT('Ctrl Pts',(84.9430834660417,18.0144004915539,-8.25369174358881));
#1902=CARTESIAN_POINT('Ctrl Pts',(84.9667111614693,18.0174973394508,-8.23703643988426));
#1903=CARTESIAN_POINT('Ctrl Pts',(84.9891710080777,18.0204425420897,-8.21888244612525));
#1904=CARTESIAN_POINT('Ctrl Pts',(85.0105332620501,18.0232438153072,-8.20161562182077));
#1905=CARTESIAN_POINT('Ctrl Pts',(85.030839117069,18.0259079132963,-8.18299244515921));
#1906=CARTESIAN_POINT('Ctrl Pts',(85.0500228727243,18.028425162638,-8.16313762261082));
#1907=CARTESIAN_POINT('Ctrl Pts',(85.0733695887316,18.0314886662896,-8.13897421520815));
#1908=CARTESIAN_POINT('Ctrl Pts',(85.0948916195986,18.0343132590157,-8.11315752103508));
#1909=CARTESIAN_POINT('Ctrl Pts',(85.1145107788564,18.0368873988106,-8.08595198488501));
#1910=CARTESIAN_POINT('Ctrl Pts',(85.1344297911154,18.0395008809408,-8.05833064795784));
#1911=CARTESIAN_POINT('Ctrl Pts',(85.1523879887706,18.0418562704374,-8.0292766336983));
#1912=CARTESIAN_POINT('Ctrl Pts',(85.1682636129714,18.0439370302328,-7.99903207997175));
#1913=CARTESIAN_POINT('Ctrl Pts',(85.1788670564015,18.0453267846451,-7.97883152530699));
#1914=CARTESIAN_POINT('Ctrl Pts',(85.1885406297108,18.0465939336351,-7.95809917560059));
#1915=CARTESIAN_POINT('Ctrl Pts',(85.1972360655574,18.0477322115935,-7.93690238039747));
#1916=CARTESIAN_POINT('Ctrl Pts',(85.2102578691448,18.0494368336807,-7.90515923276418));
#1917=CARTESIAN_POINT('Ctrl Pts',(85.2209952850073,18.0508404998396,-7.8726019067417));
#1918=CARTESIAN_POINT('Ctrl Pts',(85.229341974277,18.0519303043672,-7.83947872429935));
#1919=CARTESIAN_POINT('Ctrl Pts',(85.2374833275894,18.0529932987371,-7.80717040151669));
#1920=CARTESIAN_POINT('Ctrl Pts',(85.2433504736497,18.0537577218308,-7.77432258832897));
#1921=CARTESIAN_POINT('Ctrl Pts',(85.246799146645,18.0542065087779,-7.74115071664275));
#1922=CARTESIAN_POINT('Ctrl Pts',(85.2491914154585,18.0545178224394,-7.71814011684719));
#1923=CARTESIAN_POINT('Ctrl Pts',(85.2504190140352,18.0546771519009,-7.69497326861746));
#1924=CARTESIAN_POINT('Ctrl Pts',(85.2504190140352,18.0546771519009,-7.671721875));
#1925=CARTESIAN_POINT('Ctrl Pts',(87.7999959426727,-35.5666541875866,-7.671721875));
#1926=CARTESIAN_POINT('Ctrl Pts',(87.5697324211126,-36.1166655820357,-7.67172187499971));
#1927=CARTESIAN_POINT('Ctrl Pts',(87.057179980484,-37.196680307765,-7.42880117573795));
#1928=CARTESIAN_POINT('Ctrl Pts',(86.3210709330811,-38.4561549234106,-6.34993012216366));
#1929=CARTESIAN_POINT('Ctrl Pts',(85.8680597529194,-39.1300552595847,-4.75808945651249));
#1930=CARTESIAN_POINT('Ctrl Pts',(85.8683550870375,-39.1299583735885,-2.98547614161332));
#1931=CARTESIAN_POINT('Ctrl Pts',(86.3209612380395,-38.4562801618651,-1.39356673761863));
#1932=CARTESIAN_POINT('Ctrl Pts',(87.0572499702593,-37.1967095996664,-0.314689096618278));
#1933=CARTESIAN_POINT('Ctrl Pts',(87.5697324211126,-36.1166655820357,-0.0717218750002869));
#1934=CARTESIAN_POINT('Ctrl Pts',(87.7999959426727,-35.5666541875867,-0.0717218749999986));
#1935=CARTESIAN_POINT('Ctrl Pts',(87.7999959426727,-35.5666541875867,-7.77644163011967));
#1936=CARTESIAN_POINT('Ctrl Pts',(87.5641521420122,-36.13002157621,-7.77931194130574));
#1937=CARTESIAN_POINT('Ctrl Pts',(87.036309647449,-37.2393296648119,-7.5342365223612));
#1938=CARTESIAN_POINT('Ctrl Pts',(86.2737522991118,-38.533395704309,-6.42384894267327));
#1939=CARTESIAN_POINT('Ctrl Pts',(85.8046618379657,-39.2229371965029,-4.78398703882858));
#1940=CARTESIAN_POINT('Ctrl Pts',(85.8049595227693,-39.222850795431,-2.95956812535879));
#1941=CARTESIAN_POINT('Ctrl Pts',(86.2736306164232,-38.533523969762,-1.31965880716896));
#1942=CARTESIAN_POINT('Ctrl Pts',(87.0363791407298,-37.2393643608496,-0.209249784295734));
#1943=CARTESIAN_POINT('Ctrl Pts',(87.5641521420122,-36.1300215762101,0.0358681913057386));
#1944=CARTESIAN_POINT('Ctrl Pts',(87.7999959426727,-35.5666541875867,0.0329978801196714));
#1945=CARTESIAN_POINT('Ctrl Pts',(87.755795512587,-35.5481495769756,-7.98547956375539));
#1946=CARTESIAN_POINT('Ctrl Pts',(87.506873014854,-36.1358485344309,-7.99405551387482));
#1947=CARTESIAN_POINT('Ctrl Pts',(86.9461864420362,-37.2990481088066,-7.74466930090757));
#1948=CARTESIAN_POINT('Ctrl Pts',(86.1320856373819,-38.6580731040933,-6.5713776868552));
#1949=CARTESIAN_POINT('Ctrl Pts',(85.6332616601748,-39.3776417178116,-4.8356885345465));
#1950=CARTESIAN_POINT('Ctrl Pts',(85.6335618497033,-39.377570985229,-2.90785553944192));
#1951=CARTESIAN_POINT('Ctrl Pts',(86.1319455151941,-38.6582064047141,-1.17214820277928));
#1952=CARTESIAN_POINT('Ctrl Pts',(86.946254265346,-37.2990914815316,0.00118714542787174));
#1953=CARTESIAN_POINT('Ctrl Pts',(87.5068730148539,-36.1358485344312,0.250611763874821));
#1954=CARTESIAN_POINT('Ctrl Pts',(87.755795512587,-35.5481495769756,0.242035813755392));
#1955=CARTESIAN_POINT('Ctrl Pts',(87.5397781879707,-35.4577134325864,-8.27987157025286));
#1956=CARTESIAN_POINT('Ctrl Pts',(87.2666157516522,-36.0718594380155,-8.29261136883057));
#1957=CARTESIAN_POINT('Ctrl Pts',(86.6544816521141,-37.2925631535513,-8.03074308861351));
#1958=CARTESIAN_POINT('Ctrl Pts',(85.7760624163538,-38.7242429671874,-6.77131469015158));
#1959=CARTESIAN_POINT('Ctrl Pts',(85.2435479592815,-39.481790547933,-4.90641506023401));
#1960=CARTESIAN_POINT('Ctrl Pts',(85.243838428665,-39.4817295037515,-2.83709277535219));
#1961=CARTESIAN_POINT('Ctrl Pts',(85.7759058383461,-38.7243922841303,-0.972238348439461));
#1962=CARTESIAN_POINT('Ctrl Pts',(86.6545426749344,-37.2926136656875,0.2872748757723));
#1963=CARTESIAN_POINT('Ctrl Pts',(87.266615751652,-36.0718594380161,0.549167618830574));
#1964=CARTESIAN_POINT('Ctrl Pts',(87.5397781879707,-35.4577134325865,0.536427820252863));
#1965=CARTESIAN_POINT('Ctrl Pts',(87.2991924380707,-35.3569916610591,-8.37172187500002));
#1966=CARTESIAN_POINT('Ctrl Pts',(87.013907666681,-35.9716357057343,-8.37856621195582));
#1967=CARTESIAN_POINT('Ctrl Pts',(86.3846406117094,-37.1891370441258,-8.10166560649422));
#1968=CARTESIAN_POINT('Ctrl Pts',(85.4984181328893,-38.6201573530001,-6.81977343151395));
#1969=CARTESIAN_POINT('Ctrl Pts',(84.9635739900721,-39.3842928647231,-4.9249581056102));
#1970=CARTESIAN_POINT('Ctrl Pts',(84.9638889268685,-39.3841749909408,-2.81866032038583));
#1971=CARTESIAN_POINT('Ctrl Pts',(85.4982901655891,-38.6202887335438,-0.923731192388103));
#1972=CARTESIAN_POINT('Ctrl Pts',(86.3847102864181,-37.1891669410619,0.358154846585004));
#1973=CARTESIAN_POINT('Ctrl Pts',(87.0139076666808,-35.971635705735,0.635122461955829));
#1974=CARTESIAN_POINT('Ctrl Pts',(87.2991924380708,-35.3569916610591,0.628278125000026));
#1975=CARTESIAN_POINT('Ctrl Pts',(87.1542982044363,-35.2963313605142,-8.371721875));
#1976=CARTESIAN_POINT('Ctrl Pts',(86.8668792542203,-35.9049595294212,-8.37172187499965));
#1977=CARTESIAN_POINT('Ctrl Pts',(86.239574960704,-37.1056621238201,-8.08405262587366));
#1978=CARTESIAN_POINT('Ctrl Pts',(85.3649016953684,-38.5168401546578,-6.80644216769385));
#1979=CARTESIAN_POINT('Ctrl Pts',(84.8362036344947,-39.2760612472657,-4.92136769521222));
#1980=CARTESIAN_POINT('Ctrl Pts',(84.8365152659078,-39.2759351721899,-2.82222034862106));
#1981=CARTESIAN_POINT('Ctrl Pts',(85.3647767889373,-38.5169818942177,-0.937064475469583));
#1982=CARTESIAN_POINT('Ctrl Pts',(86.2396438138319,-37.1056884934917,0.340553783610051));
#1983=CARTESIAN_POINT('Ctrl Pts',(86.8668792542201,-35.9049595294219,0.628278124999661));
#1984=CARTESIAN_POINT('Ctrl Pts',(87.1542982044363,-35.2963313605142,0.628278125000003));
#1985=CARTESIAN_POINT('',(87.7999959426727,-35.5666541875867,-0.0717218749999986));
#1986=CARTESIAN_POINT('Origin',(87.1542982044365,-35.2963313605139,-0.0717218749999986));
#1987=CARTESIAN_POINT('Ctrl Pts',(87.7999959426727,-35.5666541875866,-7.671721875));
#1988=CARTESIAN_POINT('Ctrl Pts',(87.5697324211126,-36.1166655820357,-7.67172187499971));
#1989=CARTESIAN_POINT('Ctrl Pts',(87.057179980484,-37.196680307765,-7.42880117573795));
#1990=CARTESIAN_POINT('Ctrl Pts',(86.3210709330811,-38.4561549234106,-6.34993012216366));
#1991=CARTESIAN_POINT('Ctrl Pts',(85.8680597529194,-39.1300552595847,-4.75808945651249));
#1992=CARTESIAN_POINT('Ctrl Pts',(85.8683550870375,-39.1299583735885,-2.98547614161332));
#1993=CARTESIAN_POINT('Ctrl Pts',(86.3209612380395,-38.4562801618651,-1.39356673761863));
#1994=CARTESIAN_POINT('Ctrl Pts',(87.0572499702593,-37.1967095996664,-0.314689096618278));
#1995=CARTESIAN_POINT('Ctrl Pts',(87.5697324211126,-36.1166655820357,-0.0717218750002869));
#1996=CARTESIAN_POINT('Ctrl Pts',(87.7999959426727,-35.5666541875867,-0.0717218749999986));
#1997=CARTESIAN_POINT('Ctrl Pts',(87.7999959426729,-35.5666541875862,-0.0717218749999964));
#1998=CARTESIAN_POINT('Ctrl Pts',(88.3116034219643,-34.3446197933013,-0.0717218749999964));
#1999=CARTESIAN_POINT('Ctrl Pts',(89.1040977306583,-31.7892915462484,-0.0717218749999975));
#2000=CARTESIAN_POINT('Ctrl Pts',(89.60620947112,-26.5344542336961,-0.0717218749999983));
#2001=CARTESIAN_POINT('Ctrl Pts',(89.3402563203534,-20.1176149741387,-0.0717218749999995));
#2002=CARTESIAN_POINT('Ctrl Pts',(88.9866752905113,-13.7366729269235,-0.0717218749999983));
#2003=CARTESIAN_POINT('Ctrl Pts',(88.5108543691015,-8.60068733168601,-0.0717218749999985));
#2004=CARTESIAN_POINT('Ctrl Pts',(87.82749838,-3.5076109351358,-0.0717218749999987));
#2005=CARTESIAN_POINT('Ctrl Pts',(86.6740944722349,5.3389261554012,-0.0717218749999992));
#2006=CARTESIAN_POINT('Ctrl Pts',(85.8181167112685,12.9693652577584,-0.0717218750000004));
#2007=CARTESIAN_POINT('Ctrl Pts',(85.2504190140352,18.054677151901,-0.0717218750000004));
#2008=CARTESIAN_POINT('Ctrl Pts',(87.7999959426729,-35.5666541875862,0.137717635239324));
#2009=CARTESIAN_POINT('Ctrl Pts',(88.3116597732175,-34.3444851917322,0.137717635239324));
#2010=CARTESIAN_POINT('Ctrl Pts',(89.1041730046387,-31.7891649842264,0.137717635239322));
#2011=CARTESIAN_POINT('Ctrl Pts',(89.6062773014946,-26.5341114115678,0.137717635239321));
#2012=CARTESIAN_POINT('Ctrl Pts',(89.340265082324,-20.1175379302513,0.137717635239319));
#2013=CARTESIAN_POINT('Ctrl Pts',(88.9866895829371,-13.736660326111,0.137717635239321));
#2014=CARTESIAN_POINT('Ctrl Pts',(88.5108552459597,-8.6006568462686,0.137717635239321));
#2015=CARTESIAN_POINT('Ctrl Pts',(87.8274928826748,-3.50753052502991,0.137717635239321));
#2016=CARTESIAN_POINT('Ctrl Pts',(86.6740985387583,5.33889122326424,0.13771763523932));
#2017=CARTESIAN_POINT('Ctrl Pts',(85.818116823723,12.9693642504151,0.137717635239317));
#2018=CARTESIAN_POINT('Ctrl Pts',(85.2504190140352,18.054677151901,0.137717635239317));
#2019=CARTESIAN_POINT('Ctrl Pts',(87.6377475541526,-35.4987285306176,0.500194704620739));
#2020=CARTESIAN_POINT('Ctrl Pts',(88.1449105850042,-34.2873102220566,0.500194704620739));
#2021=CARTESIAN_POINT('Ctrl Pts',(88.9301305720131,-31.7562215937407,0.500194704620736));
#2022=CARTESIAN_POINT('Ctrl Pts',(89.4295235284883,-26.5378909437012,0.500194704620735));
#2023=CARTESIAN_POINT('Ctrl Pts',(89.165005062171,-20.1255812869497,0.500194704620732));
#2024=CARTESIAN_POINT('Ctrl Pts',(88.8109467373396,-13.7482224068764,0.500194704620735));
#2025=CARTESIAN_POINT('Ctrl Pts',(88.336124581862,-8.62091674435723,0.500194704620736));
#2026=CARTESIAN_POINT('Ctrl Pts',(87.6534101279628,-3.53302805215251,0.500194704620735));
#2027=CARTESIAN_POINT('Ctrl Pts',(86.4991758142516,5.32015434630948,0.500194704620734));
#2028=CARTESIAN_POINT('Ctrl Pts',(85.6433004750538,12.9499301246564,0.500194704620726));
#2029=CARTESIAN_POINT('Ctrl Pts',(85.0756116471619,18.0351625691774,0.500194704620726));
#2030=CARTESIAN_POINT('Ctrl Pts',(87.2991924380711,-35.3569916610584,0.628278125000006));
#2031=CARTESIAN_POINT('Ctrl Pts',(87.7971159131919,-34.1676431136873,0.628278125000006));
#2032=CARTESIAN_POINT('Ctrl Pts',(88.5671685232689,-31.6871389269366,0.628278125000002));
#2033=CARTESIAN_POINT('Ctrl Pts',(89.0608837880488,-26.544852626911,0.628278125000001));
#2034=CARTESIAN_POINT('Ctrl Pts',(88.7993229018063,-20.1421570840603,0.628278124999998));
#2035=CARTESIAN_POINT('Ctrl Pts',(88.4442720107743,-13.7723143937294,0.628278125000001));
#2036=CARTESIAN_POINT('Ctrl Pts',(87.9715257282589,-8.66310975666682,0.628278125000003));
#2037=CARTESIAN_POINT('Ctrl Pts',(87.2901460362621,-3.58601546053951,0.628278125000002));
#2038=CARTESIAN_POINT('Ctrl Pts',(86.1341848034542,5.2809628578939,0.628278125000001));
#2039=CARTESIAN_POINT('Ctrl Pts',(85.2785207657854,12.9093752464817,0.628278124999991));
#2040=CARTESIAN_POINT('Ctrl Pts',(84.710850376351,17.9944425233298,0.628278124999991));
#2041=CARTESIAN_POINT('Ctrl Pts',(87.1542982044367,-35.2963313605134,0.628278125000006));
#2042=CARTESIAN_POINT('Ctrl Pts',(87.6482730108473,-34.1164146709058,0.628278125000006));
#2043=CARTESIAN_POINT('Ctrl Pts',(88.4118362139066,-31.6575603336166,0.628278125000002));
#2044=CARTESIAN_POINT('Ctrl Pts',(88.9031208023069,-26.5477976401621,0.628278125000001));
#2045=CARTESIAN_POINT('Ctrl Pts',(88.6428197627539,-20.1492434261409,0.628278124999998));
#2046=CARTESIAN_POINT('Ctrl Pts',(88.2873446304792,-13.782623974907,0.628278125000001));
#2047=CARTESIAN_POINT('Ctrl Pts',(87.8154854289164,-8.68116438696674,0.628278125000003));
#2048=CARTESIAN_POINT('Ctrl Pts',(87.1346763457366,-3.60868484297217,0.628278125000002));
#2049=CARTESIAN_POINT('Ctrl Pts',(85.9779769897498,5.2641862435219,0.628278125000001));
#2050=CARTESIAN_POINT('Ctrl Pts',(85.1224029873648,12.8920185386042,0.628278124999991));
#2051=CARTESIAN_POINT('Ctrl Pts',(84.5547404778937,17.9770152284628,0.628278124999991));
#2052=CARTESIAN_POINT('Ctrl Pts',(87.7999959426729,-35.5666541875862,-0.0717218749999964));
#2053=CARTESIAN_POINT('Ctrl Pts',(88.3116034219643,-34.3446197933013,-0.0717218749999964));
#2054=CARTESIAN_POINT('Ctrl Pts',(89.1040977306583,-31.7892915462484,-0.0717218749999975));
#2055=CARTESIAN_POINT('Ctrl Pts',(89.60620947112,-26.5344542336961,-0.0717218749999983));
#2056=CARTESIAN_POINT('Ctrl Pts',(89.3402563203534,-20.1176149741387,-0.0717218749999995));
#2057=CARTESIAN_POINT('Ctrl Pts',(88.9866752905113,-13.7366729269235,-0.0717218749999983));
#2058=CARTESIAN_POINT('Ctrl Pts',(88.5108543691015,-8.60068733168601,-0.0717218749999985));
#2059=CARTESIAN_POINT('Ctrl Pts',(87.82749838,-3.5076109351358,-0.0717218749999987));
#2060=CARTESIAN_POINT('Ctrl Pts',(86.6740944722349,5.3389261554012,-0.0717218749999992));
#2061=CARTESIAN_POINT('Ctrl Pts',(85.8181167112685,12.9693652577584,-0.0717218750000004));
#2062=CARTESIAN_POINT('Ctrl Pts',(85.2504190140352,18.054677151901,-0.0717218750000004));
#2063=CARTESIAN_POINT('Origin',(86.5746831077763,4.55469277315354,-7.671721875));
#2064=CARTESIAN_POINT('',(87.2668846596784,4.65888975748712,-7.671721875));
#2065=CARTESIAN_POINT('Origin',(81.4142235777563,7.61495277552918,-7.671721875));
#2066=CARTESIAN_POINT('',(83.2858292568215,17.8926477932911,-7.671721875));
#2067=CARTESIAN_POINT('Origin',(83.9645524751816,17.7213737647318,-7.671721875));
#2068=CARTESIAN_POINT('',(80.7355003593962,7.78622680408849,-7.671721875));
#2069=CARTESIAN_POINT('Ctrl Pts',(83.2858292568215,17.8926477932911,-7.671721875));
#2070=CARTESIAN_POINT('Ctrl Pts',(83.2858292568215,17.8926477932911,-7.671721875));
#2071=CARTESIAN_POINT('Ctrl Pts',(83.2858292568215,17.8926477932911,-7.671721875));
#2072=CARTESIAN_POINT('Ctrl Pts',(83.2858292568215,17.8926477932911,-7.671721875));
#2073=CARTESIAN_POINT('Ctrl Pts',(83.2858292568215,17.8926477932911,-7.671721875));
#2074=CARTESIAN_POINT('Ctrl Pts',(83.2858292568215,17.8926477932911,-8.371721875));
#2075=CARTESIAN_POINT('Ctrl Pts',(83.2858292568215,17.8926477932911,-8.371721875));
#2076=CARTESIAN_POINT('Ctrl Pts',(83.2858292568215,17.8926477932911,-8.371721875));
#2077=CARTESIAN_POINT('Ctrl Pts',(83.2858292568215,17.8926477932911,-8.371721875));
#2078=CARTESIAN_POINT('Ctrl Pts',(83.2858292568215,17.8926477932911,-8.371721875));
#2079=CARTESIAN_POINT('Ctrl Pts',(83.9645524751816,17.7213737647318,-8.371721875));
#2080=CARTESIAN_POINT('Ctrl Pts',(83.8865366622359,17.4122133853629,-8.371721875));
#2081=CARTESIAN_POINT('Ctrl Pts',(83.602080657785,17.2681599620337,-8.371721875));
#2082=CARTESIAN_POINT('Ctrl Pts',(83.317624653334,17.1241065387044,-8.371721875));
#2083=CARTESIAN_POINT('Ctrl Pts',(83.0222417855118,17.2441713905065,-8.371721875));
#2084=CARTESIAN_POINT('',(83.2954271283974,17.8144794022054,-7.99429771783266));
#2085=CARTESIAN_POINT('Ctrl Pts',(83.2652253439746,17.8107710893665,-8.00499770696474));
#2086=CARTESIAN_POINT('Ctrl Pts',(83.2665684472292,17.8109360017099,-8.00409692185688));
#2087=CARTESIAN_POINT('Ctrl Pts',(83.2679033602375,17.8110999084175,-8.00325022515183));
#2088=CARTESIAN_POINT('Ctrl Pts',(83.2717358757623,17.8115704821533,-8.00095852963316));
#2089=CARTESIAN_POINT('Ctrl Pts',(83.2748905050268,17.8119578219224,-7.99931291262594));
#2090=CARTESIAN_POINT('Ctrl Pts',(83.2829306182857,17.8129450236985,-7.99589958823271));
#2091=CARTESIAN_POINT('Ctrl Pts',(83.2896627143509,17.8137716211578,-7.99429771783266));
#2092=CARTESIAN_POINT('Ctrl Pts',(83.2954271283974,17.8144794022054,-7.99429771783266));
#2093=CARTESIAN_POINT('Origin',(83.3711377972051,17.1978654871422,-7.671721875));
#2094=CARTESIAN_POINT('Origin',(81.4142235777563,7.61495277552918,-0.0717218749999982));
#2095=CARTESIAN_POINT('',(83.2858292568215,17.8926477932911,-0.0717218749999982));
#2096=CARTESIAN_POINT('',(80.7355003593962,7.78622680408849,-0.0717218749999982));
#2097=CARTESIAN_POINT('Origin',(83.9645524751816,17.7213737647318,-0.0717218749999982));
#2098=CARTESIAN_POINT('Ctrl Pts',(83.2858292568215,17.8926477932911,-0.0717218749999985));
#2099=CARTESIAN_POINT('Ctrl Pts',(83.2858292568215,17.8926477932911,-0.0717218749999985));
#2100=CARTESIAN_POINT('Ctrl Pts',(83.2858292568215,17.8926477932911,-0.0717218749999985));
#2101=CARTESIAN_POINT('Ctrl Pts',(83.2858292568215,17.8926477932911,-0.0717218749999985));
#2102=CARTESIAN_POINT('Ctrl Pts',(83.2858292568215,17.8926477932911,-0.0717218749999985));
#2103=CARTESIAN_POINT('Ctrl Pts',(83.2858292568215,17.8926477932911,0.628278125000002));
#2104=CARTESIAN_POINT('Ctrl Pts',(83.2858292568215,17.8926477932911,0.628278125000002));
#2105=CARTESIAN_POINT('Ctrl Pts',(83.2858292568215,17.8926477932911,0.628278125000002));
#2106=CARTESIAN_POINT('Ctrl Pts',(83.2858292568215,17.8926477932911,0.628278125000002));
#2107=CARTESIAN_POINT('Ctrl Pts',(83.2858292568215,17.8926477932911,0.628278125000002));
#2108=CARTESIAN_POINT('Ctrl Pts',(83.0222417855118,17.2441713905065,0.628278125000001));
#2109=CARTESIAN_POINT('Ctrl Pts',(83.317624653334,17.1241065387044,0.628278125000001));
#2110=CARTESIAN_POINT('Ctrl Pts',(83.602080657785,17.2681599620337,0.628278125000001));
#2111=CARTESIAN_POINT('Ctrl Pts',(83.8865366622359,17.4122133853629,0.628278125000001));
#2112=CARTESIAN_POINT('Ctrl Pts',(83.9645524751816,17.7213737647318,0.628278125000001));
#2113=CARTESIAN_POINT('',(83.2940608567832,17.8256067915465,0.228278125000001));
#2114=CARTESIAN_POINT('Origin',(83.3711377972051,17.1978654871422,-0.0717218749999986));
#2115=CARTESIAN_POINT('',(83.2693026666279,17.8271563666047,0.228278125000001));
#2116=CARTESIAN_POINT('Origin',(83.2858292568215,17.8926477932911,0.228278125000001));
#2117=CARTESIAN_POINT('Origin',(83.1145552282622,17.2139245749311,-0.0717218749999986));
#2118=CARTESIAN_POINT('Origin',(83.2954271283974,17.8144794022054,0.228278125000001));
#2119=CARTESIAN_POINT('',(83.2954271283974,17.8144794022054,0.228278125000001));
#2120=CARTESIAN_POINT('',(81.3102681826199,17.5707325327256,0.228278125000001));
#2121=CARTESIAN_POINT('',(83.2954271283974,17.8144794022054,0.228278125000001));
#2122=CARTESIAN_POINT('Origin',(84.5316527495042,22.8295862046473,-8.371721875));
#2123=CARTESIAN_POINT('',(84.03219181479,20.8503267926637,0.228278125000001));
#2124=CARTESIAN_POINT('Origin',(82.929819098182,20.7921178571293,0.228278125000001));
#2125=CARTESIAN_POINT('',(83.2954271283974,17.8144794022054,0.228278125000001));
#2126=CARTESIAN_POINT('',(83.2858292568215,17.8926477932911,-4.071721875));
#2127=CARTESIAN_POINT('Origin',(82.3028476555087,19.1814251949275,0.228278125000001));
#2128=CARTESIAN_POINT('Origin',(84.4696352885268,21.5620695091202,-8.371721875));
#2129=CARTESIAN_POINT('',(84.2272341391124,21.6232388050342,-8.371721875));
#2130=CARTESIAN_POINT('',(84.7168501284918,21.5992827178107,-8.371721875));
#2131=CARTESIAN_POINT('Origin',(84.5316527495042,22.8295862046473,-8.371721875));
#2132=CARTESIAN_POINT('Origin',(85.2504190140352,18.0546771519009,-8.371721875));
#2133=CARTESIAN_POINT('Ctrl Pts',(85.2504190140352,18.0546771519009,-7.671721875));
#2134=CARTESIAN_POINT('Ctrl Pts',(85.2504190140352,18.0546771519009,-6.40505520833333));
#2135=CARTESIAN_POINT('Ctrl Pts',(85.2504190140352,18.0546771519009,-5.13838854166666));
#2136=CARTESIAN_POINT('Ctrl Pts',(85.2504190140352,18.0546771519009,-2.60505520833333));
#2137=CARTESIAN_POINT('Ctrl Pts',(85.2504190140352,18.0546771519009,-1.33838854166667));
#2138=CARTESIAN_POINT('Ctrl Pts',(85.2504190140352,18.0546771519009,-0.0717218750000009));
#2139=CARTESIAN_POINT('Ctrl Pts',(84.914978011176,21.0358647225838,0.628278125000001));
#2140=CARTESIAN_POINT('Ctrl Pts',(84.914978011176,21.0358647225838,-8.371721875));
#2141=CARTESIAN_POINT('Ctrl Pts',(84.9152883091078,21.033155072205,0.628278125000001));
#2142=CARTESIAN_POINT('Ctrl Pts',(84.9152883091078,21.033155072205,-8.371721875));
#2143=CARTESIAN_POINT('Ctrl Pts',(84.9155982593007,21.0304482233377,0.628278125000004));
#2144=CARTESIAN_POINT('Ctrl Pts',(84.9155982593007,21.0304482233377,-8.371721875));
#2145=CARTESIAN_POINT('Ctrl Pts',(84.9159078601836,21.0277441924399,0.628278125000004));
#2146=CARTESIAN_POINT('Ctrl Pts',(84.9159078601836,21.0277441924399,-8.371721875));
#2147=CARTESIAN_POINT('Ctrl Pts',(85.2279850383824,18.3020855171367,0.628278125000004));
#2148=CARTESIAN_POINT('Ctrl Pts',(85.2279850383824,18.3020855171367,-8.371721875));
#2149=CARTESIAN_POINT('Ctrl Pts',(85.9752246805099,11.3983862737944,0.628278125000001));
#2150=CARTESIAN_POINT('Ctrl Pts',(85.9752246805099,11.3983862737944,-8.371721875));
#2151=CARTESIAN_POINT('Ctrl Pts',(86.8367522069234,4.30653803582591,0.628278125000001));
#2152=CARTESIAN_POINT('Ctrl Pts',(86.8367522069234,4.30653803582591,-8.371721875));
#2153=CARTESIAN_POINT('Ctrl Pts',(87.0763897023501,2.33391069939313,0.628278125000001));
#2154=CARTESIAN_POINT('Ctrl Pts',(87.0763897023501,2.33391069939313,-8.371721875));
#2155=CARTESIAN_POINT('Ctrl Pts',(87.3328917715551,0.289537853263933,0.628278125000004));
#2156=CARTESIAN_POINT('Ctrl Pts',(87.3328917715551,0.289537853263933,-8.371721875));
#2157=CARTESIAN_POINT('Ctrl Pts',(87.5554823962329,-1.42262127876288,0.628278125000004));
#2158=CARTESIAN_POINT('Ctrl Pts',(87.5554823962329,-1.42262127876288,-8.371721875));
#2159=CARTESIAN_POINT('Ctrl Pts',(87.8964265511372,-4.04515153660849,0.628278125000004));
#2160=CARTESIAN_POINT('Ctrl Pts',(87.8964265511372,-4.04515153660849,-8.371721875));
#2161=CARTESIAN_POINT('Ctrl Pts',(88.1930131160868,-6.0954987599695,0.628278125000001));
#2162=CARTESIAN_POINT('Ctrl Pts',(88.1930131160868,-6.0954987599695,-8.371721875));
#2163=CARTESIAN_POINT('Ctrl Pts',(88.4412381803716,-8.22750849781056,0.628278125000001));
#2164=CARTESIAN_POINT('Ctrl Pts',(88.4412381803716,-8.22750849781056,-8.371721875));
#2165=CARTESIAN_POINT('Ctrl Pts',(88.7722049327513,-11.0701881482653,0.628278125000001));
#2166=CARTESIAN_POINT('Ctrl Pts',(88.7722049327513,-11.0701881482653,-8.371721875));
#2167=CARTESIAN_POINT('Ctrl Pts',(89.0117900025594,-14.0118538768454,0.628278125000001));
#2168=CARTESIAN_POINT('Ctrl Pts',(89.0117900025594,-14.0118538768454,-8.371721875));
#2169=CARTESIAN_POINT('Ctrl Pts',(89.2516327647069,-18.5577770498349,0.628278125000001));
#2170=CARTESIAN_POINT('Ctrl Pts',(89.2516327647069,-18.5577770498349,-8.371721875));
#2171=CARTESIAN_POINT('Ctrl Pts',(89.286612037573,-19.2207659416921,0.628278125000001));
#2172=CARTESIAN_POINT('Ctrl Pts',(89.286612037573,-19.2207659416921,-8.371721875));
#2173=CARTESIAN_POINT('Ctrl Pts',(89.3217933188544,-19.9437082500578,0.628278125000001));
#2174=CARTESIAN_POINT('Ctrl Pts',(89.3217933188544,-19.9437082500578,-8.371721875));
#2175=CARTESIAN_POINT('Ctrl Pts',(89.3518029494883,-20.6423345716858,0.628278125000001));
#2176=CARTESIAN_POINT('Ctrl Pts',(89.3518029494883,-20.6423345716858,-8.371721875));
#2177=CARTESIAN_POINT('Ctrl Pts',(89.3953561516336,-21.656256195082,0.628278125000001));
#2178=CARTESIAN_POINT('Ctrl Pts',(89.3953561516336,-21.656256195082,-8.371721875));
#2179=CARTESIAN_POINT('Ctrl Pts',(89.4266444031553,-22.5746293620698,0.628278125));
#2180=CARTESIAN_POINT('Ctrl Pts',(89.4266444031553,-22.5746293620698,-8.371721875));
#2181=CARTESIAN_POINT('Ctrl Pts',(89.4467418879068,-23.4121430045003,0.628278125));
#2182=CARTESIAN_POINT('Ctrl Pts',(89.4467418879068,-23.4121430045003,-8.371721875));
#2183=CARTESIAN_POINT('Ctrl Pts',(89.5058487559045,-25.8752775171745,0.628278125));
#2184=CARTESIAN_POINT('Ctrl Pts',(89.5058487559045,-25.8752775171745,-8.371721875));
#2185=CARTESIAN_POINT('Ctrl Pts',(89.4653565804573,-27.643738315439,0.628278124999999));
#2186=CARTESIAN_POINT('Ctrl Pts',(89.4653565804573,-27.643738315439,-8.371721875));
#2187=CARTESIAN_POINT('Ctrl Pts',(89.3437822893066,-29.0697679627158,0.628278124999999));
#2188=CARTESIAN_POINT('Ctrl Pts',(89.3437822893066,-29.0697679627158,-8.371721875));
#2189=CARTESIAN_POINT('Ctrl Pts',(89.2824150769893,-29.7895867937107,0.628278124999999));
#2190=CARTESIAN_POINT('Ctrl Pts',(89.2824150769893,-29.7895867937107,-8.371721875));
#2191=CARTESIAN_POINT('Ctrl Pts',(89.2044434141172,-30.4055579574643,0.628278125000001));
#2192=CARTESIAN_POINT('Ctrl Pts',(89.2044434141172,-30.4055579574643,-8.371721875));
#2193=CARTESIAN_POINT('Ctrl Pts',(89.1045899544422,-31.0099874798688,0.628278125000001));
#2194=CARTESIAN_POINT('Ctrl Pts',(89.1045899544422,-31.0099874798688,-8.371721875));
#2195=CARTESIAN_POINT('Ctrl Pts',(89.0094061065621,-31.5861510690137,0.628278125000001));
#2196=CARTESIAN_POINT('Ctrl Pts',(89.0094061065621,-31.5861510690137,-8.371721875));
#2197=CARTESIAN_POINT('Ctrl Pts',(88.8797944685191,-32.2301473553116,0.628278125000001));
#2198=CARTESIAN_POINT('Ctrl Pts',(88.8797944685191,-32.2301473553116,-8.371721875));
#2199=CARTESIAN_POINT('Ctrl Pts',(88.695644335665,-32.9286082775212,0.628278125000001));
#2200=CARTESIAN_POINT('Ctrl Pts',(88.695644335665,-32.9286082775212,-8.371721875));
#2201=CARTESIAN_POINT('Ctrl Pts',(88.4461774963772,-33.8748081847875,0.628278125000001));
#2202=CARTESIAN_POINT('Ctrl Pts',(88.4461774963772,-33.8748081847875,-8.371721875));
#2203=CARTESIAN_POINT('Ctrl Pts',(88.0880065281142,-34.9389929289642,0.628278125000001));
#2204=CARTESIAN_POINT('Ctrl Pts',(88.0880065281142,-34.9389929289642,-8.371721875));
#2205=CARTESIAN_POINT('Ctrl Pts',(87.600107000109,-36.0280122203778,0.628278125000001));
#2206=CARTESIAN_POINT('Ctrl Pts',(87.600107000109,-36.0280122203778,-8.371721875));
#2207=CARTESIAN_POINT('Ctrl Pts',(87.0266934544986,-37.3079036268744,0.628278125000001));
#2208=CARTESIAN_POINT('Ctrl Pts',(87.0266934544986,-37.3079036268744,-8.371721875));
#2209=CARTESIAN_POINT('Ctrl Pts',(86.3150950411679,-38.5428927945416,0.628278125000001));
#2210=CARTESIAN_POINT('Ctrl Pts',(86.3150950411679,-38.5428927945416,-8.371721875));
#2211=CARTESIAN_POINT('Ctrl Pts',(85.4769376567257,-39.6807000967044,0.628278125000001));
#2212=CARTESIAN_POINT('Ctrl Pts',(85.4769376567257,-39.6807000967044,-8.371721875));
#2213=CARTESIAN_POINT('Ctrl Pts',(85.4644213813454,-39.6976910697459,0.628278125000001));
#2214=CARTESIAN_POINT('Ctrl Pts',(85.4644213813454,-39.6976910697459,-8.371721875));
#2215=CARTESIAN_POINT('Ctrl Pts',(85.4518760302809,-39.7146614617029,0.628278125000001));
#2216=CARTESIAN_POINT('Ctrl Pts',(85.4518760302809,-39.7146614617029,-8.371721875));
#2217=CARTESIAN_POINT('Ctrl Pts',(85.4393015951251,-39.731611140163,0.628278125000001));
#2218=CARTESIAN_POINT('Ctrl Pts',(85.4393015951251,-39.731611140163,-8.371721875));
#2219=UNCERTAINTY_MEASURE_WITH_UNIT(LENGTH_MEASURE(0.01),#2223,
'DISTANCE_ACCURACY_VALUE',
'Maximum model space distance between geometric entities at asserted c
onnectivities');
#2220=UNCERTAINTY_MEASURE_WITH_UNIT(LENGTH_MEASURE(0.01),#2223,
'DISTANCE_ACCURACY_VALUE',
'Maximum model space distance between geometric entities at asserted c
onnectivities');
#2221=(
GEOMETRIC_REPRESENTATION_CONTEXT(3)
GLOBAL_UNCERTAINTY_ASSIGNED_CONTEXT((#2219))
GLOBAL_UNIT_ASSIGNED_CONTEXT((#2223,#2225,#2226))
REPRESENTATION_CONTEXT('','3D')
);
#2222=(
GEOMETRIC_REPRESENTATION_CONTEXT(3)
GLOBAL_UNCERTAINTY_ASSIGNED_CONTEXT((#2220))
GLOBAL_UNIT_ASSIGNED_CONTEXT((#2223,#2225,#2226))
REPRESENTATION_CONTEXT('','3D')
);
#2223=(
LENGTH_UNIT()
NAMED_UNIT(*)
SI_UNIT(.MILLI.,.METRE.)
);
#2224=(
LENGTH_UNIT()
NAMED_UNIT(*)
SI_UNIT($,.METRE.)
);
#2225=(
NAMED_UNIT(*)
PLANE_ANGLE_UNIT()
SI_UNIT($,.RADIAN.)
);
#2226=(
NAMED_UNIT(*)
SI_UNIT($,.STERADIAN.)
SOLID_ANGLE_UNIT()
);
#2227=SHAPE_DEFINITION_REPRESENTATION(#2228,#2229);
#2228=PRODUCT_DEFINITION_SHAPE('',$,#2231);
#2229=SHAPE_REPRESENTATION('',(#682),#2221);
#2230=PRODUCT_DEFINITION_CONTEXT('part definition',#2235,'design');
#2231=PRODUCT_DEFINITION('2026-08-13-17-45-30-755','Side Plastic',#2232,
#2230);
#2232=PRODUCT_DEFINITION_FORMATION('',$,#2237);
#2233=PRODUCT_RELATED_PRODUCT_CATEGORY('Side Plastic','Side Plastic',(#2237));
#2234=APPLICATION_PROTOCOL_DEFINITION('international standard',
'automotive_design',2009,#2235);
#2235=APPLICATION_CONTEXT(
'Core Data for Automotive Mechanical Design Process');
#2236=PRODUCT_CONTEXT('part definition',#2235,'mechanical');
#2237=PRODUCT('2026-08-13-17-45-30-755','Side Plastic',$,(#2236));
#2238=PRESENTATION_STYLE_ASSIGNMENT((#2240));
#2239=PRESENTATION_STYLE_ASSIGNMENT((#2241));
#2240=SURFACE_STYLE_USAGE(.BOTH.,#2242);
#2241=SURFACE_STYLE_USAGE(.BOTH.,#2243);
#2242=SURFACE_SIDE_STYLE('',(#2244));
#2243=SURFACE_SIDE_STYLE('',(#2245));
#2244=SURFACE_STYLE_FILL_AREA(#2246);
#2245=SURFACE_STYLE_FILL_AREA(#2247);
#2246=FILL_AREA_STYLE('Steel - Satin',(#2248));
#2247=FILL_AREA_STYLE('Plastic - Matte (Black)',(#2249));
#2248=FILL_AREA_STYLE_COLOUR('Steel - Satin',#2250);
#2249=FILL_AREA_STYLE_COLOUR('Plastic - Matte (Black)',#2251);
#2250=COLOUR_RGB('Steel - Satin',0.627450980392157,0.627450980392157,0.627450980392157);
#2251=COLOUR_RGB('Plastic - Matte (Black)',0.0980392156862745,0.0980392156862745,
0.0980392156862745);
ENDSEC;
END-ISO-10303-21;
