ISO-10303-21;
HEADER;
/* Generated by software containing ST-Developer
 * from STEP Tools, Inc. (www.steptools.com) 
 */

FILE_DESCRIPTION(
/* description */ (''),
/* implementation_level */ '2;1');

FILE_NAME(
/* name */ 'TPS Holder Lid.step',
/* time_stamp */ '2026-08-13T17:49:17+02:00',
/* author */ (''),
/* organization */ (''),
/* preprocessor_version */ 'ST-DEVELOPER v20.1',
/* originating_system */ 'Autodesk Translation Framework v15.8.0.0',
/* authorisation */ '');

FILE_SCHEMA (('AUTOMOTIVE_DESIGN { 1 0 10303 214 3 1 1 }'));
ENDSEC;

DATA;
#10=MECHANICAL_DESIGN_GEOMETRIC_PRESENTATION_REPRESENTATION('',(#13),#2981);
#11=SHAPE_REPRESENTATION_RELATIONSHIP('SRR','None',#2988,#12);
#12=ADVANCED_BREP_SHAPE_REPRESENTATION('',(#14),#2980);
#13=STYLED_ITEM('',(#2997),#14);
#14=MANIFOLD_SOLID_BREP('Body1',#1836);
#15=CYLINDRICAL_SURFACE('',#1923,2.25);
#16=CYLINDRICAL_SURFACE('',#1927,2.5);
#17=CYLINDRICAL_SURFACE('',#1962,0.699999999999998);
#18=CYLINDRICAL_SURFACE('',#1968,1.2);
#19=CYLINDRICAL_SURFACE('',#1969,1.2);
#20=CYLINDRICAL_SURFACE('',#1971,0.700000000000003);
#21=CYLINDRICAL_SURFACE('',#1973,0.699999999999998);
#22=CYLINDRICAL_SURFACE('',#1975,1.3);
#23=CYLINDRICAL_SURFACE('',#1977,0.699999999999998);
#24=CONICAL_SURFACE('',#1911,1.65,0.785398163397448);
#25=CONICAL_SURFACE('',#1916,2.6,0.78539816339745);
#26=CONICAL_SURFACE('',#1925,2.85,0.785398163397449);
#27=CONICAL_SURFACE('',#1945,1.65,0.785398163397451);
#28=CONICAL_SURFACE('',#1948,0.699999999999998,0.785398163397447);
#29=CONICAL_SURFACE('',#1951,0.699999999999998,0.785398163397447);
#30=CONICAL_SURFACE('',#1954,0.700000000000003,0.78539816339745);
#31=CONICAL_SURFACE('',#1956,0.699999999999998,0.785398163397447);
#32=(
BOUNDED_CURVE()
B_SPLINE_CURVE(2,(#2797,#2798,#2799),.UNSPECIFIED.,.F.,.F.)
B_SPLINE_CURVE_WITH_KNOTS((3,3),(0.,0.169495378879206),.UNSPECIFIED.)
CURVE()
GEOMETRIC_REPRESENTATION_ITEM()
RATIONAL_B_SPLINE_CURVE((1.,1.12660142429823,1.))
REPRESENTATION_ITEM('')
);
#33=(
BOUNDED_CURVE()
B_SPLINE_CURVE(2,(#2816,#2817,#2818),.UNSPECIFIED.,.F.,.F.)
B_SPLINE_CURVE_WITH_KNOTS((3,3),(0.,0.266912904612353),.UNSPECIFIED.)
CURVE()
GEOMETRIC_REPRESENTATION_ITEM()
RATIONAL_B_SPLINE_CURVE((1.,1.,1.))
REPRESENTATION_ITEM('')
);
#34=(
BOUNDED_CURVE()
B_SPLINE_CURVE(2,(#2825,#2826,#2827),.UNSPECIFIED.,.F.,.F.)
B_SPLINE_CURVE_WITH_KNOTS((3,3),(0.266912904612353,0.533825809224706),
 .UNSPECIFIED.)
CURVE()
GEOMETRIC_REPRESENTATION_ITEM()
RATIONAL_B_SPLINE_CURVE((1.,1.,1.))
REPRESENTATION_ITEM('')
);
#35=FACE_BOUND('',#186,.T.);
#36=FACE_BOUND('',#187,.T.);
#37=FACE_BOUND('',#188,.T.);
#38=FACE_BOUND('',#232,.T.);
#39=FACE_BOUND('',#267,.T.);
#40=FACE_BOUND('',#269,.T.);
#41=CIRCLE('',#1867,0.699999999999998);
#42=CIRCLE('',#1868,0.700000000000003);
#43=CIRCLE('',#1869,0.699999999999998);
#44=CIRCLE('',#1870,1.3);
#45=CIRCLE('',#1871,0.699999999999998);
#46=CIRCLE('',#1872,1.2);
#47=CIRCLE('',#1873,1.2);
#48=CIRCLE('',#1912,2.);
#49=CIRCLE('',#1917,2.25);
#50=CIRCLE('',#1918,2.25);
#51=CIRCLE('',#1919,2.95);
#52=CIRCLE('',#1921,2.);
#53=CIRCLE('',#1922,3.2);
#54=CIRCLE('',#1924,2.25);
#55=CIRCLE('',#1926,2.5);
#56=CIRCLE('',#1928,2.5);
#57=CIRCLE('',#1946,1.3);
#58=CIRCLE('',#1949,0.699999999999998);
#59=CIRCLE('',#1952,0.699999999999998);
#60=CIRCLE('',#1955,0.700000000000003);
#61=CIRCLE('',#1957,0.699999999999998);
#62=CIRCLE('',#1965,1.2);
#63=CIRCLE('',#1967,1.2);
#64=FACE_OUTER_BOUND('',#169,.T.);
#65=FACE_OUTER_BOUND('',#170,.T.);
#66=FACE_OUTER_BOUND('',#171,.T.);
#67=FACE_OUTER_BOUND('',#172,.T.);
#68=FACE_OUTER_BOUND('',#173,.T.);
#69=FACE_OUTER_BOUND('',#174,.T.);
#70=FACE_OUTER_BOUND('',#175,.T.);
#71=FACE_OUTER_BOUND('',#176,.T.);
#72=FACE_OUTER_BOUND('',#177,.T.);
#73=FACE_OUTER_BOUND('',#178,.T.);
#74=FACE_OUTER_BOUND('',#179,.T.);
#75=FACE_OUTER_BOUND('',#180,.T.);
#76=FACE_OUTER_BOUND('',#181,.T.);
#77=FACE_OUTER_BOUND('',#182,.T.);
#78=FACE_OUTER_BOUND('',#183,.T.);
#79=FACE_OUTER_BOUND('',#184,.T.);
#80=FACE_OUTER_BOUND('',#185,.T.);
#81=FACE_OUTER_BOUND('',#189,.T.);
#82=FACE_OUTER_BOUND('',#190,.T.);
#83=FACE_OUTER_BOUND('',#191,.T.);
#84=FACE_OUTER_BOUND('',#192,.T.);
#85=FACE_OUTER_BOUND('',#193,.T.);
#86=FACE_OUTER_BOUND('',#194,.T.);
#87=FACE_OUTER_BOUND('',#195,.T.);
#88=FACE_OUTER_BOUND('',#196,.T.);
#89=FACE_OUTER_BOUND('',#197,.T.);
#90=FACE_OUTER_BOUND('',#198,.T.);
#91=FACE_OUTER_BOUND('',#199,.T.);
#92=FACE_OUTER_BOUND('',#200,.T.);
#93=FACE_OUTER_BOUND('',#201,.T.);
#94=FACE_OUTER_BOUND('',#202,.T.);
#95=FACE_OUTER_BOUND('',#203,.T.);
#96=FACE_OUTER_BOUND('',#204,.T.);
#97=FACE_OUTER_BOUND('',#205,.T.);
#98=FACE_OUTER_BOUND('',#206,.T.);
#99=FACE_OUTER_BOUND('',#207,.T.);
#100=FACE_OUTER_BOUND('',#208,.T.);
#101=FACE_OUTER_BOUND('',#209,.T.);
#102=FACE_OUTER_BOUND('',#210,.T.);
#103=FACE_OUTER_BOUND('',#211,.T.);
#104=FACE_OUTER_BOUND('',#212,.T.);
#105=FACE_OUTER_BOUND('',#213,.T.);
#106=FACE_OUTER_BOUND('',#214,.T.);
#107=FACE_OUTER_BOUND('',#215,.T.);
#108=FACE_OUTER_BOUND('',#216,.T.);
#109=FACE_OUTER_BOUND('',#217,.T.);
#110=FACE_OUTER_BOUND('',#218,.T.);
#111=FACE_OUTER_BOUND('',#219,.T.);
#112=FACE_OUTER_BOUND('',#220,.T.);
#113=FACE_OUTER_BOUND('',#221,.T.);
#114=FACE_OUTER_BOUND('',#222,.T.);
#115=FACE_OUTER_BOUND('',#223,.T.);
#116=FACE_OUTER_BOUND('',#224,.T.);
#117=FACE_OUTER_BOUND('',#225,.T.);
#118=FACE_OUTER_BOUND('',#226,.T.);
#119=FACE_OUTER_BOUND('',#227,.T.);
#120=FACE_OUTER_BOUND('',#228,.T.);
#121=FACE_OUTER_BOUND('',#229,.T.);
#122=FACE_OUTER_BOUND('',#230,.T.);
#123=FACE_OUTER_BOUND('',#231,.T.);
#124=FACE_OUTER_BOUND('',#233,.T.);
#125=FACE_OUTER_BOUND('',#234,.T.);
#126=FACE_OUTER_BOUND('',#235,.T.);
#127=FACE_OUTER_BOUND('',#236,.T.);
#128=FACE_OUTER_BOUND('',#237,.T.);
#129=FACE_OUTER_BOUND('',#238,.T.);
#130=FACE_OUTER_BOUND('',#239,.T.);
#131=FACE_OUTER_BOUND('',#240,.T.);
#132=FACE_OUTER_BOUND('',#241,.T.);
#133=FACE_OUTER_BOUND('',#242,.T.);
#134=FACE_OUTER_BOUND('',#243,.T.);
#135=FACE_OUTER_BOUND('',#244,.T.);
#136=FACE_OUTER_BOUND('',#245,.T.);
#137=FACE_OUTER_BOUND('',#246,.T.);
#138=FACE_OUTER_BOUND('',#247,.T.);
#139=FACE_OUTER_BOUND('',#248,.T.);
#140=FACE_OUTER_BOUND('',#249,.T.);
#141=FACE_OUTER_BOUND('',#250,.T.);
#142=FACE_OUTER_BOUND('',#251,.T.);
#143=FACE_OUTER_BOUND('',#252,.T.);
#144=FACE_OUTER_BOUND('',#253,.T.);
#145=FACE_OUTER_BOUND('',#254,.T.);
#146=FACE_OUTER_BOUND('',#255,.T.);
#147=FACE_OUTER_BOUND('',#256,.T.);
#148=FACE_OUTER_BOUND('',#257,.T.);
#149=FACE_OUTER_BOUND('',#258,.T.);
#150=FACE_OUTER_BOUND('',#259,.T.);
#151=FACE_OUTER_BOUND('',#260,.T.);
#152=FACE_OUTER_BOUND('',#261,.T.);
#153=FACE_OUTER_BOUND('',#262,.T.);
#154=FACE_OUTER_BOUND('',#263,.T.);
#155=FACE_OUTER_BOUND('',#264,.T.);
#156=FACE_OUTER_BOUND('',#265,.T.);
#157=FACE_OUTER_BOUND('',#266,.T.);
#158=FACE_OUTER_BOUND('',#268,.T.);
#159=FACE_OUTER_BOUND('',#270,.T.);
#160=FACE_OUTER_BOUND('',#271,.T.);
#161=FACE_OUTER_BOUND('',#272,.T.);
#162=FACE_OUTER_BOUND('',#273,.T.);
#163=FACE_OUTER_BOUND('',#274,.T.);
#164=FACE_OUTER_BOUND('',#275,.T.);
#165=FACE_OUTER_BOUND('',#276,.T.);
#166=FACE_OUTER_BOUND('',#277,.T.);
#167=FACE_OUTER_BOUND('',#278,.T.);
#168=FACE_OUTER_BOUND('',#279,.T.);
#169=EDGE_LOOP('',(#1137,#1138,#1139,#1140));
#170=EDGE_LOOP('',(#1141,#1142,#1143,#1144));
#171=EDGE_LOOP('',(#1145,#1146,#1147,#1148,#1149));
#172=EDGE_LOOP('',(#1150,#1151,#1152,#1153));
#173=EDGE_LOOP('',(#1154,#1155,#1156,#1157));
#174=EDGE_LOOP('',(#1158,#1159,#1160,#1161));
#175=EDGE_LOOP('',(#1162,#1163,#1164,#1165));
#176=EDGE_LOOP('',(#1166,#1167,#1168,#1169));
#177=EDGE_LOOP('',(#1170,#1171,#1172));
#178=EDGE_LOOP('',(#1173,#1174,#1175,#1176));
#179=EDGE_LOOP('',(#1177,#1178,#1179,#1180));
#180=EDGE_LOOP('',(#1181,#1182,#1183));
#181=EDGE_LOOP('',(#1184,#1185,#1186,#1187));
#182=EDGE_LOOP('',(#1188,#1189,#1190,#1191));
#183=EDGE_LOOP('',(#1192,#1193,#1194,#1195));
#184=EDGE_LOOP('',(#1196,#1197,#1198,#1199));
#185=EDGE_LOOP('',(#1200,#1201,#1202,#1203,#1204,#1205,#1206,#1207,#1208,
#1209,#1210,#1211,#1212));
#186=EDGE_LOOP('',(#1213,#1214,#1215,#1216,#1217,#1218,#1219,#1220,#1221,
#1222,#1223,#1224,#1225,#1226,#1227,#1228,#1229,#1230,#1231,#1232,#1233,
#1234,#1235,#1236,#1237,#1238,#1239,#1240,#1241,#1242,#1243,#1244,#1245,
#1246,#1247,#1248,#1249,#1250,#1251));
#187=EDGE_LOOP('',(#1252));
#188=EDGE_LOOP('',(#1253));
#189=EDGE_LOOP('',(#1254,#1255,#1256,#1257));
#190=EDGE_LOOP('',(#1258,#1259,#1260));
#191=EDGE_LOOP('',(#1261,#1262,#1263,#1264));
#192=EDGE_LOOP('',(#1265,#1266,#1267,#1268));
#193=EDGE_LOOP('',(#1269,#1270,#1271));
#194=EDGE_LOOP('',(#1272,#1273,#1274,#1275));
#195=EDGE_LOOP('',(#1276,#1277,#1278,#1279));
#196=EDGE_LOOP('',(#1280,#1281,#1282,#1283));
#197=EDGE_LOOP('',(#1284,#1285,#1286,#1287));
#198=EDGE_LOOP('',(#1288,#1289,#1290,#1291));
#199=EDGE_LOOP('',(#1292,#1293,#1294));
#200=EDGE_LOOP('',(#1295,#1296,#1297,#1298));
#201=EDGE_LOOP('',(#1299,#1300,#1301,#1302));
#202=EDGE_LOOP('',(#1303,#1304,#1305));
#203=EDGE_LOOP('',(#1306,#1307,#1308,#1309));
#204=EDGE_LOOP('',(#1310,#1311,#1312,#1313));
#205=EDGE_LOOP('',(#1314,#1315,#1316,#1317));
#206=EDGE_LOOP('',(#1318,#1319,#1320,#1321));
#207=EDGE_LOOP('',(#1322,#1323,#1324,#1325));
#208=EDGE_LOOP('',(#1326,#1327,#1328,#1329));
#209=EDGE_LOOP('',(#1330,#1331,#1332,#1333));
#210=EDGE_LOOP('',(#1334,#1335,#1336,#1337));
#211=EDGE_LOOP('',(#1338,#1339,#1340,#1341));
#212=EDGE_LOOP('',(#1342,#1343,#1344,#1345));
#213=EDGE_LOOP('',(#1346,#1347,#1348,#1349));
#214=EDGE_LOOP('',(#1350,#1351,#1352,#1353));
#215=EDGE_LOOP('',(#1354,#1355,#1356,#1357));
#216=EDGE_LOOP('',(#1358,#1359,#1360,#1361));
#217=EDGE_LOOP('',(#1362,#1363,#1364,#1365));
#218=EDGE_LOOP('',(#1366,#1367,#1368,#1369));
#219=EDGE_LOOP('',(#1370,#1371,#1372,#1373));
#220=EDGE_LOOP('',(#1374,#1375,#1376,#1377));
#221=EDGE_LOOP('',(#1378,#1379,#1380,#1381));
#222=EDGE_LOOP('',(#1382,#1383,#1384,#1385));
#223=EDGE_LOOP('',(#1386,#1387,#1388,#1389));
#224=EDGE_LOOP('',(#1390,#1391,#1392,#1393,#1394,#1395,#1396));
#225=EDGE_LOOP('',(#1397,#1398,#1399,#1400));
#226=EDGE_LOOP('',(#1401,#1402,#1403));
#227=EDGE_LOOP('',(#1404,#1405,#1406,#1407));
#228=EDGE_LOOP('',(#1408,#1409,#1410,#1411));
#229=EDGE_LOOP('',(#1412,#1413,#1414,#1415));
#230=EDGE_LOOP('',(#1416,#1417,#1418,#1419,#1420,#1421,#1422));
#231=EDGE_LOOP('',(#1423,#1424,#1425,#1426,#1427,#1428,#1429,#1430,#1431,
#1432,#1433,#1434,#1435,#1436,#1437,#1438,#1439,#1440,#1441,#1442,#1443,
#1444,#1445,#1446,#1447,#1448,#1449,#1450,#1451,#1452,#1453,#1454,#1455,
#1456,#1457,#1458,#1459,#1460,#1461,#1462,#1463));
#232=EDGE_LOOP('',(#1464));
#233=EDGE_LOOP('',(#1465,#1466,#1467,#1468,#1469));
#234=EDGE_LOOP('',(#1470,#1471,#1472,#1473));
#235=EDGE_LOOP('',(#1474,#1475,#1476,#1477));
#236=EDGE_LOOP('',(#1478,#1479,#1480,#1481));
#237=EDGE_LOOP('',(#1482,#1483,#1484,#1485));
#238=EDGE_LOOP('',(#1486,#1487,#1488,#1489));
#239=EDGE_LOOP('',(#1490,#1491,#1492,#1493));
#240=EDGE_LOOP('',(#1494,#1495,#1496,#1497));
#241=EDGE_LOOP('',(#1498,#1499,#1500,#1501));
#242=EDGE_LOOP('',(#1502,#1503,#1504,#1505));
#243=EDGE_LOOP('',(#1506,#1507,#1508,#1509));
#244=EDGE_LOOP('',(#1510,#1511,#1512,#1513));
#245=EDGE_LOOP('',(#1514,#1515,#1516,#1517));
#246=EDGE_LOOP('',(#1518,#1519,#1520,#1521));
#247=EDGE_LOOP('',(#1522,#1523,#1524,#1525));
#248=EDGE_LOOP('',(#1526,#1527,#1528,#1529));
#249=EDGE_LOOP('',(#1530,#1531,#1532,#1533,#1534,#1535));
#250=EDGE_LOOP('',(#1536,#1537,#1538,#1539));
#251=EDGE_LOOP('',(#1540,#1541,#1542,#1543));
#252=EDGE_LOOP('',(#1544,#1545,#1546,#1547));
#253=EDGE_LOOP('',(#1548,#1549,#1550,#1551));
#254=EDGE_LOOP('',(#1552,#1553,#1554));
#255=EDGE_LOOP('',(#1555,#1556,#1557,#1558,#1559,#1560,#1561));
#256=EDGE_LOOP('',(#1562,#1563,#1564));
#257=EDGE_LOOP('',(#1565,#1566,#1567,#1568));
#258=EDGE_LOOP('',(#1569,#1570,#1571));
#259=EDGE_LOOP('',(#1572,#1573,#1574));
#260=EDGE_LOOP('',(#1575,#1576,#1577,#1578));
#261=EDGE_LOOP('',(#1579,#1580,#1581,#1582));
#262=EDGE_LOOP('',(#1583,#1584,#1585,#1586));
#263=EDGE_LOOP('',(#1587,#1588,#1589,#1590));
#264=EDGE_LOOP('',(#1591,#1592,#1593,#1594));
#265=EDGE_LOOP('',(#1595,#1596,#1597,#1598));
#266=EDGE_LOOP('',(#1599));
#267=EDGE_LOOP('',(#1600));
#268=EDGE_LOOP('',(#1601));
#269=EDGE_LOOP('',(#1602));
#270=EDGE_LOOP('',(#1603,#1604,#1605,#1606));
#271=EDGE_LOOP('',(#1607,#1608,#1609,#1610));
#272=EDGE_LOOP('',(#1611,#1612,#1613,#1614));
#273=EDGE_LOOP('',(#1615,#1616,#1617,#1618));
#274=EDGE_LOOP('',(#1619,#1620,#1621,#1622));
#275=EDGE_LOOP('',(#1623,#1624,#1625,#1626));
#276=EDGE_LOOP('',(#1627,#1628,#1629,#1630));
#277=EDGE_LOOP('',(#1631,#1632,#1633,#1634));
#278=EDGE_LOOP('',(#1635,#1636,#1637,#1638));
#279=EDGE_LOOP('',(#1639,#1640,#1641,#1642));
#280=LINE('',#2467,#507);
#281=LINE('',#2469,#508);
#282=LINE('',#2471,#509);
#283=LINE('',#2472,#510);
#284=LINE('',#2475,#511);
#285=LINE('',#2477,#512);
#286=LINE('',#2478,#513);
#287=LINE('',#2481,#514);
#288=LINE('',#2483,#515);
#289=LINE('',#2484,#516);
#290=LINE('',#2487,#517);
#291=LINE('',#2489,#518);
#292=LINE('',#2490,#519);
#293=LINE('',#2494,#520);
#294=LINE('',#2496,#521);
#295=LINE('',#2498,#522);
#296=LINE('',#2499,#523);
#297=LINE('',#2502,#524);
#298=LINE('',#2504,#525);
#299=LINE('',#2505,#526);
#300=LINE('',#2508,#527);
#301=LINE('',#2509,#528);
#302=LINE('',#2512,#529);
#303=LINE('',#2514,#530);
#304=LINE('',#2515,#531);
#305=LINE('',#2519,#532);
#306=LINE('',#2521,#533);
#307=LINE('',#2522,#534);
#308=LINE('',#2526,#535);
#309=LINE('',#2527,#536);
#310=LINE('',#2528,#537);
#311=LINE('',#2532,#538);
#312=LINE('',#2533,#539);
#313=LINE('',#2534,#540);
#314=LINE('',#2538,#541);
#315=LINE('',#2540,#542);
#316=LINE('',#2541,#543);
#317=LINE('',#2545,#544);
#318=LINE('',#2546,#545);
#319=LINE('',#2547,#546);
#320=LINE('',#2549,#547);
#321=LINE('',#2550,#548);
#322=LINE('',#2554,#549);
#323=LINE('',#2555,#550);
#324=LINE('',#2556,#551);
#325=LINE('',#2558,#552);
#326=LINE('',#2562,#553);
#327=LINE('',#2566,#554);
#328=LINE('',#2570,#555);
#329=LINE('',#2574,#556);
#330=LINE('',#2578,#557);
#331=LINE('',#2582,#558);
#332=LINE('',#2584,#559);
#333=LINE('',#2585,#560);
#334=LINE('',#2587,#561);
#335=LINE('',#2588,#562);
#336=LINE('',#2590,#563);
#337=LINE('',#2592,#564);
#338=LINE('',#2594,#565);
#339=LINE('',#2596,#566);
#340=LINE('',#2598,#567);
#341=LINE('',#2600,#568);
#342=LINE('',#2602,#569);
#343=LINE('',#2604,#570);
#344=LINE('',#2606,#571);
#345=LINE('',#2608,#572);
#346=LINE('',#2610,#573);
#347=LINE('',#2612,#574);
#348=LINE('',#2614,#575);
#349=LINE('',#2616,#576);
#350=LINE('',#2618,#577);
#351=LINE('',#2620,#578);
#352=LINE('',#2622,#579);
#353=LINE('',#2624,#580);
#354=LINE('',#2626,#581);
#355=LINE('',#2628,#582);
#356=LINE('',#2630,#583);
#357=LINE('',#2632,#584);
#358=LINE('',#2634,#585);
#359=LINE('',#2636,#586);
#360=LINE('',#2638,#587);
#361=LINE('',#2640,#588);
#362=LINE('',#2641,#589);
#363=LINE('',#2642,#590);
#364=LINE('',#2648,#591);
#365=LINE('',#2652,#592);
#366=LINE('',#2654,#593);
#367=LINE('',#2655,#594);
#368=LINE('',#2657,#595);
#369=LINE('',#2658,#596);
#370=LINE('',#2662,#597);
#371=LINE('',#2663,#598);
#372=LINE('',#2664,#599);
#373=LINE('',#2668,#600);
#374=LINE('',#2670,#601);
#375=LINE('',#2671,#602);
#376=LINE('',#2673,#603);
#377=LINE('',#2674,#604);
#378=LINE('',#2676,#605);
#379=LINE('',#2677,#606);
#380=LINE('',#2681,#607);
#381=LINE('',#2682,#608);
#382=LINE('',#2683,#609);
#383=LINE('',#2686,#610);
#384=LINE('',#2690,#611);
#385=LINE('',#2692,#612);
#386=LINE('',#2693,#613);
#387=LINE('',#2695,#614);
#388=LINE('',#2696,#615);
#389=LINE('',#2700,#616);
#390=LINE('',#2701,#617);
#391=LINE('',#2702,#618);
#392=LINE('',#2706,#619);
#393=LINE('',#2708,#620);
#394=LINE('',#2709,#621);
#395=LINE('',#2711,#622);
#396=LINE('',#2712,#623);
#397=LINE('',#2714,#624);
#398=LINE('',#2715,#625);
#399=LINE('',#2719,#626);
#400=LINE('',#2720,#627);
#401=LINE('',#2721,#628);
#402=LINE('',#2724,#629);
#403=LINE('',#2726,#630);
#404=LINE('',#2729,#631);
#405=LINE('',#2730,#632);
#406=LINE('',#2733,#633);
#407=LINE('',#2734,#634);
#408=LINE('',#2736,#635);
#409=LINE('',#2739,#636);
#410=LINE('',#2740,#637);
#411=LINE('',#2743,#638);
#412=LINE('',#2744,#639);
#413=LINE('',#2746,#640);
#414=LINE('',#2749,#641);
#415=LINE('',#2750,#642);
#416=LINE('',#2753,#643);
#417=LINE('',#2754,#644);
#418=LINE('',#2757,#645);
#419=LINE('',#2759,#646);
#420=LINE('',#2760,#647);
#421=LINE('',#2763,#648);
#422=LINE('',#2764,#649);
#423=LINE('',#2767,#650);
#424=LINE('',#2768,#651);
#425=LINE('',#2771,#652);
#426=LINE('',#2773,#653);
#427=LINE('',#2774,#654);
#428=LINE('',#2776,#655);
#429=LINE('',#2780,#656);
#430=LINE('',#2781,#657);
#431=LINE('',#2782,#658);
#432=LINE('',#2785,#659);
#433=LINE('',#2786,#660);
#434=LINE('',#2790,#661);
#435=LINE('',#2791,#662);
#436=LINE('',#2793,#663);
#437=LINE('',#2795,#664);
#438=LINE('',#2800,#665);
#439=LINE('',#2802,#666);
#440=LINE('',#2805,#667);
#441=LINE('',#2808,#668);
#442=LINE('',#2810,#669);
#443=LINE('',#2812,#670);
#444=LINE('',#2820,#671);
#445=LINE('',#2831,#672);
#446=LINE('',#2832,#673);
#447=LINE('',#2834,#674);
#448=LINE('',#2835,#675);
#449=LINE('',#2837,#676);
#450=LINE('',#2838,#677);
#451=LINE('',#2839,#678);
#452=LINE('',#2840,#679);
#453=LINE('',#2841,#680);
#454=LINE('',#2843,#681);
#455=LINE('',#2845,#682);
#456=LINE('',#2847,#683);
#457=LINE('',#2849,#684);
#458=LINE('',#2853,#685);
#459=LINE('',#2854,#686);
#460=LINE('',#2856,#687);
#461=LINE('',#2858,#688);
#462=LINE('',#2859,#689);
#463=LINE('',#2864,#690);
#464=LINE('',#2868,#691);
#465=LINE('',#2872,#692);
#466=LINE('',#2876,#693);
#467=LINE('',#2877,#694);
#468=LINE('',#2879,#695);
#469=LINE('',#2881,#696);
#470=LINE('',#2883,#697);
#471=LINE('',#2886,#698);
#472=LINE('',#2887,#699);
#473=LINE('',#2890,#700);
#474=LINE('',#2892,#701);
#475=LINE('',#2898,#702);
#476=LINE('',#2899,#703);
#477=LINE('',#2900,#704);
#478=LINE('',#2902,#705);
#479=LINE('',#2903,#706);
#480=LINE('',#2906,#707);
#481=LINE('',#2907,#708);
#482=LINE('',#2911,#709);
#483=LINE('',#2913,#710);
#484=LINE('',#2914,#711);
#485=LINE('',#2917,#712);
#486=LINE('',#2921,#713);
#487=LINE('',#2922,#714);
#488=LINE('',#2927,#715);
#489=LINE('',#2929,#716);
#490=LINE('',#2930,#717);
#491=LINE('',#2935,#718);
#492=LINE('',#2937,#719);
#493=LINE('',#2938,#720);
#494=LINE('',#2944,#721);
#495=LINE('',#2945,#722);
#496=LINE('',#2949,#723);
#497=LINE('',#2951,#724);
#498=LINE('',#2953,#725);
#499=LINE('',#2961,#726);
#500=LINE('',#2963,#727);
#501=LINE('',#2966,#728);
#502=LINE('',#2968,#729);
#503=LINE('',#2970,#730);
#504=LINE('',#2972,#731);
#505=LINE('',#2974,#732);
#506=LINE('',#2976,#733);
#507=VECTOR('',#1982,10.);
#508=VECTOR('',#1983,10.);
#509=VECTOR('',#1984,10.);
#510=VECTOR('',#1985,10.);
#511=VECTOR('',#1988,10.);
#512=VECTOR('',#1989,10.);
#513=VECTOR('',#1990,10.);
#514=VECTOR('',#1993,10.);
#515=VECTOR('',#1994,10.);
#516=VECTOR('',#1995,10.);
#517=VECTOR('',#1998,10.);
#518=VECTOR('',#1999,10.);
#519=VECTOR('',#2000,10.);
#520=VECTOR('',#2003,10.);
#521=VECTOR('',#2004,10.);
#522=VECTOR('',#2005,10.);
#523=VECTOR('',#2006,10.);
#524=VECTOR('',#2009,10.);
#525=VECTOR('',#2010,10.);
#526=VECTOR('',#2011,10.);
#527=VECTOR('',#2014,10.);
#528=VECTOR('',#2015,10.);
#529=VECTOR('',#2018,10.);
#530=VECTOR('',#2019,10.);
#531=VECTOR('',#2020,10.);
#532=VECTOR('',#2023,10.);
#533=VECTOR('',#2024,10.);
#534=VECTOR('',#2025,10.);
#535=VECTOR('',#2028,10.);
#536=VECTOR('',#2029,10.);
#537=VECTOR('',#2030,10.);
#538=VECTOR('',#2033,10.);
#539=VECTOR('',#2034,10.);
#540=VECTOR('',#2035,10.);
#541=VECTOR('',#2038,10.);
#542=VECTOR('',#2039,10.);
#543=VECTOR('',#2040,10.);
#544=VECTOR('',#2043,10.);
#545=VECTOR('',#2044,10.);
#546=VECTOR('',#2045,10.);
#547=VECTOR('',#2048,10.);
#548=VECTOR('',#2049,10.);
#549=VECTOR('',#2052,10.);
#550=VECTOR('',#2053,10.);
#551=VECTOR('',#2054,10.);
#552=VECTOR('',#2057,10.);
#553=VECTOR('',#2060,10.);
#554=VECTOR('',#2063,10.);
#555=VECTOR('',#2066,10.);
#556=VECTOR('',#2069,10.);
#557=VECTOR('',#2072,10.);
#558=VECTOR('',#2075,10.);
#559=VECTOR('',#2076,10.);
#560=VECTOR('',#2077,10.);
#561=VECTOR('',#2078,10.);
#562=VECTOR('',#2079,10.);
#563=VECTOR('',#2080,10.);
#564=VECTOR('',#2081,10.);
#565=VECTOR('',#2082,10.);
#566=VECTOR('',#2083,10.);
#567=VECTOR('',#2084,10.);
#568=VECTOR('',#2085,10.);
#569=VECTOR('',#2086,10.);
#570=VECTOR('',#2087,10.);
#571=VECTOR('',#2088,10.);
#572=VECTOR('',#2089,10.);
#573=VECTOR('',#2090,10.);
#574=VECTOR('',#2091,10.);
#575=VECTOR('',#2092,10.);
#576=VECTOR('',#2093,10.);
#577=VECTOR('',#2094,10.);
#578=VECTOR('',#2095,10.);
#579=VECTOR('',#2096,10.);
#580=VECTOR('',#2097,10.);
#581=VECTOR('',#2098,10.);
#582=VECTOR('',#2099,10.);
#583=VECTOR('',#2100,10.);
#584=VECTOR('',#2101,10.);
#585=VECTOR('',#2102,10.);
#586=VECTOR('',#2103,10.);
#587=VECTOR('',#2104,10.);
#588=VECTOR('',#2105,10.);
#589=VECTOR('',#2106,10.);
#590=VECTOR('',#2107,10.);
#591=VECTOR('',#2114,10.);
#592=VECTOR('',#2117,10.);
#593=VECTOR('',#2118,10.);
#594=VECTOR('',#2119,10.);
#595=VECTOR('',#2122,10.);
#596=VECTOR('',#2123,10.);
#597=VECTOR('',#2126,10.);
#598=VECTOR('',#2127,10.);
#599=VECTOR('',#2128,10.);
#600=VECTOR('',#2131,10.);
#601=VECTOR('',#2132,10.);
#602=VECTOR('',#2133,10.);
#603=VECTOR('',#2136,10.);
#604=VECTOR('',#2137,10.);
#605=VECTOR('',#2140,10.);
#606=VECTOR('',#2141,10.);
#607=VECTOR('',#2144,10.);
#608=VECTOR('',#2145,10.);
#609=VECTOR('',#2146,10.);
#610=VECTOR('',#2151,10.);
#611=VECTOR('',#2154,10.);
#612=VECTOR('',#2155,10.);
#613=VECTOR('',#2156,10.);
#614=VECTOR('',#2159,10.);
#615=VECTOR('',#2160,10.);
#616=VECTOR('',#2163,10.);
#617=VECTOR('',#2164,10.);
#618=VECTOR('',#2165,10.);
#619=VECTOR('',#2168,10.);
#620=VECTOR('',#2169,10.);
#621=VECTOR('',#2170,10.);
#622=VECTOR('',#2173,10.);
#623=VECTOR('',#2174,10.);
#624=VECTOR('',#2177,10.);
#625=VECTOR('',#2178,10.);
#626=VECTOR('',#2181,10.);
#627=VECTOR('',#2182,10.);
#628=VECTOR('',#2183,10.);
#629=VECTOR('',#2188,10.);
#630=VECTOR('',#2191,10.);
#631=VECTOR('',#2194,10.);
#632=VECTOR('',#2195,10.);
#633=VECTOR('',#2198,10.);
#634=VECTOR('',#2199,10.);
#635=VECTOR('',#2202,10.);
#636=VECTOR('',#2205,10.);
#637=VECTOR('',#2206,10.);
#638=VECTOR('',#2209,10.);
#639=VECTOR('',#2210,10.);
#640=VECTOR('',#2213,10.);
#641=VECTOR('',#2216,10.);
#642=VECTOR('',#2217,10.);
#643=VECTOR('',#2220,10.);
#644=VECTOR('',#2221,10.);
#645=VECTOR('',#2224,10.);
#646=VECTOR('',#2225,10.);
#647=VECTOR('',#2226,10.);
#648=VECTOR('',#2229,10.);
#649=VECTOR('',#2230,10.);
#650=VECTOR('',#2233,10.);
#651=VECTOR('',#2234,10.);
#652=VECTOR('',#2237,10.);
#653=VECTOR('',#2238,10.);
#654=VECTOR('',#2239,10.);
#655=VECTOR('',#2242,10.);
#656=VECTOR('',#2245,10.);
#657=VECTOR('',#2246,10.);
#658=VECTOR('',#2247,10.);
#659=VECTOR('',#2250,10.);
#660=VECTOR('',#2251,10.);
#661=VECTOR('',#2254,10.);
#662=VECTOR('',#2255,10.);
#663=VECTOR('',#2256,10.);
#664=VECTOR('',#2257,10.);
#665=VECTOR('',#2258,10.);
#666=VECTOR('',#2261,10.);
#667=VECTOR('',#2264,10.);
#668=VECTOR('',#2269,10.);
#669=VECTOR('',#2272,10.);
#670=VECTOR('',#2275,10.);
#671=VECTOR('',#2278,2.6);
#672=VECTOR('',#2287,10.);
#673=VECTOR('',#2288,10.);
#674=VECTOR('',#2289,10.);
#675=VECTOR('',#2290,10.);
#676=VECTOR('',#2291,10.);
#677=VECTOR('',#2292,10.);
#678=VECTOR('',#2293,10.);
#679=VECTOR('',#2294,10.);
#680=VECTOR('',#2295,10.);
#681=VECTOR('',#2296,10.);
#682=VECTOR('',#2297,10.);
#683=VECTOR('',#2298,10.);
#684=VECTOR('',#2299,10.);
#685=VECTOR('',#2302,10.);
#686=VECTOR('',#2303,10.);
#687=VECTOR('',#2304,10.);
#688=VECTOR('',#2305,10.);
#689=VECTOR('',#2306,10.);
#690=VECTOR('',#2311,2.25);
#691=VECTOR('',#2316,2.85);
#692=VECTOR('',#2321,2.5);
#693=VECTOR('',#2326,10.);
#694=VECTOR('',#2327,10.);
#695=VECTOR('',#2330,10.);
#696=VECTOR('',#2333,10.);
#697=VECTOR('',#2336,10.);
#698=VECTOR('',#2341,10.);
#699=VECTOR('',#2342,10.);
#700=VECTOR('',#2347,10.);
#701=VECTOR('',#2350,10.);
#702=VECTOR('',#2357,10.);
#703=VECTOR('',#2358,10.);
#704=VECTOR('',#2359,10.);
#705=VECTOR('',#2362,10.);
#706=VECTOR('',#2363,10.);
#707=VECTOR('',#2366,10.);
#708=VECTOR('',#2367,10.);
#709=VECTOR('',#2372,10.);
#710=VECTOR('',#2373,10.);
#711=VECTOR('',#2374,10.);
#712=VECTOR('',#2377,10.);
#713=VECTOR('',#2382,10.);
#714=VECTOR('',#2383,10.);
#715=VECTOR('',#2390,10.);
#716=VECTOR('',#2391,10.);
#717=VECTOR('',#2392,10.);
#718=VECTOR('',#2399,10.);
#719=VECTOR('',#2400,10.);
#720=VECTOR('',#2401,10.);
#721=VECTOR('',#2412,10.);
#722=VECTOR('',#2413,10.);
#723=VECTOR('',#2420,10.);
#724=VECTOR('',#2423,10.);
#725=VECTOR('',#2426,10.);
#726=VECTOR('',#2437,1.2);
#727=VECTOR('',#2440,1.2);
#728=VECTOR('',#2445,10.);
#729=VECTOR('',#2448,10.);
#730=VECTOR('',#2451,10.);
#731=VECTOR('',#2454,10.);
#732=VECTOR('',#2457,10.);
#733=VECTOR('',#2460,10.);
#734=VERTEX_POINT('',#2465);
#735=VERTEX_POINT('',#2466);
#736=VERTEX_POINT('',#2468);
#737=VERTEX_POINT('',#2470);
#738=VERTEX_POINT('',#2474);
#739=VERTEX_POINT('',#2476);
#740=VERTEX_POINT('',#2480);
#741=VERTEX_POINT('',#2482);
#742=VERTEX_POINT('',#2486);
#743=VERTEX_POINT('',#2488);
#744=VERTEX_POINT('',#2492);
#745=VERTEX_POINT('',#2493);
#746=VERTEX_POINT('',#2495);
#747=VERTEX_POINT('',#2497);
#748=VERTEX_POINT('',#2501);
#749=VERTEX_POINT('',#2503);
#750=VERTEX_POINT('',#2507);
#751=VERTEX_POINT('',#2511);
#752=VERTEX_POINT('',#2513);
#753=VERTEX_POINT('',#2517);
#754=VERTEX_POINT('',#2518);
#755=VERTEX_POINT('',#2520);
#756=VERTEX_POINT('',#2524);
#757=VERTEX_POINT('',#2525);
#758=VERTEX_POINT('',#2530);
#759=VERTEX_POINT('',#2531);
#760=VERTEX_POINT('',#2536);
#761=VERTEX_POINT('',#2537);
#762=VERTEX_POINT('',#2539);
#763=VERTEX_POINT('',#2543);
#764=VERTEX_POINT('',#2544);
#765=VERTEX_POINT('',#2552);
#766=VERTEX_POINT('',#2553);
#767=VERTEX_POINT('',#2560);
#768=VERTEX_POINT('',#2561);
#769=VERTEX_POINT('',#2563);
#770=VERTEX_POINT('',#2565);
#771=VERTEX_POINT('',#2567);
#772=VERTEX_POINT('',#2569);
#773=VERTEX_POINT('',#2571);
#774=VERTEX_POINT('',#2573);
#775=VERTEX_POINT('',#2575);
#776=VERTEX_POINT('',#2577);
#777=VERTEX_POINT('',#2579);
#778=VERTEX_POINT('',#2581);
#779=VERTEX_POINT('',#2583);
#780=VERTEX_POINT('',#2586);
#781=VERTEX_POINT('',#2589);
#782=VERTEX_POINT('',#2591);
#783=VERTEX_POINT('',#2593);
#784=VERTEX_POINT('',#2595);
#785=VERTEX_POINT('',#2597);
#786=VERTEX_POINT('',#2599);
#787=VERTEX_POINT('',#2601);
#788=VERTEX_POINT('',#2603);
#789=VERTEX_POINT('',#2605);
#790=VERTEX_POINT('',#2607);
#791=VERTEX_POINT('',#2609);
#792=VERTEX_POINT('',#2611);
#793=VERTEX_POINT('',#2613);
#794=VERTEX_POINT('',#2615);
#795=VERTEX_POINT('',#2617);
#796=VERTEX_POINT('',#2619);
#797=VERTEX_POINT('',#2621);
#798=VERTEX_POINT('',#2623);
#799=VERTEX_POINT('',#2625);
#800=VERTEX_POINT('',#2627);
#801=VERTEX_POINT('',#2629);
#802=VERTEX_POINT('',#2631);
#803=VERTEX_POINT('',#2633);
#804=VERTEX_POINT('',#2635);
#805=VERTEX_POINT('',#2637);
#806=VERTEX_POINT('',#2639);
#807=VERTEX_POINT('',#2643);
#808=VERTEX_POINT('',#2645);
#809=VERTEX_POINT('',#2650);
#810=VERTEX_POINT('',#2651);
#811=VERTEX_POINT('',#2653);
#812=VERTEX_POINT('',#2660);
#813=VERTEX_POINT('',#2661);
#814=VERTEX_POINT('',#2666);
#815=VERTEX_POINT('',#2667);
#816=VERTEX_POINT('',#2669);
#817=VERTEX_POINT('',#2679);
#818=VERTEX_POINT('',#2680);
#819=VERTEX_POINT('',#2688);
#820=VERTEX_POINT('',#2689);
#821=VERTEX_POINT('',#2691);
#822=VERTEX_POINT('',#2698);
#823=VERTEX_POINT('',#2699);
#824=VERTEX_POINT('',#2704);
#825=VERTEX_POINT('',#2705);
#826=VERTEX_POINT('',#2707);
#827=VERTEX_POINT('',#2717);
#828=VERTEX_POINT('',#2718);
#829=VERTEX_POINT('',#2728);
#830=VERTEX_POINT('',#2732);
#831=VERTEX_POINT('',#2738);
#832=VERTEX_POINT('',#2742);
#833=VERTEX_POINT('',#2748);
#834=VERTEX_POINT('',#2752);
#835=VERTEX_POINT('',#2756);
#836=VERTEX_POINT('',#2758);
#837=VERTEX_POINT('',#2762);
#838=VERTEX_POINT('',#2766);
#839=VERTEX_POINT('',#2770);
#840=VERTEX_POINT('',#2772);
#841=VERTEX_POINT('',#2778);
#842=VERTEX_POINT('',#2779);
#843=VERTEX_POINT('',#2784);
#844=VERTEX_POINT('',#2788);
#845=VERTEX_POINT('',#2789);
#846=VERTEX_POINT('',#2792);
#847=VERTEX_POINT('',#2794);
#848=VERTEX_POINT('',#2796);
#849=VERTEX_POINT('',#2804);
#850=VERTEX_POINT('',#2814);
#851=VERTEX_POINT('',#2815);
#852=VERTEX_POINT('',#2819);
#853=VERTEX_POINT('',#2821);
#854=VERTEX_POINT('',#2824);
#855=VERTEX_POINT('',#2830);
#856=VERTEX_POINT('',#2833);
#857=VERTEX_POINT('',#2836);
#858=VERTEX_POINT('',#2842);
#859=VERTEX_POINT('',#2844);
#860=VERTEX_POINT('',#2846);
#861=VERTEX_POINT('',#2848);
#862=VERTEX_POINT('',#2850);
#863=VERTEX_POINT('',#2852);
#864=VERTEX_POINT('',#2855);
#865=VERTEX_POINT('',#2857);
#866=VERTEX_POINT('',#2860);
#867=VERTEX_POINT('',#2863);
#868=VERTEX_POINT('',#2867);
#869=VERTEX_POINT('',#2871);
#870=VERTEX_POINT('',#2875);
#871=VERTEX_POINT('',#2896);
#872=VERTEX_POINT('',#2897);
#873=VERTEX_POINT('',#2905);
#874=VERTEX_POINT('',#2910);
#875=VERTEX_POINT('',#2912);
#876=VERTEX_POINT('',#2916);
#877=VERTEX_POINT('',#2920);
#878=VERTEX_POINT('',#2926);
#879=VERTEX_POINT('',#2928);
#880=VERTEX_POINT('',#2934);
#881=VERTEX_POINT('',#2936);
#882=VERTEX_POINT('',#2955);
#883=VERTEX_POINT('',#2958);
#884=EDGE_CURVE('',#734,#735,#280,.T.);
#885=EDGE_CURVE('',#735,#736,#281,.T.);
#886=EDGE_CURVE('',#736,#737,#282,.T.);
#887=EDGE_CURVE('',#737,#734,#283,.T.);
#888=EDGE_CURVE('',#737,#738,#284,.T.);
#889=EDGE_CURVE('',#738,#739,#285,.T.);
#890=EDGE_CURVE('',#739,#734,#286,.T.);
#891=EDGE_CURVE('',#740,#739,#287,.T.);
#892=EDGE_CURVE('',#741,#740,#288,.T.);
#893=EDGE_CURVE('',#735,#741,#289,.T.);
#894=EDGE_CURVE('',#740,#742,#290,.T.);
#895=EDGE_CURVE('',#742,#743,#291,.T.);
#896=EDGE_CURVE('',#743,#741,#292,.T.);
#897=EDGE_CURVE('',#744,#745,#293,.T.);
#898=EDGE_CURVE('',#745,#746,#294,.T.);
#899=EDGE_CURVE('',#746,#747,#295,.T.);
#900=EDGE_CURVE('',#747,#744,#296,.T.);
#901=EDGE_CURVE('',#748,#745,#297,.T.);
#902=EDGE_CURVE('',#749,#748,#298,.T.);
#903=EDGE_CURVE('',#749,#746,#299,.T.);
#904=EDGE_CURVE('',#744,#750,#300,.T.);
#905=EDGE_CURVE('',#750,#748,#301,.T.);
#906=EDGE_CURVE('',#751,#736,#302,.T.);
#907=EDGE_CURVE('',#751,#752,#303,.T.);
#908=EDGE_CURVE('',#737,#752,#304,.T.);
#909=EDGE_CURVE('',#753,#754,#305,.T.);
#910=EDGE_CURVE('',#755,#753,#306,.T.);
#911=EDGE_CURVE('',#754,#755,#307,.T.);
#912=EDGE_CURVE('',#756,#757,#308,.T.);
#913=EDGE_CURVE('',#757,#755,#309,.T.);
#914=EDGE_CURVE('',#753,#756,#310,.T.);
#915=EDGE_CURVE('',#758,#759,#311,.F.);
#916=EDGE_CURVE('',#759,#754,#312,.T.);
#917=EDGE_CURVE('',#755,#758,#313,.T.);
#918=EDGE_CURVE('',#760,#761,#314,.T.);
#919=EDGE_CURVE('',#762,#760,#315,.T.);
#920=EDGE_CURVE('',#761,#762,#316,.T.);
#921=EDGE_CURVE('',#763,#764,#317,.T.);
#922=EDGE_CURVE('',#764,#762,#318,.T.);
#923=EDGE_CURVE('',#760,#763,#319,.T.);
#924=EDGE_CURVE('',#754,#761,#320,.T.);
#925=EDGE_CURVE('',#762,#753,#321,.T.);
#926=EDGE_CURVE('',#765,#766,#322,.F.);
#927=EDGE_CURVE('',#766,#760,#323,.T.);
#928=EDGE_CURVE('',#761,#765,#324,.T.);
#929=EDGE_CURVE('',#764,#756,#325,.T.);
#930=EDGE_CURVE('',#767,#768,#326,.T.);
#931=EDGE_CURVE('',#769,#767,#41,.T.);
#932=EDGE_CURVE('',#770,#769,#327,.T.);
#933=EDGE_CURVE('',#771,#770,#42,.T.);
#934=EDGE_CURVE('',#772,#771,#328,.T.);
#935=EDGE_CURVE('',#773,#772,#43,.T.);
#936=EDGE_CURVE('',#774,#773,#329,.T.);
#937=EDGE_CURVE('',#774,#775,#44,.T.);
#938=EDGE_CURVE('',#776,#775,#330,.T.);
#939=EDGE_CURVE('',#777,#776,#45,.T.);
#940=EDGE_CURVE('',#778,#777,#331,.T.);
#941=EDGE_CURVE('',#779,#778,#332,.T.);
#942=EDGE_CURVE('',#768,#779,#333,.T.);
#943=EDGE_CURVE('',#780,#749,#334,.T.);
#944=EDGE_CURVE('',#757,#780,#335,.T.);
#945=EDGE_CURVE('',#781,#763,#336,.T.);
#946=EDGE_CURVE('',#782,#781,#337,.T.);
#947=EDGE_CURVE('',#783,#782,#338,.T.);
#948=EDGE_CURVE('',#784,#783,#339,.T.);
#949=EDGE_CURVE('',#784,#785,#340,.T.);
#950=EDGE_CURVE('',#786,#785,#341,.T.);
#951=EDGE_CURVE('',#787,#786,#342,.T.);
#952=EDGE_CURVE('',#788,#787,#343,.T.);
#953=EDGE_CURVE('',#789,#788,#344,.T.);
#954=EDGE_CURVE('',#790,#789,#345,.T.);
#955=EDGE_CURVE('',#791,#790,#346,.T.);
#956=EDGE_CURVE('',#792,#791,#347,.T.);
#957=EDGE_CURVE('',#793,#792,#348,.T.);
#958=EDGE_CURVE('',#794,#793,#349,.T.);
#959=EDGE_CURVE('',#795,#794,#350,.T.);
#960=EDGE_CURVE('',#796,#795,#351,.T.);
#961=EDGE_CURVE('',#796,#797,#352,.T.);
#962=EDGE_CURVE('',#798,#797,#353,.T.);
#963=EDGE_CURVE('',#799,#798,#354,.T.);
#964=EDGE_CURVE('',#800,#799,#355,.T.);
#965=EDGE_CURVE('',#801,#800,#356,.T.);
#966=EDGE_CURVE('',#802,#801,#357,.T.);
#967=EDGE_CURVE('',#803,#802,#358,.T.);
#968=EDGE_CURVE('',#804,#803,#359,.T.);
#969=EDGE_CURVE('',#805,#804,#360,.T.);
#970=EDGE_CURVE('',#806,#805,#361,.T.);
#971=EDGE_CURVE('',#751,#806,#362,.T.);
#972=EDGE_CURVE('',#747,#743,#363,.T.);
#973=EDGE_CURVE('',#807,#807,#46,.T.);
#974=EDGE_CURVE('',#808,#808,#47,.T.);
#975=EDGE_CURVE('',#781,#766,#364,.T.);
#976=EDGE_CURVE('',#809,#810,#365,.T.);
#977=EDGE_CURVE('',#811,#809,#366,.T.);
#978=EDGE_CURVE('',#810,#811,#367,.T.);
#979=EDGE_CURVE('',#789,#811,#368,.T.);
#980=EDGE_CURVE('',#809,#790,#369,.T.);
#981=EDGE_CURVE('',#812,#813,#370,.F.);
#982=EDGE_CURVE('',#813,#810,#371,.T.);
#983=EDGE_CURVE('',#811,#812,#372,.T.);
#984=EDGE_CURVE('',#814,#815,#373,.T.);
#985=EDGE_CURVE('',#816,#814,#374,.T.);
#986=EDGE_CURVE('',#815,#816,#375,.T.);
#987=EDGE_CURVE('',#791,#816,#376,.T.);
#988=EDGE_CURVE('',#814,#792,#377,.T.);
#989=EDGE_CURVE('',#810,#815,#378,.T.);
#990=EDGE_CURVE('',#816,#809,#379,.T.);
#991=EDGE_CURVE('',#817,#818,#380,.F.);
#992=EDGE_CURVE('',#818,#814,#381,.T.);
#993=EDGE_CURVE('',#815,#817,#382,.T.);
#994=EDGE_CURVE('',#793,#818,#383,.T.);
#995=EDGE_CURVE('',#819,#820,#384,.T.);
#996=EDGE_CURVE('',#821,#819,#385,.T.);
#997=EDGE_CURVE('',#820,#821,#386,.T.);
#998=EDGE_CURVE('',#801,#821,#387,.T.);
#999=EDGE_CURVE('',#819,#802,#388,.T.);
#1000=EDGE_CURVE('',#822,#823,#389,.F.);
#1001=EDGE_CURVE('',#823,#820,#390,.T.);
#1002=EDGE_CURVE('',#821,#822,#391,.T.);
#1003=EDGE_CURVE('',#824,#825,#392,.T.);
#1004=EDGE_CURVE('',#826,#824,#393,.T.);
#1005=EDGE_CURVE('',#825,#826,#394,.T.);
#1006=EDGE_CURVE('',#803,#826,#395,.T.);
#1007=EDGE_CURVE('',#824,#804,#396,.T.);
#1008=EDGE_CURVE('',#820,#825,#397,.T.);
#1009=EDGE_CURVE('',#826,#819,#398,.T.);
#1010=EDGE_CURVE('',#827,#828,#399,.F.);
#1011=EDGE_CURVE('',#828,#824,#400,.T.);
#1012=EDGE_CURVE('',#825,#827,#401,.T.);
#1013=EDGE_CURVE('',#805,#828,#402,.T.);
#1014=EDGE_CURVE('',#822,#800,#403,.T.);
#1015=EDGE_CURVE('',#829,#828,#404,.T.);
#1016=EDGE_CURVE('',#806,#829,#405,.T.);
#1017=EDGE_CURVE('',#827,#830,#406,.T.);
#1018=EDGE_CURVE('',#830,#829,#407,.T.);
#1019=EDGE_CURVE('',#812,#788,#408,.T.);
#1020=EDGE_CURVE('',#831,#818,#409,.T.);
#1021=EDGE_CURVE('',#794,#831,#410,.T.);
#1022=EDGE_CURVE('',#817,#832,#411,.T.);
#1023=EDGE_CURVE('',#832,#831,#412,.T.);
#1024=EDGE_CURVE('',#758,#780,#413,.T.);
#1025=EDGE_CURVE('',#833,#766,#414,.T.);
#1026=EDGE_CURVE('',#782,#833,#415,.T.);
#1027=EDGE_CURVE('',#765,#834,#416,.T.);
#1028=EDGE_CURVE('',#834,#833,#417,.T.);
#1029=EDGE_CURVE('',#783,#835,#418,.T.);
#1030=EDGE_CURVE('',#835,#836,#419,.T.);
#1031=EDGE_CURVE('',#836,#784,#420,.T.);
#1032=EDGE_CURVE('',#837,#836,#421,.T.);
#1033=EDGE_CURVE('',#785,#837,#422,.T.);
#1034=EDGE_CURVE('',#837,#838,#423,.T.);
#1035=EDGE_CURVE('',#838,#786,#424,.T.);
#1036=EDGE_CURVE('',#795,#839,#425,.T.);
#1037=EDGE_CURVE('',#839,#840,#426,.T.);
#1038=EDGE_CURVE('',#840,#796,#427,.T.);
#1039=EDGE_CURVE('',#839,#831,#428,.T.);
#1040=EDGE_CURVE('',#841,#842,#429,.T.);
#1041=EDGE_CURVE('',#842,#798,#430,.T.);
#1042=EDGE_CURVE('',#797,#841,#431,.T.);
#1043=EDGE_CURVE('',#843,#842,#432,.T.);
#1044=EDGE_CURVE('',#799,#843,#433,.T.);
#1045=EDGE_CURVE('',#844,#845,#434,.T.);
#1046=EDGE_CURVE('',#845,#768,#435,.T.);
#1047=EDGE_CURVE('',#779,#846,#436,.T.);
#1048=EDGE_CURVE('',#847,#846,#437,.T.);
#1049=EDGE_CURVE('',#848,#847,#32,.T.);
#1050=EDGE_CURVE('',#844,#848,#438,.T.);
#1051=EDGE_CURVE('',#841,#840,#439,.T.);
#1052=EDGE_CURVE('',#847,#849,#440,.T.);
#1053=EDGE_CURVE('',#849,#848,#48,.T.);
#1054=EDGE_CURVE('',#835,#833,#441,.T.);
#1055=EDGE_CURVE('',#834,#836,#442,.T.);
#1056=EDGE_CURVE('',#832,#840,#443,.T.);
#1057=EDGE_CURVE('',#850,#851,#33,.T.);
#1058=EDGE_CURVE('',#851,#852,#444,.T.);
#1059=EDGE_CURVE('',#852,#853,#49,.T.);
#1060=EDGE_CURVE('',#853,#852,#50,.T.);
#1061=EDGE_CURVE('',#851,#854,#34,.T.);
#1062=EDGE_CURVE('',#854,#850,#51,.T.);
#1063=EDGE_CURVE('',#855,#738,#445,.T.);
#1064=EDGE_CURVE('',#830,#855,#446,.T.);
#1065=EDGE_CURVE('',#856,#823,#447,.T.);
#1066=EDGE_CURVE('',#841,#856,#448,.T.);
#1067=EDGE_CURVE('',#857,#813,#449,.T.);
#1068=EDGE_CURVE('',#837,#857,#450,.T.);
#1069=EDGE_CURVE('',#750,#759,#451,.T.);
#1070=EDGE_CURVE('',#744,#742,#452,.T.);
#1071=EDGE_CURVE('',#844,#740,#453,.T.);
#1072=EDGE_CURVE('',#858,#849,#454,.T.);
#1073=EDGE_CURVE('',#859,#858,#455,.T.);
#1074=EDGE_CURVE('',#860,#859,#456,.T.);
#1075=EDGE_CURVE('',#861,#860,#457,.T.);
#1076=EDGE_CURVE('',#862,#861,#52,.T.);
#1077=EDGE_CURVE('',#863,#862,#458,.T.);
#1078=EDGE_CURVE('',#850,#863,#459,.T.);
#1079=EDGE_CURVE('',#864,#854,#460,.T.);
#1080=EDGE_CURVE('',#865,#864,#461,.T.);
#1081=EDGE_CURVE('',#739,#865,#462,.T.);
#1082=EDGE_CURVE('',#866,#866,#53,.T.);
#1083=EDGE_CURVE('',#853,#867,#463,.T.);
#1084=EDGE_CURVE('',#867,#867,#54,.T.);
#1085=EDGE_CURVE('',#866,#868,#464,.T.);
#1086=EDGE_CURVE('',#868,#868,#55,.T.);
#1087=EDGE_CURVE('',#868,#869,#465,.T.);
#1088=EDGE_CURVE('',#869,#869,#56,.T.);
#1089=EDGE_CURVE('',#857,#870,#466,.T.);
#1090=EDGE_CURVE('',#870,#838,#467,.T.);
#1091=EDGE_CURVE('',#812,#870,#468,.T.);
#1092=EDGE_CURVE('',#787,#870,#469,.T.);
#1093=EDGE_CURVE('',#758,#748,#470,.T.);
#1094=EDGE_CURVE('',#855,#752,#471,.T.);
#1095=EDGE_CURVE('',#752,#829,#472,.T.);
#1096=EDGE_CURVE('',#856,#843,#473,.T.);
#1097=EDGE_CURVE('',#822,#843,#474,.T.);
#1098=EDGE_CURVE('',#871,#872,#475,.T.);
#1099=EDGE_CURVE('',#872,#860,#476,.T.);
#1100=EDGE_CURVE('',#859,#871,#477,.T.);
#1101=EDGE_CURVE('',#858,#846,#478,.T.);
#1102=EDGE_CURVE('',#846,#871,#479,.T.);
#1103=EDGE_CURVE('',#865,#873,#480,.T.);
#1104=EDGE_CURVE('',#873,#845,#481,.T.);
#1105=EDGE_CURVE('',#874,#861,#482,.T.);
#1106=EDGE_CURVE('',#860,#875,#483,.T.);
#1107=EDGE_CURVE('',#875,#874,#484,.T.);
#1108=EDGE_CURVE('',#876,#862,#485,.T.);
#1109=EDGE_CURVE('',#874,#876,#57,.T.);
#1110=EDGE_CURVE('',#877,#863,#486,.T.);
#1111=EDGE_CURVE('',#876,#877,#487,.T.);
#1112=EDGE_CURVE('',#872,#875,#58,.T.);
#1113=EDGE_CURVE('',#863,#878,#488,.T.);
#1114=EDGE_CURVE('',#878,#879,#489,.T.);
#1115=EDGE_CURVE('',#879,#864,#490,.T.);
#1116=EDGE_CURVE('',#877,#878,#59,.T.);
#1117=EDGE_CURVE('',#880,#865,#491,.T.);
#1118=EDGE_CURVE('',#864,#881,#492,.T.);
#1119=EDGE_CURVE('',#881,#880,#493,.T.);
#1120=EDGE_CURVE('',#879,#881,#60,.T.);
#1121=EDGE_CURVE('',#880,#873,#61,.T.);
#1122=EDGE_CURVE('',#778,#871,#494,.T.);
#1123=EDGE_CURVE('',#777,#872,#495,.T.);
#1124=EDGE_CURVE('',#767,#873,#496,.T.);
#1125=EDGE_CURVE('',#769,#880,#497,.T.);
#1126=EDGE_CURVE('',#770,#881,#498,.T.);
#1127=EDGE_CURVE('',#882,#882,#62,.T.);
#1128=EDGE_CURVE('',#883,#883,#63,.T.);
#1129=EDGE_CURVE('',#882,#807,#499,.T.);
#1130=EDGE_CURVE('',#883,#808,#500,.T.);
#1131=EDGE_CURVE('',#771,#879,#501,.T.);
#1132=EDGE_CURVE('',#772,#878,#502,.T.);
#1133=EDGE_CURVE('',#773,#877,#503,.T.);
#1134=EDGE_CURVE('',#774,#876,#504,.T.);
#1135=EDGE_CURVE('',#775,#874,#505,.T.);
#1136=EDGE_CURVE('',#776,#875,#506,.T.);
#1137=ORIENTED_EDGE('',*,*,#884,.T.);
#1138=ORIENTED_EDGE('',*,*,#885,.T.);
#1139=ORIENTED_EDGE('',*,*,#886,.T.);
#1140=ORIENTED_EDGE('',*,*,#887,.T.);
#1141=ORIENTED_EDGE('',*,*,#888,.T.);
#1142=ORIENTED_EDGE('',*,*,#889,.T.);
#1143=ORIENTED_EDGE('',*,*,#890,.T.);
#1144=ORIENTED_EDGE('',*,*,#887,.F.);
#1145=ORIENTED_EDGE('',*,*,#884,.F.);
#1146=ORIENTED_EDGE('',*,*,#890,.F.);
#1147=ORIENTED_EDGE('',*,*,#891,.F.);
#1148=ORIENTED_EDGE('',*,*,#892,.F.);
#1149=ORIENTED_EDGE('',*,*,#893,.F.);
#1150=ORIENTED_EDGE('',*,*,#894,.T.);
#1151=ORIENTED_EDGE('',*,*,#895,.T.);
#1152=ORIENTED_EDGE('',*,*,#896,.T.);
#1153=ORIENTED_EDGE('',*,*,#892,.T.);
#1154=ORIENTED_EDGE('',*,*,#897,.T.);
#1155=ORIENTED_EDGE('',*,*,#898,.T.);
#1156=ORIENTED_EDGE('',*,*,#899,.T.);
#1157=ORIENTED_EDGE('',*,*,#900,.T.);
#1158=ORIENTED_EDGE('',*,*,#898,.F.);
#1159=ORIENTED_EDGE('',*,*,#901,.F.);
#1160=ORIENTED_EDGE('',*,*,#902,.F.);
#1161=ORIENTED_EDGE('',*,*,#903,.T.);
#1162=ORIENTED_EDGE('',*,*,#897,.F.);
#1163=ORIENTED_EDGE('',*,*,#904,.T.);
#1164=ORIENTED_EDGE('',*,*,#905,.T.);
#1165=ORIENTED_EDGE('',*,*,#901,.T.);
#1166=ORIENTED_EDGE('',*,*,#886,.F.);
#1167=ORIENTED_EDGE('',*,*,#906,.F.);
#1168=ORIENTED_EDGE('',*,*,#907,.T.);
#1169=ORIENTED_EDGE('',*,*,#908,.F.);
#1170=ORIENTED_EDGE('',*,*,#909,.F.);
#1171=ORIENTED_EDGE('',*,*,#910,.F.);
#1172=ORIENTED_EDGE('',*,*,#911,.F.);
#1173=ORIENTED_EDGE('',*,*,#912,.T.);
#1174=ORIENTED_EDGE('',*,*,#913,.T.);
#1175=ORIENTED_EDGE('',*,*,#910,.T.);
#1176=ORIENTED_EDGE('',*,*,#914,.T.);
#1177=ORIENTED_EDGE('',*,*,#915,.T.);
#1178=ORIENTED_EDGE('',*,*,#916,.T.);
#1179=ORIENTED_EDGE('',*,*,#911,.T.);
#1180=ORIENTED_EDGE('',*,*,#917,.T.);
#1181=ORIENTED_EDGE('',*,*,#918,.F.);
#1182=ORIENTED_EDGE('',*,*,#919,.F.);
#1183=ORIENTED_EDGE('',*,*,#920,.F.);
#1184=ORIENTED_EDGE('',*,*,#921,.T.);
#1185=ORIENTED_EDGE('',*,*,#922,.T.);
#1186=ORIENTED_EDGE('',*,*,#919,.T.);
#1187=ORIENTED_EDGE('',*,*,#923,.T.);
#1188=ORIENTED_EDGE('',*,*,#909,.T.);
#1189=ORIENTED_EDGE('',*,*,#924,.T.);
#1190=ORIENTED_EDGE('',*,*,#920,.T.);
#1191=ORIENTED_EDGE('',*,*,#925,.T.);
#1192=ORIENTED_EDGE('',*,*,#926,.T.);
#1193=ORIENTED_EDGE('',*,*,#927,.T.);
#1194=ORIENTED_EDGE('',*,*,#918,.T.);
#1195=ORIENTED_EDGE('',*,*,#928,.T.);
#1196=ORIENTED_EDGE('',*,*,#914,.F.);
#1197=ORIENTED_EDGE('',*,*,#925,.F.);
#1198=ORIENTED_EDGE('',*,*,#922,.F.);
#1199=ORIENTED_EDGE('',*,*,#929,.T.);
#1200=ORIENTED_EDGE('',*,*,#930,.F.);
#1201=ORIENTED_EDGE('',*,*,#931,.F.);
#1202=ORIENTED_EDGE('',*,*,#932,.F.);
#1203=ORIENTED_EDGE('',*,*,#933,.F.);
#1204=ORIENTED_EDGE('',*,*,#934,.F.);
#1205=ORIENTED_EDGE('',*,*,#935,.F.);
#1206=ORIENTED_EDGE('',*,*,#936,.F.);
#1207=ORIENTED_EDGE('',*,*,#937,.T.);
#1208=ORIENTED_EDGE('',*,*,#938,.F.);
#1209=ORIENTED_EDGE('',*,*,#939,.F.);
#1210=ORIENTED_EDGE('',*,*,#940,.F.);
#1211=ORIENTED_EDGE('',*,*,#941,.F.);
#1212=ORIENTED_EDGE('',*,*,#942,.F.);
#1213=ORIENTED_EDGE('',*,*,#899,.F.);
#1214=ORIENTED_EDGE('',*,*,#903,.F.);
#1215=ORIENTED_EDGE('',*,*,#943,.F.);
#1216=ORIENTED_EDGE('',*,*,#944,.F.);
#1217=ORIENTED_EDGE('',*,*,#912,.F.);
#1218=ORIENTED_EDGE('',*,*,#929,.F.);
#1219=ORIENTED_EDGE('',*,*,#921,.F.);
#1220=ORIENTED_EDGE('',*,*,#945,.F.);
#1221=ORIENTED_EDGE('',*,*,#946,.F.);
#1222=ORIENTED_EDGE('',*,*,#947,.F.);
#1223=ORIENTED_EDGE('',*,*,#948,.F.);
#1224=ORIENTED_EDGE('',*,*,#949,.T.);
#1225=ORIENTED_EDGE('',*,*,#950,.F.);
#1226=ORIENTED_EDGE('',*,*,#951,.F.);
#1227=ORIENTED_EDGE('',*,*,#952,.F.);
#1228=ORIENTED_EDGE('',*,*,#953,.F.);
#1229=ORIENTED_EDGE('',*,*,#954,.F.);
#1230=ORIENTED_EDGE('',*,*,#955,.F.);
#1231=ORIENTED_EDGE('',*,*,#956,.F.);
#1232=ORIENTED_EDGE('',*,*,#957,.F.);
#1233=ORIENTED_EDGE('',*,*,#958,.F.);
#1234=ORIENTED_EDGE('',*,*,#959,.F.);
#1235=ORIENTED_EDGE('',*,*,#960,.F.);
#1236=ORIENTED_EDGE('',*,*,#961,.T.);
#1237=ORIENTED_EDGE('',*,*,#962,.F.);
#1238=ORIENTED_EDGE('',*,*,#963,.F.);
#1239=ORIENTED_EDGE('',*,*,#964,.F.);
#1240=ORIENTED_EDGE('',*,*,#965,.F.);
#1241=ORIENTED_EDGE('',*,*,#966,.F.);
#1242=ORIENTED_EDGE('',*,*,#967,.F.);
#1243=ORIENTED_EDGE('',*,*,#968,.F.);
#1244=ORIENTED_EDGE('',*,*,#969,.F.);
#1245=ORIENTED_EDGE('',*,*,#970,.F.);
#1246=ORIENTED_EDGE('',*,*,#971,.F.);
#1247=ORIENTED_EDGE('',*,*,#906,.T.);
#1248=ORIENTED_EDGE('',*,*,#885,.F.);
#1249=ORIENTED_EDGE('',*,*,#893,.T.);
#1250=ORIENTED_EDGE('',*,*,#896,.F.);
#1251=ORIENTED_EDGE('',*,*,#972,.F.);
#1252=ORIENTED_EDGE('',*,*,#973,.F.);
#1253=ORIENTED_EDGE('',*,*,#974,.F.);
#1254=ORIENTED_EDGE('',*,*,#923,.F.);
#1255=ORIENTED_EDGE('',*,*,#927,.F.);
#1256=ORIENTED_EDGE('',*,*,#975,.F.);
#1257=ORIENTED_EDGE('',*,*,#945,.T.);
#1258=ORIENTED_EDGE('',*,*,#976,.F.);
#1259=ORIENTED_EDGE('',*,*,#977,.F.);
#1260=ORIENTED_EDGE('',*,*,#978,.F.);
#1261=ORIENTED_EDGE('',*,*,#954,.T.);
#1262=ORIENTED_EDGE('',*,*,#979,.T.);
#1263=ORIENTED_EDGE('',*,*,#977,.T.);
#1264=ORIENTED_EDGE('',*,*,#980,.T.);
#1265=ORIENTED_EDGE('',*,*,#981,.T.);
#1266=ORIENTED_EDGE('',*,*,#982,.T.);
#1267=ORIENTED_EDGE('',*,*,#978,.T.);
#1268=ORIENTED_EDGE('',*,*,#983,.T.);
#1269=ORIENTED_EDGE('',*,*,#984,.F.);
#1270=ORIENTED_EDGE('',*,*,#985,.F.);
#1271=ORIENTED_EDGE('',*,*,#986,.F.);
#1272=ORIENTED_EDGE('',*,*,#956,.T.);
#1273=ORIENTED_EDGE('',*,*,#987,.T.);
#1274=ORIENTED_EDGE('',*,*,#985,.T.);
#1275=ORIENTED_EDGE('',*,*,#988,.T.);
#1276=ORIENTED_EDGE('',*,*,#976,.T.);
#1277=ORIENTED_EDGE('',*,*,#989,.T.);
#1278=ORIENTED_EDGE('',*,*,#986,.T.);
#1279=ORIENTED_EDGE('',*,*,#990,.T.);
#1280=ORIENTED_EDGE('',*,*,#991,.T.);
#1281=ORIENTED_EDGE('',*,*,#992,.T.);
#1282=ORIENTED_EDGE('',*,*,#984,.T.);
#1283=ORIENTED_EDGE('',*,*,#993,.T.);
#1284=ORIENTED_EDGE('',*,*,#980,.F.);
#1285=ORIENTED_EDGE('',*,*,#990,.F.);
#1286=ORIENTED_EDGE('',*,*,#987,.F.);
#1287=ORIENTED_EDGE('',*,*,#955,.T.);
#1288=ORIENTED_EDGE('',*,*,#988,.F.);
#1289=ORIENTED_EDGE('',*,*,#992,.F.);
#1290=ORIENTED_EDGE('',*,*,#994,.F.);
#1291=ORIENTED_EDGE('',*,*,#957,.T.);
#1292=ORIENTED_EDGE('',*,*,#995,.F.);
#1293=ORIENTED_EDGE('',*,*,#996,.F.);
#1294=ORIENTED_EDGE('',*,*,#997,.F.);
#1295=ORIENTED_EDGE('',*,*,#966,.T.);
#1296=ORIENTED_EDGE('',*,*,#998,.T.);
#1297=ORIENTED_EDGE('',*,*,#996,.T.);
#1298=ORIENTED_EDGE('',*,*,#999,.T.);
#1299=ORIENTED_EDGE('',*,*,#1000,.T.);
#1300=ORIENTED_EDGE('',*,*,#1001,.T.);
#1301=ORIENTED_EDGE('',*,*,#997,.T.);
#1302=ORIENTED_EDGE('',*,*,#1002,.T.);
#1303=ORIENTED_EDGE('',*,*,#1003,.F.);
#1304=ORIENTED_EDGE('',*,*,#1004,.F.);
#1305=ORIENTED_EDGE('',*,*,#1005,.F.);
#1306=ORIENTED_EDGE('',*,*,#968,.T.);
#1307=ORIENTED_EDGE('',*,*,#1006,.T.);
#1308=ORIENTED_EDGE('',*,*,#1004,.T.);
#1309=ORIENTED_EDGE('',*,*,#1007,.T.);
#1310=ORIENTED_EDGE('',*,*,#995,.T.);
#1311=ORIENTED_EDGE('',*,*,#1008,.T.);
#1312=ORIENTED_EDGE('',*,*,#1005,.T.);
#1313=ORIENTED_EDGE('',*,*,#1009,.T.);
#1314=ORIENTED_EDGE('',*,*,#1010,.T.);
#1315=ORIENTED_EDGE('',*,*,#1011,.T.);
#1316=ORIENTED_EDGE('',*,*,#1003,.T.);
#1317=ORIENTED_EDGE('',*,*,#1012,.T.);
#1318=ORIENTED_EDGE('',*,*,#999,.F.);
#1319=ORIENTED_EDGE('',*,*,#1009,.F.);
#1320=ORIENTED_EDGE('',*,*,#1006,.F.);
#1321=ORIENTED_EDGE('',*,*,#967,.T.);
#1322=ORIENTED_EDGE('',*,*,#1007,.F.);
#1323=ORIENTED_EDGE('',*,*,#1011,.F.);
#1324=ORIENTED_EDGE('',*,*,#1013,.F.);
#1325=ORIENTED_EDGE('',*,*,#969,.T.);
#1326=ORIENTED_EDGE('',*,*,#998,.F.);
#1327=ORIENTED_EDGE('',*,*,#965,.T.);
#1328=ORIENTED_EDGE('',*,*,#1014,.F.);
#1329=ORIENTED_EDGE('',*,*,#1002,.F.);
#1330=ORIENTED_EDGE('',*,*,#1013,.T.);
#1331=ORIENTED_EDGE('',*,*,#1015,.F.);
#1332=ORIENTED_EDGE('',*,*,#1016,.F.);
#1333=ORIENTED_EDGE('',*,*,#970,.T.);
#1334=ORIENTED_EDGE('',*,*,#1017,.T.);
#1335=ORIENTED_EDGE('',*,*,#1018,.T.);
#1336=ORIENTED_EDGE('',*,*,#1015,.T.);
#1337=ORIENTED_EDGE('',*,*,#1010,.F.);
#1338=ORIENTED_EDGE('',*,*,#979,.F.);
#1339=ORIENTED_EDGE('',*,*,#953,.T.);
#1340=ORIENTED_EDGE('',*,*,#1019,.F.);
#1341=ORIENTED_EDGE('',*,*,#983,.F.);
#1342=ORIENTED_EDGE('',*,*,#994,.T.);
#1343=ORIENTED_EDGE('',*,*,#1020,.F.);
#1344=ORIENTED_EDGE('',*,*,#1021,.F.);
#1345=ORIENTED_EDGE('',*,*,#958,.T.);
#1346=ORIENTED_EDGE('',*,*,#1022,.T.);
#1347=ORIENTED_EDGE('',*,*,#1023,.T.);
#1348=ORIENTED_EDGE('',*,*,#1020,.T.);
#1349=ORIENTED_EDGE('',*,*,#991,.F.);
#1350=ORIENTED_EDGE('',*,*,#913,.F.);
#1351=ORIENTED_EDGE('',*,*,#944,.T.);
#1352=ORIENTED_EDGE('',*,*,#1024,.F.);
#1353=ORIENTED_EDGE('',*,*,#917,.F.);
#1354=ORIENTED_EDGE('',*,*,#975,.T.);
#1355=ORIENTED_EDGE('',*,*,#1025,.F.);
#1356=ORIENTED_EDGE('',*,*,#1026,.F.);
#1357=ORIENTED_EDGE('',*,*,#946,.T.);
#1358=ORIENTED_EDGE('',*,*,#1027,.T.);
#1359=ORIENTED_EDGE('',*,*,#1028,.T.);
#1360=ORIENTED_EDGE('',*,*,#1025,.T.);
#1361=ORIENTED_EDGE('',*,*,#926,.F.);
#1362=ORIENTED_EDGE('',*,*,#948,.T.);
#1363=ORIENTED_EDGE('',*,*,#1029,.T.);
#1364=ORIENTED_EDGE('',*,*,#1030,.T.);
#1365=ORIENTED_EDGE('',*,*,#1031,.T.);
#1366=ORIENTED_EDGE('',*,*,#1031,.F.);
#1367=ORIENTED_EDGE('',*,*,#1032,.F.);
#1368=ORIENTED_EDGE('',*,*,#1033,.F.);
#1369=ORIENTED_EDGE('',*,*,#949,.F.);
#1370=ORIENTED_EDGE('',*,*,#1034,.T.);
#1371=ORIENTED_EDGE('',*,*,#1035,.T.);
#1372=ORIENTED_EDGE('',*,*,#950,.T.);
#1373=ORIENTED_EDGE('',*,*,#1033,.T.);
#1374=ORIENTED_EDGE('',*,*,#960,.T.);
#1375=ORIENTED_EDGE('',*,*,#1036,.T.);
#1376=ORIENTED_EDGE('',*,*,#1037,.T.);
#1377=ORIENTED_EDGE('',*,*,#1038,.T.);
#1378=ORIENTED_EDGE('',*,*,#1036,.F.);
#1379=ORIENTED_EDGE('',*,*,#959,.T.);
#1380=ORIENTED_EDGE('',*,*,#1021,.T.);
#1381=ORIENTED_EDGE('',*,*,#1039,.F.);
#1382=ORIENTED_EDGE('',*,*,#1040,.T.);
#1383=ORIENTED_EDGE('',*,*,#1041,.T.);
#1384=ORIENTED_EDGE('',*,*,#962,.T.);
#1385=ORIENTED_EDGE('',*,*,#1042,.T.);
#1386=ORIENTED_EDGE('',*,*,#1041,.F.);
#1387=ORIENTED_EDGE('',*,*,#1043,.F.);
#1388=ORIENTED_EDGE('',*,*,#1044,.F.);
#1389=ORIENTED_EDGE('',*,*,#963,.T.);
#1390=ORIENTED_EDGE('',*,*,#1045,.T.);
#1391=ORIENTED_EDGE('',*,*,#1046,.T.);
#1392=ORIENTED_EDGE('',*,*,#942,.T.);
#1393=ORIENTED_EDGE('',*,*,#1047,.T.);
#1394=ORIENTED_EDGE('',*,*,#1048,.F.);
#1395=ORIENTED_EDGE('',*,*,#1049,.F.);
#1396=ORIENTED_EDGE('',*,*,#1050,.F.);
#1397=ORIENTED_EDGE('',*,*,#1038,.F.);
#1398=ORIENTED_EDGE('',*,*,#1051,.F.);
#1399=ORIENTED_EDGE('',*,*,#1042,.F.);
#1400=ORIENTED_EDGE('',*,*,#961,.F.);
#1401=ORIENTED_EDGE('',*,*,#1049,.T.);
#1402=ORIENTED_EDGE('',*,*,#1052,.T.);
#1403=ORIENTED_EDGE('',*,*,#1053,.T.);
#1404=ORIENTED_EDGE('',*,*,#1029,.F.);
#1405=ORIENTED_EDGE('',*,*,#947,.T.);
#1406=ORIENTED_EDGE('',*,*,#1026,.T.);
#1407=ORIENTED_EDGE('',*,*,#1054,.F.);
#1408=ORIENTED_EDGE('',*,*,#1030,.F.);
#1409=ORIENTED_EDGE('',*,*,#1054,.T.);
#1410=ORIENTED_EDGE('',*,*,#1028,.F.);
#1411=ORIENTED_EDGE('',*,*,#1055,.T.);
#1412=ORIENTED_EDGE('',*,*,#1037,.F.);
#1413=ORIENTED_EDGE('',*,*,#1039,.T.);
#1414=ORIENTED_EDGE('',*,*,#1023,.F.);
#1415=ORIENTED_EDGE('',*,*,#1056,.T.);
#1416=ORIENTED_EDGE('',*,*,#1057,.T.);
#1417=ORIENTED_EDGE('',*,*,#1058,.T.);
#1418=ORIENTED_EDGE('',*,*,#1059,.T.);
#1419=ORIENTED_EDGE('',*,*,#1060,.T.);
#1420=ORIENTED_EDGE('',*,*,#1058,.F.);
#1421=ORIENTED_EDGE('',*,*,#1061,.T.);
#1422=ORIENTED_EDGE('',*,*,#1062,.T.);
#1423=ORIENTED_EDGE('',*,*,#1063,.F.);
#1424=ORIENTED_EDGE('',*,*,#1064,.F.);
#1425=ORIENTED_EDGE('',*,*,#1017,.F.);
#1426=ORIENTED_EDGE('',*,*,#1012,.F.);
#1427=ORIENTED_EDGE('',*,*,#1008,.F.);
#1428=ORIENTED_EDGE('',*,*,#1001,.F.);
#1429=ORIENTED_EDGE('',*,*,#1065,.F.);
#1430=ORIENTED_EDGE('',*,*,#1066,.F.);
#1431=ORIENTED_EDGE('',*,*,#1051,.T.);
#1432=ORIENTED_EDGE('',*,*,#1056,.F.);
#1433=ORIENTED_EDGE('',*,*,#1022,.F.);
#1434=ORIENTED_EDGE('',*,*,#993,.F.);
#1435=ORIENTED_EDGE('',*,*,#989,.F.);
#1436=ORIENTED_EDGE('',*,*,#982,.F.);
#1437=ORIENTED_EDGE('',*,*,#1067,.F.);
#1438=ORIENTED_EDGE('',*,*,#1068,.F.);
#1439=ORIENTED_EDGE('',*,*,#1032,.T.);
#1440=ORIENTED_EDGE('',*,*,#1055,.F.);
#1441=ORIENTED_EDGE('',*,*,#1027,.F.);
#1442=ORIENTED_EDGE('',*,*,#928,.F.);
#1443=ORIENTED_EDGE('',*,*,#924,.F.);
#1444=ORIENTED_EDGE('',*,*,#916,.F.);
#1445=ORIENTED_EDGE('',*,*,#1069,.F.);
#1446=ORIENTED_EDGE('',*,*,#904,.F.);
#1447=ORIENTED_EDGE('',*,*,#1070,.T.);
#1448=ORIENTED_EDGE('',*,*,#894,.F.);
#1449=ORIENTED_EDGE('',*,*,#1071,.F.);
#1450=ORIENTED_EDGE('',*,*,#1050,.T.);
#1451=ORIENTED_EDGE('',*,*,#1053,.F.);
#1452=ORIENTED_EDGE('',*,*,#1072,.F.);
#1453=ORIENTED_EDGE('',*,*,#1073,.F.);
#1454=ORIENTED_EDGE('',*,*,#1074,.F.);
#1455=ORIENTED_EDGE('',*,*,#1075,.F.);
#1456=ORIENTED_EDGE('',*,*,#1076,.F.);
#1457=ORIENTED_EDGE('',*,*,#1077,.F.);
#1458=ORIENTED_EDGE('',*,*,#1078,.F.);
#1459=ORIENTED_EDGE('',*,*,#1062,.F.);
#1460=ORIENTED_EDGE('',*,*,#1079,.F.);
#1461=ORIENTED_EDGE('',*,*,#1080,.F.);
#1462=ORIENTED_EDGE('',*,*,#1081,.F.);
#1463=ORIENTED_EDGE('',*,*,#889,.F.);
#1464=ORIENTED_EDGE('',*,*,#1082,.F.);
#1465=ORIENTED_EDGE('',*,*,#1059,.F.);
#1466=ORIENTED_EDGE('',*,*,#1060,.F.);
#1467=ORIENTED_EDGE('',*,*,#1083,.T.);
#1468=ORIENTED_EDGE('',*,*,#1084,.T.);
#1469=ORIENTED_EDGE('',*,*,#1083,.F.);
#1470=ORIENTED_EDGE('',*,*,#1082,.T.);
#1471=ORIENTED_EDGE('',*,*,#1085,.T.);
#1472=ORIENTED_EDGE('',*,*,#1086,.T.);
#1473=ORIENTED_EDGE('',*,*,#1085,.F.);
#1474=ORIENTED_EDGE('',*,*,#1086,.F.);
#1475=ORIENTED_EDGE('',*,*,#1087,.T.);
#1476=ORIENTED_EDGE('',*,*,#1088,.T.);
#1477=ORIENTED_EDGE('',*,*,#1087,.F.);
#1478=ORIENTED_EDGE('',*,*,#1034,.F.);
#1479=ORIENTED_EDGE('',*,*,#1068,.T.);
#1480=ORIENTED_EDGE('',*,*,#1089,.T.);
#1481=ORIENTED_EDGE('',*,*,#1090,.T.);
#1482=ORIENTED_EDGE('',*,*,#1091,.T.);
#1483=ORIENTED_EDGE('',*,*,#1089,.F.);
#1484=ORIENTED_EDGE('',*,*,#1067,.T.);
#1485=ORIENTED_EDGE('',*,*,#981,.F.);
#1486=ORIENTED_EDGE('',*,*,#1019,.T.);
#1487=ORIENTED_EDGE('',*,*,#952,.T.);
#1488=ORIENTED_EDGE('',*,*,#1092,.T.);
#1489=ORIENTED_EDGE('',*,*,#1091,.F.);
#1490=ORIENTED_EDGE('',*,*,#1093,.T.);
#1491=ORIENTED_EDGE('',*,*,#905,.F.);
#1492=ORIENTED_EDGE('',*,*,#1069,.T.);
#1493=ORIENTED_EDGE('',*,*,#915,.F.);
#1494=ORIENTED_EDGE('',*,*,#1024,.T.);
#1495=ORIENTED_EDGE('',*,*,#943,.T.);
#1496=ORIENTED_EDGE('',*,*,#902,.T.);
#1497=ORIENTED_EDGE('',*,*,#1093,.F.);
#1498=ORIENTED_EDGE('',*,*,#1064,.T.);
#1499=ORIENTED_EDGE('',*,*,#1094,.T.);
#1500=ORIENTED_EDGE('',*,*,#1095,.T.);
#1501=ORIENTED_EDGE('',*,*,#1018,.F.);
#1502=ORIENTED_EDGE('',*,*,#888,.F.);
#1503=ORIENTED_EDGE('',*,*,#908,.T.);
#1504=ORIENTED_EDGE('',*,*,#1094,.F.);
#1505=ORIENTED_EDGE('',*,*,#1063,.T.);
#1506=ORIENTED_EDGE('',*,*,#1040,.F.);
#1507=ORIENTED_EDGE('',*,*,#1066,.T.);
#1508=ORIENTED_EDGE('',*,*,#1096,.T.);
#1509=ORIENTED_EDGE('',*,*,#1043,.T.);
#1510=ORIENTED_EDGE('',*,*,#1097,.T.);
#1511=ORIENTED_EDGE('',*,*,#1096,.F.);
#1512=ORIENTED_EDGE('',*,*,#1065,.T.);
#1513=ORIENTED_EDGE('',*,*,#1000,.F.);
#1514=ORIENTED_EDGE('',*,*,#1014,.T.);
#1515=ORIENTED_EDGE('',*,*,#964,.T.);
#1516=ORIENTED_EDGE('',*,*,#1044,.T.);
#1517=ORIENTED_EDGE('',*,*,#1097,.F.);
#1518=ORIENTED_EDGE('',*,*,#1095,.F.);
#1519=ORIENTED_EDGE('',*,*,#907,.F.);
#1520=ORIENTED_EDGE('',*,*,#971,.T.);
#1521=ORIENTED_EDGE('',*,*,#1016,.T.);
#1522=ORIENTED_EDGE('',*,*,#1098,.T.);
#1523=ORIENTED_EDGE('',*,*,#1099,.T.);
#1524=ORIENTED_EDGE('',*,*,#1074,.T.);
#1525=ORIENTED_EDGE('',*,*,#1100,.T.);
#1526=ORIENTED_EDGE('',*,*,#1073,.T.);
#1527=ORIENTED_EDGE('',*,*,#1101,.T.);
#1528=ORIENTED_EDGE('',*,*,#1102,.T.);
#1529=ORIENTED_EDGE('',*,*,#1100,.F.);
#1530=ORIENTED_EDGE('',*,*,#1071,.T.);
#1531=ORIENTED_EDGE('',*,*,#891,.T.);
#1532=ORIENTED_EDGE('',*,*,#1081,.T.);
#1533=ORIENTED_EDGE('',*,*,#1103,.T.);
#1534=ORIENTED_EDGE('',*,*,#1104,.T.);
#1535=ORIENTED_EDGE('',*,*,#1045,.F.);
#1536=ORIENTED_EDGE('',*,*,#1072,.T.);
#1537=ORIENTED_EDGE('',*,*,#1052,.F.);
#1538=ORIENTED_EDGE('',*,*,#1048,.T.);
#1539=ORIENTED_EDGE('',*,*,#1101,.F.);
#1540=ORIENTED_EDGE('',*,*,#1105,.T.);
#1541=ORIENTED_EDGE('',*,*,#1075,.T.);
#1542=ORIENTED_EDGE('',*,*,#1106,.T.);
#1543=ORIENTED_EDGE('',*,*,#1107,.T.);
#1544=ORIENTED_EDGE('',*,*,#1108,.T.);
#1545=ORIENTED_EDGE('',*,*,#1076,.T.);
#1546=ORIENTED_EDGE('',*,*,#1105,.F.);
#1547=ORIENTED_EDGE('',*,*,#1109,.T.);
#1548=ORIENTED_EDGE('',*,*,#1110,.T.);
#1549=ORIENTED_EDGE('',*,*,#1077,.T.);
#1550=ORIENTED_EDGE('',*,*,#1108,.F.);
#1551=ORIENTED_EDGE('',*,*,#1111,.T.);
#1552=ORIENTED_EDGE('',*,*,#1106,.F.);
#1553=ORIENTED_EDGE('',*,*,#1099,.F.);
#1554=ORIENTED_EDGE('',*,*,#1112,.T.);
#1555=ORIENTED_EDGE('',*,*,#1057,.F.);
#1556=ORIENTED_EDGE('',*,*,#1078,.T.);
#1557=ORIENTED_EDGE('',*,*,#1113,.T.);
#1558=ORIENTED_EDGE('',*,*,#1114,.T.);
#1559=ORIENTED_EDGE('',*,*,#1115,.T.);
#1560=ORIENTED_EDGE('',*,*,#1079,.T.);
#1561=ORIENTED_EDGE('',*,*,#1061,.F.);
#1562=ORIENTED_EDGE('',*,*,#1113,.F.);
#1563=ORIENTED_EDGE('',*,*,#1110,.F.);
#1564=ORIENTED_EDGE('',*,*,#1116,.T.);
#1565=ORIENTED_EDGE('',*,*,#1117,.T.);
#1566=ORIENTED_EDGE('',*,*,#1080,.T.);
#1567=ORIENTED_EDGE('',*,*,#1118,.T.);
#1568=ORIENTED_EDGE('',*,*,#1119,.T.);
#1569=ORIENTED_EDGE('',*,*,#1118,.F.);
#1570=ORIENTED_EDGE('',*,*,#1115,.F.);
#1571=ORIENTED_EDGE('',*,*,#1120,.T.);
#1572=ORIENTED_EDGE('',*,*,#1103,.F.);
#1573=ORIENTED_EDGE('',*,*,#1117,.F.);
#1574=ORIENTED_EDGE('',*,*,#1121,.T.);
#1575=ORIENTED_EDGE('',*,*,#1098,.F.);
#1576=ORIENTED_EDGE('',*,*,#1122,.F.);
#1577=ORIENTED_EDGE('',*,*,#940,.T.);
#1578=ORIENTED_EDGE('',*,*,#1123,.T.);
#1579=ORIENTED_EDGE('',*,*,#1102,.F.);
#1580=ORIENTED_EDGE('',*,*,#1047,.F.);
#1581=ORIENTED_EDGE('',*,*,#941,.T.);
#1582=ORIENTED_EDGE('',*,*,#1122,.T.);
#1583=ORIENTED_EDGE('',*,*,#895,.F.);
#1584=ORIENTED_EDGE('',*,*,#1070,.F.);
#1585=ORIENTED_EDGE('',*,*,#900,.F.);
#1586=ORIENTED_EDGE('',*,*,#972,.T.);
#1587=ORIENTED_EDGE('',*,*,#1104,.F.);
#1588=ORIENTED_EDGE('',*,*,#1124,.F.);
#1589=ORIENTED_EDGE('',*,*,#930,.T.);
#1590=ORIENTED_EDGE('',*,*,#1046,.F.);
#1591=ORIENTED_EDGE('',*,*,#1121,.F.);
#1592=ORIENTED_EDGE('',*,*,#1125,.F.);
#1593=ORIENTED_EDGE('',*,*,#931,.T.);
#1594=ORIENTED_EDGE('',*,*,#1124,.T.);
#1595=ORIENTED_EDGE('',*,*,#1119,.F.);
#1596=ORIENTED_EDGE('',*,*,#1126,.F.);
#1597=ORIENTED_EDGE('',*,*,#932,.T.);
#1598=ORIENTED_EDGE('',*,*,#1125,.T.);
#1599=ORIENTED_EDGE('',*,*,#1084,.F.);
#1600=ORIENTED_EDGE('',*,*,#1127,.F.);
#1601=ORIENTED_EDGE('',*,*,#1088,.F.);
#1602=ORIENTED_EDGE('',*,*,#1128,.F.);
#1603=ORIENTED_EDGE('',*,*,#1127,.T.);
#1604=ORIENTED_EDGE('',*,*,#1129,.T.);
#1605=ORIENTED_EDGE('',*,*,#973,.T.);
#1606=ORIENTED_EDGE('',*,*,#1129,.F.);
#1607=ORIENTED_EDGE('',*,*,#1128,.T.);
#1608=ORIENTED_EDGE('',*,*,#1130,.T.);
#1609=ORIENTED_EDGE('',*,*,#974,.T.);
#1610=ORIENTED_EDGE('',*,*,#1130,.F.);
#1611=ORIENTED_EDGE('',*,*,#1035,.F.);
#1612=ORIENTED_EDGE('',*,*,#1090,.F.);
#1613=ORIENTED_EDGE('',*,*,#1092,.F.);
#1614=ORIENTED_EDGE('',*,*,#951,.T.);
#1615=ORIENTED_EDGE('',*,*,#1120,.F.);
#1616=ORIENTED_EDGE('',*,*,#1131,.F.);
#1617=ORIENTED_EDGE('',*,*,#933,.T.);
#1618=ORIENTED_EDGE('',*,*,#1126,.T.);
#1619=ORIENTED_EDGE('',*,*,#1114,.F.);
#1620=ORIENTED_EDGE('',*,*,#1132,.F.);
#1621=ORIENTED_EDGE('',*,*,#934,.T.);
#1622=ORIENTED_EDGE('',*,*,#1131,.T.);
#1623=ORIENTED_EDGE('',*,*,#1116,.F.);
#1624=ORIENTED_EDGE('',*,*,#1133,.F.);
#1625=ORIENTED_EDGE('',*,*,#935,.T.);
#1626=ORIENTED_EDGE('',*,*,#1132,.T.);
#1627=ORIENTED_EDGE('',*,*,#1111,.F.);
#1628=ORIENTED_EDGE('',*,*,#1134,.F.);
#1629=ORIENTED_EDGE('',*,*,#936,.T.);
#1630=ORIENTED_EDGE('',*,*,#1133,.T.);
#1631=ORIENTED_EDGE('',*,*,#1109,.F.);
#1632=ORIENTED_EDGE('',*,*,#1135,.F.);
#1633=ORIENTED_EDGE('',*,*,#937,.F.);
#1634=ORIENTED_EDGE('',*,*,#1134,.T.);
#1635=ORIENTED_EDGE('',*,*,#1107,.F.);
#1636=ORIENTED_EDGE('',*,*,#1136,.F.);
#1637=ORIENTED_EDGE('',*,*,#938,.T.);
#1638=ORIENTED_EDGE('',*,*,#1135,.T.);
#1639=ORIENTED_EDGE('',*,*,#1112,.F.);
#1640=ORIENTED_EDGE('',*,*,#1123,.F.);
#1641=ORIENTED_EDGE('',*,*,#939,.T.);
#1642=ORIENTED_EDGE('',*,*,#1136,.T.);
#1643=PLANE('',#1850);
#1644=PLANE('',#1851);
#1645=PLANE('',#1852);
#1646=PLANE('',#1853);
#1647=PLANE('',#1854);
#1648=PLANE('',#1855);
#1649=PLANE('',#1856);
#1650=PLANE('',#1857);
#1651=PLANE('',#1858);
#1652=PLANE('',#1859);
#1653=PLANE('',#1860);
#1654=PLANE('',#1861);
#1655=PLANE('',#1862);
#1656=PLANE('',#1863);
#1657=PLANE('',#1864);
#1658=PLANE('',#1865);
#1659=PLANE('',#1866);
#1660=PLANE('',#1874);
#1661=PLANE('',#1875);
#1662=PLANE('',#1876);
#1663=PLANE('',#1877);
#1664=PLANE('',#1878);
#1665=PLANE('',#1879);
#1666=PLANE('',#1880);
#1667=PLANE('',#1881);
#1668=PLANE('',#1882);
#1669=PLANE('',#1883);
#1670=PLANE('',#1884);
#1671=PLANE('',#1885);
#1672=PLANE('',#1886);
#1673=PLANE('',#1887);
#1674=PLANE('',#1888);
#1675=PLANE('',#1889);
#1676=PLANE('',#1890);
#1677=PLANE('',#1891);
#1678=PLANE('',#1892);
#1679=PLANE('',#1893);
#1680=PLANE('',#1894);
#1681=PLANE('',#1895);
#1682=PLANE('',#1896);
#1683=PLANE('',#1897);
#1684=PLANE('',#1898);
#1685=PLANE('',#1899);
#1686=PLANE('',#1900);
#1687=PLANE('',#1901);
#1688=PLANE('',#1902);
#1689=PLANE('',#1903);
#1690=PLANE('',#1904);
#1691=PLANE('',#1905);
#1692=PLANE('',#1906);
#1693=PLANE('',#1907);
#1694=PLANE('',#1908);
#1695=PLANE('',#1909);
#1696=PLANE('',#1910);
#1697=PLANE('',#1913);
#1698=PLANE('',#1914);
#1699=PLANE('',#1915);
#1700=PLANE('',#1920);
#1701=PLANE('',#1929);
#1702=PLANE('',#1930);
#1703=PLANE('',#1931);
#1704=PLANE('',#1932);
#1705=PLANE('',#1933);
#1706=PLANE('',#1934);
#1707=PLANE('',#1935);
#1708=PLANE('',#1936);
#1709=PLANE('',#1937);
#1710=PLANE('',#1938);
#1711=PLANE('',#1939);
#1712=PLANE('',#1940);
#1713=PLANE('',#1941);
#1714=PLANE('',#1942);
#1715=PLANE('',#1943);
#1716=PLANE('',#1944);
#1717=PLANE('',#1947);
#1718=PLANE('',#1950);
#1719=PLANE('',#1953);
#1720=PLANE('',#1958);
#1721=PLANE('',#1959);
#1722=PLANE('',#1960);
#1723=PLANE('',#1961);
#1724=PLANE('',#1963);
#1725=PLANE('',#1964);
#1726=PLANE('',#1966);
#1727=PLANE('',#1970);
#1728=PLANE('',#1972);
#1729=PLANE('',#1974);
#1730=PLANE('',#1976);
#1731=ADVANCED_FACE('',(#64),#1643,.T.);
#1732=ADVANCED_FACE('',(#65),#1644,.T.);
#1733=ADVANCED_FACE('',(#66),#1645,.T.);
#1734=ADVANCED_FACE('',(#67),#1646,.T.);
#1735=ADVANCED_FACE('',(#68),#1647,.T.);
#1736=ADVANCED_FACE('',(#69),#1648,.T.);
#1737=ADVANCED_FACE('',(#70),#1649,.T.);
#1738=ADVANCED_FACE('',(#71),#1650,.T.);
#1739=ADVANCED_FACE('',(#72),#1651,.T.);
#1740=ADVANCED_FACE('',(#73),#1652,.T.);
#1741=ADVANCED_FACE('',(#74),#1653,.T.);
#1742=ADVANCED_FACE('',(#75),#1654,.T.);
#1743=ADVANCED_FACE('',(#76),#1655,.T.);
#1744=ADVANCED_FACE('',(#77),#1656,.T.);
#1745=ADVANCED_FACE('',(#78),#1657,.T.);
#1746=ADVANCED_FACE('',(#79),#1658,.T.);
#1747=ADVANCED_FACE('',(#80,#35,#36,#37),#1659,.F.);
#1748=ADVANCED_FACE('',(#81),#1660,.T.);
#1749=ADVANCED_FACE('',(#82),#1661,.T.);
#1750=ADVANCED_FACE('',(#83),#1662,.T.);
#1751=ADVANCED_FACE('',(#84),#1663,.T.);
#1752=ADVANCED_FACE('',(#85),#1664,.T.);
#1753=ADVANCED_FACE('',(#86),#1665,.T.);
#1754=ADVANCED_FACE('',(#87),#1666,.T.);
#1755=ADVANCED_FACE('',(#88),#1667,.T.);
#1756=ADVANCED_FACE('',(#89),#1668,.T.);
#1757=ADVANCED_FACE('',(#90),#1669,.T.);
#1758=ADVANCED_FACE('',(#91),#1670,.T.);
#1759=ADVANCED_FACE('',(#92),#1671,.T.);
#1760=ADVANCED_FACE('',(#93),#1672,.T.);
#1761=ADVANCED_FACE('',(#94),#1673,.T.);
#1762=ADVANCED_FACE('',(#95),#1674,.T.);
#1763=ADVANCED_FACE('',(#96),#1675,.T.);
#1764=ADVANCED_FACE('',(#97),#1676,.T.);
#1765=ADVANCED_FACE('',(#98),#1677,.T.);
#1766=ADVANCED_FACE('',(#99),#1678,.T.);
#1767=ADVANCED_FACE('',(#100),#1679,.T.);
#1768=ADVANCED_FACE('',(#101),#1680,.T.);
#1769=ADVANCED_FACE('',(#102),#1681,.T.);
#1770=ADVANCED_FACE('',(#103),#1682,.T.);
#1771=ADVANCED_FACE('',(#104),#1683,.T.);
#1772=ADVANCED_FACE('',(#105),#1684,.T.);
#1773=ADVANCED_FACE('',(#106),#1685,.T.);
#1774=ADVANCED_FACE('',(#107),#1686,.T.);
#1775=ADVANCED_FACE('',(#108),#1687,.T.);
#1776=ADVANCED_FACE('',(#109),#1688,.T.);
#1777=ADVANCED_FACE('',(#110),#1689,.F.);
#1778=ADVANCED_FACE('',(#111),#1690,.T.);
#1779=ADVANCED_FACE('',(#112),#1691,.T.);
#1780=ADVANCED_FACE('',(#113),#1692,.T.);
#1781=ADVANCED_FACE('',(#114),#1693,.T.);
#1782=ADVANCED_FACE('',(#115),#1694,.T.);
#1783=ADVANCED_FACE('',(#116),#1695,.T.);
#1784=ADVANCED_FACE('',(#117),#1696,.F.);
#1785=ADVANCED_FACE('',(#118),#24,.F.);
#1786=ADVANCED_FACE('',(#119),#1697,.T.);
#1787=ADVANCED_FACE('',(#120),#1698,.T.);
#1788=ADVANCED_FACE('',(#121),#1699,.T.);
#1789=ADVANCED_FACE('',(#122),#25,.F.);
#1790=ADVANCED_FACE('',(#123,#38),#1700,.T.);
#1791=ADVANCED_FACE('',(#124),#15,.F.);
#1792=ADVANCED_FACE('',(#125),#26,.F.);
#1793=ADVANCED_FACE('',(#126),#16,.F.);
#1794=ADVANCED_FACE('',(#127),#1701,.T.);
#1795=ADVANCED_FACE('',(#128),#1702,.T.);
#1796=ADVANCED_FACE('',(#129),#1703,.T.);
#1797=ADVANCED_FACE('',(#130),#1704,.T.);
#1798=ADVANCED_FACE('',(#131),#1705,.T.);
#1799=ADVANCED_FACE('',(#132),#1706,.T.);
#1800=ADVANCED_FACE('',(#133),#1707,.T.);
#1801=ADVANCED_FACE('',(#134),#1708,.T.);
#1802=ADVANCED_FACE('',(#135),#1709,.T.);
#1803=ADVANCED_FACE('',(#136),#1710,.T.);
#1804=ADVANCED_FACE('',(#137),#1711,.T.);
#1805=ADVANCED_FACE('',(#138),#1712,.T.);
#1806=ADVANCED_FACE('',(#139),#1713,.T.);
#1807=ADVANCED_FACE('',(#140),#1714,.T.);
#1808=ADVANCED_FACE('',(#141),#1715,.T.);
#1809=ADVANCED_FACE('',(#142),#1716,.T.);
#1810=ADVANCED_FACE('',(#143),#27,.F.);
#1811=ADVANCED_FACE('',(#144),#1717,.T.);
#1812=ADVANCED_FACE('',(#145),#28,.T.);
#1813=ADVANCED_FACE('',(#146),#1718,.T.);
#1814=ADVANCED_FACE('',(#147),#29,.T.);
#1815=ADVANCED_FACE('',(#148),#1719,.T.);
#1816=ADVANCED_FACE('',(#149),#30,.T.);
#1817=ADVANCED_FACE('',(#150),#31,.T.);
#1818=ADVANCED_FACE('',(#151),#1720,.T.);
#1819=ADVANCED_FACE('',(#152),#1721,.T.);
#1820=ADVANCED_FACE('',(#153),#1722,.T.);
#1821=ADVANCED_FACE('',(#154),#1723,.T.);
#1822=ADVANCED_FACE('',(#155),#17,.T.);
#1823=ADVANCED_FACE('',(#156),#1724,.T.);
#1824=ADVANCED_FACE('',(#157,#39),#1725,.T.);
#1825=ADVANCED_FACE('',(#158,#40),#1726,.T.);
#1826=ADVANCED_FACE('',(#159),#18,.F.);
#1827=ADVANCED_FACE('',(#160),#19,.F.);
#1828=ADVANCED_FACE('',(#161),#1727,.T.);
#1829=ADVANCED_FACE('',(#162),#20,.T.);
#1830=ADVANCED_FACE('',(#163),#1728,.T.);
#1831=ADVANCED_FACE('',(#164),#21,.T.);
#1832=ADVANCED_FACE('',(#165),#1729,.T.);
#1833=ADVANCED_FACE('',(#166),#22,.F.);
#1834=ADVANCED_FACE('',(#167),#1730,.T.);
#1835=ADVANCED_FACE('',(#168),#23,.T.);
#1836=CLOSED_SHELL('',(#1731,#1732,#1733,#1734,#1735,#1736,#1737,#1738,
#1739,#1740,#1741,#1742,#1743,#1744,#1745,#1746,#1747,#1748,#1749,#1750,
#1751,#1752,#1753,#1754,#1755,#1756,#1757,#1758,#1759,#1760,#1761,#1762,
#1763,#1764,#1765,#1766,#1767,#1768,#1769,#1770,#1771,#1772,#1773,#1774,
#1775,#1776,#1777,#1778,#1779,#1780,#1781,#1782,#1783,#1784,#1785,#1786,
#1787,#1788,#1789,#1790,#1791,#1792,#1793,#1794,#1795,#1796,#1797,#1798,
#1799,#1800,#1801,#1802,#1803,#1804,#1805,#1806,#1807,#1808,#1809,#1810,
#1811,#1812,#1813,#1814,#1815,#1816,#1817,#1818,#1819,#1820,#1821,#1822,
#1823,#1824,#1825,#1826,#1827,#1828,#1829,#1830,#1831,#1832,#1833,#1834,
#1835));
#1837=DERIVED_UNIT_ELEMENT(#1839,1.);
#1838=DERIVED_UNIT_ELEMENT(#2983,-3.);
#1839=(
MASS_UNIT()
NAMED_UNIT(*)
SI_UNIT(.KILO.,.GRAM.)
);
#1840=DERIVED_UNIT((#1837,#1838));
#1841=MEASURE_REPRESENTATION_ITEM('density measure',
POSITIVE_RATIO_MEASURE(7850.),#1840);
#1842=PROPERTY_DEFINITION_REPRESENTATION(#1847,#1844);
#1843=PROPERTY_DEFINITION_REPRESENTATION(#1848,#1845);
#1844=REPRESENTATION('material name',(#1846),#2980);
#1845=REPRESENTATION('density',(#1841),#2980);
#1846=DESCRIPTIVE_REPRESENTATION_ITEM('Steel','Steel');
#1847=PROPERTY_DEFINITION('material property','material name',#2990);
#1848=PROPERTY_DEFINITION('material property','density of part',#2990);
#1849=AXIS2_PLACEMENT_3D('',#2463,#1978,#1979);
#1850=AXIS2_PLACEMENT_3D('',#2464,#1980,#1981);
#1851=AXIS2_PLACEMENT_3D('',#2473,#1986,#1987);
#1852=AXIS2_PLACEMENT_3D('',#2479,#1991,#1992);
#1853=AXIS2_PLACEMENT_3D('',#2485,#1996,#1997);
#1854=AXIS2_PLACEMENT_3D('',#2491,#2001,#2002);
#1855=AXIS2_PLACEMENT_3D('',#2500,#2007,#2008);
#1856=AXIS2_PLACEMENT_3D('',#2506,#2012,#2013);
#1857=AXIS2_PLACEMENT_3D('',#2510,#2016,#2017);
#1858=AXIS2_PLACEMENT_3D('',#2516,#2021,#2022);
#1859=AXIS2_PLACEMENT_3D('',#2523,#2026,#2027);
#1860=AXIS2_PLACEMENT_3D('',#2529,#2031,#2032);
#1861=AXIS2_PLACEMENT_3D('',#2535,#2036,#2037);
#1862=AXIS2_PLACEMENT_3D('',#2542,#2041,#2042);
#1863=AXIS2_PLACEMENT_3D('',#2548,#2046,#2047);
#1864=AXIS2_PLACEMENT_3D('',#2551,#2050,#2051);
#1865=AXIS2_PLACEMENT_3D('',#2557,#2055,#2056);
#1866=AXIS2_PLACEMENT_3D('',#2559,#2058,#2059);
#1867=AXIS2_PLACEMENT_3D('',#2564,#2061,#2062);
#1868=AXIS2_PLACEMENT_3D('',#2568,#2064,#2065);
#1869=AXIS2_PLACEMENT_3D('',#2572,#2067,#2068);
#1870=AXIS2_PLACEMENT_3D('',#2576,#2070,#2071);
#1871=AXIS2_PLACEMENT_3D('',#2580,#2073,#2074);
#1872=AXIS2_PLACEMENT_3D('',#2644,#2108,#2109);
#1873=AXIS2_PLACEMENT_3D('',#2646,#2110,#2111);
#1874=AXIS2_PLACEMENT_3D('',#2647,#2112,#2113);
#1875=AXIS2_PLACEMENT_3D('',#2649,#2115,#2116);
#1876=AXIS2_PLACEMENT_3D('',#2656,#2120,#2121);
#1877=AXIS2_PLACEMENT_3D('',#2659,#2124,#2125);
#1878=AXIS2_PLACEMENT_3D('',#2665,#2129,#2130);
#1879=AXIS2_PLACEMENT_3D('',#2672,#2134,#2135);
#1880=AXIS2_PLACEMENT_3D('',#2675,#2138,#2139);
#1881=AXIS2_PLACEMENT_3D('',#2678,#2142,#2143);
#1882=AXIS2_PLACEMENT_3D('',#2684,#2147,#2148);
#1883=AXIS2_PLACEMENT_3D('',#2685,#2149,#2150);
#1884=AXIS2_PLACEMENT_3D('',#2687,#2152,#2153);
#1885=AXIS2_PLACEMENT_3D('',#2694,#2157,#2158);
#1886=AXIS2_PLACEMENT_3D('',#2697,#2161,#2162);
#1887=AXIS2_PLACEMENT_3D('',#2703,#2166,#2167);
#1888=AXIS2_PLACEMENT_3D('',#2710,#2171,#2172);
#1889=AXIS2_PLACEMENT_3D('',#2713,#2175,#2176);
#1890=AXIS2_PLACEMENT_3D('',#2716,#2179,#2180);
#1891=AXIS2_PLACEMENT_3D('',#2722,#2184,#2185);
#1892=AXIS2_PLACEMENT_3D('',#2723,#2186,#2187);
#1893=AXIS2_PLACEMENT_3D('',#2725,#2189,#2190);
#1894=AXIS2_PLACEMENT_3D('',#2727,#2192,#2193);
#1895=AXIS2_PLACEMENT_3D('',#2731,#2196,#2197);
#1896=AXIS2_PLACEMENT_3D('',#2735,#2200,#2201);
#1897=AXIS2_PLACEMENT_3D('',#2737,#2203,#2204);
#1898=AXIS2_PLACEMENT_3D('',#2741,#2207,#2208);
#1899=AXIS2_PLACEMENT_3D('',#2745,#2211,#2212);
#1900=AXIS2_PLACEMENT_3D('',#2747,#2214,#2215);
#1901=AXIS2_PLACEMENT_3D('',#2751,#2218,#2219);
#1902=AXIS2_PLACEMENT_3D('',#2755,#2222,#2223);
#1903=AXIS2_PLACEMENT_3D('',#2761,#2227,#2228);
#1904=AXIS2_PLACEMENT_3D('',#2765,#2231,#2232);
#1905=AXIS2_PLACEMENT_3D('',#2769,#2235,#2236);
#1906=AXIS2_PLACEMENT_3D('',#2775,#2240,#2241);
#1907=AXIS2_PLACEMENT_3D('',#2777,#2243,#2244);
#1908=AXIS2_PLACEMENT_3D('',#2783,#2248,#2249);
#1909=AXIS2_PLACEMENT_3D('',#2787,#2252,#2253);
#1910=AXIS2_PLACEMENT_3D('',#2801,#2259,#2260);
#1911=AXIS2_PLACEMENT_3D('',#2803,#2262,#2263);
#1912=AXIS2_PLACEMENT_3D('',#2806,#2265,#2266);
#1913=AXIS2_PLACEMENT_3D('',#2807,#2267,#2268);
#1914=AXIS2_PLACEMENT_3D('',#2809,#2270,#2271);
#1915=AXIS2_PLACEMENT_3D('',#2811,#2273,#2274);
#1916=AXIS2_PLACEMENT_3D('',#2813,#2276,#2277);
#1917=AXIS2_PLACEMENT_3D('',#2822,#2279,#2280);
#1918=AXIS2_PLACEMENT_3D('',#2823,#2281,#2282);
#1919=AXIS2_PLACEMENT_3D('',#2828,#2283,#2284);
#1920=AXIS2_PLACEMENT_3D('',#2829,#2285,#2286);
#1921=AXIS2_PLACEMENT_3D('',#2851,#2300,#2301);
#1922=AXIS2_PLACEMENT_3D('',#2861,#2307,#2308);
#1923=AXIS2_PLACEMENT_3D('',#2862,#2309,#2310);
#1924=AXIS2_PLACEMENT_3D('',#2865,#2312,#2313);
#1925=AXIS2_PLACEMENT_3D('',#2866,#2314,#2315);
#1926=AXIS2_PLACEMENT_3D('',#2869,#2317,#2318);
#1927=AXIS2_PLACEMENT_3D('',#2870,#2319,#2320);
#1928=AXIS2_PLACEMENT_3D('',#2873,#2322,#2323);
#1929=AXIS2_PLACEMENT_3D('',#2874,#2324,#2325);
#1930=AXIS2_PLACEMENT_3D('',#2878,#2328,#2329);
#1931=AXIS2_PLACEMENT_3D('',#2880,#2331,#2332);
#1932=AXIS2_PLACEMENT_3D('',#2882,#2334,#2335);
#1933=AXIS2_PLACEMENT_3D('',#2884,#2337,#2338);
#1934=AXIS2_PLACEMENT_3D('',#2885,#2339,#2340);
#1935=AXIS2_PLACEMENT_3D('',#2888,#2343,#2344);
#1936=AXIS2_PLACEMENT_3D('',#2889,#2345,#2346);
#1937=AXIS2_PLACEMENT_3D('',#2891,#2348,#2349);
#1938=AXIS2_PLACEMENT_3D('',#2893,#2351,#2352);
#1939=AXIS2_PLACEMENT_3D('',#2894,#2353,#2354);
#1940=AXIS2_PLACEMENT_3D('',#2895,#2355,#2356);
#1941=AXIS2_PLACEMENT_3D('',#2901,#2360,#2361);
#1942=AXIS2_PLACEMENT_3D('',#2904,#2364,#2365);
#1943=AXIS2_PLACEMENT_3D('',#2908,#2368,#2369);
#1944=AXIS2_PLACEMENT_3D('',#2909,#2370,#2371);
#1945=AXIS2_PLACEMENT_3D('',#2915,#2375,#2376);
#1946=AXIS2_PLACEMENT_3D('',#2918,#2378,#2379);
#1947=AXIS2_PLACEMENT_3D('',#2919,#2380,#2381);
#1948=AXIS2_PLACEMENT_3D('',#2923,#2384,#2385);
#1949=AXIS2_PLACEMENT_3D('',#2924,#2386,#2387);
#1950=AXIS2_PLACEMENT_3D('',#2925,#2388,#2389);
#1951=AXIS2_PLACEMENT_3D('',#2931,#2393,#2394);
#1952=AXIS2_PLACEMENT_3D('',#2932,#2395,#2396);
#1953=AXIS2_PLACEMENT_3D('',#2933,#2397,#2398);
#1954=AXIS2_PLACEMENT_3D('',#2939,#2402,#2403);
#1955=AXIS2_PLACEMENT_3D('',#2940,#2404,#2405);
#1956=AXIS2_PLACEMENT_3D('',#2941,#2406,#2407);
#1957=AXIS2_PLACEMENT_3D('',#2942,#2408,#2409);
#1958=AXIS2_PLACEMENT_3D('',#2943,#2410,#2411);
#1959=AXIS2_PLACEMENT_3D('',#2946,#2414,#2415);
#1960=AXIS2_PLACEMENT_3D('',#2947,#2416,#2417);
#1961=AXIS2_PLACEMENT_3D('',#2948,#2418,#2419);
#1962=AXIS2_PLACEMENT_3D('',#2950,#2421,#2422);
#1963=AXIS2_PLACEMENT_3D('',#2952,#2424,#2425);
#1964=AXIS2_PLACEMENT_3D('',#2954,#2427,#2428);
#1965=AXIS2_PLACEMENT_3D('',#2956,#2429,#2430);
#1966=AXIS2_PLACEMENT_3D('',#2957,#2431,#2432);
#1967=AXIS2_PLACEMENT_3D('',#2959,#2433,#2434);
#1968=AXIS2_PLACEMENT_3D('',#2960,#2435,#2436);
#1969=AXIS2_PLACEMENT_3D('',#2962,#2438,#2439);
#1970=AXIS2_PLACEMENT_3D('',#2964,#2441,#2442);
#1971=AXIS2_PLACEMENT_3D('',#2965,#2443,#2444);
#1972=AXIS2_PLACEMENT_3D('',#2967,#2446,#2447);
#1973=AXIS2_PLACEMENT_3D('',#2969,#2449,#2450);
#1974=AXIS2_PLACEMENT_3D('',#2971,#2452,#2453);
#1975=AXIS2_PLACEMENT_3D('',#2973,#2455,#2456);
#1976=AXIS2_PLACEMENT_3D('',#2975,#2458,#2459);
#1977=AXIS2_PLACEMENT_3D('',#2977,#2461,#2462);
#1978=DIRECTION('axis',(0.,0.,1.));
#1979=DIRECTION('refdir',(1.,0.,0.));
#1980=DIRECTION('center_axis',(-0.707106781186545,0.70710678118655,0.));
#1981=DIRECTION('ref_axis',(0.,0.,1.));
#1982=DIRECTION('',(0.,0.,-1.));
#1983=DIRECTION('',(-0.70710678118655,-0.707106781186545,0.));
#1984=DIRECTION('',(0.,0.,1.));
#1985=DIRECTION('',(0.67859834454585,0.678598344545843,0.281084637714823));
#1986=DIRECTION('center_axis',(-0.707106781186547,0.500000000000001,0.5));
#1987=DIRECTION('ref_axis',(0.577350269189626,0.,0.816496580927726));
#1988=DIRECTION('',(0.,-0.707106781186547,0.707106781186548));
#1989=DIRECTION('',(0.577350269189627,0.816496580927725,0.));
#1990=DIRECTION('',(0.,0.707106781186547,-0.707106781186548));
#1991=DIRECTION('center_axis',(-1.,0.,0.));
#1992=DIRECTION('ref_axis',(0.,0.,1.));
#1993=DIRECTION('',(-1.23358111804818E-16,-1.,0.));
#1994=DIRECTION('',(0.,0.,1.));
#1995=DIRECTION('',(0.,1.,0.));
#1996=DIRECTION('center_axis',(-0.707106781186545,-0.70710678118655,0.));
#1997=DIRECTION('ref_axis',(0.,0.,1.));
#1998=DIRECTION('',(-0.70710678118655,0.707106781186545,0.));
#1999=DIRECTION('',(0.,0.,-1.));
#2000=DIRECTION('',(0.70710678118655,-0.707106781186545,0.));
#2001=DIRECTION('center_axis',(-0.707106781186546,-0.707106781186549,0.));
#2002=DIRECTION('ref_axis',(0.,0.,1.));
#2003=DIRECTION('',(-0.577350269189627,0.577350269189625,-0.577350269189626));
#2004=DIRECTION('',(0.,0.,-1.));
#2005=DIRECTION('',(0.707106781186549,-0.707106781186546,0.));
#2006=DIRECTION('',(0.,0.,1.));
#2007=DIRECTION('center_axis',(-1.,0.,0.));
#2008=DIRECTION('ref_axis',(0.,-1.,0.));
#2009=DIRECTION('',(0.,-1.,0.));
#2010=DIRECTION('',(0.,0.,1.));
#2011=DIRECTION('',(0.,-1.,0.));
#2012=DIRECTION('center_axis',(-0.707106781186547,0.,0.707106781186548));
#2013=DIRECTION('ref_axis',(0.707106781186548,0.,0.707106781186547));
#2014=DIRECTION('',(0.,1.,0.));
#2015=DIRECTION('',(-0.577350269189627,-0.577350269189625,-0.577350269189625));
#2016=DIRECTION('center_axis',(2.77555756156289E-16,1.,0.));
#2017=DIRECTION('ref_axis',(-1.,2.77555756156289E-16,0.));
#2018=DIRECTION('',(1.,0.,0.));
#2019=DIRECTION('',(0.,0.,1.));
#2020=DIRECTION('',(-1.,0.,0.));
#2021=DIRECTION('center_axis',(0.577350269189625,-0.577350269189626,0.577350269189626));
#2022=DIRECTION('ref_axis',(0.707106781186548,0.,-0.707106781186547));
#2023=DIRECTION('',(0.,0.707106781186547,0.707106781186548));
#2024=DIRECTION('',(-0.707106781186548,-0.707106781186547,0.));
#2025=DIRECTION('',(0.707106781186547,-1.12149461334555E-15,-0.707106781186548));
#2026=DIRECTION('center_axis',(0.707106781186547,-0.707106781186548,0.));
#2027=DIRECTION('ref_axis',(0.,0.,-1.));
#2028=DIRECTION('',(0.707106781186548,0.707106781186547,0.));
#2029=DIRECTION('',(0.,0.,1.));
#2030=DIRECTION('',(0.,0.,-1.));
#2031=DIRECTION('center_axis',(0.707106781186548,0.,0.707106781186547));
#2032=DIRECTION('ref_axis',(0.707106781186547,0.,-0.707106781186548));
#2033=DIRECTION('',(0.577350269189625,-0.577350269189626,-0.577350269189626));
#2034=DIRECTION('',(0.,-1.,0.));
#2035=DIRECTION('',(0.,1.,0.));
#2036=DIRECTION('center_axis',(-0.577350269189625,-0.577350269189626,0.577350269189626));
#2037=DIRECTION('ref_axis',(0.707106781186548,0.,0.707106781186547));
#2038=DIRECTION('',(0.707106781186548,0.,0.707106781186547));
#2039=DIRECTION('',(-0.707106781186548,0.707106781186547,0.));
#2040=DIRECTION('',(0.,-0.707106781186547,-0.707106781186548));
#2041=DIRECTION('center_axis',(-0.707106781186547,-0.707106781186548,0.));
#2042=DIRECTION('ref_axis',(0.,0.,1.));
#2043=DIRECTION('',(0.707106781186548,-0.707106781186547,0.));
#2044=DIRECTION('',(0.,0.,1.));
#2045=DIRECTION('',(0.,0.,-1.));
#2046=DIRECTION('center_axis',(0.,-0.707106781186548,0.707106781186547));
#2047=DIRECTION('ref_axis',(1.,0.,0.));
#2048=DIRECTION('',(-1.,0.,0.));
#2049=DIRECTION('',(1.,0.,0.));
#2050=DIRECTION('center_axis',(-0.707106781186547,0.,0.707106781186548));
#2051=DIRECTION('ref_axis',(0.707106781186548,0.,0.707106781186547));
#2052=DIRECTION('',(0.577350269189626,0.577350269189626,0.577350269189626));
#2053=DIRECTION('',(0.,-1.,0.));
#2054=DIRECTION('',(0.,1.,0.));
#2055=DIRECTION('center_axis',(0.,-1.,0.));
#2056=DIRECTION('ref_axis',(1.,0.,0.));
#2057=DIRECTION('',(1.,0.,0.));
#2058=DIRECTION('center_axis',(0.,0.,1.));
#2059=DIRECTION('ref_axis',(-1.,0.,0.));
#2060=DIRECTION('',(1.23358111804818E-16,1.,0.));
#2061=DIRECTION('center_axis',(0.,0.,1.));
#2062=DIRECTION('ref_axis',(3.17206578464331E-15,-1.,0.));
#2063=DIRECTION('',(1.,7.28015086910905E-17,0.));
#2064=DIRECTION('center_axis',(0.,0.,1.));
#2065=DIRECTION('ref_axis',(-1.,0.,0.));
#2066=DIRECTION('',(0.,-1.,0.));
#2067=DIRECTION('center_axis',(0.,0.,1.));
#2068=DIRECTION('ref_axis',(0.,1.,0.));
#2069=DIRECTION('',(-1.,0.,0.));
#2070=DIRECTION('center_axis',(0.,0.,1.));
#2071=DIRECTION('ref_axis',(6.83214169000097E-15,-1.,0.));
#2072=DIRECTION('',(0.,-1.,0.));
#2073=DIRECTION('center_axis',(0.,0.,1.));
#2074=DIRECTION('ref_axis',(0.,1.,0.));
#2075=DIRECTION('',(-1.,8.13946486632109E-18,0.));
#2076=DIRECTION('',(0.,1.,0.));
#2077=DIRECTION('',(1.,0.,0.));
#2078=DIRECTION('',(1.,-1.38777878078145E-16,0.));
#2079=DIRECTION('',(0.,1.,0.));
#2080=DIRECTION('',(0.,-1.,0.));
#2081=DIRECTION('',(1.,-1.38777878078145E-16,0.));
#2082=DIRECTION('',(0.,1.,0.));
#2083=DIRECTION('',(0.707106781186546,0.707106781186549,0.));
#2084=DIRECTION('',(-1.,0.,0.));
#2085=DIRECTION('',(0.707106781186547,-0.707106781186548,0.));
#2086=DIRECTION('',(-8.88178419700125E-17,-1.,0.));
#2087=DIRECTION('',(1.,-1.38777878078145E-16,0.));
#2088=DIRECTION('',(0.,1.,0.));
#2089=DIRECTION('',(0.707106781186549,0.707106781186546,0.));
#2090=DIRECTION('',(1.,0.,0.));
#2091=DIRECTION('',(0.707106781186548,-0.707106781186547,0.));
#2092=DIRECTION('',(0.,-1.,0.));
#2093=DIRECTION('',(1.,-1.38777878078145E-16,0.));
#2094=DIRECTION('',(0.,1.,0.));
#2095=DIRECTION('',(0.707106781186545,0.70710678118655,0.));
#2096=DIRECTION('',(-1.,0.,0.));
#2097=DIRECTION('',(0.707106781186551,-0.707106781186544,0.));
#2098=DIRECTION('',(0.,-1.,0.));
#2099=DIRECTION('',(1.,-1.38777878078145E-16,0.));
#2100=DIRECTION('',(0.,1.,0.));
#2101=DIRECTION('',(0.707106781186548,0.707106781186548,0.));
#2102=DIRECTION('',(1.,0.,0.));
#2103=DIRECTION('',(0.707106781186549,-0.707106781186546,0.));
#2104=DIRECTION('',(0.,-1.,0.));
#2105=DIRECTION('',(1.,-1.38777878078145E-16,0.));
#2106=DIRECTION('',(0.,1.,0.));
#2107=DIRECTION('',(1.,0.,0.));
#2108=DIRECTION('center_axis',(0.,0.,-1.));
#2109=DIRECTION('ref_axis',(-1.,0.,0.));
#2110=DIRECTION('center_axis',(0.,0.,-1.));
#2111=DIRECTION('ref_axis',(-1.,0.,0.));
#2112=DIRECTION('center_axis',(-1.,0.,0.));
#2113=DIRECTION('ref_axis',(0.,-1.,0.));
#2114=DIRECTION('',(0.,0.,1.));
#2115=DIRECTION('center_axis',(0.577350269189625,-0.577350269189627,0.577350269189626));
#2116=DIRECTION('ref_axis',(0.707106781186548,0.,-0.707106781186547));
#2117=DIRECTION('',(0.,0.707106781186547,0.707106781186548));
#2118=DIRECTION('',(-0.707106781186549,-0.707106781186546,0.));
#2119=DIRECTION('',(0.707106781186548,-1.12149461334555E-15,-0.707106781186547));
#2120=DIRECTION('center_axis',(0.707106781186546,-0.707106781186549,0.));
#2121=DIRECTION('ref_axis',(0.,0.,-1.));
#2122=DIRECTION('',(0.,0.,1.));
#2123=DIRECTION('',(0.,0.,-1.));
#2124=DIRECTION('center_axis',(0.707106781186547,0.,0.707106781186548));
#2125=DIRECTION('ref_axis',(0.707106781186548,0.,-0.707106781186547));
#2126=DIRECTION('',(0.577350269189626,-0.577350269189626,-0.577350269189625));
#2127=DIRECTION('',(0.,-1.,0.));
#2128=DIRECTION('',(0.,1.,0.));
#2129=DIRECTION('center_axis',(-0.577350269189625,-0.577350269189626,0.577350269189626));
#2130=DIRECTION('ref_axis',(0.707106781186548,0.,0.707106781186547));
#2131=DIRECTION('',(0.707106781186548,0.,0.707106781186547));
#2132=DIRECTION('',(-0.707106781186548,0.707106781186547,0.));
#2133=DIRECTION('',(0.,-0.707106781186547,-0.707106781186548));
#2134=DIRECTION('center_axis',(-0.707106781186547,-0.707106781186548,0.));
#2135=DIRECTION('ref_axis',(0.,0.,1.));
#2136=DIRECTION('',(0.,0.,1.));
#2137=DIRECTION('',(0.,0.,-1.));
#2138=DIRECTION('center_axis',(0.,-0.707106781186548,0.707106781186547));
#2139=DIRECTION('ref_axis',(1.,0.,0.));
#2140=DIRECTION('',(-1.,0.,0.));
#2141=DIRECTION('',(1.,0.,0.));
#2142=DIRECTION('center_axis',(-0.707106781186547,0.,0.707106781186548));
#2143=DIRECTION('ref_axis',(0.707106781186548,0.,0.707106781186547));
#2144=DIRECTION('',(0.577350269189626,0.577350269189626,0.577350269189626));
#2145=DIRECTION('',(0.,-1.,0.));
#2146=DIRECTION('',(0.,1.,0.));
#2147=DIRECTION('center_axis',(0.,-1.,0.));
#2148=DIRECTION('ref_axis',(1.,0.,0.));
#2149=DIRECTION('center_axis',(-1.,0.,0.));
#2150=DIRECTION('ref_axis',(0.,-1.,0.));
#2151=DIRECTION('',(0.,0.,1.));
#2152=DIRECTION('center_axis',(0.577350269189626,-0.577350269189626,0.577350269189625));
#2153=DIRECTION('ref_axis',(0.707106781186547,0.,-0.707106781186548));
#2154=DIRECTION('',(0.,0.707106781186547,0.707106781186548));
#2155=DIRECTION('',(-0.707106781186548,-0.707106781186548,0.));
#2156=DIRECTION('',(0.707106781186547,-1.12149461334555E-15,-0.707106781186548));
#2157=DIRECTION('center_axis',(0.707106781186548,-0.707106781186548,0.));
#2158=DIRECTION('ref_axis',(0.,0.,-1.));
#2159=DIRECTION('',(0.,0.,1.));
#2160=DIRECTION('',(0.,0.,-1.));
#2161=DIRECTION('center_axis',(0.707106781186548,0.,0.707106781186547));
#2162=DIRECTION('ref_axis',(0.707106781186547,0.,-0.707106781186548));
#2163=DIRECTION('',(0.577350269189625,-0.577350269189627,-0.577350269189626));
#2164=DIRECTION('',(0.,-1.,0.));
#2165=DIRECTION('',(0.,1.,0.));
#2166=DIRECTION('center_axis',(-0.577350269189625,-0.577350269189628,0.577350269189624));
#2167=DIRECTION('ref_axis',(0.707106781186547,0.,0.707106781186548));
#2168=DIRECTION('',(0.707106781186547,0.,0.707106781186548));
#2169=DIRECTION('',(-0.707106781186549,0.707106781186546,0.));
#2170=DIRECTION('',(4.48597845338222E-15,-0.707106781186547,-0.707106781186548));
#2171=DIRECTION('center_axis',(-0.707106781186546,-0.707106781186549,0.));
#2172=DIRECTION('ref_axis',(0.,0.,1.));
#2173=DIRECTION('',(0.,0.,1.));
#2174=DIRECTION('',(0.,0.,-1.));
#2175=DIRECTION('center_axis',(0.,-0.707106781186548,0.707106781186547));
#2176=DIRECTION('ref_axis',(1.,0.,0.));
#2177=DIRECTION('',(-1.,0.,0.));
#2178=DIRECTION('',(1.,0.,0.));
#2179=DIRECTION('center_axis',(-0.707106781186548,0.,0.707106781186547));
#2180=DIRECTION('ref_axis',(0.707106781186547,0.,0.707106781186548));
#2181=DIRECTION('',(0.577350269189625,0.577350269189626,0.577350269189626));
#2182=DIRECTION('',(0.,-1.,0.));
#2183=DIRECTION('',(0.,1.,0.));
#2184=DIRECTION('center_axis',(0.,-1.,0.));
#2185=DIRECTION('ref_axis',(1.,0.,0.));
#2186=DIRECTION('center_axis',(-1.,0.,0.));
#2187=DIRECTION('ref_axis',(0.,-1.,0.));
#2188=DIRECTION('',(0.,0.,1.));
#2189=DIRECTION('center_axis',(1.,0.,0.));
#2190=DIRECTION('ref_axis',(0.,1.,0.));
#2191=DIRECTION('',(0.,0.,-1.));
#2192=DIRECTION('center_axis',(-1.38777878078145E-16,-1.,0.));
#2193=DIRECTION('ref_axis',(1.,-1.38777878078145E-16,0.));
#2194=DIRECTION('',(1.,-1.38777878078145E-16,0.));
#2195=DIRECTION('',(0.,0.,1.));
#2196=DIRECTION('center_axis',(-9.81307786677359E-17,-0.707106781186547,
0.707106781186548));
#2197=DIRECTION('ref_axis',(1.,0.,1.38777878078144E-16));
#2198=DIRECTION('',(-1.,1.38777878078145E-16,0.));
#2199=DIRECTION('',(0.577350269189627,-0.577350269189625,-0.577350269189625));
#2200=DIRECTION('center_axis',(1.,0.,0.));
#2201=DIRECTION('ref_axis',(0.,1.,0.));
#2202=DIRECTION('',(0.,0.,-1.));
#2203=DIRECTION('center_axis',(-1.38777878078145E-16,-1.,0.));
#2204=DIRECTION('ref_axis',(1.,-1.38777878078145E-16,0.));
#2205=DIRECTION('',(1.,-1.38777878078145E-16,0.));
#2206=DIRECTION('',(0.,0.,1.));
#2207=DIRECTION('center_axis',(-9.81307786677359E-17,-0.707106781186547,
0.707106781186548));
#2208=DIRECTION('ref_axis',(1.,0.,1.38777878078144E-16));
#2209=DIRECTION('',(-1.,1.38777878078145E-16,0.));
#2210=DIRECTION('',(0.577350269189625,-0.577350269189627,-0.577350269189626));
#2211=DIRECTION('center_axis',(1.,0.,0.));
#2212=DIRECTION('ref_axis',(0.,1.,0.));
#2213=DIRECTION('',(0.,0.,-1.));
#2214=DIRECTION('center_axis',(-1.38777878078145E-16,-1.,0.));
#2215=DIRECTION('ref_axis',(1.,-1.38777878078145E-16,0.));
#2216=DIRECTION('',(1.,-1.38777878078145E-16,0.));
#2217=DIRECTION('',(0.,0.,1.));
#2218=DIRECTION('center_axis',(-9.81307786677359E-17,-0.707106781186547,
0.707106781186548));
#2219=DIRECTION('ref_axis',(1.,0.,1.38777878078144E-16));
#2220=DIRECTION('',(-1.,1.38777878078145E-16,0.));
#2221=DIRECTION('',(0.577350269189626,-0.577350269189626,-0.577350269189626));
#2222=DIRECTION('center_axis',(0.707106781186549,-0.707106781186546,0.));
#2223=DIRECTION('ref_axis',(0.,0.,-1.));
#2224=DIRECTION('',(0.,0.,1.));
#2225=DIRECTION('',(-0.577350269189625,-0.577350269189627,0.577350269189625));
#2226=DIRECTION('',(0.,0.,-1.));
#2227=DIRECTION('center_axis',(0.,1.,0.));
#2228=DIRECTION('ref_axis',(-1.,0.,0.));
#2229=DIRECTION('',(1.,0.,0.));
#2230=DIRECTION('',(0.,0.,1.));
#2231=DIRECTION('center_axis',(-0.707106781186548,-0.707106781186547,0.));
#2232=DIRECTION('ref_axis',(0.,0.,1.));
#2233=DIRECTION('',(-0.577350269189625,0.577350269189627,-0.577350269189625));
#2234=DIRECTION('',(0.,0.,-1.));
#2235=DIRECTION('center_axis',(0.70710678118655,-0.707106781186545,0.));
#2236=DIRECTION('ref_axis',(0.,0.,-1.));
#2237=DIRECTION('',(0.,0.,1.));
#2238=DIRECTION('',(-0.577350269189624,-0.577350269189628,0.577350269189626));
#2239=DIRECTION('',(0.,0.,-1.));
#2240=DIRECTION('center_axis',(1.,0.,0.));
#2241=DIRECTION('ref_axis',(0.,1.,0.));
#2242=DIRECTION('',(0.,1.,0.));
#2243=DIRECTION('center_axis',(-0.707106781186544,-0.707106781186551,0.));
#2244=DIRECTION('ref_axis',(0.,0.,1.));
#2245=DIRECTION('',(-0.577350269189627,0.577350269189622,-0.577350269189629));
#2246=DIRECTION('',(0.,0.,-1.));
#2247=DIRECTION('',(0.,0.,1.));
#2248=DIRECTION('center_axis',(-1.,0.,0.));
#2249=DIRECTION('ref_axis',(0.,-1.,0.));
#2250=DIRECTION('',(0.,-1.,0.));
#2251=DIRECTION('',(0.,0.,1.));
#2252=DIRECTION('center_axis',(0.,-1.,0.));
#2253=DIRECTION('ref_axis',(1.,0.,0.));
#2254=DIRECTION('',(0.707106781186548,0.,-0.707106781186547));
#2255=DIRECTION('',(0.,0.,-1.));
#2256=DIRECTION('',(0.,0.,1.));
#2257=DIRECTION('',(1.,0.,0.));
#2258=DIRECTION('',(1.,0.,0.));
#2259=DIRECTION('center_axis',(0.,1.,0.));
#2260=DIRECTION('ref_axis',(-1.,0.,0.));
#2261=DIRECTION('',(1.,0.,0.));
#2262=DIRECTION('center_axis',(0.,0.,1.));
#2263=DIRECTION('ref_axis',(1.70803542250024E-15,1.,0.));
#2264=DIRECTION('',(2.24298922669111E-15,0.707106781186548,0.707106781186547));
#2265=DIRECTION('center_axis',(0.,0.,1.));
#2266=DIRECTION('ref_axis',(1.70803542250024E-15,1.,0.));
#2267=DIRECTION('center_axis',(1.,0.,0.));
#2268=DIRECTION('ref_axis',(0.,1.,0.));
#2269=DIRECTION('',(0.,1.,0.));
#2270=DIRECTION('center_axis',(0.707106781186548,0.,0.707106781186548));
#2271=DIRECTION('ref_axis',(0.707106781186548,0.,-0.707106781186548));
#2272=DIRECTION('',(0.,-1.,0.));
#2273=DIRECTION('center_axis',(0.707106781186548,0.,0.707106781186547));
#2274=DIRECTION('ref_axis',(0.707106781186547,0.,-0.707106781186548));
#2275=DIRECTION('',(0.,-1.,0.));
#2276=DIRECTION('center_axis',(0.,0.,1.));
#2277=DIRECTION('ref_axis',(1.,0.,0.));
#2278=DIRECTION('',(0.707106781186549,8.65956056235495E-17,-0.707106781186546));
#2279=DIRECTION('center_axis',(0.,0.,-1.));
#2280=DIRECTION('ref_axis',(1.,0.,0.));
#2281=DIRECTION('center_axis',(0.,0.,-1.));
#2282=DIRECTION('ref_axis',(1.,0.,0.));
#2283=DIRECTION('center_axis',(0.,0.,1.));
#2284=DIRECTION('ref_axis',(1.,0.,0.));
#2285=DIRECTION('center_axis',(0.,0.,1.));
#2286=DIRECTION('ref_axis',(-1.,0.,0.));
#2287=DIRECTION('',(1.,0.,0.));
#2288=DIRECTION('',(0.,-1.,0.));
#2289=DIRECTION('',(-1.,1.38777878078145E-16,0.));
#2290=DIRECTION('',(0.,1.,0.));
#2291=DIRECTION('',(-1.,1.38777878078145E-16,0.));
#2292=DIRECTION('',(8.88178419700125E-17,1.,0.));
#2293=DIRECTION('',(-1.,1.38777878078145E-16,0.));
#2294=DIRECTION('',(1.,0.,0.));
#2295=DIRECTION('',(-1.23358111804818E-16,-1.,0.));
#2296=DIRECTION('',(-1.,0.,0.));
#2297=DIRECTION('',(0.,-1.,0.));
#2298=DIRECTION('',(1.,-8.13946486632109E-18,0.));
#2299=DIRECTION('',(0.,1.,0.));
#2300=DIRECTION('center_axis',(0.,0.,1.));
#2301=DIRECTION('ref_axis',(6.83214169000097E-15,-1.,0.));
#2302=DIRECTION('',(1.,0.,0.));
#2303=DIRECTION('',(0.,1.,0.));
#2304=DIRECTION('',(0.,1.,0.));
#2305=DIRECTION('',(-1.,-7.28015086910905E-17,0.));
#2306=DIRECTION('',(-1.23358111804818E-16,-1.,0.));
#2307=DIRECTION('center_axis',(0.,0.,1.));
#2308=DIRECTION('ref_axis',(-1.,0.,0.));
#2309=DIRECTION('center_axis',(0.,0.,-1.));
#2310=DIRECTION('ref_axis',(-1.,0.,0.));
#2311=DIRECTION('',(0.,0.,-1.));
#2312=DIRECTION('center_axis',(0.,0.,-1.));
#2313=DIRECTION('ref_axis',(-1.,0.,0.));
#2314=DIRECTION('center_axis',(0.,0.,1.));
#2315=DIRECTION('ref_axis',(-1.,0.,0.));
#2316=DIRECTION('',(-0.707106781186548,-8.65956056235493E-17,-0.707106781186547));
#2317=DIRECTION('center_axis',(0.,0.,-1.));
#2318=DIRECTION('ref_axis',(-1.,0.,0.));
#2319=DIRECTION('center_axis',(0.,0.,-1.));
#2320=DIRECTION('ref_axis',(-1.,0.,0.));
#2321=DIRECTION('',(0.,0.,-1.));
#2322=DIRECTION('center_axis',(0.,0.,-1.));
#2323=DIRECTION('ref_axis',(-1.,0.,0.));
#2324=DIRECTION('center_axis',(-0.707106781186547,6.2803698347351E-17,0.707106781186548));
#2325=DIRECTION('ref_axis',(0.707106781186548,0.,0.707106781186547));
#2326=DIRECTION('',(-0.577350269189627,-0.577350269189625,-0.577350269189625));
#2327=DIRECTION('',(-8.88178419700125E-17,-1.,0.));
#2328=DIRECTION('center_axis',(-9.81307786677359E-17,-0.707106781186547,
0.707106781186548));
#2329=DIRECTION('ref_axis',(1.,0.,1.38777878078144E-16));
#2330=DIRECTION('',(1.,-1.38777878078145E-16,0.));
#2331=DIRECTION('center_axis',(-1.38777878078145E-16,-1.,0.));
#2332=DIRECTION('ref_axis',(1.,-1.38777878078145E-16,0.));
#2333=DIRECTION('',(0.,0.,1.));
#2334=DIRECTION('center_axis',(-9.81307786677359E-17,-0.707106781186547,
0.707106781186548));
#2335=DIRECTION('ref_axis',(1.,0.,1.38777878078144E-16));
#2336=DIRECTION('',(1.,-1.38777878078145E-16,0.));
#2337=DIRECTION('center_axis',(-1.38777878078145E-16,-1.,0.));
#2338=DIRECTION('ref_axis',(1.,-1.38777878078145E-16,0.));
#2339=DIRECTION('center_axis',(0.707106781186546,0.,0.707106781186549));
#2340=DIRECTION('ref_axis',(0.707106781186549,0.,-0.707106781186546));
#2341=DIRECTION('',(0.577350269189628,0.577350269189624,-0.577350269189626));
#2342=DIRECTION('',(0.,1.,0.));
#2343=DIRECTION('center_axis',(0.,0.707106781186548,0.707106781186547));
#2344=DIRECTION('ref_axis',(1.,0.,0.));
#2345=DIRECTION('center_axis',(-0.707106781186548,0.,0.707106781186547));
#2346=DIRECTION('ref_axis',(0.707106781186547,0.,0.707106781186548));
#2347=DIRECTION('',(-0.577350269189625,-0.577350269189627,-0.577350269189626));
#2348=DIRECTION('center_axis',(-9.81307786677359E-17,-0.707106781186547,
0.707106781186548));
#2349=DIRECTION('ref_axis',(1.,0.,1.38777878078144E-16));
#2350=DIRECTION('',(1.,-1.38777878078145E-16,0.));
#2351=DIRECTION('center_axis',(-1.38777878078145E-16,-1.,0.));
#2352=DIRECTION('ref_axis',(1.,-1.38777878078145E-16,0.));
#2353=DIRECTION('center_axis',(1.,0.,0.));
#2354=DIRECTION('ref_axis',(0.,1.,0.));
#2355=DIRECTION('center_axis',(5.7554708022053E-18,0.707106781186547,0.707106781186548));
#2356=DIRECTION('ref_axis',(1.,0.,-8.13946486632109E-18));
#2357=DIRECTION('',(-1.,8.13946486632109E-18,0.));
#2358=DIRECTION('',(0.,-0.707106781186548,0.707106781186547));
#2359=DIRECTION('',(0.577350269189625,0.577350269189627,-0.577350269189626));
#2360=DIRECTION('center_axis',(0.707106781186548,0.,0.707106781186547));
#2361=DIRECTION('ref_axis',(0.707106781186547,0.,-0.707106781186548));
#2362=DIRECTION('',(0.577350269189625,-0.577350269189627,-0.577350269189626));
#2363=DIRECTION('',(0.,1.,0.));
#2364=DIRECTION('center_axis',(0.707106781186547,-8.72273573715553E-17,
0.707106781186548));
#2365=DIRECTION('ref_axis',(0.707106781186548,0.,-0.707106781186547));
#2366=DIRECTION('',(0.707106781186548,0.,-0.707106781186547));
#2367=DIRECTION('',(1.23358111804818E-16,1.,0.));
#2368=DIRECTION('center_axis',(0.,-0.707106781186547,0.707106781186548));
#2369=DIRECTION('ref_axis',(1.,0.,0.));
#2370=DIRECTION('center_axis',(-0.707106781186546,0.,0.707106781186549));
#2371=DIRECTION('ref_axis',(0.707106781186549,0.,0.707106781186546));
#2372=DIRECTION('',(0.707106781186553,0.,0.707106781186542));
#2373=DIRECTION('',(-0.707106781186553,-5.60747306672772E-16,-0.707106781186542));
#2374=DIRECTION('',(0.,-1.,0.));
#2375=DIRECTION('center_axis',(0.,0.,1.));
#2376=DIRECTION('ref_axis',(6.83214169000097E-15,-1.,0.));
#2377=DIRECTION('',(8.97195690676441E-15,-0.707106781186549,0.707106781186546));
#2378=DIRECTION('center_axis',(0.,0.,-1.));
#2379=DIRECTION('ref_axis',(6.83214169000097E-15,-1.,0.));
#2380=DIRECTION('center_axis',(0.,0.707106781186548,0.707106781186547));
#2381=DIRECTION('ref_axis',(1.,0.,0.));
#2382=DIRECTION('',(0.,-0.707106781186547,0.707106781186548));
#2383=DIRECTION('',(-1.,0.,0.));
#2384=DIRECTION('center_axis',(0.,0.,-1.));
#2385=DIRECTION('ref_axis',(0.,1.,0.));
#2386=DIRECTION('center_axis',(0.,0.,1.));
#2387=DIRECTION('ref_axis',(0.,1.,0.));
#2388=DIRECTION('center_axis',(-0.707106781186546,0.,0.707106781186549));
#2389=DIRECTION('ref_axis',(0.707106781186549,0.,0.707106781186546));
#2390=DIRECTION('',(-0.707106781186549,0.,-0.707106781186546));
#2391=DIRECTION('',(0.,-1.,0.));
#2392=DIRECTION('',(0.707106781186549,0.,0.707106781186546));
#2393=DIRECTION('center_axis',(0.,0.,-1.));
#2394=DIRECTION('ref_axis',(0.,1.,0.));
#2395=DIRECTION('center_axis',(0.,0.,1.));
#2396=DIRECTION('ref_axis',(0.,1.,0.));
#2397=DIRECTION('center_axis',(5.14784404760816E-17,-0.707106781186548,
0.707106781186547));
#2398=DIRECTION('ref_axis',(1.,0.,-7.28015086910907E-17));
#2399=DIRECTION('',(0.,0.707106781186547,0.707106781186548));
#2400=DIRECTION('',(0.,-0.707106781186547,-0.707106781186548));
#2401=DIRECTION('',(1.,7.28015086910905E-17,0.));
#2402=DIRECTION('center_axis',(0.,0.,-1.));
#2403=DIRECTION('ref_axis',(-1.,0.,0.));
#2404=DIRECTION('center_axis',(0.,0.,1.));
#2405=DIRECTION('ref_axis',(-1.,0.,0.));
#2406=DIRECTION('center_axis',(0.,0.,-1.));
#2407=DIRECTION('ref_axis',(3.17206578464331E-15,-1.,0.));
#2408=DIRECTION('center_axis',(0.,0.,1.));
#2409=DIRECTION('ref_axis',(3.17206578464331E-15,-1.,0.));
#2410=DIRECTION('center_axis',(8.13946486632109E-18,1.,0.));
#2411=DIRECTION('ref_axis',(-1.,8.13946486632109E-18,0.));
#2412=DIRECTION('',(0.,0.,1.));
#2413=DIRECTION('',(0.,0.,1.));
#2414=DIRECTION('center_axis',(1.,0.,0.));
#2415=DIRECTION('ref_axis',(0.,1.,0.));
#2416=DIRECTION('center_axis',(0.,-1.,0.));
#2417=DIRECTION('ref_axis',(1.,0.,0.));
#2418=DIRECTION('center_axis',(1.,-1.23358111804818E-16,0.));
#2419=DIRECTION('ref_axis',(1.23358111804818E-16,1.,0.));
#2420=DIRECTION('',(0.,0.,1.));
#2421=DIRECTION('center_axis',(0.,0.,1.));
#2422=DIRECTION('ref_axis',(3.17206578464331E-15,-1.,0.));
#2423=DIRECTION('',(0.,0.,1.));
#2424=DIRECTION('center_axis',(7.28015086910905E-17,-1.,0.));
#2425=DIRECTION('ref_axis',(1.,7.28015086910905E-17,0.));
#2426=DIRECTION('',(0.,0.,1.));
#2427=DIRECTION('center_axis',(0.,0.,1.));
#2428=DIRECTION('ref_axis',(-1.,0.,0.));
#2429=DIRECTION('center_axis',(0.,0.,1.));
#2430=DIRECTION('ref_axis',(-1.,0.,0.));
#2431=DIRECTION('center_axis',(0.,0.,1.));
#2432=DIRECTION('ref_axis',(-1.,0.,0.));
#2433=DIRECTION('center_axis',(0.,0.,1.));
#2434=DIRECTION('ref_axis',(-1.,0.,0.));
#2435=DIRECTION('center_axis',(0.,0.,1.));
#2436=DIRECTION('ref_axis',(-1.,0.,0.));
#2437=DIRECTION('',(0.,0.,-1.));
#2438=DIRECTION('center_axis',(0.,0.,1.));
#2439=DIRECTION('ref_axis',(-1.,0.,0.));
#2440=DIRECTION('',(0.,0.,-1.));
#2441=DIRECTION('center_axis',(-1.,8.88178419700125E-17,0.));
#2442=DIRECTION('ref_axis',(-8.88178419700125E-17,-1.,0.));
#2443=DIRECTION('center_axis',(0.,0.,1.));
#2444=DIRECTION('ref_axis',(-1.,0.,0.));
#2445=DIRECTION('',(0.,0.,1.));
#2446=DIRECTION('center_axis',(-1.,0.,0.));
#2447=DIRECTION('ref_axis',(0.,-1.,0.));
#2448=DIRECTION('',(0.,0.,1.));
#2449=DIRECTION('center_axis',(0.,0.,1.));
#2450=DIRECTION('ref_axis',(0.,1.,0.));
#2451=DIRECTION('',(0.,0.,1.));
#2452=DIRECTION('center_axis',(0.,1.,0.));
#2453=DIRECTION('ref_axis',(-1.,0.,0.));
#2454=DIRECTION('',(0.,0.,1.));
#2455=DIRECTION('center_axis',(0.,0.,1.));
#2456=DIRECTION('ref_axis',(6.83214169000097E-15,-1.,0.));
#2457=DIRECTION('',(0.,0.,1.));
#2458=DIRECTION('center_axis',(-1.,0.,0.));
#2459=DIRECTION('ref_axis',(0.,-1.,0.));
#2460=DIRECTION('',(0.,0.,1.));
#2461=DIRECTION('center_axis',(0.,0.,1.));
#2462=DIRECTION('ref_axis',(0.,1.,0.));
#2463=CARTESIAN_POINT('',(0.,0.,0.));
#2464=CARTESIAN_POINT('Origin',(13.6500002235174,-30.1500000447035,-4.86072187500001));
#2465=CARTESIAN_POINT('',(14.0000002235174,-29.8000000447035,-3.27077238133884));
#2466=CARTESIAN_POINT('',(14.0000002235174,-29.8000000447035,-4.86072187500001));
#2467=CARTESIAN_POINT('',(14.0000002235174,-29.8000000447035,-4.86072187500001));
#2468=CARTESIAN_POINT('',(13.3000002235174,-30.5000000447035,-4.86072187500001));
#2469=CARTESIAN_POINT('',(10.3375000679865,-33.4625002002344,-4.86072187500001));
#2470=CARTESIAN_POINT('',(13.3000002235174,-30.5000000447035,-3.56072187500001));
#2471=CARTESIAN_POINT('',(13.3000002235174,-30.5000000447035,-4.86072187500001));
#2472=CARTESIAN_POINT('',(13.3000002235174,-30.5000000447035,-3.56072187500001));
#2473=CARTESIAN_POINT('Origin',(13.6500002235174,-30.1025126712882,-3.46323450158472));
#2474=CARTESIAN_POINT('',(13.3000002235174,-31.2000000447035,-2.86072187500001));
#2475=CARTESIAN_POINT('',(13.3000002235174,-30.3500000447035,-3.71072187500001));
#2476=CARTESIAN_POINT('',(14.0000002235174,-30.2100505510423,-2.86072187500001));
#2477=CARTESIAN_POINT('',(12.5187657322444,-32.3048324576555,-2.86072187500001));
#2478=CARTESIAN_POINT('',(14.0000002235174,-29.8550252978729,-3.21574712816943));
#2479=CARTESIAN_POINT('Origin',(14.0000002235174,-30.5000000447035,-4.86072187500001));
#2480=CARTESIAN_POINT('',(14.0000002235174,-14.4000002086163,-2.86072187500001));
#2481=CARTESIAN_POINT('',(14.0000002235174,-25.7500003911555,-2.86072187500001));
#2482=CARTESIAN_POINT('',(14.0000002235174,-14.4000002086163,-4.86072187500001));
#2483=CARTESIAN_POINT('',(14.0000002235174,-14.4000002086163,-4.86072187500001));
#2484=CARTESIAN_POINT('',(14.0000002235174,-30.5000000447035,-4.86072187500001));
#2485=CARTESIAN_POINT('Origin',(13.6500002235174,-14.0500002086163,-4.86072187500001));
#2486=CARTESIAN_POINT('',(13.3000002235174,-13.7000002086163,-2.86072187500001));
#2487=CARTESIAN_POINT('',(8.53750014249232,-8.93750012759118,-2.86072187500001));
#2488=CARTESIAN_POINT('',(13.3000002235174,-13.7000002086163,-4.86072187500001));
#2489=CARTESIAN_POINT('',(13.3000002235174,-13.7000002086163,-4.86072187500001));
#2490=CARTESIAN_POINT('',(8.53750014249232,-8.93750012759118,-4.86072187500001));
#2491=CARTESIAN_POINT('Origin',(12.8499993443489,-13.3500002086163,-4.86072187500001));
#2492=CARTESIAN_POINT('',(13.1999993443489,-13.7000002086163,-2.86072187500001));
#2493=CARTESIAN_POINT('',(12.4999993443489,-13.0000002086163,-3.56072187500001));
#2494=CARTESIAN_POINT('',(12.3499993362774,-12.8500002005448,-3.71072188307147));
#2495=CARTESIAN_POINT('',(12.4999993443489,-13.0000002086163,-4.86072187500001));
#2496=CARTESIAN_POINT('',(12.4999993443489,-13.0000002086163,-4.86072187500001));
#2497=CARTESIAN_POINT('',(13.1999993443489,-13.7000002086163,-4.86072187500001));
#2498=CARTESIAN_POINT('',(8.11249948311595,-8.61250034738332,-4.86072187500001));
#2499=CARTESIAN_POINT('',(13.1999993443489,-13.7000002086163,-4.86072187500001));
#2500=CARTESIAN_POINT('Origin',(12.4999993443489,-5.50000004470348,-4.86072187500001));
#2501=CARTESIAN_POINT('',(12.4999993443489,-5.50000004470348,-3.56072187500001));
#2502=CARTESIAN_POINT('',(12.4999993443489,-12.0000001601875,-3.56072187500001));
#2503=CARTESIAN_POINT('',(12.4999993443489,-5.50000004470348,-4.86072187500001));
#2504=CARTESIAN_POINT('',(12.4999993443489,-5.50000004470348,-4.86072187500001));
#2505=CARTESIAN_POINT('',(12.4999993443489,-5.50000004470348,-4.86072187500001));
#2506=CARTESIAN_POINT('Origin',(12.8499993443489,-12.0000001601875,-3.21072187500001));
#2507=CARTESIAN_POINT('',(13.1999993443489,-4.80000004470348,-2.86072187500001));
#2508=CARTESIAN_POINT('',(13.1999993443489,-12.0000001601875,-2.86072187500001));
#2509=CARTESIAN_POINT('',(13.1999993443489,-4.80000004470348,-2.86072187500001));
#2510=CARTESIAN_POINT('Origin',(12.4999993443489,-30.5000000447035,-4.86072187500001));
#2511=CARTESIAN_POINT('',(-41.5000006556511,-30.5000000447035,-4.86072187500001));
#2512=CARTESIAN_POINT('',(-18.3750004116446,-30.5000000447035,-4.86072187500001));
#2513=CARTESIAN_POINT('',(-41.5000006556511,-30.5000000447035,-3.56072187500001));
#2514=CARTESIAN_POINT('',(-41.5000006556511,-30.5000000447035,-4.86072187500001));
#2515=CARTESIAN_POINT('',(-18.3750004116446,-30.5000000447035,-3.56072187500001));
#2516=CARTESIAN_POINT('Origin',(5.99999934434891,-5.80000004470348,-3.56072187500001));
#2517=CARTESIAN_POINT('',(5.29999934434891,-6.50000004470348,-3.56072187500001));
#2518=CARTESIAN_POINT('',(5.29999934434891,-5.80000004470348,-2.86072187500001));
#2519=CARTESIAN_POINT('',(5.29999934434891,-6.50000004470348,-3.56072187500001));
#2520=CARTESIAN_POINT('',(5.99999934434891,-5.80000004470348,-3.56072187500001));
#2521=CARTESIAN_POINT('',(5.99999934434891,-5.80000004470348,-3.56072187500001));
#2522=CARTESIAN_POINT('',(5.29999934434891,-5.80000004470348,-2.86072187500001));
#2523=CARTESIAN_POINT('Origin',(5.64999934434891,-6.15000004470348,-4.86072187500001));
#2524=CARTESIAN_POINT('',(5.29999934434891,-6.50000004470348,-4.86072187500001));
#2525=CARTESIAN_POINT('',(5.99999934434891,-5.80000004470348,-4.86072187500001));
#2526=CARTESIAN_POINT('',(-1.66250059138984,-13.4624999804422,-4.86072187500001));
#2527=CARTESIAN_POINT('',(5.99999934434891,-5.80000004470348,-4.86072187500001));
#2528=CARTESIAN_POINT('',(5.29999934434891,-6.50000004470348,-4.86072187500001));
#2529=CARTESIAN_POINT('Origin',(5.64999934434891,-12.5000001601875,-3.21072187500001));
#2530=CARTESIAN_POINT('',(5.99999934434891,-5.50000004470348,-3.56072187500001));
#2531=CARTESIAN_POINT('',(5.29999934434891,-4.80000004470348,-2.86072187500001));
#2532=CARTESIAN_POINT('',(4.70416607093067,-4.20416677128524,-2.26488860158176));
#2533=CARTESIAN_POINT('',(5.29999934434891,-12.5000001601875,-2.86072187500001));
#2534=CARTESIAN_POINT('',(5.99999934434891,-12.5000001601875,-3.56072187500001));
#2535=CARTESIAN_POINT('Origin',(3.69999934434891,-6.50000004470348,-3.56072187500001));
#2536=CARTESIAN_POINT('',(2.99999934434891,-5.80000004470348,-3.56072187500001));
#2537=CARTESIAN_POINT('',(3.69999934434891,-5.80000004470348,-2.86072187500001));
#2538=CARTESIAN_POINT('',(2.99999934434891,-5.80000004470348,-3.56072187500001));
#2539=CARTESIAN_POINT('',(3.69999934434891,-6.50000004470348,-3.56072187500001));
#2540=CARTESIAN_POINT('',(3.69999934434891,-6.50000004470348,-3.56072187500001));
#2541=CARTESIAN_POINT('',(3.69999934434891,-5.80000004470348,-2.86072187500001));
#2542=CARTESIAN_POINT('Origin',(3.34999934434891,-6.15000004470348,-4.86072187500001));
#2543=CARTESIAN_POINT('',(2.99999934434891,-5.80000004470348,-4.86072187500001));
#2544=CARTESIAN_POINT('',(3.69999934434891,-6.50000004470348,-4.86072187500001));
#2545=CARTESIAN_POINT('',(2.78749952409416,-5.58750022444874,-4.86072187500001));
#2546=CARTESIAN_POINT('',(3.69999934434891,-6.50000004470348,-4.86072187500001));
#2547=CARTESIAN_POINT('',(2.99999934434891,-5.80000004470348,-4.86072187500001));
#2548=CARTESIAN_POINT('Origin',(-4.12500041164458,-6.15000004470348,-3.21072187500001));
#2549=CARTESIAN_POINT('',(-4.12500041164458,-5.80000004470348,-2.86072187500001));
#2550=CARTESIAN_POINT('',(-4.12500041164458,-6.50000004470348,-3.56072187500001));
#2551=CARTESIAN_POINT('Origin',(3.34999934434891,-11.5000001601875,-3.21072187500001));
#2552=CARTESIAN_POINT('',(3.69999934434891,-4.80000004470348,-2.86072187500001));
#2553=CARTESIAN_POINT('',(2.99999934434891,-5.50000004470348,-3.56072187500001));
#2554=CARTESIAN_POINT('',(0.504166032435996,-7.9958333566164,-6.05655518691292));
#2555=CARTESIAN_POINT('',(2.99999934434891,-11.5000001601875,-3.56072187500001));
#2556=CARTESIAN_POINT('',(3.69999934434891,-11.5000001601875,-2.86072187500001));
#2557=CARTESIAN_POINT('Origin',(2.99999934434891,-6.50000004470348,-4.86072187500001));
#2558=CARTESIAN_POINT('',(2.99999934434891,-6.50000004470348,-4.86072187500001));
#2559=CARTESIAN_POINT('Origin',(-11.2500001676381,-18.5000002756715,-4.86072187500001));
#2560=CARTESIAN_POINT('',(14.7000002235174,-33.0000005066395,-4.86072187500001));
#2561=CARTESIAN_POINT('',(14.7000002235174,-13.7000000447035,-4.86072187500001));
#2562=CARTESIAN_POINT('',(14.7000002235174,-33.0000005066395,-4.86072187500001));
#2563=CARTESIAN_POINT('',(14.0000002235174,-33.7000005066395,-4.86072187500001));
#2564=CARTESIAN_POINT('Origin',(14.0000002235174,-33.0000005066395,-4.86072187500001));
#2565=CARTESIAN_POINT('',(-47.0000007152557,-33.7000005066395,-4.86072187500001));
#2566=CARTESIAN_POINT('',(-47.0000007152557,-33.7000005066395,-4.86072187500001));
#2567=CARTESIAN_POINT('',(-47.7000007152557,-33.0000005066395,-4.86072187500001));
#2568=CARTESIAN_POINT('Origin',(-47.0000007152557,-33.0000005066395,-4.86072187500001));
#2569=CARTESIAN_POINT('',(-47.7000007152557,-24.0000003427267,-4.86072187500001));
#2570=CARTESIAN_POINT('',(-47.7000007152557,-24.0000003427267,-4.86072187500001));
#2571=CARTESIAN_POINT('',(-47.0000007152557,-23.3000003427267,-4.86072187500001));
#2572=CARTESIAN_POINT('Origin',(-47.0000007152557,-24.0000003427267,-4.86072187500001));
#2573=CARTESIAN_POINT('',(-45.0000006556511,-23.3000003427267,-4.86072187500001));
#2574=CARTESIAN_POINT('',(-45.0000006556511,-23.3000003427267,-4.86072187500001));
#2575=CARTESIAN_POINT('',(-43.7000006556511,-22.0000003427267,-4.86072187500001));
#2576=CARTESIAN_POINT('Origin',(-45.0000006556511,-22.0000003427267,-4.86072187500001));
#2577=CARTESIAN_POINT('',(-43.7000006556511,-4.00000004470348,-4.86072187500001));
#2578=CARTESIAN_POINT('',(-43.7000006556511,-4.00000004470348,-4.86072187500001));
#2579=CARTESIAN_POINT('',(-43.0000006556511,-3.30000004470348,-4.86072187500001));
#2580=CARTESIAN_POINT('Origin',(-43.0000006556511,-4.00000004470348,-4.86072187500001));
#2581=CARTESIAN_POINT('',(25.2000003799796,-3.30000004470348,-4.86072187500001));
#2582=CARTESIAN_POINT('',(25.2000003799796,-3.30000004470348,-4.86072187500001));
#2583=CARTESIAN_POINT('',(25.2000003799796,-13.7000002086163,-4.86072187500001));
#2584=CARTESIAN_POINT('',(25.2000003799796,-13.7000002086163,-4.86072187500001));
#2585=CARTESIAN_POINT('',(16.0000002235174,-13.7000002086163,-4.86072187500001));
#2586=CARTESIAN_POINT('',(5.99999934434891,-5.50000004470348,-4.86072187500001));
#2587=CARTESIAN_POINT('',(-3.50000065565109,-5.50000004470348,-4.86072187500001));
#2588=CARTESIAN_POINT('',(5.99999934434891,-6.50000004470348,-4.86072187500001));
#2589=CARTESIAN_POINT('',(2.99999934434891,-5.50000004470348,-4.86072187500001));
#2590=CARTESIAN_POINT('',(2.99999934434891,-4.50000004470348,-4.86072187500001));
#2591=CARTESIAN_POINT('',(-3.50000065565109,-5.50000004470348,-4.86072187500001));
#2592=CARTESIAN_POINT('',(-3.50000065565109,-5.50000004470348,-4.86072187500001));
#2593=CARTESIAN_POINT('',(-3.50000065565109,-13.0000002086163,-4.86072187500001));
#2594=CARTESIAN_POINT('',(-3.50000065565109,-30.5000000447035,-4.86072187500001));
#2595=CARTESIAN_POINT('',(-4.20000065565109,-13.7000002086163,-4.86072187500001));
#2596=CARTESIAN_POINT('',(-6.98750055041163,-16.4875001033768,-4.86072187500001));
#2597=CARTESIAN_POINT('',(-5.80000065565109,-13.7000002086163,-4.86072187500001));
#2598=CARTESIAN_POINT('',(2.37500002793968,-13.7000002086163,-4.86072187500001));
#2599=CARTESIAN_POINT('',(-6.50000065565109,-13.0000002086163,-4.86072187500001));
#2600=CARTESIAN_POINT('',(-6.13750051688402,-13.3625003473833,-4.86072187500001));
#2601=CARTESIAN_POINT('',(-6.50000065565109,-5.50000004470348,-4.86072187500001));
#2602=CARTESIAN_POINT('',(-6.50000065565109,-5.50000004470348,-4.86072187500001));
#2603=CARTESIAN_POINT('',(-13.0000006556511,-5.50000004470348,-4.86072187500001));
#2604=CARTESIAN_POINT('',(-22.5000006556511,-5.50000004470348,-4.86072187500001));
#2605=CARTESIAN_POINT('',(-13.0000006556511,-5.80000004470348,-4.86072187500001));
#2606=CARTESIAN_POINT('',(-13.0000006556511,-6.50000004470348,-4.86072187500001));
#2607=CARTESIAN_POINT('',(-13.7000006556511,-6.50000004470348,-4.86072187500001));
#2608=CARTESIAN_POINT('',(-15.9125005913898,-8.71249998044222,-4.86072187500001));
#2609=CARTESIAN_POINT('',(-15.3000006556511,-6.50000004470348,-4.86072187500001));
#2610=CARTESIAN_POINT('',(-16.0000006556511,-6.50000004470348,-4.86072187500001));
#2611=CARTESIAN_POINT('',(-16.0000006556511,-5.80000004470348,-4.86072187500001));
#2612=CARTESIAN_POINT('',(-11.4625004759058,-10.3375002244487,-4.86072187500001));
#2613=CARTESIAN_POINT('',(-16.0000006556511,-5.50000004470348,-4.86072187500001));
#2614=CARTESIAN_POINT('',(-16.0000006556511,-4.50000004470348,-4.86072187500001));
#2615=CARTESIAN_POINT('',(-22.5000006556511,-5.50000004470348,-4.86072187500001));
#2616=CARTESIAN_POINT('',(-22.5000006556511,-5.50000004470348,-4.86072187500001));
#2617=CARTESIAN_POINT('',(-22.5000006556511,-13.0000002086163,-4.86072187500001));
#2618=CARTESIAN_POINT('',(-22.5000006556511,-30.5000000447035,-4.86072187500001));
#2619=CARTESIAN_POINT('',(-23.2000006556511,-13.7000002086163,-4.86072187500001));
#2620=CARTESIAN_POINT('',(-21.2375005504117,-11.7375001033768,-4.86072187500001));
#2621=CARTESIAN_POINT('',(-24.8000006556511,-13.7000002086163,-4.86072187500001));
#2622=CARTESIAN_POINT('',(2.37500002793968,-13.7000002086163,-4.86072187500001));
#2623=CARTESIAN_POINT('',(-25.5000006556511,-13.0000002086163,-4.86072187500001));
#2624=CARTESIAN_POINT('',(-20.387500516884,-18.1125003473833,-4.86072187500001));
#2625=CARTESIAN_POINT('',(-25.5000006556511,-5.50000004470348,-4.86072187500001));
#2626=CARTESIAN_POINT('',(-25.5000006556511,-5.50000004470348,-4.86072187500001));
#2627=CARTESIAN_POINT('',(-32.0000006556511,-5.50000004470348,-4.86072187500001));
#2628=CARTESIAN_POINT('',(-41.5000006556511,-5.50000004470348,-4.86072187500001));
#2629=CARTESIAN_POINT('',(-32.0000006556511,-5.80000004470348,-4.86072187500001));
#2630=CARTESIAN_POINT('',(-32.0000006556511,-6.50000004470348,-4.86072187500001));
#2631=CARTESIAN_POINT('',(-32.7000006556511,-6.50000004470348,-4.86072187500001));
#2632=CARTESIAN_POINT('',(-30.1625005913898,-3.96249998044223,-4.86072187500001));
#2633=CARTESIAN_POINT('',(-34.3000006556511,-6.50000004470348,-4.86072187500001));
#2634=CARTESIAN_POINT('',(-35.0000006556511,-6.50000004470348,-4.86072187500001));
#2635=CARTESIAN_POINT('',(-35.0000006556511,-5.80000004470348,-4.86072187500001));
#2636=CARTESIAN_POINT('',(-25.7125004759058,-15.0875002244487,-4.86072187500001));
#2637=CARTESIAN_POINT('',(-35.0000006556511,-5.50000004470348,-4.86072187500001));
#2638=CARTESIAN_POINT('',(-35.0000006556511,-4.50000004470348,-4.86072187500001));
#2639=CARTESIAN_POINT('',(-41.5000006556511,-5.50000004470348,-4.86072187500001));
#2640=CARTESIAN_POINT('',(-41.5000006556511,-5.50000004470348,-4.86072187500001));
#2641=CARTESIAN_POINT('',(-41.5000006556511,-30.5000000447035,-4.86072187500001));
#2642=CARTESIAN_POINT('',(16.0000002235174,-13.7000002086163,-4.86072187500001));
#2643=CARTESIAN_POINT('',(-44.2155216635587,-28.6903830811338,-4.86072187500001));
#2644=CARTESIAN_POINT('Origin',(-45.4155216635587,-28.6903830811338,-4.86072187500001));
#2645=CARTESIAN_POINT('',(21.2000002980232,-9.00000013411045,-4.86072187500001));
#2646=CARTESIAN_POINT('Origin',(20.0000002980232,-9.00000013411045,-4.86072187500001));
#2647=CARTESIAN_POINT('Origin',(2.99999934434891,-4.50000004470348,-4.86072187500001));
#2648=CARTESIAN_POINT('',(2.99999934434891,-5.50000004470348,-4.86072187500001));
#2649=CARTESIAN_POINT('Origin',(-13.0000006556511,-5.80000004470348,-3.56072187500001));
#2650=CARTESIAN_POINT('',(-13.7000006556511,-6.50000004470348,-3.56072187500001));
#2651=CARTESIAN_POINT('',(-13.7000006556511,-5.80000004470348,-2.86072187500001));
#2652=CARTESIAN_POINT('',(-13.7000006556511,-6.50000004470348,-3.56072187500001));
#2653=CARTESIAN_POINT('',(-13.0000006556511,-5.80000004470348,-3.56072187500001));
#2654=CARTESIAN_POINT('',(-13.0000006556511,-5.80000004470348,-3.56072187500001));
#2655=CARTESIAN_POINT('',(-13.7000006556511,-5.80000004470348,-2.86072187500001));
#2656=CARTESIAN_POINT('Origin',(-13.3500006556511,-6.15000004470348,-4.86072187500001));
#2657=CARTESIAN_POINT('',(-13.0000006556511,-5.80000004470348,-4.86072187500001));
#2658=CARTESIAN_POINT('',(-13.7000006556511,-6.50000004470348,-4.86072187500001));
#2659=CARTESIAN_POINT('Origin',(-13.3500006556511,-12.5000001601875,-3.21072187500001));
#2660=CARTESIAN_POINT('',(-13.0000006556511,-5.50000004470348,-3.56072187500001));
#2661=CARTESIAN_POINT('',(-13.7000006556511,-4.80000004470348,-2.86072187500001));
#2662=CARTESIAN_POINT('',(-12.712500595736,-5.78750010461857,-3.84822193491509));
#2663=CARTESIAN_POINT('',(-13.7000006556511,-12.5000001601875,-2.86072187500001));
#2664=CARTESIAN_POINT('',(-13.0000006556511,-12.5000001601875,-3.56072187500001));
#2665=CARTESIAN_POINT('Origin',(-15.3000006556511,-6.50000004470348,-3.56072187500001));
#2666=CARTESIAN_POINT('',(-16.0000006556511,-5.80000004470348,-3.56072187500001));
#2667=CARTESIAN_POINT('',(-15.3000006556511,-5.80000004470348,-2.86072187500001));
#2668=CARTESIAN_POINT('',(-16.0000006556511,-5.80000004470348,-3.56072187500001));
#2669=CARTESIAN_POINT('',(-15.3000006556511,-6.50000004470348,-3.56072187500001));
#2670=CARTESIAN_POINT('',(-15.3000006556511,-6.50000004470348,-3.56072187500001));
#2671=CARTESIAN_POINT('',(-15.3000006556511,-5.80000004470348,-2.86072187500001));
#2672=CARTESIAN_POINT('Origin',(-15.6500006556511,-6.15000004470348,-4.86072187500001));
#2673=CARTESIAN_POINT('',(-15.3000006556511,-6.50000004470348,-4.86072187500001));
#2674=CARTESIAN_POINT('',(-16.0000006556511,-5.80000004470348,-4.86072187500001));
#2675=CARTESIAN_POINT('Origin',(-13.6250004116446,-6.15000004470348,-3.21072187500001));
#2676=CARTESIAN_POINT('',(-13.6250004116446,-5.80000004470348,-2.86072187500001));
#2677=CARTESIAN_POINT('',(-13.6250004116446,-6.50000004470348,-3.56072187500001));
#2678=CARTESIAN_POINT('Origin',(-15.6500006556511,-11.5000001601875,-3.21072187500001));
#2679=CARTESIAN_POINT('',(-15.3000006556511,-4.80000004470348,-2.86072187500001));
#2680=CARTESIAN_POINT('',(-16.0000006556511,-5.50000004470348,-3.56072187500001));
#2681=CARTESIAN_POINT('',(-16.9125006342307,-6.41250002328306,-4.47322185357959));
#2682=CARTESIAN_POINT('',(-16.0000006556511,-11.5000001601875,-3.56072187500001));
#2683=CARTESIAN_POINT('',(-15.3000006556511,-11.5000001601875,-2.86072187500001));
#2684=CARTESIAN_POINT('Origin',(-16.0000006556511,-6.50000004470348,-4.86072187500001));
#2685=CARTESIAN_POINT('Origin',(-16.0000006556511,-4.50000004470348,-4.86072187500001));
#2686=CARTESIAN_POINT('',(-16.0000006556511,-5.50000004470348,-4.86072187500001));
#2687=CARTESIAN_POINT('Origin',(-32.0000006556511,-5.80000004470348,-3.56072187500001));
#2688=CARTESIAN_POINT('',(-32.7000006556511,-6.50000004470348,-3.56072187500001));
#2689=CARTESIAN_POINT('',(-32.7000006556511,-5.80000004470348,-2.86072187500001));
#2690=CARTESIAN_POINT('',(-32.7000006556511,-6.50000004470348,-3.56072187500001));
#2691=CARTESIAN_POINT('',(-32.0000006556511,-5.80000004470348,-3.56072187500001));
#2692=CARTESIAN_POINT('',(-32.0000006556511,-5.80000004470348,-3.56072187500001));
#2693=CARTESIAN_POINT('',(-32.7000006556511,-5.80000004470348,-2.86072187500001));
#2694=CARTESIAN_POINT('Origin',(-32.3500006556511,-6.15000004470348,-4.86072187500001));
#2695=CARTESIAN_POINT('',(-32.0000006556511,-5.80000004470348,-4.86072187500001));
#2696=CARTESIAN_POINT('',(-32.7000006556511,-6.50000004470348,-4.86072187500001));
#2697=CARTESIAN_POINT('Origin',(-32.3500006556511,-12.5000001601875,-3.21072187500001));
#2698=CARTESIAN_POINT('',(-32.0000006556511,-5.50000004470348,-3.56072187500001));
#2699=CARTESIAN_POINT('',(-32.7000006556511,-4.80000004470348,-2.86072187500001));
#2700=CARTESIAN_POINT('',(-30.1291672624027,-7.37083343795191,-5.43155526824843));
#2701=CARTESIAN_POINT('',(-32.7000006556511,-12.5000001601875,-2.86072187500001));
#2702=CARTESIAN_POINT('',(-32.0000006556511,-12.5000001601875,-3.56072187500001));
#2703=CARTESIAN_POINT('Origin',(-34.3000006556511,-6.50000004470348,-3.56072187500001));
#2704=CARTESIAN_POINT('',(-35.0000006556511,-5.80000004470348,-3.56072187500001));
#2705=CARTESIAN_POINT('',(-34.3000006556511,-5.80000004470348,-2.86072187500001));
#2706=CARTESIAN_POINT('',(-35.0000006556511,-5.80000004470348,-3.56072187500001));
#2707=CARTESIAN_POINT('',(-34.3000006556511,-6.50000004470348,-3.56072187500001));
#2708=CARTESIAN_POINT('',(-34.3000006556511,-6.50000004470348,-3.56072187500001));
#2709=CARTESIAN_POINT('',(-34.3000006556511,-5.80000004470348,-2.86072187500001));
#2710=CARTESIAN_POINT('Origin',(-34.6500006556511,-6.15000004470348,-4.86072187500001));
#2711=CARTESIAN_POINT('',(-34.3000006556511,-6.50000004470348,-4.86072187500001));
#2712=CARTESIAN_POINT('',(-35.0000006556511,-5.80000004470348,-4.86072187500001));
#2713=CARTESIAN_POINT('Origin',(-23.1250004116446,-6.15000004470348,-3.21072187500001));
#2714=CARTESIAN_POINT('',(-23.1250004116446,-5.80000004470348,-2.86072187500001));
#2715=CARTESIAN_POINT('',(-23.1250004116446,-6.50000004470348,-3.56072187500001));
#2716=CARTESIAN_POINT('Origin',(-34.6500006556511,-11.5000001601875,-3.21072187500001));
#2717=CARTESIAN_POINT('',(-34.3000006556511,-4.80000004470348,-2.86072187500001));
#2718=CARTESIAN_POINT('',(-35.0000006556511,-5.50000004470348,-3.56072187500001));
#2719=CARTESIAN_POINT('',(-34.3291673008974,-4.82916668994973,-2.88988852024626));
#2720=CARTESIAN_POINT('',(-35.0000006556511,-11.5000001601875,-3.56072187500001));
#2721=CARTESIAN_POINT('',(-34.3000006556511,-11.5000001601875,-2.86072187500001));
#2722=CARTESIAN_POINT('Origin',(-35.0000006556511,-6.50000004470348,-4.86072187500001));
#2723=CARTESIAN_POINT('Origin',(-35.0000006556511,-4.50000004470348,-4.86072187500001));
#2724=CARTESIAN_POINT('',(-35.0000006556511,-5.50000004470348,-4.86072187500001));
#2725=CARTESIAN_POINT('Origin',(-32.0000006556511,-6.50000004470348,-4.86072187500001));
#2726=CARTESIAN_POINT('',(-32.0000006556511,-5.50000004470348,-4.86072187500001));
#2727=CARTESIAN_POINT('Origin',(-41.5000006556511,-5.50000004470348,-4.86072187500001));
#2728=CARTESIAN_POINT('',(-41.5000006556511,-5.50000004470348,-3.56072187500001));
#2729=CARTESIAN_POINT('',(-26.3750004116446,-5.50000004470348,-3.56072187500001));
#2730=CARTESIAN_POINT('',(-41.5000006556511,-5.50000004470348,-4.86072187500001));
#2731=CARTESIAN_POINT('Origin',(-26.3750004116446,-5.15000004470348,-3.21072187500001));
#2732=CARTESIAN_POINT('',(-42.2000006556511,-4.80000004470348,-2.86072187500001));
#2733=CARTESIAN_POINT('',(-26.3750004116446,-4.80000004470348,-2.86072187500001));
#2734=CARTESIAN_POINT('',(-42.2000006556511,-4.80000004470348,-2.86072187500001));
#2735=CARTESIAN_POINT('Origin',(-13.0000006556511,-6.50000004470348,-4.86072187500001));
#2736=CARTESIAN_POINT('',(-13.0000006556511,-5.50000004470348,-4.86072187500001));
#2737=CARTESIAN_POINT('Origin',(-22.5000006556511,-5.50000004470348,-4.86072187500001));
#2738=CARTESIAN_POINT('',(-22.5000006556511,-5.50000004470348,-3.56072187500001));
#2739=CARTESIAN_POINT('',(-16.8750004116446,-5.50000004470348,-3.56072187500001));
#2740=CARTESIAN_POINT('',(-22.5000006556511,-5.50000004470348,-4.86072187500001));
#2741=CARTESIAN_POINT('Origin',(-16.8750004116446,-5.15000004470348,-3.21072187500001));
#2742=CARTESIAN_POINT('',(-23.2000006556511,-4.80000004470348,-2.86072187500001));
#2743=CARTESIAN_POINT('',(-16.8750004116446,-4.80000004470348,-2.86072187500001));
#2744=CARTESIAN_POINT('',(-23.2000006556511,-4.80000004470348,-2.86072187500001));
#2745=CARTESIAN_POINT('Origin',(5.99999934434891,-6.50000004470348,-4.86072187500001));
#2746=CARTESIAN_POINT('',(5.99999934434891,-5.50000004470348,-4.86072187500001));
#2747=CARTESIAN_POINT('Origin',(-3.50000065565109,-5.50000004470348,-4.86072187500001));
#2748=CARTESIAN_POINT('',(-3.50000065565109,-5.50000004470348,-3.56072187500001));
#2749=CARTESIAN_POINT('',(-7.37500041164458,-5.50000004470348,-3.56072187500001));
#2750=CARTESIAN_POINT('',(-3.50000065565109,-5.50000004470348,-4.86072187500001));
#2751=CARTESIAN_POINT('Origin',(-7.37500041164458,-5.15000004470348,-3.21072187500001));
#2752=CARTESIAN_POINT('',(-4.20000065565109,-4.80000004470348,-2.86072187500001));
#2753=CARTESIAN_POINT('',(-7.37500041164458,-4.80000004470348,-2.86072187500001));
#2754=CARTESIAN_POINT('',(-4.20000065565109,-4.80000004470348,-2.86072187500001));
#2755=CARTESIAN_POINT('Origin',(-3.85000065565109,-13.3500002086163,-4.86072187500001));
#2756=CARTESIAN_POINT('',(-3.50000065565109,-13.0000002086163,-3.56072187500001));
#2757=CARTESIAN_POINT('',(-3.50000065565109,-13.0000002086163,-4.86072187500001));
#2758=CARTESIAN_POINT('',(-4.20000065565109,-13.7000002086163,-2.86072187500001));
#2759=CARTESIAN_POINT('',(-5.43333398091296,-14.9333335338781,-1.62738854973813));
#2760=CARTESIAN_POINT('',(-4.20000065565109,-13.7000002086163,-4.86072187500001));
#2761=CARTESIAN_POINT('Origin',(16.0000002235174,-13.7000002086163,-4.86072187500001));
#2762=CARTESIAN_POINT('',(-5.80000065565109,-13.7000002086163,-2.86072187500001));
#2763=CARTESIAN_POINT('',(2.37500002793968,-13.7000002086163,-2.86072187500001));
#2764=CARTESIAN_POINT('',(-5.80000065565109,-13.7000002086163,-4.86072187500001));
#2765=CARTESIAN_POINT('Origin',(-6.15000065565109,-13.3500002086163,-4.86072187500001));
#2766=CARTESIAN_POINT('',(-6.50000065565109,-13.0000002086163,-3.56072187500001));
#2767=CARTESIAN_POINT('',(-6.65000066372255,-12.8500002005448,-3.71072188307147));
#2768=CARTESIAN_POINT('',(-6.50000065565109,-13.0000002086163,-4.86072187500001));
#2769=CARTESIAN_POINT('Origin',(-22.8500006556511,-13.3500002086163,-4.86072187500001));
#2770=CARTESIAN_POINT('',(-22.5000006556511,-13.0000002086163,-3.56072187500001));
#2771=CARTESIAN_POINT('',(-22.5000006556511,-13.0000002086163,-4.86072187500001));
#2772=CARTESIAN_POINT('',(-23.2000006556511,-13.7000002086163,-2.86072187500001));
#2773=CARTESIAN_POINT('',(-24.433333980913,-14.9333335338781,-1.62738854973813));
#2774=CARTESIAN_POINT('',(-23.2000006556511,-13.7000002086163,-4.86072187500001));
#2775=CARTESIAN_POINT('Origin',(-22.5000006556511,-30.5000000447035,-4.86072187500001));
#2776=CARTESIAN_POINT('',(-22.5000006556511,-24.5000001601875,-3.56072187500001));
#2777=CARTESIAN_POINT('Origin',(-25.1500006556511,-13.3500002086163,-4.86072187500001));
#2778=CARTESIAN_POINT('',(-24.8000006556511,-13.7000002086163,-2.86072187500001));
#2779=CARTESIAN_POINT('',(-25.5000006556511,-13.0000002086163,-3.56072187500001));
#2780=CARTESIAN_POINT('',(-25.6500006637226,-12.8500002005448,-3.71072188307147));
#2781=CARTESIAN_POINT('',(-25.5000006556511,-13.0000002086163,-4.86072187500001));
#2782=CARTESIAN_POINT('',(-24.8000006556511,-13.7000002086163,-4.86072187500001));
#2783=CARTESIAN_POINT('Origin',(-25.5000006556511,-5.50000004470348,-4.86072187500001));
#2784=CARTESIAN_POINT('',(-25.5000006556511,-5.50000004470348,-3.56072187500001));
#2785=CARTESIAN_POINT('',(-25.5000006556511,-12.0000001601875,-3.56072187500001));
#2786=CARTESIAN_POINT('',(-25.5000006556511,-5.50000004470348,-4.86072187500001));
#2787=CARTESIAN_POINT('Origin',(16.0000002235174,-13.7000002086163,-4.86072187500001));
#2788=CARTESIAN_POINT('',(14.0000002235174,-13.7000000447035,-2.86072187500001));
#2789=CARTESIAN_POINT('',(14.7000002235174,-13.7000000447035,-3.56072187500001));
#2790=CARTESIAN_POINT('',(15.0000002235174,-13.7000002086163,-3.86072187500001));
#2791=CARTESIAN_POINT('',(14.7000002235174,-13.7000002086163,-4.21072187500001));
#2792=CARTESIAN_POINT('',(25.2000003799796,-13.7000002086163,-3.56072187500001));
#2793=CARTESIAN_POINT('',(25.2000003799796,-13.7000002086163,-4.86072187500001));
#2794=CARTESIAN_POINT('',(16.0000002235174,-13.7000002086163,-3.56072187500001));
#2795=CARTESIAN_POINT('',(2.37500002793968,-13.7000002086163,-3.56072187500001));
#2796=CARTESIAN_POINT('',(14.4801318081604,-13.7000002086163,-2.86072187500001));
#2797=CARTESIAN_POINT('Ctrl Pts',(14.4801318081604,-13.7000002086163,-2.86072187500001));
#2798=CARTESIAN_POINT('Ctrl Pts',(15.401264181104,-13.7000002086163,-3.56072187500001));
#2799=CARTESIAN_POINT('Ctrl Pts',(16.0000002235174,-13.7000002086163,-3.56072187500001));
#2800=CARTESIAN_POINT('',(2.37500002793968,-13.7000002086163,-2.86072187500001));
#2801=CARTESIAN_POINT('Origin',(16.0000002235174,-13.7000002086163,-4.86072187500001));
#2802=CARTESIAN_POINT('',(2.37500002793968,-13.7000002086163,-2.86072187500001));
#2803=CARTESIAN_POINT('Origin',(16.0000002235174,-15.0000002086163,-3.21072187500001));
#2804=CARTESIAN_POINT('',(16.0000002235174,-13.0000002086163,-2.86072187500001));
#2805=CARTESIAN_POINT('',(16.0000002235174,-13.7000002086163,-3.56072187500001));
#2806=CARTESIAN_POINT('Origin',(16.0000002235174,-15.0000002086163,-2.86072187500001));
#2807=CARTESIAN_POINT('Origin',(-3.50000065565109,-30.5000000447035,-4.86072187500001));
#2808=CARTESIAN_POINT('',(-3.50000065565109,-24.5000001601875,-3.56072187500001));
#2809=CARTESIAN_POINT('Origin',(-3.85000065565109,-24.5000001601875,-3.21072187500001));
#2810=CARTESIAN_POINT('',(-4.20000065565109,-24.5000001601875,-2.86072187500001));
#2811=CARTESIAN_POINT('Origin',(-22.8500006556511,-24.5000001601875,-3.21072187500001));
#2812=CARTESIAN_POINT('',(-23.2000006556511,-24.5000001601875,-2.86072187500001));
#2813=CARTESIAN_POINT('Origin',(-45.4155216635587,-28.6903830811338,-3.21072187500001));
#2814=CARTESIAN_POINT('',(-47.0000007152557,-26.2020249608599,-2.86072187500001));
#2815=CARTESIAN_POINT('',(-47.6827611894072,-28.6903830811338,-3.54348234915148));
#2816=CARTESIAN_POINT('Ctrl Pts',(-47.0000007152557,-26.2020249608599,-2.86072187500001));
#2817=CARTESIAN_POINT('Ctrl Pts',(-47.6827611894072,-27.4462040209969,-3.54348234915148));
#2818=CARTESIAN_POINT('Ctrl Pts',(-47.6827611894072,-28.6903830811338,-3.54348234915148));
#2819=CARTESIAN_POINT('',(-47.6655216635587,-28.6903830811338,-3.56072187500001));
#2820=CARTESIAN_POINT('',(-48.0155216635587,-28.6903830811338,-3.21072187500001));
#2821=CARTESIAN_POINT('',(-43.1655216635587,-28.6903830811338,-3.56072187500001));
#2822=CARTESIAN_POINT('Origin',(-45.4155216635587,-28.6903830811338,-3.56072187500001));
#2823=CARTESIAN_POINT('Origin',(-45.4155216635587,-28.6903830811338,-3.56072187500001));
#2824=CARTESIAN_POINT('',(-47.0000007152557,-31.1787412014077,-2.86072187500001));
#2825=CARTESIAN_POINT('Ctrl Pts',(-47.6827611894072,-28.6903830811338,-3.54348234915148));
#2826=CARTESIAN_POINT('Ctrl Pts',(-47.6827611894072,-29.9345621412708,-3.54348234915148));
#2827=CARTESIAN_POINT('Ctrl Pts',(-47.0000007152557,-31.1787412014077,-2.86072187500001));
#2828=CARTESIAN_POINT('Origin',(-45.4155216635587,-28.6903830811338,-2.86072187500001));
#2829=CARTESIAN_POINT('Origin',(-11.2500001676381,-18.5000002756715,-2.86072187500001));
#2830=CARTESIAN_POINT('',(-42.2000006556511,-31.2000000447035,-2.86072187500001));
#2831=CARTESIAN_POINT('',(-18.3750004116446,-31.2000000447035,-2.86072187500001));
#2832=CARTESIAN_POINT('',(-42.2000006556511,-24.5000001601875,-2.86072187500001));
#2833=CARTESIAN_POINT('',(-24.8000006556511,-4.80000004470348,-2.86072187500001));
#2834=CARTESIAN_POINT('',(-26.3750004116446,-4.80000004470348,-2.86072187500001));
#2835=CARTESIAN_POINT('',(-24.8000006556511,-12.0000001601875,-2.86072187500001));
#2836=CARTESIAN_POINT('',(-5.80000065565109,-4.80000004470348,-2.86072187500001));
#2837=CARTESIAN_POINT('',(-16.8750004116446,-4.80000004470348,-2.86072187500001));
#2838=CARTESIAN_POINT('',(-5.80000065565109,-12.0000001601875,-2.86072187500001));
#2839=CARTESIAN_POINT('',(-7.37500041164458,-4.80000004470348,-2.86072187500001));
#2840=CARTESIAN_POINT('',(2.37500002793968,-13.7000002086163,-2.86072187500001));
#2841=CARTESIAN_POINT('',(14.0000002235174,-25.7500003911555,-2.86072187500001));
#2842=CARTESIAN_POINT('',(24.5000003799796,-13.0000002086163,-2.86072187500001));
#2843=CARTESIAN_POINT('',(2.37500002793968,-13.0000002086163,-2.86072187500001));
#2844=CARTESIAN_POINT('',(24.5000003799796,-4.00000004470348,-2.86072187500001));
#2845=CARTESIAN_POINT('',(24.5000003799796,-16.1000002421439,-2.86072187500001));
#2846=CARTESIAN_POINT('',(-43.0000006556511,-4.00000004470348,-2.86072187500001));
#2847=CARTESIAN_POINT('',(6.97500010617077,-4.00000004470348,-2.86072187500001));
#2848=CARTESIAN_POINT('',(-43.0000006556511,-22.0000003427267,-2.86072187500001));
#2849=CARTESIAN_POINT('',(-43.0000006556511,-11.2500001601875,-2.86072187500001));
#2850=CARTESIAN_POINT('',(-45.0000006556511,-24.0000003427267,-2.86072187500001));
#2851=CARTESIAN_POINT('Origin',(-45.0000006556511,-22.0000003427267,-2.86072187500001));
#2852=CARTESIAN_POINT('',(-47.0000007152557,-24.0000003427267,-2.86072187500001));
#2853=CARTESIAN_POINT('',(-28.1250004116446,-24.0000003427267,-2.86072187500001));
#2854=CARTESIAN_POINT('',(-47.0000007152557,-21.2500003091991,-2.86072187500001));
#2855=CARTESIAN_POINT('',(-47.0000007152557,-33.0000005066395,-2.86072187500001));
#2856=CARTESIAN_POINT('',(-47.0000007152557,-21.2500003091991,-2.86072187500001));
#2857=CARTESIAN_POINT('',(14.0000002235174,-33.0000005066395,-2.86072187500001));
#2858=CARTESIAN_POINT('',(-29.1250004414469,-33.0000005066395,-2.86072187500001));
#2859=CARTESIAN_POINT('',(14.0000002235174,-25.7500003911555,-2.86072187500001));
#2860=CARTESIAN_POINT('',(23.2000002980232,-9.00000013411045,-2.86072187500001));
#2861=CARTESIAN_POINT('Origin',(20.0000002980232,-9.00000013411045,-2.86072187500001));
#2862=CARTESIAN_POINT('Origin',(-45.4155216635587,-28.6903830811338,-2.86072187500001));
#2863=CARTESIAN_POINT('',(-43.1655216635587,-28.6903830811338,-3.86072187500001));
#2864=CARTESIAN_POINT('',(-43.1655216635587,-28.6903830811338,-2.86072187500001));
#2865=CARTESIAN_POINT('Origin',(-45.4155216635587,-28.6903830811338,-3.86072187500001));
#2866=CARTESIAN_POINT('Origin',(20.0000002980232,-9.00000013411045,-3.21072187500001));
#2867=CARTESIAN_POINT('',(22.5000002980232,-9.00000013411045,-3.56072187500001));
#2868=CARTESIAN_POINT('',(22.8500002980232,-9.00000013411045,-3.21072187500001));
#2869=CARTESIAN_POINT('Origin',(20.0000002980232,-9.00000013411045,-3.56072187500001));
#2870=CARTESIAN_POINT('Origin',(20.0000002980232,-9.00000013411045,-2.86072187500001));
#2871=CARTESIAN_POINT('',(22.5000002980232,-9.00000013411045,-3.86072187500001));
#2872=CARTESIAN_POINT('',(22.5000002980232,-9.00000013411045,-2.86072187500001));
#2873=CARTESIAN_POINT('Origin',(20.0000002980232,-9.00000013411045,-3.86072187500001));
#2874=CARTESIAN_POINT('Origin',(-6.15000065565109,-12.0000001601875,-3.21072187500001));
#2875=CARTESIAN_POINT('',(-6.50000065565109,-5.50000004470348,-3.56072187500001));
#2876=CARTESIAN_POINT('',(-5.80000065565109,-4.80000004470348,-2.86072187500001));
#2877=CARTESIAN_POINT('',(-6.50000065565109,-12.0000001601875,-3.56072187500001));
#2878=CARTESIAN_POINT('Origin',(-16.8750004116446,-5.15000004470348,-3.21072187500001));
#2879=CARTESIAN_POINT('',(-16.8750004116446,-5.50000004470348,-3.56072187500001));
#2880=CARTESIAN_POINT('Origin',(-22.5000006556511,-5.50000004470348,-4.86072187500001));
#2881=CARTESIAN_POINT('',(-6.50000065565109,-5.50000004470348,-4.86072187500001));
#2882=CARTESIAN_POINT('Origin',(-7.37500041164458,-5.15000004470348,-3.21072187500001));
#2883=CARTESIAN_POINT('',(-7.37500041164458,-5.50000004470348,-3.56072187500001));
#2884=CARTESIAN_POINT('Origin',(-3.50000065565109,-5.50000004470348,-4.86072187500001));
#2885=CARTESIAN_POINT('Origin',(-41.8500006556511,-24.5000001601875,-3.21072187500001));
#2886=CARTESIAN_POINT('',(-42.2000006556511,-31.2000000447035,-2.86072187500001));
#2887=CARTESIAN_POINT('',(-41.5000006556511,-24.5000001601875,-3.56072187500001));
#2888=CARTESIAN_POINT('Origin',(-18.3750004116446,-30.8500000447035,-3.21072187500001));
#2889=CARTESIAN_POINT('Origin',(-25.1500006556511,-12.0000001601875,-3.21072187500001));
#2890=CARTESIAN_POINT('',(-24.8000006556511,-4.80000004470348,-2.86072187500001));
#2891=CARTESIAN_POINT('Origin',(-26.3750004116446,-5.15000004470348,-3.21072187500001));
#2892=CARTESIAN_POINT('',(-26.3750004116446,-5.50000004470348,-3.56072187500001));
#2893=CARTESIAN_POINT('Origin',(-41.5000006556511,-5.50000004470348,-4.86072187500001));
#2894=CARTESIAN_POINT('Origin',(-41.5000006556511,-30.5000000447035,-4.86072187500001));
#2895=CARTESIAN_POINT('Origin',(6.97500010617077,-3.65000004470348,-3.21072187500001));
#2896=CARTESIAN_POINT('',(25.2000003799796,-3.30000004470348,-3.56072187500001));
#2897=CARTESIAN_POINT('',(-43.0000006556511,-3.30000004470348,-3.56072187500001));
#2898=CARTESIAN_POINT('',(6.97500010617077,-3.30000004470348,-3.56072187500001));
#2899=CARTESIAN_POINT('',(-43.0000006556511,-3.30000004470348,-3.56072187500001));
#2900=CARTESIAN_POINT('',(24.5000003799796,-4.00000004470348,-2.86072187500001));
#2901=CARTESIAN_POINT('Origin',(24.8500003799796,-16.1000002421439,-3.21072187500001));
#2902=CARTESIAN_POINT('',(24.5000003799796,-13.0000002086163,-2.86072187500001));
#2903=CARTESIAN_POINT('',(25.2000003799796,-16.1000002421439,-3.56072187500001));
#2904=CARTESIAN_POINT('Origin',(14.3500002235174,-25.7500003911555,-3.21072187500001));
#2905=CARTESIAN_POINT('',(14.7000002235174,-33.0000005066395,-3.56072187500001));
#2906=CARTESIAN_POINT('',(14.0000002235174,-33.0000005066395,-2.86072187500001));
#2907=CARTESIAN_POINT('',(14.7000002235174,-25.7500003911555,-3.56072187500001));
#2908=CARTESIAN_POINT('Origin',(2.37500002793968,-13.3500002086163,-3.21072187500001));
#2909=CARTESIAN_POINT('Origin',(-43.3500006556511,-11.2500001601875,-3.21072187500001));
#2910=CARTESIAN_POINT('',(-43.7000006556511,-22.0000003427267,-3.56072187500001));
#2911=CARTESIAN_POINT('',(-43.7000006556511,-22.0000003427267,-3.56072187500001));
#2912=CARTESIAN_POINT('',(-43.7000006556511,-4.00000004470348,-3.56072187500001));
#2913=CARTESIAN_POINT('',(-43.0000006556511,-4.00000004470348,-2.86072187500001));
#2914=CARTESIAN_POINT('',(-43.7000006556511,-11.2500001601875,-3.56072187500001));
#2915=CARTESIAN_POINT('Origin',(-45.0000006556511,-22.0000003427267,-3.21072187500001));
#2916=CARTESIAN_POINT('',(-45.0000006556511,-23.3000003427267,-3.56072187500001));
#2917=CARTESIAN_POINT('',(-45.0000006556511,-23.3000003427267,-3.56072187500001));
#2918=CARTESIAN_POINT('Origin',(-45.0000006556511,-22.0000003427267,-3.56072187500001));
#2919=CARTESIAN_POINT('Origin',(-28.1250004116446,-23.6500003427267,-3.21072187500001));
#2920=CARTESIAN_POINT('',(-47.0000007152557,-23.3000003427267,-3.56072187500001));
#2921=CARTESIAN_POINT('',(-47.0000007152557,-23.3000003427267,-3.56072187500001));
#2922=CARTESIAN_POINT('',(-28.1250004116446,-23.3000003427267,-3.56072187500001));
#2923=CARTESIAN_POINT('Origin',(-43.0000006556511,-4.00000004470348,-3.56072187500001));
#2924=CARTESIAN_POINT('Origin',(-43.0000006556511,-4.00000004470348,-3.56072187500001));
#2925=CARTESIAN_POINT('Origin',(-47.3500007152557,-21.2500003091991,-3.21072187500001));
#2926=CARTESIAN_POINT('',(-47.7000007152557,-24.0000003427267,-3.56072187500001));
#2927=CARTESIAN_POINT('',(-47.0000007152557,-24.0000003427267,-2.86072187500001));
#2928=CARTESIAN_POINT('',(-47.7000007152557,-33.0000005066395,-3.56072187500001));
#2929=CARTESIAN_POINT('',(-47.7000007152557,-21.2500003091991,-3.56072187500001));
#2930=CARTESIAN_POINT('',(-47.7000007152557,-33.0000005066395,-3.56072187500001));
#2931=CARTESIAN_POINT('Origin',(-47.0000007152557,-24.0000003427267,-3.56072187500001));
#2932=CARTESIAN_POINT('Origin',(-47.0000007152557,-24.0000003427267,-3.56072187500001));
#2933=CARTESIAN_POINT('Origin',(-29.1250004414469,-33.3500005066395,-3.21072187500001));
#2934=CARTESIAN_POINT('',(14.0000002235174,-33.7000005066395,-3.56072187500001));
#2935=CARTESIAN_POINT('',(14.0000002235174,-33.7000005066395,-3.56072187500001));
#2936=CARTESIAN_POINT('',(-47.0000007152557,-33.7000005066395,-3.56072187500001));
#2937=CARTESIAN_POINT('',(-47.0000007152557,-33.0000005066395,-2.86072187500001));
#2938=CARTESIAN_POINT('',(-29.1250004414469,-33.7000005066395,-3.56072187500001));
#2939=CARTESIAN_POINT('Origin',(-47.0000007152557,-33.0000005066395,-3.56072187500001));
#2940=CARTESIAN_POINT('Origin',(-47.0000007152557,-33.0000005066395,-3.56072187500001));
#2941=CARTESIAN_POINT('Origin',(14.0000002235174,-33.0000005066395,-3.56072187500001));
#2942=CARTESIAN_POINT('Origin',(14.0000002235174,-33.0000005066395,-3.56072187500001));
#2943=CARTESIAN_POINT('Origin',(25.2000003799796,-3.30000004470348,-4.86072187500001));
#2944=CARTESIAN_POINT('',(25.2000003799796,-3.30000004470348,-4.86072187500001));
#2945=CARTESIAN_POINT('',(-43.0000006556511,-3.30000004470348,-4.86072187500001));
#2946=CARTESIAN_POINT('Origin',(25.2000003799796,-13.7000002086163,-4.86072187500001));
#2947=CARTESIAN_POINT('Origin',(16.0000002235174,-13.7000002086163,-4.86072187500001));
#2948=CARTESIAN_POINT('Origin',(14.7000002235174,-33.0000005066395,-4.86072187500001));
#2949=CARTESIAN_POINT('',(14.7000002235174,-33.0000005066395,-4.86072187500001));
#2950=CARTESIAN_POINT('Origin',(14.0000002235174,-33.0000005066395,-4.86072187500001));
#2951=CARTESIAN_POINT('',(14.0000002235174,-33.7000005066395,-4.86072187500001));
#2952=CARTESIAN_POINT('Origin',(-47.0000007152557,-33.7000005066395,-4.86072187500001));
#2953=CARTESIAN_POINT('',(-47.0000007152557,-33.7000005066395,-4.86072187500001));
#2954=CARTESIAN_POINT('Origin',(-45.4155216635587,-28.6903830811338,-3.86072187500001));
#2955=CARTESIAN_POINT('',(-44.2155216635587,-28.6903830811338,-3.86072187500001));
#2956=CARTESIAN_POINT('Origin',(-45.4155216635587,-28.6903830811338,-3.86072187500001));
#2957=CARTESIAN_POINT('Origin',(20.0000002980232,-9.00000013411045,-3.86072187500001));
#2958=CARTESIAN_POINT('',(21.2000002980232,-9.00000013411045,-3.86072187500001));
#2959=CARTESIAN_POINT('Origin',(20.0000002980232,-9.00000013411045,-3.86072187500001));
#2960=CARTESIAN_POINT('Origin',(-45.4155216635587,-28.6903830811338,-4.86072187500001));
#2961=CARTESIAN_POINT('',(-44.2155216635587,-28.6903830811338,-4.86072187500001));
#2962=CARTESIAN_POINT('Origin',(20.0000002980232,-9.00000013411045,-4.86072187500001));
#2963=CARTESIAN_POINT('',(21.2000002980232,-9.00000013411045,-4.86072187500001));
#2964=CARTESIAN_POINT('Origin',(-6.50000065565109,-5.50000004470348,-4.86072187500001));
#2965=CARTESIAN_POINT('Origin',(-47.0000007152557,-33.0000005066395,-4.86072187500001));
#2966=CARTESIAN_POINT('',(-47.7000007152557,-33.0000005066395,-4.86072187500001));
#2967=CARTESIAN_POINT('Origin',(-47.7000007152557,-24.0000003427267,-4.86072187500001));
#2968=CARTESIAN_POINT('',(-47.7000007152557,-24.0000003427267,-4.86072187500001));
#2969=CARTESIAN_POINT('Origin',(-47.0000007152557,-24.0000003427267,-4.86072187500001));
#2970=CARTESIAN_POINT('',(-47.0000007152557,-23.3000003427267,-4.86072187500001));
#2971=CARTESIAN_POINT('Origin',(-45.0000006556511,-23.3000003427267,-4.86072187500001));
#2972=CARTESIAN_POINT('',(-45.0000006556511,-23.3000003427267,-4.86072187500001));
#2973=CARTESIAN_POINT('Origin',(-45.0000006556511,-22.0000003427267,-4.86072187500001));
#2974=CARTESIAN_POINT('',(-43.7000006556511,-22.0000003427267,-4.86072187500001));
#2975=CARTESIAN_POINT('Origin',(-43.7000006556511,-4.00000004470348,-4.86072187500001));
#2976=CARTESIAN_POINT('',(-43.7000006556511,-4.00000004470348,-4.86072187500001));
#2977=CARTESIAN_POINT('Origin',(-43.0000006556511,-4.00000004470348,-4.86072187500001));
#2978=UNCERTAINTY_MEASURE_WITH_UNIT(LENGTH_MEASURE(0.01),#2982,
'DISTANCE_ACCURACY_VALUE',
'Maximum model space distance between geometric entities at asserted c
onnectivities');
#2979=UNCERTAINTY_MEASURE_WITH_UNIT(LENGTH_MEASURE(0.01),#2982,
'DISTANCE_ACCURACY_VALUE',
'Maximum model space distance between geometric entities at asserted c
onnectivities');
#2980=(
GEOMETRIC_REPRESENTATION_CONTEXT(3)
GLOBAL_UNCERTAINTY_ASSIGNED_CONTEXT((#2978))
GLOBAL_UNIT_ASSIGNED_CONTEXT((#2982,#2984,#2985))
REPRESENTATION_CONTEXT('','3D')
);
#2981=(
GEOMETRIC_REPRESENTATION_CONTEXT(3)
GLOBAL_UNCERTAINTY_ASSIGNED_CONTEXT((#2979))
GLOBAL_UNIT_ASSIGNED_CONTEXT((#2982,#2984,#2985))
REPRESENTATION_CONTEXT('','3D')
);
#2982=(
LENGTH_UNIT()
NAMED_UNIT(*)
SI_UNIT(.MILLI.,.METRE.)
);
#2983=(
LENGTH_UNIT()
NAMED_UNIT(*)
SI_UNIT($,.METRE.)
);
#2984=(
NAMED_UNIT(*)
PLANE_ANGLE_UNIT()
SI_UNIT($,.RADIAN.)
);
#2985=(
NAMED_UNIT(*)
SI_UNIT($,.STERADIAN.)
SOLID_ANGLE_UNIT()
);
#2986=SHAPE_DEFINITION_REPRESENTATION(#2987,#2988);
#2987=PRODUCT_DEFINITION_SHAPE('',$,#2990);
#2988=SHAPE_REPRESENTATION('',(#1849),#2980);
#2989=PRODUCT_DEFINITION_CONTEXT('part definition',#2994,'design');
#2990=PRODUCT_DEFINITION('2026-08-13-17-49-17-068','TPS Holder Lid',#2991,
#2989);
#2991=PRODUCT_DEFINITION_FORMATION('',$,#2996);
#2992=PRODUCT_RELATED_PRODUCT_CATEGORY('TPS Holder Lid',
'TPS Holder Lid',(#2996));
#2993=APPLICATION_PROTOCOL_DEFINITION('international standard',
'automotive_design',2009,#2994);
#2994=APPLICATION_CONTEXT(
'Core Data for Automotive Mechanical Design Process');
#2995=PRODUCT_CONTEXT('part definition',#2994,'mechanical');
#2996=PRODUCT('2026-08-13-17-49-17-068','TPS Holder Lid',$,(#2995));
#2997=PRESENTATION_STYLE_ASSIGNMENT((#2998));
#2998=SURFACE_STYLE_USAGE(.BOTH.,#2999);
#2999=SURFACE_SIDE_STYLE('',(#3000));
#3000=SURFACE_STYLE_FILL_AREA(#3001);
#3001=FILL_AREA_STYLE('Steel - Satin',(#3002));
#3002=FILL_AREA_STYLE_COLOUR('Steel - Satin',#3003);
#3003=COLOUR_RGB('Steel - Satin',0.627450980392157,0.627450980392157,0.627450980392157);
ENDSEC;
END-ISO-10303-21;
