ISO-10303-21;
HEADER;
/* Generated by software containing ST-Developer
 * from STEP Tools, Inc. (www.steptools.com) 
 */

FILE_DESCRIPTION(
/* description */ (''),
/* implementation_level */ '2;1');

FILE_NAME(
/* name */ 'TPS Holder Bottom.step',
/* time_stamp */ '2026-08-13T17:49:09+02:00',
/* author */ (''),
/* organization */ (''),
/* preprocessor_version */ 'ST-DEVELOPER v20.1',
/* originating_system */ 'Autodesk Translation Framework v15.8.0.0',
/* authorisation */ '');

FILE_SCHEMA (('AUTOMOTIVE_DESIGN { 1 0 10303 214 3 1 1 }'));
ENDSEC;

DATA;
#10=MECHANICAL_DESIGN_GEOMETRIC_PRESENTATION_REPRESENTATION('',(#13),#3400);
#11=SHAPE_REPRESENTATION_RELATIONSHIP('SRR','None',#3407,#12);
#12=ADVANCED_BREP_SHAPE_REPRESENTATION('',(#14),#3399);
#13=STYLED_ITEM('',(#3416),#14);
#14=MANIFOLD_SOLID_BREP('Body1',#2070);
#15=CYLINDRICAL_SURFACE('',#2154,1.);
#16=CYLINDRICAL_SURFACE('',#2157,1.);
#17=CYLINDRICAL_SURFACE('',#2159,1.);
#18=CYLINDRICAL_SURFACE('',#2162,1.);
#19=CYLINDRICAL_SURFACE('',#2165,1.);
#20=CYLINDRICAL_SURFACE('',#2168,1.);
#21=CYLINDRICAL_SURFACE('',#2173,0.899999999999999);
#22=CYLINDRICAL_SURFACE('',#2181,0.899999999999999);
#23=CYLINDRICAL_SURFACE('',#2192,1.);
#24=CYLINDRICAL_SURFACE('',#2195,1.);
#25=CYLINDRICAL_SURFACE('',#2198,1.5);
#26=CYLINDRICAL_SURFACE('',#2202,1.5);
#27=CYLINDRICAL_SURFACE('',#2207,1.5);
#28=CYLINDRICAL_SURFACE('',#2211,1.5);
#29=CYLINDRICAL_SURFACE('',#2216,1.5);
#30=CYLINDRICAL_SURFACE('',#2220,1.5);
#31=CYLINDRICAL_SURFACE('',#2225,1.5);
#32=CYLINDRICAL_SURFACE('',#2229,1.5);
#33=CYLINDRICAL_SURFACE('',#2234,1.5);
#34=CYLINDRICAL_SURFACE('',#2238,1.5);
#35=CONICAL_SURFACE('',#2136,0.849999999999998,0.785398163397455);
#36=CONICAL_SURFACE('',#2139,1.15,0.785398163397451);
#37=CONICAL_SURFACE('',#2142,0.85,0.785398163397451);
#38=CONICAL_SURFACE('',#2145,0.849999999999999,0.785398163397451);
#39=CONICAL_SURFACE('',#2147,0.849999999999999,0.785398163397451);
#40=CONICAL_SURFACE('',#2150,1.15,0.78539816339745);
#41=CONICAL_SURFACE('',#2171,1.05,0.785398163397453);
#42=CONICAL_SURFACE('',#2179,1.05,0.785398163397449);
#43=FACE_BOUND('',#247,.T.);
#44=FACE_BOUND('',#250,.T.);
#45=FACE_BOUND('',#323,.T.);
#46=FACE_BOUND('',#324,.T.);
#47=FACE_BOUND('',#325,.T.);
#48=FACE_BOUND('',#326,.T.);
#49=FACE_BOUND('',#327,.T.);
#50=FACE_BOUND('',#328,.T.);
#51=CIRCLE('',#2121,0.699999999999997);
#52=CIRCLE('',#2122,1.3);
#53=CIRCLE('',#2123,0.699999999999999);
#54=CIRCLE('',#2124,0.699999999999999);
#55=CIRCLE('',#2125,1.2);
#56=CIRCLE('',#2128,0.699999999999999);
#57=CIRCLE('',#2129,1.3);
#58=CIRCLE('',#2130,1.2);
#59=CIRCLE('',#2137,1.);
#60=CIRCLE('',#2140,1.);
#61=CIRCLE('',#2143,1.);
#62=CIRCLE('',#2146,1.);
#63=CIRCLE('',#2148,1.);
#64=CIRCLE('',#2151,1.);
#65=CIRCLE('',#2155,1.);
#66=CIRCLE('',#2158,1.);
#67=CIRCLE('',#2160,1.);
#68=CIRCLE('',#2163,1.);
#69=CIRCLE('',#2166,1.);
#70=CIRCLE('',#2169,1.);
#71=CIRCLE('',#2172,0.899999999999999);
#72=CIRCLE('',#2174,0.899999999999999);
#73=CIRCLE('',#2180,0.899999999999999);
#74=CIRCLE('',#2182,0.899999999999999);
#75=CIRCLE('',#2189,1.00000000000001);
#76=CIRCLE('',#2190,1.);
#77=CIRCLE('',#2193,1.);
#78=CIRCLE('',#2196,1.);
#79=CIRCLE('',#2199,1.5);
#80=CIRCLE('',#2200,1.5);
#81=CIRCLE('',#2203,1.5);
#82=CIRCLE('',#2204,1.5);
#83=CIRCLE('',#2208,1.5);
#84=CIRCLE('',#2209,1.5);
#85=CIRCLE('',#2212,1.5);
#86=CIRCLE('',#2213,1.5);
#87=CIRCLE('',#2217,1.5);
#88=CIRCLE('',#2218,1.5);
#89=CIRCLE('',#2221,1.5);
#90=CIRCLE('',#2222,1.5);
#91=CIRCLE('',#2226,1.5);
#92=CIRCLE('',#2227,1.5);
#93=CIRCLE('',#2230,1.5);
#94=CIRCLE('',#2231,1.5);
#95=CIRCLE('',#2235,1.5);
#96=CIRCLE('',#2236,1.5);
#97=CIRCLE('',#2239,1.5);
#98=CIRCLE('',#2240,1.5);
#99=FACE_OUTER_BOUND('',#210,.T.);
#100=FACE_OUTER_BOUND('',#211,.T.);
#101=FACE_OUTER_BOUND('',#212,.T.);
#102=FACE_OUTER_BOUND('',#213,.T.);
#103=FACE_OUTER_BOUND('',#214,.T.);
#104=FACE_OUTER_BOUND('',#215,.T.);
#105=FACE_OUTER_BOUND('',#216,.T.);
#106=FACE_OUTER_BOUND('',#217,.T.);
#107=FACE_OUTER_BOUND('',#218,.T.);
#108=FACE_OUTER_BOUND('',#219,.T.);
#109=FACE_OUTER_BOUND('',#220,.T.);
#110=FACE_OUTER_BOUND('',#221,.T.);
#111=FACE_OUTER_BOUND('',#222,.T.);
#112=FACE_OUTER_BOUND('',#223,.T.);
#113=FACE_OUTER_BOUND('',#224,.T.);
#114=FACE_OUTER_BOUND('',#225,.T.);
#115=FACE_OUTER_BOUND('',#226,.T.);
#116=FACE_OUTER_BOUND('',#227,.T.);
#117=FACE_OUTER_BOUND('',#228,.T.);
#118=FACE_OUTER_BOUND('',#229,.T.);
#119=FACE_OUTER_BOUND('',#230,.T.);
#120=FACE_OUTER_BOUND('',#231,.T.);
#121=FACE_OUTER_BOUND('',#232,.T.);
#122=FACE_OUTER_BOUND('',#233,.T.);
#123=FACE_OUTER_BOUND('',#234,.T.);
#124=FACE_OUTER_BOUND('',#235,.T.);
#125=FACE_OUTER_BOUND('',#236,.T.);
#126=FACE_OUTER_BOUND('',#237,.T.);
#127=FACE_OUTER_BOUND('',#238,.T.);
#128=FACE_OUTER_BOUND('',#239,.T.);
#129=FACE_OUTER_BOUND('',#240,.T.);
#130=FACE_OUTER_BOUND('',#241,.T.);
#131=FACE_OUTER_BOUND('',#242,.T.);
#132=FACE_OUTER_BOUND('',#243,.T.);
#133=FACE_OUTER_BOUND('',#244,.T.);
#134=FACE_OUTER_BOUND('',#245,.T.);
#135=FACE_OUTER_BOUND('',#246,.T.);
#136=FACE_OUTER_BOUND('',#248,.T.);
#137=FACE_OUTER_BOUND('',#249,.T.);
#138=FACE_OUTER_BOUND('',#251,.T.);
#139=FACE_OUTER_BOUND('',#252,.T.);
#140=FACE_OUTER_BOUND('',#253,.T.);
#141=FACE_OUTER_BOUND('',#254,.T.);
#142=FACE_OUTER_BOUND('',#255,.T.);
#143=FACE_OUTER_BOUND('',#256,.T.);
#144=FACE_OUTER_BOUND('',#257,.T.);
#145=FACE_OUTER_BOUND('',#258,.T.);
#146=FACE_OUTER_BOUND('',#259,.T.);
#147=FACE_OUTER_BOUND('',#260,.T.);
#148=FACE_OUTER_BOUND('',#261,.T.);
#149=FACE_OUTER_BOUND('',#262,.T.);
#150=FACE_OUTER_BOUND('',#263,.T.);
#151=FACE_OUTER_BOUND('',#264,.T.);
#152=FACE_OUTER_BOUND('',#265,.T.);
#153=FACE_OUTER_BOUND('',#266,.T.);
#154=FACE_OUTER_BOUND('',#267,.T.);
#155=FACE_OUTER_BOUND('',#268,.T.);
#156=FACE_OUTER_BOUND('',#269,.T.);
#157=FACE_OUTER_BOUND('',#270,.T.);
#158=FACE_OUTER_BOUND('',#271,.T.);
#159=FACE_OUTER_BOUND('',#272,.T.);
#160=FACE_OUTER_BOUND('',#273,.T.);
#161=FACE_OUTER_BOUND('',#274,.T.);
#162=FACE_OUTER_BOUND('',#275,.T.);
#163=FACE_OUTER_BOUND('',#276,.T.);
#164=FACE_OUTER_BOUND('',#277,.T.);
#165=FACE_OUTER_BOUND('',#278,.T.);
#166=FACE_OUTER_BOUND('',#279,.T.);
#167=FACE_OUTER_BOUND('',#280,.T.);
#168=FACE_OUTER_BOUND('',#281,.T.);
#169=FACE_OUTER_BOUND('',#282,.T.);
#170=FACE_OUTER_BOUND('',#283,.T.);
#171=FACE_OUTER_BOUND('',#284,.T.);
#172=FACE_OUTER_BOUND('',#285,.T.);
#173=FACE_OUTER_BOUND('',#286,.T.);
#174=FACE_OUTER_BOUND('',#287,.T.);
#175=FACE_OUTER_BOUND('',#288,.T.);
#176=FACE_OUTER_BOUND('',#289,.T.);
#177=FACE_OUTER_BOUND('',#290,.T.);
#178=FACE_OUTER_BOUND('',#291,.T.);
#179=FACE_OUTER_BOUND('',#292,.T.);
#180=FACE_OUTER_BOUND('',#293,.T.);
#181=FACE_OUTER_BOUND('',#294,.T.);
#182=FACE_OUTER_BOUND('',#295,.T.);
#183=FACE_OUTER_BOUND('',#296,.T.);
#184=FACE_OUTER_BOUND('',#297,.T.);
#185=FACE_OUTER_BOUND('',#298,.T.);
#186=FACE_OUTER_BOUND('',#299,.T.);
#187=FACE_OUTER_BOUND('',#300,.T.);
#188=FACE_OUTER_BOUND('',#301,.T.);
#189=FACE_OUTER_BOUND('',#302,.T.);
#190=FACE_OUTER_BOUND('',#303,.T.);
#191=FACE_OUTER_BOUND('',#304,.T.);
#192=FACE_OUTER_BOUND('',#305,.T.);
#193=FACE_OUTER_BOUND('',#306,.T.);
#194=FACE_OUTER_BOUND('',#307,.T.);
#195=FACE_OUTER_BOUND('',#308,.T.);
#196=FACE_OUTER_BOUND('',#309,.T.);
#197=FACE_OUTER_BOUND('',#310,.T.);
#198=FACE_OUTER_BOUND('',#311,.T.);
#199=FACE_OUTER_BOUND('',#312,.T.);
#200=FACE_OUTER_BOUND('',#313,.T.);
#201=FACE_OUTER_BOUND('',#314,.T.);
#202=FACE_OUTER_BOUND('',#315,.T.);
#203=FACE_OUTER_BOUND('',#316,.T.);
#204=FACE_OUTER_BOUND('',#317,.T.);
#205=FACE_OUTER_BOUND('',#318,.T.);
#206=FACE_OUTER_BOUND('',#319,.T.);
#207=FACE_OUTER_BOUND('',#320,.T.);
#208=FACE_OUTER_BOUND('',#321,.T.);
#209=FACE_OUTER_BOUND('',#322,.T.);
#210=EDGE_LOOP('',(#1294,#1295,#1296,#1297,#1298,#1299,#1300,#1301,#1302,
#1303,#1304));
#211=EDGE_LOOP('',(#1305,#1306,#1307,#1308));
#212=EDGE_LOOP('',(#1309,#1310,#1311,#1312));
#213=EDGE_LOOP('',(#1313,#1314,#1315,#1316,#1317,#1318,#1319,#1320,#1321,
#1322,#1323));
#214=EDGE_LOOP('',(#1324,#1325,#1326,#1327));
#215=EDGE_LOOP('',(#1328,#1329,#1330,#1331));
#216=EDGE_LOOP('',(#1332,#1333,#1334,#1335,#1336,#1337,#1338,#1339));
#217=EDGE_LOOP('',(#1340,#1341,#1342,#1343,#1344));
#218=EDGE_LOOP('',(#1345,#1346,#1347,#1348));
#219=EDGE_LOOP('',(#1349,#1350,#1351,#1352));
#220=EDGE_LOOP('',(#1353,#1354,#1355,#1356));
#221=EDGE_LOOP('',(#1357,#1358,#1359,#1360));
#222=EDGE_LOOP('',(#1361,#1362,#1363,#1364));
#223=EDGE_LOOP('',(#1365,#1366,#1367,#1368));
#224=EDGE_LOOP('',(#1369,#1370,#1371,#1372));
#225=EDGE_LOOP('',(#1373,#1374,#1375,#1376));
#226=EDGE_LOOP('',(#1377,#1378,#1379,#1380,#1381));
#227=EDGE_LOOP('',(#1382,#1383,#1384,#1385));
#228=EDGE_LOOP('',(#1386,#1387,#1388));
#229=EDGE_LOOP('',(#1389,#1390,#1391));
#230=EDGE_LOOP('',(#1392,#1393,#1394,#1395));
#231=EDGE_LOOP('',(#1396,#1397,#1398));
#232=EDGE_LOOP('',(#1399,#1400,#1401));
#233=EDGE_LOOP('',(#1402,#1403,#1404,#1405,#1406,#1407,#1408,#1409,#1410,
#1411,#1412,#1413,#1414,#1415));
#234=EDGE_LOOP('',(#1416,#1417,#1418));
#235=EDGE_LOOP('',(#1419,#1420,#1421,#1422,#1423,#1424,#1425,#1426,#1427));
#236=EDGE_LOOP('',(#1428,#1429,#1430,#1431));
#237=EDGE_LOOP('',(#1432,#1433,#1434,#1435,#1436,#1437,#1438,#1439,#1440,
#1441,#1442,#1443,#1444,#1445,#1446,#1447));
#238=EDGE_LOOP('',(#1448,#1449,#1450,#1451));
#239=EDGE_LOOP('',(#1452,#1453,#1454,#1455));
#240=EDGE_LOOP('',(#1456,#1457,#1458,#1459,#1460,#1461,#1462,#1463,#1464,
#1465,#1466,#1467,#1468,#1469,#1470,#1471,#1472,#1473,#1474));
#241=EDGE_LOOP('',(#1475,#1476,#1477));
#242=EDGE_LOOP('',(#1478,#1479,#1480));
#243=EDGE_LOOP('',(#1481,#1482,#1483,#1484,#1485));
#244=EDGE_LOOP('',(#1486,#1487,#1488,#1489));
#245=EDGE_LOOP('',(#1490,#1491,#1492,#1493));
#246=EDGE_LOOP('',(#1494,#1495,#1496,#1497,#1498,#1499,#1500,#1501,#1502,
#1503,#1504,#1505));
#247=EDGE_LOOP('',(#1506));
#248=EDGE_LOOP('',(#1507,#1508,#1509,#1510,#1511,#1512,#1513,#1514,#1515));
#249=EDGE_LOOP('',(#1516,#1517,#1518,#1519,#1520,#1521,#1522,#1523,#1524,
#1525,#1526,#1527));
#250=EDGE_LOOP('',(#1528));
#251=EDGE_LOOP('',(#1529,#1530,#1531,#1532,#1533,#1534,#1535,#1536,#1537,
#1538,#1539));
#252=EDGE_LOOP('',(#1540,#1541,#1542,#1543));
#253=EDGE_LOOP('',(#1544,#1545,#1546,#1547,#1548,#1549));
#254=EDGE_LOOP('',(#1550,#1551,#1552,#1553));
#255=EDGE_LOOP('',(#1554,#1555,#1556,#1557));
#256=EDGE_LOOP('',(#1558,#1559,#1560,#1561));
#257=EDGE_LOOP('',(#1562,#1563,#1564,#1565));
#258=EDGE_LOOP('',(#1566,#1567,#1568,#1569));
#259=EDGE_LOOP('',(#1570,#1571,#1572,#1573));
#260=EDGE_LOOP('',(#1574,#1575,#1576,#1577));
#261=EDGE_LOOP('',(#1578,#1579,#1580,#1581));
#262=EDGE_LOOP('',(#1582,#1583,#1584,#1585));
#263=EDGE_LOOP('',(#1586,#1587,#1588,#1589));
#264=EDGE_LOOP('',(#1590,#1591,#1592,#1593));
#265=EDGE_LOOP('',(#1594,#1595,#1596,#1597));
#266=EDGE_LOOP('',(#1598,#1599,#1600,#1601,#1602));
#267=EDGE_LOOP('',(#1603,#1604,#1605,#1606,#1607,#1608,#1609));
#268=EDGE_LOOP('',(#1610,#1611,#1612,#1613));
#269=EDGE_LOOP('',(#1614,#1615,#1616,#1617));
#270=EDGE_LOOP('',(#1618,#1619,#1620,#1621));
#271=EDGE_LOOP('',(#1622,#1623,#1624,#1625));
#272=EDGE_LOOP('',(#1626,#1627,#1628,#1629));
#273=EDGE_LOOP('',(#1630,#1631,#1632,#1633));
#274=EDGE_LOOP('',(#1634,#1635,#1636,#1637));
#275=EDGE_LOOP('',(#1638,#1639,#1640,#1641));
#276=EDGE_LOOP('',(#1642,#1643,#1644,#1645));
#277=EDGE_LOOP('',(#1646,#1647,#1648,#1649));
#278=EDGE_LOOP('',(#1650,#1651,#1652,#1653));
#279=EDGE_LOOP('',(#1654,#1655,#1656,#1657));
#280=EDGE_LOOP('',(#1658,#1659,#1660,#1661));
#281=EDGE_LOOP('',(#1662,#1663,#1664,#1665));
#282=EDGE_LOOP('',(#1666,#1667,#1668));
#283=EDGE_LOOP('',(#1669,#1670,#1671,#1672));
#284=EDGE_LOOP('',(#1673,#1674,#1675,#1676));
#285=EDGE_LOOP('',(#1677,#1678,#1679,#1680));
#286=EDGE_LOOP('',(#1681,#1682,#1683,#1684));
#287=EDGE_LOOP('',(#1685));
#288=EDGE_LOOP('',(#1686,#1687,#1688,#1689,#1690,#1691,#1692,#1693,#1694));
#289=EDGE_LOOP('',(#1695,#1696,#1697,#1698,#1699,#1700,#1701,#1702,#1703,
#1704,#1705,#1706,#1707,#1708));
#290=EDGE_LOOP('',(#1709,#1710,#1711,#1712));
#291=EDGE_LOOP('',(#1713,#1714,#1715,#1716));
#292=EDGE_LOOP('',(#1717,#1718,#1719,#1720,#1721,#1722));
#293=EDGE_LOOP('',(#1723,#1724,#1725,#1726));
#294=EDGE_LOOP('',(#1727,#1728,#1729,#1730));
#295=EDGE_LOOP('',(#1731,#1732,#1733,#1734));
#296=EDGE_LOOP('',(#1735,#1736,#1737,#1738));
#297=EDGE_LOOP('',(#1739,#1740,#1741,#1742));
#298=EDGE_LOOP('',(#1743,#1744,#1745,#1746));
#299=EDGE_LOOP('',(#1747,#1748,#1749,#1750));
#300=EDGE_LOOP('',(#1751,#1752,#1753,#1754));
#301=EDGE_LOOP('',(#1755,#1756,#1757,#1758));
#302=EDGE_LOOP('',(#1759,#1760,#1761,#1762));
#303=EDGE_LOOP('',(#1763,#1764,#1765,#1766));
#304=EDGE_LOOP('',(#1767,#1768,#1769,#1770));
#305=EDGE_LOOP('',(#1771,#1772,#1773,#1774));
#306=EDGE_LOOP('',(#1775,#1776,#1777,#1778));
#307=EDGE_LOOP('',(#1779,#1780,#1781,#1782));
#308=EDGE_LOOP('',(#1783,#1784,#1785,#1786));
#309=EDGE_LOOP('',(#1787,#1788,#1789,#1790));
#310=EDGE_LOOP('',(#1791,#1792,#1793,#1794));
#311=EDGE_LOOP('',(#1795,#1796,#1797,#1798));
#312=EDGE_LOOP('',(#1799,#1800,#1801,#1802));
#313=EDGE_LOOP('',(#1803,#1804,#1805,#1806));
#314=EDGE_LOOP('',(#1807,#1808,#1809,#1810));
#315=EDGE_LOOP('',(#1811,#1812,#1813,#1814));
#316=EDGE_LOOP('',(#1815,#1816,#1817,#1818));
#317=EDGE_LOOP('',(#1819,#1820,#1821,#1822));
#318=EDGE_LOOP('',(#1823,#1824,#1825,#1826));
#319=EDGE_LOOP('',(#1827,#1828,#1829,#1830));
#320=EDGE_LOOP('',(#1831,#1832,#1833,#1834));
#321=EDGE_LOOP('',(#1835,#1836,#1837,#1838));
#322=EDGE_LOOP('',(#1839,#1840,#1841,#1842,#1843,#1844,#1845,#1846,#1847,
#1848,#1849,#1850,#1851,#1852,#1853,#1854));
#323=EDGE_LOOP('',(#1855));
#324=EDGE_LOOP('',(#1856,#1857,#1858,#1859));
#325=EDGE_LOOP('',(#1860,#1861,#1862,#1863));
#326=EDGE_LOOP('',(#1864,#1865,#1866,#1867));
#327=EDGE_LOOP('',(#1868,#1869,#1870,#1871));
#328=EDGE_LOOP('',(#1872,#1873,#1874,#1875));
#329=LINE('',#2810,#572);
#330=LINE('',#2812,#573);
#331=LINE('',#2814,#574);
#332=LINE('',#2816,#575);
#333=LINE('',#2818,#576);
#334=LINE('',#2820,#577);
#335=LINE('',#2822,#578);
#336=LINE('',#2824,#579);
#337=LINE('',#2826,#580);
#338=LINE('',#2828,#581);
#339=LINE('',#2829,#582);
#340=LINE('',#2832,#583);
#341=LINE('',#2834,#584);
#342=LINE('',#2836,#585);
#343=LINE('',#2837,#586);
#344=LINE('',#2841,#587);
#345=LINE('',#2843,#588);
#346=LINE('',#2845,#589);
#347=LINE('',#2846,#590);
#348=LINE('',#2849,#591);
#349=LINE('',#2851,#592);
#350=LINE('',#2853,#593);
#351=LINE('',#2855,#594);
#352=LINE('',#2857,#595);
#353=LINE('',#2859,#596);
#354=LINE('',#2861,#597);
#355=LINE('',#2863,#598);
#356=LINE('',#2865,#599);
#357=LINE('',#2867,#600);
#358=LINE('',#2868,#601);
#359=LINE('',#2870,#602);
#360=LINE('',#2871,#603);
#361=LINE('',#2873,#604);
#362=LINE('',#2877,#605);
#363=LINE('',#2879,#606);
#364=LINE('',#2881,#607);
#365=LINE('',#2883,#608);
#366=LINE('',#2885,#609);
#367=LINE('',#2887,#610);
#368=LINE('',#2889,#611);
#369=LINE('',#2890,#612);
#370=LINE('',#2893,#613);
#371=LINE('',#2895,#614);
#372=LINE('',#2897,#615);
#373=LINE('',#2898,#616);
#374=LINE('',#2901,#617);
#375=LINE('',#2902,#618);
#376=LINE('',#2904,#619);
#377=LINE('',#2905,#620);
#378=LINE('',#2909,#621);
#379=LINE('',#2911,#622);
#380=LINE('',#2913,#623);
#381=LINE('',#2914,#624);
#382=LINE('',#2918,#625);
#383=LINE('',#2920,#626);
#384=LINE('',#2922,#627);
#385=LINE('',#2923,#628);
#386=LINE('',#2927,#629);
#387=LINE('',#2928,#630);
#388=LINE('',#2929,#631);
#389=LINE('',#2933,#632);
#390=LINE('',#2934,#633);
#391=LINE('',#2935,#634);
#392=LINE('',#2939,#635);
#393=LINE('',#2941,#636);
#394=LINE('',#2943,#637);
#395=LINE('',#2944,#638);
#396=LINE('',#2948,#639);
#397=LINE('',#2949,#640);
#398=LINE('',#2950,#641);
#399=LINE('',#2952,#642);
#400=LINE('',#2953,#643);
#401=LINE('',#2955,#644);
#402=LINE('',#2959,#645);
#403=LINE('',#2961,#646);
#404=LINE('',#2962,#647);
#405=LINE('',#2966,#648);
#406=LINE('',#2968,#649);
#407=LINE('',#2969,#650);
#408=LINE('',#2972,#651);
#409=LINE('',#2973,#652);
#410=LINE('',#2977,#653);
#411=LINE('',#2979,#654);
#412=LINE('',#2980,#655);
#413=LINE('',#2984,#656);
#414=LINE('',#2986,#657);
#415=LINE('',#2987,#658);
#416=LINE('',#2990,#659);
#417=LINE('',#2992,#660);
#418=LINE('',#2994,#661);
#419=LINE('',#2996,#662);
#420=LINE('',#2997,#663);
#421=LINE('',#2998,#664);
#422=LINE('',#3000,#665);
#423=LINE('',#3002,#666);
#424=LINE('',#3003,#667);
#425=LINE('',#3007,#668);
#426=LINE('',#3009,#669);
#427=LINE('',#3010,#670);
#428=LINE('',#3012,#671);
#429=LINE('',#3013,#672);
#430=LINE('',#3015,#673);
#431=LINE('',#3017,#674);
#432=LINE('',#3018,#675);
#433=LINE('',#3020,#676);
#434=LINE('',#3021,#677);
#435=LINE('',#3024,#678);
#436=LINE('',#3026,#679);
#437=LINE('',#3028,#680);
#438=LINE('',#3030,#681);
#439=LINE('',#3031,#682);
#440=LINE('',#3032,#683);
#441=LINE('',#3035,#684);
#442=LINE('',#3037,#685);
#443=LINE('',#3038,#686);
#444=LINE('',#3040,#687);
#445=LINE('',#3043,#688);
#446=LINE('',#3045,#689);
#447=LINE('',#3047,#690);
#448=LINE('',#3049,#691);
#449=LINE('',#3051,#692);
#450=LINE('',#3053,#693);
#451=LINE('',#3055,#694);
#452=LINE('',#3057,#695);
#453=LINE('',#3058,#696);
#454=LINE('',#3059,#697);
#455=LINE('',#3061,#698);
#456=LINE('',#3062,#699);
#457=LINE('',#3064,#700);
#458=LINE('',#3067,#701);
#459=LINE('',#3068,#702);
#460=LINE('',#3071,#703);
#461=LINE('',#3073,#704);
#462=LINE('',#3075,#705);
#463=LINE('',#3076,#706);
#464=LINE('',#3079,#707);
#465=LINE('',#3080,#708);
#466=LINE('',#3082,#709);
#467=LINE('',#3084,#710);
#468=LINE('',#3088,#711);
#469=LINE('',#3092,#712);
#470=LINE('',#3096,#713);
#471=LINE('',#3101,#714);
#472=LINE('',#3103,#715);
#473=LINE('',#3104,#716);
#474=LINE('',#3105,#717);
#475=LINE('',#3109,#718);
#476=LINE('',#3113,#719);
#477=LINE('',#3114,#720);
#478=LINE('',#3119,#721);
#479=LINE('',#3120,#722);
#480=LINE('',#3122,#723);
#481=LINE('',#3123,#724);
#482=LINE('',#3127,#725);
#483=LINE('',#3128,#726);
#484=LINE('',#3129,#727);
#485=LINE('',#3132,#728);
#486=LINE('',#3134,#729);
#487=LINE('',#3135,#730);
#488=LINE('',#3137,#731);
#489=LINE('',#3139,#732);
#490=LINE('',#3142,#733);
#491=LINE('',#3146,#734);
#492=LINE('',#3147,#735);
#493=LINE('',#3150,#736);
#494=LINE('',#3154,#737);
#495=LINE('',#3155,#738);
#496=LINE('',#3158,#739);
#497=LINE('',#3162,#740);
#498=LINE('',#3163,#741);
#499=LINE('',#3168,#742);
#500=LINE('',#3172,#743);
#501=LINE('',#3173,#744);
#502=LINE('',#3176,#745);
#503=LINE('',#3179,#746);
#504=LINE('',#3182,#747);
#505=LINE('',#3184,#748);
#506=LINE('',#3186,#749);
#507=LINE('',#3187,#750);
#508=LINE('',#3190,#751);
#509=LINE('',#3194,#752);
#510=LINE('',#3195,#753);
#511=LINE('',#3200,#754);
#512=LINE('',#3204,#755);
#513=LINE('',#3205,#756);
#514=LINE('',#3208,#757);
#515=LINE('',#3212,#758);
#516=LINE('',#3213,#759);
#517=LINE('',#3216,#760);
#518=LINE('',#3220,#761);
#519=LINE('',#3221,#762);
#520=LINE('',#3227,#763);
#521=LINE('',#3231,#764);
#522=LINE('',#3234,#765);
#523=LINE('',#3237,#766);
#524=LINE('',#3241,#767);
#525=LINE('',#3245,#768);
#526=LINE('',#3249,#769);
#527=LINE('',#3251,#770);
#528=LINE('',#3258,#771);
#529=LINE('',#3263,#772);
#530=LINE('',#3267,#773);
#531=LINE('',#3268,#774);
#532=LINE('',#3274,#775);
#533=LINE('',#3276,#776);
#534=LINE('',#3278,#777);
#535=LINE('',#3279,#778);
#536=LINE('',#3284,#779);
#537=LINE('',#3288,#780);
#538=LINE('',#3290,#781);
#539=LINE('',#3291,#782);
#540=LINE('',#3299,#783);
#541=LINE('',#3301,#784);
#542=LINE('',#3303,#785);
#543=LINE('',#3304,#786);
#544=LINE('',#3309,#787);
#545=LINE('',#3313,#788);
#546=LINE('',#3315,#789);
#547=LINE('',#3316,#790);
#548=LINE('',#3324,#791);
#549=LINE('',#3326,#792);
#550=LINE('',#3328,#793);
#551=LINE('',#3329,#794);
#552=LINE('',#3334,#795);
#553=LINE('',#3338,#796);
#554=LINE('',#3340,#797);
#555=LINE('',#3341,#798);
#556=LINE('',#3349,#799);
#557=LINE('',#3351,#800);
#558=LINE('',#3353,#801);
#559=LINE('',#3354,#802);
#560=LINE('',#3359,#803);
#561=LINE('',#3363,#804);
#562=LINE('',#3365,#805);
#563=LINE('',#3366,#806);
#564=LINE('',#3374,#807);
#565=LINE('',#3376,#808);
#566=LINE('',#3378,#809);
#567=LINE('',#3379,#810);
#568=LINE('',#3384,#811);
#569=LINE('',#3388,#812);
#570=LINE('',#3390,#813);
#571=LINE('',#3391,#814);
#572=VECTOR('',#2247,10.);
#573=VECTOR('',#2248,10.);
#574=VECTOR('',#2249,10.);
#575=VECTOR('',#2250,10.);
#576=VECTOR('',#2251,10.);
#577=VECTOR('',#2252,10.);
#578=VECTOR('',#2253,10.);
#579=VECTOR('',#2254,10.);
#580=VECTOR('',#2255,10.);
#581=VECTOR('',#2256,10.);
#582=VECTOR('',#2257,10.);
#583=VECTOR('',#2260,10.);
#584=VECTOR('',#2261,10.);
#585=VECTOR('',#2262,10.);
#586=VECTOR('',#2263,10.);
#587=VECTOR('',#2266,10.);
#588=VECTOR('',#2267,10.);
#589=VECTOR('',#2268,10.);
#590=VECTOR('',#2269,10.);
#591=VECTOR('',#2272,10.);
#592=VECTOR('',#2273,10.);
#593=VECTOR('',#2274,10.);
#594=VECTOR('',#2275,10.);
#595=VECTOR('',#2276,10.);
#596=VECTOR('',#2277,10.);
#597=VECTOR('',#2278,10.);
#598=VECTOR('',#2279,10.);
#599=VECTOR('',#2280,10.);
#600=VECTOR('',#2281,10.);
#601=VECTOR('',#2282,10.);
#602=VECTOR('',#2285,10.);
#603=VECTOR('',#2286,10.);
#604=VECTOR('',#2289,10.);
#605=VECTOR('',#2292,10.);
#606=VECTOR('',#2293,10.);
#607=VECTOR('',#2294,10.);
#608=VECTOR('',#2295,10.);
#609=VECTOR('',#2296,10.);
#610=VECTOR('',#2297,10.);
#611=VECTOR('',#2298,10.);
#612=VECTOR('',#2299,10.);
#613=VECTOR('',#2302,10.);
#614=VECTOR('',#2303,10.);
#615=VECTOR('',#2304,10.);
#616=VECTOR('',#2305,10.);
#617=VECTOR('',#2308,10.);
#618=VECTOR('',#2309,10.);
#619=VECTOR('',#2312,10.);
#620=VECTOR('',#2313,10.);
#621=VECTOR('',#2316,10.);
#622=VECTOR('',#2317,10.);
#623=VECTOR('',#2318,10.);
#624=VECTOR('',#2319,10.);
#625=VECTOR('',#2322,10.);
#626=VECTOR('',#2323,10.);
#627=VECTOR('',#2324,10.);
#628=VECTOR('',#2325,10.);
#629=VECTOR('',#2328,10.);
#630=VECTOR('',#2329,10.);
#631=VECTOR('',#2330,10.);
#632=VECTOR('',#2333,10.);
#633=VECTOR('',#2334,10.);
#634=VECTOR('',#2335,10.);
#635=VECTOR('',#2338,10.);
#636=VECTOR('',#2339,10.);
#637=VECTOR('',#2340,10.);
#638=VECTOR('',#2341,10.);
#639=VECTOR('',#2344,10.);
#640=VECTOR('',#2345,10.);
#641=VECTOR('',#2346,10.);
#642=VECTOR('',#2349,10.);
#643=VECTOR('',#2350,10.);
#644=VECTOR('',#2353,10.);
#645=VECTOR('',#2356,10.);
#646=VECTOR('',#2357,10.);
#647=VECTOR('',#2358,10.);
#648=VECTOR('',#2361,10.);
#649=VECTOR('',#2362,10.);
#650=VECTOR('',#2363,10.);
#651=VECTOR('',#2366,10.);
#652=VECTOR('',#2367,10.);
#653=VECTOR('',#2370,10.);
#654=VECTOR('',#2371,10.);
#655=VECTOR('',#2372,10.);
#656=VECTOR('',#2375,10.);
#657=VECTOR('',#2376,10.);
#658=VECTOR('',#2377,10.);
#659=VECTOR('',#2380,10.);
#660=VECTOR('',#2381,10.);
#661=VECTOR('',#2382,10.);
#662=VECTOR('',#2383,10.);
#663=VECTOR('',#2384,10.);
#664=VECTOR('',#2385,10.);
#665=VECTOR('',#2386,10.);
#666=VECTOR('',#2387,10.);
#667=VECTOR('',#2388,10.);
#668=VECTOR('',#2391,10.);
#669=VECTOR('',#2392,10.);
#670=VECTOR('',#2393,10.);
#671=VECTOR('',#2396,10.);
#672=VECTOR('',#2397,10.);
#673=VECTOR('',#2398,10.);
#674=VECTOR('',#2399,10.);
#675=VECTOR('',#2400,10.);
#676=VECTOR('',#2403,10.);
#677=VECTOR('',#2404,10.);
#678=VECTOR('',#2407,10.);
#679=VECTOR('',#2408,10.);
#680=VECTOR('',#2409,10.);
#681=VECTOR('',#2410,10.);
#682=VECTOR('',#2411,10.);
#683=VECTOR('',#2412,10.);
#684=VECTOR('',#2415,10.);
#685=VECTOR('',#2416,10.);
#686=VECTOR('',#2417,10.);
#687=VECTOR('',#2420,10.);
#688=VECTOR('',#2423,10.);
#689=VECTOR('',#2424,10.);
#690=VECTOR('',#2425,10.);
#691=VECTOR('',#2426,10.);
#692=VECTOR('',#2427,10.);
#693=VECTOR('',#2428,10.);
#694=VECTOR('',#2429,10.);
#695=VECTOR('',#2430,10.);
#696=VECTOR('',#2431,10.);
#697=VECTOR('',#2432,10.);
#698=VECTOR('',#2433,10.);
#699=VECTOR('',#2434,10.);
#700=VECTOR('',#2437,10.);
#701=VECTOR('',#2440,10.);
#702=VECTOR('',#2441,10.);
#703=VECTOR('',#2444,10.);
#704=VECTOR('',#2445,10.);
#705=VECTOR('',#2446,10.);
#706=VECTOR('',#2447,10.);
#707=VECTOR('',#2450,10.);
#708=VECTOR('',#2451,10.);
#709=VECTOR('',#2454,10.);
#710=VECTOR('',#2457,10.);
#711=VECTOR('',#2460,10.);
#712=VECTOR('',#2463,10.);
#713=VECTOR('',#2466,10.);
#714=VECTOR('',#2473,10.);
#715=VECTOR('',#2476,10.);
#716=VECTOR('',#2477,10.);
#717=VECTOR('',#2478,10.);
#718=VECTOR('',#2481,10.);
#719=VECTOR('',#2484,10.);
#720=VECTOR('',#2485,10.);
#721=VECTOR('',#2490,10.);
#722=VECTOR('',#2491,10.);
#723=VECTOR('',#2492,10.);
#724=VECTOR('',#2493,10.);
#725=VECTOR('',#2496,10.);
#726=VECTOR('',#2497,10.);
#727=VECTOR('',#2498,10.);
#728=VECTOR('',#2501,10.);
#729=VECTOR('',#2502,10.);
#730=VECTOR('',#2503,10.);
#731=VECTOR('',#2506,10.);
#732=VECTOR('',#2509,10.);
#733=VECTOR('',#2512,10.);
#734=VECTOR('',#2517,10.);
#735=VECTOR('',#2518,10.);
#736=VECTOR('',#2521,10.);
#737=VECTOR('',#2526,10.);
#738=VECTOR('',#2527,10.);
#739=VECTOR('',#2530,10.);
#740=VECTOR('',#2535,10.);
#741=VECTOR('',#2536,10.);
#742=VECTOR('',#2543,10.);
#743=VECTOR('',#2548,10.);
#744=VECTOR('',#2549,10.);
#745=VECTOR('',#2552,10.);
#746=VECTOR('',#2557,10.);
#747=VECTOR('',#2560,10.);
#748=VECTOR('',#2561,10.);
#749=VECTOR('',#2562,10.);
#750=VECTOR('',#2563,10.);
#751=VECTOR('',#2566,10.);
#752=VECTOR('',#2571,10.);
#753=VECTOR('',#2572,10.);
#754=VECTOR('',#2579,10.);
#755=VECTOR('',#2584,10.);
#756=VECTOR('',#2585,10.);
#757=VECTOR('',#2588,10.);
#758=VECTOR('',#2593,10.);
#759=VECTOR('',#2594,10.);
#760=VECTOR('',#2597,10.);
#761=VECTOR('',#2602,10.);
#762=VECTOR('',#2603,10.);
#763=VECTOR('',#2612,1.05);
#764=VECTOR('',#2617,0.899999999999999);
#765=VECTOR('',#2622,10.);
#766=VECTOR('',#2627,10.);
#767=VECTOR('',#2632,1.05);
#768=VECTOR('',#2637,0.899999999999999);
#769=VECTOR('',#2644,10.);
#770=VECTOR('',#2647,10.);
#771=VECTOR('',#2656,10.);
#772=VECTOR('',#2663,10.);
#773=VECTOR('',#2668,10.);
#774=VECTOR('',#2669,10.);
#775=VECTOR('',#2676,10.);
#776=VECTOR('',#2677,10.);
#777=VECTOR('',#2678,10.);
#778=VECTOR('',#2679,10.);
#779=VECTOR('',#2684,10.);
#780=VECTOR('',#2689,10.);
#781=VECTOR('',#2690,10.);
#782=VECTOR('',#2691,10.);
#783=VECTOR('',#2702,10.);
#784=VECTOR('',#2703,10.);
#785=VECTOR('',#2704,10.);
#786=VECTOR('',#2705,10.);
#787=VECTOR('',#2710,10.);
#788=VECTOR('',#2715,10.);
#789=VECTOR('',#2716,10.);
#790=VECTOR('',#2717,10.);
#791=VECTOR('',#2728,10.);
#792=VECTOR('',#2729,10.);
#793=VECTOR('',#2730,10.);
#794=VECTOR('',#2731,10.);
#795=VECTOR('',#2736,10.);
#796=VECTOR('',#2741,10.);
#797=VECTOR('',#2742,10.);
#798=VECTOR('',#2743,10.);
#799=VECTOR('',#2754,10.);
#800=VECTOR('',#2755,10.);
#801=VECTOR('',#2756,10.);
#802=VECTOR('',#2757,10.);
#803=VECTOR('',#2762,10.);
#804=VECTOR('',#2767,10.);
#805=VECTOR('',#2768,10.);
#806=VECTOR('',#2769,10.);
#807=VECTOR('',#2780,10.);
#808=VECTOR('',#2781,10.);
#809=VECTOR('',#2782,10.);
#810=VECTOR('',#2783,10.);
#811=VECTOR('',#2788,10.);
#812=VECTOR('',#2793,10.);
#813=VECTOR('',#2794,10.);
#814=VECTOR('',#2795,10.);
#815=VERTEX_POINT('',#2808);
#816=VERTEX_POINT('',#2809);
#817=VERTEX_POINT('',#2811);
#818=VERTEX_POINT('',#2813);
#819=VERTEX_POINT('',#2815);
#820=VERTEX_POINT('',#2817);
#821=VERTEX_POINT('',#2819);
#822=VERTEX_POINT('',#2821);
#823=VERTEX_POINT('',#2823);
#824=VERTEX_POINT('',#2825);
#825=VERTEX_POINT('',#2827);
#826=VERTEX_POINT('',#2831);
#827=VERTEX_POINT('',#2833);
#828=VERTEX_POINT('',#2835);
#829=VERTEX_POINT('',#2839);
#830=VERTEX_POINT('',#2840);
#831=VERTEX_POINT('',#2842);
#832=VERTEX_POINT('',#2844);
#833=VERTEX_POINT('',#2848);
#834=VERTEX_POINT('',#2850);
#835=VERTEX_POINT('',#2852);
#836=VERTEX_POINT('',#2854);
#837=VERTEX_POINT('',#2856);
#838=VERTEX_POINT('',#2858);
#839=VERTEX_POINT('',#2860);
#840=VERTEX_POINT('',#2862);
#841=VERTEX_POINT('',#2864);
#842=VERTEX_POINT('',#2866);
#843=VERTEX_POINT('',#2875);
#844=VERTEX_POINT('',#2876);
#845=VERTEX_POINT('',#2878);
#846=VERTEX_POINT('',#2880);
#847=VERTEX_POINT('',#2882);
#848=VERTEX_POINT('',#2884);
#849=VERTEX_POINT('',#2886);
#850=VERTEX_POINT('',#2888);
#851=VERTEX_POINT('',#2892);
#852=VERTEX_POINT('',#2894);
#853=VERTEX_POINT('',#2896);
#854=VERTEX_POINT('',#2900);
#855=VERTEX_POINT('',#2907);
#856=VERTEX_POINT('',#2908);
#857=VERTEX_POINT('',#2910);
#858=VERTEX_POINT('',#2912);
#859=VERTEX_POINT('',#2916);
#860=VERTEX_POINT('',#2917);
#861=VERTEX_POINT('',#2919);
#862=VERTEX_POINT('',#2921);
#863=VERTEX_POINT('',#2925);
#864=VERTEX_POINT('',#2926);
#865=VERTEX_POINT('',#2931);
#866=VERTEX_POINT('',#2932);
#867=VERTEX_POINT('',#2937);
#868=VERTEX_POINT('',#2938);
#869=VERTEX_POINT('',#2940);
#870=VERTEX_POINT('',#2942);
#871=VERTEX_POINT('',#2946);
#872=VERTEX_POINT('',#2947);
#873=VERTEX_POINT('',#2957);
#874=VERTEX_POINT('',#2958);
#875=VERTEX_POINT('',#2960);
#876=VERTEX_POINT('',#2964);
#877=VERTEX_POINT('',#2965);
#878=VERTEX_POINT('',#2967);
#879=VERTEX_POINT('',#2971);
#880=VERTEX_POINT('',#2975);
#881=VERTEX_POINT('',#2976);
#882=VERTEX_POINT('',#2978);
#883=VERTEX_POINT('',#2982);
#884=VERTEX_POINT('',#2983);
#885=VERTEX_POINT('',#2985);
#886=VERTEX_POINT('',#2989);
#887=VERTEX_POINT('',#2991);
#888=VERTEX_POINT('',#2993);
#889=VERTEX_POINT('',#2995);
#890=VERTEX_POINT('',#2999);
#891=VERTEX_POINT('',#3001);
#892=VERTEX_POINT('',#3005);
#893=VERTEX_POINT('',#3006);
#894=VERTEX_POINT('',#3008);
#895=VERTEX_POINT('',#3014);
#896=VERTEX_POINT('',#3016);
#897=VERTEX_POINT('',#3023);
#898=VERTEX_POINT('',#3025);
#899=VERTEX_POINT('',#3027);
#900=VERTEX_POINT('',#3029);
#901=VERTEX_POINT('',#3034);
#902=VERTEX_POINT('',#3036);
#903=VERTEX_POINT('',#3042);
#904=VERTEX_POINT('',#3044);
#905=VERTEX_POINT('',#3046);
#906=VERTEX_POINT('',#3048);
#907=VERTEX_POINT('',#3050);
#908=VERTEX_POINT('',#3052);
#909=VERTEX_POINT('',#3054);
#910=VERTEX_POINT('',#3056);
#911=VERTEX_POINT('',#3060);
#912=VERTEX_POINT('',#3066);
#913=VERTEX_POINT('',#3070);
#914=VERTEX_POINT('',#3072);
#915=VERTEX_POINT('',#3074);
#916=VERTEX_POINT('',#3078);
#917=VERTEX_POINT('',#3085);
#918=VERTEX_POINT('',#3087);
#919=VERTEX_POINT('',#3089);
#920=VERTEX_POINT('',#3091);
#921=VERTEX_POINT('',#3093);
#922=VERTEX_POINT('',#3095);
#923=VERTEX_POINT('',#3098);
#924=VERTEX_POINT('',#3106);
#925=VERTEX_POINT('',#3108);
#926=VERTEX_POINT('',#3110);
#927=VERTEX_POINT('',#3112);
#928=VERTEX_POINT('',#3115);
#929=VERTEX_POINT('',#3118);
#930=VERTEX_POINT('',#3121);
#931=VERTEX_POINT('',#3125);
#932=VERTEX_POINT('',#3126);
#933=VERTEX_POINT('',#3131);
#934=VERTEX_POINT('',#3133);
#935=VERTEX_POINT('',#3141);
#936=VERTEX_POINT('',#3145);
#937=VERTEX_POINT('',#3149);
#938=VERTEX_POINT('',#3153);
#939=VERTEX_POINT('',#3157);
#940=VERTEX_POINT('',#3161);
#941=VERTEX_POINT('',#3167);
#942=VERTEX_POINT('',#3171);
#943=VERTEX_POINT('',#3175);
#944=VERTEX_POINT('',#3181);
#945=VERTEX_POINT('',#3183);
#946=VERTEX_POINT('',#3185);
#947=VERTEX_POINT('',#3189);
#948=VERTEX_POINT('',#3193);
#949=VERTEX_POINT('',#3199);
#950=VERTEX_POINT('',#3203);
#951=VERTEX_POINT('',#3207);
#952=VERTEX_POINT('',#3211);
#953=VERTEX_POINT('',#3215);
#954=VERTEX_POINT('',#3219);
#955=VERTEX_POINT('',#3226);
#956=VERTEX_POINT('',#3230);
#957=VERTEX_POINT('',#3240);
#958=VERTEX_POINT('',#3244);
#959=VERTEX_POINT('',#3255);
#960=VERTEX_POINT('',#3257);
#961=VERTEX_POINT('',#3262);
#962=VERTEX_POINT('',#3266);
#963=VERTEX_POINT('',#3272);
#964=VERTEX_POINT('',#3273);
#965=VERTEX_POINT('',#3275);
#966=VERTEX_POINT('',#3277);
#967=VERTEX_POINT('',#3281);
#968=VERTEX_POINT('',#3283);
#969=VERTEX_POINT('',#3287);
#970=VERTEX_POINT('',#3289);
#971=VERTEX_POINT('',#3297);
#972=VERTEX_POINT('',#3298);
#973=VERTEX_POINT('',#3300);
#974=VERTEX_POINT('',#3302);
#975=VERTEX_POINT('',#3306);
#976=VERTEX_POINT('',#3308);
#977=VERTEX_POINT('',#3312);
#978=VERTEX_POINT('',#3314);
#979=VERTEX_POINT('',#3322);
#980=VERTEX_POINT('',#3323);
#981=VERTEX_POINT('',#3325);
#982=VERTEX_POINT('',#3327);
#983=VERTEX_POINT('',#3331);
#984=VERTEX_POINT('',#3333);
#985=VERTEX_POINT('',#3337);
#986=VERTEX_POINT('',#3339);
#987=VERTEX_POINT('',#3347);
#988=VERTEX_POINT('',#3348);
#989=VERTEX_POINT('',#3350);
#990=VERTEX_POINT('',#3352);
#991=VERTEX_POINT('',#3356);
#992=VERTEX_POINT('',#3358);
#993=VERTEX_POINT('',#3362);
#994=VERTEX_POINT('',#3364);
#995=VERTEX_POINT('',#3372);
#996=VERTEX_POINT('',#3373);
#997=VERTEX_POINT('',#3375);
#998=VERTEX_POINT('',#3377);
#999=VERTEX_POINT('',#3381);
#1000=VERTEX_POINT('',#3383);
#1001=VERTEX_POINT('',#3387);
#1002=VERTEX_POINT('',#3389);
#1003=EDGE_CURVE('',#815,#816,#329,.T.);
#1004=EDGE_CURVE('',#815,#817,#330,.T.);
#1005=EDGE_CURVE('',#818,#817,#331,.T.);
#1006=EDGE_CURVE('',#819,#818,#332,.T.);
#1007=EDGE_CURVE('',#820,#819,#333,.T.);
#1008=EDGE_CURVE('',#820,#821,#334,.T.);
#1009=EDGE_CURVE('',#821,#822,#335,.T.);
#1010=EDGE_CURVE('',#823,#822,#336,.T.);
#1011=EDGE_CURVE('',#824,#823,#337,.T.);
#1012=EDGE_CURVE('',#825,#824,#338,.T.);
#1013=EDGE_CURVE('',#816,#825,#339,.T.);
#1014=EDGE_CURVE('',#826,#815,#340,.T.);
#1015=EDGE_CURVE('',#826,#827,#341,.T.);
#1016=EDGE_CURVE('',#828,#827,#342,.T.);
#1017=EDGE_CURVE('',#828,#815,#343,.T.);
#1018=EDGE_CURVE('',#829,#830,#344,.T.);
#1019=EDGE_CURVE('',#829,#831,#345,.T.);
#1020=EDGE_CURVE('',#831,#832,#346,.T.);
#1021=EDGE_CURVE('',#832,#830,#347,.T.);
#1022=EDGE_CURVE('',#833,#829,#348,.T.);
#1023=EDGE_CURVE('',#834,#833,#349,.T.);
#1024=EDGE_CURVE('',#835,#834,#350,.T.);
#1025=EDGE_CURVE('',#836,#835,#351,.T.);
#1026=EDGE_CURVE('',#837,#836,#352,.T.);
#1027=EDGE_CURVE('',#837,#838,#353,.T.);
#1028=EDGE_CURVE('',#838,#839,#354,.T.);
#1029=EDGE_CURVE('',#840,#839,#355,.T.);
#1030=EDGE_CURVE('',#841,#840,#356,.T.);
#1031=EDGE_CURVE('',#842,#841,#357,.T.);
#1032=EDGE_CURVE('',#842,#829,#358,.T.);
#1033=EDGE_CURVE('',#841,#818,#359,.T.);
#1034=EDGE_CURVE('',#840,#819,#360,.T.);
#1035=EDGE_CURVE('',#842,#817,#361,.T.);
#1036=EDGE_CURVE('',#843,#844,#362,.T.);
#1037=EDGE_CURVE('',#844,#845,#363,.T.);
#1038=EDGE_CURVE('',#845,#846,#364,.T.);
#1039=EDGE_CURVE('',#846,#847,#365,.T.);
#1040=EDGE_CURVE('',#847,#848,#366,.T.);
#1041=EDGE_CURVE('',#849,#848,#367,.T.);
#1042=EDGE_CURVE('',#850,#849,#368,.T.);
#1043=EDGE_CURVE('',#843,#850,#369,.T.);
#1044=EDGE_CURVE('',#850,#851,#370,.T.);
#1045=EDGE_CURVE('',#852,#851,#371,.T.);
#1046=EDGE_CURVE('',#853,#852,#372,.T.);
#1047=EDGE_CURVE('',#843,#853,#373,.T.);
#1048=EDGE_CURVE('',#854,#849,#374,.T.);
#1049=EDGE_CURVE('',#851,#854,#375,.T.);
#1050=EDGE_CURVE('',#839,#820,#376,.T.);
#1051=EDGE_CURVE('',#821,#838,#377,.T.);
#1052=EDGE_CURVE('',#855,#856,#378,.T.);
#1053=EDGE_CURVE('',#857,#855,#379,.T.);
#1054=EDGE_CURVE('',#858,#857,#380,.T.);
#1055=EDGE_CURVE('',#856,#858,#381,.T.);
#1056=EDGE_CURVE('',#859,#860,#382,.T.);
#1057=EDGE_CURVE('',#861,#859,#383,.T.);
#1058=EDGE_CURVE('',#862,#861,#384,.T.);
#1059=EDGE_CURVE('',#860,#862,#385,.T.);
#1060=EDGE_CURVE('',#863,#864,#386,.T.);
#1061=EDGE_CURVE('',#863,#862,#387,.T.);
#1062=EDGE_CURVE('',#864,#861,#388,.T.);
#1063=EDGE_CURVE('',#865,#866,#389,.T.);
#1064=EDGE_CURVE('',#858,#865,#390,.T.);
#1065=EDGE_CURVE('',#866,#857,#391,.T.);
#1066=EDGE_CURVE('',#867,#868,#392,.T.);
#1067=EDGE_CURVE('',#867,#869,#393,.T.);
#1068=EDGE_CURVE('',#869,#870,#394,.T.);
#1069=EDGE_CURVE('',#868,#870,#395,.T.);
#1070=EDGE_CURVE('',#871,#872,#396,.T.);
#1071=EDGE_CURVE('',#870,#871,#397,.T.);
#1072=EDGE_CURVE('',#872,#869,#398,.T.);
#1073=EDGE_CURVE('',#848,#832,#399,.T.);
#1074=EDGE_CURVE('',#854,#831,#400,.T.);
#1075=EDGE_CURVE('',#822,#837,#401,.T.);
#1076=EDGE_CURVE('',#873,#874,#402,.T.);
#1077=EDGE_CURVE('',#875,#874,#403,.T.);
#1078=EDGE_CURVE('',#875,#873,#404,.T.);
#1079=EDGE_CURVE('',#876,#877,#405,.T.);
#1080=EDGE_CURVE('',#877,#878,#406,.T.);
#1081=EDGE_CURVE('',#878,#876,#407,.T.);
#1082=EDGE_CURVE('',#830,#879,#408,.T.);
#1083=EDGE_CURVE('',#879,#833,#409,.T.);
#1084=EDGE_CURVE('',#880,#881,#410,.T.);
#1085=EDGE_CURVE('',#882,#881,#411,.T.);
#1086=EDGE_CURVE('',#882,#880,#412,.T.);
#1087=EDGE_CURVE('',#883,#884,#413,.T.);
#1088=EDGE_CURVE('',#884,#885,#414,.T.);
#1089=EDGE_CURVE('',#885,#883,#415,.T.);
#1090=EDGE_CURVE('',#886,#876,#416,.T.);
#1091=EDGE_CURVE('',#887,#886,#417,.T.);
#1092=EDGE_CURVE('',#888,#887,#418,.T.);
#1093=EDGE_CURVE('',#889,#888,#419,.T.);
#1094=EDGE_CURVE('',#872,#889,#420,.T.);
#1095=EDGE_CURVE('',#864,#867,#421,.T.);
#1096=EDGE_CURVE('',#890,#859,#422,.T.);
#1097=EDGE_CURVE('',#891,#890,#423,.T.);
#1098=EDGE_CURVE('',#877,#891,#424,.T.);
#1099=EDGE_CURVE('',#892,#893,#425,.T.);
#1100=EDGE_CURVE('',#893,#894,#426,.T.);
#1101=EDGE_CURVE('',#894,#892,#427,.T.);
#1102=EDGE_CURVE('',#847,#883,#428,.T.);
#1103=EDGE_CURVE('',#856,#846,#429,.T.);
#1104=EDGE_CURVE('',#895,#865,#430,.T.);
#1105=EDGE_CURVE('',#896,#895,#431,.T.);
#1106=EDGE_CURVE('',#884,#896,#432,.T.);
#1107=EDGE_CURVE('',#843,#882,#433,.T.);
#1108=EDGE_CURVE('',#881,#844,#434,.T.);
#1109=EDGE_CURVE('',#897,#828,#435,.T.);
#1110=EDGE_CURVE('',#898,#897,#436,.T.);
#1111=EDGE_CURVE('',#899,#898,#437,.T.);
#1112=EDGE_CURVE('',#900,#899,#438,.T.);
#1113=EDGE_CURVE('',#900,#871,#439,.T.);
#1114=EDGE_CURVE('',#852,#889,#440,.T.);
#1115=EDGE_CURVE('',#901,#900,#441,.T.);
#1116=EDGE_CURVE('',#899,#902,#442,.T.);
#1117=EDGE_CURVE('',#902,#901,#443,.T.);
#1118=EDGE_CURVE('',#888,#853,#444,.T.);
#1119=EDGE_CURVE('',#860,#903,#445,.T.);
#1120=EDGE_CURVE('',#904,#903,#446,.T.);
#1121=EDGE_CURVE('',#904,#905,#447,.T.);
#1122=EDGE_CURVE('',#906,#905,#448,.T.);
#1123=EDGE_CURVE('',#907,#906,#449,.T.);
#1124=EDGE_CURVE('',#908,#907,#450,.T.);
#1125=EDGE_CURVE('',#909,#908,#451,.T.);
#1126=EDGE_CURVE('',#910,#909,#452,.T.);
#1127=EDGE_CURVE('',#823,#910,#453,.T.);
#1128=EDGE_CURVE('',#895,#836,#454,.T.);
#1129=EDGE_CURVE('',#866,#911,#455,.T.);
#1130=EDGE_CURVE('',#890,#911,#456,.T.);
#1131=EDGE_CURVE('',#879,#834,#457,.T.);
#1132=EDGE_CURVE('',#825,#912,#458,.T.);
#1133=EDGE_CURVE('',#912,#816,#459,.T.);
#1134=EDGE_CURVE('',#903,#913,#460,.T.);
#1135=EDGE_CURVE('',#913,#914,#461,.T.);
#1136=EDGE_CURVE('',#915,#914,#462,.T.);
#1137=EDGE_CURVE('',#915,#904,#463,.T.);
#1138=EDGE_CURVE('',#910,#916,#464,.T.);
#1139=EDGE_CURVE('',#916,#824,#465,.T.);
#1140=EDGE_CURVE('',#835,#896,#466,.T.);
#1141=EDGE_CURVE('',#912,#826,#467,.T.);
#1142=EDGE_CURVE('',#917,#916,#51,.T.);
#1143=EDGE_CURVE('',#918,#917,#468,.T.);
#1144=EDGE_CURVE('',#919,#918,#52,.T.);
#1145=EDGE_CURVE('',#920,#919,#469,.T.);
#1146=EDGE_CURVE('',#921,#920,#53,.T.);
#1147=EDGE_CURVE('',#922,#921,#470,.T.);
#1148=EDGE_CURVE('',#827,#922,#54,.T.);
#1149=EDGE_CURVE('',#923,#923,#55,.T.);
#1150=EDGE_CURVE('',#885,#848,#471,.T.);
#1151=EDGE_CURVE('',#913,#873,#472,.T.);
#1152=EDGE_CURVE('',#894,#875,#473,.T.);
#1153=EDGE_CURVE('',#893,#901,#474,.T.);
#1154=EDGE_CURVE('',#924,#902,#56,.T.);
#1155=EDGE_CURVE('',#925,#924,#475,.T.);
#1156=EDGE_CURVE('',#926,#925,#57,.T.);
#1157=EDGE_CURVE('',#927,#926,#476,.T.);
#1158=EDGE_CURVE('',#914,#927,#477,.T.);
#1159=EDGE_CURVE('',#928,#928,#58,.T.);
#1160=EDGE_CURVE('',#929,#891,#478,.T.);
#1161=EDGE_CURVE('',#929,#880,#479,.T.);
#1162=EDGE_CURVE('',#930,#887,#480,.T.);
#1163=EDGE_CURVE('',#878,#930,#481,.T.);
#1164=EDGE_CURVE('',#931,#932,#482,.T.);
#1165=EDGE_CURVE('',#932,#906,#483,.T.);
#1166=EDGE_CURVE('',#905,#931,#484,.T.);
#1167=EDGE_CURVE('',#933,#915,#485,.T.);
#1168=EDGE_CURVE('',#934,#933,#486,.F.);
#1169=EDGE_CURVE('',#934,#931,#487,.T.);
#1170=EDGE_CURVE('',#927,#933,#488,.T.);
#1171=EDGE_CURVE('',#911,#929,#489,.T.);
#1172=EDGE_CURVE('',#935,#917,#490,.T.);
#1173=EDGE_CURVE('',#910,#935,#59,.T.);
#1174=EDGE_CURVE('',#936,#918,#491,.T.);
#1175=EDGE_CURVE('',#935,#936,#492,.T.);
#1176=EDGE_CURVE('',#937,#919,#493,.T.);
#1177=EDGE_CURVE('',#936,#937,#60,.T.);
#1178=EDGE_CURVE('',#938,#920,#494,.T.);
#1179=EDGE_CURVE('',#937,#938,#495,.T.);
#1180=EDGE_CURVE('',#939,#921,#496,.T.);
#1181=EDGE_CURVE('',#938,#939,#61,.T.);
#1182=EDGE_CURVE('',#940,#922,#497,.T.);
#1183=EDGE_CURVE('',#939,#940,#498,.T.);
#1184=EDGE_CURVE('',#940,#828,#62,.T.);
#1185=EDGE_CURVE('',#941,#924,#499,.T.);
#1186=EDGE_CURVE('',#899,#941,#63,.T.);
#1187=EDGE_CURVE('',#942,#925,#500,.T.);
#1188=EDGE_CURVE('',#941,#942,#501,.T.);
#1189=EDGE_CURVE('',#943,#926,#502,.T.);
#1190=EDGE_CURVE('',#942,#943,#64,.T.);
#1191=EDGE_CURVE('',#943,#934,#503,.T.);
#1192=EDGE_CURVE('',#944,#943,#504,.T.);
#1193=EDGE_CURVE('',#945,#944,#505,.T.);
#1194=EDGE_CURVE('',#946,#945,#506,.T.);
#1195=EDGE_CURVE('',#932,#946,#507,.T.);
#1196=EDGE_CURVE('',#942,#947,#508,.T.);
#1197=EDGE_CURVE('',#947,#944,#65,.T.);
#1198=EDGE_CURVE('',#948,#941,#509,.T.);
#1199=EDGE_CURVE('',#947,#948,#510,.T.);
#1200=EDGE_CURVE('',#898,#948,#66,.T.);
#1201=EDGE_CURVE('',#940,#949,#511,.T.);
#1202=EDGE_CURVE('',#949,#897,#67,.T.);
#1203=EDGE_CURVE('',#950,#939,#512,.T.);
#1204=EDGE_CURVE('',#949,#950,#513,.T.);
#1205=EDGE_CURVE('',#938,#951,#514,.T.);
#1206=EDGE_CURVE('',#951,#950,#68,.T.);
#1207=EDGE_CURVE('',#952,#937,#515,.T.);
#1208=EDGE_CURVE('',#951,#952,#516,.T.);
#1209=EDGE_CURVE('',#936,#953,#517,.T.);
#1210=EDGE_CURVE('',#953,#952,#69,.T.);
#1211=EDGE_CURVE('',#954,#935,#518,.T.);
#1212=EDGE_CURVE('',#953,#954,#519,.T.);
#1213=EDGE_CURVE('',#909,#954,#70,.T.);
#1214=EDGE_CURVE('',#923,#955,#520,.T.);
#1215=EDGE_CURVE('',#955,#955,#71,.T.);
#1216=EDGE_CURVE('',#955,#956,#521,.T.);
#1217=EDGE_CURVE('',#956,#956,#72,.T.);
#1218=EDGE_CURVE('',#930,#886,#522,.T.);
#1219=EDGE_CURVE('',#874,#892,#523,.T.);
#1220=EDGE_CURVE('',#928,#957,#524,.T.);
#1221=EDGE_CURVE('',#957,#957,#73,.T.);
#1222=EDGE_CURVE('',#957,#958,#525,.T.);
#1223=EDGE_CURVE('',#958,#958,#74,.T.);
#1224=EDGE_CURVE('',#845,#855,#526,.T.);
#1225=EDGE_CURVE('',#868,#863,#527,.T.);
#1226=EDGE_CURVE('',#946,#959,#75,.T.);
#1227=EDGE_CURVE('',#959,#960,#528,.T.);
#1228=EDGE_CURVE('',#960,#907,#76,.T.);
#1229=EDGE_CURVE('',#960,#961,#529,.T.);
#1230=EDGE_CURVE('',#961,#908,#77,.T.);
#1231=EDGE_CURVE('',#962,#959,#530,.T.);
#1232=EDGE_CURVE('',#961,#962,#531,.T.);
#1233=EDGE_CURVE('',#945,#962,#78,.T.);
#1234=EDGE_CURVE('',#963,#964,#532,.T.);
#1235=EDGE_CURVE('',#963,#965,#533,.T.);
#1236=EDGE_CURVE('',#965,#966,#534,.T.);
#1237=EDGE_CURVE('',#964,#966,#535,.T.);
#1238=EDGE_CURVE('',#967,#963,#79,.T.);
#1239=EDGE_CURVE('',#967,#968,#536,.T.);
#1240=EDGE_CURVE('',#968,#965,#80,.T.);
#1241=EDGE_CURVE('',#969,#967,#537,.T.);
#1242=EDGE_CURVE('',#969,#970,#538,.T.);
#1243=EDGE_CURVE('',#970,#968,#539,.T.);
#1244=EDGE_CURVE('',#964,#969,#81,.T.);
#1245=EDGE_CURVE('',#966,#970,#82,.T.);
#1246=EDGE_CURVE('',#971,#972,#540,.T.);
#1247=EDGE_CURVE('',#971,#973,#541,.T.);
#1248=EDGE_CURVE('',#973,#974,#542,.T.);
#1249=EDGE_CURVE('',#972,#974,#543,.T.);
#1250=EDGE_CURVE('',#975,#971,#83,.T.);
#1251=EDGE_CURVE('',#975,#976,#544,.T.);
#1252=EDGE_CURVE('',#976,#973,#84,.T.);
#1253=EDGE_CURVE('',#977,#975,#545,.T.);
#1254=EDGE_CURVE('',#977,#978,#546,.T.);
#1255=EDGE_CURVE('',#978,#976,#547,.T.);
#1256=EDGE_CURVE('',#972,#977,#85,.T.);
#1257=EDGE_CURVE('',#974,#978,#86,.T.);
#1258=EDGE_CURVE('',#979,#980,#548,.T.);
#1259=EDGE_CURVE('',#979,#981,#549,.T.);
#1260=EDGE_CURVE('',#981,#982,#550,.T.);
#1261=EDGE_CURVE('',#980,#982,#551,.T.);
#1262=EDGE_CURVE('',#983,#979,#87,.T.);
#1263=EDGE_CURVE('',#983,#984,#552,.T.);
#1264=EDGE_CURVE('',#984,#981,#88,.T.);
#1265=EDGE_CURVE('',#985,#983,#553,.T.);
#1266=EDGE_CURVE('',#985,#986,#554,.T.);
#1267=EDGE_CURVE('',#986,#984,#555,.T.);
#1268=EDGE_CURVE('',#980,#985,#89,.T.);
#1269=EDGE_CURVE('',#982,#986,#90,.T.);
#1270=EDGE_CURVE('',#987,#988,#556,.T.);
#1271=EDGE_CURVE('',#987,#989,#557,.T.);
#1272=EDGE_CURVE('',#989,#990,#558,.T.);
#1273=EDGE_CURVE('',#988,#990,#559,.T.);
#1274=EDGE_CURVE('',#991,#987,#91,.T.);
#1275=EDGE_CURVE('',#991,#992,#560,.T.);
#1276=EDGE_CURVE('',#992,#989,#92,.T.);
#1277=EDGE_CURVE('',#993,#991,#561,.T.);
#1278=EDGE_CURVE('',#993,#994,#562,.T.);
#1279=EDGE_CURVE('',#994,#992,#563,.T.);
#1280=EDGE_CURVE('',#988,#993,#93,.T.);
#1281=EDGE_CURVE('',#990,#994,#94,.T.);
#1282=EDGE_CURVE('',#995,#996,#564,.T.);
#1283=EDGE_CURVE('',#995,#997,#565,.T.);
#1284=EDGE_CURVE('',#997,#998,#566,.T.);
#1285=EDGE_CURVE('',#996,#998,#567,.T.);
#1286=EDGE_CURVE('',#999,#995,#95,.T.);
#1287=EDGE_CURVE('',#999,#1000,#568,.T.);
#1288=EDGE_CURVE('',#1000,#997,#96,.T.);
#1289=EDGE_CURVE('',#1001,#999,#569,.T.);
#1290=EDGE_CURVE('',#1001,#1002,#570,.T.);
#1291=EDGE_CURVE('',#1002,#1000,#571,.T.);
#1292=EDGE_CURVE('',#996,#1001,#97,.T.);
#1293=EDGE_CURVE('',#998,#1002,#98,.T.);
#1294=ORIENTED_EDGE('',*,*,#1003,.F.);
#1295=ORIENTED_EDGE('',*,*,#1004,.T.);
#1296=ORIENTED_EDGE('',*,*,#1005,.F.);
#1297=ORIENTED_EDGE('',*,*,#1006,.F.);
#1298=ORIENTED_EDGE('',*,*,#1007,.F.);
#1299=ORIENTED_EDGE('',*,*,#1008,.T.);
#1300=ORIENTED_EDGE('',*,*,#1009,.T.);
#1301=ORIENTED_EDGE('',*,*,#1010,.F.);
#1302=ORIENTED_EDGE('',*,*,#1011,.F.);
#1303=ORIENTED_EDGE('',*,*,#1012,.F.);
#1304=ORIENTED_EDGE('',*,*,#1013,.F.);
#1305=ORIENTED_EDGE('',*,*,#1014,.F.);
#1306=ORIENTED_EDGE('',*,*,#1015,.T.);
#1307=ORIENTED_EDGE('',*,*,#1016,.F.);
#1308=ORIENTED_EDGE('',*,*,#1017,.T.);
#1309=ORIENTED_EDGE('',*,*,#1018,.F.);
#1310=ORIENTED_EDGE('',*,*,#1019,.T.);
#1311=ORIENTED_EDGE('',*,*,#1020,.T.);
#1312=ORIENTED_EDGE('',*,*,#1021,.T.);
#1313=ORIENTED_EDGE('',*,*,#1022,.F.);
#1314=ORIENTED_EDGE('',*,*,#1023,.F.);
#1315=ORIENTED_EDGE('',*,*,#1024,.F.);
#1316=ORIENTED_EDGE('',*,*,#1025,.F.);
#1317=ORIENTED_EDGE('',*,*,#1026,.F.);
#1318=ORIENTED_EDGE('',*,*,#1027,.T.);
#1319=ORIENTED_EDGE('',*,*,#1028,.T.);
#1320=ORIENTED_EDGE('',*,*,#1029,.F.);
#1321=ORIENTED_EDGE('',*,*,#1030,.F.);
#1322=ORIENTED_EDGE('',*,*,#1031,.F.);
#1323=ORIENTED_EDGE('',*,*,#1032,.T.);
#1324=ORIENTED_EDGE('',*,*,#1006,.T.);
#1325=ORIENTED_EDGE('',*,*,#1033,.F.);
#1326=ORIENTED_EDGE('',*,*,#1030,.T.);
#1327=ORIENTED_EDGE('',*,*,#1034,.T.);
#1328=ORIENTED_EDGE('',*,*,#1005,.T.);
#1329=ORIENTED_EDGE('',*,*,#1035,.F.);
#1330=ORIENTED_EDGE('',*,*,#1031,.T.);
#1331=ORIENTED_EDGE('',*,*,#1033,.T.);
#1332=ORIENTED_EDGE('',*,*,#1036,.T.);
#1333=ORIENTED_EDGE('',*,*,#1037,.T.);
#1334=ORIENTED_EDGE('',*,*,#1038,.T.);
#1335=ORIENTED_EDGE('',*,*,#1039,.T.);
#1336=ORIENTED_EDGE('',*,*,#1040,.T.);
#1337=ORIENTED_EDGE('',*,*,#1041,.F.);
#1338=ORIENTED_EDGE('',*,*,#1042,.F.);
#1339=ORIENTED_EDGE('',*,*,#1043,.F.);
#1340=ORIENTED_EDGE('',*,*,#1043,.T.);
#1341=ORIENTED_EDGE('',*,*,#1044,.T.);
#1342=ORIENTED_EDGE('',*,*,#1045,.F.);
#1343=ORIENTED_EDGE('',*,*,#1046,.F.);
#1344=ORIENTED_EDGE('',*,*,#1047,.F.);
#1345=ORIENTED_EDGE('',*,*,#1042,.T.);
#1346=ORIENTED_EDGE('',*,*,#1048,.F.);
#1347=ORIENTED_EDGE('',*,*,#1049,.F.);
#1348=ORIENTED_EDGE('',*,*,#1044,.F.);
#1349=ORIENTED_EDGE('',*,*,#1050,.F.);
#1350=ORIENTED_EDGE('',*,*,#1028,.F.);
#1351=ORIENTED_EDGE('',*,*,#1051,.F.);
#1352=ORIENTED_EDGE('',*,*,#1008,.F.);
#1353=ORIENTED_EDGE('',*,*,#1052,.F.);
#1354=ORIENTED_EDGE('',*,*,#1053,.F.);
#1355=ORIENTED_EDGE('',*,*,#1054,.F.);
#1356=ORIENTED_EDGE('',*,*,#1055,.F.);
#1357=ORIENTED_EDGE('',*,*,#1056,.F.);
#1358=ORIENTED_EDGE('',*,*,#1057,.F.);
#1359=ORIENTED_EDGE('',*,*,#1058,.F.);
#1360=ORIENTED_EDGE('',*,*,#1059,.F.);
#1361=ORIENTED_EDGE('',*,*,#1060,.F.);
#1362=ORIENTED_EDGE('',*,*,#1061,.T.);
#1363=ORIENTED_EDGE('',*,*,#1058,.T.);
#1364=ORIENTED_EDGE('',*,*,#1062,.F.);
#1365=ORIENTED_EDGE('',*,*,#1063,.F.);
#1366=ORIENTED_EDGE('',*,*,#1064,.F.);
#1367=ORIENTED_EDGE('',*,*,#1054,.T.);
#1368=ORIENTED_EDGE('',*,*,#1065,.F.);
#1369=ORIENTED_EDGE('',*,*,#1066,.F.);
#1370=ORIENTED_EDGE('',*,*,#1067,.T.);
#1371=ORIENTED_EDGE('',*,*,#1068,.T.);
#1372=ORIENTED_EDGE('',*,*,#1069,.F.);
#1373=ORIENTED_EDGE('',*,*,#1070,.F.);
#1374=ORIENTED_EDGE('',*,*,#1071,.F.);
#1375=ORIENTED_EDGE('',*,*,#1068,.F.);
#1376=ORIENTED_EDGE('',*,*,#1072,.F.);
#1377=ORIENTED_EDGE('',*,*,#1041,.T.);
#1378=ORIENTED_EDGE('',*,*,#1073,.T.);
#1379=ORIENTED_EDGE('',*,*,#1020,.F.);
#1380=ORIENTED_EDGE('',*,*,#1074,.F.);
#1381=ORIENTED_EDGE('',*,*,#1048,.T.);
#1382=ORIENTED_EDGE('',*,*,#1075,.F.);
#1383=ORIENTED_EDGE('',*,*,#1009,.F.);
#1384=ORIENTED_EDGE('',*,*,#1051,.T.);
#1385=ORIENTED_EDGE('',*,*,#1027,.F.);
#1386=ORIENTED_EDGE('',*,*,#1076,.T.);
#1387=ORIENTED_EDGE('',*,*,#1077,.F.);
#1388=ORIENTED_EDGE('',*,*,#1078,.T.);
#1389=ORIENTED_EDGE('',*,*,#1079,.T.);
#1390=ORIENTED_EDGE('',*,*,#1080,.T.);
#1391=ORIENTED_EDGE('',*,*,#1081,.T.);
#1392=ORIENTED_EDGE('',*,*,#1082,.T.);
#1393=ORIENTED_EDGE('',*,*,#1083,.T.);
#1394=ORIENTED_EDGE('',*,*,#1022,.T.);
#1395=ORIENTED_EDGE('',*,*,#1018,.T.);
#1396=ORIENTED_EDGE('',*,*,#1084,.T.);
#1397=ORIENTED_EDGE('',*,*,#1085,.F.);
#1398=ORIENTED_EDGE('',*,*,#1086,.T.);
#1399=ORIENTED_EDGE('',*,*,#1087,.T.);
#1400=ORIENTED_EDGE('',*,*,#1088,.T.);
#1401=ORIENTED_EDGE('',*,*,#1089,.T.);
#1402=ORIENTED_EDGE('',*,*,#1090,.F.);
#1403=ORIENTED_EDGE('',*,*,#1091,.F.);
#1404=ORIENTED_EDGE('',*,*,#1092,.F.);
#1405=ORIENTED_EDGE('',*,*,#1093,.F.);
#1406=ORIENTED_EDGE('',*,*,#1094,.F.);
#1407=ORIENTED_EDGE('',*,*,#1072,.T.);
#1408=ORIENTED_EDGE('',*,*,#1067,.F.);
#1409=ORIENTED_EDGE('',*,*,#1095,.F.);
#1410=ORIENTED_EDGE('',*,*,#1062,.T.);
#1411=ORIENTED_EDGE('',*,*,#1057,.T.);
#1412=ORIENTED_EDGE('',*,*,#1096,.F.);
#1413=ORIENTED_EDGE('',*,*,#1097,.F.);
#1414=ORIENTED_EDGE('',*,*,#1098,.F.);
#1415=ORIENTED_EDGE('',*,*,#1079,.F.);
#1416=ORIENTED_EDGE('',*,*,#1099,.T.);
#1417=ORIENTED_EDGE('',*,*,#1100,.T.);
#1418=ORIENTED_EDGE('',*,*,#1101,.T.);
#1419=ORIENTED_EDGE('',*,*,#1102,.F.);
#1420=ORIENTED_EDGE('',*,*,#1039,.F.);
#1421=ORIENTED_EDGE('',*,*,#1103,.F.);
#1422=ORIENTED_EDGE('',*,*,#1055,.T.);
#1423=ORIENTED_EDGE('',*,*,#1064,.T.);
#1424=ORIENTED_EDGE('',*,*,#1104,.F.);
#1425=ORIENTED_EDGE('',*,*,#1105,.F.);
#1426=ORIENTED_EDGE('',*,*,#1106,.F.);
#1427=ORIENTED_EDGE('',*,*,#1087,.F.);
#1428=ORIENTED_EDGE('',*,*,#1107,.T.);
#1429=ORIENTED_EDGE('',*,*,#1085,.T.);
#1430=ORIENTED_EDGE('',*,*,#1108,.T.);
#1431=ORIENTED_EDGE('',*,*,#1036,.F.);
#1432=ORIENTED_EDGE('',*,*,#1035,.T.);
#1433=ORIENTED_EDGE('',*,*,#1004,.F.);
#1434=ORIENTED_EDGE('',*,*,#1017,.F.);
#1435=ORIENTED_EDGE('',*,*,#1109,.F.);
#1436=ORIENTED_EDGE('',*,*,#1110,.F.);
#1437=ORIENTED_EDGE('',*,*,#1111,.F.);
#1438=ORIENTED_EDGE('',*,*,#1112,.F.);
#1439=ORIENTED_EDGE('',*,*,#1113,.T.);
#1440=ORIENTED_EDGE('',*,*,#1070,.T.);
#1441=ORIENTED_EDGE('',*,*,#1094,.T.);
#1442=ORIENTED_EDGE('',*,*,#1114,.F.);
#1443=ORIENTED_EDGE('',*,*,#1045,.T.);
#1444=ORIENTED_EDGE('',*,*,#1049,.T.);
#1445=ORIENTED_EDGE('',*,*,#1074,.T.);
#1446=ORIENTED_EDGE('',*,*,#1019,.F.);
#1447=ORIENTED_EDGE('',*,*,#1032,.F.);
#1448=ORIENTED_EDGE('',*,*,#1115,.T.);
#1449=ORIENTED_EDGE('',*,*,#1112,.T.);
#1450=ORIENTED_EDGE('',*,*,#1116,.T.);
#1451=ORIENTED_EDGE('',*,*,#1117,.T.);
#1452=ORIENTED_EDGE('',*,*,#1093,.T.);
#1453=ORIENTED_EDGE('',*,*,#1118,.T.);
#1454=ORIENTED_EDGE('',*,*,#1046,.T.);
#1455=ORIENTED_EDGE('',*,*,#1114,.T.);
#1456=ORIENTED_EDGE('',*,*,#1096,.T.);
#1457=ORIENTED_EDGE('',*,*,#1056,.T.);
#1458=ORIENTED_EDGE('',*,*,#1119,.T.);
#1459=ORIENTED_EDGE('',*,*,#1120,.F.);
#1460=ORIENTED_EDGE('',*,*,#1121,.T.);
#1461=ORIENTED_EDGE('',*,*,#1122,.F.);
#1462=ORIENTED_EDGE('',*,*,#1123,.F.);
#1463=ORIENTED_EDGE('',*,*,#1124,.F.);
#1464=ORIENTED_EDGE('',*,*,#1125,.F.);
#1465=ORIENTED_EDGE('',*,*,#1126,.F.);
#1466=ORIENTED_EDGE('',*,*,#1127,.F.);
#1467=ORIENTED_EDGE('',*,*,#1010,.T.);
#1468=ORIENTED_EDGE('',*,*,#1075,.T.);
#1469=ORIENTED_EDGE('',*,*,#1026,.T.);
#1470=ORIENTED_EDGE('',*,*,#1128,.F.);
#1471=ORIENTED_EDGE('',*,*,#1104,.T.);
#1472=ORIENTED_EDGE('',*,*,#1063,.T.);
#1473=ORIENTED_EDGE('',*,*,#1129,.T.);
#1474=ORIENTED_EDGE('',*,*,#1130,.F.);
#1475=ORIENTED_EDGE('',*,*,#1023,.T.);
#1476=ORIENTED_EDGE('',*,*,#1083,.F.);
#1477=ORIENTED_EDGE('',*,*,#1131,.T.);
#1478=ORIENTED_EDGE('',*,*,#1013,.T.);
#1479=ORIENTED_EDGE('',*,*,#1132,.T.);
#1480=ORIENTED_EDGE('',*,*,#1133,.T.);
#1481=ORIENTED_EDGE('',*,*,#1134,.T.);
#1482=ORIENTED_EDGE('',*,*,#1135,.T.);
#1483=ORIENTED_EDGE('',*,*,#1136,.F.);
#1484=ORIENTED_EDGE('',*,*,#1137,.T.);
#1485=ORIENTED_EDGE('',*,*,#1120,.T.);
#1486=ORIENTED_EDGE('',*,*,#1011,.T.);
#1487=ORIENTED_EDGE('',*,*,#1127,.T.);
#1488=ORIENTED_EDGE('',*,*,#1138,.T.);
#1489=ORIENTED_EDGE('',*,*,#1139,.T.);
#1490=ORIENTED_EDGE('',*,*,#1105,.T.);
#1491=ORIENTED_EDGE('',*,*,#1128,.T.);
#1492=ORIENTED_EDGE('',*,*,#1025,.T.);
#1493=ORIENTED_EDGE('',*,*,#1140,.T.);
#1494=ORIENTED_EDGE('',*,*,#1141,.F.);
#1495=ORIENTED_EDGE('',*,*,#1132,.F.);
#1496=ORIENTED_EDGE('',*,*,#1012,.T.);
#1497=ORIENTED_EDGE('',*,*,#1139,.F.);
#1498=ORIENTED_EDGE('',*,*,#1142,.F.);
#1499=ORIENTED_EDGE('',*,*,#1143,.F.);
#1500=ORIENTED_EDGE('',*,*,#1144,.F.);
#1501=ORIENTED_EDGE('',*,*,#1145,.F.);
#1502=ORIENTED_EDGE('',*,*,#1146,.F.);
#1503=ORIENTED_EDGE('',*,*,#1147,.F.);
#1504=ORIENTED_EDGE('',*,*,#1148,.F.);
#1505=ORIENTED_EDGE('',*,*,#1015,.F.);
#1506=ORIENTED_EDGE('',*,*,#1149,.F.);
#1507=ORIENTED_EDGE('',*,*,#1082,.F.);
#1508=ORIENTED_EDGE('',*,*,#1021,.F.);
#1509=ORIENTED_EDGE('',*,*,#1073,.F.);
#1510=ORIENTED_EDGE('',*,*,#1150,.F.);
#1511=ORIENTED_EDGE('',*,*,#1088,.F.);
#1512=ORIENTED_EDGE('',*,*,#1106,.T.);
#1513=ORIENTED_EDGE('',*,*,#1140,.F.);
#1514=ORIENTED_EDGE('',*,*,#1024,.T.);
#1515=ORIENTED_EDGE('',*,*,#1131,.F.);
#1516=ORIENTED_EDGE('',*,*,#1151,.T.);
#1517=ORIENTED_EDGE('',*,*,#1078,.F.);
#1518=ORIENTED_EDGE('',*,*,#1152,.F.);
#1519=ORIENTED_EDGE('',*,*,#1100,.F.);
#1520=ORIENTED_EDGE('',*,*,#1153,.T.);
#1521=ORIENTED_EDGE('',*,*,#1117,.F.);
#1522=ORIENTED_EDGE('',*,*,#1154,.F.);
#1523=ORIENTED_EDGE('',*,*,#1155,.F.);
#1524=ORIENTED_EDGE('',*,*,#1156,.F.);
#1525=ORIENTED_EDGE('',*,*,#1157,.F.);
#1526=ORIENTED_EDGE('',*,*,#1158,.F.);
#1527=ORIENTED_EDGE('',*,*,#1135,.F.);
#1528=ORIENTED_EDGE('',*,*,#1159,.F.);
#1529=ORIENTED_EDGE('',*,*,#1098,.T.);
#1530=ORIENTED_EDGE('',*,*,#1160,.F.);
#1531=ORIENTED_EDGE('',*,*,#1161,.T.);
#1532=ORIENTED_EDGE('',*,*,#1086,.F.);
#1533=ORIENTED_EDGE('',*,*,#1107,.F.);
#1534=ORIENTED_EDGE('',*,*,#1047,.T.);
#1535=ORIENTED_EDGE('',*,*,#1118,.F.);
#1536=ORIENTED_EDGE('',*,*,#1092,.T.);
#1537=ORIENTED_EDGE('',*,*,#1162,.F.);
#1538=ORIENTED_EDGE('',*,*,#1163,.F.);
#1539=ORIENTED_EDGE('',*,*,#1080,.F.);
#1540=ORIENTED_EDGE('',*,*,#1164,.T.);
#1541=ORIENTED_EDGE('',*,*,#1165,.T.);
#1542=ORIENTED_EDGE('',*,*,#1122,.T.);
#1543=ORIENTED_EDGE('',*,*,#1166,.T.);
#1544=ORIENTED_EDGE('',*,*,#1166,.F.);
#1545=ORIENTED_EDGE('',*,*,#1121,.F.);
#1546=ORIENTED_EDGE('',*,*,#1137,.F.);
#1547=ORIENTED_EDGE('',*,*,#1167,.F.);
#1548=ORIENTED_EDGE('',*,*,#1168,.F.);
#1549=ORIENTED_EDGE('',*,*,#1169,.T.);
#1550=ORIENTED_EDGE('',*,*,#1136,.T.);
#1551=ORIENTED_EDGE('',*,*,#1158,.T.);
#1552=ORIENTED_EDGE('',*,*,#1170,.T.);
#1553=ORIENTED_EDGE('',*,*,#1167,.T.);
#1554=ORIENTED_EDGE('',*,*,#1097,.T.);
#1555=ORIENTED_EDGE('',*,*,#1130,.T.);
#1556=ORIENTED_EDGE('',*,*,#1171,.T.);
#1557=ORIENTED_EDGE('',*,*,#1160,.T.);
#1558=ORIENTED_EDGE('',*,*,#1172,.T.);
#1559=ORIENTED_EDGE('',*,*,#1142,.T.);
#1560=ORIENTED_EDGE('',*,*,#1138,.F.);
#1561=ORIENTED_EDGE('',*,*,#1173,.T.);
#1562=ORIENTED_EDGE('',*,*,#1174,.T.);
#1563=ORIENTED_EDGE('',*,*,#1143,.T.);
#1564=ORIENTED_EDGE('',*,*,#1172,.F.);
#1565=ORIENTED_EDGE('',*,*,#1175,.T.);
#1566=ORIENTED_EDGE('',*,*,#1176,.T.);
#1567=ORIENTED_EDGE('',*,*,#1144,.T.);
#1568=ORIENTED_EDGE('',*,*,#1174,.F.);
#1569=ORIENTED_EDGE('',*,*,#1177,.T.);
#1570=ORIENTED_EDGE('',*,*,#1178,.T.);
#1571=ORIENTED_EDGE('',*,*,#1145,.T.);
#1572=ORIENTED_EDGE('',*,*,#1176,.F.);
#1573=ORIENTED_EDGE('',*,*,#1179,.T.);
#1574=ORIENTED_EDGE('',*,*,#1180,.T.);
#1575=ORIENTED_EDGE('',*,*,#1146,.T.);
#1576=ORIENTED_EDGE('',*,*,#1178,.F.);
#1577=ORIENTED_EDGE('',*,*,#1181,.T.);
#1578=ORIENTED_EDGE('',*,*,#1182,.T.);
#1579=ORIENTED_EDGE('',*,*,#1147,.T.);
#1580=ORIENTED_EDGE('',*,*,#1180,.F.);
#1581=ORIENTED_EDGE('',*,*,#1183,.T.);
#1582=ORIENTED_EDGE('',*,*,#1016,.T.);
#1583=ORIENTED_EDGE('',*,*,#1148,.T.);
#1584=ORIENTED_EDGE('',*,*,#1182,.F.);
#1585=ORIENTED_EDGE('',*,*,#1184,.T.);
#1586=ORIENTED_EDGE('',*,*,#1185,.T.);
#1587=ORIENTED_EDGE('',*,*,#1154,.T.);
#1588=ORIENTED_EDGE('',*,*,#1116,.F.);
#1589=ORIENTED_EDGE('',*,*,#1186,.T.);
#1590=ORIENTED_EDGE('',*,*,#1187,.T.);
#1591=ORIENTED_EDGE('',*,*,#1155,.T.);
#1592=ORIENTED_EDGE('',*,*,#1185,.F.);
#1593=ORIENTED_EDGE('',*,*,#1188,.T.);
#1594=ORIENTED_EDGE('',*,*,#1189,.T.);
#1595=ORIENTED_EDGE('',*,*,#1156,.T.);
#1596=ORIENTED_EDGE('',*,*,#1187,.F.);
#1597=ORIENTED_EDGE('',*,*,#1190,.T.);
#1598=ORIENTED_EDGE('',*,*,#1168,.T.);
#1599=ORIENTED_EDGE('',*,*,#1170,.F.);
#1600=ORIENTED_EDGE('',*,*,#1157,.T.);
#1601=ORIENTED_EDGE('',*,*,#1189,.F.);
#1602=ORIENTED_EDGE('',*,*,#1191,.T.);
#1603=ORIENTED_EDGE('',*,*,#1164,.F.);
#1604=ORIENTED_EDGE('',*,*,#1169,.F.);
#1605=ORIENTED_EDGE('',*,*,#1191,.F.);
#1606=ORIENTED_EDGE('',*,*,#1192,.F.);
#1607=ORIENTED_EDGE('',*,*,#1193,.F.);
#1608=ORIENTED_EDGE('',*,*,#1194,.F.);
#1609=ORIENTED_EDGE('',*,*,#1195,.F.);
#1610=ORIENTED_EDGE('',*,*,#1190,.F.);
#1611=ORIENTED_EDGE('',*,*,#1196,.T.);
#1612=ORIENTED_EDGE('',*,*,#1197,.T.);
#1613=ORIENTED_EDGE('',*,*,#1192,.T.);
#1614=ORIENTED_EDGE('',*,*,#1188,.F.);
#1615=ORIENTED_EDGE('',*,*,#1198,.F.);
#1616=ORIENTED_EDGE('',*,*,#1199,.F.);
#1617=ORIENTED_EDGE('',*,*,#1196,.F.);
#1618=ORIENTED_EDGE('',*,*,#1186,.F.);
#1619=ORIENTED_EDGE('',*,*,#1111,.T.);
#1620=ORIENTED_EDGE('',*,*,#1200,.T.);
#1621=ORIENTED_EDGE('',*,*,#1198,.T.);
#1622=ORIENTED_EDGE('',*,*,#1184,.F.);
#1623=ORIENTED_EDGE('',*,*,#1201,.T.);
#1624=ORIENTED_EDGE('',*,*,#1202,.T.);
#1625=ORIENTED_EDGE('',*,*,#1109,.T.);
#1626=ORIENTED_EDGE('',*,*,#1183,.F.);
#1627=ORIENTED_EDGE('',*,*,#1203,.F.);
#1628=ORIENTED_EDGE('',*,*,#1204,.F.);
#1629=ORIENTED_EDGE('',*,*,#1201,.F.);
#1630=ORIENTED_EDGE('',*,*,#1181,.F.);
#1631=ORIENTED_EDGE('',*,*,#1205,.T.);
#1632=ORIENTED_EDGE('',*,*,#1206,.T.);
#1633=ORIENTED_EDGE('',*,*,#1203,.T.);
#1634=ORIENTED_EDGE('',*,*,#1179,.F.);
#1635=ORIENTED_EDGE('',*,*,#1207,.F.);
#1636=ORIENTED_EDGE('',*,*,#1208,.F.);
#1637=ORIENTED_EDGE('',*,*,#1205,.F.);
#1638=ORIENTED_EDGE('',*,*,#1177,.F.);
#1639=ORIENTED_EDGE('',*,*,#1209,.T.);
#1640=ORIENTED_EDGE('',*,*,#1210,.T.);
#1641=ORIENTED_EDGE('',*,*,#1207,.T.);
#1642=ORIENTED_EDGE('',*,*,#1175,.F.);
#1643=ORIENTED_EDGE('',*,*,#1211,.F.);
#1644=ORIENTED_EDGE('',*,*,#1212,.F.);
#1645=ORIENTED_EDGE('',*,*,#1209,.F.);
#1646=ORIENTED_EDGE('',*,*,#1173,.F.);
#1647=ORIENTED_EDGE('',*,*,#1126,.T.);
#1648=ORIENTED_EDGE('',*,*,#1213,.T.);
#1649=ORIENTED_EDGE('',*,*,#1211,.T.);
#1650=ORIENTED_EDGE('',*,*,#1102,.T.);
#1651=ORIENTED_EDGE('',*,*,#1089,.F.);
#1652=ORIENTED_EDGE('',*,*,#1150,.T.);
#1653=ORIENTED_EDGE('',*,*,#1040,.F.);
#1654=ORIENTED_EDGE('',*,*,#1149,.T.);
#1655=ORIENTED_EDGE('',*,*,#1214,.T.);
#1656=ORIENTED_EDGE('',*,*,#1215,.T.);
#1657=ORIENTED_EDGE('',*,*,#1214,.F.);
#1658=ORIENTED_EDGE('',*,*,#1215,.F.);
#1659=ORIENTED_EDGE('',*,*,#1216,.T.);
#1660=ORIENTED_EDGE('',*,*,#1217,.T.);
#1661=ORIENTED_EDGE('',*,*,#1216,.F.);
#1662=ORIENTED_EDGE('',*,*,#1163,.T.);
#1663=ORIENTED_EDGE('',*,*,#1218,.T.);
#1664=ORIENTED_EDGE('',*,*,#1090,.T.);
#1665=ORIENTED_EDGE('',*,*,#1081,.F.);
#1666=ORIENTED_EDGE('',*,*,#1091,.T.);
#1667=ORIENTED_EDGE('',*,*,#1218,.F.);
#1668=ORIENTED_EDGE('',*,*,#1162,.T.);
#1669=ORIENTED_EDGE('',*,*,#1152,.T.);
#1670=ORIENTED_EDGE('',*,*,#1077,.T.);
#1671=ORIENTED_EDGE('',*,*,#1219,.T.);
#1672=ORIENTED_EDGE('',*,*,#1101,.F.);
#1673=ORIENTED_EDGE('',*,*,#1003,.T.);
#1674=ORIENTED_EDGE('',*,*,#1133,.F.);
#1675=ORIENTED_EDGE('',*,*,#1141,.T.);
#1676=ORIENTED_EDGE('',*,*,#1014,.T.);
#1677=ORIENTED_EDGE('',*,*,#1159,.T.);
#1678=ORIENTED_EDGE('',*,*,#1220,.T.);
#1679=ORIENTED_EDGE('',*,*,#1221,.T.);
#1680=ORIENTED_EDGE('',*,*,#1220,.F.);
#1681=ORIENTED_EDGE('',*,*,#1221,.F.);
#1682=ORIENTED_EDGE('',*,*,#1222,.T.);
#1683=ORIENTED_EDGE('',*,*,#1223,.T.);
#1684=ORIENTED_EDGE('',*,*,#1222,.F.);
#1685=ORIENTED_EDGE('',*,*,#1223,.F.);
#1686=ORIENTED_EDGE('',*,*,#1224,.F.);
#1687=ORIENTED_EDGE('',*,*,#1037,.F.);
#1688=ORIENTED_EDGE('',*,*,#1108,.F.);
#1689=ORIENTED_EDGE('',*,*,#1084,.F.);
#1690=ORIENTED_EDGE('',*,*,#1161,.F.);
#1691=ORIENTED_EDGE('',*,*,#1171,.F.);
#1692=ORIENTED_EDGE('',*,*,#1129,.F.);
#1693=ORIENTED_EDGE('',*,*,#1065,.T.);
#1694=ORIENTED_EDGE('',*,*,#1053,.T.);
#1695=ORIENTED_EDGE('',*,*,#1225,.F.);
#1696=ORIENTED_EDGE('',*,*,#1069,.T.);
#1697=ORIENTED_EDGE('',*,*,#1071,.T.);
#1698=ORIENTED_EDGE('',*,*,#1113,.F.);
#1699=ORIENTED_EDGE('',*,*,#1115,.F.);
#1700=ORIENTED_EDGE('',*,*,#1153,.F.);
#1701=ORIENTED_EDGE('',*,*,#1099,.F.);
#1702=ORIENTED_EDGE('',*,*,#1219,.F.);
#1703=ORIENTED_EDGE('',*,*,#1076,.F.);
#1704=ORIENTED_EDGE('',*,*,#1151,.F.);
#1705=ORIENTED_EDGE('',*,*,#1134,.F.);
#1706=ORIENTED_EDGE('',*,*,#1119,.F.);
#1707=ORIENTED_EDGE('',*,*,#1059,.T.);
#1708=ORIENTED_EDGE('',*,*,#1061,.F.);
#1709=ORIENTED_EDGE('',*,*,#1050,.T.);
#1710=ORIENTED_EDGE('',*,*,#1007,.T.);
#1711=ORIENTED_EDGE('',*,*,#1034,.F.);
#1712=ORIENTED_EDGE('',*,*,#1029,.T.);
#1713=ORIENTED_EDGE('',*,*,#1060,.T.);
#1714=ORIENTED_EDGE('',*,*,#1095,.T.);
#1715=ORIENTED_EDGE('',*,*,#1066,.T.);
#1716=ORIENTED_EDGE('',*,*,#1225,.T.);
#1717=ORIENTED_EDGE('',*,*,#1165,.F.);
#1718=ORIENTED_EDGE('',*,*,#1195,.T.);
#1719=ORIENTED_EDGE('',*,*,#1226,.T.);
#1720=ORIENTED_EDGE('',*,*,#1227,.T.);
#1721=ORIENTED_EDGE('',*,*,#1228,.T.);
#1722=ORIENTED_EDGE('',*,*,#1123,.T.);
#1723=ORIENTED_EDGE('',*,*,#1052,.T.);
#1724=ORIENTED_EDGE('',*,*,#1103,.T.);
#1725=ORIENTED_EDGE('',*,*,#1038,.F.);
#1726=ORIENTED_EDGE('',*,*,#1224,.T.);
#1727=ORIENTED_EDGE('',*,*,#1229,.T.);
#1728=ORIENTED_EDGE('',*,*,#1230,.T.);
#1729=ORIENTED_EDGE('',*,*,#1124,.T.);
#1730=ORIENTED_EDGE('',*,*,#1228,.F.);
#1731=ORIENTED_EDGE('',*,*,#1229,.F.);
#1732=ORIENTED_EDGE('',*,*,#1227,.F.);
#1733=ORIENTED_EDGE('',*,*,#1231,.F.);
#1734=ORIENTED_EDGE('',*,*,#1232,.F.);
#1735=ORIENTED_EDGE('',*,*,#1194,.T.);
#1736=ORIENTED_EDGE('',*,*,#1233,.T.);
#1737=ORIENTED_EDGE('',*,*,#1231,.T.);
#1738=ORIENTED_EDGE('',*,*,#1226,.F.);
#1739=ORIENTED_EDGE('',*,*,#1234,.F.);
#1740=ORIENTED_EDGE('',*,*,#1235,.T.);
#1741=ORIENTED_EDGE('',*,*,#1236,.T.);
#1742=ORIENTED_EDGE('',*,*,#1237,.F.);
#1743=ORIENTED_EDGE('',*,*,#1238,.F.);
#1744=ORIENTED_EDGE('',*,*,#1239,.T.);
#1745=ORIENTED_EDGE('',*,*,#1240,.T.);
#1746=ORIENTED_EDGE('',*,*,#1235,.F.);
#1747=ORIENTED_EDGE('',*,*,#1241,.F.);
#1748=ORIENTED_EDGE('',*,*,#1242,.T.);
#1749=ORIENTED_EDGE('',*,*,#1243,.T.);
#1750=ORIENTED_EDGE('',*,*,#1239,.F.);
#1751=ORIENTED_EDGE('',*,*,#1244,.F.);
#1752=ORIENTED_EDGE('',*,*,#1237,.T.);
#1753=ORIENTED_EDGE('',*,*,#1245,.T.);
#1754=ORIENTED_EDGE('',*,*,#1242,.F.);
#1755=ORIENTED_EDGE('',*,*,#1245,.F.);
#1756=ORIENTED_EDGE('',*,*,#1236,.F.);
#1757=ORIENTED_EDGE('',*,*,#1240,.F.);
#1758=ORIENTED_EDGE('',*,*,#1243,.F.);
#1759=ORIENTED_EDGE('',*,*,#1246,.F.);
#1760=ORIENTED_EDGE('',*,*,#1247,.T.);
#1761=ORIENTED_EDGE('',*,*,#1248,.T.);
#1762=ORIENTED_EDGE('',*,*,#1249,.F.);
#1763=ORIENTED_EDGE('',*,*,#1250,.F.);
#1764=ORIENTED_EDGE('',*,*,#1251,.T.);
#1765=ORIENTED_EDGE('',*,*,#1252,.T.);
#1766=ORIENTED_EDGE('',*,*,#1247,.F.);
#1767=ORIENTED_EDGE('',*,*,#1253,.F.);
#1768=ORIENTED_EDGE('',*,*,#1254,.T.);
#1769=ORIENTED_EDGE('',*,*,#1255,.T.);
#1770=ORIENTED_EDGE('',*,*,#1251,.F.);
#1771=ORIENTED_EDGE('',*,*,#1256,.F.);
#1772=ORIENTED_EDGE('',*,*,#1249,.T.);
#1773=ORIENTED_EDGE('',*,*,#1257,.T.);
#1774=ORIENTED_EDGE('',*,*,#1254,.F.);
#1775=ORIENTED_EDGE('',*,*,#1257,.F.);
#1776=ORIENTED_EDGE('',*,*,#1248,.F.);
#1777=ORIENTED_EDGE('',*,*,#1252,.F.);
#1778=ORIENTED_EDGE('',*,*,#1255,.F.);
#1779=ORIENTED_EDGE('',*,*,#1258,.F.);
#1780=ORIENTED_EDGE('',*,*,#1259,.T.);
#1781=ORIENTED_EDGE('',*,*,#1260,.T.);
#1782=ORIENTED_EDGE('',*,*,#1261,.F.);
#1783=ORIENTED_EDGE('',*,*,#1262,.F.);
#1784=ORIENTED_EDGE('',*,*,#1263,.T.);
#1785=ORIENTED_EDGE('',*,*,#1264,.T.);
#1786=ORIENTED_EDGE('',*,*,#1259,.F.);
#1787=ORIENTED_EDGE('',*,*,#1265,.F.);
#1788=ORIENTED_EDGE('',*,*,#1266,.T.);
#1789=ORIENTED_EDGE('',*,*,#1267,.T.);
#1790=ORIENTED_EDGE('',*,*,#1263,.F.);
#1791=ORIENTED_EDGE('',*,*,#1268,.F.);
#1792=ORIENTED_EDGE('',*,*,#1261,.T.);
#1793=ORIENTED_EDGE('',*,*,#1269,.T.);
#1794=ORIENTED_EDGE('',*,*,#1266,.F.);
#1795=ORIENTED_EDGE('',*,*,#1269,.F.);
#1796=ORIENTED_EDGE('',*,*,#1260,.F.);
#1797=ORIENTED_EDGE('',*,*,#1264,.F.);
#1798=ORIENTED_EDGE('',*,*,#1267,.F.);
#1799=ORIENTED_EDGE('',*,*,#1270,.F.);
#1800=ORIENTED_EDGE('',*,*,#1271,.T.);
#1801=ORIENTED_EDGE('',*,*,#1272,.T.);
#1802=ORIENTED_EDGE('',*,*,#1273,.F.);
#1803=ORIENTED_EDGE('',*,*,#1274,.F.);
#1804=ORIENTED_EDGE('',*,*,#1275,.T.);
#1805=ORIENTED_EDGE('',*,*,#1276,.T.);
#1806=ORIENTED_EDGE('',*,*,#1271,.F.);
#1807=ORIENTED_EDGE('',*,*,#1277,.F.);
#1808=ORIENTED_EDGE('',*,*,#1278,.T.);
#1809=ORIENTED_EDGE('',*,*,#1279,.T.);
#1810=ORIENTED_EDGE('',*,*,#1275,.F.);
#1811=ORIENTED_EDGE('',*,*,#1280,.F.);
#1812=ORIENTED_EDGE('',*,*,#1273,.T.);
#1813=ORIENTED_EDGE('',*,*,#1281,.T.);
#1814=ORIENTED_EDGE('',*,*,#1278,.F.);
#1815=ORIENTED_EDGE('',*,*,#1281,.F.);
#1816=ORIENTED_EDGE('',*,*,#1272,.F.);
#1817=ORIENTED_EDGE('',*,*,#1276,.F.);
#1818=ORIENTED_EDGE('',*,*,#1279,.F.);
#1819=ORIENTED_EDGE('',*,*,#1282,.F.);
#1820=ORIENTED_EDGE('',*,*,#1283,.T.);
#1821=ORIENTED_EDGE('',*,*,#1284,.T.);
#1822=ORIENTED_EDGE('',*,*,#1285,.F.);
#1823=ORIENTED_EDGE('',*,*,#1286,.F.);
#1824=ORIENTED_EDGE('',*,*,#1287,.T.);
#1825=ORIENTED_EDGE('',*,*,#1288,.T.);
#1826=ORIENTED_EDGE('',*,*,#1283,.F.);
#1827=ORIENTED_EDGE('',*,*,#1289,.F.);
#1828=ORIENTED_EDGE('',*,*,#1290,.T.);
#1829=ORIENTED_EDGE('',*,*,#1291,.T.);
#1830=ORIENTED_EDGE('',*,*,#1287,.F.);
#1831=ORIENTED_EDGE('',*,*,#1292,.F.);
#1832=ORIENTED_EDGE('',*,*,#1285,.T.);
#1833=ORIENTED_EDGE('',*,*,#1293,.T.);
#1834=ORIENTED_EDGE('',*,*,#1290,.F.);
#1835=ORIENTED_EDGE('',*,*,#1293,.F.);
#1836=ORIENTED_EDGE('',*,*,#1284,.F.);
#1837=ORIENTED_EDGE('',*,*,#1288,.F.);
#1838=ORIENTED_EDGE('',*,*,#1291,.F.);
#1839=ORIENTED_EDGE('',*,*,#1213,.F.);
#1840=ORIENTED_EDGE('',*,*,#1125,.T.);
#1841=ORIENTED_EDGE('',*,*,#1230,.F.);
#1842=ORIENTED_EDGE('',*,*,#1232,.T.);
#1843=ORIENTED_EDGE('',*,*,#1233,.F.);
#1844=ORIENTED_EDGE('',*,*,#1193,.T.);
#1845=ORIENTED_EDGE('',*,*,#1197,.F.);
#1846=ORIENTED_EDGE('',*,*,#1199,.T.);
#1847=ORIENTED_EDGE('',*,*,#1200,.F.);
#1848=ORIENTED_EDGE('',*,*,#1110,.T.);
#1849=ORIENTED_EDGE('',*,*,#1202,.F.);
#1850=ORIENTED_EDGE('',*,*,#1204,.T.);
#1851=ORIENTED_EDGE('',*,*,#1206,.F.);
#1852=ORIENTED_EDGE('',*,*,#1208,.T.);
#1853=ORIENTED_EDGE('',*,*,#1210,.F.);
#1854=ORIENTED_EDGE('',*,*,#1212,.T.);
#1855=ORIENTED_EDGE('',*,*,#1217,.F.);
#1856=ORIENTED_EDGE('',*,*,#1282,.T.);
#1857=ORIENTED_EDGE('',*,*,#1292,.T.);
#1858=ORIENTED_EDGE('',*,*,#1289,.T.);
#1859=ORIENTED_EDGE('',*,*,#1286,.T.);
#1860=ORIENTED_EDGE('',*,*,#1270,.T.);
#1861=ORIENTED_EDGE('',*,*,#1280,.T.);
#1862=ORIENTED_EDGE('',*,*,#1277,.T.);
#1863=ORIENTED_EDGE('',*,*,#1274,.T.);
#1864=ORIENTED_EDGE('',*,*,#1258,.T.);
#1865=ORIENTED_EDGE('',*,*,#1268,.T.);
#1866=ORIENTED_EDGE('',*,*,#1265,.T.);
#1867=ORIENTED_EDGE('',*,*,#1262,.T.);
#1868=ORIENTED_EDGE('',*,*,#1246,.T.);
#1869=ORIENTED_EDGE('',*,*,#1256,.T.);
#1870=ORIENTED_EDGE('',*,*,#1253,.T.);
#1871=ORIENTED_EDGE('',*,*,#1250,.T.);
#1872=ORIENTED_EDGE('',*,*,#1234,.T.);
#1873=ORIENTED_EDGE('',*,*,#1244,.T.);
#1874=ORIENTED_EDGE('',*,*,#1241,.T.);
#1875=ORIENTED_EDGE('',*,*,#1238,.T.);
#1876=PLANE('',#2084);
#1877=PLANE('',#2085);
#1878=PLANE('',#2086);
#1879=PLANE('',#2087);
#1880=PLANE('',#2088);
#1881=PLANE('',#2089);
#1882=PLANE('',#2090);
#1883=PLANE('',#2091);
#1884=PLANE('',#2092);
#1885=PLANE('',#2093);
#1886=PLANE('',#2094);
#1887=PLANE('',#2095);
#1888=PLANE('',#2096);
#1889=PLANE('',#2097);
#1890=PLANE('',#2098);
#1891=PLANE('',#2099);
#1892=PLANE('',#2100);
#1893=PLANE('',#2101);
#1894=PLANE('',#2102);
#1895=PLANE('',#2103);
#1896=PLANE('',#2104);
#1897=PLANE('',#2105);
#1898=PLANE('',#2106);
#1899=PLANE('',#2107);
#1900=PLANE('',#2108);
#1901=PLANE('',#2109);
#1902=PLANE('',#2110);
#1903=PLANE('',#2111);
#1904=PLANE('',#2112);
#1905=PLANE('',#2113);
#1906=PLANE('',#2114);
#1907=PLANE('',#2115);
#1908=PLANE('',#2116);
#1909=PLANE('',#2117);
#1910=PLANE('',#2118);
#1911=PLANE('',#2119);
#1912=PLANE('',#2120);
#1913=PLANE('',#2126);
#1914=PLANE('',#2127);
#1915=PLANE('',#2131);
#1916=PLANE('',#2132);
#1917=PLANE('',#2133);
#1918=PLANE('',#2134);
#1919=PLANE('',#2135);
#1920=PLANE('',#2138);
#1921=PLANE('',#2141);
#1922=PLANE('',#2144);
#1923=PLANE('',#2149);
#1924=PLANE('',#2152);
#1925=PLANE('',#2153);
#1926=PLANE('',#2156);
#1927=PLANE('',#2161);
#1928=PLANE('',#2164);
#1929=PLANE('',#2167);
#1930=PLANE('',#2170);
#1931=PLANE('',#2175);
#1932=PLANE('',#2176);
#1933=PLANE('',#2177);
#1934=PLANE('',#2178);
#1935=PLANE('',#2183);
#1936=PLANE('',#2184);
#1937=PLANE('',#2185);
#1938=PLANE('',#2186);
#1939=PLANE('',#2187);
#1940=PLANE('',#2188);
#1941=PLANE('',#2191);
#1942=PLANE('',#2194);
#1943=PLANE('',#2197);
#1944=PLANE('',#2201);
#1945=PLANE('',#2205);
#1946=PLANE('',#2206);
#1947=PLANE('',#2210);
#1948=PLANE('',#2214);
#1949=PLANE('',#2215);
#1950=PLANE('',#2219);
#1951=PLANE('',#2223);
#1952=PLANE('',#2224);
#1953=PLANE('',#2228);
#1954=PLANE('',#2232);
#1955=PLANE('',#2233);
#1956=PLANE('',#2237);
#1957=PLANE('',#2241);
#1958=PLANE('',#2242);
#1959=ADVANCED_FACE('',(#99),#1876,.T.);
#1960=ADVANCED_FACE('',(#100),#1877,.T.);
#1961=ADVANCED_FACE('',(#101),#1878,.T.);
#1962=ADVANCED_FACE('',(#102),#1879,.T.);
#1963=ADVANCED_FACE('',(#103),#1880,.T.);
#1964=ADVANCED_FACE('',(#104),#1881,.F.);
#1965=ADVANCED_FACE('',(#105),#1882,.T.);
#1966=ADVANCED_FACE('',(#106),#1883,.F.);
#1967=ADVANCED_FACE('',(#107),#1884,.F.);
#1968=ADVANCED_FACE('',(#108),#1885,.F.);
#1969=ADVANCED_FACE('',(#109),#1886,.F.);
#1970=ADVANCED_FACE('',(#110),#1887,.F.);
#1971=ADVANCED_FACE('',(#111),#1888,.F.);
#1972=ADVANCED_FACE('',(#112),#1889,.F.);
#1973=ADVANCED_FACE('',(#113),#1890,.F.);
#1974=ADVANCED_FACE('',(#114),#1891,.F.);
#1975=ADVANCED_FACE('',(#115),#1892,.F.);
#1976=ADVANCED_FACE('',(#116),#1893,.F.);
#1977=ADVANCED_FACE('',(#117),#1894,.T.);
#1978=ADVANCED_FACE('',(#118),#1895,.T.);
#1979=ADVANCED_FACE('',(#119),#1896,.T.);
#1980=ADVANCED_FACE('',(#120),#1897,.T.);
#1981=ADVANCED_FACE('',(#121),#1898,.T.);
#1982=ADVANCED_FACE('',(#122),#1899,.T.);
#1983=ADVANCED_FACE('',(#123),#1900,.T.);
#1984=ADVANCED_FACE('',(#124),#1901,.T.);
#1985=ADVANCED_FACE('',(#125),#1902,.T.);
#1986=ADVANCED_FACE('',(#126),#1903,.T.);
#1987=ADVANCED_FACE('',(#127),#1904,.T.);
#1988=ADVANCED_FACE('',(#128),#1905,.T.);
#1989=ADVANCED_FACE('',(#129),#1906,.T.);
#1990=ADVANCED_FACE('',(#130),#1907,.T.);
#1991=ADVANCED_FACE('',(#131),#1908,.T.);
#1992=ADVANCED_FACE('',(#132),#1909,.T.);
#1993=ADVANCED_FACE('',(#133),#1910,.T.);
#1994=ADVANCED_FACE('',(#134),#1911,.T.);
#1995=ADVANCED_FACE('',(#135,#43),#1912,.T.);
#1996=ADVANCED_FACE('',(#136),#1913,.T.);
#1997=ADVANCED_FACE('',(#137,#44),#1914,.T.);
#1998=ADVANCED_FACE('',(#138),#1915,.T.);
#1999=ADVANCED_FACE('',(#139),#1916,.T.);
#2000=ADVANCED_FACE('',(#140),#1917,.T.);
#2001=ADVANCED_FACE('',(#141),#1918,.T.);
#2002=ADVANCED_FACE('',(#142),#1919,.T.);
#2003=ADVANCED_FACE('',(#143),#35,.T.);
#2004=ADVANCED_FACE('',(#144),#1920,.T.);
#2005=ADVANCED_FACE('',(#145),#36,.F.);
#2006=ADVANCED_FACE('',(#146),#1921,.T.);
#2007=ADVANCED_FACE('',(#147),#37,.T.);
#2008=ADVANCED_FACE('',(#148),#1922,.T.);
#2009=ADVANCED_FACE('',(#149),#38,.T.);
#2010=ADVANCED_FACE('',(#150),#39,.T.);
#2011=ADVANCED_FACE('',(#151),#1923,.T.);
#2012=ADVANCED_FACE('',(#152),#40,.F.);
#2013=ADVANCED_FACE('',(#153),#1924,.T.);
#2014=ADVANCED_FACE('',(#154),#1925,.T.);
#2015=ADVANCED_FACE('',(#155),#15,.F.);
#2016=ADVANCED_FACE('',(#156),#1926,.T.);
#2017=ADVANCED_FACE('',(#157),#16,.T.);
#2018=ADVANCED_FACE('',(#158),#17,.T.);
#2019=ADVANCED_FACE('',(#159),#1927,.T.);
#2020=ADVANCED_FACE('',(#160),#18,.T.);
#2021=ADVANCED_FACE('',(#161),#1928,.T.);
#2022=ADVANCED_FACE('',(#162),#19,.F.);
#2023=ADVANCED_FACE('',(#163),#1929,.T.);
#2024=ADVANCED_FACE('',(#164),#20,.T.);
#2025=ADVANCED_FACE('',(#165),#1930,.T.);
#2026=ADVANCED_FACE('',(#166),#41,.F.);
#2027=ADVANCED_FACE('',(#167),#21,.F.);
#2028=ADVANCED_FACE('',(#168),#1931,.T.);
#2029=ADVANCED_FACE('',(#169),#1932,.T.);
#2030=ADVANCED_FACE('',(#170),#1933,.T.);
#2031=ADVANCED_FACE('',(#171),#1934,.T.);
#2032=ADVANCED_FACE('',(#172),#42,.F.);
#2033=ADVANCED_FACE('',(#173),#22,.F.);
#2034=ADVANCED_FACE('',(#174),#1935,.T.);
#2035=ADVANCED_FACE('',(#175),#1936,.T.);
#2036=ADVANCED_FACE('',(#176),#1937,.T.);
#2037=ADVANCED_FACE('',(#177),#1938,.T.);
#2038=ADVANCED_FACE('',(#178),#1939,.T.);
#2039=ADVANCED_FACE('',(#179),#1940,.T.);
#2040=ADVANCED_FACE('',(#180),#1941,.T.);
#2041=ADVANCED_FACE('',(#181),#23,.T.);
#2042=ADVANCED_FACE('',(#182),#1942,.T.);
#2043=ADVANCED_FACE('',(#183),#24,.T.);
#2044=ADVANCED_FACE('',(#184),#1943,.F.);
#2045=ADVANCED_FACE('',(#185),#25,.F.);
#2046=ADVANCED_FACE('',(#186),#1944,.F.);
#2047=ADVANCED_FACE('',(#187),#26,.F.);
#2048=ADVANCED_FACE('',(#188),#1945,.T.);
#2049=ADVANCED_FACE('',(#189),#1946,.F.);
#2050=ADVANCED_FACE('',(#190),#27,.F.);
#2051=ADVANCED_FACE('',(#191),#1947,.F.);
#2052=ADVANCED_FACE('',(#192),#28,.F.);
#2053=ADVANCED_FACE('',(#193),#1948,.T.);
#2054=ADVANCED_FACE('',(#194),#1949,.F.);
#2055=ADVANCED_FACE('',(#195),#29,.F.);
#2056=ADVANCED_FACE('',(#196),#1950,.F.);
#2057=ADVANCED_FACE('',(#197),#30,.F.);
#2058=ADVANCED_FACE('',(#198),#1951,.T.);
#2059=ADVANCED_FACE('',(#199),#1952,.F.);
#2060=ADVANCED_FACE('',(#200),#31,.F.);
#2061=ADVANCED_FACE('',(#201),#1953,.F.);
#2062=ADVANCED_FACE('',(#202),#32,.F.);
#2063=ADVANCED_FACE('',(#203),#1954,.T.);
#2064=ADVANCED_FACE('',(#204),#1955,.F.);
#2065=ADVANCED_FACE('',(#205),#33,.F.);
#2066=ADVANCED_FACE('',(#206),#1956,.F.);
#2067=ADVANCED_FACE('',(#207),#34,.F.);
#2068=ADVANCED_FACE('',(#208),#1957,.T.);
#2069=ADVANCED_FACE('',(#209,#45,#46,#47,#48,#49,#50),#1958,.F.);
#2070=CLOSED_SHELL('',(#1959,#1960,#1961,#1962,#1963,#1964,#1965,#1966,
#1967,#1968,#1969,#1970,#1971,#1972,#1973,#1974,#1975,#1976,#1977,#1978,
#1979,#1980,#1981,#1982,#1983,#1984,#1985,#1986,#1987,#1988,#1989,#1990,
#1991,#1992,#1993,#1994,#1995,#1996,#1997,#1998,#1999,#2000,#2001,#2002,
#2003,#2004,#2005,#2006,#2007,#2008,#2009,#2010,#2011,#2012,#2013,#2014,
#2015,#2016,#2017,#2018,#2019,#2020,#2021,#2022,#2023,#2024,#2025,#2026,
#2027,#2028,#2029,#2030,#2031,#2032,#2033,#2034,#2035,#2036,#2037,#2038,
#2039,#2040,#2041,#2042,#2043,#2044,#2045,#2046,#2047,#2048,#2049,#2050,
#2051,#2052,#2053,#2054,#2055,#2056,#2057,#2058,#2059,#2060,#2061,#2062,
#2063,#2064,#2065,#2066,#2067,#2068,#2069));
#2071=DERIVED_UNIT_ELEMENT(#2073,1.);
#2072=DERIVED_UNIT_ELEMENT(#3402,-3.);
#2073=(
MASS_UNIT()
NAMED_UNIT(*)
SI_UNIT(.KILO.,.GRAM.)
);
#2074=DERIVED_UNIT((#2071,#2072));
#2075=MEASURE_REPRESENTATION_ITEM('density measure',
POSITIVE_RATIO_MEASURE(7850.),#2074);
#2076=PROPERTY_DEFINITION_REPRESENTATION(#2081,#2078);
#2077=PROPERTY_DEFINITION_REPRESENTATION(#2082,#2079);
#2078=REPRESENTATION('material name',(#2080),#3399);
#2079=REPRESENTATION('density',(#2075),#3399);
#2080=DESCRIPTIVE_REPRESENTATION_ITEM('Steel','Steel');
#2081=PROPERTY_DEFINITION('material property','material name',#3409);
#2082=PROPERTY_DEFINITION('material property','density of part',#3409);
#2083=AXIS2_PLACEMENT_3D('',#2806,#2243,#2244);
#2084=AXIS2_PLACEMENT_3D('',#2807,#2245,#2246);
#2085=AXIS2_PLACEMENT_3D('',#2830,#2258,#2259);
#2086=AXIS2_PLACEMENT_3D('',#2838,#2264,#2265);
#2087=AXIS2_PLACEMENT_3D('',#2847,#2270,#2271);
#2088=AXIS2_PLACEMENT_3D('',#2869,#2283,#2284);
#2089=AXIS2_PLACEMENT_3D('',#2872,#2287,#2288);
#2090=AXIS2_PLACEMENT_3D('',#2874,#2290,#2291);
#2091=AXIS2_PLACEMENT_3D('',#2891,#2300,#2301);
#2092=AXIS2_PLACEMENT_3D('',#2899,#2306,#2307);
#2093=AXIS2_PLACEMENT_3D('',#2903,#2310,#2311);
#2094=AXIS2_PLACEMENT_3D('',#2906,#2314,#2315);
#2095=AXIS2_PLACEMENT_3D('',#2915,#2320,#2321);
#2096=AXIS2_PLACEMENT_3D('',#2924,#2326,#2327);
#2097=AXIS2_PLACEMENT_3D('',#2930,#2331,#2332);
#2098=AXIS2_PLACEMENT_3D('',#2936,#2336,#2337);
#2099=AXIS2_PLACEMENT_3D('',#2945,#2342,#2343);
#2100=AXIS2_PLACEMENT_3D('',#2951,#2347,#2348);
#2101=AXIS2_PLACEMENT_3D('',#2954,#2351,#2352);
#2102=AXIS2_PLACEMENT_3D('',#2956,#2354,#2355);
#2103=AXIS2_PLACEMENT_3D('',#2963,#2359,#2360);
#2104=AXIS2_PLACEMENT_3D('',#2970,#2364,#2365);
#2105=AXIS2_PLACEMENT_3D('',#2974,#2368,#2369);
#2106=AXIS2_PLACEMENT_3D('',#2981,#2373,#2374);
#2107=AXIS2_PLACEMENT_3D('',#2988,#2378,#2379);
#2108=AXIS2_PLACEMENT_3D('',#3004,#2389,#2390);
#2109=AXIS2_PLACEMENT_3D('',#3011,#2394,#2395);
#2110=AXIS2_PLACEMENT_3D('',#3019,#2401,#2402);
#2111=AXIS2_PLACEMENT_3D('',#3022,#2405,#2406);
#2112=AXIS2_PLACEMENT_3D('',#3033,#2413,#2414);
#2113=AXIS2_PLACEMENT_3D('',#3039,#2418,#2419);
#2114=AXIS2_PLACEMENT_3D('',#3041,#2421,#2422);
#2115=AXIS2_PLACEMENT_3D('',#3063,#2435,#2436);
#2116=AXIS2_PLACEMENT_3D('',#3065,#2438,#2439);
#2117=AXIS2_PLACEMENT_3D('',#3069,#2442,#2443);
#2118=AXIS2_PLACEMENT_3D('',#3077,#2448,#2449);
#2119=AXIS2_PLACEMENT_3D('',#3081,#2452,#2453);
#2120=AXIS2_PLACEMENT_3D('',#3083,#2455,#2456);
#2121=AXIS2_PLACEMENT_3D('',#3086,#2458,#2459);
#2122=AXIS2_PLACEMENT_3D('',#3090,#2461,#2462);
#2123=AXIS2_PLACEMENT_3D('',#3094,#2464,#2465);
#2124=AXIS2_PLACEMENT_3D('',#3097,#2467,#2468);
#2125=AXIS2_PLACEMENT_3D('',#3099,#2469,#2470);
#2126=AXIS2_PLACEMENT_3D('',#3100,#2471,#2472);
#2127=AXIS2_PLACEMENT_3D('',#3102,#2474,#2475);
#2128=AXIS2_PLACEMENT_3D('',#3107,#2479,#2480);
#2129=AXIS2_PLACEMENT_3D('',#3111,#2482,#2483);
#2130=AXIS2_PLACEMENT_3D('',#3116,#2486,#2487);
#2131=AXIS2_PLACEMENT_3D('',#3117,#2488,#2489);
#2132=AXIS2_PLACEMENT_3D('',#3124,#2494,#2495);
#2133=AXIS2_PLACEMENT_3D('',#3130,#2499,#2500);
#2134=AXIS2_PLACEMENT_3D('',#3136,#2504,#2505);
#2135=AXIS2_PLACEMENT_3D('',#3138,#2507,#2508);
#2136=AXIS2_PLACEMENT_3D('',#3140,#2510,#2511);
#2137=AXIS2_PLACEMENT_3D('',#3143,#2513,#2514);
#2138=AXIS2_PLACEMENT_3D('',#3144,#2515,#2516);
#2139=AXIS2_PLACEMENT_3D('',#3148,#2519,#2520);
#2140=AXIS2_PLACEMENT_3D('',#3151,#2522,#2523);
#2141=AXIS2_PLACEMENT_3D('',#3152,#2524,#2525);
#2142=AXIS2_PLACEMENT_3D('',#3156,#2528,#2529);
#2143=AXIS2_PLACEMENT_3D('',#3159,#2531,#2532);
#2144=AXIS2_PLACEMENT_3D('',#3160,#2533,#2534);
#2145=AXIS2_PLACEMENT_3D('',#3164,#2537,#2538);
#2146=AXIS2_PLACEMENT_3D('',#3165,#2539,#2540);
#2147=AXIS2_PLACEMENT_3D('',#3166,#2541,#2542);
#2148=AXIS2_PLACEMENT_3D('',#3169,#2544,#2545);
#2149=AXIS2_PLACEMENT_3D('',#3170,#2546,#2547);
#2150=AXIS2_PLACEMENT_3D('',#3174,#2550,#2551);
#2151=AXIS2_PLACEMENT_3D('',#3177,#2553,#2554);
#2152=AXIS2_PLACEMENT_3D('',#3178,#2555,#2556);
#2153=AXIS2_PLACEMENT_3D('',#3180,#2558,#2559);
#2154=AXIS2_PLACEMENT_3D('',#3188,#2564,#2565);
#2155=AXIS2_PLACEMENT_3D('',#3191,#2567,#2568);
#2156=AXIS2_PLACEMENT_3D('',#3192,#2569,#2570);
#2157=AXIS2_PLACEMENT_3D('',#3196,#2573,#2574);
#2158=AXIS2_PLACEMENT_3D('',#3197,#2575,#2576);
#2159=AXIS2_PLACEMENT_3D('',#3198,#2577,#2578);
#2160=AXIS2_PLACEMENT_3D('',#3201,#2580,#2581);
#2161=AXIS2_PLACEMENT_3D('',#3202,#2582,#2583);
#2162=AXIS2_PLACEMENT_3D('',#3206,#2586,#2587);
#2163=AXIS2_PLACEMENT_3D('',#3209,#2589,#2590);
#2164=AXIS2_PLACEMENT_3D('',#3210,#2591,#2592);
#2165=AXIS2_PLACEMENT_3D('',#3214,#2595,#2596);
#2166=AXIS2_PLACEMENT_3D('',#3217,#2598,#2599);
#2167=AXIS2_PLACEMENT_3D('',#3218,#2600,#2601);
#2168=AXIS2_PLACEMENT_3D('',#3222,#2604,#2605);
#2169=AXIS2_PLACEMENT_3D('',#3223,#2606,#2607);
#2170=AXIS2_PLACEMENT_3D('',#3224,#2608,#2609);
#2171=AXIS2_PLACEMENT_3D('',#3225,#2610,#2611);
#2172=AXIS2_PLACEMENT_3D('',#3228,#2613,#2614);
#2173=AXIS2_PLACEMENT_3D('',#3229,#2615,#2616);
#2174=AXIS2_PLACEMENT_3D('',#3232,#2618,#2619);
#2175=AXIS2_PLACEMENT_3D('',#3233,#2620,#2621);
#2176=AXIS2_PLACEMENT_3D('',#3235,#2623,#2624);
#2177=AXIS2_PLACEMENT_3D('',#3236,#2625,#2626);
#2178=AXIS2_PLACEMENT_3D('',#3238,#2628,#2629);
#2179=AXIS2_PLACEMENT_3D('',#3239,#2630,#2631);
#2180=AXIS2_PLACEMENT_3D('',#3242,#2633,#2634);
#2181=AXIS2_PLACEMENT_3D('',#3243,#2635,#2636);
#2182=AXIS2_PLACEMENT_3D('',#3246,#2638,#2639);
#2183=AXIS2_PLACEMENT_3D('',#3247,#2640,#2641);
#2184=AXIS2_PLACEMENT_3D('',#3248,#2642,#2643);
#2185=AXIS2_PLACEMENT_3D('',#3250,#2645,#2646);
#2186=AXIS2_PLACEMENT_3D('',#3252,#2648,#2649);
#2187=AXIS2_PLACEMENT_3D('',#3253,#2650,#2651);
#2188=AXIS2_PLACEMENT_3D('',#3254,#2652,#2653);
#2189=AXIS2_PLACEMENT_3D('',#3256,#2654,#2655);
#2190=AXIS2_PLACEMENT_3D('',#3259,#2657,#2658);
#2191=AXIS2_PLACEMENT_3D('',#3260,#2659,#2660);
#2192=AXIS2_PLACEMENT_3D('',#3261,#2661,#2662);
#2193=AXIS2_PLACEMENT_3D('',#3264,#2664,#2665);
#2194=AXIS2_PLACEMENT_3D('',#3265,#2666,#2667);
#2195=AXIS2_PLACEMENT_3D('',#3269,#2670,#2671);
#2196=AXIS2_PLACEMENT_3D('',#3270,#2672,#2673);
#2197=AXIS2_PLACEMENT_3D('',#3271,#2674,#2675);
#2198=AXIS2_PLACEMENT_3D('',#3280,#2680,#2681);
#2199=AXIS2_PLACEMENT_3D('',#3282,#2682,#2683);
#2200=AXIS2_PLACEMENT_3D('',#3285,#2685,#2686);
#2201=AXIS2_PLACEMENT_3D('',#3286,#2687,#2688);
#2202=AXIS2_PLACEMENT_3D('',#3292,#2692,#2693);
#2203=AXIS2_PLACEMENT_3D('',#3293,#2694,#2695);
#2204=AXIS2_PLACEMENT_3D('',#3294,#2696,#2697);
#2205=AXIS2_PLACEMENT_3D('',#3295,#2698,#2699);
#2206=AXIS2_PLACEMENT_3D('',#3296,#2700,#2701);
#2207=AXIS2_PLACEMENT_3D('',#3305,#2706,#2707);
#2208=AXIS2_PLACEMENT_3D('',#3307,#2708,#2709);
#2209=AXIS2_PLACEMENT_3D('',#3310,#2711,#2712);
#2210=AXIS2_PLACEMENT_3D('',#3311,#2713,#2714);
#2211=AXIS2_PLACEMENT_3D('',#3317,#2718,#2719);
#2212=AXIS2_PLACEMENT_3D('',#3318,#2720,#2721);
#2213=AXIS2_PLACEMENT_3D('',#3319,#2722,#2723);
#2214=AXIS2_PLACEMENT_3D('',#3320,#2724,#2725);
#2215=AXIS2_PLACEMENT_3D('',#3321,#2726,#2727);
#2216=AXIS2_PLACEMENT_3D('',#3330,#2732,#2733);
#2217=AXIS2_PLACEMENT_3D('',#3332,#2734,#2735);
#2218=AXIS2_PLACEMENT_3D('',#3335,#2737,#2738);
#2219=AXIS2_PLACEMENT_3D('',#3336,#2739,#2740);
#2220=AXIS2_PLACEMENT_3D('',#3342,#2744,#2745);
#2221=AXIS2_PLACEMENT_3D('',#3343,#2746,#2747);
#2222=AXIS2_PLACEMENT_3D('',#3344,#2748,#2749);
#2223=AXIS2_PLACEMENT_3D('',#3345,#2750,#2751);
#2224=AXIS2_PLACEMENT_3D('',#3346,#2752,#2753);
#2225=AXIS2_PLACEMENT_3D('',#3355,#2758,#2759);
#2226=AXIS2_PLACEMENT_3D('',#3357,#2760,#2761);
#2227=AXIS2_PLACEMENT_3D('',#3360,#2763,#2764);
#2228=AXIS2_PLACEMENT_3D('',#3361,#2765,#2766);
#2229=AXIS2_PLACEMENT_3D('',#3367,#2770,#2771);
#2230=AXIS2_PLACEMENT_3D('',#3368,#2772,#2773);
#2231=AXIS2_PLACEMENT_3D('',#3369,#2774,#2775);
#2232=AXIS2_PLACEMENT_3D('',#3370,#2776,#2777);
#2233=AXIS2_PLACEMENT_3D('',#3371,#2778,#2779);
#2234=AXIS2_PLACEMENT_3D('',#3380,#2784,#2785);
#2235=AXIS2_PLACEMENT_3D('',#3382,#2786,#2787);
#2236=AXIS2_PLACEMENT_3D('',#3385,#2789,#2790);
#2237=AXIS2_PLACEMENT_3D('',#3386,#2791,#2792);
#2238=AXIS2_PLACEMENT_3D('',#3392,#2796,#2797);
#2239=AXIS2_PLACEMENT_3D('',#3393,#2798,#2799);
#2240=AXIS2_PLACEMENT_3D('',#3394,#2800,#2801);
#2241=AXIS2_PLACEMENT_3D('',#3395,#2802,#2803);
#2242=AXIS2_PLACEMENT_3D('',#3396,#2804,#2805);
#2243=DIRECTION('axis',(0.,0.,1.));
#2244=DIRECTION('refdir',(1.,0.,0.));
#2245=DIRECTION('center_axis',(1.,0.,0.));
#2246=DIRECTION('ref_axis',(0.,1.,0.));
#2247=DIRECTION('',(0.,1.,-5.47288321347874E-32));
#2248=DIRECTION('',(0.,0.,-1.));
#2249=DIRECTION('',(0.,-1.,0.));
#2250=DIRECTION('',(0.,0.,-1.));
#2251=DIRECTION('',(0.,-1.,1.110223024625E-16));
#2252=DIRECTION('',(0.,0.,-1.));
#2253=DIRECTION('',(0.,1.,0.));
#2254=DIRECTION('',(0.,0.,-1.));
#2255=DIRECTION('',(0.,0.707106781186547,-0.707106781186548));
#2256=DIRECTION('',(0.,1.,-5.47288321347874E-32));
#2257=DIRECTION('',(0.,0.707106781186547,0.707106781186548));
#2258=DIRECTION('center_axis',(-1.28066147066252E-33,-0.707106781186549,
0.707106781186546));
#2259=DIRECTION('ref_axis',(1.,0.,1.81112882061961E-33));
#2260=DIRECTION('',(0.57735026918963,-0.577350269189622,-0.577350269189625));
#2261=DIRECTION('',(-1.,0.,-1.81112882061961E-33));
#2262=DIRECTION('',(0.,0.707106781186551,0.707106781186544));
#2263=DIRECTION('',(1.,0.,0.));
#2264=DIRECTION('center_axis',(-1.28066147066252E-33,-0.707106781186549,
0.707106781186546));
#2265=DIRECTION('ref_axis',(1.,0.,1.81112882061961E-33));
#2266=DIRECTION('',(0.577350269189619,0.577350269189628,0.577350269189631));
#2267=DIRECTION('',(1.,0.,1.81112882061961E-33));
#2268=DIRECTION('',(0.,0.707106781186546,0.707106781186549));
#2269=DIRECTION('',(-1.,0.,-1.81112882061961E-33));
#2270=DIRECTION('center_axis',(-1.,0.,0.));
#2271=DIRECTION('ref_axis',(0.,-1.,0.));
#2272=DIRECTION('',(0.,-1.,0.));
#2273=DIRECTION('',(0.,-0.707106781186547,-0.707106781186548));
#2274=DIRECTION('',(0.,-1.,5.47288321347874E-32));
#2275=DIRECTION('',(0.,-0.707106781186547,0.707106781186548));
#2276=DIRECTION('',(0.,0.,1.));
#2277=DIRECTION('',(0.,-1.,0.));
#2278=DIRECTION('',(0.,0.,1.));
#2279=DIRECTION('',(0.,1.,-1.110223024625E-16));
#2280=DIRECTION('',(0.,0.,1.));
#2281=DIRECTION('',(0.,1.,0.));
#2282=DIRECTION('',(0.,0.,1.));
#2283=DIRECTION('center_axis',(0.,-1.,0.));
#2284=DIRECTION('ref_axis',(0.,0.,-1.));
#2285=DIRECTION('',(-1.,0.,0.));
#2286=DIRECTION('',(-1.,0.,-1.35963107344631E-32));
#2287=DIRECTION('center_axis',(0.,0.,-1.));
#2288=DIRECTION('ref_axis',(-1.,0.,0.));
#2289=DIRECTION('',(-1.,0.,0.));
#2290=DIRECTION('center_axis',(0.,-1.,0.));
#2291=DIRECTION('ref_axis',(0.,0.,-1.));
#2292=DIRECTION('',(-0.707106781186547,0.,-0.707106781186548));
#2293=DIRECTION('',(0.,0.,-1.));
#2294=DIRECTION('',(-1.,0.,-1.35963107344631E-32));
#2295=DIRECTION('',(0.,0.,1.));
#2296=DIRECTION('',(-0.707106781186544,0.,0.707106781186551));
#2297=DIRECTION('',(0.,0.,1.));
#2298=DIRECTION('',(-1.,0.,0.));
#2299=DIRECTION('',(0.,0.,-1.));
#2300=DIRECTION('center_axis',(1.,0.,0.));
#2301=DIRECTION('ref_axis',(0.,-1.,0.));
#2302=DIRECTION('',(0.,-1.,0.));
#2303=DIRECTION('',(0.,0.,-1.));
#2304=DIRECTION('',(0.,-0.707106781186546,-0.707106781186549));
#2305=DIRECTION('',(0.,-1.,5.47288321347874E-32));
#2306=DIRECTION('center_axis',(0.,0.,-1.));
#2307=DIRECTION('ref_axis',(-1.,0.,0.));
#2308=DIRECTION('',(0.,1.,0.));
#2309=DIRECTION('',(-1.,0.,0.));
#2310=DIRECTION('center_axis',(0.,-1.,0.));
#2311=DIRECTION('ref_axis',(0.,0.,-1.));
#2312=DIRECTION('',(-1.,0.,-1.35963107344631E-32));
#2313=DIRECTION('',(1.,0.,0.));
#2314=DIRECTION('center_axis',(0.,-1.,0.));
#2315=DIRECTION('ref_axis',(0.,0.,-1.));
#2316=DIRECTION('',(-1.,0.,-1.35963107344631E-32));
#2317=DIRECTION('',(0.,0.,1.));
#2318=DIRECTION('',(1.,0.,0.));
#2319=DIRECTION('',(0.,0.,-1.));
#2320=DIRECTION('center_axis',(0.,0.,-1.));
#2321=DIRECTION('ref_axis',(-1.,0.,0.));
#2322=DIRECTION('',(1.,0.,0.));
#2323=DIRECTION('',(0.,1.,0.));
#2324=DIRECTION('',(-1.,0.,0.));
#2325=DIRECTION('',(0.,-1.,0.));
#2326=DIRECTION('center_axis',(0.,-1.,0.));
#2327=DIRECTION('ref_axis',(-1.,0.,0.));
#2328=DIRECTION('',(-1.,0.,-1.35963107344631E-32));
#2329=DIRECTION('',(0.,0.,-1.));
#2330=DIRECTION('',(0.,0.,-1.));
#2331=DIRECTION('center_axis',(0.,0.,-1.));
#2332=DIRECTION('ref_axis',(-1.,0.,0.));
#2333=DIRECTION('',(1.,0.,0.));
#2334=DIRECTION('',(0.,1.,0.));
#2335=DIRECTION('',(0.,-1.,0.));
#2336=DIRECTION('center_axis',(0.,1.,0.));
#2337=DIRECTION('ref_axis',(1.,0.,0.));
#2338=DIRECTION('',(1.,0.,1.35963107344631E-32));
#2339=DIRECTION('',(0.,0.,-1.));
#2340=DIRECTION('',(1.,0.,0.));
#2341=DIRECTION('',(0.,0.,-1.));
#2342=DIRECTION('center_axis',(0.,0.,-1.));
#2343=DIRECTION('ref_axis',(-1.,0.,0.));
#2344=DIRECTION('',(-1.,0.,0.));
#2345=DIRECTION('',(0.,-1.,0.));
#2346=DIRECTION('',(0.,1.,0.));
#2347=DIRECTION('center_axis',(-1.,0.,0.));
#2348=DIRECTION('ref_axis',(0.,1.,0.));
#2349=DIRECTION('',(0.,-1.,5.47288321347874E-32));
#2350=DIRECTION('',(0.,0.,1.));
#2351=DIRECTION('center_axis',(0.,0.,-1.));
#2352=DIRECTION('ref_axis',(-1.,0.,0.));
#2353=DIRECTION('',(1.,0.,0.));
#2354=DIRECTION('center_axis',(-1.28066147066252E-33,-0.707106781186548,
0.707106781186547));
#2355=DIRECTION('ref_axis',(1.,0.,1.81112882061961E-33));
#2356=DIRECTION('',(0.,-0.707106781186547,-0.707106781186548));
#2357=DIRECTION('',(-0.57735026918962,-0.577350269189628,-0.577350269189629));
#2358=DIRECTION('',(-1.,0.,-1.81112882061961E-33));
#2359=DIRECTION('center_axis',(-1.28066147066252E-33,-0.707106781186548,
0.707106781186547));
#2360=DIRECTION('ref_axis',(1.,0.,1.81112882061961E-33));
#2361=DIRECTION('',(0.,0.707106781186547,0.707106781186548));
#2362=DIRECTION('',(-1.,0.,-1.81112882061961E-33));
#2363=DIRECTION('',(0.577350269189627,-0.577350269189623,-0.577350269189628));
#2364=DIRECTION('center_axis',(-0.707106781186551,3.86991283289283E-32,
0.707106781186544));
#2365=DIRECTION('ref_axis',(0.707106781186544,0.,0.707106781186551));
#2366=DIRECTION('',(0.,1.,-5.47288321347874E-32));
#2367=DIRECTION('',(-0.577350269189623,-0.577350269189627,-0.577350269189628));
#2368=DIRECTION('center_axis',(-1.28066147066252E-33,-0.707106781186548,
0.707106781186547));
#2369=DIRECTION('ref_axis',(1.,0.,1.81112882061961E-33));
#2370=DIRECTION('',(0.,-0.707106781186547,-0.707106781186548));
#2371=DIRECTION('',(-0.577350269189623,-0.577350269189627,-0.577350269189628));
#2372=DIRECTION('',(-1.,0.,-1.81112882061961E-33));
#2373=DIRECTION('center_axis',(-1.28066147066252E-33,-0.707106781186548,
0.707106781186547));
#2374=DIRECTION('ref_axis',(1.,0.,1.81112882061961E-33));
#2375=DIRECTION('',(0.,0.707106781186547,0.707106781186548));
#2376=DIRECTION('',(-1.,0.,-1.81112882061961E-33));
#2377=DIRECTION('',(0.577350269189624,-0.577350269189624,-0.577350269189629));
#2378=DIRECTION('center_axis',(1.,0.,0.));
#2379=DIRECTION('ref_axis',(0.,1.,0.));
#2380=DIRECTION('',(0.,1.,-5.47288321347874E-32));
#2381=DIRECTION('',(0.,0.707106781186544,-0.707106781186551));
#2382=DIRECTION('',(0.,1.,-5.47288321347874E-32));
#2383=DIRECTION('',(0.,0.707106781186546,0.707106781186549));
#2384=DIRECTION('',(0.,0.,1.));
#2385=DIRECTION('',(0.,-1.,1.110223024625E-16));
#2386=DIRECTION('',(0.,0.,-1.));
#2387=DIRECTION('',(0.,0.707106781186547,-0.707106781186548));
#2388=DIRECTION('',(0.,1.,-5.47288321347874E-32));
#2389=DIRECTION('center_axis',(-1.28066147066252E-33,0.707106781186551,
0.707106781186544));
#2390=DIRECTION('ref_axis',(1.,0.,1.81112882061961E-33));
#2391=DIRECTION('',(0.,-0.707106781186544,0.707106781186551));
#2392=DIRECTION('',(1.,0.,1.81112882061961E-33));
#2393=DIRECTION('',(-0.577350269189624,0.577350269189624,-0.577350269189629));
#2394=DIRECTION('center_axis',(1.,0.,0.));
#2395=DIRECTION('ref_axis',(0.,1.,0.));
#2396=DIRECTION('',(0.,1.,-5.47288321347874E-32));
#2397=DIRECTION('',(0.,-1.,1.110223024625E-16));
#2398=DIRECTION('',(0.,0.,-1.));
#2399=DIRECTION('',(0.,0.707106781186547,-0.707106781186548));
#2400=DIRECTION('',(0.,1.,-5.47288321347874E-32));
#2401=DIRECTION('center_axis',(-0.707106781186548,3.86991283289284E-32,
0.707106781186547));
#2402=DIRECTION('ref_axis',(0.707106781186547,0.,0.707106781186548));
#2403=DIRECTION('',(0.,1.,-5.47288321347874E-32));
#2404=DIRECTION('',(0.,-1.,0.));
#2405=DIRECTION('center_axis',(0.,-1.,0.));
#2406=DIRECTION('ref_axis',(1.,0.,1.35963107344631E-32));
#2407=DIRECTION('',(0.,0.,1.));
#2408=DIRECTION('',(-1.,0.,-1.35963107344631E-32));
#2409=DIRECTION('',(0.,0.,-1.));
#2410=DIRECTION('',(1.,0.,1.81112882061961E-33));
#2411=DIRECTION('',(0.,0.,-1.));
#2412=DIRECTION('',(1.,0.,1.81112882061961E-33));
#2413=DIRECTION('center_axis',(-1.28066147066252E-33,-0.707106781186549,
0.707106781186546));
#2414=DIRECTION('ref_axis',(1.,0.,1.81112882061961E-33));
#2415=DIRECTION('',(0.,-0.707106781186546,-0.707106781186549));
#2416=DIRECTION('',(5.23364152894594E-15,0.707106781186546,0.707106781186549));
#2417=DIRECTION('',(-1.,0.,-1.81112882061961E-33));
#2418=DIRECTION('center_axis',(-1.28066147066252E-33,-0.707106781186549,
0.707106781186546));
#2419=DIRECTION('ref_axis',(1.,0.,1.81112882061961E-33));
#2420=DIRECTION('',(-1.,0.,-1.81112882061961E-33));
#2421=DIRECTION('center_axis',(0.,1.,0.));
#2422=DIRECTION('ref_axis',(-1.,0.,-1.35963107344631E-32));
#2423=DIRECTION('',(0.,0.,1.));
#2424=DIRECTION('',(-1.,0.,-1.81112882061961E-33));
#2425=DIRECTION('',(0.,0.,1.));
#2426=DIRECTION('',(-0.707106781186547,0.,-0.707106781186548));
#2427=DIRECTION('',(-1.,0.,0.));
#2428=DIRECTION('',(0.,0.,1.));
#2429=DIRECTION('',(1.,0.,1.35963107344631E-32));
#2430=DIRECTION('',(0.,0.,-1.));
#2431=DIRECTION('',(-1.,0.,-1.81112882061961E-33));
#2432=DIRECTION('',(-1.,0.,-1.81112882061961E-33));
#2433=DIRECTION('',(0.,0.,1.));
#2434=DIRECTION('',(-1.,0.,-1.81112882061961E-33));
#2435=DIRECTION('center_axis',(-1.28066147066252E-33,-0.707106781186548,
0.707106781186547));
#2436=DIRECTION('ref_axis',(1.,0.,1.81112882061961E-33));
#2437=DIRECTION('',(-1.,0.,-1.81112882061961E-33));
#2438=DIRECTION('center_axis',(-1.28066147066252E-33,-0.707106781186548,
0.707106781186547));
#2439=DIRECTION('ref_axis',(1.,0.,1.81112882061961E-33));
#2440=DIRECTION('',(-1.,0.,-1.81112882061961E-33));
#2441=DIRECTION('',(0.57735026918963,-0.577350269189621,-0.577350269189626));
#2442=DIRECTION('center_axis',(-1.28066147066252E-33,0.707106781186548,
0.707106781186547));
#2443=DIRECTION('ref_axis',(1.,0.,1.81112882061961E-33));
#2444=DIRECTION('',(0.,-0.707106781186547,0.707106781186548));
#2445=DIRECTION('',(1.,0.,1.81112882061961E-33));
#2446=DIRECTION('',(-0.577350269189624,0.577350269189626,-0.577350269189627));
#2447=DIRECTION('',(0.,0.707106781186547,-0.707106781186548));
#2448=DIRECTION('center_axis',(-1.28066147066252E-33,0.707106781186548,
0.707106781186547));
#2449=DIRECTION('ref_axis',(1.,0.,1.81112882061961E-33));
#2450=DIRECTION('',(0.,-0.707106781186547,0.707106781186548));
#2451=DIRECTION('',(1.,0.,1.81112882061961E-33));
#2452=DIRECTION('center_axis',(-1.28066147066252E-33,0.707106781186548,
0.707106781186547));
#2453=DIRECTION('ref_axis',(1.,0.,1.81112882061961E-33));
#2454=DIRECTION('',(1.,0.,1.81112882061961E-33));
#2455=DIRECTION('center_axis',(-1.81112882061961E-33,5.47288321347874E-32,
1.));
#2456=DIRECTION('ref_axis',(-1.,0.,-1.81112882061961E-33));
#2457=DIRECTION('',(0.,-1.,5.47288321347874E-32));
#2458=DIRECTION('center_axis',(1.81112882061961E-33,-5.47288321347874E-32,
-1.));
#2459=DIRECTION('ref_axis',(-0.707106781186546,0.707106781186549,-3.9979789799591E-32));
#2460=DIRECTION('',(1.50949372273569E-48,1.,-5.47288321347874E-32));
#2461=DIRECTION('center_axis',(-1.81112882061961E-33,5.47288321347874E-32,
1.));
#2462=DIRECTION('ref_axis',(0.707106781186544,-0.707106781186551,3.99797897995911E-32));
#2463=DIRECTION('',(1.,0.,1.81112882061961E-33));
#2464=DIRECTION('center_axis',(1.81112882061961E-33,-5.47288321347874E-32,
-1.));
#2465=DIRECTION('ref_axis',(-0.707106781186548,0.707106781186548,-3.99797897995909E-32));
#2466=DIRECTION('',(1.50949372273569E-48,1.,-5.47288321347874E-32));
#2467=DIRECTION('center_axis',(1.81112882061961E-33,-5.47288321347874E-32,
-1.));
#2468=DIRECTION('ref_axis',(-0.707106781186544,-0.707106781186551,3.74184668582661E-32));
#2469=DIRECTION('center_axis',(-1.81112882061961E-33,5.47288321347874E-32,
1.));
#2470=DIRECTION('ref_axis',(-1.,-9.91209651981663E-65,-1.81112882061961E-33));
#2471=DIRECTION('center_axis',(-1.81112882061961E-33,5.47288321347874E-32,
1.));
#2472=DIRECTION('ref_axis',(-1.,0.,-1.81112882061961E-33));
#2473=DIRECTION('',(0.,-1.,5.47288321347874E-32));
#2474=DIRECTION('center_axis',(-1.81112882061961E-33,5.47288321347874E-32,
1.));
#2475=DIRECTION('ref_axis',(-1.,0.,-1.81112882061961E-33));
#2476=DIRECTION('',(0.,-1.,5.47288321347874E-32));
#2477=DIRECTION('',(0.,1.,-5.47288321347874E-32));
#2478=DIRECTION('',(0.,-1.,5.47288321347874E-32));
#2479=DIRECTION('center_axis',(1.81112882061961E-33,-5.47288321347874E-32,
-1.));
#2480=DIRECTION('ref_axis',(0.707106781186549,-0.707106781186546,3.99797897995909E-32));
#2481=DIRECTION('',(-1.50949372273569E-48,-1.,5.47288321347874E-32));
#2482=DIRECTION('center_axis',(-1.81112882061961E-33,5.47288321347874E-32,
1.));
#2483=DIRECTION('ref_axis',(-0.707106781186548,0.707106781186548,-3.9979789799591E-32));
#2484=DIRECTION('',(-1.,0.,-1.81112882061961E-33));
#2485=DIRECTION('',(0.,-1.,5.47288321347874E-32));
#2486=DIRECTION('center_axis',(-1.81112882061961E-33,5.47288321347874E-32,
1.));
#2487=DIRECTION('ref_axis',(-1.,-9.91209651981663E-65,-1.81112882061961E-33));
#2488=DIRECTION('center_axis',(-1.81112882061961E-33,5.47288321347874E-32,
1.));
#2489=DIRECTION('ref_axis',(-1.,0.,-1.81112882061961E-33));
#2490=DIRECTION('',(1.,0.,1.81112882061961E-33));
#2491=DIRECTION('',(0.,-1.,5.47288321347874E-32));
#2492=DIRECTION('',(1.,0.,1.81112882061961E-33));
#2493=DIRECTION('',(0.,-1.,5.47288321347874E-32));
#2494=DIRECTION('center_axis',(-0.707106781186548,9.12977219404749E-48,
0.707106781186547));
#2495=DIRECTION('ref_axis',(0.707106781186547,0.,0.707106781186548));
#2496=DIRECTION('',(0.707106781186547,0.,0.707106781186548));
#2497=DIRECTION('',(0.,1.,-1.29114476581987E-47));
#2498=DIRECTION('',(0.,-1.,1.29114476581987E-47));
#2499=DIRECTION('center_axis',(-1.,0.,0.));
#2500=DIRECTION('ref_axis',(0.,-1.,0.));
#2501=DIRECTION('',(0.,1.,-5.47288321347874E-32));
#2502=DIRECTION('',(0.,-0.707106781186548,-0.707106781186547));
#2503=DIRECTION('',(0.,0.,1.));
#2504=DIRECTION('center_axis',(-0.707106781186549,3.86991283289283E-32,
0.707106781186546));
#2505=DIRECTION('ref_axis',(0.707106781186546,0.,0.707106781186549));
#2506=DIRECTION('',(0.577350269189623,0.577350269189628,0.577350269189627));
#2507=DIRECTION('center_axis',(-1.28066147066252E-33,0.707106781186548,
0.707106781186547));
#2508=DIRECTION('ref_axis',(1.,0.,1.81112882061961E-33));
#2509=DIRECTION('',(0.,-0.707106781186547,0.707106781186548));
#2510=DIRECTION('center_axis',(0.,0.,-1.));
#2511=DIRECTION('ref_axis',(-0.707106781186546,0.707106781186549,-1.64622663880668E-32));
#2512=DIRECTION('',(0.70710678118654,0.,0.707106781186555));
#2513=DIRECTION('center_axis',(-1.81112882061961E-33,5.47288321347874E-32,
1.));
#2514=DIRECTION('ref_axis',(-0.707106781186546,0.707106781186549,0.));
#2515=DIRECTION('center_axis',(-0.707106781186546,3.86991283289285E-32,
0.70710678118655));
#2516=DIRECTION('ref_axis',(0.707106781186549,0.,0.707106781186545));
#2517=DIRECTION('',(0.707106781186549,0.,0.707106781186545));
#2518=DIRECTION('',(-1.50949372273569E-48,-1.,5.47288321347874E-32));
#2519=DIRECTION('center_axis',(0.,0.,1.));
#2520=DIRECTION('ref_axis',(0.707106781186544,-0.707106781186551,2.25972724954211E-32));
#2521=DIRECTION('',(0.,-0.707106781186551,0.707106781186544));
#2522=DIRECTION('center_axis',(1.81112882061961E-33,-5.47288321347874E-32,
-1.));
#2523=DIRECTION('ref_axis',(0.707106781186544,-0.707106781186551,0.));
#2524=DIRECTION('center_axis',(-1.28066147066252E-33,0.707106781186548,
0.707106781186547));
#2525=DIRECTION('ref_axis',(1.,0.,1.81112882061961E-33));
#2526=DIRECTION('',(0.,-0.707106781186547,0.707106781186548));
#2527=DIRECTION('',(-1.,0.,-1.81112882061961E-33));
#2528=DIRECTION('center_axis',(0.,0.,-1.));
#2529=DIRECTION('ref_axis',(-0.707106781186547,0.707106781186547,-1.64622663880668E-32));
#2530=DIRECTION('',(0.70710678118654,0.,0.707106781186555));
#2531=DIRECTION('center_axis',(-1.81112882061961E-33,5.47288321347874E-32,
1.));
#2532=DIRECTION('ref_axis',(-0.707106781186548,0.707106781186548,0.));
#2533=DIRECTION('center_axis',(-0.707106781186543,3.86991283289287E-32,
0.707106781186552));
#2534=DIRECTION('ref_axis',(0.707106781186552,0.,0.707106781186543));
#2535=DIRECTION('',(0.707106781186552,0.,0.707106781186543));
#2536=DIRECTION('',(-1.50949372273569E-48,-1.,5.47288321347874E-32));
#2537=DIRECTION('center_axis',(0.,0.,-1.));
#2538=DIRECTION('ref_axis',(-0.707106781186544,-0.707106781186551,1.54076040004625E-32));
#2539=DIRECTION('center_axis',(-1.81112882061961E-33,5.47288321347874E-32,
1.));
#2540=DIRECTION('ref_axis',(-0.707106781186544,-0.707106781186551,0.));
#2541=DIRECTION('center_axis',(0.,0.,-1.));
#2542=DIRECTION('ref_axis',(0.707106781186549,-0.707106781186546,1.64622663880668E-32));
#2543=DIRECTION('',(-0.707106781186548,0.,0.707106781186547));
#2544=DIRECTION('center_axis',(-1.81112882061961E-33,5.47288321347874E-32,
1.));
#2545=DIRECTION('ref_axis',(0.707106781186549,-0.707106781186546,0.));
#2546=DIRECTION('center_axis',(0.707106781186544,3.86991283289286E-32,0.707106781186551));
#2547=DIRECTION('ref_axis',(0.707106781186551,0.,-0.707106781186544));
#2548=DIRECTION('',(-0.707106781186551,0.,0.707106781186544));
#2549=DIRECTION('',(1.50949372273569E-48,1.,-5.47288321347874E-32));
#2550=DIRECTION('center_axis',(0.,0.,1.));
#2551=DIRECTION('ref_axis',(-0.707106781186547,0.707106781186547,-2.2597272495421E-32));
#2552=DIRECTION('',(0.,0.707106781186546,0.707106781186549));
#2553=DIRECTION('center_axis',(1.81112882061961E-33,-5.47288321347874E-32,
-1.));
#2554=DIRECTION('ref_axis',(-0.707106781186548,0.707106781186548,0.));
#2555=DIRECTION('center_axis',(-1.28066147066252E-33,-0.707106781186547,
0.707106781186548));
#2556=DIRECTION('ref_axis',(1.,0.,1.81112882061961E-33));
#2557=DIRECTION('',(1.,0.,1.81112882061961E-33));
#2558=DIRECTION('center_axis',(0.,-1.,0.));
#2559=DIRECTION('ref_axis',(1.,0.,1.35963107344631E-32));
#2560=DIRECTION('',(0.,0.,1.));
#2561=DIRECTION('',(-1.,0.,-1.35963107344631E-32));
#2562=DIRECTION('',(0.,0.,-1.));
#2563=DIRECTION('',(1.,0.,0.));
#2564=DIRECTION('center_axis',(0.,0.,1.));
#2565=DIRECTION('ref_axis',(-0.707106781186548,0.707106781186548,0.));
#2566=DIRECTION('',(0.,0.,-1.));
#2567=DIRECTION('center_axis',(1.35963107344631E-32,-1.110223024625E-16,
-1.));
#2568=DIRECTION('ref_axis',(-0.707106781186548,0.707106781186548,0.));
#2569=DIRECTION('center_axis',(1.,-1.50949372273569E-48,0.));
#2570=DIRECTION('ref_axis',(1.50949372273569E-48,1.,-1.110223024625E-16));
#2571=DIRECTION('',(0.,0.,1.));
#2572=DIRECTION('',(-1.50949372273569E-48,-1.,1.110223024625E-16));
#2573=DIRECTION('center_axis',(0.,0.,1.));
#2574=DIRECTION('ref_axis',(0.707106781186549,-0.707106781186546,0.));
#2575=DIRECTION('center_axis',(-1.35963107344631E-32,1.110223024625E-16,
1.));
#2576=DIRECTION('ref_axis',(0.707106781186549,-0.707106781186546,0.));
#2577=DIRECTION('center_axis',(0.,0.,1.));
#2578=DIRECTION('ref_axis',(-0.707106781186544,-0.707106781186551,0.));
#2579=DIRECTION('',(0.,0.,-1.));
#2580=DIRECTION('center_axis',(-1.35963107344631E-32,1.110223024625E-16,
1.));
#2581=DIRECTION('ref_axis',(-0.707106781186544,-0.707106781186551,0.));
#2582=DIRECTION('center_axis',(-1.,1.50949372273569E-48,0.));
#2583=DIRECTION('ref_axis',(-1.50949372273569E-48,-1.,1.110223024625E-16));
#2584=DIRECTION('',(0.,0.,1.));
#2585=DIRECTION('',(1.50949372273569E-48,1.,-1.110223024625E-16));
#2586=DIRECTION('center_axis',(0.,0.,1.));
#2587=DIRECTION('ref_axis',(-0.707106781186548,0.707106781186548,0.));
#2588=DIRECTION('',(0.,0.,-1.));
#2589=DIRECTION('center_axis',(-1.35963107344631E-32,1.110223024625E-16,
1.));
#2590=DIRECTION('ref_axis',(-0.707106781186548,0.707106781186548,0.));
#2591=DIRECTION('center_axis',(0.,1.,0.));
#2592=DIRECTION('ref_axis',(-1.,0.,-1.35963107344631E-32));
#2593=DIRECTION('',(0.,0.,1.));
#2594=DIRECTION('',(1.,0.,1.35963107344631E-32));
#2595=DIRECTION('center_axis',(0.,0.,1.));
#2596=DIRECTION('ref_axis',(0.707106781186544,-0.707106781186551,0.));
#2597=DIRECTION('',(0.,0.,-1.));
#2598=DIRECTION('center_axis',(1.35963107344631E-32,-1.110223024625E-16,
-1.));
#2599=DIRECTION('ref_axis',(0.707106781186544,-0.707106781186551,0.));
#2600=DIRECTION('center_axis',(-1.,1.50949372273569E-48,0.));
#2601=DIRECTION('ref_axis',(-1.50949372273569E-48,-1.,1.110223024625E-16));
#2602=DIRECTION('',(0.,0.,1.));
#2603=DIRECTION('',(1.50949372273569E-48,1.,-1.110223024625E-16));
#2604=DIRECTION('center_axis',(0.,0.,1.));
#2605=DIRECTION('ref_axis',(-0.707106781186546,0.707106781186549,0.));
#2606=DIRECTION('center_axis',(-1.35963107344631E-32,1.110223024625E-16,
1.));
#2607=DIRECTION('ref_axis',(-0.707106781186546,0.707106781186549,0.));
#2608=DIRECTION('center_axis',(0.707106781186551,3.86991283289283E-32,0.707106781186544));
#2609=DIRECTION('ref_axis',(0.707106781186544,0.,-0.707106781186551));
#2610=DIRECTION('center_axis',(0.,0.,1.));
#2611=DIRECTION('ref_axis',(-1.,-5.66405515418094E-65,-1.03493075463978E-33));
#2612=DIRECTION('',(-0.707106781186551,-8.65956056235497E-17,-0.707106781186544));
#2613=DIRECTION('center_axis',(1.81112882061961E-33,-5.47288321347874E-32,
-1.));
#2614=DIRECTION('ref_axis',(-1.,0.,0.));
#2615=DIRECTION('center_axis',(0.,0.,1.));
#2616=DIRECTION('ref_axis',(-1.,0.,0.));
#2617=DIRECTION('',(0.,0.,-1.));
#2618=DIRECTION('center_axis',(1.35963107344631E-32,-1.110223024625E-16,
-1.));
#2619=DIRECTION('ref_axis',(-1.,0.,-1.35963107344631E-32));
#2620=DIRECTION('center_axis',(0.707106781186548,3.86991283289284E-32,0.707106781186547));
#2621=DIRECTION('ref_axis',(0.707106781186547,0.,-0.707106781186548));
#2622=DIRECTION('',(0.577350269189627,0.577350269189623,-0.577350269189628));
#2623=DIRECTION('center_axis',(-1.28066147066252E-33,0.707106781186551,
0.707106781186544));
#2624=DIRECTION('ref_axis',(1.,0.,1.81112882061961E-33));
#2625=DIRECTION('center_axis',(-0.707106781186551,3.86991283289283E-32,
0.707106781186544));
#2626=DIRECTION('ref_axis',(0.707106781186544,0.,0.707106781186551));
#2627=DIRECTION('',(0.,-1.,5.47288321347874E-32));
#2628=DIRECTION('center_axis',(0.707106781186546,3.86991283289285E-32,0.70710678118655));
#2629=DIRECTION('ref_axis',(0.707106781186549,0.,-0.707106781186545));
#2630=DIRECTION('center_axis',(0.,0.,1.));
#2631=DIRECTION('ref_axis',(-1.,-5.66405515418093E-65,-1.03493075463978E-33));
#2632=DIRECTION('',(-0.707106781186548,-8.65956056235494E-17,-0.707106781186547));
#2633=DIRECTION('center_axis',(1.81112882061961E-33,-5.47288321347874E-32,
-1.));
#2634=DIRECTION('ref_axis',(-1.,0.,0.));
#2635=DIRECTION('center_axis',(0.,0.,-1.));
#2636=DIRECTION('ref_axis',(-1.,0.,0.));
#2637=DIRECTION('',(0.,0.,-1.));
#2638=DIRECTION('center_axis',(0.,0.,-1.));
#2639=DIRECTION('ref_axis',(-1.,0.,0.));
#2640=DIRECTION('center_axis',(0.,0.,1.));
#2641=DIRECTION('ref_axis',(-1.,0.,0.));
#2642=DIRECTION('center_axis',(-1.,0.,0.));
#2643=DIRECTION('ref_axis',(0.,-1.,0.));
#2644=DIRECTION('',(0.,1.,-1.110223024625E-16));
#2645=DIRECTION('center_axis',(-1.,0.,0.));
#2646=DIRECTION('ref_axis',(0.,-1.,0.));
#2647=DIRECTION('',(0.,1.,-1.110223024625E-16));
#2648=DIRECTION('center_axis',(-1.35963107344631E-32,1.110223024625E-16,
1.));
#2649=DIRECTION('ref_axis',(-1.,0.,-1.35963107344631E-32));
#2650=DIRECTION('center_axis',(-1.35963107344631E-32,1.110223024625E-16,
1.));
#2651=DIRECTION('ref_axis',(-1.,0.,-1.35963107344631E-32));
#2652=DIRECTION('center_axis',(-1.81112882063482E-33,1.29114476581987E-47,
1.));
#2653=DIRECTION('ref_axis',(-1.,0.,-1.81112882063482E-33));
#2654=DIRECTION('center_axis',(-1.81112882063482E-33,1.29114476581988E-47,
1.));
#2655=DIRECTION('ref_axis',(4.44089209850059E-15,-1.,2.09544753271227E-47));
#2656=DIRECTION('',(0.,1.,-2.01236531961064E-34));
#2657=DIRECTION('center_axis',(-1.99406922660955E-62,-5.67155496526478E-63,
1.));
#2658=DIRECTION('ref_axis',(1.,2.22044604925031E-15,1.99406922660956E-62));
#2659=DIRECTION('center_axis',(-1.35963107344631E-32,1.110223024625E-16,
1.));
#2660=DIRECTION('ref_axis',(-1.,0.,-1.35963107344631E-32));
#2661=DIRECTION('center_axis',(0.,0.,1.));
#2662=DIRECTION('ref_axis',(0.707106781186546,0.707106781186549,0.));
#2663=DIRECTION('',(0.,0.,-1.));
#2664=DIRECTION('center_axis',(-1.35963107344631E-32,1.110223024625E-16,
1.));
#2665=DIRECTION('ref_axis',(0.707106781186546,0.707106781186549,0.));
#2666=DIRECTION('center_axis',(1.,-1.50949372273569E-48,0.));
#2667=DIRECTION('ref_axis',(1.50949372273569E-48,1.,-1.110223024625E-16));
#2668=DIRECTION('',(0.,0.,1.));
#2669=DIRECTION('',(-1.50949372273569E-48,-1.,1.110223024625E-16));
#2670=DIRECTION('center_axis',(0.,0.,1.));
#2671=DIRECTION('ref_axis',(0.707106781186549,-0.707106781186546,0.));
#2672=DIRECTION('center_axis',(-1.35963107344631E-32,1.110223024625E-16,
1.));
#2673=DIRECTION('ref_axis',(0.707106781186549,-0.707106781186546,0.));
#2674=DIRECTION('center_axis',(-1.,0.,0.));
#2675=DIRECTION('ref_axis',(0.,-1.,0.));
#2676=DIRECTION('',(0.,-1.,1.110223024625E-16));
#2677=DIRECTION('',(0.,0.,1.));
#2678=DIRECTION('',(0.,-1.,0.));
#2679=DIRECTION('',(0.,0.,1.));
#2680=DIRECTION('center_axis',(0.,0.,1.));
#2681=DIRECTION('ref_axis',(-1.,0.,0.));
#2682=DIRECTION('center_axis',(-1.35963107344631E-32,1.110223024625E-16,
1.));
#2683=DIRECTION('ref_axis',(-1.,0.,0.));
#2684=DIRECTION('',(0.,0.,1.));
#2685=DIRECTION('center_axis',(-1.25441757060327E-47,1.23259516440783E-32,
1.));
#2686=DIRECTION('ref_axis',(-1.,0.,-1.25441757060327E-47));
#2687=DIRECTION('center_axis',(1.,0.,0.));
#2688=DIRECTION('ref_axis',(0.,1.,-2.50771936173555E-49));
#2689=DIRECTION('',(0.,1.,-1.110223024625E-16));
#2690=DIRECTION('',(0.,0.,1.));
#2691=DIRECTION('',(0.,1.,-2.50771936173555E-49));
#2692=DIRECTION('center_axis',(0.,0.,1.));
#2693=DIRECTION('ref_axis',(1.,0.,0.));
#2694=DIRECTION('center_axis',(-1.35963107344631E-32,1.110223024625E-16,
1.));
#2695=DIRECTION('ref_axis',(1.,0.,0.));
#2696=DIRECTION('center_axis',(-1.46673780989688E-47,1.23259516440783E-32,
1.));
#2697=DIRECTION('ref_axis',(1.,0.,1.46673780989688E-47));
#2698=DIRECTION('center_axis',(1.46673780989688E-47,-1.23259516440783E-32,
-1.));
#2699=DIRECTION('ref_axis',(1.,0.,1.46673780989688E-47));
#2700=DIRECTION('center_axis',(0.,1.,0.));
#2701=DIRECTION('ref_axis',(-1.,0.,0.));
#2702=DIRECTION('',(-1.,0.,-1.35963107344631E-32));
#2703=DIRECTION('',(0.,0.,1.));
#2704=DIRECTION('',(-1.,0.,0.));
#2705=DIRECTION('',(0.,0.,1.));
#2706=DIRECTION('center_axis',(0.,0.,1.));
#2707=DIRECTION('ref_axis',(1.48029736616688E-15,1.,0.));
#2708=DIRECTION('center_axis',(-1.35963107344631E-32,1.110223024625E-16,
1.));
#2709=DIRECTION('ref_axis',(1.48029736616688E-15,1.,0.));
#2710=DIRECTION('',(0.,0.,1.));
#2711=DIRECTION('center_axis',(-1.36845553156472E-48,-1.26607569947148E-64,
1.));
#2712=DIRECTION('ref_axis',(1.48029736616688E-15,1.,2.15232868903889E-63));
#2713=DIRECTION('center_axis',(0.,-1.,0.));
#2714=DIRECTION('ref_axis',(1.,0.,2.35640422737095E-66));
#2715=DIRECTION('',(1.,0.,1.35963107344631E-32));
#2716=DIRECTION('',(0.,0.,1.));
#2717=DIRECTION('',(1.,0.,2.35640422737095E-66));
#2718=DIRECTION('center_axis',(0.,0.,1.));
#2719=DIRECTION('ref_axis',(0.,-1.,0.));
#2720=DIRECTION('center_axis',(-1.35963107344631E-32,1.110223024625E-16,
1.));
#2721=DIRECTION('ref_axis',(0.,-1.,0.));
#2722=DIRECTION('center_axis',(-1.36845553156471E-48,1.81531981482665E-63,
1.));
#2723=DIRECTION('ref_axis',(0.,-1.,1.81531981482665E-63));
#2724=DIRECTION('center_axis',(1.36845553156471E-48,-1.81531981482665E-63,
-1.));
#2725=DIRECTION('ref_axis',(1.,0.,1.36845553156471E-48));
#2726=DIRECTION('center_axis',(-1.,0.,0.));
#2727=DIRECTION('ref_axis',(0.,-1.,0.));
#2728=DIRECTION('',(0.,-1.,1.110223024625E-16));
#2729=DIRECTION('',(0.,0.,1.));
#2730=DIRECTION('',(0.,-1.,0.));
#2731=DIRECTION('',(0.,0.,1.));
#2732=DIRECTION('center_axis',(0.,0.,1.));
#2733=DIRECTION('ref_axis',(-1.,0.,0.));
#2734=DIRECTION('center_axis',(-1.35963107344631E-32,1.110223024625E-16,
1.));
#2735=DIRECTION('ref_axis',(-1.,0.,0.));
#2736=DIRECTION('',(0.,0.,1.));
#2737=DIRECTION('center_axis',(1.26607569943464E-64,-2.1101261657244E-64,
1.));
#2738=DIRECTION('ref_axis',(-1.,0.,1.26607569943464E-64));
#2739=DIRECTION('center_axis',(1.,0.,0.));
#2740=DIRECTION('ref_axis',(0.,1.,-8.21073318938829E-49));
#2741=DIRECTION('',(0.,1.,-1.110223024625E-16));
#2742=DIRECTION('',(0.,0.,1.));
#2743=DIRECTION('',(0.,1.,-8.21073318938829E-49));
#2744=DIRECTION('center_axis',(0.,0.,1.));
#2745=DIRECTION('ref_axis',(1.,0.,0.));
#2746=DIRECTION('center_axis',(-1.35963107344631E-32,1.110223024625E-16,
1.));
#2747=DIRECTION('ref_axis',(1.,0.,0.));
#2748=DIRECTION('center_axis',(-1.36845553156472E-48,-2.1101261657244E-64,
1.));
#2749=DIRECTION('ref_axis',(1.,0.,1.36845553156471E-48));
#2750=DIRECTION('center_axis',(1.36845553156472E-48,2.1101261657244E-64,
-1.));
#2751=DIRECTION('ref_axis',(1.,0.,1.36845553156472E-48));
#2752=DIRECTION('center_axis',(-6.89948942132497E-5,0.999999997619852,0.));
#2753=DIRECTION('ref_axis',(-0.999999997619852,-6.89948942132497E-5,0.));
#2754=DIRECTION('',(-0.999999997619852,-6.89948942132497E-5,7.659972013698E-21));
#2755=DIRECTION('',(0.,0.,1.));
#2756=DIRECTION('',(-0.999999997619852,-6.89948942132497E-5,0.));
#2757=DIRECTION('',(0.,0.,1.));
#2758=DIRECTION('center_axis',(0.,0.,1.));
#2759=DIRECTION('ref_axis',(0.999999997620366,6.89874436319114E-5,0.));
#2760=DIRECTION('center_axis',(-1.35963107344631E-32,1.110223024625E-16,
1.));
#2761=DIRECTION('ref_axis',(-6.89948942126743E-5,0.999999997619852,0.));
#2762=DIRECTION('',(0.,0.,1.));
#2763=DIRECTION('center_axis',(-1.50463276547128E-36,-1.03811978729563E-40,
1.));
#2764=DIRECTION('ref_axis',(-6.89948942126743E-5,0.999999997619852,-1.39223488297687E-52));
#2765=DIRECTION('center_axis',(6.89948942132507E-5,-0.999999997619852,0.));
#2766=DIRECTION('ref_axis',(0.999999997619852,6.89948942132507E-5,6.30537537501466E-46));
#2767=DIRECTION('',(0.999999997619852,6.89948942132507E-5,-7.65997201369812E-21));
#2768=DIRECTION('',(0.,0.,1.));
#2769=DIRECTION('',(0.999999997619852,6.89948942132507E-5,6.30537537501466E-46));
#2770=DIRECTION('center_axis',(0.,0.,1.));
#2771=DIRECTION('ref_axis',(6.89948942185955E-5,-0.999999997619852,0.));
#2772=DIRECTION('center_axis',(-1.35963107344631E-32,1.110223024625E-16,
1.));
#2773=DIRECTION('ref_axis',(6.89948942185955E-5,-0.999999997619852,0.));
#2774=DIRECTION('center_axis',(-1.50463276546973E-36,-1.03834399506729E-40,
1.));
#2775=DIRECTION('ref_axis',(6.89948942185955E-5,-0.999999997619852,-2.24207681712199E-44));
#2776=DIRECTION('center_axis',(1.50463276546973E-36,1.03834399506284E-40,
-1.));
#2777=DIRECTION('ref_axis',(1.,0.,1.50463276546973E-36));
#2778=DIRECTION('center_axis',(1.,0.,0.));
#2779=DIRECTION('ref_axis',(0.,1.,0.));
#2780=DIRECTION('',(0.,1.,-1.110223024625E-16));
#2781=DIRECTION('',(0.,0.,1.));
#2782=DIRECTION('',(0.,1.,0.));
#2783=DIRECTION('',(0.,0.,1.));
#2784=DIRECTION('center_axis',(0.,0.,1.));
#2785=DIRECTION('ref_axis',(1.,-1.48029736616688E-15,0.));
#2786=DIRECTION('center_axis',(-1.35963107344631E-32,1.110223024625E-16,
1.));
#2787=DIRECTION('ref_axis',(1.,-1.48029736616688E-15,0.));
#2788=DIRECTION('',(0.,0.,1.));
#2789=DIRECTION('center_axis',(2.15232868903889E-63,-2.23673373566418E-63,
1.));
#2790=DIRECTION('ref_axis',(1.,-1.48029736616688E-15,-2.15232868903889E-63));
#2791=DIRECTION('center_axis',(-1.,0.,0.));
#2792=DIRECTION('ref_axis',(0.,-1.,8.21073318938829E-49));
#2793=DIRECTION('',(0.,-1.,1.110223024625E-16));
#2794=DIRECTION('',(0.,0.,1.));
#2795=DIRECTION('',(0.,-1.,8.21073318938829E-49));
#2796=DIRECTION('center_axis',(0.,0.,1.));
#2797=DIRECTION('ref_axis',(-1.,1.48029736616688E-15,0.));
#2798=DIRECTION('center_axis',(-1.35963107344631E-32,1.110223024625E-16,
1.));
#2799=DIRECTION('ref_axis',(-1.,1.48029736616688E-15,0.));
#2800=DIRECTION('center_axis',(-1.36845553156471E-48,-2.11012616572443E-64,
1.));
#2801=DIRECTION('ref_axis',(-1.,1.48029736616688E-15,-1.36845553156471E-48));
#2802=DIRECTION('center_axis',(1.36845553156471E-48,4.13584728481618E-64,
-1.));
#2803=DIRECTION('ref_axis',(1.,0.,1.36845553156471E-48));
#2804=DIRECTION('center_axis',(-1.35963107344631E-32,1.110223024625E-16,
1.));
#2805=DIRECTION('ref_axis',(-1.,0.,-1.35963107344631E-32));
#2806=CARTESIAN_POINT('',(0.,0.,0.));
#2807=CARTESIAN_POINT('Origin',(-42.5000006556511,-31.5000000447035,-6.86072187500001));
#2808=CARTESIAN_POINT('',(-42.5000006556511,-34.0000005066395,-5.16072187500001));
#2809=CARTESIAN_POINT('',(-42.5000006556511,-4.50000004470348,-5.16072187500001));
#2810=CARTESIAN_POINT('',(-42.5000006556511,-25.0000001601875,-5.16072187500001));
#2811=CARTESIAN_POINT('',(-42.5000006556511,-34.0000005066395,-7.36072187500001));
#2812=CARTESIAN_POINT('',(-42.5000006556511,-34.0000005066395,-7.36072187500001));
#2813=CARTESIAN_POINT('',(-42.5000006556511,-28.226254876961,-7.36072187500001));
#2814=CARTESIAN_POINT('',(-42.5000006556511,-34.1048726285747,-7.36072187500001));
#2815=CARTESIAN_POINT('',(-42.5000006556511,-28.226254876961,-6.86072187500001));
#2816=CARTESIAN_POINT('',(-42.5000006556511,-28.226254876961,-4.86072187500001));
#2817=CARTESIAN_POINT('',(-42.5000009462237,-6.50000008940697,-6.86072187500001));
#2818=CARTESIAN_POINT('',(-42.5000006556511,-25.0000001601875,-6.86072187500001));
#2819=CARTESIAN_POINT('',(-42.5000009462237,-6.50000008940697,-7.36072187500001));
#2820=CARTESIAN_POINT('',(-42.5000009462237,-6.50000008940697,-4.86072187500001));
#2821=CARTESIAN_POINT('',(-42.5000009462237,-3.00000004470348,-7.36072187500001));
#2822=CARTESIAN_POINT('',(-42.5000009462237,-6.00000008940697,-7.36072187500001));
#2823=CARTESIAN_POINT('',(-42.5000009462237,-3.00000004470348,-5.16072187500001));
#2824=CARTESIAN_POINT('',(-42.5000009462237,-3.00000004470348,-7.36072187500001));
#2825=CARTESIAN_POINT('',(-42.5000009462237,-3.30000004470348,-4.86072187500001));
#2826=CARTESIAN_POINT('',(-42.5000009462237,-3.90000005587935,-4.26072186382414));
#2827=CARTESIAN_POINT('',(-42.5000009462237,-4.20000004470348,-4.86072187500001));
#2828=CARTESIAN_POINT('',(-42.5000009462237,-12.2500001825392,-4.86072187500001));
#2829=CARTESIAN_POINT('',(-42.5000009462237,-4.72500005587935,-5.38572188617588));
#2830=CARTESIAN_POINT('Origin',(-29.6250004414469,-33.8500005066395,-5.01072187500001));
#2831=CARTESIAN_POINT('',(-42.8000006556511,-33.7000005066395,-4.86072187500001));
#2832=CARTESIAN_POINT('',(-41.954167344359,-34.5458338179315,-5.70655518629206));
#2833=CARTESIAN_POINT('',(-47.0000007152557,-33.7000005066395,-4.86072187500001));
#2834=CARTESIAN_POINT('',(-29.6250004414469,-33.7000005066395,-4.86072187500001));
#2835=CARTESIAN_POINT('',(-47.0000007152557,-34.0000005066395,-5.16072187500001));
#2836=CARTESIAN_POINT('',(-47.0000007152557,-34.0000005066395,-5.16072187500001));
#2837=CARTESIAN_POINT('',(-42.8000006556511,-34.0000005066395,-5.16072187500001));
#2838=CARTESIAN_POINT('Origin',(-29.6250004414469,-33.8500005066395,-5.01072187500001));
#2839=CARTESIAN_POINT('',(-24.5000006556511,-34.0000005066395,-5.16072187500001));
#2840=CARTESIAN_POINT('',(-24.2000006556511,-33.7000005066395,-4.86072187500001));
#2841=CARTESIAN_POINT('',(-21.5041672288751,-31.0041670798634,-2.16488844822393));
#2842=CARTESIAN_POINT('',(-23.8000006556511,-34.0000005066395,-5.16072187500001));
#2843=CARTESIAN_POINT('',(-29.6250004414469,-34.0000005066395,-5.16072187500001));
#2844=CARTESIAN_POINT('',(-23.8000006556511,-33.7000005066395,-4.86072187500001));
#2845=CARTESIAN_POINT('',(-23.8000006556511,-34.4524366830911,-5.61315805145163));
#2846=CARTESIAN_POINT('',(-29.6250004414469,-33.7000005066395,-4.86072187500001));
#2847=CARTESIAN_POINT('Origin',(-24.5000006556511,-4.50000004470348,-6.86072187500001));
#2848=CARTESIAN_POINT('',(-24.5000006556511,-4.50000004470348,-5.16072187500001));
#2849=CARTESIAN_POINT('',(-24.5000006556511,-27.190254876961,-5.16072187500001));
#2850=CARTESIAN_POINT('',(-24.5000003650784,-4.20000004470348,-4.86072187500001));
#2851=CARTESIAN_POINT('',(-24.5000003650784,-3.82500003352761,-4.48572186382414));
#2852=CARTESIAN_POINT('',(-24.5000003650784,-3.30000004470348,-4.86072187500001));
#2853=CARTESIAN_POINT('',(-24.5000003650784,-10.4500001378357,-4.86072187500001));
#2854=CARTESIAN_POINT('',(-24.5000003650784,-3.00000004470348,-5.16072187500001));
#2855=CARTESIAN_POINT('',(-24.5000003650784,-3.00000003352761,-5.16072188617588));
#2856=CARTESIAN_POINT('',(-24.5000003650784,-3.00000004470348,-7.36072187500001));
#2857=CARTESIAN_POINT('',(-24.5000003650784,-3.00000004470348,-7.36072187500001));
#2858=CARTESIAN_POINT('',(-24.5000003650784,-6.50000008940697,-7.36072187500001));
#2859=CARTESIAN_POINT('',(-24.5000003650784,-6.00000008940697,-7.36072187500001));
#2860=CARTESIAN_POINT('',(-24.5000006556511,-6.50000008940697,-6.86072187500001));
#2861=CARTESIAN_POINT('',(-24.5000003650784,-6.50000008940697,-4.86072187500001));
#2862=CARTESIAN_POINT('',(-24.5000006556511,-28.226254876961,-6.86072187500001));
#2863=CARTESIAN_POINT('',(-24.5000006556511,-11.5000001601875,-6.86072187500001));
#2864=CARTESIAN_POINT('',(-24.5000006556511,-28.226254876961,-7.36072187500001));
#2865=CARTESIAN_POINT('',(-24.5000006556511,-28.226254876961,-4.86072187500001));
#2866=CARTESIAN_POINT('',(-24.5000006556511,-34.0000005066395,-7.36072187500001));
#2867=CARTESIAN_POINT('',(-24.5000006556511,-29.4951274608322,-7.36072187500001));
#2868=CARTESIAN_POINT('',(-24.5000006556511,-34.0000005066395,-7.36072187500001));
#2869=CARTESIAN_POINT('Origin',(-42.8000006556511,-28.226254876961,-4.86072187500001));
#2870=CARTESIAN_POINT('',(-38.1500006556511,-28.226254876961,-7.36072187500001));
#2871=CARTESIAN_POINT('',(-24.400000372529,-28.226254876961,-6.86072187500001));
#2872=CARTESIAN_POINT('Origin',(-33.5000006556511,-31.8000000447035,-7.36072187500001));
#2873=CARTESIAN_POINT('',(-40.7500006854534,-34.0000005066395,-7.36072187500001));
#2874=CARTESIAN_POINT('Origin',(-23.8000006556511,-28.226254876961,-4.86072187500001));
#2875=CARTESIAN_POINT('',(-5.20000065565109,-28.226254876961,-4.86072187500001));
#2876=CARTESIAN_POINT('',(-5.50000065565109,-28.226254876961,-5.16072187500001));
#2877=CARTESIAN_POINT('',(-9.92500065565108,-28.226254876961,-9.58572187500001));
#2878=CARTESIAN_POINT('',(-5.50000065565109,-28.226254876961,-6.86072187500001));
#2879=CARTESIAN_POINT('',(-5.50000065565109,-28.226254876961,-5.86072187500001));
#2880=CARTESIAN_POINT('',(-23.5000006556511,-28.226254876961,-6.86072187500001));
#2881=CARTESIAN_POINT('',(-14.900000372529,-28.226254876961,-6.86072187500001));
#2882=CARTESIAN_POINT('',(-23.5000006556511,-28.226254876961,-5.16072187500001));
#2883=CARTESIAN_POINT('',(-23.5000006556511,-28.226254876961,-5.86072187500001));
#2884=CARTESIAN_POINT('',(-23.8000006556511,-28.226254876961,-4.86072187500001));
#2885=CARTESIAN_POINT('',(-23.7250006556511,-28.226254876961,-4.935721875));
#2886=CARTESIAN_POINT('',(-23.8000006556511,-28.226254876961,-7.36072187500001));
#2887=CARTESIAN_POINT('',(-23.8000006556511,-28.226254876961,-4.86072187500001));
#2888=CARTESIAN_POINT('',(-5.20000065565109,-28.226254876961,-7.36072187500001));
#2889=CARTESIAN_POINT('',(-19.1500006556511,-28.226254876961,-7.36072187500001));
#2890=CARTESIAN_POINT('',(-5.20000065565109,-28.226254876961,-4.86072187500001));
#2891=CARTESIAN_POINT('Origin',(-5.20000065565109,-27.190254876961,-4.86072187500001));
#2892=CARTESIAN_POINT('',(-5.20000065565109,-34.0000005066395,-7.36072187500001));
#2893=CARTESIAN_POINT('',(-5.20000065565109,-27.190254876961,-7.36072187500001));
#2894=CARTESIAN_POINT('',(-5.20000065565109,-34.0000005066395,-5.16072187500001));
#2895=CARTESIAN_POINT('',(-5.20000065565108,-34.0000005066395,-7.36072187500001));
#2896=CARTESIAN_POINT('',(-5.20000065565109,-33.7000005066395,-4.86072187500001));
#2897=CARTESIAN_POINT('',(-5.20000065565109,-32.1475640992199,-3.30828546758038));
#2898=CARTESIAN_POINT('',(-5.20000065565109,-22.8451275763162,-4.86072187500001));
#2899=CARTESIAN_POINT('Origin',(-14.5000006556511,-31.8000000447035,-7.36072187500001));
#2900=CARTESIAN_POINT('',(-23.8000006556511,-34.0000005066395,-7.36072187500001));
#2901=CARTESIAN_POINT('',(-23.8000006556511,-36.409745212446,-7.36072187500001));
#2902=CARTESIAN_POINT('',(-31.2500006854534,-34.0000005066395,-7.36072187500001));
#2903=CARTESIAN_POINT('Origin',(-24.5000003650784,-6.50000008940697,-4.86072187500001));
#2904=CARTESIAN_POINT('',(-15.2500002272427,-6.50000008940697,-6.86072187500001));
#2905=CARTESIAN_POINT('',(-24.5000003650784,-6.50000008940697,-7.36072187500001));
#2906=CARTESIAN_POINT('Origin',(-5.50000008195639,-6.50000008940697,-4.86072187500001));
#2907=CARTESIAN_POINT('',(-5.50000065565109,-6.50000008940697,-6.86072187500001));
#2908=CARTESIAN_POINT('',(-23.5000012293458,-6.50000008940697,-6.86072187500001));
#2909=CARTESIAN_POINT('',(-5.75000008568168,-6.50000008940697,-6.86072187500001));
#2910=CARTESIAN_POINT('',(-5.50000008195639,-6.50000008940697,-7.36072187500001));
#2911=CARTESIAN_POINT('',(-5.50000008195639,-6.50000008940697,-4.86072187500001));
#2912=CARTESIAN_POINT('',(-23.5000012293458,-6.50000008940697,-7.36072187500001));
#2913=CARTESIAN_POINT('',(-5.50000008195639,-6.50000008940697,-7.36072187500001));
#2914=CARTESIAN_POINT('',(-23.5000012293458,-6.50000008940697,-4.86072187500001));
#2915=CARTESIAN_POINT('Origin',(4.49999934434891,-4.20000004470348,-7.36072187500001));
#2916=CARTESIAN_POINT('',(-4.50000151246785,-3.00000004470348,-7.36072187500001));
#2917=CARTESIAN_POINT('',(13.5000002011657,-3.00000004470348,-7.36072187500001));
#2918=CARTESIAN_POINT('',(20.2499999403954,-3.00000004470348,-7.36072187500001));
#2919=CARTESIAN_POINT('',(-4.50000151246785,-6.50000009685755,-7.36072187500001));
#2920=CARTESIAN_POINT('',(-4.50000151246785,-6.50000009685755,-7.36072187500001));
#2921=CARTESIAN_POINT('',(13.5000002011657,-6.50000009685755,-7.36072187500001));
#2922=CARTESIAN_POINT('',(13.5000002011657,-6.50000009685755,-7.36072187500001));
#2923=CARTESIAN_POINT('',(13.5000002011657,-1.89999999254942,-7.36072187500001));
#2924=CARTESIAN_POINT('Origin',(13.5000002011657,-6.50000009685755,-4.86072187500001));
#2925=CARTESIAN_POINT('',(13.4999993443489,-6.50000009685755,-6.86072187500001));
#2926=CARTESIAN_POINT('',(-4.50000151246785,-6.50000009685755,-6.86072187500001));
#2927=CARTESIAN_POINT('',(3.75000005587935,-6.50000009685755,-6.86072187500001));
#2928=CARTESIAN_POINT('',(13.5000002011657,-6.50000009685755,-4.86072187500001));
#2929=CARTESIAN_POINT('',(-4.50000151246785,-6.50000009685755,-4.86072187500001));
#2930=CARTESIAN_POINT('Origin',(-14.5000006556511,-4.20000004470348,-7.36072187500001));
#2931=CARTESIAN_POINT('',(-23.5000012293458,-3.00000004470348,-7.36072187500001));
#2932=CARTESIAN_POINT('',(-5.50000008195639,-3.00000004470348,-7.36072187500001));
#2933=CARTESIAN_POINT('',(10.7499999403954,-3.00000004470348,-7.36072187500001));
#2934=CARTESIAN_POINT('',(-23.5000012293458,-6.00000008940697,-7.36072187500001));
#2935=CARTESIAN_POINT('',(-5.50000008195639,-6.00000008940697,-7.36072187500001));
#2936=CARTESIAN_POINT('Origin',(-4.50000151246785,-28.225958048659,-4.86072187500001));
#2937=CARTESIAN_POINT('',(-4.50000151246785,-28.225958048659,-6.86072187500001));
#2938=CARTESIAN_POINT('',(13.5000002011657,-28.225958048659,-6.86072187500001));
#2939=CARTESIAN_POINT('',(-5.25000080093741,-28.225958048659,-6.86072187500001));
#2940=CARTESIAN_POINT('',(-4.50000151246785,-28.225958048659,-7.36072187500001));
#2941=CARTESIAN_POINT('',(-4.50000151246785,-28.225958048659,-4.86072187500001));
#2942=CARTESIAN_POINT('',(13.5000002011657,-28.225958048659,-7.36072187500001));
#2943=CARTESIAN_POINT('',(-4.50000151246785,-28.225958048659,-7.36072187500001));
#2944=CARTESIAN_POINT('',(13.5000002011657,-28.225958048659,-4.86072187500001));
#2945=CARTESIAN_POINT('Origin',(4.49999934434891,-31.8000000447035,-7.36072187500001));
#2946=CARTESIAN_POINT('',(13.5000002011657,-34.0000005066395,-7.36072187500001));
#2947=CARTESIAN_POINT('',(-4.50000151246785,-34.0000005066395,-7.36072187500001));
#2948=CARTESIAN_POINT('',(-21.7500006854534,-34.0000005066395,-7.36072187500001));
#2949=CARTESIAN_POINT('',(13.5000002011657,-28.225958048659,-7.36072187500001));
#2950=CARTESIAN_POINT('',(-4.50000151246785,-35.3740420407479,-7.36072187500001));
#2951=CARTESIAN_POINT('Origin',(-23.8000006556511,-36.409745212446,-4.86072187500001));
#2952=CARTESIAN_POINT('',(-23.8000006556511,-25.0000001601875,-4.86072187500001));
#2953=CARTESIAN_POINT('',(-23.8000006556511,-34.0000005066395,-7.36072187500001));
#2954=CARTESIAN_POINT('Origin',(-33.5000006556511,-4.20000004470348,-7.36072187500001));
#2955=CARTESIAN_POINT('',(1.24999994039535,-3.00000004470348,-7.36072187500001));
#2956=CARTESIAN_POINT('Origin',(-7.87500041164457,-4.35000004470348,-5.01072187500001));
#2957=CARTESIAN_POINT('',(13.5000002011657,-4.20000004470348,-4.86072187500001));
#2958=CARTESIAN_POINT('',(13.4999993443489,-4.50000004470348,-5.16072187500001));
#2959=CARTESIAN_POINT('',(13.5000002011657,-3.70000003166497,-4.36072186196149));
#2960=CARTESIAN_POINT('',(13.7999993443489,-4.20000004470348,-4.86072187500001));
#2961=CARTESIAN_POINT('',(13.7999993443489,-4.20000004470348,-4.86072187500001));
#2962=CARTESIAN_POINT('',(-7.87500041164457,-4.20000004470348,-4.86072187500001));
#2963=CARTESIAN_POINT('Origin',(-7.87500041164457,-4.35000004470348,-5.01072187500001));
#2964=CARTESIAN_POINT('',(-4.50000065565109,-4.50000004470348,-5.16072187500001));
#2965=CARTESIAN_POINT('',(-4.50000151246785,-4.20000004470348,-4.86072187500001));
#2966=CARTESIAN_POINT('',(-4.50000151246785,-4.850000057742,-5.51072188803852));
#2967=CARTESIAN_POINT('',(-4.80000065565109,-4.20000004470348,-4.86072187500001));
#2968=CARTESIAN_POINT('',(-7.87500041164457,-4.20000004470348,-4.86072187500001));
#2969=CARTESIAN_POINT('',(-4.80000065565109,-4.20000004470348,-4.86072187500001));
#2970=CARTESIAN_POINT('Origin',(-24.3500006556511,-11.5000001601875,-5.01072187500001));
#2971=CARTESIAN_POINT('',(-24.2000006556511,-4.20000004470348,-4.86072187500001));
#2972=CARTESIAN_POINT('',(-24.2000006556511,-11.5000001601875,-4.86072187500001));
#2973=CARTESIAN_POINT('',(-24.2000006556511,-4.20000004470348,-4.86072187500001));
#2974=CARTESIAN_POINT('Origin',(-17.3750004116446,-4.35000004470348,-5.01072187500001));
#2975=CARTESIAN_POINT('',(-5.50000008195639,-4.20000004470348,-4.86072187500001));
#2976=CARTESIAN_POINT('',(-5.50000065565109,-4.50000004470348,-5.16072187500001));
#2977=CARTESIAN_POINT('',(-5.50000008195639,-3.82500003352761,-4.48572186382414));
#2978=CARTESIAN_POINT('',(-5.20000065565109,-4.20000004470348,-4.86072187500001));
#2979=CARTESIAN_POINT('',(-5.20000065565109,-4.20000004470348,-4.86072187500001));
#2980=CARTESIAN_POINT('',(-17.3750004116446,-4.20000004470348,-4.86072187500001));
#2981=CARTESIAN_POINT('Origin',(-17.3750004116446,-4.35000004470348,-5.01072187500001));
#2982=CARTESIAN_POINT('',(-23.5000006556511,-4.50000004470348,-5.16072187500001));
#2983=CARTESIAN_POINT('',(-23.5000012293458,-4.20000004470348,-4.86072187500001));
#2984=CARTESIAN_POINT('',(-23.5000012293458,-4.72500005587935,-5.38572188617588));
#2985=CARTESIAN_POINT('',(-23.8000006556511,-4.20000004470348,-4.86072187500001));
#2986=CARTESIAN_POINT('',(-17.3750004116446,-4.20000004470348,-4.86072187500001));
#2987=CARTESIAN_POINT('',(-23.8000006556511,-4.20000004470348,-4.86072187500001));
#2988=CARTESIAN_POINT('Origin',(-4.50000065565109,-31.5000000447035,-6.86072187500001));
#2989=CARTESIAN_POINT('',(-4.50000065565109,-31.5000000447035,-5.16072187500001));
#2990=CARTESIAN_POINT('',(-4.50000065565109,-25.0000001601875,-5.16072187500001));
#2991=CARTESIAN_POINT('',(-4.50000151246785,-31.8000000447035,-4.86072187500001));
#2992=CARTESIAN_POINT('',(-4.50000151246785,-32.6185105437146,-4.0422113759889));
#2993=CARTESIAN_POINT('',(-4.50000151246785,-33.7000005066395,-4.86072187500001));
#2994=CARTESIAN_POINT('',(-4.50000151246785,-26.9370211582097,-4.86072187500001));
#2995=CARTESIAN_POINT('',(-4.50000151246785,-34.0000005066395,-5.16072187500001));
#2996=CARTESIAN_POINT('',(-4.50000151246785,-34.1935108901666,-5.35423225852712));
#2997=CARTESIAN_POINT('',(-4.50000151246785,-34.0000005066395,-7.36072187500001));
#2998=CARTESIAN_POINT('',(-4.50000065565109,-25.0000001601875,-6.86072187500001));
#2999=CARTESIAN_POINT('',(-4.50000151246785,-3.00000004470348,-5.16072187500001));
#3000=CARTESIAN_POINT('',(-4.50000151246785,-3.00000004470348,-7.36072187500001));
#3001=CARTESIAN_POINT('',(-4.50000151246785,-3.30000004470348,-4.86072187500001));
#3002=CARTESIAN_POINT('',(-4.50000151246785,-4.025000057742,-4.13572186196149));
#3003=CARTESIAN_POINT('',(-4.50000151246785,-12.5000001862645,-4.86072187500001));
#3004=CARTESIAN_POINT('Origin',(1.12499958835542,-31.6500000447035,-5.01072187500001));
#3005=CARTESIAN_POINT('',(13.4999993443489,-31.5000000447035,-5.16072187500001));
#3006=CARTESIAN_POINT('',(13.5000002011657,-31.8000000447035,-4.86072187500001));
#3007=CARTESIAN_POINT('',(13.5000002011657,-30.8314895456924,-5.82923237401112));
#3008=CARTESIAN_POINT('',(13.7999993443489,-31.8000000447035,-4.86072187500001));
#3009=CARTESIAN_POINT('',(1.12499958835542,-31.8000000447035,-4.86072187500001));
#3010=CARTESIAN_POINT('',(13.7999993443489,-31.8000000447035,-4.86072187500001));
#3011=CARTESIAN_POINT('Origin',(-23.5000006556511,-31.5000000447035,-6.86072187500001));
#3012=CARTESIAN_POINT('',(-23.5000006556511,-25.0000001601875,-5.16072187500001));
#3013=CARTESIAN_POINT('',(-23.5000006556511,-25.0000001601875,-6.86072187500001));
#3014=CARTESIAN_POINT('',(-23.5000012293458,-3.00000004470348,-5.16072187500001));
#3015=CARTESIAN_POINT('',(-23.5000012293458,-3.00000004470348,-7.36072187500001));
#3016=CARTESIAN_POINT('',(-23.5000012293458,-3.30000004470348,-4.86072187500001));
#3017=CARTESIAN_POINT('',(-23.5000012293458,-3.90000005587935,-4.26072186382414));
#3018=CARTESIAN_POINT('',(-23.5000012293458,-12.2500001825392,-4.86072187500001));
#3019=CARTESIAN_POINT('Origin',(-5.35000065565109,-11.5000001601875,-5.01072187500001));
#3020=CARTESIAN_POINT('',(-5.20000065565109,-11.5000001601875,-4.86072187500001));
#3021=CARTESIAN_POINT('',(-5.50000065565109,-27.190254876961,-5.16072187500001));
#3022=CARTESIAN_POINT('Origin',(-48.0000007152557,-34.0000005066395,-9.86072187500001));
#3023=CARTESIAN_POINT('',(-47.0000007152557,-34.0000005066395,-9.86072187500001));
#3024=CARTESIAN_POINT('',(-47.0000007152557,-34.0000005066395,-9.86072187500001));
#3025=CARTESIAN_POINT('',(14.0000002235174,-34.0000005066395,-9.86072187500001));
#3026=CARTESIAN_POINT('',(15.0000002235174,-34.0000005066395,-9.86072187500001));
#3027=CARTESIAN_POINT('',(14.0000002235174,-34.0000005066395,-5.16072187500001));
#3028=CARTESIAN_POINT('',(14.0000002235174,-34.0000005066395,-9.86072187500001));
#3029=CARTESIAN_POINT('',(13.5000002011657,-34.0000005066395,-5.16072187500001));
#3030=CARTESIAN_POINT('',(-29.6250004414469,-34.0000005066395,-5.16072187500001));
#3031=CARTESIAN_POINT('',(13.5000002011657,-34.0000005066395,-7.36072187500001));
#3032=CARTESIAN_POINT('',(-29.6250004414469,-34.0000005066395,-5.16072187500001));
#3033=CARTESIAN_POINT('Origin',(-29.6250004414469,-33.8500005066395,-5.01072187500001));
#3034=CARTESIAN_POINT('',(13.5000002011657,-33.7000005066395,-4.86072187500001));
#3035=CARTESIAN_POINT('',(13.5000002011657,-32.4064898921444,-3.56721126050489));
#3036=CARTESIAN_POINT('',(14.0000002235174,-33.7000005066395,-4.86072187500001));
#3037=CARTESIAN_POINT('',(14.0000002235174,-34.0000005066395,-5.16072187500001));
#3038=CARTESIAN_POINT('',(-29.6250004414469,-33.7000005066395,-4.86072187500001));
#3039=CARTESIAN_POINT('Origin',(-29.6250004414469,-33.8500005066395,-5.01072187500001));
#3040=CARTESIAN_POINT('',(-29.6250004414469,-33.7000005066395,-4.86072187500001));
#3041=CARTESIAN_POINT('Origin',(36.0000005364418,-3.00000004470348,-9.86072187500001));
#3042=CARTESIAN_POINT('',(13.5000002011657,-3.00000004470348,-5.16072187500001));
#3043=CARTESIAN_POINT('',(13.5000002011657,-3.00000004470348,-7.36072187500001));
#3044=CARTESIAN_POINT('',(25.5000003799796,-3.00000004470348,-5.16072187500001));
#3045=CARTESIAN_POINT('',(12.3750001844019,-3.00000004470348,-5.16072187500001));
#3046=CARTESIAN_POINT('',(25.5000003799796,-3.00000004470348,-2.66072187500001));
#3047=CARTESIAN_POINT('',(25.5000003799796,-3.00000004470348,-6.86072187500001));
#3048=CARTESIAN_POINT('',(29.5000003799796,-3.00000004470348,1.33927812499999));
#3049=CARTESIAN_POINT('',(27.3250004190952,-3.00000004470348,-0.835721835884461));
#3050=CARTESIAN_POINT('',(35.0000005364418,-3.00000004470348,1.33927812499999));
#3051=CARTESIAN_POINT('',(25.5000003799796,-3.00000004470348,1.33927812499999));
#3052=CARTESIAN_POINT('',(35.0000005364418,-3.00000004470348,-9.86072187500001));
#3053=CARTESIAN_POINT('',(35.0000005364418,-3.00000004470348,-9.86072187500001));
#3054=CARTESIAN_POINT('',(-43.0000006556511,-3.00000004470348,-9.86072187500001));
#3055=CARTESIAN_POINT('',(15.0000002235174,-3.00000004470348,-9.86072187500001));
#3056=CARTESIAN_POINT('',(-43.0000006556511,-3.00000004470348,-5.16072187500001));
#3057=CARTESIAN_POINT('',(-43.0000006556511,-3.00000004470348,-9.86072187500001));
#3058=CARTESIAN_POINT('',(12.3750001844019,-3.00000004470348,-5.16072187500001));
#3059=CARTESIAN_POINT('',(12.3750001844019,-3.00000004470348,-5.16072187500001));
#3060=CARTESIAN_POINT('',(-5.50000008195639,-3.00000004470348,-5.16072187500001));
#3061=CARTESIAN_POINT('',(-5.50000008195639,-3.00000004470348,-7.36072187500001));
#3062=CARTESIAN_POINT('',(12.3750001844019,-3.00000004470348,-5.16072187500001));
#3063=CARTESIAN_POINT('Origin',(-26.8750004116446,-4.35000004470348,-5.01072187500001));
#3064=CARTESIAN_POINT('',(-26.8750004116446,-4.20000004470348,-4.86072187500001));
#3065=CARTESIAN_POINT('Origin',(-26.8750004116446,-4.35000004470348,-5.01072187500001));
#3066=CARTESIAN_POINT('',(-42.8000006556511,-4.20000004470348,-4.86072187500001));
#3067=CARTESIAN_POINT('',(-26.8750004116446,-4.20000004470348,-4.86072187500001));
#3068=CARTESIAN_POINT('',(-42.8000006556511,-4.20000004470348,-4.86072187500001));
#3069=CARTESIAN_POINT('Origin',(12.3750001844019,-3.15000004470348,-5.01072187500001));
#3070=CARTESIAN_POINT('',(13.5000002011657,-3.30000004470348,-4.86072187500001));
#3071=CARTESIAN_POINT('',(13.5000002011657,-2.87500003166497,-5.28572188803852));
#3072=CARTESIAN_POINT('',(25.2000003799796,-3.30000004470348,-4.86072187500001));
#3073=CARTESIAN_POINT('',(12.3750001844019,-3.30000004470348,-4.86072187500001));
#3074=CARTESIAN_POINT('',(25.5000003799796,-3.60000004470348,-4.56072187500001));
#3075=CARTESIAN_POINT('',(24.3041670332973,-2.4041666980212,-5.75655522168229));
#3076=CARTESIAN_POINT('',(25.5000003799796,-2.65000004470348,-5.51072187500001));
#3077=CARTESIAN_POINT('Origin',(12.3750001844019,-3.15000004470348,-5.01072187500001));
#3078=CARTESIAN_POINT('',(-43.0000006556511,-3.30000004470348,-4.86072187500001));
#3079=CARTESIAN_POINT('',(-43.0000006556511,-3.00000004470348,-5.16072187500001));
#3080=CARTESIAN_POINT('',(12.3750001844019,-3.30000004470348,-4.86072187500001));
#3081=CARTESIAN_POINT('Origin',(12.3750001844019,-3.15000004470348,-5.01072187500001));
#3082=CARTESIAN_POINT('',(12.3750001844019,-3.30000004470348,-4.86072187500001));
#3083=CARTESIAN_POINT('Origin',(-11.2500001676381,-18.5000002756715,-4.86072187500001));
#3084=CARTESIAN_POINT('',(-42.8000006556511,-25.0000001601875,-4.86072187500001));
#3085=CARTESIAN_POINT('',(-43.7000006556511,-4.00000004470348,-4.86072187500001));
#3086=CARTESIAN_POINT('Origin',(-43.0000006556511,-4.00000004470348,-4.86072187500001));
#3087=CARTESIAN_POINT('',(-43.7000006556511,-22.0000003427267,-4.86072187500001));
#3088=CARTESIAN_POINT('',(-43.7000006556511,-10.7500001601875,-4.86072187500001));
#3089=CARTESIAN_POINT('',(-45.0000006556511,-23.3000003427267,-4.86072187500001));
#3090=CARTESIAN_POINT('Origin',(-45.0000006556511,-22.0000003427267,-4.86072187500001));
#3091=CARTESIAN_POINT('',(-47.0000007152557,-23.3000003427267,-4.86072187500001));
#3092=CARTESIAN_POINT('',(-27.6250004116446,-23.3000003427267,-4.86072187500001));
#3093=CARTESIAN_POINT('',(-47.7000007152557,-24.0000003427267,-4.86072187500001));
#3094=CARTESIAN_POINT('Origin',(-47.0000007152557,-24.0000003427267,-4.86072187500001));
#3095=CARTESIAN_POINT('',(-47.7000007152557,-33.0000005066395,-4.86072187500001));
#3096=CARTESIAN_POINT('',(-47.7000007152557,-20.7500003091991,-4.86072187500001));
#3097=CARTESIAN_POINT('Origin',(-47.0000007152557,-33.0000005066395,-4.86072187500001));
#3098=CARTESIAN_POINT('',(-44.2155216635587,-28.6903830811338,-4.86072187500001));
#3099=CARTESIAN_POINT('Origin',(-45.4155216635587,-28.6903830811338,-4.86072187500001));
#3100=CARTESIAN_POINT('Origin',(-11.2500001676381,-18.5000002756715,-4.86072187500001));
#3101=CARTESIAN_POINT('',(-23.8000006556511,-25.0000001601875,-4.86072187500001));
#3102=CARTESIAN_POINT('Origin',(-11.2500001676381,-18.5000002756715,-4.86072187500001));
#3103=CARTESIAN_POINT('',(13.5000002011657,-10.2000001341105,-4.86072187500001));
#3104=CARTESIAN_POINT('',(13.7999993443489,-11.5000001601875,-4.86072187500001));
#3105=CARTESIAN_POINT('',(13.5000002011657,-23.3629791621653,-4.86072187500001));
#3106=CARTESIAN_POINT('',(14.7000002235174,-33.0000005066395,-4.86072187500001));
#3107=CARTESIAN_POINT('Origin',(14.0000002235174,-33.0000005066395,-4.86072187500001));
#3108=CARTESIAN_POINT('',(14.7000002235174,-15.0000002086163,-4.86072187500001));
#3109=CARTESIAN_POINT('',(14.7000002235174,-26.2500003911555,-4.86072187500001));
#3110=CARTESIAN_POINT('',(16.0000002235174,-13.7000002086163,-4.86072187500001));
#3111=CARTESIAN_POINT('Origin',(16.0000002235174,-15.0000002086163,-4.86072187500001));
#3112=CARTESIAN_POINT('',(25.2000003799796,-13.7000002086163,-4.86072187500001));
#3113=CARTESIAN_POINT('',(1.87500002793968,-13.7000002086163,-4.86072187500001));
#3114=CARTESIAN_POINT('',(25.2000003799796,-10.7500001601875,-4.86072187500001));
#3115=CARTESIAN_POINT('',(21.2000002980232,-9.00000013411045,-4.86072187500001));
#3116=CARTESIAN_POINT('Origin',(20.0000002980232,-9.00000013411045,-4.86072187500001));
#3117=CARTESIAN_POINT('Origin',(-11.2500001676381,-18.5000002756715,-4.86072187500001));
#3118=CARTESIAN_POINT('',(-5.50000008195639,-3.30000004470348,-4.86072187500001));
#3119=CARTESIAN_POINT('',(12.3750001844019,-3.30000004470348,-4.86072187500001));
#3120=CARTESIAN_POINT('',(-5.50000008195639,-10.4500001378357,-4.86072187500001));
#3121=CARTESIAN_POINT('',(-4.80000065565109,-31.8000000447035,-4.86072187500001));
#3122=CARTESIAN_POINT('',(1.12499958835542,-31.8000000447035,-4.86072187500001));
#3123=CARTESIAN_POINT('',(-4.80000065565109,-25.0000001601875,-4.86072187500001));
#3124=CARTESIAN_POINT('Origin',(27.5000003799796,-5.75000008568168,-0.660721875000007));
#3125=CARTESIAN_POINT('',(25.5000003799796,-14.0000002086163,-2.66072187500001));
#3126=CARTESIAN_POINT('',(29.5000003799796,-14.0000002086163,1.33927812499999));
#3127=CARTESIAN_POINT('',(22.0750003408641,-14.0000002086163,-6.08572191411556));
#3128=CARTESIAN_POINT('',(29.5000003799796,-5.75000008568168,1.33927812499999));
#3129=CARTESIAN_POINT('',(25.5000003799796,-5.75000008568168,-2.66072187500001));
#3130=CARTESIAN_POINT('Origin',(25.5000003799796,-3.00000004470348,-6.86072187500001));
#3131=CARTESIAN_POINT('',(25.5000003799796,-13.4000002086163,-4.56072187500001));
#3132=CARTESIAN_POINT('',(25.5000003799796,-10.7500001601875,-4.56072187500001));
#3133=CARTESIAN_POINT('',(25.5000003799796,-14.0000002086163,-5.16072187500001));
#3134=CARTESIAN_POINT('',(25.5000003799796,-11.6000001676381,-2.76072183402181));
#3135=CARTESIAN_POINT('',(25.5000003799796,-14.0000002086163,-6.86072187500001));
#3136=CARTESIAN_POINT('Origin',(25.3500003799796,-10.7500001601875,-4.71072187500001));
#3137=CARTESIAN_POINT('',(21.8041669960445,-17.0958335925514,-8.25655525893519));
#3138=CARTESIAN_POINT('Origin',(12.3750001844019,-3.15000004470348,-5.01072187500001));
#3139=CARTESIAN_POINT('',(-5.50000008195639,-3.00000003352761,-5.16072188617588));
#3140=CARTESIAN_POINT('Origin',(-43.0000006556511,-4.00000004470348,-5.01072187500001));
#3141=CARTESIAN_POINT('',(-44.0000006556511,-4.00000004470348,-5.16072187500001));
#3142=CARTESIAN_POINT('',(-44.0000006556511,-4.00000004470348,-5.16072187500001));
#3143=CARTESIAN_POINT('Origin',(-43.0000006556511,-4.00000004470348,-5.16072187500001));
#3144=CARTESIAN_POINT('Origin',(-43.8500006556511,-10.7500001601875,-5.01072187500001));
#3145=CARTESIAN_POINT('',(-44.0000006556511,-22.0000003427267,-5.16072187500001));
#3146=CARTESIAN_POINT('',(-44.0000006556511,-22.0000003427267,-5.16072187500001));
#3147=CARTESIAN_POINT('',(-44.0000006556511,-10.7500001601875,-5.16072187500001));
#3148=CARTESIAN_POINT('Origin',(-45.0000006556511,-22.0000003427267,-5.01072187500001));
#3149=CARTESIAN_POINT('',(-45.0000006556511,-23.0000003427267,-5.16072187500001));
#3150=CARTESIAN_POINT('',(-45.0000006556511,-23.0000003427267,-5.16072187500001));
#3151=CARTESIAN_POINT('Origin',(-45.0000006556511,-22.0000003427267,-5.16072187500001));
#3152=CARTESIAN_POINT('Origin',(-27.6250004116446,-23.1500003427267,-5.01072187500001));
#3153=CARTESIAN_POINT('',(-47.0000007152557,-23.0000003427267,-5.16072187500001));
#3154=CARTESIAN_POINT('',(-47.0000007152557,-23.0000003427267,-5.16072187500001));
#3155=CARTESIAN_POINT('',(-27.6250004116446,-23.0000003427267,-5.16072187500001));
#3156=CARTESIAN_POINT('Origin',(-47.0000007152557,-24.0000003427267,-5.01072187500001));
#3157=CARTESIAN_POINT('',(-48.0000007152557,-24.0000003427267,-5.16072187500001));
#3158=CARTESIAN_POINT('',(-48.0000007152557,-24.0000003427267,-5.16072187500001));
#3159=CARTESIAN_POINT('Origin',(-47.0000007152557,-24.0000003427267,-5.16072187500001));
#3160=CARTESIAN_POINT('Origin',(-47.8500007152557,-20.7500003091991,-5.01072187500001));
#3161=CARTESIAN_POINT('',(-48.0000007152557,-33.0000005066395,-5.16072187500001));
#3162=CARTESIAN_POINT('',(-48.0000007152557,-33.0000005066395,-5.16072187500001));
#3163=CARTESIAN_POINT('',(-48.0000007152557,-20.7500003091991,-5.16072187500001));
#3164=CARTESIAN_POINT('Origin',(-47.0000007152557,-33.0000005066395,-5.01072187500001));
#3165=CARTESIAN_POINT('Origin',(-47.0000007152557,-33.0000005066395,-5.16072187500001));
#3166=CARTESIAN_POINT('Origin',(14.0000002235174,-33.0000005066395,-5.01072187500001));
#3167=CARTESIAN_POINT('',(15.0000002235174,-33.0000005066395,-5.16072187500001));
#3168=CARTESIAN_POINT('',(15.0000002235174,-33.0000005066395,-5.16072187500001));
#3169=CARTESIAN_POINT('Origin',(14.0000002235174,-33.0000005066395,-5.16072187500001));
#3170=CARTESIAN_POINT('Origin',(14.8500002235174,-26.2500003911555,-5.01072187500001));
#3171=CARTESIAN_POINT('',(15.0000002235174,-15.0000002086163,-5.16072187500001));
#3172=CARTESIAN_POINT('',(15.0000002235174,-15.0000002086163,-5.16072187500001));
#3173=CARTESIAN_POINT('',(15.0000002235174,-26.2500003911555,-5.16072187500001));
#3174=CARTESIAN_POINT('Origin',(16.0000002235174,-15.0000002086163,-5.01072187500001));
#3175=CARTESIAN_POINT('',(16.0000002235174,-14.0000002086163,-5.16072187500001));
#3176=CARTESIAN_POINT('',(16.0000002235174,-14.0000002086163,-5.16072187500001));
#3177=CARTESIAN_POINT('Origin',(16.0000002235174,-15.0000002086163,-5.16072187500001));
#3178=CARTESIAN_POINT('Origin',(1.87500002793968,-13.8500002086163,-5.01072187500001));
#3179=CARTESIAN_POINT('',(1.87500002793968,-14.0000002086163,-5.16072187500001));
#3180=CARTESIAN_POINT('Origin',(15.0000002235174,-14.0000002086163,-9.86072187500001));
#3181=CARTESIAN_POINT('',(16.0000002235174,-14.0000002086163,-9.86072187500001));
#3182=CARTESIAN_POINT('',(16.0000002235174,-14.0000002086163,-9.86072187500001));
#3183=CARTESIAN_POINT('',(35.0000005364418,-14.0000002086163,-9.86072187500001));
#3184=CARTESIAN_POINT('',(36.0000005364418,-14.0000002086163,-9.86072187500001));
#3185=CARTESIAN_POINT('',(35.0000005364418,-14.0000002086163,1.33927812499999));
#3186=CARTESIAN_POINT('',(35.0000005364418,-14.0000002086163,-9.86072187500001));
#3187=CARTESIAN_POINT('',(36.5000005438924,-14.0000002086163,1.33927812499999));
#3188=CARTESIAN_POINT('Origin',(16.0000002235174,-15.0000002086163,-9.86072187500001));
#3189=CARTESIAN_POINT('',(15.0000002235174,-15.0000002086163,-9.86072187500001));
#3190=CARTESIAN_POINT('',(15.0000002235174,-15.0000002086163,-9.86072187500001));
#3191=CARTESIAN_POINT('Origin',(16.0000002235174,-15.0000002086163,-9.86072187500001));
#3192=CARTESIAN_POINT('Origin',(15.0000002235174,-34.0000005066395,-9.86072187500001));
#3193=CARTESIAN_POINT('',(15.0000002235174,-33.0000005066395,-9.86072187500001));
#3194=CARTESIAN_POINT('',(15.0000002235174,-33.0000005066395,-9.86072187500001));
#3195=CARTESIAN_POINT('',(15.0000002235174,-23.0000003427267,-9.86072187500001));
#3196=CARTESIAN_POINT('Origin',(14.0000002235174,-33.0000005066395,-9.86072187500001));
#3197=CARTESIAN_POINT('Origin',(14.0000002235174,-33.0000005066395,-9.86072187500001));
#3198=CARTESIAN_POINT('Origin',(-47.0000007152557,-33.0000005066395,-9.86072187500001));
#3199=CARTESIAN_POINT('',(-48.0000007152557,-33.0000005066395,-9.86072187500001));
#3200=CARTESIAN_POINT('',(-48.0000007152557,-33.0000005066395,-9.86072187500001));
#3201=CARTESIAN_POINT('Origin',(-47.0000007152557,-33.0000005066395,-9.86072187500001));
#3202=CARTESIAN_POINT('Origin',(-48.0000007152557,-23.0000003427267,-9.86072187500001));
#3203=CARTESIAN_POINT('',(-48.0000007152557,-24.0000003427267,-9.86072187500001));
#3204=CARTESIAN_POINT('',(-48.0000007152557,-24.0000003427267,-9.86072187500001));
#3205=CARTESIAN_POINT('',(-48.0000007152557,-34.0000005066395,-9.86072187500001));
#3206=CARTESIAN_POINT('Origin',(-47.0000007152557,-24.0000003427267,-9.86072187500001));
#3207=CARTESIAN_POINT('',(-47.0000007152557,-23.0000003427267,-9.86072187500001));
#3208=CARTESIAN_POINT('',(-47.0000007152557,-23.0000003427267,-9.86072187500001));
#3209=CARTESIAN_POINT('Origin',(-47.0000007152557,-24.0000003427267,-9.86072187500001));
#3210=CARTESIAN_POINT('Origin',(-44.0000006556511,-23.0000003427267,-9.86072187500001));
#3211=CARTESIAN_POINT('',(-45.0000006556511,-23.0000003427267,-9.86072187500001));
#3212=CARTESIAN_POINT('',(-45.0000006556511,-23.0000003427267,-9.86072187500001));
#3213=CARTESIAN_POINT('',(-48.0000007152557,-23.0000003427267,-9.86072187500001));
#3214=CARTESIAN_POINT('Origin',(-45.0000006556511,-22.0000003427267,-9.86072187500001));
#3215=CARTESIAN_POINT('',(-44.0000006556511,-22.0000003427267,-9.86072187500001));
#3216=CARTESIAN_POINT('',(-44.0000006556511,-22.0000003427267,-9.86072187500001));
#3217=CARTESIAN_POINT('Origin',(-45.0000006556511,-22.0000003427267,-9.86072187500001));
#3218=CARTESIAN_POINT('Origin',(-44.0000006556511,-3.00000004470348,-9.86072187500001));
#3219=CARTESIAN_POINT('',(-44.0000006556511,-4.00000004470348,-9.86072187500001));
#3220=CARTESIAN_POINT('',(-44.0000006556511,-4.00000004470348,-9.86072187500001));
#3221=CARTESIAN_POINT('',(-44.0000006556511,-23.0000003427267,-9.86072187500001));
#3222=CARTESIAN_POINT('Origin',(-43.0000006556511,-4.00000004470348,-9.86072187500001));
#3223=CARTESIAN_POINT('Origin',(-43.0000006556511,-4.00000004470348,-9.86072187500001));
#3224=CARTESIAN_POINT('Origin',(-23.6500006556511,-25.0000001601875,-5.01072187500001));
#3225=CARTESIAN_POINT('Origin',(-45.4155216635587,-28.6903830811338,-5.01072187500001));
#3226=CARTESIAN_POINT('',(-44.5155216635587,-28.6903830811338,-5.16072187500001));
#3227=CARTESIAN_POINT('',(-44.3655216635587,-28.6903830811338,-5.01072187500001));
#3228=CARTESIAN_POINT('Origin',(-45.4155216635587,-28.6903830811338,-5.16072187500001));
#3229=CARTESIAN_POINT('Origin',(-45.4155216635587,-28.6903830811338,-9.86072187500001));
#3230=CARTESIAN_POINT('',(-44.5155216635587,-28.6903830811338,-9.86072187500001));
#3231=CARTESIAN_POINT('',(-44.5155216635587,-28.6903830811338,-9.86072187500001));
#3232=CARTESIAN_POINT('Origin',(-45.4155216635587,-28.6903830811338,-9.86072187500001));
#3233=CARTESIAN_POINT('Origin',(-4.65000065565109,-25.0000001601875,-5.01072187500001));
#3234=CARTESIAN_POINT('',(-4.80000065565109,-31.8000000447035,-4.86072187500001));
#3235=CARTESIAN_POINT('Origin',(1.12499958835542,-31.6500000447035,-5.01072187500001));
#3236=CARTESIAN_POINT('Origin',(13.6499993443489,-11.5000001601875,-5.01072187500001));
#3237=CARTESIAN_POINT('',(13.4999993443489,-11.5000001601875,-5.16072187500001));
#3238=CARTESIAN_POINT('Origin',(-42.6500006556511,-25.0000001601875,-5.01072187500001));
#3239=CARTESIAN_POINT('Origin',(20.0000002980232,-9.00000013411045,-5.01072187500001));
#3240=CARTESIAN_POINT('',(20.9000002980232,-9.00000013411045,-5.16072187500001));
#3241=CARTESIAN_POINT('',(21.0500002980232,-9.00000013411045,-5.01072187500001));
#3242=CARTESIAN_POINT('Origin',(20.0000002980232,-9.00000013411045,-5.16072187500001));
#3243=CARTESIAN_POINT('Origin',(20.0000002980232,-9.00000013411045,-4.86072187500001));
#3244=CARTESIAN_POINT('',(20.9000002980232,-9.00000013411045,-7.86072187500001));
#3245=CARTESIAN_POINT('',(20.9000002980232,-9.00000013411045,-4.86072187500001));
#3246=CARTESIAN_POINT('Origin',(20.0000002980232,-9.00000013411045,-7.86072187500001));
#3247=CARTESIAN_POINT('Origin',(20.0000002980232,-9.00000013411045,-7.86072187500001));
#3248=CARTESIAN_POINT('Origin',(-5.50000065565109,-4.50000004470348,-6.86072187500001));
#3249=CARTESIAN_POINT('',(-5.50000065565109,-11.5000001601875,-6.86072187500001));
#3250=CARTESIAN_POINT('Origin',(13.4999993443489,-4.50000004470348,-6.86072187500001));
#3251=CARTESIAN_POINT('',(13.4999993443489,-11.5000001601875,-6.86072187500001));
#3252=CARTESIAN_POINT('Origin',(-6.00000008940697,-18.5000002756715,-6.86072187500001));
#3253=CARTESIAN_POINT('Origin',(-6.00000008940697,-18.5000002756715,-6.86072187500001));
#3254=CARTESIAN_POINT('Origin',(30.7500004582107,-8.50000012665987,1.33927812499999));
#3255=CARTESIAN_POINT('',(36.0000005364418,-13.0000002086163,1.33927812499999));
#3256=CARTESIAN_POINT('Origin',(35.0000005364418,-13.0000002086162,1.33927812499999));
#3257=CARTESIAN_POINT('',(36.0000005364418,-4.00000004470348,1.33927812499999));
#3258=CARTESIAN_POINT('',(36.0000005364418,-13.0000002086163,1.33927812499999));
#3259=CARTESIAN_POINT('Origin',(35.0000005364418,-4.00000004470349,1.33927812499999));
#3260=CARTESIAN_POINT('Origin',(-6.00000008940697,-18.5000002756715,-6.86072187500001));
#3261=CARTESIAN_POINT('Origin',(35.0000005364418,-4.00000004470348,-9.86072187500001));
#3262=CARTESIAN_POINT('',(36.0000005364418,-4.00000004470348,-9.86072187500001));
#3263=CARTESIAN_POINT('',(36.0000005364418,-4.00000004470348,-9.86072187500001));
#3264=CARTESIAN_POINT('Origin',(35.0000005364418,-4.00000004470348,-9.86072187500001));
#3265=CARTESIAN_POINT('Origin',(36.0000005364418,-14.0000002086163,-9.86072187500001));
#3266=CARTESIAN_POINT('',(36.0000005364418,-13.0000002086163,-9.86072187500001));
#3267=CARTESIAN_POINT('',(36.0000005364418,-13.0000002086163,-9.86072187500001));
#3268=CARTESIAN_POINT('',(36.0000005364418,-3.00000004470348,-9.86072187500001));
#3269=CARTESIAN_POINT('Origin',(35.0000005364418,-13.0000002086163,-9.86072187500001));
#3270=CARTESIAN_POINT('Origin',(35.0000005364418,-13.0000002086163,-9.86072187500001));
#3271=CARTESIAN_POINT('Origin',(-3.90002166355865,-11.8628830811338,-9.86072187500001));
#3272=CARTESIAN_POINT('',(-3.90002166355865,-11.8628830811338,-9.86072187500001));
#3273=CARTESIAN_POINT('',(-3.90002166355865,-24.5628830811338,-9.86072187500001));
#3274=CARTESIAN_POINT('',(-3.90002166355865,-15.1814416784026,-9.86072187500001));
#3275=CARTESIAN_POINT('',(-3.90002166355865,-11.8628830811338,-7.86072187500001));
#3276=CARTESIAN_POINT('',(-3.90002166355865,-11.8628830811338,-9.86072187500001));
#3277=CARTESIAN_POINT('',(-3.90002166355865,-24.5628830811338,-7.86072187500001));
#3278=CARTESIAN_POINT('',(-3.90002166355865,-11.8628830811338,-7.86072187500001));
#3279=CARTESIAN_POINT('',(-3.90002166355865,-24.5628830811338,-9.86072187500001));
#3280=CARTESIAN_POINT('Origin',(-2.40002166355865,-11.8628830811338,-9.86072187500001));
#3281=CARTESIAN_POINT('',(-0.900021663558647,-11.8628830811338,-9.86072187500001));
#3282=CARTESIAN_POINT('Origin',(-2.40002166355865,-11.8628830811338,-9.86072187500001));
#3283=CARTESIAN_POINT('',(-0.900021663558647,-11.8628830811338,-7.86072187500001));
#3284=CARTESIAN_POINT('',(-0.900021663558647,-11.8628830811338,-9.86072187500001));
#3285=CARTESIAN_POINT('Origin',(-2.40002166355865,-11.8628830811338,-7.86072187500001));
#3286=CARTESIAN_POINT('Origin',(-0.900021663558647,-24.5628830811338,-9.86072187500001));
#3287=CARTESIAN_POINT('',(-0.900021663558647,-24.5628830811338,-9.86072187500001));
#3288=CARTESIAN_POINT('',(-0.900021663558647,-21.5314416784027,-9.86072187500001));
#3289=CARTESIAN_POINT('',(-0.900021663558647,-24.5628830811338,-7.86072187500001));
#3290=CARTESIAN_POINT('',(-0.900021663558647,-24.5628830811338,-9.86072187500001));
#3291=CARTESIAN_POINT('',(-0.900021663558647,-24.5628830811338,-7.86072187500001));
#3292=CARTESIAN_POINT('Origin',(-2.40002166355865,-24.5628830811338,-9.86072187500001));
#3293=CARTESIAN_POINT('Origin',(-2.40002166355865,-24.5628830811338,-9.86072187500001));
#3294=CARTESIAN_POINT('Origin',(-2.40002166355865,-24.5628830811338,-7.86072187500001));
#3295=CARTESIAN_POINT('Origin',(-2.40002166355865,-18.2128830811338,-7.86072187500001));
#3296=CARTESIAN_POINT('Origin',(12.6635383364413,-30.0478830811338,-9.86072187500001));
#3297=CARTESIAN_POINT('',(12.6635383364413,-30.0478830811338,-9.86072187500001));
#3298=CARTESIAN_POINT('',(-40.6764616635587,-30.0478830811338,-9.86072187500001));
#3299=CARTESIAN_POINT('',(3.33176912351718,-30.0478830811338,-9.86072187500001));
#3300=CARTESIAN_POINT('',(12.6635383364413,-30.0478830811338,-7.86072187500001));
#3301=CARTESIAN_POINT('',(12.6635383364413,-30.0478830811338,-9.86072187500001));
#3302=CARTESIAN_POINT('',(-40.6764616635587,-30.0478830811338,-7.86072187500001));
#3303=CARTESIAN_POINT('',(12.6635383364413,-30.0478830811338,-7.86072187500001));
#3304=CARTESIAN_POINT('',(-40.6764616635587,-30.0478830811338,-9.86072187500001));
#3305=CARTESIAN_POINT('Origin',(12.6635383364413,-31.5478830811338,-9.86072187500001));
#3306=CARTESIAN_POINT('',(12.6635383364413,-33.0478830811338,-9.86072187500001));
#3307=CARTESIAN_POINT('Origin',(12.6635383364413,-31.5478830811338,-9.86072187500001));
#3308=CARTESIAN_POINT('',(12.6635383364413,-33.0478830811338,-7.86072187500001));
#3309=CARTESIAN_POINT('',(12.6635383364413,-33.0478830811338,-9.86072187500001));
#3310=CARTESIAN_POINT('Origin',(12.6635383364413,-31.5478830811338,-7.86072187500001));
#3311=CARTESIAN_POINT('Origin',(-40.6764616635587,-33.0478830811338,-9.86072187500001));
#3312=CARTESIAN_POINT('',(-40.6764616635587,-33.0478830811338,-9.86072187500001));
#3313=CARTESIAN_POINT('',(-23.3382308764828,-33.0478830811338,-9.86072187500001));
#3314=CARTESIAN_POINT('',(-40.6764616635587,-33.0478830811338,-7.86072187500001));
#3315=CARTESIAN_POINT('',(-40.6764616635587,-33.0478830811338,-9.86072187500001));
#3316=CARTESIAN_POINT('',(-40.6764616635587,-33.0478830811338,-7.86072187500001));
#3317=CARTESIAN_POINT('Origin',(-40.6764616635587,-31.5478830811338,-9.86072187500001));
#3318=CARTESIAN_POINT('Origin',(-40.6764616635587,-31.5478830811338,-9.86072187500001));
#3319=CARTESIAN_POINT('Origin',(-40.6764616635587,-31.5478830811338,-7.86072187500001));
#3320=CARTESIAN_POINT('Origin',(-14.0064616635587,-31.5478830811338,-7.86072187500001));
#3321=CARTESIAN_POINT('Origin',(9.29279933644132,-21.8973830811338,-9.86072187500001));
#3322=CARTESIAN_POINT('',(9.29279933644132,-21.8973830811338,-9.86072187500001));
#3323=CARTESIAN_POINT('',(9.29279933644132,-24.3973830811338,-9.86072187500001));
#3324=CARTESIAN_POINT('',(9.29279933644132,-20.1986916784027,-9.86072187500001));
#3325=CARTESIAN_POINT('',(9.29279933644132,-21.8973830811338,-7.86072187500001));
#3326=CARTESIAN_POINT('',(9.29279933644132,-21.8973830811338,-9.86072187500001));
#3327=CARTESIAN_POINT('',(9.29279933644132,-24.3973830811338,-7.86072187500001));
#3328=CARTESIAN_POINT('',(9.29279933644132,-21.8973830811338,-7.86072187500001));
#3329=CARTESIAN_POINT('',(9.29279933644132,-24.3973830811338,-9.86072187500001));
#3330=CARTESIAN_POINT('Origin',(10.7927993364413,-21.8973830811338,-9.86072187500001));
#3331=CARTESIAN_POINT('',(12.2927993364413,-21.8973830811338,-9.86072187500001));
#3332=CARTESIAN_POINT('Origin',(10.7927993364413,-21.8973830811338,-9.86072187500001));
#3333=CARTESIAN_POINT('',(12.2927993364413,-21.8973830811338,-7.86072187500001));
#3334=CARTESIAN_POINT('',(12.2927993364413,-21.8973830811338,-9.86072187500001));
#3335=CARTESIAN_POINT('Origin',(10.7927993364413,-21.8973830811338,-7.86072187500001));
#3336=CARTESIAN_POINT('Origin',(12.2927993364413,-24.3973830811338,-9.86072187500001));
#3337=CARTESIAN_POINT('',(12.2927993364413,-24.3973830811338,-9.86072187500001));
#3338=CARTESIAN_POINT('',(12.2927993364413,-21.4486916784027,-9.86072187500001));
#3339=CARTESIAN_POINT('',(12.2927993364413,-24.3973830811338,-7.86072187500001));
#3340=CARTESIAN_POINT('',(12.2927993364413,-24.3973830811338,-9.86072187500001));
#3341=CARTESIAN_POINT('',(12.2927993364413,-24.3973830811338,-7.86072187500001));
#3342=CARTESIAN_POINT('Origin',(10.7927993364413,-24.3973830811338,-9.86072187500001));
#3343=CARTESIAN_POINT('Origin',(10.7927993364413,-24.3973830811338,-9.86072187500001));
#3344=CARTESIAN_POINT('Origin',(10.7927993364413,-24.3973830811338,-7.86072187500001));
#3345=CARTESIAN_POINT('Origin',(10.7927993364413,-23.1473830811338,-7.86072187500001));
#3346=CARTESIAN_POINT('Origin',(12.6607148441,-4.64420308470405,-9.86072187500001));
#3347=CARTESIAN_POINT('',(12.6607148441,-4.64420308470405,-9.86072187500001));
#3348=CARTESIAN_POINT('',(-40.6765651782517,-4.64788308470557,-9.86072187500001));
#3349=CARTESIAN_POINT('',(3.3298794321322,-4.64484686470775,-9.86072187500001));
#3350=CARTESIAN_POINT('',(12.6607148441,-4.64420308470405,-7.86072187500001));
#3351=CARTESIAN_POINT('',(12.6607148441,-4.64420308470405,-9.86072187500001));
#3352=CARTESIAN_POINT('',(-40.6765651782517,-4.64788308470557,-7.86072187500001));
#3353=CARTESIAN_POINT('',(12.6607148441,-4.64420308470405,-7.86072187500001));
#3354=CARTESIAN_POINT('',(-40.6765651782517,-4.64788308470557,-9.86072187500001));
#3355=CARTESIAN_POINT('Origin',(12.6608183364413,-6.14420308113383,-9.86072187500001));
#3356=CARTESIAN_POINT('',(12.6609218064309,-7.64420307756515,-9.86072187500001));
#3357=CARTESIAN_POINT('Origin',(12.6608183364413,-6.14420308113383,-9.86072187500001));
#3358=CARTESIAN_POINT('',(12.6609218064309,-7.64420307756515,-7.86072187500001));
#3359=CARTESIAN_POINT('',(12.6609218064309,-7.64420307756515,-9.86072187500001));
#3360=CARTESIAN_POINT('Origin',(12.6608183364413,-6.14420308113383,-7.86072187500001));
#3361=CARTESIAN_POINT('Origin',(-40.6763581712173,-7.64788307756359,-9.86072187500001));
#3362=CARTESIAN_POINT('',(-40.6763581712173,-7.64788307756359,-9.86072187500001));
#3363=CARTESIAN_POINT('',(-23.3385535831852,-7.6466868575673,-9.86072187500001));
#3364=CARTESIAN_POINT('',(-40.6763581712173,-7.64788307756359,-7.86072187500001));
#3365=CARTESIAN_POINT('',(-40.6763581712173,-7.64788307756359,-9.86072187500001));
#3366=CARTESIAN_POINT('',(-40.6763581712173,-7.64788307756359,-7.86072187500001));
#3367=CARTESIAN_POINT('Origin',(-40.6764616635587,-6.14788308113381,-9.86072187500001));
#3368=CARTESIAN_POINT('Origin',(-40.6764616635587,-6.14788308113381,-9.86072187500001));
#3369=CARTESIAN_POINT('Origin',(-40.6764616635587,-6.14788308113381,-7.86072187500001));
#3370=CARTESIAN_POINT('Origin',(-14.0078216635587,-6.14604308113382,-7.86072187500001));
#3371=CARTESIAN_POINT('Origin',(35.1527993364413,-9.13738308113382,-9.86072187500001));
#3372=CARTESIAN_POINT('',(35.1527993364413,-9.13738308113382,-9.86072187500001));
#3373=CARTESIAN_POINT('',(35.1527993364413,-6.63738308113382,-9.86072187500001));
#3374=CARTESIAN_POINT('',(35.1527993364413,-13.8186916784027,-9.86072187500001));
#3375=CARTESIAN_POINT('',(35.1527993364413,-9.13738308113382,-7.86072187500001));
#3376=CARTESIAN_POINT('',(35.1527993364413,-9.13738308113382,-9.86072187500001));
#3377=CARTESIAN_POINT('',(35.1527993364413,-6.63738308113382,-7.86072187500001));
#3378=CARTESIAN_POINT('',(35.1527993364413,-9.13738308113382,-7.86072187500001));
#3379=CARTESIAN_POINT('',(35.1527993364413,-6.63738308113382,-9.86072187500001));
#3380=CARTESIAN_POINT('Origin',(33.6527993364413,-9.13738308113382,-9.86072187500001));
#3381=CARTESIAN_POINT('',(32.1527993364413,-9.13738308113382,-9.86072187500001));
#3382=CARTESIAN_POINT('Origin',(33.6527993364413,-9.13738308113382,-9.86072187500001));
#3383=CARTESIAN_POINT('',(32.1527993364413,-9.13738308113382,-7.86072187500001));
#3384=CARTESIAN_POINT('',(32.1527993364413,-9.13738308113382,-9.86072187500001));
#3385=CARTESIAN_POINT('Origin',(33.6527993364413,-9.13738308113382,-7.86072187500001));
#3386=CARTESIAN_POINT('Origin',(32.1527993364413,-6.63738308113382,-9.86072187500001));
#3387=CARTESIAN_POINT('',(32.1527993364413,-6.63738308113382,-9.86072187500001));
#3388=CARTESIAN_POINT('',(32.1527993364413,-12.5686916784027,-9.86072187500001));
#3389=CARTESIAN_POINT('',(32.1527993364413,-6.63738308113382,-7.86072187500001));
#3390=CARTESIAN_POINT('',(32.1527993364413,-6.63738308113382,-9.86072187500001));
#3391=CARTESIAN_POINT('',(32.1527993364413,-6.63738308113382,-7.86072187500001));
#3392=CARTESIAN_POINT('Origin',(33.6527993364413,-6.63738308113382,-9.86072187500001));
#3393=CARTESIAN_POINT('Origin',(33.6527993364413,-6.63738308113382,-9.86072187500001));
#3394=CARTESIAN_POINT('Origin',(33.6527993364413,-6.63738308113382,-7.86072187500001));
#3395=CARTESIAN_POINT('Origin',(33.6527993364413,-7.88738308113382,-7.86072187500001));
#3396=CARTESIAN_POINT('Origin',(-6.00000008940697,-18.5000002756715,-9.86072187500001));
#3397=UNCERTAINTY_MEASURE_WITH_UNIT(LENGTH_MEASURE(0.01),#3401,
'DISTANCE_ACCURACY_VALUE',
'Maximum model space distance between geometric entities at asserted c
onnectivities');
#3398=UNCERTAINTY_MEASURE_WITH_UNIT(LENGTH_MEASURE(0.01),#3401,
'DISTANCE_ACCURACY_VALUE',
'Maximum model space distance between geometric entities at asserted c
onnectivities');
#3399=(
GEOMETRIC_REPRESENTATION_CONTEXT(3)
GLOBAL_UNCERTAINTY_ASSIGNED_CONTEXT((#3397))
GLOBAL_UNIT_ASSIGNED_CONTEXT((#3401,#3403,#3404))
REPRESENTATION_CONTEXT('','3D')
);
#3400=(
GEOMETRIC_REPRESENTATION_CONTEXT(3)
GLOBAL_UNCERTAINTY_ASSIGNED_CONTEXT((#3398))
GLOBAL_UNIT_ASSIGNED_CONTEXT((#3401,#3403,#3404))
REPRESENTATION_CONTEXT('','3D')
);
#3401=(
LENGTH_UNIT()
NAMED_UNIT(*)
SI_UNIT(.MILLI.,.METRE.)
);
#3402=(
LENGTH_UNIT()
NAMED_UNIT(*)
SI_UNIT($,.METRE.)
);
#3403=(
NAMED_UNIT(*)
PLANE_ANGLE_UNIT()
SI_UNIT($,.RADIAN.)
);
#3404=(
NAMED_UNIT(*)
SI_UNIT($,.STERADIAN.)
SOLID_ANGLE_UNIT()
);
#3405=SHAPE_DEFINITION_REPRESENTATION(#3406,#3407);
#3406=PRODUCT_DEFINITION_SHAPE('',$,#3409);
#3407=SHAPE_REPRESENTATION('',(#2083),#3399);
#3408=PRODUCT_DEFINITION_CONTEXT('part definition',#3413,'design');
#3409=PRODUCT_DEFINITION('2026-08-13-17-49-09-210','TPS Holder Bottom',
#3410,#3408);
#3410=PRODUCT_DEFINITION_FORMATION('',$,#3415);
#3411=PRODUCT_RELATED_PRODUCT_CATEGORY('TPS Holder Bottom',
'TPS Holder Bottom',(#3415));
#3412=APPLICATION_PROTOCOL_DEFINITION('international standard',
'automotive_design',2009,#3413);
#3413=APPLICATION_CONTEXT(
'Core Data for Automotive Mechanical Design Process');
#3414=PRODUCT_CONTEXT('part definition',#3413,'mechanical');
#3415=PRODUCT('2026-08-13-17-49-09-210','TPS Holder Bottom',$,(#3414));
#3416=PRESENTATION_STYLE_ASSIGNMENT((#3417));
#3417=SURFACE_STYLE_USAGE(.BOTH.,#3418);
#3418=SURFACE_SIDE_STYLE('',(#3419));
#3419=SURFACE_STYLE_FILL_AREA(#3420);
#3420=FILL_AREA_STYLE('Steel - Satin',(#3421));
#3421=FILL_AREA_STYLE_COLOUR('Steel - Satin',#3422);
#3422=COLOUR_RGB('Steel - Satin',0.627450980392157,0.627450980392157,0.627450980392157);
ENDSEC;
END-ISO-10303-21;
